1758349552,254757080,camera_color_optical_frame,
1758349552,354818848,camera_color_optical_frame,
1758349552,521588135,camera_color_optical_frame,
1758349552,621647949,camera_color_optical_frame,
1758349552,655001709,camera_color_optical_frame,
1758349552,688354492,camera_color_optical_frame,
1758349552,821768555,camera_color_optical_frame,
1758349552,921841064,camera_color_optical_frame,
1758349552,955197754,camera_color_optical_frame,
1758349553,121983154,camera_color_optical_frame,
1758349553,155339355,camera_color_optical_frame,
1758349553,188696777,camera_color_optical_frame,
1758349553,222052979,camera_color_optical_frame,
1758349553,255409912,camera_color_optical_frame,
1758349553,288766113,camera_color_optical_frame,
1758349553,322123047,camera_color_optical_frame,
1758349553,355479004,camera_color_optical_frame,
1758349553,388835938,camera_color_optical_frame,
1758349553,422191895,camera_color_optical_frame,
1758349553,455548584,camera_color_optical_frame,
1758349553,555616455,camera_color_optical_frame,
1758349553,588973145,camera_color_optical_frame,
1758349553,622328613,camera_color_optical_frame,
1758349553,655685059,camera_color_optical_frame,
1758349553,689040283,camera_color_optical_frame,
1758349553,722396729,camera_color_optical_frame,
1758349553,755751953,camera_color_optical_frame,
1758349553,789105225,camera_color_optical_frame,
1758349553,822466553,camera_color_optical_frame,
1758349553,855828613,camera_color_optical_frame,
1758349553,889189697,camera_color_optical_frame,
1758349553,922551758,camera_color_optical_frame,
1758349553,955912842,camera_color_optical_frame,
1758349553,989274902,camera_color_optical_frame,
1758349554,22635742,camera_color_optical_frame,
1758349554,55997803,camera_color_optical_frame,
1758349554,89358643,camera_color_optical_frame,
1758349554,122720459,camera_color_optical_frame,
1758349554,156081299,camera_color_optical_frame,
1758349554,189443115,camera_color_optical_frame,
1758349554,222803955,camera_color_optical_frame,
1758349554,256165527,camera_color_optical_frame,
1758349554,289526123,camera_color_optical_frame,
1758349554,322887939,camera_color_optical_frame,
1758349554,356248535,camera_color_optical_frame,
1758349554,389610107,camera_color_optical_frame,
1758349554,422970703,camera_color_optical_frame,
1758349554,456332031,camera_color_optical_frame,
1758349554,489692627,camera_color_optical_frame,
1758349554,523053955,camera_color_optical_frame,
1758349554,556414307,camera_color_optical_frame,
1758349554,589775635,camera_color_optical_frame,
1758349554,623135986,camera_color_optical_frame,
1758349554,656497314,camera_color_optical_frame,
1758349554,689857666,camera_color_optical_frame,
1758349554,723218750,camera_color_optical_frame,
1758349554,756578857,camera_color_optical_frame,
1758349554,789944336,camera_color_optical_frame,
1758349554,823297119,camera_color_optical_frame,
1758349554,856650635,camera_color_optical_frame,
1758349554,956709229,camera_color_optical_frame,
1758349554,990062500,camera_color_optical_frame,
1758349555,23414795,camera_color_optical_frame,
1758349555,56767822,camera_color_optical_frame,
1758349555,90119873,camera_color_optical_frame,
1758349555,190177490,camera_color_optical_frame,
1758349555,223529297,camera_color_optical_frame,
1758349555,256881836,camera_color_optical_frame,
1758349555,290233398,camera_color_optical_frame,
1758349555,323585693,camera_color_optical_frame,
1758349555,356937012,camera_color_optical_frame,
1758349555,390289307,camera_color_optical_frame,
1758349555,456992432,camera_color_optical_frame,
1758349555,490343506,camera_color_optical_frame,
1758349555,523695313,camera_color_optical_frame,
1758349555,557046143,camera_color_optical_frame,
1758349555,590397705,camera_color_optical_frame,
1758349555,623748291,camera_color_optical_frame,
1758349555,657099854,camera_color_optical_frame,
1758349555,690450439,camera_color_optical_frame,
1758349555,723801758,camera_color_optical_frame,
1758349555,757151855,camera_color_optical_frame,
1758349555,790500488,camera_color_optical_frame,
1758349555,823855713,camera_color_optical_frame,
1758349555,957278076,camera_color_optical_frame,
1758349556,57344727,camera_color_optical_frame,
1758349556,90699463,camera_color_optical_frame,
1758349556,190765137,camera_color_optical_frame,
1758349556,224119629,camera_color_optical_frame,
1758349556,257474854,camera_color_optical_frame,
1758349556,290829346,camera_color_optical_frame,
1758349556,424247559,camera_color_optical_frame,
1758349556,457602539,camera_color_optical_frame,
1758349556,490956299,camera_color_optical_frame,
1758349556,524311035,camera_color_optical_frame,
1758349556,557664795,camera_color_optical_frame,
1758349556,591019531,camera_color_optical_frame,
1758349556,624373047,camera_color_optical_frame,
1758349556,657727539,camera_color_optical_frame,
1758349556,691080811,camera_color_optical_frame,
1758349556,724435303,camera_color_optical_frame,
1758349556,757788574,camera_color_optical_frame,
1758349556,791144043,camera_color_optical_frame,
1758349556,824495117,camera_color_optical_frame,
1758349556,857847168,camera_color_optical_frame,
1758349556,891197998,camera_color_optical_frame,
1758349556,924549805,camera_color_optical_frame,
1758349556,957900635,camera_color_optical_frame,
1758349556,991252197,camera_color_optical_frame,
1758349557,24602783,camera_color_optical_frame,
1758349557,57954346,camera_color_optical_frame,
1758349557,91304688,camera_color_optical_frame,
1758349557,124655762,camera_color_optical_frame,
1758349557,158005859,camera_color_optical_frame,
1758349557,191356934,camera_color_optical_frame,
1758349557,224707031,camera_color_optical_frame,
1758349557,258057861,camera_color_optical_frame,
1758349557,291407471,camera_color_optical_frame,
1758349557,324758057,camera_color_optical_frame,
1758349557,358107666,camera_color_optical_frame,
1758349557,391458008,camera_color_optical_frame,
1758349557,424807373,camera_color_optical_frame,
1758349557,458157715,camera_color_optical_frame,
1758349557,491506836,camera_color_optical_frame,
1758349557,524856934,camera_color_optical_frame,
1758349557,558205811,camera_color_optical_frame,
1758349557,591555664,camera_color_optical_frame,
1758349557,624904297,camera_color_optical_frame,
1758349557,658253906,camera_color_optical_frame,
1758349557,691602539,camera_color_optical_frame,
1758349557,724951904,camera_color_optical_frame,
1758349557,758294922,camera_color_optical_frame,
1758349557,791647705,camera_color_optical_frame,
1758349557,824999512,camera_color_optical_frame,
1758349557,858352295,camera_color_optical_frame,
1758349557,891703857,camera_color_optical_frame,
1758349557,925056396,camera_color_optical_frame,
1758349557,958407715,camera_color_optical_frame,
1758349557,991760010,camera_color_optical_frame,
1758349558,25111328,camera_color_optical_frame,
1758349558,58463379,camera_color_optical_frame,
1758349558,91814453,camera_color_optical_frame,
1758349558,125166504,camera_color_optical_frame,
1758349558,158517334,camera_color_optical_frame,
1758349558,191869141,camera_color_optical_frame,
1758349558,225219727,camera_color_optical_frame,
1758349558,258571533,camera_color_optical_frame,
1758349558,291921875,camera_color_optical_frame,
1758349558,325273438,camera_color_optical_frame,
1758349558,358623779,camera_color_optical_frame,
1758349558,391975098,camera_color_optical_frame,
1758349558,425325195,camera_color_optical_frame,
1758349558,458676270,camera_color_optical_frame,
1758349558,492026367,camera_color_optical_frame,
1758349558,525377197,camera_color_optical_frame,
1758349558,558727051,camera_color_optical_frame,
1758349558,592077881,camera_color_optical_frame,
1758349558,625427490,camera_color_optical_frame,
1758349558,658778076,camera_color_optical_frame,
1758349558,692127441,camera_color_optical_frame,
1758349558,725477783,camera_color_optical_frame,
1758349558,758827148,camera_color_optical_frame,
1758349558,792175049,camera_color_optical_frame,
1758349558,825529297,camera_color_optical_frame,
1758349558,858884277,camera_color_optical_frame,
1758349558,892238281,camera_color_optical_frame,
1758349558,925593262,camera_color_optical_frame,
1758349558,958947021,camera_color_optical_frame,
1758349558,992301758,camera_color_optical_frame,
1758349559,25655518,camera_color_optical_frame,
1758349559,59010010,camera_color_optical_frame,
1758349559,92363525,camera_color_optical_frame,
1758349559,125718018,camera_color_optical_frame,
1758349559,159071533,camera_color_optical_frame,
1758349559,192425781,camera_color_optical_frame,
1758349559,225779053,camera_color_optical_frame,
1758349559,259133301,camera_color_optical_frame,
1758349559,292486328,camera_color_optical_frame,
1758349559,325840332,camera_color_optical_frame,
1758349559,359193359,camera_color_optical_frame,
1758349559,392547119,camera_color_optical_frame,
1758349559,425899902,camera_color_optical_frame,
1758349559,459253662,camera_color_optical_frame,
1758349559,492606201,camera_color_optical_frame,
1758349559,525959961,camera_color_optical_frame,
1758349559,559312256,camera_color_optical_frame,
1758349559,592665771,camera_color_optical_frame,
1758349559,626018066,camera_color_optical_frame,
1758349559,692723633,camera_color_optical_frame,
1758349559,726076660,camera_color_optical_frame,
1758349559,759428711,camera_color_optical_frame,
1758349559,792782959,camera_color_optical_frame,
1758349559,826134521,camera_color_optical_frame,
1758349559,859486816,camera_color_optical_frame,
1758349559,892838135,camera_color_optical_frame,
1758349559,926190430,camera_color_optical_frame,
1758349559,959541504,camera_color_optical_frame,
1758349559,992893311,camera_color_optical_frame,
1758349560,26244385,camera_color_optical_frame,
1758349560,59596191,camera_color_optical_frame,
1758349560,92946777,camera_color_optical_frame,
1758349560,126298340,camera_color_optical_frame,
1758349560,159648926,camera_color_optical_frame,
1758349560,193000244,camera_color_optical_frame,
1758349560,226350586,camera_color_optical_frame,
1758349560,259701904,camera_color_optical_frame,
1758349560,293052002,camera_color_optical_frame,
1758349560,326403076,camera_color_optical_frame,
1758349560,359753174,camera_color_optical_frame,
1758349560,393104004,camera_color_optical_frame,
1758349560,426453613,camera_color_optical_frame,
1758349560,459804443,camera_color_optical_frame,
1758349560,493154053,camera_color_optical_frame,
1758349560,593204102,camera_color_optical_frame,
1758349560,626553467,camera_color_optical_frame,
1758349560,693252441,camera_color_optical_frame,
1758349560,726602295,camera_color_optical_frame,
1758349560,759951172,camera_color_optical_frame,
1758349560,793299561,camera_color_optical_frame,
1758349560,826650879,camera_color_optical_frame,
1758349560,860003174,camera_color_optical_frame,
1758349560,893354492,camera_color_optical_frame,
1758349560,926706543,camera_color_optical_frame,
1758349560,960057373,camera_color_optical_frame,
1758349560,993409424,camera_color_optical_frame,
1758349561,26760254,camera_color_optical_frame,
1758349561,60111816,camera_color_optical_frame,
1758349561,93462402,camera_color_optical_frame,
1758349561,160164551,camera_color_optical_frame,
1758349561,193515869,camera_color_optical_frame,
1758349561,226865967,camera_color_optical_frame,
1758349561,260217041,camera_color_optical_frame,
1758349561,360268066,camera_color_optical_frame,
1758349561,393618896,camera_color_optical_frame,
1758349561,426968506,camera_color_optical_frame,
1758349561,460319092,camera_color_optical_frame,
1758349561,493668457,camera_color_optical_frame,
1758349561,527018799,camera_color_optical_frame,
1758349561,560368164,camera_color_optical_frame,
1758349561,593718506,camera_color_optical_frame,
1758349561,627067627,camera_color_optical_frame,
1758349561,660417480,camera_color_optical_frame,
1758349561,693766357,camera_color_optical_frame,
1758349561,727116211,camera_color_optical_frame,
1758349561,760465088,camera_color_optical_frame,
1758349561,793814697,camera_color_optical_frame,
1758349561,827175781,camera_color_optical_frame,
1758349561,860604248,camera_color_optical_frame,
1758349561,894032227,camera_color_optical_frame,
1758349561,927461670,camera_color_optical_frame,
1758349561,960890381,camera_color_optical_frame,
1758349561,994320557,camera_color_optical_frame,
1758349562,27750000,camera_color_optical_frame,
1758349562,161474365,camera_color_optical_frame,
1758349562,194906982,camera_color_optical_frame,
1758349562,228338867,camera_color_optical_frame,
1758349562,261772217,camera_color_optical_frame,
1758349562,295204834,camera_color_optical_frame,
1758349562,328639160,camera_color_optical_frame,
1758349562,428941895,camera_color_optical_frame,
1758349562,462377686,camera_color_optical_frame,
1758349562,495812744,camera_color_optical_frame,
1758349562,529249268,camera_color_optical_frame,
1758349562,562685303,camera_color_optical_frame,
1758349562,729873779,camera_color_optical_frame,
1758349562,763312256,camera_color_optical_frame,
1758349562,796833252,camera_color_optical_frame,
1758349562,830178711,camera_color_optical_frame,
1758349562,863525146,camera_color_optical_frame,
1758349562,896870361,camera_color_optical_frame,
1758349562,930216553,camera_color_optical_frame,
1758349562,963561523,camera_color_optical_frame,
1758349562,996907471,camera_color_optical_frame,
1758349563,30252197,camera_color_optical_frame,
1758349563,63597656,camera_color_optical_frame,
1758349563,96942139,camera_color_optical_frame,
1758349563,130287354,camera_color_optical_frame,
1758349563,163631592,camera_color_optical_frame,
1758349563,196976563,camera_color_optical_frame,
1758349563,230320557,camera_color_optical_frame,
1758349563,263665283,camera_color_optical_frame,
1758349563,297009033,camera_color_optical_frame,
1758349563,330353516,camera_color_optical_frame,
1758349563,363696777,camera_color_optical_frame,
1758349563,463728271,camera_color_optical_frame,
1758349563,497071045,camera_color_optical_frame,
1758349563,530414795,camera_color_optical_frame,
1758349563,563757324,camera_color_optical_frame,
1758349563,597100586,camera_color_optical_frame,
1758349563,630442871,camera_color_optical_frame,
1758349563,663786133,camera_color_optical_frame,
1758349563,697128174,camera_color_optical_frame,
1758349563,730470947,camera_color_optical_frame,
1758349563,763812744,camera_color_optical_frame,
1758349563,797154785,camera_color_optical_frame,
1758349563,830497314,camera_color_optical_frame,
1758349563,863841064,camera_color_optical_frame,
1758349563,897183350,camera_color_optical_frame,
1758349563,930526367,camera_color_optical_frame,
1758349563,963868408,camera_color_optical_frame,
1758349563,997211426,camera_color_optical_frame,
1758349564,30552979,camera_color_optical_frame,
1758349564,63895508,camera_color_optical_frame,
1758349564,97237061,camera_color_optical_frame,
1758349564,130579102,camera_color_optical_frame,
1758349564,163920166,camera_color_optical_frame,
1758349564,197262207,camera_color_optical_frame,
1758349564,230602783,camera_color_optical_frame,
1758349564,263944336,camera_color_optical_frame,
1758349564,297284912,camera_color_optical_frame,
1758349564,430646729,camera_color_optical_frame,
1758349564,463987549,camera_color_optical_frame,
1758349564,497326904,camera_color_optical_frame,
1758349564,530667236,camera_color_optical_frame,
1758349564,564006348,camera_color_optical_frame,
1758349564,597346191,camera_color_optical_frame,
1758349564,630685059,camera_color_optical_frame,
1758349564,664024658,camera_color_optical_frame,
1758349564,697363037,camera_color_optical_frame,
1758349564,730702393,camera_color_optical_frame,
1758349564,764040527,camera_color_optical_frame,
1758349564,797374512,camera_color_optical_frame,
1758349564,830718506,camera_color_optical_frame,
1758349564,964094482,camera_color_optical_frame,
1758349564,997438721,camera_color_optical_frame,
1758349565,30781494,camera_color_optical_frame,
1758349565,64125488,camera_color_optical_frame,
1758349565,97468018,camera_color_optical_frame,
1758349565,230839111,camera_color_optical_frame,
1758349565,264182129,camera_color_optical_frame,
1758349565,297523682,camera_color_optical_frame,
1758349565,330866455,camera_color_optical_frame,
1758349565,364207764,camera_color_optical_frame,
1758349565,397550049,camera_color_optical_frame,
1758349565,430891113,camera_color_optical_frame,
1758349565,464233154,camera_color_optical_frame,
1758349565,497573975,camera_color_optical_frame,
1758349565,530915527,camera_color_optical_frame,
1758349565,564256104,camera_color_optical_frame,
1758349565,597597412,camera_color_optical_frame,
1758349565,630937500,camera_color_optical_frame,
1758349565,664278564,camera_color_optical_frame,
1758349565,730959229,camera_color_optical_frame,
1758349565,764298828,camera_color_optical_frame,
1758349565,797639160,camera_color_optical_frame,
1758349565,830984375,camera_color_optical_frame,
1758349565,864385010,camera_color_optical_frame,
1758349565,897784912,camera_color_optical_frame,
1758349565,931186523,camera_color_optical_frame,
1758349565,964587646,camera_color_optical_frame,
1758349565,997990234,camera_color_optical_frame,
1758349566,31392334,camera_color_optical_frame,
1758349566,64795898,camera_color_optical_frame,
1758349566,98198975,camera_color_optical_frame,
1758349566,131603516,camera_color_optical_frame,
1758349566,165007568,camera_color_optical_frame,
1758349566,198413330,camera_color_optical_frame,
1758349566,231818359,camera_color_optical_frame,
1758349566,265224854,camera_color_optical_frame,
1758349566,298630859,camera_color_optical_frame,
1758349566,332038574,camera_color_optical_frame,
1758349566,365445557,camera_color_optical_frame,
1758349566,398854248,camera_color_optical_frame,
1758349566,432262207,camera_color_optical_frame,
1758349566,465671875,camera_color_optical_frame,
1758349566,499080811,camera_color_optical_frame,
1758349566,532491455,camera_color_optical_frame,
1758349566,565901367,camera_color_optical_frame,
1758349566,599312988,camera_color_optical_frame,
1758349566,699548584,camera_color_optical_frame,
1758349566,732962158,camera_color_optical_frame,
1758349566,766375244,camera_color_optical_frame,
1758349566,799789795,camera_color_optical_frame,
1758349566,833140137,camera_color_optical_frame,
1758349566,866491455,camera_color_optical_frame,
1758349566,899841797,camera_color_optical_frame,
1758349566,933193115,camera_color_optical_frame,
1758349566,966543213,camera_color_optical_frame,
1758349566,999894043,camera_color_optical_frame,
1758349567,33244141,camera_color_optical_frame,
1758349567,66594971,camera_color_optical_frame,
1758349567,99944580,camera_color_optical_frame,
1758349567,133295410,camera_color_optical_frame,
1758349567,166645020,camera_color_optical_frame,
1758349567,199995361,camera_color_optical_frame,
1758349567,233344727,camera_color_optical_frame,
1758349567,266695068,camera_color_optical_frame,
1758349567,300044189,camera_color_optical_frame,
1758349567,333394531,camera_color_optical_frame,
1758349567,366743408,camera_color_optical_frame,
1758349567,400093506,camera_color_optical_frame,
1758349567,433442383,camera_color_optical_frame,
1758349567,533490234,camera_color_optical_frame,
1758349567,566838867,camera_color_optical_frame,
1758349567,600188232,camera_color_optical_frame,
1758349567,633536621,camera_color_optical_frame,
1758349567,666885742,camera_color_optical_frame,
1758349567,700233887,camera_color_optical_frame,
1758349567,733583008,camera_color_optical_frame,
1758349567,766931152,camera_color_optical_frame,
1758349567,800280273,camera_color_optical_frame,
1758349567,833642334,camera_color_optical_frame,
1758349567,866992188,camera_color_optical_frame,
1758349567,900340820,camera_color_optical_frame,
1758349567,933690430,camera_color_optical_frame,
1758349567,967039063,camera_color_optical_frame,
1758349568,388428,camera_color_optical_frame,
1758349568,33736816,camera_color_optical_frame,
1758349568,67085938,camera_color_optical_frame,
1758349568,100434082,camera_color_optical_frame,
1758349568,133783203,camera_color_optical_frame,
1758349568,233827637,camera_color_optical_frame,
1758349568,267176270,camera_color_optical_frame,
1758349568,300523682,camera_color_optical_frame,
1758349568,333872314,camera_color_optical_frame,
1758349568,367219482,camera_color_optical_frame,
1758349568,467262939,camera_color_optical_frame,
1758349568,500609863,camera_color_optical_frame,
1758349568,600651855,camera_color_optical_frame,
1758349568,633998535,camera_color_optical_frame,
1758349568,667345947,camera_color_optical_frame,
1758349568,700692139,camera_color_optical_frame,
1758349568,734039307,camera_color_optical_frame,
1758349568,767385498,camera_color_optical_frame,
1758349568,800722168,camera_color_optical_frame,
1758349568,834079590,camera_color_optical_frame,
1758349568,867437988,camera_color_optical_frame,
1758349568,900795410,camera_color_optical_frame,
1758349568,934153809,camera_color_optical_frame,
1758349568,967510986,camera_color_optical_frame,
1758349569,869141,camera_color_optical_frame,
1758349569,34226563,camera_color_optical_frame,
1758349569,67584717,camera_color_optical_frame,
1758349569,100941895,camera_color_optical_frame,
1758349569,134299805,camera_color_optical_frame,
1758349569,167656982,camera_color_optical_frame,
1758349569,201014893,camera_color_optical_frame,
1758349569,234372070,camera_color_optical_frame,
1758349569,267729980,camera_color_optical_frame,
1758349569,301086914,camera_color_optical_frame,
1758349569,334444824,camera_color_optical_frame,
1758349569,367801514,camera_color_optical_frame,
1758349569,401159424,camera_color_optical_frame,
1758349569,501230469,camera_color_optical_frame,
1758349569,534588135,camera_color_optical_frame,
1758349569,567944824,camera_color_optical_frame,
1758349569,601302490,camera_color_optical_frame,
1758349569,701373047,camera_color_optical_frame,
1758349569,768086914,camera_color_optical_frame,
1758349569,801446533,camera_color_optical_frame,
1758349569,868155273,camera_color_optical_frame,
1758349569,901509277,camera_color_optical_frame,
1758349569,934864014,camera_color_optical_frame,
1758349569,968217773,camera_color_optical_frame,
1758349570,1572754,camera_color_optical_frame,
1758349570,34926514,camera_color_optical_frame,
1758349570,68281006,camera_color_optical_frame,
1758349570,101634766,camera_color_optical_frame,
1758349570,134989258,camera_color_optical_frame,
1758349570,235051025,camera_color_optical_frame,
1758349570,268405518,camera_color_optical_frame,
1758349570,301758789,camera_color_optical_frame,
1758349570,335113281,camera_color_optical_frame,
1758349570,368466553,camera_color_optical_frame,
1758349570,401820801,camera_color_optical_frame,
1758349570,435174072,camera_color_optical_frame,
1758349570,468528320,camera_color_optical_frame,
1758349570,501881592,camera_color_optical_frame,
1758349570,535235596,camera_color_optical_frame,
1758349570,568588867,camera_color_optical_frame,
1758349570,601942871,camera_color_optical_frame,
1758349570,635295898,camera_color_optical_frame,
1758349570,668649902,camera_color_optical_frame,
1758349570,702002930,camera_color_optical_frame,
1758349570,735356689,camera_color_optical_frame,
1758349570,768709717,camera_color_optical_frame,
1758349570,802063477,camera_color_optical_frame,
1758349570,835416504,camera_color_optical_frame,
1758349570,868772461,camera_color_optical_frame,
1758349570,902127197,camera_color_optical_frame,
1758349570,935483154,camera_color_optical_frame,
1758349570,968837891,camera_color_optical_frame,
1758349571,2193604,camera_color_optical_frame,
1758349571,35548096,camera_color_optical_frame,
1758349571,68903809,camera_color_optical_frame,
1758349571,168968018,camera_color_optical_frame,
1758349571,202323486,camera_color_optical_frame,
1758349571,235677734,camera_color_optical_frame,
1758349571,302387207,camera_color_optical_frame,
1758349571,335742188,camera_color_optical_frame,
1758349571,369096191,camera_color_optical_frame,
1758349571,402451172,camera_color_optical_frame,
1758349571,435805176,camera_color_optical_frame,
1758349571,469160156,camera_color_optical_frame,
1758349571,502513916,camera_color_optical_frame,
1758349571,535868652,camera_color_optical_frame,
1758349571,569222168,camera_color_optical_frame,
1758349571,602576904,camera_color_optical_frame,
1758349571,635930420,camera_color_optical_frame,
1758349571,669284912,camera_color_optical_frame,
1758349571,702638428,camera_color_optical_frame,
1758349571,735992920,camera_color_optical_frame,
1758349571,769346191,camera_color_optical_frame,
1758349571,802700439,camera_color_optical_frame,
1758349571,836053467,camera_color_optical_frame,
1758349571,869403320,camera_color_optical_frame,
1758349571,902752197,camera_color_optical_frame,
1758349571,936101807,camera_color_optical_frame,
1758349571,969450439,camera_color_optical_frame,
1758349572,2800049,camera_color_optical_frame,
1758349572,36148438,camera_color_optical_frame,
1758349572,69497803,camera_color_optical_frame,
1758349572,102845947,camera_color_optical_frame,
1758349572,136195068,camera_color_optical_frame,
1758349572,169543213,camera_color_optical_frame,
1758349572,202892090,camera_color_optical_frame,
1758349572,236239990,camera_color_optical_frame,
1758349572,269588867,camera_color_optical_frame,
1758349572,302936523,camera_color_optical_frame,
1758349572,336285156,camera_color_optical_frame,
1758349572,369632813,camera_color_optical_frame,
1758349572,402981201,camera_color_optical_frame,
1758349572,436328613,camera_color_optical_frame,
1758349572,469677002,camera_color_optical_frame,
1758349572,503024170,camera_color_optical_frame,
1758349572,536372314,camera_color_optical_frame,
1758349572,569719238,camera_color_optical_frame,
1758349572,603067139,camera_color_optical_frame,
1758349572,636414063,camera_color_optical_frame,
1758349572,669761719,camera_color_optical_frame,
1758349572,703108398,camera_color_optical_frame,
1758349572,736456055,camera_color_optical_frame,
1758349572,769802490,camera_color_optical_frame,
1758349572,803149902,camera_color_optical_frame,
1758349572,836496582,camera_color_optical_frame,
1758349572,869845459,camera_color_optical_frame,
1758349572,903193115,camera_color_optical_frame,
1758349572,936541748,camera_color_optical_frame,
1758349572,969889160,camera_color_optical_frame,
1758349573,3237549,camera_color_optical_frame,
1758349573,36584961,camera_color_optical_frame,
1758349573,103280273,camera_color_optical_frame,
1758349573,136628174,camera_color_optical_frame,
1758349573,169975098,camera_color_optical_frame,
1758349573,203322754,camera_color_optical_frame,
1758349573,236669434,camera_color_optical_frame,
1758349573,270016846,camera_color_optical_frame,
1758349573,303363281,camera_color_optical_frame,
1758349573,336710693,camera_color_optical_frame,
1758349573,370056885,camera_color_optical_frame,
1758349573,403404053,camera_color_optical_frame,
1758349573,436750000,camera_color_optical_frame,
1758349573,470096924,camera_color_optical_frame,
1758349573,503442871,camera_color_optical_frame,
1758349573,536789551,camera_color_optical_frame,
1758349573,570135010,camera_color_optical_frame,
1758349573,603481689,camera_color_optical_frame,
1758349573,636826904,camera_color_optical_frame,
1758349573,670173340,camera_color_optical_frame,
1758349573,703518311,camera_color_optical_frame,
1758349573,736864502,camera_color_optical_frame,
1758349573,770209473,camera_color_optical_frame,
1758349573,870248291,camera_color_optical_frame,
1758349573,903594971,camera_color_optical_frame,
1758349573,936942627,camera_color_optical_frame,
1758349573,970289063,camera_color_optical_frame,
1758349574,3636475,camera_color_optical_frame,
1758349574,36982910,camera_color_optical_frame,
1758349574,70330078,camera_color_optical_frame,
1758349574,103676025,camera_color_optical_frame,
1758349574,137022949,camera_color_optical_frame,
1758349574,170368896,camera_color_optical_frame,
1758349574,203715576,camera_color_optical_frame,
1758349574,237061279,camera_color_optical_frame,
1758349574,270407715,camera_color_optical_frame,
1758349574,303753174,camera_color_optical_frame,
1758349574,337099365,camera_color_optical_frame,
1758349574,370444580,camera_color_optical_frame,
1758349574,503826172,camera_color_optical_frame,
1758349574,537171631,camera_color_optical_frame,
1758349574,570516113,camera_color_optical_frame,
1758349574,603861572,camera_color_optical_frame,
1758349574,637205811,camera_color_optical_frame,
1758349574,670551025,camera_color_optical_frame,
1758349574,703895020,camera_color_optical_frame,
1758349574,737239990,camera_color_optical_frame,
1758349574,770583740,camera_color_optical_frame,
1758349574,803928467,camera_color_optical_frame,
1758349574,837276611,camera_color_optical_frame,
1758349574,870625732,camera_color_optical_frame,
1758349574,903973633,camera_color_optical_frame,
1758349575,4018799,camera_color_optical_frame,
1758349575,37366455,camera_color_optical_frame,
1758349575,70714844,camera_color_optical_frame,
1758349575,104062256,camera_color_optical_frame,
1758349575,137410400,camera_color_optical_frame,
1758349575,237452637,camera_color_optical_frame,
1758349575,270800537,camera_color_optical_frame,
1758349575,304147461,camera_color_optical_frame,tag36h11,0,0,0.0,77.91004943847656,236.15931362750177,240.5355461193806,227.22923278808594,249.32022094726568,244.94883728027344,249.46847534179685,245.49267578125,231.3541564941406,226.896987915039,231.1221008300781,9.558807849122045,5.646253206043669,236.15931362750177,0.5884211584191491,14.878420827347924,240.5355461193806,0.002054997660621379,0.024136338757331465,1.0
1758349575,337495117,camera_color_optical_frame,
1758349575,370841797,camera_color_optical_frame,
1758349575,404189209,camera_color_optical_frame,tag36h11,0,0,0.0,85.3949203491211,237.50713735048848,240.39528236925787,228.35092163085935,249.32310485839844,246.34999084472656,249.50247192382807,246.90745544433594,231.2294464111328,228.13548278808588,230.74348449707034,11.073610097665975,4.9212421162689015,237.50713735048848,2.07158067335524,14.279129993765508,240.39528236925787,0.0079386684274549,0.021093192686778513,1.0
1758349575,437535645,camera_color_optical_frame,
1758349575,470883057,camera_color_optical_frame,tag36h11,0,0,0.0,74.15158081054688,238.8496677629872,239.73765805566626,229.67636108398443,248.81549072265628,247.6600341796875,248.78761291503906,248.15643310546875,230.52775573730472,229.31060791015625,229.93919372558597,13.08004717668271,5.565408285732732,238.8496677629872,4.027551849695894,14.902270524816743,239.73765805566626,0.016245147294840022,0.023466908298996142,1.0
1758349575,504229248,camera_color_optical_frame,tag36h11,0,0,0.0,91.15629577636719,238.99955900799688,239.7106552203895,229.74288940429688,248.8264923095703,248.03993225097656,248.88357543945312,248.44458007812497,230.4093322753906,229.4130096435547,229.98355102539065,11.628106486715154,4.6852603161710835,238.99955900799688,2.4243963033436247,14.046254667823632,239.7106552203895,0.009625252617759733,0.019696612994376576,1.0
1758349575,537576416,camera_color_optical_frame,
1758349575,570922363,camera_color_optical_frame,tag36h11,0,0,0.0,85.92279052734375,238.45630523810985,240.10093189165798,229.06761169433597,249.28675842285156,247.61331176757812,249.37287902832026,247.93243408203125,230.8295593261719,228.72004699707028,230.24246215820312,12.537813603495948,4.210810171134258,238.45630523810985,3.2881411170073678,13.629370126822437,240.10093189165798,0.013012165755984646,0.01764699869268505,1.0
1758349575,604269287,camera_color_optical_frame,tag36h11,0,0,0.0,79.48460388183594,237.96850506918582,240.25231514512666,228.77290344238284,249.42182922363284,247.17973327636716,249.53167724609372,247.45268249511722,230.79504394531253,228.2115325927735,230.42317199707034,10.992178570596733,5.330790236329536,237.96850506918582,1.7180240390168509,14.740747702340684,240.25231514512666,0.006661485022343829,0.02211005099915278,1.0
1758349575,637615234,camera_color_optical_frame,tag36h11,0,0,0.0,89.14083099365234,237.68432117007956,239.92653639044394,228.31445312500003,249.23593139648438,246.95150756835943,249.32139587402344,247.19528198242188,230.4769592285156,227.87261962890622,229.97966003417966,11.989474274255599,4.325755797118918,237.68432117007956,2.6693267540788357,13.841213472087816,239.92653639044394,0.010533693574035937,0.018006499367056616,1.0
1758349575,670961914,camera_color_optical_frame,tag36h11,0,0,0.0,82.75330352783203,236.7773572314823,239.82530982264046,227.30348205566406,249.15869140624997,246.11305236816403,249.29391479492185,246.56323242187503,230.18455505371097,227.06413269042972,229.9738006591797,10.002523775641663,4.210871285254116,236.7773572314823,0.5198482852365746,13.88949793421449,239.82530982264046,0.0018096763801947646,0.018009264050958856,1.0
1758349575,704307617,camera_color_optical_frame,tag36h11,0,0,0.0,77.80865478515625,236.15399171877863,239.74886226567634,226.74037170410153,249.26927185058594,245.56892395019528,249.33563232421875,245.62797546386722,230.1674041748047,226.48083496093753,229.89915466308594,10.712985043187501,2.0240146370598513,236.15399171877863,1.32136670160966,11.638427006072874,239.74886226567634,0.005166050317782633,0.008361994661982165,1.0
1758349575,737654297,camera_color_optical_frame,tag36h11,0,0,0.0,87.9288558959961,235.65075580398954,240.09792473302696,226.06172180175778,249.4735412597656,244.89343261718747,249.56462097167966,245.38235473632812,230.58291625976565,225.81231689453125,230.02102661132815,12.404917686029336,4.483969490180843,235.65075580398954,3.021148779627649,14.23760448040619,240.09792473302696,0.011921853659590424,0.019300749091724034,1.0
1758349575,770999756,camera_color_optical_frame,
1758349575,804346191,camera_color_optical_frame,
1758349575,837694092,camera_color_optical_frame,
1758349575,871042969,camera_color_optical_frame,
1758349575,904390869,camera_color_optical_frame,tag36h11,0,0,0.0,88.7500991821289,233.54375471570927,239.8043893518567,223.70617675781253,249.50804138183597,243.17721557617185,249.60070800781253,243.34329223632812,230.13825988769528,223.45637512207034,229.54647827148432,12.750828454844196,2.4798935309030434,233.54375471570927,3.160559100096916,12.380871557678148,239.8043893518567,0.012477190339259403,0.010540020019132046,1.0
1758349575,937739502,camera_color_optical_frame,
1758349575,971086914,camera_color_optical_frame,
1758349576,4435547,camera_color_optical_frame,
1758349576,37782715,camera_color_optical_frame,tag36h11,0,0,0.0,91.33363342285156,230.7249820445385,239.69771257148287,220.84832763671872,249.5946807861328,240.69416809082034,249.66329956054685,240.8125457763672,229.58940124511722,220.40649414062494,229.3829498291016,10.828427840330733,3.284896180646628,230.7249820445385,0.8651862427830939,13.398964225418666,239.69771257148287,0.0033265377814263187,0.013890904616811752,1.0
1758349576,71131104,camera_color_optical_frame,
1758349576,104478271,camera_color_optical_frame,
1758349576,171173340,camera_color_optical_frame,tag36h11,0,1,0.0,91.933349609375,227.28757382673592,239.37562989827094,217.13050842285156,249.4827728271484,237.36770629882812,249.6320343017578,237.7040557861328,229.01034545898438,216.88311767578128,228.7892303466797,10.628745250058046,3.2095279963801904,227.28757382673592,0.4778964200079063,13.730824586780159,239.37562989827094,0.0016116707449993705,0.014220899038586995,1.0
1758349576,204521240,camera_color_optical_frame,tag36h11,0,0,0.0,87.92655181884766,226.328705244614,239.28560347830083,216.06646728515622,249.51133728027347,236.5039367675781,249.62033081054688,236.5580291748047,229.0926666259765,215.7372589111328,228.52813720703122,12.762317765684003,2.1530287582797905,226.328705244614,2.7563820021539676,12.581344818394001,239.28560347830083,0.010824329742017205,0.009218106192814613,1.0
1758349576,237867920,camera_color_optical_frame,tag36h11,0,0,0.0,98.90901947021484,225.7887320271767,239.11581580191194,215.16459655761716,249.45758056640634,236.00648498535153,249.5841522216797,236.30384826660156,228.8801727294921,214.98579406738284,228.04794311523438,14.2608030969879,2.5270219790451476,225.7887320271767,4.180563608329803,13.235827139998975,239.11581580191194,0.016497859024120123,0.011340664642998655,1.0
1758349576,271215576,camera_color_optical_frame,
1758349576,304562256,camera_color_optical_frame,tag36h11,0,0,0.0,90.692138671875,226.02272632600213,239.00108342672647,215.8764801025391,249.468246459961,236.3129425048828,249.5787353515625,236.39175415039062,228.30409240722653,215.34399414062503,228.0240631103516,11.235318891492255,3.4333410276531446,226.02272632600213,1.0128358906120214,14.189050491804153,239.00108342672647,0.003834427349040043,0.014693731514600064,1.0
1758349576,337909668,camera_color_optical_frame,tag36h11,0,0,0.0,94.45872497558594,226.83020342053976,238.82508973910348,216.19415283203125,249.38946533203122,237.29122924804693,249.52783203125,237.5305938720703,228.19680786132815,216.07086181640622,227.81713867187503,11.890491579177365,1.906372685991189,226.83020342053976,1.4470976625203467,12.763505143450914,238.82508973910348,0.0055212505950635185,0.00853674239621709,1.0
1758349576,371256104,camera_color_optical_frame,tag36h11,0,0,0.0,100.89142608642578,227.57932126868386,238.77276618384684,217.00820922851568,249.39891052246088,237.9497833251953,249.50598144531247,238.16159057617188,228.13540649414068,216.8663330078125,227.68504333496094,12.346448304758951,1.8897963861743414,227.57932126868386,2.014526766716043,12.772215574190028,238.77276618384684,0.007859382997007107,0.008386829041516228,1.0
1758349576,404603271,camera_color_optical_frame,tag36h11,0,0,0.0,96.25618743896484,229.34297348832106,238.79913078640766,218.85191345214847,249.41967773437506,239.8777313232422,249.47508239746094,239.99090576171878,228.019775390625,218.30790710449222,227.61616516113284,12.482822468561608,3.615860155755174,229.34297348832106,1.9954988327810073,14.466986557922326,238.79913078640766,0.007886923630294255,0.015307913000447896,1.0
1758349576,437949463,camera_color_optical_frame,tag36h11,0,0,0.0,98.9130630493164,231.3858007572982,238.69686617102974,220.6924285888672,249.3919677734375,241.96910095214847,249.47283935546875,242.1093292236328,227.97160339355472,220.39686584472653,227.50787353515628,12.757901700775392,2.375277886417282,231.3858007572982,2.210344442672946,13.256605094804911,238.69686617102974,0.008697747302719137,0.010105808086951051,1.0
1758349576,471296631,camera_color_optical_frame,tag36h11,0,0,0.0,92.87178802490234,233.63742388937015,238.76039700531146,223.06065368652344,249.45320129394534,244.13786315917966,249.5899658203125,244.36187744140628,227.9182891845703,222.86810302734378,227.6535186767578,11.308488629015926,2.278218514045593,233.63742388937015,0.7812365399007579,13.20352288351097,238.76039700531146,0.002854201986195153,0.00978729422957102,1.0
1758349576,504642578,camera_color_optical_frame,tag36h11,0,0,0.0,98.12651062011719,236.38957927395623,238.722635580803,225.53952026367188,249.47703552246097,247.01332092285162,249.54811096191406,247.21328735351565,227.99435424804688,225.19743347167966,227.31796264648438,14.091921872073186,2.9676522804177266,236.38957927395623,3.4381323245774214,13.889218492802769,238.722635580803,0.013635197631577915,0.012419399260407563,1.0
1758349576,537989502,camera_color_optical_frame,tag36h11,0,0,0.0,91.36985778808594,239.1390198688436,238.53945598092136,228.30723571777347,249.3853759765625,249.64337158203128,249.47816467285153,249.90283203125,227.7615966796875,227.93650817871097,226.87371826171875,15.042017771873276,3.4916381899200273,239.1390198688436,4.450859054547746,14.511840319962431,238.53945598092136,0.017655295556892037,0.014507802536690954,1.0
1758349576,571335205,camera_color_optical_frame,tag36h11,0,0,0.0,94.38095092773438,241.19536948139995,238.324333865994,230.26133728027347,249.33949279785162,252.06408691406253,249.45919799804688,252.1449432373047,227.29351806640622,230.09321594238278,226.9503173828125,12.158675209429191,1.3881726932036735,241.19536948139995,1.2965402073498047,12.488777971338806,238.324333865994,0.004957304081621852,0.0056674957570134405,1.0
1758349576,604681885,camera_color_optical_frame,tag36h11,0,0,0.0,90.87992858886719,242.91841748379306,238.3484901351075,232.02188110351562,249.37840270996094,253.7395629882813,249.43107604980472,253.95222473144528,227.17962646484375,231.7413940429687,226.90142822265625,12.185132311281166,2.7409144814730575,242.91841748379306,1.2634567794331677,13.85432937503785,238.3484901351075,0.004959106448400848,0.011218509844158083,1.0
1758349576,638027344,camera_color_optical_frame,tag36h11,0,0,0.0,101.6572265625,244.56179738237844,238.02082985172842,233.3008117675782,249.01695251464844,255.62794494628918,249.09222412109375,255.80519104003895,227.04188537597653,233.06748962402335,226.5210723876953,13.680451858218476,2.237092056084239,244.56179738237844,2.49864522945978,13.300108199585878,238.02082985172842,0.009880030801053092,0.009098318187400943,1.0
1758349576,671374023,camera_color_optical_frame,tag36h11,0,0,0.0,107.26639556884766,246.27188924178176,237.9268247762967,235.11082458496085,248.95054626464835,257.16906738281244,248.9982757568359,257.5422668457032,226.79513549804693,234.93132019042972,226.40489196777344,13.020053611437731,3.004731472278993,246.27188924178176,1.8996177560248926,14.136525520058001,237.9268247762967,0.007532729720734048,0.01240593162321858,1.0
1758349576,704719238,camera_color_optical_frame,tag36h11,0,0,0.0,105.3871841430664,247.5805787420632,237.57183716861772,236.17282104492188,248.81327819824216,258.5622863769532,248.80265808105472,258.85284423828125,226.46391296386722,236.07539367675778,225.8056640625,14.909754750128627,2.091082476364991,247.5805787420632,3.633871266005909,13.388882656885812,237.57183716861772,0.014626650816230866,0.008652573992403882,1.0
1758349576,738065674,camera_color_optical_frame,tag36h11,0,0,0.0,100.62240600585938,248.07712109930333,237.3820542022656,236.8950653076172,248.70558166503903,259.1707763671875,248.73637390136716,259.3062438964844,226.01086425781253,236.81579589843747,225.8561248779297,11.861031399398684,1.1764925632058998,248.07712109930333,0.6870392371990851,12.532887600340445,237.3820542022656,0.002700090759656343,0.004800248290786444,1.0
1758349576,871458496,camera_color_optical_frame,tag36h11,0,0,0.0,106.66521453857422,250.73849850938097,236.50434642821315,239.21096801757815,248.12963867187503,262.28906250000006,248.2054443359375,262.2393493652343,224.9059600830078,239.06474304199216,224.67845153808597,12.373262010021875,0.5685925632279258,250.73849850938097,0.839931291709346,12.177751813929092,236.50434642821315,0.0032314858133852082,0.0020729312651223326,1.0
1758349576,904807129,camera_color_optical_frame,tag36h11,0,0,0.0,105.55606842041016,251.6885902621425,236.20371224410022,239.96881103515622,247.97077941894528,263.1294250488281,247.96040344238278,263.02593994140625,224.82061767578125,239.81274414062497,224.0,16.024947021263188,0.32500338417958413,251.6885902621425,4.364311423368603,12.018492149637694,236.20371224410022,0.017621415766851497,0.0010352419514792163,1.0
1758349576,938156738,camera_color_optical_frame,tag36h11,0,0,0.0,112.23704528808594,252.09951449581064,236.04285370119192,240.29420471191406,247.88580322265628,263.90893554687494,247.88870239257812,263.7539978027344,224.35121154785153,240.05088806152347,223.95706176757812,13.902809826285079,0.5526130865068265,252.09951449581064,2.0409867752516653,12.290241832024094,236.04285370119192,0.008227670281869838,0.001798522488922427,1.0
1758349576,971505371,camera_color_optical_frame,tag36h11,0,0,0.0,109.84090423583984,252.5591822634518,235.89263398709625,240.5862274169922,247.8398895263672,264.4978332519531,247.84304809570312,264.2800598144531,224.19691467285153,240.4318389892578,223.75334167480466,14.272507644810986,-0.2600299873477612,252.5591822634518,2.291577744885243,11.602079212021522,235.89263398709625,0.00923978009361029,-0.001399161350293723,1.0
1758349577,71552490,camera_color_optical_frame,tag36h11,0,0,0.0,118.27354431152344,255.9828670349962,234.84962881479504,243.69740295410148,247.0360260009765,267.8781127929687,247.0413818359375,267.9089965820313,223.0196685791016,243.56655883789062,222.12382507324216,16.769439895288627,0.8671592578708132,255.9828670349962,4.483244067857496,13.003274776320353,234.84962881479504,0.018137066191858366,0.0032956418981234183,1.0
1758349577,104900635,camera_color_optical_frame,tag36h11,0,0,0.0,111.55615234375,256.25939162029783,234.57383075083382,244.0605621337891,246.9637145996094,268.4901123046875,246.9565124511719,268.2751770019532,222.3698577880859,243.95355224609378,222.1150970458984,13.548222666522292,-0.4955193808111151,256.25939162029783,1.3078567582613778,11.83088241762178,234.57383075083382,0.005310370631964004,-0.0022488701757062165,1.0
1758349577,138249756,camera_color_optical_frame,tag36h11,0,0,0.0,108.59278869628906,256.6684833769307,234.6510469034919,244.22683715820307,247.00132751464838,268.9374694824219,247.0059051513672,269.0488891601563,222.361557006836,244.0581665039062,221.9524688720703,14.501431097163845,1.4572336523056633,256.6684833769307,2.0013816522995542,13.742265874092737,234.6510469034919,0.008093322625784072,0.0056261440259963574,1.0
1758349577,171597900,camera_color_optical_frame,tag36h11,0,0,0.0,116.52486419677734,257.0858943358534,234.28420223970008,244.8296356201172,246.59707641601562,269.38549804687494,246.54936218261713,269.3299255371094,221.98361206054688,244.46815490722656,221.7017974853516,14.058734353803345,1.6802869649984045,257.0858943358534,1.6116052635885556,13.80140867899081,234.28420223970008,0.006633359175167767,0.006134282857224471,1.0
1758349577,204946777,camera_color_optical_frame,tag36h11,0,0,0.0,114.072021484375,257.6767539603333,233.98304885074137,244.89324951171884,246.47848510742188,269.9812011718751,246.48934936523438,270.01831054687494,221.91960144042966,244.8219604492187,220.91737365722653,17.650656912940264,0.5594993244454859,257.6767539603333,4.869118812770975,13.0290177592035,233.98304885074137,0.019732220670440444,0.0021422987413177467,1.0
1758349577,238294678,camera_color_optical_frame,tag36h11,0,0,0.0,114.583740234375,257.323648387094,233.67682872251265,244.83131408691415,246.36297607421872,269.8650207519532,246.3561553955078,269.6896362304687,221.11898803710938,244.60464477539062,220.8179168701172,14.0878977020609,0.3511685118641052,257.323648387094,1.488869188234472,12.922836729284086,233.67682872251265,0.006057336751301919,0.0009746744511061994,1.0
1758349577,304990967,camera_color_optical_frame,tag36h11,0,0,0.0,116.35379791259766,255.9912977523293,233.05971121964623,242.9821624755859,245.99996948242188,268.7836608886718,245.98609924316406,268.404296875,220.71243286132812,242.94247436523443,219.8741760253906,17.083421999982534,-1.6235217129319577,255.9912977523293,4.097993761994216,11.269677545334105,233.05971121964623,0.016686984627243436,-0.006762508035591804,1.0
1758349577,338339600,camera_color_optical_frame,tag36h11,0,0,0.0,113.509521484375,255.07975887368482,232.9555601986425,242.2379760742187,245.88941955566406,267.93038940429693,245.95159912109378,267.8733215332031,220.0702667236328,242.05917358398438,219.7876434326172,13.954084019069455,0.6566510655744676,255.07975887368482,1.0702091226064827,13.541549952556636,232.9555601986425,0.0042251313817567885,0.002344129230841937,1.0
1758349577,371687012,camera_color_optical_frame,tag36h11,0,0,0.0,117.00820922851562,254.9852931731101,232.87368498307504,241.83995056152347,245.9111175537109,267.87097167968744,245.9448699951172,267.857421875,220.10722351074222,241.76649475097662,219.46458435058594,15.994466122779727,0.3095208873377289,254.9852931731101,2.877308014670061,13.332385941565093,232.87368498307504,0.011631098522606109,0.0011299277360644648,1.0
1758349577,405035400,camera_color_optical_frame,tag36h11,0,0,0.0,114.43978881835938,254.96241853971372,232.15238212169433,241.7548980712891,245.18084716796875,267.8298950195313,245.18708801269534,267.85687255859375,219.4327392578125,241.71699523925778,218.73481750488278,16.42552671664157,0.3184038585197898,254.96241853971372,3.2478329409879594,13.335604847111085,232.15238212169433,0.013233771693258518,0.0012397959234599983,1.0
1758349577,438382568,camera_color_optical_frame,tag36h11,0,0,0.0,119.41422271728516,254.6209364054538,231.57418069961483,241.131820678711,244.78231811523435,267.77511596679693,244.81198120117188,267.7574157714844,218.71133422851568,241.0643768310547,217.9314422607422,16.93538364924504,0.2526548821260266,254.6209364054538,3.4797792323726613,13.445955462670497,231.57418069961483,0.01415430774770491,0.0009100456200969305,1.0
1758349577,471730957,camera_color_optical_frame,tag36h11,0,0,0.0,119.08404541015625,254.2730562099635,231.07067143881397,240.86109924316406,244.56901550292966,267.67111206054693,244.5157928466797,267.14505004882807,218.11576843261722,240.65771484374997,217.40750122070312,16.95558825793259,-1.4044875630967764,254.2730562099635,3.4689309240679598,11.942982727735341,231.07067143881397,0.014293537128686345,-0.006249916628595146,1.0
1758349577,505077881,camera_color_optical_frame,tag36h11,0,0,0.0,121.4621810913086,253.8539903149735,230.65617696126122,240.41215515136716,243.968032836914,266.9773864746094,244.00196838378903,267.01550292968756,217.62193298339847,240.35043334960938,216.9237823486328,16.455098144631393,0.4800123285775756,253.8539903149735,3.044171217964558,13.785307747204428,230.65617696126122,0.012407204154821468,0.0018700886298076164,1.0
1758349577,538426025,camera_color_optical_frame,tag36h11,0,0,0.0,119.29450225830078,253.3773623317319,230.71365957136425,239.99096679687503,244.00178527832034,266.44390869140625,244.0284881591797,266.4801940917968,217.7070159912109,239.9453125,217.02638244628903,16.348579499261774,0.39311149946621826,253.3773623317319,3.0023361677476403,13.67845411324086,230.71365957136425,0.012249093027296584,0.0015442215097235933,1.0
1758349577,571772949,camera_color_optical_frame,tag36h11,0,0,0.0,118.08606719970703,252.78454707686413,231.34442713166277,239.2906646728516,244.7800903320312,266.2342834472657,244.82319641113278,265.9074096679687,218.27818298339847,239.22454833984372,217.7551574707031,15.683012845617611,-1.14642308508746,252.78454707686413,2.2273125302388315,12.250903242583632,231.34442713166277,0.009010828868082636,-0.004928509431022207,1.0
1758349577,605120605,camera_color_optical_frame,tag36h11,0,0,0.0,117.86248016357422,252.5590055460757,232.0144489419239,239.15524291992185,245.28993225097656,265.8359375,245.22409057617185,265.6888122558593,219.01029968261716,239.001708984375,218.52586364746094,15.96370172005507,0.09068993637788773,252.5590055460757,2.514427043606785,13.25732126464817,232.0144489419239,0.010386450904284285,6.157101716362635e-05,1.0
1758349577,638467529,camera_color_optical_frame,tag36h11,0,0,0.0,120.50180053710938,252.67236795114673,232.5894381721307,239.177993774414,245.9328155517578,265.8620910644531,245.94798278808588,265.86203002929693,219.54736328125003,239.14022827148438,218.88409423828128,16.411058602844292,0.18544737780246426,252.67236795114673,2.9875704614400407,13.522575688470766,232.5894381721307,0.012116681783050356,0.0006974161340327486,1.0
1758349577,671815186,camera_color_optical_frame,tag36h11,0,0,0.0,119.99388122558594,252.77524257730565,233.02651431354866,239.2808532714844,246.36248779296875,265.9646911621094,246.3799285888672,265.9019470214844,220.05390930175784,239.2081298828125,219.2907409667969,16.871389153676517,0.07210380357338718,252.77524257730565,3.4488778956974473,13.382145307187216,233.02651431354866,0.013963304404406825,0.00015151796559723297,1.0
1758349577,705161621,camera_color_optical_frame,tag36h11,0,0,0.0,120.37862396240234,252.67060781453748,233.1335398923449,239.1836853027344,246.45085144042972,265.86602783203125,246.46817016601562,265.85632324218744,220.11364746093744,239.1259918212891,219.44602966308594,16.427652003698256,0.23969104978232583,252.67060781453748,3.0095156694803764,13.543722579849174,233.1335398923449,0.012175828191414193,0.0008830912361567293,1.0
1758349577,738509033,camera_color_optical_frame,tag36h11,0,0,0.0,119.11576080322266,252.65341933274968,233.1996143553828,239.1925659179688,246.50189208984375,265.8717651367188,246.52128601074222,265.89041137695307,220.11856079101562,239.13665771484378,219.5771942138672,15.826237243053868,0.3597547328240609,252.65341933274968,2.418984437988226,13.654344394460367,233.1996143553828,0.00977347159556955,0.0013884739776387066,1.0
1758349577,771855469,camera_color_optical_frame,tag36h11,0,0,0.0,118.18377685546875,252.58188218903842,233.3800712420238,239.13986206054685,246.8144683837891,265.8604431152344,246.76361083984375,265.858154296875,220.111328125,239.0037078857422,219.6945495605469,15.585015258096405,0.6594811966915046,252.58188218903842,2.116578824131804,14.019852298194877,233.3800712420238,0.008679763764138383,0.0024762227897033714,1.0
1758349577,805202637,camera_color_optical_frame,tag36h11,0,0,0.0,120.48069763183594,252.6719017340042,233.1713039870488,239.10235595703122,246.6037292480469,265.88702392578125,246.56959533691406,265.90069580078125,220.07618713378903,238.96617126464844,219.2756042480469,17.335251169235534,0.7254224053583617,252.6719017340042,3.7975203610381216,14.094279645266425,233.1713039870488,0.015469751240667922,0.0027543475185457826,1.0
1758349577,938763672,camera_color_optical_frame,tag36h11,0,0,0.0,124.92829132080078,252.27800364634197,232.45472661158146,238.21380615234375,246.35250854492185,266.0236816406251,246.36257934570312,265.8812866210937,219.01240539550784,238.0972137451171,218.10662841796878,17.961556097409442,-0.07106208688588492,252.27800364634197,3.9762792036079846,13.770057226314236,232.45472661158146,0.016119849446522005,-0.000539221471303851,1.0
1758349577,972154297,camera_color_optical_frame,tag36h11,0,0,0.0,124.29905700683594,252.06501475468144,232.40653927760388,237.90992736816403,246.43505859374997,265.8686828613281,246.38209533691406,265.7703857421875,218.82371520996094,237.71936035156256,217.8822479248047,18.459032594987917,0.46366396152552963,252.06501475468144,4.3343813494212755,14.385008929074814,232.40653927760388,0.017697858735223254,0.0015561142967821567,1.0
1758349578,5546631,camera_color_optical_frame,tag36h11,0,0,0.0,125.03136444091797,251.25597785421334,232.0342850841399,237.00436401367188,246.17813110351565,265.15612792968756,246.14578247070315,265.12551879882807,218.26962280273435,236.93705749511713,217.49765014648435,17.653387271301767,0.18167296199255004,251.25597785421334,3.482594957181928,14.281699546728703,232.0342850841399,0.0142133230289198,0.0006266513987637103,1.0
1758349578,38938477,camera_color_optical_frame,tag36h11,0,0,0.0,124.62715148925781,250.80394606024987,231.5725493054255,236.45373535156247,245.9098052978516,265.07199096679693,245.95323181152347,264.6808776855469,217.7081451416015,236.30905151367185,216.96322631835938,17.336709545468125,-0.9780756074656519,250.80394606024987,3.053175441369232,13.267308877816532,231.5725493054255,0.01232684044936971,-0.0044399678158996295,1.0
1758349578,72331543,camera_color_optical_frame,tag36h11,0,0,0.0,123.92023468017578,250.0435667244078,231.63179252942095,235.78672790527344,245.98339843750003,264.0722961425782,245.98306274414065,264.0265197753906,217.55589294433597,235.57420349121094,216.82975769042972,17.327707679510837,0.7840733560295267,250.0435667244078,3.0943556151576646,15.060272834614523,231.63179252942095,0.012580223204970644,0.002881647188148977,1.0
1758349578,105724365,camera_color_optical_frame,tag36h11,0,0,0.0,127.17807006835938,249.0861990930547,231.33307399167768,234.4035339355469,245.91220092773438,263.39056396484375,245.95515441894534,263.2214965820312,217.29745483398438,234.38929748535153,216.30973815917966,18.502158976304145,-0.6327610973380581,249.0861990930547,4.0214228600396185,13.929699544243931,231.33307399167768,0.01626456681771394,-0.002729408406902909,1.0
1758349578,139118408,camera_color_optical_frame,tag36h11,0,0,0.0,126.03240203857422,247.87013864533165,231.2823386943447,233.09698486328116,245.96261596679688,262.11563110351557,245.96934509277344,262.10809326171875,217.13389587402344,233.07772827148443,216.03146362304688,19.12784307972538,0.05449813971887703,247.87013864533165,4.58850300544992,14.731242964888281,231.2823386943447,0.01864134943502726,0.00019327229461191419,1.0
1758349578,172511963,camera_color_optical_frame,tag36h11,0,0,0.0,127.40325927734375,247.12193016666382,231.24626575904546,232.0462951660156,246.09629821777347,261.7080078125,246.05662536621097,261.6059875488282,216.97895812988278,232.04273986816412,215.93521118164065,19.32795393159128,-0.3916196085571606,247.12193016666382,4.487769407666971,14.412680855933644,231.24626575904546,0.01831777071919895,-0.0016952121908611385,1.0
1758349578,205906982,camera_color_optical_frame,tag36h11,0,0,0.0,126.07057189941406,246.41407901246382,231.1798795055224,231.4856719970703,246.16801452636713,261.0276489257813,246.1399383544922,260.95474243164057,216.58103942871094,231.467788696289,215.87921142578122,17.762931562471408,-0.21128197512217312,246.41407901246382,2.990710865468455,14.739854298916185,231.1798795055224,0.0122067319238282,-0.0009509140588511289,1.0
1758349578,239301514,camera_color_optical_frame,tag36h11,0,0,0.0,126.69511413574219,245.93228460226817,230.72589138038347,230.89976501464844,245.92137145996097,260.8125915527344,245.91859436035153,260.26727294921875,216.2355041503906,230.8763580322265,215.3538818359375,18.463578942405036,-2.053226200520381,245.93228460226817,3.640484741072638,12.99488903976632,230.72589138038347,0.014809129499904695,-0.008942672737562924,1.0
1758349578,272697266,camera_color_optical_frame,tag36h11,0,0,0.0,128.1787109375,245.06584792580608,230.7999248872123,229.70599365234375,245.9681243896485,259.9154968261719,245.9796905517578,259.8380126953125,216.21208190917963,229.67948913574216,215.07151794433594,19.651663105243045,-0.18833573711588864,245.06584792580608,4.587596379111031,14.958477626657498,230.7999248872123,0.01862725365641368,-0.0008765672829617035,1.0
1758349578,306092773,camera_color_optical_frame,tag36h11,0,0,0.0,127.24595642089844,244.347104249033,230.76418174697943,229.0128479003906,246.02990722656259,259.2064819335937,246.03271484374997,259.09930419921875,216.0779113769531,228.84812927246097,214.83843994140628,20.042585990023014,0.2778180475509694,244.347104249033,4.973005781996389,15.479005480298357,230.76418174697943,0.02020718722231352,0.0008610604244114158,1.0
1758349578,339489502,camera_color_optical_frame,tag36h11,0,0,0.0,130.19725036621094,244.1189209151943,230.87773704720928,228.45666503906247,246.36265563964844,259.3434448242188,246.3902282714844,259.0656433105469,216.10025024414062,228.40911865234378,214.87078857421878,20.147867432029898,-0.8549258280270883,244.1189209151943,4.825953361488641,14.551753601124858,230.87773704720928,0.01953198126550006,-0.0038446069509654813,1.0
1758349578,372885742,camera_color_optical_frame,tag36h11,0,0,0.0,131.50645446777344,243.89887570085145,230.6088070188268,228.28620910644526,246.1943206787109,259.1598815917968,246.2049560546875,259.08172607421875,215.4523620605469,228.238265991211,214.60427856445312,18.70452079583896,-0.09436007177128769,243.89887570085145,3.3142658822338804,15.463619900242605,230.6088070188268,0.013440112931897258,-0.0005169906779769222,1.0
1758349578,406283691,camera_color_optical_frame,tag36h11,0,0,0.0,131.06576538085938,243.7546249832775,230.62611947176865,228.01689147949222,246.36091613769537,259.1737365722657,246.36744689941406,259.0886535644531,215.29495239257812,227.98683166503903,214.52882385253906,18.50852742032481,-0.1917526322118272,243.7546249832775,2.9809494665466874,15.514861859754546,230.62611947176865,0.012086525834295746,-0.0009061368124441414,1.0
1758349578,439680664,camera_color_optical_frame,tag36h11,0,0,0.0,130.32008361816406,244.14265200663667,230.34855996100578,228.13050842285156,246.2743682861328,259.9255676269531,246.29847717285156,259.444091796875,215.12962341308594,228.04281616210938,214.07836914062494,19.778246810068367,-1.4116247846978887,244.14265200663667,4.030943422294084,14.367224490074818,230.34855996100578,0.016318259929320005,-0.006378081944358582,1.0
1758349578,473079346,camera_color_optical_frame,tag36h11,0,0,0.0,128.80682373046875,244.04742587599512,230.12616586682657,227.94926452636716,246.25659179687497,259.93063354492193,246.2645721435547,259.30825805664057,214.83474731445312,227.94331359863278,213.76330566406253,19.93150845719586,-2.2532183956189407,244.04742587599512,4.142040848256724,13.697069925511812,230.12616586682657,0.01680370498334106,-0.009897699453446785,1.0
1758349578,506477539,camera_color_optical_frame,tag36h11,0,0,0.0,132.0447235107422,243.83213005767038,230.1761921655777,227.54658508300778,246.40762329101557,259.9394836425781,246.38087463378903,259.3883972167969,214.671615600586,227.33106994628903,213.5754241943359,20.371441048805707,-1.1256376100828296,243.83213005767038,4.29575426720663,14.883674511728714,230.1761921655777,0.017488460855426668,-0.005414689645930244,1.0
1758349578,539876953,camera_color_optical_frame,tag36h11,0,0,0.0,130.47117614746094,243.49867382371352,230.10559179500098,227.09838867187497,246.4821319580078,259.6366271972656,246.49867248535156,259.0210266113281,214.605712890625,227.10595703125003,213.45372009277347,20.408604920411136,-2.237311487099017,243.49867382371352,4.362855713240205,13.960675356368,230.10559179500098,0.017666678905039652,-0.009835195028093671,1.0
1758349578,573276123,camera_color_optical_frame,tag36h11,0,0,0.0,131.53399658203125,243.36036005757626,229.97729351384123,226.83663940429688,246.49468994140625,259.7281494140625,246.55752563476562,259.00982666015625,214.33381652832034,226.81069946289065,213.21282958984375,20.245221620770963,-2.442415876343315,243.36036005757626,4.061587928673387,13.88089195266653,229.97729351384123,0.016349222359019422,-0.010824151660372433,1.0
1758349578,606676514,camera_color_optical_frame,tag36h11,0,0,0.0,133.42843627929688,243.45322889615684,230.1296749197944,226.76072692871094,246.89152526855463,259.94290161132824,246.8876953125,259.24356079101557,214.27374267578128,226.73277282714835,213.1371154785156,20.643280845390166,-2.3472166214752934,243.45322889615684,4.284470868777615,14.18921797904352,230.1296749197944,0.01736146734757487,-0.01041228159352614,1.0
1758349578,640076416,camera_color_optical_frame,tag36h11,0,0,0.0,133.776611328125,242.90709504946335,230.08969312785155,226.0318145751953,246.84974670410162,259.2961730957032,246.89772033691406,259.0672302246093,214.03990173339835,226.03123474121094,212.78244018554685,20.975933662655535,-0.7924467308300752,242.90709504946335,4.502356481919546,15.918646933820185,230.08969312785155,0.018140665381994932,-0.0035071717970927793,1.0
1758349578,673477783,camera_color_optical_frame,tag36h11,0,0,0.0,134.20314025878906,242.81534370021663,229.9119746193515,225.98526000976557,246.83377075195312,259.35513305664057,246.88455200195312,259.04638671875006,213.59248352050784,225.93231201171884,212.5871734619141,20.06402054647873,-0.8607318826193441,242.81534370021663,3.529319099175805,15.978688469533239,229.9119746193515,0.014194442313994277,-0.003924742709268225,1.0
1758349578,706878662,camera_color_optical_frame,tag36h11,0,0,0.0,133.81103515625,243.18475880277225,229.91044505178826,225.98852539062497,246.96910095214844,259.8929748535156,246.98577880859375,259.76388549804693,213.4639587402344,225.98129272460938,212.32897949218753,20.91448639106011,-0.41076404743870015,243.18475880277225,4.068018666209324,16.61432323788361,229.91044505178826,0.016437513598617066,-0.0018334009056235755,1.0
1758349578,740281006,camera_color_optical_frame,tag36h11,0,0,0.0,134.2224884033203,243.35833588268645,229.78142555291694,225.9919586181641,247.04353332519528,260.3415222167969,247.06291198730466,259.8687438964844,213.37014770507815,226.00923156738278,212.12759399414062,21.417243033852742,-1.6593031826196767,243.35833588268645,4.447344468040481,15.467370343249996,229.78142555291694,0.017962631148917857,-0.007304502190095966,1.0
1758349578,773682617,camera_color_optical_frame,tag36h11,0,0,0.0,133.89138793945312,243.87041703813333,229.63308550508157,226.5210113525391,247.04063415527347,261.0369567871094,247.040771484375,260.38699340820307,213.06115722656244,226.31448364257812,211.83053588867185,21.50695905385345,-1.4130318439624108,243.87041703813333,4.422883597956198,15.755230238293592,229.63308550508157,0.017903184949687095,-0.006688728970174473,1.0
1758349578,807085205,camera_color_optical_frame,tag36h11,0,0,0.0,133.97900390625,244.70473334047423,229.57817564787882,227.07086181640622,247.04531860351557,261.7707214355469,247.05181884765622,261.61004638671875,212.8327026367188,227.02880859374994,211.48002624511722,22.042661899585738,-0.3809695305463338,244.70473334047423,4.777445460378228,17.033493727059835,229.57817564787882,0.01932494938757819,-0.0017687297738491555,1.0
1758349578,840439941,camera_color_optical_frame,tag36h11,0,0,0.0,134.4696502685547,245.80225308353397,229.36040466892374,228.0899353027344,247.02050781250003,263.13375854492193,247.04188537597656,262.8681945800781,212.34477233886722,228.07022094726562,211.27030944824222,21.144383608899176,-0.8071321053370145,245.80225308353397,3.717171404142445,16.786239766436722,229.36040466892374,0.015004262433620016,-0.0035813797947848247,1.0
1758349578,873795898,camera_color_optical_frame,tag36h11,0,0,0.0,134.44630432128906,247.5840635809586,229.15292895861387,229.69970703124997,247.05409240722653,265.1762390136719,247.04548645019534,264.560546875,212.1604919433594,229.69401550292972,210.95741271972656,21.842350642381206,-2.0240253246150774,247.5840635809586,4.249656235805301,15.716843790407154,229.15292895861387,0.01721888229537296,-0.008823899798701748,1.0
1758349578,907150635,camera_color_optical_frame,tag36h11,0,0,0.0,133.81788635253906,248.96864089163861,229.03511436512903,230.9163818359375,246.98263549804685,266.46359252929693,247.0062408447266,266.29974365234375,211.80456542968753,230.90028381347653,210.4749755859375,22.27494932024345,-0.4836687084332384,248.96864089163861,4.5200111973641945,17.433723409911664,229.03511436512903,0.018252369096259363,-0.0021288569369779576,1.0
1758349578,940506348,camera_color_optical_frame,tag36h11,0,0,0.0,135.75906372070312,250.39254186978863,228.76707397989088,232.04934692382815,246.92822265624997,268.1508178710938,246.95452880859378,267.8744812011719,211.4586334228516,232.0491943359375,209.98040771484372,23.01288950584535,-0.9088973122331894,250.39254186978863,4.982399159246338,17.207259739268352,228.76707397989088,0.020123389978383685,-0.003917151165432903,1.0
1758349578,973861084,camera_color_optical_frame,tag36h11,0,0,0.0,134.19845581054688,252.37380777897718,228.74963195772824,234.00813293457034,247.03305053710935,270.14862060546875,247.04476928710938,269.97125244140625,211.23100280761722,234.0136108398438,209.8519744873047,22.75783167260326,-0.6066339611963898,252.37380777897718,4.645423603975271,17.65181816622197,228.74963195772824,0.01878076353551392,-0.0025808478183550745,1.0
1758349579,7216797,camera_color_optical_frame,tag36h11,0,0,0.0,133.0688018798828,254.58053894293948,228.52476169347167,236.18058776855472,247.01992797851562,272.67584228515625,247.0269317626953,272.3257751464844,210.68769836425784,236.16481018066403,209.69496154785156,21.583171700824778,-1.0948307952211809,254.58053894293948,3.3246663610740623,17.345443199680034,228.52476169347167,0.013444800843058578,-0.004668674790482766,1.0
1758349579,40571533,camera_color_optical_frame,tag36h11,0,0,0.0,133.1102752685547,257.2506001266978,228.24748772843301,238.7472076416016,246.92010498046872,275.5451049804688,246.93679809570312,274.9437561035155,210.39251708984378,238.6145477294921,209.20925903320312,22.34522204413915,-1.5023734686104677,257.2506001266978,3.9138023265654422,17.05927148895296,228.24748772843301,0.015816365286191354,-0.006567992966391554,1.0
1758349579,73927002,camera_color_optical_frame,tag36h11,0,0,0.0,133.786865234375,259.39066698260166,227.70457537836958,240.45484924316406,246.5158233642578,278.05459594726557,246.55635070800778,277.30914306640625,209.9039764404297,240.44686889648443,208.5701141357422,23.15329561073594,-2.420140410231336,259.39066698260166,4.340138993885316,16.346458981859797,227.70457537836958,0.017523112573050864,-0.010081314214022481,1.0
1758349579,107281738,camera_color_optical_frame,tag36h11,0,0,0.0,133.32571411132812,261.0439404732969,227.0438490480626,241.87460327148438,246.0288391113281,279.97817993164057,246.03553771972653,279.3203735351562,208.94317626953125,241.84307861328125,207.78472900390625,22.914306579392928,-2.0225935030841202,261.0439404732969,3.7967416053404546,16.91510995289491,227.0438490480626,0.015418391185801478,-0.008426869137751026,1.0
1758349579,140637207,camera_color_optical_frame,tag36h11,0,0,0.0,132.83279418945312,262.1906668365412,226.7464703755143,242.93945312500003,245.89672851562497,281.0499572753905,245.89535522460935,280.6665954589844,208.367431640625,242.93759155273452,207.19775390625,23.003363352279848,-1.2402066287624465,262.1906668365412,3.79619802549291,17.89332848928848,226.7464703755143,0.015441001547618622,-0.00510879472994367,1.0
1758349579,173991699,camera_color_optical_frame,tag36h11,0,0,0.0,133.3135528564453,262.88547948404937,226.663941708819,243.62023925781244,245.90138244628903,281.7900390625,245.90467834472656,281.4027404785157,208.17340087890628,243.62173461914065,207.0576324462891,22.822273447236796,-1.265910562933125,262.88547948404937,3.59275061266882,17.96208783155228,226.663941708819,0.014603769688453188,-0.005193205302730127,1.0
1758349579,207347168,camera_color_optical_frame,tag36h11,0,0,0.0,133.04071044921875,263.12998931306663,226.75363710342305,243.7063446044922,245.97305297851562,282.1444091796875,245.97303771972656,281.84735107421875,208.23307800292972,243.68136596679685,207.09535217285153,23.068013111541518,-0.8685076667664433,263.12998931306663,3.6657937127021363,18.330359338050414,226.75363710342305,0.014903264336617903,-0.0036144155254202383,1.0
1758349579,240701660,camera_color_optical_frame,tag36h11,0,0,0.0,132.49134826660156,262.81126094359564,226.9591402993688,243.58105468750009,246.1647796630859,281.7427673339845,246.19700622558594,281.4080505371094,208.38610839843753,243.40278625488273,207.23658752441406,22.87275992974014,-0.4362343787224703,262.81126094359564,3.608545837636367,18.69213242721017,226.9591402993688,0.014592794729314245,-0.002152300892346003,1.0
1758349579,274057129,camera_color_optical_frame,tag36h11,0,0,0.0,133.0066680908203,262.37371901333205,227.06308252288957,242.93679809570312,246.44677734374994,281.5422668457031,246.4535522460937,280.91101074218744,208.5765533447266,242.9372863769531,207.40162658691406,23.15721357442311,-2.035008621698405,262.37371901333205,3.7777007863649286,17.322941063306814,227.06308252288957,0.015314827282078038,-0.008375701792176714,1.0
1758349579,374121338,camera_color_optical_frame,tag36h11,0,0,0.0,133.29627990722656,261.8874591602117,227.96370264606037,242.27139282226562,247.29771423339847,281.0387573242187,247.31289672851562,280.8790283203125,209.2452087402344,242.2748718261719,208.14845275878906,23.015287467866983,-0.5196358303245419,261.8874591602117,3.4791796482117228,18.813031095358127,227.96370264606037,0.01403772807111285,-0.002137755606897812,1.0
1758349579,407476563,camera_color_optical_frame,tag36h11,0,0,0.0,133.0209197998047,262.0456542279518,227.6277425468226,242.34829711914065,247.07846069335935,281.4380798339844,247.1236877441406,280.8796691894531,209.0295562744141,242.30598449707028,207.78269958496097,23.508635290794587,-1.6188294936504761,262.0456542279518,3.8871032057198502,17.801728621903095,227.6277425468226,0.015639926706693195,-0.006766286748004429,1.0
1758349579,440830811,camera_color_optical_frame,tag36h11,0,0,0.0,132.30819702148438,262.00955119215905,227.35140308656912,242.24267578124997,247.02680969238284,281.4564514160156,247.05575561523438,280.89599609375,208.5523529052734,242.2442932128906,207.3244781494141,23.508295013687075,-1.7762911835757749,262.00955119215905,3.8307186423712065,17.879443293973623,227.35140308656912,0.015448234877212981,-0.007329381694923888,1.0
1758349579,474186035,camera_color_optical_frame,tag36h11,0,0,0.0,131.9261932373047,261.84182573096103,227.0143609207124,241.86997985839847,246.8230895996094,281.4847412109375,246.8609313964844,280.8980407714844,208.11378479003903,241.82872009277347,206.79376220703125,23.9584506103389,-1.687866545750917,261.84182573096103,4.066485716904307,18.084539030200233,227.0143609207124,0.016397931805620027,-0.007062901518339166,1.0
1758349579,607604736,camera_color_optical_frame,tag36h11,0,0,0.0,132.402587890625,260.4610888533395,225.64649852189197,239.9812469482422,246.09788513183597,280.60098266601557,246.15396118164062,280.01083374023443,206.12391662597656,239.9750518798829,204.7865753173828,24.293274195956656,-1.7625893496066807,260.4610888533395,3.9357564883890426,18.668999907486153,225.64649852189197,0.015877745435970352,-0.007357493614473496,1.0
1758349579,640958740,camera_color_optical_frame,tag36h11,0,0,0.0,131.7327880859375,259.86661171646284,225.36199523584025,238.98594665527344,245.9742126464844,280.13351440429676,245.989013671875,279.82748413085943,205.65774536132812,238.9325408935548,204.05595397949222,25.532989862949307,-0.729879934086507,259.86661171646284,4.7688466332872075,19.84147650445297,225.36199523584025,0.019357014024857816,-0.0031639953113522606,1.0
1758349579,674313965,camera_color_optical_frame,tag36h11,0,0,0.0,132.13766479492188,259.73480151424747,224.94821936303504,238.80371093749997,245.83036804199222,280.2219543457031,245.8835906982422,279.8572692871094,204.872802734375,238.80609130859372,203.56163024902347,24.554753940957568,-1.0800001933340537,259.73480151424747,3.7583946922294693,19.798477312173816,224.94821936303504,0.015179164705194323,-0.004517612782384888,1.0
1758349579,707667969,camera_color_optical_frame,tag36h11,0,0,0.0,131.55296325683594,259.92884087097,224.253312352199,238.80213928222656,245.2348937988281,280.6908264160156,245.36260986328125,279.9888610839844,204.33108520507815,238.813735961914,202.7849884033203,25.220104499539275,-2.0912552341928246,259.92884087097,4.27397015083994,18.904293656785967,224.253312352199,0.01716547586103603,-0.008733195581263503,1.0
1758349579,741022949,camera_color_optical_frame,tag36h11,0,0,0.0,131.51226806640625,260.0848793117903,223.9813423926307,238.70983886718747,245.15623474121094,281.1296081542969,245.18859863281253,280.3928527832031,203.86352539062497,238.50825500488287,202.23808288574213,26.01950453331071,-1.4664036557381857,260.0848793117903,4.684050417954776,19.583050099775562,223.9813423926307,0.019039558727192908,-0.006560005050511344,1.0
1758349579,774376709,camera_color_optical_frame,tag36h11,0,0,0.0,131.51956176757812,260.33065884260486,223.75837423123437,238.79101562499997,245.1586456298828,281.39318847656256,245.16683959960935,280.8733825683594,203.34857177734375,238.77990722656241,201.85366821289062,25.74149880586623,-1.4550367219008489,260.33065884260486,4.312409723411829,19.90494143971239,223.75837423123437,0.017573379018178865,-0.00611634102993984,1.0
1758349579,807731689,camera_color_optical_frame,tag36h11,0,0,0.0,132.87704467773438,260.738048619352,223.340249852855,238.87062072753912,244.988754272461,282.1804809570313,245.06497192382812,281.4642944335937,202.82150268554682,238.86593627929693,201.18019104003906,26.25448991165294,-2.012829032380234,260.738048619352,4.535535223599535,19.62022977999385,223.340249852855,0.01835614198687232,-0.008436148470312557,1.0
1758349579,907796631,camera_color_optical_frame,tag36h11,0,0,0.0,131.89651489257812,261.49596581055636,222.0380459820117,239.18786621093747,244.01199340820312,283.29162597656244,244.03704833984375,282.6763916015625,201.1748809814453,239.1646118164063,199.49835205078125,26.872549610571127,-1.637781259050366,261.49596581055636,4.657471236388343,20.304095961195884,222.0380459820117,0.019035095876082986,-0.0068952799755621925,1.0
1758349579,941152344,camera_color_optical_frame,tag36h11,0,0,0.0,132.55592346191406,261.7551835148632,222.17838392175804,239.46737670898438,244.00296020507812,283.4125976562501,244.1028594970703,283.2372131347656,201.14283752441406,239.34700012207023,199.49388122558594,26.5911642320915,-0.1050974526373758,261.7551835148632,4.375381568693367,21.708005523671176,222.17838392175804,0.017723477207478928,-0.0006859401396176289,1.0
1758349579,974506836,camera_color_optical_frame,tag36h11,0,0,0.0,132.29367065429688,262.0862659676826,222.4800148550039,239.94946289062506,244.62551879882812,283.8491516113282,244.6992950439453,283.1578063964844,201.4001922607422,239.95051574707026,199.88005065917966,26.113186512512584,-1.9393536548077983,262.0862659676826,4.0916074530461195,20.20609037540359,222.4800148550039,0.016573929128294106,-0.008080166859240432,1.0
1758349580,7862305,camera_color_optical_frame,tag36h11,0,0,0.0,131.936767578125,262.21351349156515,222.69380787138064,239.97799682617182,244.78689575195312,284.04666137695324,244.81893920898438,283.24026489257807,201.80174255371094,239.9831390380858,200.16613769531253,26.667194123515685,-2.2734048166625436,262.21351349156515,4.539248618235259,19.792891643390732,222.69380787138064,0.018477633135366968,-0.009462771249464002,1.0
1758349580,41216553,camera_color_optical_frame,tag36h11,0,0,0.0,132.80105590820312,262.14669592541486,222.95476789384256,239.9898223876953,244.95637512207037,283.906494140625,245.0370635986328,283.16461181640625,202.08413696289062,239.9754791259766,200.45495605468753,26.4532273745412,-2.034614929030108,262.14669592541486,4.418736796204566,19.958356826538562,222.95476789384256,0.017872630290595232,-0.008507524929588601,1.0
1758349580,74572021,camera_color_optical_frame,tag36h11,0,0,0.0,133.0928497314453,262.0999093009158,223.1848597649473,239.98146057128906,245.10066223144528,283.61044311523443,245.13221740722662,283.1953430175781,202.28269958496097,239.9599914550781,200.59533691406247,26.69971835361423,-1.0998824294686593,262.0999093009158,4.684195302893553,20.797657341823395,223.1848597649473,0.01904601227813634,-0.004627283316997864,1.0
1758349580,107926514,camera_color_optical_frame,tag36h11,0,0,0.0,133.04869079589844,262.06538849329655,223.1248034954619,239.9595184326172,245.04812622070312,283.53622436523443,245.08525085449222,283.2070007324219,202.15777587890625,239.95040893554688,200.50552368164062,26.55860973693126,-0.897464085922588,262.06538849329655,4.561419009299097,21.021080966326338,223.1248034954619,0.01853751111955382,-0.0037587653404144417,1.0
1758349580,141281738,camera_color_optical_frame,tag36h11,0,0,0.0,131.3839569091797,261.87122446522415,223.05912369074838,239.72471618652352,244.89280700683597,283.3965148925782,244.9770050048828,283.2317504882812,202.0003204345703,239.57931518554685,200.3606414794922,26.48041959699259,0.0031317975609161733,261.87122446522415,4.397210808401264,21.8067497549348,223.05912369074838,0.017780739684091964,-0.0002848965574434483,1.0
1758349580,174635986,camera_color_optical_frame,tag36h11,0,0,0.0,132.2765655517578,261.5179406299277,222.83743945806367,239.20257568359375,244.8519439697266,283.34942626953125,244.903564453125,282.71694946289057,201.92424011230466,239.19047546386713,200.27000427246094,26.733028263382664,-1.7190504744186748,261.5179406299277,4.541974201023205,20.27483104592281,222.83743945806367,0.01844328451530986,-0.007211597226368216,1.0
1758349580,207991211,camera_color_optical_frame,tag36h11,0,0,0.0,132.5537567138672,260.98977094401613,222.82863879363998,238.80761718750006,244.9114379882812,282.85839843750006,245.00927734375,281.9366455078125,201.97558593750003,238.8194580078125,200.34201049804688,26.414142466317628,-2.6078148300282415,260.98977094401613,4.3954414731797975,19.463614667923338,222.82863879363998,0.01774595221268331,-0.01089552757085108,1.0
1758349580,241345459,camera_color_optical_frame,tag36h11,0,0,0.0,132.19725036621094,260.0333673462904,223.14881557409862,237.80467224121094,245.0710601806641,281.6036987304687,245.11619567871094,281.3477478027344,202.12828063964844,237.74513244628918,200.45031738281253,26.700946464811494,-0.5211555721433521,260.0333673462904,4.601665788891832,21.377924325566653,223.14881557409862,0.018683269391089042,-0.0023146651104268886,1.0
1758349580,274700684,camera_color_optical_frame,tag36h11,0,0,0.0,133.18141174316406,258.959816530333,223.18396844962572,236.86112976074216,245.11912536621094,280.4000244140625,245.14073181152347,280.0827941894531,202.21730041503903,236.8045501708984,200.4949188232422,26.742540936865282,-0.7031764313534219,258.959816530333,4.787943365395048,21.189649246911955,223.18396844962572,0.01948833221307903,-0.0030862058887572642,1.0
1758349580,308054932,camera_color_optical_frame,tag36h11,0,0,0.0,133.40335083007812,257.8608198285727,223.10459846908128,235.7506561279297,245.11219787597656,279.3933715820312,245.14340209960938,278.8910522460938,202.17192077636722,235.71719360351568,200.44035339355472,26.726624397587784,-1.2850731663912094,257.8608198285727,4.7984461959143765,20.67016475377895,223.10459846908128,0.01951198608643242,-0.005520961690957938,1.0
1758349580,341409912,camera_color_optical_frame,tag36h11,0,0,0.0,133.3267364501953,256.59661738313804,223.06412727310342,234.3562774658204,245.0794525146484,278.2496032714845,245.14413452148438,277.79010009765614,202.08506774902344,234.31655883789054,200.34468078613278,26.756711391300456,-1.1321655927626417,256.59661738313804,4.735353027651879,20.843687482365596,223.06412727310342,0.01918786075630647,-0.004914489425327854,1.0
1758349580,374764160,camera_color_optical_frame,tag36h11,0,0,0.0,132.32986450195312,255.29740068889998,222.99962274948487,232.95126342773435,244.993881225586,276.9280395507812,245.08546447753906,276.63241577148443,202.0005645751953,232.9085845947266,200.13964843750003,27.06940230379513,-0.6690420816582282,255.29740068889998,4.991962623701081,21.315153977431976,222.99962274948487,0.020185737996545928,-0.002962052854395344,1.0
1758349580,408119141,camera_color_optical_frame,tag36h11,0,0,0.0,132.00149536132812,253.9656972974732,222.99425278266864,231.547866821289,244.99592590332034,275.6030578613281,245.10269165039065,275.3555908203125,202.00143432617185,231.53929138183597,200.07958984375,27.211798889870664,-0.6392426058836754,253.9656972974732,5.122280397216169,21.37518725782249,222.99425278266864,0.020685819910466134,-0.002778922365754211,1.0
1758349580,441473145,camera_color_optical_frame,tag36h11,0,0,0.0,132.3509063720703,252.53080376168805,222.99425090588397,230.17291259765622,245.07684326171878,274.186767578125,245.1390075683594,273.73007202148443,202.0560150146484,230.15895080566403,200.11744689941403,27.2973623142953,-1.1831413432488438,252.53080376168805,5.28358243060509,20.847116894307902,222.99425090588397,0.021429992380368742,-0.0051700641789132395,1.0
1758349580,474828125,camera_color_optical_frame,tag36h11,0,0,0.0,133.2578125,250.70243111342418,222.97496846367272,228.28662109375003,245.11935424804685,272.46942138671875,245.15467834472653,271.8289489746094,202.10426330566406,228.28518676757812,200.13267517089844,27.476143481600133,-1.6992534685077152,250.70243111342418,5.450620842235448,20.337000986887915,222.97496846367272,0.022163483908963572,-0.0074466040499700575,1.0
1758349580,508181885,camera_color_optical_frame,tag36h11,0,0,0.0,131.99551391601562,248.78134566893954,222.99177490064866,226.4205627441406,245.1123046875,270.45965576171875,245.16508483886716,269.8988342285156,202.10118103027347,226.37371826171872,200.07249450683597,27.493999171331012,-1.341452598836833,248.78134566893954,5.558869962871906,20.670226273857935,222.99177490064866,0.022569423110088672,-0.006026340308649091,1.0
1758349580,541536865,camera_color_optical_frame,tag36h11,0,0,0.0,132.8074951171875,247.0693924617973,222.77570364605117,224.64691162109378,245.08045959472653,269.07012939453125,245.13102722167966,267.9648132324218,201.98999023437503,224.55587768554685,199.8993377685547,27.721044825343256,-2.6207791931798234,247.0693924617973,5.757003426242417,19.42208455498519,222.77570364605117,0.023385905052043104,-0.011866496686632559,1.0
1758349580,574890625,camera_color_optical_frame,tag36h11,0,0,0.0,131.85174560546875,245.82928315112008,222.65202477267786,223.35476684570315,244.95011901855472,267.8908081054688,245.10678100585938,266.8517761230469,201.79455566406247,223.32826232910153,199.74993896484372,27.31708069844578,-2.613496115368941,245.82928315112008,5.375487455932497,19.496622084004258,222.65202477267786,0.021622295788276718,-0.01175984605581722,1.0
1758349580,608245361,camera_color_optical_frame,tag36h11,0,0,0.0,131.8133087158203,244.41133011702001,222.76029819148482,221.90663146972662,244.91352844238287,266.0957336425781,245.0778961181641,265.75466918945307,201.75028991699213,221.90759277343753,199.59944152832028,27.50022718739129,-0.8818927673195793,244.41133011702001,5.597684660994499,21.264132696290147,222.76029819148482,0.02251397466874475,-0.003972035544155543,1.0
1758349580,641599365,camera_color_optical_frame,tag36h11,0,0,0.0,132.96670532226562,242.4948380116884,222.8419761787235,219.95086669921878,244.99090576171878,264.0776062011719,245.12637329101565,263.9190673828125,201.79316711425778,219.95684814453125,199.571304321289,27.722785384248937,-0.4226935325633525,242.4948380116884,5.840849153444534,21.75057430768115,222.8419761787235,0.02355862526281171,-0.001908460584150136,1.0
1758349580,674954102,camera_color_optical_frame,tag36h11,0,0,0.0,132.85870361328125,240.18531618056136,222.79486151182667,217.58508300781244,244.99504089355466,261.8520812988281,245.12960815429688,261.5823059082031,201.77662658691406,217.56613159179688,199.47833251953128,27.92448853581527,-0.6262980497017401,240.18531618056136,6.05326123218725,21.553275066959714,222.79486151182667,0.02442714991033131,-0.0029210181281663296,1.0
1758349580,708307617,camera_color_optical_frame,tag36h11,0,0,0.0,133.84942626953125,238.38067407405688,222.72165397203344,215.868148803711,244.92198181152344,259.94830322265625,245.1125335693359,259.7507019042969,201.64797973632815,215.84288024902347,199.3235778808594,27.709153808880245,-0.42357334086249865,238.38067407405688,5.9793983115655704,21.80309768543424,222.72165397203344,0.024015919901697776,-0.0020194257967883094,1.0
1758349580,741662354,camera_color_optical_frame,tag36h11,0,0,0.0,132.4300994873047,236.2308667862567,222.58890260061986,213.54489135742188,244.89349365234375,258.10964965820307,245.0958557128906,257.63360595703125,201.5459747314453,213.51638793945312,199.22225952148438,27.808614288048574,-1.0927509474971038,236.2308667862567,5.961686956220458,21.138462800092128,222.58890260061986,0.023923092707180436,-0.005182683446966842,1.0
1758349580,775015869,camera_color_optical_frame,tag36h11,0,0,0.0,133.4257049560547,233.792421249782,222.52601744448992,211.09156799316403,244.98645019531253,255.8346099853515,245.14726257324216,254.9482116699219,201.59428405761716,211.06721496582034,199.2038116455078,28.0415211232407,-2.0960557277311924,233.792421249782,6.265933472054794,20.095531122332318,222.52601744448992,0.02524343904903888,-0.009986407718667052,1.0
1758349581,41868652,camera_color_optical_frame,tag36h11,0,0,0.0,132.77847290039062,212.30822989655556,222.25806716259504,189.06671142578125,245.0191650390625,234.25558471679685,245.17544555664065,233.84182739257812,201.16958618164062,189.0586090087891,197.98086547851562,29.57517458790082,-0.8781845470245403,212.30822989655556,8.283332890051778,21.698316029559294,222.25806716259504,0.0334787736501574,-0.0046656496053456694,1.0
1758349581,75226074,camera_color_optical_frame,tag36h11,0,0,0.0,134.7257537841797,210.11166040682767,222.18080368416773,186.89418029785153,245.02342224121094,232.1017608642578,245.18724060058594,231.54782104492188,201.09074401855472,186.8868865966797,197.8826293945313,29.50055187146836,-1.1724959535830184,210.11166040682767,8.31677557038429,21.384939333637192,222.18080368416773,0.03359935812717156,-0.006292562018192924,1.0
1758349581,208653564,camera_color_optical_frame,tag36h11,0,0,0.0,134.4781494140625,200.47541301684277,222.02089982746634,177.03247070312503,244.9978790283203,222.68902587890625,245.40339660644528,222.08151245117188,200.84425354003906,177.0351715087891,197.34722900390628,29.429071141519955,-1.232245206662407,200.47541301684277,8.494318195167633,21.481681810513578,222.02089982746634,0.03382115678668562,-0.006953137362829434,1.0
1758349581,242009766,camera_color_optical_frame,tag36h11,0,0,0.0,135.04010009765625,198.37314657480474,221.9889740226184,174.8210906982422,244.9675598144531,220.7091827392578,245.50608825683594,220.07911682128903,200.8115234375,174.8202972412109,197.19070434570312,29.435761730108908,-1.2472879395807244,198.37314657480474,8.52038921262982,21.5066900829066,221.9889740226184,0.0336533745521712,-0.007136862853656798,1.0
1758349581,275366943,camera_color_optical_frame,tag36h11,0,0,0.0,135.79322814941406,196.46992865162233,221.8693062774337,172.8571014404297,244.95086669921872,218.983413696289,245.54243469238278,218.0955047607422,200.73028564453125,172.85615539550787,197.03921508789062,29.471565510841543,-1.7345992217122106,196.46992865162233,8.604435998962142,20.925694463247908,221.8693062774337,0.03389086425449864,-0.010037545154691588,1.0
1758349581,308723145,camera_color_optical_frame,tag36h11,0,0,0.0,134.94790649414062,194.22732545606493,221.84276840850848,170.51034545898438,244.939697265625,216.8297271728515,245.62110900878903,215.94860839843753,200.68936157226565,170.50007629394537,196.88105773925784,29.536416656754767,-1.66955988676437,194.22732545606493,8.701456038303942,21.04037169704111,221.84276840850848,0.034100140522993504,-0.009820927880683134,1.0
1758349581,342080566,camera_color_optical_frame,tag36h11,0,0,0.0,135.27035522460938,192.2756407353275,221.82286262010837,168.38812255859372,244.96905517578128,214.68464660644528,245.39111328124997,214.26722717285156,200.51376342773435,168.34950256347656,196.65899658203125,30.14220569090199,-0.7038699544000566,192.2756407353275,9.290012179916001,22.31297738106815,221.82286262010837,0.037033548928832295,-0.004290965905323745,1.0
1758349581,375436768,camera_color_optical_frame,tag36h11,0,0,0.0,134.51622009277344,190.13014883544625,221.58144262981352,166.19462585449222,244.94401550292972,212.58927917480472,245.23912048339844,211.89724731445312,200.33538818359372,166.1879119873047,196.36151123046875,30.537443214305796,-1.2834151649807894,190.13014883544625,9.8776425224608,21.618505571181007,221.58144262981352,0.039704476375358795,-0.007741915815664045,1.0
1758349581,408793945,camera_color_optical_frame,tag36h11,0,0,0.0,136.8438720703125,187.86818687659127,221.59926694907097,163.93572998046875,244.94161987304693,210.1633453369141,245.26368713378906,209.73426818847656,200.27233886718744,163.94140624999997,196.20301818847656,30.52145539709946,-0.8075866973802533,187.86818687659127,10.015642431332932,22.30652073028077,221.59926694907097,0.04020927256751714,-0.004909538317934244,1.0
1758349581,442150146,camera_color_optical_frame,tag36h11,0,0,0.0,136.0309295654297,185.2449828639485,221.32417609740028,161.11280822753906,244.87094116210938,207.91162109374997,245.21046447753906,207.0600128173828,200.03834533691406,161.1054382324219,195.88572692871094,30.733215913795505,-1.5239728616928916,185.2449828639485,10.202420974372895,21.40019975375927,221.32417609740028,0.04094939634318972,-0.009481194672293235,1.0
1758349581,475507324,camera_color_optical_frame,tag36h11,0,0,0.0,136.8066864013672,183.04936684443877,221.27395846738648,158.95362854003906,244.75404357910162,205.47778320312503,245.1692352294922,205.07226562499997,199.81375122070307,158.9556732177734,195.6044921875,30.511806295466158,-0.7282316786819025,183.04936684443877,10.095894974235105,22.575311219361286,221.27395846738648,0.040370602381652625,-0.004575208137852364,1.0
1758349581,508863281,camera_color_optical_frame,tag36h11,0,0,0.0,136.21774291992188,180.3361999183829,221.1298038151045,156.0624847412109,244.7713470458984,203.06385803222653,245.19001770019528,202.32899475097656,199.70977783203125,156.06103515625,195.43135070800778,30.690401884475563,-1.2771310541082472,180.3361999183829,10.279180627503987,21.85359484577913,221.1298038151045,0.04111164696826146,-0.008187951036794185,1.0
1758349581,542220459,camera_color_optical_frame,tag36h11,0,0,0.0,137.94427490234375,177.6015116132453,221.2330302355253,153.2133941650391,244.79823303222656,200.09169006347656,245.20277404785156,199.91619873046875,199.67129516601562,153.22462463378912,195.2524566650391,30.86770476004733,-0.3225159350751824,177.6015116132453,10.571849291918763,23.26892358835187,221.2330302355253,0.0423264332164568,-0.002069836992068111,1.0
1758349581,575576660,camera_color_optical_frame,tag36h11,0,0,0.0,138.73934936523438,175.22042738509904,221.08692933366453,150.69781494140625,244.75509643554682,197.84645080566403,245.18721008300778,197.57054138183594,199.51556396484378,150.71388244628906,194.9835968017578,31.013549580009368,-0.49373804224236434,175.22042738509904,10.779427390144686,23.10346951208712,221.08692933366453,0.043123719850523504,-0.0032251617259923403,1.0
1758349581,608933594,camera_color_optical_frame,tag36h11,0,0,0.0,137.14051818847656,172.49164873880636,220.989187172702,148.01095581054688,244.82899475097653,195.24919128417966,245.2424774169922,194.59478759765628,199.46469116210943,148.01255798339847,194.9011993408203,30.954169977034383,-1.0807330023173107,172.49164873880636,10.923509380232243,22.267690247508686,220.989187172702,0.043741687255492136,-0.007296494409664809,1.0
1758349581,642289795,camera_color_optical_frame,tag36h11,0,0,0.0,138.91514587402344,169.34871980744268,221.0544496881163,144.7445220947266,244.8543243408203,192.11090087890625,245.38047790527344,191.70159912109378,199.43229675292972,144.72439575195315,194.73834228515628,30.927699763175013,-0.6161548956655679,169.34871980744268,10.954092928702064,23.014628585292886,221.0544496881163,0.043620540792755076,-0.004323635924225611,1.0
1758349581,675646729,camera_color_optical_frame,tag36h11,0,0,0.0,137.1243438720703,166.62195802592385,220.93096274601447,141.96960449218753,244.84829711914068,189.3939361572266,245.3500213623047,188.9521636962891,199.26654052734375,141.96969604492188,194.4956207275391,30.975202896503134,-0.6941037219513589,166.62195802592385,11.165604963651585,22.981130503094025,220.93096274601447,0.04453695103822877,-0.004888791252293101,1.0
1758349581,709002686,camera_color_optical_frame,tag36h11,0,0,0.0,136.86172485351562,163.86528971641798,220.72843605349115,138.99974060058594,244.82017517089844,187.05619812011716,245.38278198242185,186.19398498535156,199.0946044921875,138.99134826660153,194.28485107421872,31.039055893339253,-1.2982099806980272,163.86528971641798,11.157416046837024,22.089224090506523,220.72843605349115,0.044384669470178904,-0.009368788816301795,1.0
1758349581,742359863,camera_color_optical_frame,tag36h11,0,0,0.0,137.8345184326172,161.06026964341973,220.7297473444417,136.07212829589844,244.7896881103516,184.03285217285156,245.32191467285156,183.6744537353516,198.95558166503903,136.07099914550778,193.97871398925778,31.24244592341384,-0.5316961765795383,161.06026964341973,11.527636627924007,23.37976504814927,220.7297473444417,0.04595918222293251,-0.003911432997514676,1.0
1758349581,775715820,camera_color_optical_frame,tag36h11,0,0,0.0,139.28097534179688,158.17167144238263,220.61954137955018,133.09367370605472,244.78077697753903,181.2416534423828,245.32385253906247,180.86677551269534,198.7540893554688,133.08407592773438,193.75468444824222,31.189963197927824,-0.5266671594197532,158.17167144238263,11.51535030696348,23.467067557517144,220.61954137955018,0.04588773798934957,-0.0039916622568369545,1.0
1758349581,809072754,camera_color_optical_frame,tag36h11,0,0,0.0,137.9652862548828,155.4197532941208,220.53062358148196,130.3486633300781,244.77612304687494,178.51617431640625,245.3729705810547,178.06472778320312,198.63134765625,130.30256652832034,193.51475524902344,31.138587175546434,-0.5600592072818755,155.4197532941208,11.663354850719568,23.463252466274216,220.53062358148196,0.04637880188758268,-0.004466034181068564,1.0
1758349581,842434570,camera_color_optical_frame,tag36h11,0,0,0.0,138.76031494140625,152.70009499769716,220.32300617820536,127.54809570312501,244.76751708984372,176.13787841796878,245.4636383056641,175.12678527832028,198.5271453857422,127.5144805908203,193.30755615234375,31.11362310452671,-1.344335602449712,152.70009499769716,11.769960743872726,22.194179659183366,220.32300617820536,0.04661316494294645,-0.010666870263610276,1.0
1758349581,875797363,camera_color_optical_frame,tag36h11,0,0,0.0,139.4007568359375,149.60130832151287,220.32007324842627,124.24189758300784,244.74839782714844,173.03425598144528,245.51377868652344,172.30950927734372,198.44561767578128,124.20822906494143,193.01895141601562,31.29576182165846,-0.9163158723984508,149.60130832151287,12.06044522540611,22.989464892966428,220.32007324842627,0.047650532987060776,-0.0075053128979677185,1.0
1758349581,909159424,camera_color_optical_frame,tag36h11,0,0,0.0,140.4510040283203,147.0575519788307,220.20167143185037,121.59600067138669,244.72428894042966,170.41163635253906,245.4061584472656,169.85955810546878,198.24052429199222,121.59025573730464,192.7165374755859,31.446164939346602,-0.7158882536566806,147.0575519788307,12.394803221474003,23.43198082714895,220.20167143185037,0.04919459081958655,-0.0059100330871436355,1.0
1758349581,942522217,camera_color_optical_frame,tag36h11,0,0,0.0,139.42803955078125,144.2095071543537,220.16026983668021,118.59280395507815,244.72865295410153,167.5570220947266,245.37242126464844,167.232421875,198.07952880859378,118.57055664062497,192.47367858886716,31.563088293967695,-0.37777331159812766,144.2095071543537,12.586047321765019,24.103868210924734,220.16026983668021,0.050051787037996134,-0.0032748752499265218,1.0
1758349581,975884277,camera_color_optical_frame,tag36h11,0,0,0.0,138.81309509277344,141.35228511123773,219.89311084488835,115.6420211791992,244.7153625488281,165.09527587890625,245.46437072753906,164.10877990722656,197.922607421875,115.6472930908203,192.2087707519531,31.525816308561474,-1.2321611895174498,141.35228511123773,12.701276422147853,22.60953957013442,219.89311084488835,0.050311155783412595,-0.010633071013862475,1.0
1758349582,9247559,camera_color_optical_frame,tag36h11,0,0,0.0,140.07913208007812,138.5432478610524,219.92607311985793,112.58187103271482,244.69047546386722,162.10049438476562,245.38964843750003,161.7774810791016,197.76307678222653,112.55902862548828,191.83912658691403,31.85032988890302,-0.3519885586499298,138.5432478610524,13.142419044787454,24.34247965117996,219.92607311985793,0.05221170436334974,-0.003222990068063822,1.0
1758349582,42609619,camera_color_optical_frame,tag36h11,0,0,0.0,139.51358032226562,135.5566270752922,219.84761267337004,109.5324478149414,244.68096923828128,159.23025512695312,245.49107360839844,158.85339355468753,197.6168670654297,109.52653503417972,191.651611328125,31.652006606825353,-0.42923813795842974,135.5566270752922,12.989785007147555,24.292460180049975,219.84761267337004,0.05135474675684219,-0.003944533093696786,1.0
1758349582,75972900,camera_color_optical_frame,tag36h11,0,0,0.0,141.33494567871094,132.5254584211255,219.69519443049617,106.42418670654298,244.68408203125003,156.39616394042972,245.55154418945312,155.76139831542966,197.4495239257812,106.41525268554686,191.41305541992185,31.580190052053666,-0.7018243245761311,132.5254584211255,13.040154358858953,23.818650587728857,219.69519443049617,0.05144179767990415,-0.006634687124158687,1.0
1758349582,109335205,camera_color_optical_frame,tag36h11,0,0,0.0,140.65414428710938,129.58695791050937,219.60001128344263,103.42424774169922,244.67787170410156,153.4740447998047,245.55610656738278,152.86099243164065,197.29104614257812,103.42681884765625,191.1739807128906,31.5317817938121,-0.6741884582563613,129.58695791050937,13.16394734339394,23.94485083554895,219.60001128344263,0.0519249490115792,-0.006506803843430904,1.0
1758349582,142698486,camera_color_optical_frame,tag36h11,0,0,0.0,141.70770263671875,126.70758820273379,219.52851108483452,100.27890777587889,244.63961791992188,150.70545959472653,245.57711791992185,150.2510986328125,197.1587371826172,100.27630615234375,190.8385467529297,31.744176965560513,-0.47415748812613273,126.70758820273379,13.455991424738835,24.44270480135106,219.52851108483452,0.05299477840589725,-0.004740733031577678,1.0
1758349582,176061035,camera_color_optical_frame,tag36h11,0,0,0.0,142.0424346923828,123.78995899065237,219.32357848944122,97.25167846679686,244.63189697265628,147.85427856445312,245.4748077392578,147.31393432617188,196.88986206054685,97.25502014160158,190.48747253417972,31.838770957736344,-0.555143395331663,123.78995899065237,13.779159068782713,24.357913659621577,219.32357848944122,0.05451915866736412,-0.005691975181721088,1.0
1758349582,209424561,camera_color_optical_frame,tag36h11,0,0,0.0,140.67860412597656,121.23499118910891,219.18831696707485,94.46297454833983,244.62963867187503,145.73371887207028,245.64476013183597,144.78443908691406,196.80938720703122,94.43366241455078,190.24526977539057,31.930686083302305,-0.89070594703889,121.23499118910891,13.853436260862335,23.628762660970185,219.18831696707485,0.05446230374646525,-0.009577341611901616,1.0
1758349582,242787109,camera_color_optical_frame,tag36h11,0,0,0.0,141.74270629882812,119.35086514005475,219.1238785450628,92.580696105957,244.61106872558588,143.51205444335938,245.44921874999997,143.04986572265625,196.5606689453125,92.56403350830075,189.93771362304688,31.98055409896527,-0.42336946800070885,119.35086514005475,14.186355952574042,24.78838351080137,219.1238785450628,0.056194037680043454,-0.004658329712188134,1.0
1758349582,276150635,camera_color_optical_frame,tag36h11,0,0,0.0,141.3612518310547,116.88910081959659,219.0042611597589,89.85984802246095,244.6077728271484,141.16804504394534,245.38899230957034,140.78961181640625,196.36445617675784,89.80132293701172,189.56707763671872,32.273928802078274,-0.27563749614290006,116.88910081959659,14.613218047660547,25.18986710038533,219.0042611597589,0.0580572270103875,-0.0033752550443974997,1.0
1758349582,309513428,camera_color_optical_frame,tag36h11,0,0,0.0,140.931396484375,114.31992366325605,218.76084953586155,87.08409118652345,244.57502746582026,138.78196716308594,245.31088256835935,138.23870849609375,196.09057617187503,87.06680297851561,189.18150329589844,32.417403857837584,-0.46527136122053864,114.31992366325605,14.917222984202846,24.87228474285843,218.76084953586155,0.05940687593497499,-0.005436686940713414,1.0
1758349582,342877197,camera_color_optical_frame,tag36h11,0,0,0.0,142.6148223876953,111.43210153737793,218.4727390371729,84.10594177246094,244.5404205322266,136.10908508300778,245.24272155761716,135.2299041748047,195.77091979980466,84.08003234863286,188.80078125,32.40292762863433,-0.7278643512444714,111.43210153737793,15.094322538218842,24.28487058743497,218.4727390371729,0.06021547484694849,-0.008800246190520793,1.0
1758349582,376239990,camera_color_optical_frame,tag36h11,0,0,0.0,142.60873413085938,108.36022511540799,218.39718365460385,80.93243408203125,244.5578460693359,133.07391357421878,245.3115234375,132.25062561035156,195.61048889160153,80.89721679687499,188.48870849609372,32.366095505399116,-0.6404117307134751,108.36022511540799,15.268627600452556,24.57178617450757,218.39718365460385,0.06081151182981514,-0.008119025920741024,1.0
1758349582,409604004,camera_color_optical_frame,tag36h11,0,0,0.0,144.4458465576172,105.43833592043637,218.22666018798472,77.77244567871097,244.3639678955078,130.16677856445318,245.20225524902344,129.7558441162109,195.25273132324222,77.65979766845697,187.9237976074219,32.482577123335645,-0.19283286137811587,105.43833592043637,15.411011979777493,25.80821905185653,218.22666018798472,0.06125093095529062,-0.0031615958627984856,1.0
1758349582,442966797,camera_color_optical_frame,tag36h11,0,0,0.0,143.44927978515625,102.84348567843064,218.06732396208284,74.98301696777342,244.4993133544922,127.86507415771484,245.26446533203128,126.98136901855472,195.16705322265625,74.97019958496095,187.77053833007812,32.57182867610737,-0.6567078865862979,102.84348567843064,15.745900277606774,24.67407404697548,218.06732396208284,0.06275149991587291,-0.008838949083312633,1.0
1758349582,476330811,camera_color_optical_frame,tag36h11,0,0,0.0,144.4543914794922,99.94063991625663,218.1062444212433,72.03283691406253,244.52618408203122,124.89900207519533,245.40130615234378,124.28522491455077,195.059555053711,71.9963912963867,187.5457458496094,32.4138544884225,-0.406043657859166,99.94063991625663,15.700351233567511,25.445452960864035,218.1062444212433,0.06231681808971369,-0.005875625169849441,1.0
1758349582,509693848,camera_color_optical_frame,tag36h11,0,0,0.0,144.52462768554688,97.0163672078613,217.9389496437147,68.88277435302739,244.51480102539054,122.09864044189457,245.36715698242188,121.48299407958979,194.82702636718753,68.85234832763666,187.14076232910156,32.54233912398588,-0.39333995192367266,97.0163672078613,16.049797575678863,25.579570777702035,217.9389496437147,0.06379553936557775,-0.005918351606129181,1.0
1758349582,543058105,camera_color_optical_frame,tag36h11,0,0,0.0,144.4640655517578,94.3457047019919,217.73056368045368,66.03482818603517,244.48408508300778,119.65894317626953,245.37730407714847,118.86383056640625,194.56115722656253,66.04017639160156,186.81568908691403,32.52136467753546,-0.5303478629935026,94.3457047019919,16.069584609130086,25.27086895988521,217.73056368045368,0.06379986360336029,-0.007993100122027377,1.0
1758349582,576421387,camera_color_optical_frame,tag36h11,0,0,0.0,145.312744140625,91.23512948918594,217.60586535973655,62.850799560546896,244.48638916015625,116.70370483398439,245.4498443603516,115.77240753173827,194.36857604980466,62.78743743896483,186.5049133300781,32.4350747163669,-0.5180938447468233,91.23512948918594,16.149106577938763,25.257082252966857,217.60586535973655,0.06397395540558301,-0.008719449681067007,1.0
1758349582,609785645,camera_color_optical_frame,tag36h11,0,0,0.0,144.66293334960938,88.22667626814712,217.49986957747367,59.48236846923829,244.46760559082037,113.88526916503905,245.48147583007807,113.09720611572264,194.1664886474609,59.438098907470696,186.10490417480472,32.6237499752182,-0.4182764699454051,88.22667626814712,16.394520564733906,25.6989890587941,217.49986957747367,0.06486930411040696,-0.007382671674272331,1.0
1758349582,643148926,camera_color_optical_frame,tag36h11,0,0,0.0,145.18031311035156,85.29414382685658,217.3226834940492,56.297946929931655,244.4312896728516,110.97657775878906,245.3695831298828,110.37858581542969,193.87118530273438,56.277839660644545,185.6349792480469,32.757377007837334,-0.3109568825051181,85.29414382685658,16.78683350350681,26.215262139344933,217.3226834940492,0.06664078259707122,-0.005691108981243306,1.0
1758349582,676513428,camera_color_optical_frame,tag36h11,0,0,0.0,146.106689453125,82.28138107508082,217.35234530912564,53.17744064331055,244.4716033935547,108.0616683959961,245.62155151367185,107.5475082397461,193.80918884277344,53.16551971435545,185.425537109375,32.60192481093526,-0.25564507604217934,82.28138107508082,16.66538830220497,26.528159418504462,217.35234530912564,0.06567420393658761,-0.004912672938227886,1.0
1758349582,709876709,camera_color_optical_frame,tag36h11,0,0,0.0,146.81588745117188,79.52740810552142,217.10878242941035,50.27698135375976,244.41302490234378,105.2881164550781,245.4212341308594,104.86550903320312,193.45655822753906,50.26575088500979,184.94859313964847,32.656850086424484,-0.19689664608787294,79.52740810552142,17.070368809263893,26.85768181522022,217.10878242941035,0.0676485599053687,-0.004020818082879058,1.0
1758349582,743241455,camera_color_optical_frame,tag36h11,0,0,0.0,145.68614196777344,77.13365390846832,217.0237239186706,47.695480346679716,244.39646911621097,103.13657379150392,245.47187805175778,102.66362762451169,193.28497314453122,47.50539398193359,184.60931396484378,32.776677504384566,-0.052613971411156174,77.13365390846832,17.22430376015097,27.220617511440796,217.0237239186706,0.06813338402035456,-0.0029659715026093395,1.0
1758349582,776604980,camera_color_optical_frame,tag36h11,0,0,0.0,147.0349578857422,74.41151395777086,216.85856358894458,44.91542053222656,244.38868713378906,100.35197448730469,245.4545745849609,99.9265594482422,193.04414367675784,44.856842041015625,184.27835083007815,32.611290647304784,-0.13524342873652384,74.41151395777086,17.36872363507302,27.212918521823216,216.85856358894458,0.06874733553986828,-0.0036206977988117862,1.0
1758349582,809970703,camera_color_optical_frame,tag36h11,0,0,0.0,147.1945343017578,71.12308589396915,216.71691208791168,41.220195770263686,244.41253662109375,97.46575164794923,245.56838989257807,96.90381622314452,192.83917236328122,41.165901184082024,183.90667724609375,32.777216950137344,-0.17713125666136273,71.12308589396915,17.50753505477098,27.10973240874998,216.71691208791168,0.06911472324131622,-0.00491350554488901,1.0
1758349582,943395508,camera_color_optical_frame,tag36h11,0,0,0.0,147.9146270751953,60.28631511203652,215.68816034767266,29.841941833496108,243.83987426757807,87.10959625244142,245.25651550292972,86.49325561523436,191.45477294921875,29.694822311401367,181.96595764160153,32.60845544022373,-0.06805005138965581,60.28631511203652,17.87601144136377,27.788870757866878,215.68816034767266,0.07021494251279059,-0.004583548333656722,1.0
1758349582,976751221,camera_color_optical_frame,tag36h11,0,0,0.0,149.37107849121094,57.884534165031674,215.60297118432672,27.004018783569332,243.927505493164,84.9251480102539,245.3137512207031,84.29628753662108,191.37731933593753,26.961313247680657,181.6261901855469,32.85799507869707,-0.1288172932729392,57.884534165031674,18.422179528545566,27.72051722419923,215.60297118432672,0.07249132890756953,-0.005508061012468997,1.0
1758349583,10107666,camera_color_optical_frame,tag36h11,0,0,0.0,149.66482543945312,55.18782276695667,215.41181020327977,24.208076477050774,243.84957885742188,82.29187774658202,245.2870178222656,81.79640197753906,190.98654174804682,24.217164993286143,181.27467346191403,32.700130347400766,-0.11709855778507826,55.18782276695667,18.138842693352043,28.067525657905495,215.41181020327977,0.07124175113409861,-0.004661950550827721,1.0
1758349583,43463379,camera_color_optical_frame,tag36h11,0,0,0.0,148.93174743652344,52.388787516936226,215.2561504641504,21.1867446899414,243.88383483886713,79.73450469970702,245.319839477539,78.96733093261719,190.8704986572266,21.10620880126953,180.8643035888672,32.79860934816216,-0.09875898470736752,52.388787516936226,18.71213087329215,27.824665954254503,215.2561504641504,0.07358386446379021,-0.006434351202893705,1.0
1758349583,76819824,camera_color_optical_frame,tag36h11,0,0,0.0,150.3514862060547,49.40126888213636,214.9467225550839,18.094093322753906,243.85453796386713,77.00710296630861,245.30949401855472,75.89395141601561,190.48442077636722,18.023885726928704,180.43574523925778,32.6721099400179,-0.1422299789143946,49.40126888213636,18.726405217818805,27.322129715063827,214.9467225550839,0.07361934042840626,-0.009676591159087705,1.0
1758349583,143531982,camera_color_optical_frame,tag36h11,0,0,0.0,150.50015258789062,42.296713890477584,214.70626480767157,10.471356391906747,243.77638244628903,70.01351165771484,245.30281066894534,69.46071624755858,189.89395141601565,10.401548385620101,179.49722290039062,32.63852288489555,-0.014284022775975957,42.296713890477584,18.991828852540802,28.79867093654264,214.70626480767157,0.07455652088316833,-0.0044637490925742325,1.0
1758349583,176887451,camera_color_optical_frame,tag36h11,0,0,0.0,150.47044372558594,38.52268433857995,214.3794413319262,6.292543411254899,243.734115600586,66.69319915771484,245.3067169189453,65.84564971923827,189.49414062499997,6.2364106178283585,178.93363952636722,32.72974032540348,-0.018906135358528458,38.52268433857995,19.178103488527906,28.449088322446986,214.3794413319262,0.07523884478185187,-0.00716114828129586,1.0
1758349583,210243896,camera_color_optical_frame,tag36h11,0,0,0.0,151.085693359375,35.51280258720179,214.30061515419408,3.132640361785897,243.83761596679682,63.81280517578125,245.39880371093747,62.82824707031251,189.38362121582034,2.976247787475586,178.54698181152344,32.694879218654634,0.0489363086053405,35.51280258720179,19.66904978430264,28.518285316985104,214.30061515419408,0.07724032502467454,-0.0076020615689400385,1.0
1758349583,243599365,camera_color_optical_frame,
1758349583,276955811,camera_color_optical_frame,
1758349583,310311279,camera_color_optical_frame,
1758349583,343667725,camera_color_optical_frame,
1758349583,443734863,camera_color_optical_frame,
1758349583,477091064,camera_color_optical_frame,
1758349583,510446533,camera_color_optical_frame,
1758349583,543802734,camera_color_optical_frame,
1758349583,577157959,camera_color_optical_frame,
1758349583,610514160,camera_color_optical_frame,
1758349583,643869385,camera_color_optical_frame,
1758349583,677225586,camera_color_optical_frame,
1758349583,710580811,camera_color_optical_frame,
1758349583,743937012,camera_color_optical_frame,
1758349583,777292236,camera_color_optical_frame,
1758349583,810647705,camera_color_optical_frame,
1758349583,844003662,camera_color_optical_frame,
1758349583,877360596,camera_color_optical_frame,
1758349583,910716553,camera_color_optical_frame,
1758349583,944073486,camera_color_optical_frame,
1758349584,44142090,camera_color_optical_frame,
1758349584,77498779,camera_color_optical_frame,
1758349584,110854736,camera_color_optical_frame,
1758349584,144211426,camera_color_optical_frame,
1758349584,177567139,camera_color_optical_frame,
1758349584,210924072,camera_color_optical_frame,
1758349584,244279785,camera_color_optical_frame,
1758349584,277636475,camera_color_optical_frame,
1758349584,310992188,camera_color_optical_frame,
1758349584,344348877,camera_color_optical_frame,
1758349584,377704346,camera_color_optical_frame,
1758349584,411061035,camera_color_optical_frame,
1758349584,444416748,camera_color_optical_frame,
1758349584,477773193,camera_color_optical_frame,
1758349584,511128906,camera_color_optical_frame,
1758349584,544485352,camera_color_optical_frame,
1758349584,577841064,camera_color_optical_frame,
1758349584,611197510,camera_color_optical_frame,
1758349584,644552979,camera_color_optical_frame,
1758349584,677909424,camera_color_optical_frame,
1758349584,711264893,camera_color_optical_frame,
1758349584,744621338,camera_color_optical_frame,
1758349584,777976807,camera_color_optical_frame,
1758349584,811329834,camera_color_optical_frame,
1758349584,911410156,camera_color_optical_frame,
1758349584,944770996,camera_color_optical_frame,
1758349584,978130859,camera_color_optical_frame,
1758349585,11491699,camera_color_optical_frame,
1758349585,44851563,camera_color_optical_frame,
1758349585,78212646,camera_color_optical_frame,
1758349585,111572510,camera_color_optical_frame,
1758349585,144933594,camera_color_optical_frame,
1758349585,178293701,camera_color_optical_frame,
1758349585,211654785,camera_color_optical_frame,
1758349585,245014893,camera_color_optical_frame,
1758349585,278375977,camera_color_optical_frame,
1758349585,311736328,camera_color_optical_frame,
1758349585,345097412,camera_color_optical_frame,
1758349585,378457764,camera_color_optical_frame,
1758349585,411819092,camera_color_optical_frame,
1758349585,445179199,camera_color_optical_frame,
1758349585,478540527,camera_color_optical_frame,
1758349585,511901123,camera_color_optical_frame,
1758349585,545262451,camera_color_optical_frame,
1758349585,578622803,camera_color_optical_frame,
1758349585,678706543,camera_color_optical_frame,
1758349585,712067139,camera_color_optical_frame,
1758349585,745428711,camera_color_optical_frame,
1758349585,778789307,camera_color_optical_frame,
1758349585,812153076,camera_color_optical_frame,
1758349585,845510986,camera_color_optical_frame,
1758349585,878869873,camera_color_optical_frame,
1758349585,912227539,camera_color_optical_frame,
1758349585,945586426,camera_color_optical_frame,
1758349585,978944336,camera_color_optical_frame,
1758349586,12303223,camera_color_optical_frame,
1758349586,45661133,camera_color_optical_frame,
1758349586,79020020,camera_color_optical_frame,
1758349586,112377686,camera_color_optical_frame,
1758349586,145736572,camera_color_optical_frame,
1758349586,179094482,camera_color_optical_frame,
1758349586,212453369,camera_color_optical_frame,
1758349586,245811279,camera_color_optical_frame,
1758349586,279170166,camera_color_optical_frame,
1758349586,345886963,camera_color_optical_frame,
1758349586,379244873,camera_color_optical_frame,
1758349586,412603760,camera_color_optical_frame,
1758349586,445961426,camera_color_optical_frame,
1758349586,479320313,camera_color_optical_frame,
1758349586,512678223,camera_color_optical_frame,
1758349586,546037109,camera_color_optical_frame,
1758349586,579395020,camera_color_optical_frame,
1758349586,612753906,camera_color_optical_frame,
1758349586,646111816,camera_color_optical_frame,
1758349586,679470703,camera_color_optical_frame,
1758349586,712828613,camera_color_optical_frame,
1758349586,746187500,camera_color_optical_frame,
1758349586,912983154,camera_color_optical_frame,
1758349586,946343994,camera_color_optical_frame,
1758349586,979703613,camera_color_optical_frame,
1758349587,13064453,camera_color_optical_frame,
1758349587,213227051,camera_color_optical_frame,
1758349587,246586914,camera_color_optical_frame,
1758349587,279947998,camera_color_optical_frame,
1758349587,313308105,camera_color_optical_frame,
1758349587,346669189,camera_color_optical_frame,
1758349587,380029541,camera_color_optical_frame,
1758349587,413390625,camera_color_optical_frame,
1758349587,446750977,camera_color_optical_frame,
1758349587,480112061,camera_color_optical_frame,
1758349587,513472412,camera_color_optical_frame,
1758349587,546833740,camera_color_optical_frame,
1758349587,580194092,camera_color_optical_frame,
1758349587,613555420,camera_color_optical_frame,
1758349587,646916016,camera_color_optical_frame,
1758349587,680277344,camera_color_optical_frame,
1758349587,713637939,camera_color_optical_frame,
1758349587,746999268,camera_color_optical_frame,
1758349587,780359863,camera_color_optical_frame,
1758349587,813724121,camera_color_optical_frame,
1758349587,847081055,camera_color_optical_frame,
1758349587,880438965,camera_color_optical_frame,
1758349587,913795898,camera_color_optical_frame,
1758349587,947153564,camera_color_optical_frame,
1758349587,980510498,camera_color_optical_frame,
1758349588,13868408,camera_color_optical_frame,
1758349588,47225098,camera_color_optical_frame,
1758349588,80583008,camera_color_optical_frame,
1758349588,113939697,camera_color_optical_frame,
1758349588,147297607,camera_color_optical_frame,
1758349588,180654297,camera_color_optical_frame,
1758349588,214012207,camera_color_optical_frame,
1758349588,247368896,camera_color_optical_frame,
1758349588,280726563,camera_color_optical_frame,
1758349588,314083252,camera_color_optical_frame,
1758349588,347441162,camera_color_optical_frame,
1758349588,380797852,camera_color_optical_frame,
1758349588,414155518,camera_color_optical_frame,
1758349588,447512207,camera_color_optical_frame,
1758349588,480869873,camera_color_optical_frame,
1758349588,514226563,camera_color_optical_frame,
1758349588,547584229,camera_color_optical_frame,
1758349588,580940918,camera_color_optical_frame,
1758349588,614298584,camera_color_optical_frame,
1758349588,647655273,camera_color_optical_frame,
1758349588,714369629,camera_color_optical_frame,
1758349588,747727295,camera_color_optical_frame,
1758349588,781083740,camera_color_optical_frame,
1758349588,814438477,camera_color_optical_frame,
1758349588,847799316,camera_color_optical_frame,
1758349588,881160889,camera_color_optical_frame,
1758349588,914521729,camera_color_optical_frame,
1758349588,947883301,camera_color_optical_frame,
1758349588,981244141,camera_color_optical_frame,
1758349589,14605957,camera_color_optical_frame,
1758349589,47966797,camera_color_optical_frame,
1758349589,81328613,camera_color_optical_frame,
1758349589,114689453,camera_color_optical_frame,
1758349589,148051270,camera_color_optical_frame,
1758349589,181412109,camera_color_optical_frame,
1758349589,214774170,camera_color_optical_frame,
1758349589,248135010,camera_color_optical_frame,
1758349589,281497070,camera_color_optical_frame,
1758349589,314857910,camera_color_optical_frame,
1758349589,348219971,camera_color_optical_frame,
1758349589,381580811,camera_color_optical_frame,
1758349589,414942871,camera_color_optical_frame,
1758349589,448303955,camera_color_optical_frame,
1758349589,481666016,camera_color_optical_frame,
1758349589,515027100,camera_color_optical_frame,
1758349589,548389160,camera_color_optical_frame,
1758349589,581750244,camera_color_optical_frame,
1758349589,615112305,camera_color_optical_frame,
1758349589,648473389,camera_color_optical_frame,
1758349589,681835693,camera_color_optical_frame,
1758349589,715196777,camera_color_optical_frame,
1758349589,748559082,camera_color_optical_frame,
1758349589,781920166,camera_color_optical_frame,
1758349589,815285889,camera_color_optical_frame,
1758349589,848642334,camera_color_optical_frame,
1758349589,882000000,camera_color_optical_frame,
1758349589,915356445,camera_color_optical_frame,
1758349589,948713867,camera_color_optical_frame,
1758349589,982070313,camera_color_optical_frame,
1758349590,15427979,camera_color_optical_frame,
1758349590,48784424,camera_color_optical_frame,
1758349590,82141846,camera_color_optical_frame,
1758349590,115498291,camera_color_optical_frame,
1758349590,215569336,camera_color_optical_frame,
1758349590,248925781,camera_color_optical_frame,
1758349590,282283203,camera_color_optical_frame,
1758349590,315639648,camera_color_optical_frame,
1758349590,348996826,camera_color_optical_frame,
1758349590,382353271,camera_color_optical_frame,
1758349590,415710693,camera_color_optical_frame,
1758349590,449066895,camera_color_optical_frame,
1758349590,482424316,camera_color_optical_frame,
1758349590,515780518,camera_color_optical_frame,
1758349590,549137695,camera_color_optical_frame,
1758349590,582494141,camera_color_optical_frame,
1758349590,615851318,camera_color_optical_frame,
1758349590,649207520,camera_color_optical_frame,
1758349590,682564941,camera_color_optical_frame,
1758349590,715921143,camera_color_optical_frame,
1758349590,749278320,camera_color_optical_frame,
1758349590,782634521,camera_color_optical_frame,
1758349590,815991943,camera_color_optical_frame,
1758349590,849347900,camera_color_optical_frame,
1758349590,882704590,camera_color_optical_frame,
1758349590,916060547,camera_color_optical_frame,
1758349590,949417236,camera_color_optical_frame,
1758349590,982772949,camera_color_optical_frame,
1758349591,16129639,camera_color_optical_frame,
1758349591,49485596,camera_color_optical_frame,
1758349591,82842285,camera_color_optical_frame,
1758349591,116197998,camera_color_optical_frame,
1758349591,149554688,camera_color_optical_frame,
1758349591,182910156,camera_color_optical_frame,
1758349591,216266846,camera_color_optical_frame,
1758349591,249622559,camera_color_optical_frame,
1758349591,282979248,camera_color_optical_frame,
1758349591,316334717,camera_color_optical_frame,
1758349591,349691406,camera_color_optical_frame,
1758349591,383047119,camera_color_optical_frame,
1758349591,416403564,camera_color_optical_frame,
1758349591,449759033,camera_color_optical_frame,
1758349591,483115723,camera_color_optical_frame,
1758349591,516471191,camera_color_optical_frame,
1758349591,549827637,camera_color_optical_frame,
1758349591,583183350,camera_color_optical_frame,
1758349591,616539795,camera_color_optical_frame,
1758349591,683251709,camera_color_optical_frame,
1758349591,716607178,camera_color_optical_frame,
1758349591,749963623,camera_color_optical_frame,
1758349591,783318848,camera_color_optical_frame,
1758349591,816674805,camera_color_optical_frame,
1758349591,850031006,camera_color_optical_frame,
1758349591,883388184,camera_color_optical_frame,
1758349591,916744141,camera_color_optical_frame,
1758349591,950101318,camera_color_optical_frame,
1758349591,983457520,camera_color_optical_frame,
1758349592,16814697,camera_color_optical_frame,
1758349592,116883789,camera_color_optical_frame,
1758349592,150240967,camera_color_optical_frame,
1758349592,183596924,camera_color_optical_frame,
1758349592,216954102,camera_color_optical_frame,
1758349592,250310059,camera_color_optical_frame,
1758349592,283666992,camera_color_optical_frame,
1758349592,317023193,camera_color_optical_frame,
1758349592,350380127,camera_color_optical_frame,
1758349592,383736084,camera_color_optical_frame,
1758349592,417093018,camera_color_optical_frame,
1758349592,450449219,camera_color_optical_frame,
1758349592,483806152,camera_color_optical_frame,
1758349592,517162109,camera_color_optical_frame,
1758349592,550519043,camera_color_optical_frame,
1758349592,583875000,camera_color_optical_frame,
1758349592,617231934,camera_color_optical_frame,
1758349592,650587646,camera_color_optical_frame,
1758349592,683944580,camera_color_optical_frame,
1758349592,717300537,camera_color_optical_frame,
1758349592,750657471,camera_color_optical_frame,
1758349592,784013428,camera_color_optical_frame,
1758349592,817370117,camera_color_optical_frame,
1758349592,850726318,camera_color_optical_frame,
1758349592,884083496,camera_color_optical_frame,
1758349592,917439697,camera_color_optical_frame,
1758349592,950796875,camera_color_optical_frame,
1758349592,984153076,camera_color_optical_frame,
1758349593,17510010,camera_color_optical_frame,
1758349593,50866211,camera_color_optical_frame,
1758349593,84223389,camera_color_optical_frame,
1758349593,117579590,camera_color_optical_frame,
1758349593,150936768,camera_color_optical_frame,
1758349593,184292969,camera_color_optical_frame,
1758349593,217649902,camera_color_optical_frame,
1758349593,384432617,camera_color_optical_frame,
1758349593,417789551,camera_color_optical_frame,
1758349593,451145752,camera_color_optical_frame,
1758349593,484502930,camera_color_optical_frame,
1758349593,517858887,camera_color_optical_frame,
1758349593,551216064,camera_color_optical_frame,
1758349593,584572021,camera_color_optical_frame,
1758349593,617929199,camera_color_optical_frame,
1758349593,651285156,camera_color_optical_frame,
1758349593,684642334,camera_color_optical_frame,
1758349593,717998291,camera_color_optical_frame,
1758349593,751355225,camera_color_optical_frame,
1758349593,784711426,camera_color_optical_frame,
1758349593,884840820,camera_color_optical_frame,
1758349593,918226807,camera_color_optical_frame,
1758349593,951614014,camera_color_optical_frame,
1758349593,985000488,camera_color_optical_frame,
1758349594,18387939,camera_color_optical_frame,
1758349594,51774658,camera_color_optical_frame,
1758349594,85162598,camera_color_optical_frame,
1758349594,185325439,camera_color_optical_frame,
1758349594,218713867,camera_color_optical_frame,
1758349594,318878906,camera_color_optical_frame,
1758349594,352268311,camera_color_optical_frame,
1758349594,385656738,camera_color_optical_frame,
1758349594,419046387,camera_color_optical_frame,
1758349594,452435303,camera_color_optical_frame,
1758349594,485825439,camera_color_optical_frame,
1758349594,519214600,camera_color_optical_frame,
1758349594,552604980,camera_color_optical_frame,
1758349594,585994629,camera_color_optical_frame,
1758349594,619385498,camera_color_optical_frame,
1758349594,652775391,camera_color_optical_frame,
1758349594,686166504,camera_color_optical_frame,
1758349594,719556885,camera_color_optical_frame,
1758349594,752948242,camera_color_optical_frame,
1758349594,786338867,camera_color_optical_frame,
1758349594,819730469,camera_color_optical_frame,
1758349594,853089355,camera_color_optical_frame,
1758349594,886444336,camera_color_optical_frame,
1758349594,919798340,camera_color_optical_frame,
1758349594,953153076,camera_color_optical_frame,
1758349594,986507080,camera_color_optical_frame,
1758349595,19861816,camera_color_optical_frame,
1758349595,53215576,camera_color_optical_frame,
1758349595,86570557,camera_color_optical_frame,
1758349595,119924316,camera_color_optical_frame,
1758349595,153279053,camera_color_optical_frame,
1758349595,186632568,camera_color_optical_frame,
1758349595,219987305,camera_color_optical_frame,
1758349595,253340820,camera_color_optical_frame,
1758349595,353403564,camera_color_optical_frame,
1758349595,386757080,camera_color_optical_frame,
1758349595,420111572,camera_color_optical_frame,
1758349595,453465088,camera_color_optical_frame,
1758349595,486819336,camera_color_optical_frame,
1758349595,520172852,camera_color_optical_frame,
1758349595,553527100,camera_color_optical_frame,
1758349595,586880615,camera_color_optical_frame,
1758349595,620234863,camera_color_optical_frame,
1758349595,653588135,camera_color_optical_frame,
1758349595,686942383,camera_color_optical_frame,
1758349595,720295410,camera_color_optical_frame,
1758349595,753649658,camera_color_optical_frame,
1758349595,820356934,camera_color_optical_frame,
1758349595,853710693,camera_color_optical_frame,
1758349595,887065430,camera_color_optical_frame,
1758349595,920419189,camera_color_optical_frame,
1758349595,953773926,camera_color_optical_frame,
1758349595,987127686,camera_color_optical_frame,
1758349596,20482422,camera_color_optical_frame,
1758349596,53835938,camera_color_optical_frame,
1758349596,87190674,camera_color_optical_frame,
1758349596,120544189,camera_color_optical_frame,
1758349596,153898682,camera_color_optical_frame,
1758349596,187252441,camera_color_optical_frame,
1758349596,220606934,camera_color_optical_frame,
1758349596,253960205,camera_color_optical_frame,
1758349596,287314697,camera_color_optical_frame,
1758349596,320668213,camera_color_optical_frame,
1758349596,354022461,camera_color_optical_frame,
1758349596,387375977,camera_color_optical_frame,
1758349596,420730225,camera_color_optical_frame,
1758349596,454083496,camera_color_optical_frame,
1758349596,487437744,camera_color_optical_frame,
1758349596,520791016,camera_color_optical_frame,
1758349596,554145264,camera_color_optical_frame,
1758349596,587498535,camera_color_optical_frame,
1758349596,620852539,camera_color_optical_frame,
1758349596,654205811,camera_color_optical_frame,
1758349596,687559814,camera_color_optical_frame,
1758349596,720912842,camera_color_optical_frame,
1758349596,754266846,camera_color_optical_frame,
1758349596,787619873,camera_color_optical_frame,
1758349596,820978271,camera_color_optical_frame,
1758349596,854332031,camera_color_optical_frame,
1758349596,887687012,camera_color_optical_frame,
1758349596,921040771,camera_color_optical_frame,
1758349596,987749268,camera_color_optical_frame,
1758349597,21104004,camera_color_optical_frame,
1758349597,54457520,camera_color_optical_frame,
1758349597,87812256,camera_color_optical_frame,
1758349597,121166016,camera_color_optical_frame,
1758349597,154520508,camera_color_optical_frame,
1758349597,187874023,camera_color_optical_frame,
1758349597,221228760,camera_color_optical_frame,
1758349597,254582275,camera_color_optical_frame,
1758349597,287936768,camera_color_optical_frame,
1758349597,321290283,camera_color_optical_frame,
1758349597,354644531,camera_color_optical_frame,
1758349597,387998047,camera_color_optical_frame,
1758349597,421352539,camera_color_optical_frame,
1758349597,454705811,camera_color_optical_frame,
1758349597,488060303,camera_color_optical_frame,
1758349597,521413574,camera_color_optical_frame,
1758349597,554767822,camera_color_optical_frame,
1758349597,588121094,camera_color_optical_frame,
1758349597,621475342,camera_color_optical_frame,
1758349597,654828613,camera_color_optical_frame,
1758349597,688182861,camera_color_optical_frame,
1758349597,721536133,camera_color_optical_frame,
1758349597,754890137,camera_color_optical_frame,
1758349597,788243408,camera_color_optical_frame,
1758349597,821597412,camera_color_optical_frame,
1758349597,854966553,camera_color_optical_frame,
1758349597,888336670,camera_color_optical_frame,
1758349597,921705811,camera_color_optical_frame,
1758349597,955075928,camera_color_optical_frame,
1758349597,988445313,camera_color_optical_frame,
1758349598,55185059,camera_color_optical_frame,
1758349598,88555664,camera_color_optical_frame,
1758349598,121925293,camera_color_optical_frame,
1758349598,155295898,camera_color_optical_frame,
1758349598,188665527,camera_color_optical_frame,
1758349598,222036377,camera_color_optical_frame,
1758349598,255406250,camera_color_optical_frame,
1758349598,288777100,camera_color_optical_frame,
1758349598,322147217,camera_color_optical_frame,
1758349598,355518066,camera_color_optical_frame,
1758349598,388888184,camera_color_optical_frame,
1758349598,422259521,camera_color_optical_frame,
1758349598,455629639,camera_color_optical_frame,
1758349598,489000977,camera_color_optical_frame,
1758349598,522371582,camera_color_optical_frame,
1758349598,555742920,camera_color_optical_frame,
1758349598,589113525,camera_color_optical_frame,
1758349598,622485107,camera_color_optical_frame,
1758349598,655855713,camera_color_optical_frame,
1758349598,689227539,camera_color_optical_frame,
1758349598,722598389,camera_color_optical_frame,
1758349598,755970215,camera_color_optical_frame,
1758349598,789341064,camera_color_optical_frame,
1758349598,822712891,camera_color_optical_frame,
1758349598,856072266,camera_color_optical_frame,
1758349598,889425293,camera_color_optical_frame,
1758349598,922777100,camera_color_optical_frame,
1758349598,956129883,camera_color_optical_frame,
1758349598,989481445,camera_color_optical_frame,
1758349599,22834229,camera_color_optical_frame,
1758349599,56185791,camera_color_optical_frame,
1758349599,89538330,camera_color_optical_frame,
1758349599,122889893,camera_color_optical_frame,
1758349599,156242432,camera_color_optical_frame,
1758349599,189593994,camera_color_optical_frame,
1758349599,222946289,camera_color_optical_frame,
1758349599,256297607,camera_color_optical_frame,
1758349599,289649902,camera_color_optical_frame,
1758349599,423056885,camera_color_optical_frame,
1758349599,456407959,camera_color_optical_frame,
1758349599,489760010,camera_color_optical_frame,
1758349599,523110840,camera_color_optical_frame,
1758349599,589813721,camera_color_optical_frame,
1758349599,623165527,camera_color_optical_frame,
1758349599,656516357,camera_color_optical_frame,
1758349599,689868164,camera_color_optical_frame,
1758349599,789921143,camera_color_optical_frame,
1758349599,823272705,camera_color_optical_frame,
1758349599,856623535,camera_color_optical_frame,
1758349599,889980957,camera_color_optical_frame,
1758349599,923337402,camera_color_optical_frame,
1758349600,23408691,camera_color_optical_frame,
1758349600,123478760,camera_color_optical_frame,
1758349600,156835938,camera_color_optical_frame,
1758349600,190192383,camera_color_optical_frame,
1758349600,223549561,camera_color_optical_frame,
1758349600,256906006,camera_color_optical_frame,
1758349600,290263184,camera_color_optical_frame,
1758349600,323619385,camera_color_optical_frame,
1758349600,356976563,camera_color_optical_frame,
1758349600,390332764,camera_color_optical_frame,
1758349600,423689941,camera_color_optical_frame,
1758349600,457046143,camera_color_optical_frame,
1758349600,490403320,camera_color_optical_frame,
1758349600,523759521,camera_color_optical_frame,
1758349600,557116699,camera_color_optical_frame,
1758349600,590472900,camera_color_optical_frame,
1758349600,623829834,camera_color_optical_frame,
1758349600,657186035,camera_color_optical_frame,
1758349600,690542969,camera_color_optical_frame,
1758349600,723899170,camera_color_optical_frame,
1758349600,757256104,camera_color_optical_frame,
1758349600,790612305,camera_color_optical_frame,
1758349600,890677734,camera_color_optical_frame,
1758349600,924029297,camera_color_optical_frame,
1758349600,957382080,camera_color_optical_frame,
1758349600,990733643,camera_color_optical_frame,
1758349601,24086182,camera_color_optical_frame,
1758349601,57437500,camera_color_optical_frame,
1758349601,190844971,camera_color_optical_frame,
1758349601,224197266,camera_color_optical_frame,
1758349601,257548584,camera_color_optical_frame,
1758349601,290900635,camera_color_optical_frame,
1758349601,390954834,camera_color_optical_frame,
1758349601,424306885,camera_color_optical_frame,
1758349601,457657715,camera_color_optical_frame,
1758349601,491009521,camera_color_optical_frame,
1758349601,524360352,camera_color_optical_frame,
1758349601,557712158,camera_color_optical_frame,
1758349601,591062988,camera_color_optical_frame,
1758349601,624414551,camera_color_optical_frame,
1758349601,657765137,camera_color_optical_frame,
1758349601,691116699,camera_color_optical_frame,
1758349601,724467285,camera_color_optical_frame,
1758349601,757818848,camera_color_optical_frame,
1758349601,791169189,camera_color_optical_frame,
1758349601,824520752,camera_color_optical_frame,
1758349601,857871338,camera_color_optical_frame,
1758349601,891225586,camera_color_optical_frame,
1758349601,924578613,camera_color_optical_frame,
1758349601,957932617,camera_color_optical_frame,
1758349601,991285645,camera_color_optical_frame,
1758349602,24639648,camera_color_optical_frame,
1758349602,57992676,camera_color_optical_frame,
1758349602,91346436,camera_color_optical_frame,
1758349602,124699463,camera_color_optical_frame,
1758349602,158053223,camera_color_optical_frame,
1758349602,191406006,camera_color_optical_frame,
1758349602,258112549,camera_color_optical_frame,
1758349602,324818848,camera_color_optical_frame,
1758349602,358172607,camera_color_optical_frame,
1758349602,391525146,camera_color_optical_frame,
1758349602,424878662,camera_color_optical_frame,
1758349602,458231201,camera_color_optical_frame,
1758349602,491584717,camera_color_optical_frame,
1758349602,524937256,camera_color_optical_frame,
1758349602,558290527,camera_color_optical_frame,
1758349602,591643066,camera_color_optical_frame,
1758349602,624996338,camera_color_optical_frame,
1758349602,658348633,camera_color_optical_frame,
1758349602,691701904,camera_color_optical_frame,
1758349602,725054199,camera_color_optical_frame,
1758349602,758407471,camera_color_optical_frame,
1758349602,791759521,camera_color_optical_frame,
1758349602,825112793,camera_color_optical_frame,
1758349602,891818359,camera_color_optical_frame,
1758349602,925170654,camera_color_optical_frame,
1758349602,958523926,camera_color_optical_frame,
1758349602,991876221,camera_color_optical_frame,
1758349603,25229492,camera_color_optical_frame,
1758349603,58581787,camera_color_optical_frame,
1758349603,91935059,camera_color_optical_frame,
1758349603,125287109,camera_color_optical_frame,
1758349603,158640137,camera_color_optical_frame,
1758349603,191992188,camera_color_optical_frame,
1758349603,225345215,camera_color_optical_frame,
1758349603,258697266,camera_color_optical_frame,
1758349603,292050049,camera_color_optical_frame,
1758349603,325402100,camera_color_optical_frame,
1758349603,358754883,camera_color_optical_frame,
1758349603,392106689,camera_color_optical_frame,
1758349603,425459473,camera_color_optical_frame,
1758349603,458811035,camera_color_optical_frame,
1758349603,492163818,camera_color_optical_frame,
1758349603,525515381,camera_color_optical_frame,
1758349603,658923340,camera_color_optical_frame,
1758349603,692275879,camera_color_optical_frame,
1758349603,725627197,camera_color_optical_frame,
1758349603,758979492,camera_color_optical_frame,
1758349603,792330811,camera_color_optical_frame,
1758349603,825683105,camera_color_optical_frame,
1758349603,859033936,camera_color_optical_frame,
1758349603,892383545,camera_color_optical_frame,
1758349603,925732178,camera_color_optical_frame,
1758349604,25779297,camera_color_optical_frame,
1758349604,59127686,camera_color_optical_frame,
1758349604,92476807,camera_color_optical_frame,
1758349604,125824951,camera_color_optical_frame,
1758349604,159174072,camera_color_optical_frame,
1758349604,192521973,camera_color_optical_frame,
1758349604,225871094,camera_color_optical_frame,
1758349604,259218994,camera_color_optical_frame,
1758349604,292567627,camera_color_optical_frame,
1758349604,325915527,camera_color_optical_frame,
1758349604,359264160,camera_color_optical_frame,
1758349604,392611816,camera_color_optical_frame,
1758349604,425960205,camera_color_optical_frame,
1758349604,459307861,camera_color_optical_frame,
1758349604,492656250,camera_color_optical_frame,
1758349604,526003418,camera_color_optical_frame,
1758349604,559351807,camera_color_optical_frame,
1758349604,592698975,camera_color_optical_frame,
1758349604,626047119,camera_color_optical_frame,
1758349604,659394287,camera_color_optical_frame,
1758349604,692742188,camera_color_optical_frame,
1758349604,726089111,camera_color_optical_frame,
1758349604,759437012,camera_color_optical_frame,
1758349604,792783936,camera_color_optical_frame,
1758349604,826131592,camera_color_optical_frame,
1758349604,926181396,camera_color_optical_frame,
1758349604,959532959,camera_color_optical_frame,
1758349604,992883545,camera_color_optical_frame,
1758349605,26235352,camera_color_optical_frame,
1758349605,59585693,camera_color_optical_frame,
1758349605,92937256,camera_color_optical_frame,
1758349605,126287842,camera_color_optical_frame,
1758349605,159639404,camera_color_optical_frame,
1758349605,192989746,camera_color_optical_frame,
1758349605,226341064,camera_color_optical_frame,
1758349605,259691406,camera_color_optical_frame,
1758349605,359744141,camera_color_optical_frame,
1758349605,393094482,camera_color_optical_frame,
1758349605,426445557,camera_color_optical_frame,
1758349605,459795654,camera_color_optical_frame,
1758349605,493146729,camera_color_optical_frame,
1758349605,626548584,camera_color_optical_frame,
1758349605,659898438,camera_color_optical_frame,
1758349605,693249268,camera_color_optical_frame,
1758349605,726599121,camera_color_optical_frame,
1758349605,759949951,camera_color_optical_frame,
1758349605,860000244,camera_color_optical_frame,
1758349605,893351318,camera_color_optical_frame,
1758349605,926701416,camera_color_optical_frame,
1758349605,960052734,camera_color_optical_frame,
1758349605,993402588,camera_color_optical_frame,
1758349606,26753662,camera_color_optical_frame,
1758349606,60103760,camera_color_optical_frame,
1758349606,93454590,camera_color_optical_frame,
1758349606,126804443,camera_color_optical_frame,
1758349606,160155273,camera_color_optical_frame,
1758349606,193504883,camera_color_optical_frame,
1758349606,226855713,camera_color_optical_frame,
1758349606,260205322,camera_color_optical_frame,
1758349606,293555908,camera_color_optical_frame,
1758349606,326905273,camera_color_optical_frame,
1758349606,360255859,camera_color_optical_frame,
1758349606,393605225,camera_color_optical_frame,
1758349606,426955566,camera_color_optical_frame,
1758349606,460304932,camera_color_optical_frame,
1758349606,527004395,camera_color_optical_frame,
1758349606,560354736,camera_color_optical_frame,
1758349606,593703857,camera_color_optical_frame,
1758349606,627053711,camera_color_optical_frame,
1758349606,660402832,camera_color_optical_frame,
1758349606,693752686,camera_color_optical_frame,
1758349606,727101563,camera_color_optical_frame,
1758349606,760451416,camera_color_optical_frame,
1758349606,793800293,camera_color_optical_frame,
1758349606,827150146,camera_color_optical_frame,
1758349606,860499756,camera_color_optical_frame,
1758349606,893850098,camera_color_optical_frame,
1758349606,927199463,camera_color_optical_frame,
1758349607,27249023,camera_color_optical_frame,
1758349607,60598145,camera_color_optical_frame,
1758349607,93948242,camera_color_optical_frame,
1758349607,127297119,camera_color_optical_frame,
1758349607,160647217,camera_color_optical_frame,
1758349607,193996094,camera_color_optical_frame,
1758349607,227345703,camera_color_optical_frame,
1758349607,260694580,camera_color_optical_frame,
1758349607,294044189,camera_color_optical_frame,
1758349607,327392822,camera_color_optical_frame,
1758349607,360742432,camera_color_optical_frame,
1758349607,394091064,camera_color_optical_frame,
1758349607,427440430,camera_color_optical_frame,
1758349607,460788818,camera_color_optical_frame,
1758349607,494138184,camera_color_optical_frame,
1758349607,527486328,camera_color_optical_frame,
1758349607,560835693,camera_color_optical_frame,
1758349607,594183838,camera_color_optical_frame,
1758349607,627532959,camera_color_optical_frame,
1758349607,660880859,camera_color_optical_frame,
1758349607,694229736,camera_color_optical_frame,
1758349607,727577881,camera_color_optical_frame,
1758349607,827623047,camera_color_optical_frame,
1758349607,860970947,camera_color_optical_frame,
1758349607,894320557,camera_color_optical_frame,
1758349607,927669189,camera_color_optical_frame,
1758349607,961019043,camera_color_optical_frame,
1758349607,994367432,camera_color_optical_frame,
1758349608,27717041,camera_color_optical_frame,
1758349608,61065430,camera_color_optical_frame,
1758349608,94414795,camera_color_optical_frame,
1758349608,127763184,camera_color_optical_frame,
1758349608,161112549,camera_color_optical_frame,
1758349608,261157959,camera_color_optical_frame,
1758349608,294506836,camera_color_optical_frame,
1758349608,327854736,camera_color_optical_frame,
1758349608,361203613,camera_color_optical_frame,
1758349608,394551514,camera_color_optical_frame,
1758349608,427900391,camera_color_optical_frame,
1758349608,461248047,camera_color_optical_frame,
1758349608,494596680,camera_color_optical_frame,
1758349608,527944092,camera_color_optical_frame,
1758349608,561292725,camera_color_optical_frame,
1758349608,627988525,camera_color_optical_frame,
1758349608,661335938,camera_color_optical_frame,
1758349608,694684082,camera_color_optical_frame,
1758349608,728031250,camera_color_optical_frame,
1758349608,761379395,camera_color_optical_frame,
1758349608,794726563,camera_color_optical_frame,
1758349608,828074463,camera_color_optical_frame,
1758349608,861421387,camera_color_optical_frame,
1758349608,894770752,camera_color_optical_frame,
1758349608,928118652,camera_color_optical_frame,
1758349608,961467773,camera_color_optical_frame,
1758349608,994815674,camera_color_optical_frame,
1758349609,28164551,camera_color_optical_frame,
1758349609,61512451,camera_color_optical_frame,
1758349609,94861084,camera_color_optical_frame,
1758349609,128208740,camera_color_optical_frame,
1758349609,161557373,camera_color_optical_frame,
1758349609,194905029,camera_color_optical_frame,
1758349609,228253418,camera_color_optical_frame,
1758349609,261600830,camera_color_optical_frame,
1758349609,294949219,camera_color_optical_frame,
1758349609,328296387,camera_color_optical_frame,
1758349609,361644775,camera_color_optical_frame,
1758349609,394991943,camera_color_optical_frame,
1758349609,428339844,camera_color_optical_frame,
1758349609,461687012,camera_color_optical_frame,
1758349609,495034912,camera_color_optical_frame,
1758349609,595076172,camera_color_optical_frame,
1758349609,628423828,camera_color_optical_frame,
1758349609,661770508,camera_color_optical_frame,
1758349609,728464600,camera_color_optical_frame,
1758349609,761812012,camera_color_optical_frame,
1758349609,795158203,camera_color_optical_frame,
1758349609,828485840,camera_color_optical_frame,
1758349609,861851318,camera_color_optical_frame,
1758349609,895218018,camera_color_optical_frame,
1758349609,928583740,camera_color_optical_frame,
1758349609,995316895,camera_color_optical_frame,
1758349610,28684082,camera_color_optical_frame,
1758349610,62050537,camera_color_optical_frame,
1758349610,162152588,camera_color_optical_frame,
1758349610,228887939,camera_color_optical_frame,
1758349610,395728271,camera_color_optical_frame,
1758349610,429097656,camera_color_optical_frame,
1758349610,462465820,camera_color_optical_frame,
1758349610,562573730,camera_color_optical_frame,
1758349610,595942871,camera_color_optical_frame,
1758349610,662682129,camera_color_optical_frame,
1758349610,696052490,camera_color_optical_frame,
1758349610,729422119,camera_color_optical_frame,
1758349610,762792969,camera_color_optical_frame,
1758349610,796162842,camera_color_optical_frame,
1758349610,829533936,camera_color_optical_frame,
1758349610,862902100,camera_color_optical_frame,
1758349610,962970947,camera_color_optical_frame,
1758349610,996326416,camera_color_optical_frame,
1758349611,29683105,camera_color_optical_frame,
1758349611,63038574,camera_color_optical_frame,
1758349611,96395020,camera_color_optical_frame,
1758349611,129750732,camera_color_optical_frame,
1758349611,163107178,camera_color_optical_frame,
1758349611,196462646,camera_color_optical_frame,
1758349611,229819336,camera_color_optical_frame,
1758349611,263174805,camera_color_optical_frame,
1758349611,296531250,camera_color_optical_frame,
1758349611,329886963,camera_color_optical_frame,
1758349611,363243408,camera_color_optical_frame,
1758349611,396598877,camera_color_optical_frame,
1758349611,429955322,camera_color_optical_frame,
1758349611,530022949,camera_color_optical_frame,
1758349611,563379395,camera_color_optical_frame,
1758349611,596734863,camera_color_optical_frame,
1758349611,630091309,camera_color_optical_frame,
1758349611,663446777,camera_color_optical_frame,
1758349611,696803223,camera_color_optical_frame,
1758349611,763515137,camera_color_optical_frame,
1758349611,796870605,camera_color_optical_frame,
1758349611,830227051,camera_color_optical_frame,
1758349611,863582275,camera_color_optical_frame,
1758349612,163744629,camera_color_optical_frame,
1758349612,197095215,camera_color_optical_frame,
1758349612,330499512,camera_color_optical_frame,
1758349612,363850830,camera_color_optical_frame,
1758349612,397201416,camera_color_optical_frame,
1758349612,430552734,camera_color_optical_frame,
1758349612,463903076,camera_color_optical_frame,
1758349612,497254395,camera_color_optical_frame,
1758349612,530604736,camera_color_optical_frame,
1758349612,563956055,camera_color_optical_frame,
1758349612,597306152,camera_color_optical_frame,
1758349612,630657227,camera_color_optical_frame,
1758349612,664007568,camera_color_optical_frame,
1758349612,697358643,camera_color_optical_frame,
1758349612,730708496,camera_color_optical_frame,
1758349612,764059570,camera_color_optical_frame,
1758349612,797409668,camera_color_optical_frame,
1758349612,830760498,camera_color_optical_frame,
1758349612,864109375,camera_color_optical_frame,
1758349612,897471924,camera_color_optical_frame,
1758349612,930833496,camera_color_optical_frame,
1758349612,964196045,camera_color_optical_frame,
1758349613,64281982,camera_color_optical_frame,
1758349613,97644775,camera_color_optical_frame,
1758349613,131006348,camera_color_optical_frame,
1758349613,164369141,camera_color_optical_frame,
1758349613,197730957,camera_color_optical_frame,
1758349613,231093750,camera_color_optical_frame,
1758349613,264455811,camera_color_optical_frame,
1758349613,397905518,camera_color_optical_frame,
1758349613,431268555,camera_color_optical_frame,
1758349613,464630615,camera_color_optical_frame,
1758349613,497993652,camera_color_optical_frame,
1758349613,531355713,camera_color_optical_frame,
1758349613,564718994,camera_color_optical_frame,
1758349613,598081055,camera_color_optical_frame,
1758349613,631444336,camera_color_optical_frame,
1758349613,664806396,camera_color_optical_frame,
1758349613,698169678,camera_color_optical_frame,
1758349613,731531982,camera_color_optical_frame,
1758349613,764895508,camera_color_optical_frame,
1758349613,798257813,camera_color_optical_frame,
1758349613,831621094,camera_color_optical_frame,
1758349613,864946533,camera_color_optical_frame,
1758349613,898383545,camera_color_optical_frame,
1758349613,931820313,camera_color_optical_frame,
1758349613,965258789,camera_color_optical_frame,
1758349613,998696533,camera_color_optical_frame,
1758349614,32135986,camera_color_optical_frame,
1758349614,65575195,camera_color_optical_frame,
1758349614,99015625,camera_color_optical_frame,
1758349614,132455811,camera_color_optical_frame,
1758349614,165897705,camera_color_optical_frame,
1758349614,199338867,camera_color_optical_frame,
1758349614,232781738,camera_color_optical_frame,
1758349614,266224365,camera_color_optical_frame,
1758349614,299668457,camera_color_optical_frame,
1758349614,333112061,camera_color_optical_frame,
1758349614,366557129,camera_color_optical_frame,
1758349614,400001953,camera_color_optical_frame,
1758349614,433448242,camera_color_optical_frame,
1758349614,466894043,camera_color_optical_frame,
1758349614,500341553,camera_color_optical_frame,
1758349614,533788574,camera_color_optical_frame,
1758349614,567237305,camera_color_optical_frame,
1758349614,600685303,camera_color_optical_frame,
1758349614,701035400,camera_color_optical_frame,
1758349614,734485840,camera_color_optical_frame,
1758349614,767937744,camera_color_optical_frame,
1758349614,801389404,camera_color_optical_frame,
1758349614,834842529,camera_color_optical_frame,
1758349614,868342773,camera_color_optical_frame,
1758349614,901692383,camera_color_optical_frame,
1758349614,935041016,camera_color_optical_frame,
1758349614,968390625,camera_color_optical_frame,
1758349615,1739014,camera_color_optical_frame,
1758349615,35088379,camera_color_optical_frame,
1758349615,68436768,camera_color_optical_frame,
1758349615,101785889,camera_color_optical_frame,
1758349615,135134033,camera_color_optical_frame,
1758349615,168483154,camera_color_optical_frame,
1758349615,201831299,camera_color_optical_frame,
1758349615,235180420,camera_color_optical_frame,
1758349615,268528320,camera_color_optical_frame,
1758349615,301877197,camera_color_optical_frame,
1758349615,335225098,camera_color_optical_frame,
1758349615,368573730,camera_color_optical_frame,
1758349615,401921387,camera_color_optical_frame,
1758349615,435270020,camera_color_optical_frame,
1758349615,468617676,camera_color_optical_frame,
1758349615,501966064,camera_color_optical_frame,
1758349615,535313477,camera_color_optical_frame,
1758349615,568661865,camera_color_optical_frame,
1758349615,602009277,camera_color_optical_frame,
1758349615,635357422,camera_color_optical_frame,
1758349615,668704590,camera_color_optical_frame,
1758349615,702052734,camera_color_optical_frame,
1758349615,735399658,camera_color_optical_frame,
1758349615,768747803,camera_color_optical_frame,
1758349615,802094727,camera_color_optical_frame,
1758349615,868789795,camera_color_optical_frame,
1758349615,902137451,camera_color_optical_frame,
1758349616,2177979,camera_color_optical_frame,
1758349616,35525391,camera_color_optical_frame,
1758349616,68871582,camera_color_optical_frame,
1758349616,102218994,camera_color_optical_frame,
1758349616,135565186,camera_color_optical_frame,
1758349616,168912354,camera_color_optical_frame,
1758349616,202258301,camera_color_optical_frame,
1758349616,235605469,camera_color_optical_frame,
1758349616,268951416,camera_color_optical_frame,
1758349616,302298340,camera_color_optical_frame,
1758349616,335644287,camera_color_optical_frame,
1758349616,368990967,camera_color_optical_frame,
1758349616,402336670,camera_color_optical_frame,
1758349616,435683350,camera_color_optical_frame,
1758349616,469029053,camera_color_optical_frame,
1758349616,502375488,camera_color_optical_frame,
1758349616,535721191,camera_color_optical_frame,
1758349616,569067627,camera_color_optical_frame,
1758349616,602412842,camera_color_optical_frame,
1758349616,635759277,camera_color_optical_frame,
1758349616,669104492,camera_color_optical_frame,
1758349616,702450684,camera_color_optical_frame,
1758349616,735795898,camera_color_optical_frame,
1758349616,769141846,camera_color_optical_frame,
1758349616,802487061,camera_color_optical_frame,
1758349616,835833008,camera_color_optical_frame,
1758349616,869177246,camera_color_optical_frame,
1758349616,902524902,camera_color_optical_frame,
1758349616,935871338,camera_color_optical_frame,
1758349616,969218750,camera_color_optical_frame,
1758349617,2565186,camera_color_optical_frame,
1758349617,35912598,camera_color_optical_frame,
1758349617,69258789,camera_color_optical_frame,
1758349617,102605957,camera_color_optical_frame,
1758349617,135951904,camera_color_optical_frame,
1758349617,169298828,camera_color_optical_frame,
1758349617,202644775,camera_color_optical_frame,
1758349617,235991699,camera_color_optical_frame,
1758349617,269337402,camera_color_optical_frame,
1758349617,302684082,camera_color_optical_frame,
1758349617,336029785,camera_color_optical_frame,
1758349617,369376221,camera_color_optical_frame,
1758349617,402721924,camera_color_optical_frame,
1758349617,436068115,camera_color_optical_frame,
1758349617,469413574,camera_color_optical_frame,
1758349617,502759766,camera_color_optical_frame,
1758349617,536104980,camera_color_optical_frame,
1758349617,569451172,camera_color_optical_frame,
1758349617,602796143,camera_color_optical_frame,
1758349617,636142090,camera_color_optical_frame,
1758349617,669487061,camera_color_optical_frame,
1758349617,702832764,camera_color_optical_frame,
1758349617,736177490,camera_color_optical_frame,
1758349617,769523193,camera_color_optical_frame,
1758349617,802867920,camera_color_optical_frame,
1758349617,836213379,camera_color_optical_frame,
1758349617,869557373,camera_color_optical_frame,
1758349617,902904053,camera_color_optical_frame,
1758349617,936249756,camera_color_optical_frame,
1758349618,102980225,camera_color_optical_frame,
1758349618,136325439,camera_color_optical_frame,
1758349618,336398682,camera_color_optical_frame,
1758349618,369744385,camera_color_optical_frame,
1758349618,403089111,camera_color_optical_frame,
1758349618,436434814,camera_color_optical_frame,
1758349618,469779297,camera_color_optical_frame,
1758349618,603158691,camera_color_optical_frame,
1758349618,636503906,camera_color_optical_frame,
1758349618,669848145,camera_color_optical_frame,
1758349618,769882080,camera_color_optical_frame,
1758349618,803225830,camera_color_optical_frame,
1758349618,836570557,camera_color_optical_frame,
1758349618,869911865,camera_color_optical_frame,
1758349618,903264404,camera_color_optical_frame,
1758349618,936615967,camera_color_optical_frame,
1758349618,969968262,camera_color_optical_frame,
1758349619,70023682,camera_color_optical_frame,
1758349619,103375977,camera_color_optical_frame,
1758349619,136727295,camera_color_optical_frame,
1758349619,170079590,camera_color_optical_frame,
1758349619,203430908,camera_color_optical_frame,
1758349619,236782959,camera_color_optical_frame,
1758349619,270134277,camera_color_optical_frame,
1758349619,303486328,camera_color_optical_frame,
1758349619,403540527,camera_color_optical_frame,
1758349619,436892578,camera_color_optical_frame,
1758349619,470243652,camera_color_optical_frame,
1758349619,503595459,camera_color_optical_frame,
1758349619,536946533,camera_color_optical_frame,
1758349619,570298340,camera_color_optical_frame,
1758349619,603649170,camera_color_optical_frame,
1758349619,637000977,camera_color_optical_frame,
1758349619,670351807,camera_color_optical_frame,
1758349619,703703613,camera_color_optical_frame,
1758349619,737054199,camera_color_optical_frame,
1758349619,770406006,camera_color_optical_frame,
1758349619,803756592,camera_color_optical_frame,
1758349619,837108154,camera_color_optical_frame,
1758349619,870461914,camera_color_optical_frame,
1758349619,903807373,camera_color_optical_frame,
1758349619,937151611,camera_color_optical_frame,
1758349619,970496826,camera_color_optical_frame,
1758349620,3841064,camera_color_optical_frame,
1758349620,103874756,camera_color_optical_frame,
1758349620,137218506,camera_color_optical_frame,
1758349620,170562988,camera_color_optical_frame,
1758349620,203906494,camera_color_optical_frame,
1758349620,237250977,camera_color_optical_frame,
1758349620,270594238,camera_color_optical_frame,
1758349620,303938477,camera_color_optical_frame,
1758349620,337281738,camera_color_optical_frame,
1758349620,370625732,camera_color_optical_frame,
1758349620,403968750,camera_color_optical_frame,
1758349620,437312744,camera_color_optical_frame,
1758349620,470655518,camera_color_optical_frame,
1758349620,503999268,camera_color_optical_frame,
1758349620,537341797,camera_color_optical_frame,
1758349620,570685303,camera_color_optical_frame,
1758349620,604027588,camera_color_optical_frame,
1758349620,637371094,camera_color_optical_frame,
1758349620,670713135,camera_color_optical_frame,
1758349620,704056396,camera_color_optical_frame,
1758349620,737398438,camera_color_optical_frame,
1758349620,770741455,camera_color_optical_frame,
1758349620,804083252,camera_color_optical_frame,
1758349620,837426025,camera_color_optical_frame,
1758349620,870766846,camera_color_optical_frame,
1758349620,904111572,camera_color_optical_frame,
1758349620,937455078,camera_color_optical_frame,
1758349620,970799561,camera_color_optical_frame,
1758349621,4142822,camera_color_optical_frame,
1758349621,37487061,camera_color_optical_frame,
1758349621,70830322,camera_color_optical_frame,
1758349621,104174316,camera_color_optical_frame,
1758349621,137517334,camera_color_optical_frame,
1758349621,170861084,camera_color_optical_frame,
1758349621,204203857,camera_color_optical_frame,
1758349621,237547607,camera_color_optical_frame,
1758349621,270890137,camera_color_optical_frame,
1758349621,304233643,camera_color_optical_frame,
1758349621,337576172,camera_color_optical_frame,
1758349621,370919434,camera_color_optical_frame,
1758349621,404261719,camera_color_optical_frame,
1758349621,437604736,camera_color_optical_frame,
1758349621,470946777,camera_color_optical_frame,
1758349621,504289795,camera_color_optical_frame,
1758349621,537631592,camera_color_optical_frame,
1758349621,570974365,camera_color_optical_frame,
1758349621,604315918,camera_color_optical_frame,
1758349621,637658447,camera_color_optical_frame,
1758349621,671000000,camera_color_optical_frame,
1758349621,704342285,camera_color_optical_frame,
1758349621,737683594,camera_color_optical_frame,
1758349621,771025635,camera_color_optical_frame,
1758349621,804366699,camera_color_optical_frame,
1758349621,837703369,camera_color_optical_frame,
1758349621,871048096,camera_color_optical_frame,
1758349621,904393799,camera_color_optical_frame,
1758349621,937738525,camera_color_optical_frame,
1758349621,971083984,camera_color_optical_frame,
1758349622,4428223,camera_color_optical_frame,
1758349622,104462891,camera_color_optical_frame,
1758349622,137807129,camera_color_optical_frame,
1758349622,171152100,camera_color_optical_frame,
1758349622,304529053,camera_color_optical_frame,
1758349622,337872559,camera_color_optical_frame,
1758349622,371217041,camera_color_optical_frame,
1758349622,404560303,camera_color_optical_frame,
1758349622,437904541,camera_color_optical_frame,
1758349622,504592041,camera_color_optical_frame,
1758349622,571278809,camera_color_optical_frame,
1758349622,604621826,camera_color_optical_frame,
1758349622,637965576,camera_color_optical_frame,
1758349622,671308105,camera_color_optical_frame,
1758349622,704651855,camera_color_optical_frame,
1758349622,737994385,camera_color_optical_frame,
1758349622,771337646,camera_color_optical_frame,
1758349622,804680176,camera_color_optical_frame,
1758349622,838023438,camera_color_optical_frame,
1758349622,871364502,camera_color_optical_frame,
1758349622,904710693,camera_color_optical_frame,
1758349622,938055664,camera_color_optical_frame,
1758349622,971401611,camera_color_optical_frame,
1758349623,4746582,camera_color_optical_frame,
1758349623,38092285,camera_color_optical_frame,
1758349623,71437012,camera_color_optical_frame,
1758349623,104782715,camera_color_optical_frame,
1758349623,138127197,camera_color_optical_frame,
1758349623,171472656,camera_color_optical_frame,
1758349623,204817139,camera_color_optical_frame,
1758349623,238162354,camera_color_optical_frame,
1758349623,271506592,camera_color_optical_frame,
1758349623,304851807,camera_color_optical_frame,
1758349623,338195801,camera_color_optical_frame,
1758349623,371540771,camera_color_optical_frame,
1758349623,404884521,camera_color_optical_frame,
1758349623,438229492,camera_color_optical_frame,
1758349623,471573242,camera_color_optical_frame,
1758349623,504917725,camera_color_optical_frame,
1758349623,538261475,camera_color_optical_frame,
1758349623,571605713,camera_color_optical_frame,
1758349623,604949219,camera_color_optical_frame,
1758349623,638293457,camera_color_optical_frame,
1758349623,671636719,camera_color_optical_frame,
1758349623,704980957,camera_color_optical_frame,
1758349623,738323975,camera_color_optical_frame,
1758349623,771667969,camera_color_optical_frame,
1758349623,805010742,camera_color_optical_frame,
1758349623,838327393,camera_color_optical_frame,
1758349623,871688965,camera_color_optical_frame,
1758349623,905051514,camera_color_optical_frame,
1758349623,938413330,camera_color_optical_frame,
1758349623,971775879,camera_color_optical_frame,
1758349624,5137695,camera_color_optical_frame,
1758349624,38500488,camera_color_optical_frame,
1758349624,71862061,camera_color_optical_frame,
1758349624,105224854,camera_color_optical_frame,
1758349624,138586670,camera_color_optical_frame,
1758349624,171949463,camera_color_optical_frame,
1758349624,205311279,camera_color_optical_frame,
1758349624,238674072,camera_color_optical_frame,
1758349624,272036133,camera_color_optical_frame,
1758349624,305398926,camera_color_optical_frame,
1758349624,338760742,camera_color_optical_frame,
1758349624,538935791,camera_color_optical_frame,
1758349624,572298828,camera_color_optical_frame,
1758349624,605660889,camera_color_optical_frame,
1758349624,639024170,camera_color_optical_frame,
1758349624,672386230,camera_color_optical_frame,
1758349624,772474854,camera_color_optical_frame,
1758349624,805836914,camera_color_optical_frame,
1758349624,839200195,camera_color_optical_frame,
1758349624,872572021,camera_color_optical_frame,
1758349624,905916504,camera_color_optical_frame,
1758349624,939260010,camera_color_optical_frame,
1758349624,972604492,camera_color_optical_frame,
1758349625,5947510,camera_color_optical_frame,
1758349625,39291748,camera_color_optical_frame,
1758349625,72634766,camera_color_optical_frame,
1758349625,105978760,camera_color_optical_frame,
1758349625,139321533,camera_color_optical_frame,
1758349625,172665283,camera_color_optical_frame,
1758349625,206007813,camera_color_optical_frame,
1758349625,239351563,camera_color_optical_frame,
1758349625,272693848,camera_color_optical_frame,
1758349625,306037109,camera_color_optical_frame,
1758349625,339379395,camera_color_optical_frame,
1758349625,439407471,camera_color_optical_frame,
1758349625,472749512,camera_color_optical_frame,
1758349625,506092041,camera_color_optical_frame,
1758349625,539433838,camera_color_optical_frame,
1758349625,572776367,camera_color_optical_frame,
1758349625,606117676,camera_color_optical_frame,
1758349625,639459961,camera_color_optical_frame,
1758349625,672801270,camera_color_optical_frame,
1758349625,706143311,camera_color_optical_frame,
1758349625,839509033,camera_color_optical_frame,
1758349625,872849609,camera_color_optical_frame,
1758349625,906196533,camera_color_optical_frame,
1758349625,939535889,camera_color_optical_frame,
1758349625,972925781,camera_color_optical_frame,
1758349626,6314941,camera_color_optical_frame,
1758349626,39705322,camera_color_optical_frame,
1758349626,139875244,camera_color_optical_frame,
1758349626,173266357,camera_color_optical_frame,
1758349626,206656494,camera_color_optical_frame,
1758349626,240047852,camera_color_optical_frame,
1758349626,273438477,camera_color_optical_frame,
1758349626,306830322,camera_color_optical_frame,
1758349626,340221436,camera_color_optical_frame,
1758349626,373613525,camera_color_optical_frame,
1758349626,407005127,camera_color_optical_frame,
1758349626,440397705,camera_color_optical_frame,
1758349626,473789551,camera_color_optical_frame,
1758349626,507182373,camera_color_optical_frame,
1758349626,540574707,camera_color_optical_frame,
1758349626,640754395,camera_color_optical_frame,
1758349626,674147461,camera_color_optical_frame,
1758349626,707541504,camera_color_optical_frame,
1758349626,807723389,camera_color_optical_frame,
1758349626,841118164,camera_color_optical_frame,
1758349626,874512451,camera_color_optical_frame,
1758349626,907907715,camera_color_optical_frame,
1758349626,941312744,camera_color_optical_frame,
1758349626,974672607,camera_color_optical_frame,
1758349627,8031250,camera_color_optical_frame,
1758349627,41391113,camera_color_optical_frame,
1758349627,74750000,camera_color_optical_frame,
1758349627,108109619,camera_color_optical_frame,
1758349627,141468506,camera_color_optical_frame,
1758349627,174828125,camera_color_optical_frame,
1758349627,208187012,camera_color_optical_frame,
1758349627,241546631,camera_color_optical_frame,
1758349627,274905518,camera_color_optical_frame,
1758349627,308265381,camera_color_optical_frame,
1758349627,341624023,camera_color_optical_frame,
1758349627,408342773,camera_color_optical_frame,
1758349627,508421143,camera_color_optical_frame,
1758349627,541779785,camera_color_optical_frame,
1758349627,575139648,camera_color_optical_frame,
1758349627,608498535,camera_color_optical_frame,
1758349627,641858154,camera_color_optical_frame,
1758349627,675217041,camera_color_optical_frame,
1758349627,708576904,camera_color_optical_frame,
1758349627,741935791,camera_color_optical_frame,
1758349627,775295410,camera_color_optical_frame,
1758349627,808654297,camera_color_optical_frame,
1758349627,842014160,camera_color_optical_frame,
1758349627,875373047,camera_color_optical_frame,
1758349627,975437256,camera_color_optical_frame,
1758349628,8774170,camera_color_optical_frame,
1758349628,42112061,camera_color_optical_frame,
1758349628,175459961,camera_color_optical_frame,
1758349628,242133057,camera_color_optical_frame,
1758349628,275468750,camera_color_optical_frame,
1758349628,308805420,camera_color_optical_frame,
1758349628,342140869,camera_color_optical_frame,
1758349628,375477295,camera_color_optical_frame,
1758349628,408812500,camera_color_optical_frame,
1758349628,442148438,camera_color_optical_frame,
1758349628,475483398,camera_color_optical_frame,
1758349628,508819092,camera_color_optical_frame,
1758349628,542153564,camera_color_optical_frame,
1758349628,575489014,camera_color_optical_frame,
1758349628,608823242,camera_color_optical_frame,
1758349628,642158203,camera_color_optical_frame,
1758349628,675492188,camera_color_optical_frame,
1758349628,708826904,camera_color_optical_frame,
1758349628,742160645,camera_color_optical_frame,
1758349628,775495117,camera_color_optical_frame,
1758349628,808828369,camera_color_optical_frame,
1758349628,842162598,camera_color_optical_frame,
1758349628,875495605,camera_color_optical_frame,
1758349628,908816406,camera_color_optical_frame,
1758349628,942159668,camera_color_optical_frame,
1758349628,975503906,camera_color_optical_frame,tag36h11,0,0,0.0,59.85157012939453,362.4114589651039,249.79995568155078,352.23699951171875,259.95050048828125,372.9292297363282,259.9445190429687,373.2510681152344,238.98582458496097,351.73803710937494,239.5052642822266,6.141106668160147,7.115860526493976,362.4114589651039,-3.162386891903057,15.216264514785934,249.79995568155078,-0.012153753103779313,0.01949883684893537,1.0
1758349629,8846924,camera_color_optical_frame,tag36h11,0,0,0.0,58.88008499145508,362.22374566641537,249.76360828619397,351.9855651855468,259.9713439941407,372.75906372070307,259.9295349121093,372.97784423828125,239.0414886474609,351.44335937500006,239.36120605468753,8.204270701556025,6.61668601321526,362.22374566641537,-1.7212911453827386,14.87564695314498,249.76360828619397,-0.006539744870279407,0.01803681919412386,1.0
1758349629,42191162,camera_color_optical_frame,
1758349629,75533936,camera_color_optical_frame,
1758349629,108877930,camera_color_optical_frame,
1758349629,142220703,camera_color_optical_frame,
1758349629,175564453,camera_color_optical_frame,
1758349629,208907227,camera_color_optical_frame,
1758349629,242250732,camera_color_optical_frame,
1758349629,308936768,camera_color_optical_frame,
1758349629,342279053,camera_color_optical_frame,
1758349629,375622559,camera_color_optical_frame,
1758349629,408964600,camera_color_optical_frame,
1758349629,442307861,camera_color_optical_frame,
1758349629,475649902,camera_color_optical_frame,
1758349629,508992920,camera_color_optical_frame,
1758349629,542334717,camera_color_optical_frame,
1758349629,575677734,camera_color_optical_frame,
1758349629,609019531,camera_color_optical_frame,
1758349629,675703613,camera_color_optical_frame,
1758349629,709046387,camera_color_optical_frame,
1758349629,742387695,camera_color_optical_frame,
1758349629,775730225,camera_color_optical_frame,
1758349629,809071533,camera_color_optical_frame,
1758349629,842413574,camera_color_optical_frame,
1758349629,875754883,camera_color_optical_frame,
1758349629,975802002,camera_color_optical_frame,tag36h11,0,0,0.0,73.51032257080078,314.1046182635362,245.13091713646597,301.9634094238282,257.16357421875006,326.1478576660156,257.1063232421875,326.33270263671875,233.01216125488278,301.88812255859375,232.98323059082034,12.718609309470935,1.6538876725015281,314.1046182635362,0.4310767410522065,13.380511446112592,245.13091713646597,0.001788381834526632,0.005353340929380769,1.0
1758349630,9181885,camera_color_optical_frame,
1758349630,42562988,camera_color_optical_frame,
1758349630,75943848,camera_color_optical_frame,
1758349630,109325684,camera_color_optical_frame,
1758349630,142707275,camera_color_optical_frame,
1758349630,176090088,camera_color_optical_frame,
1758349630,209472412,camera_color_optical_frame,
1758349630,242856201,camera_color_optical_frame,
1758349630,343007813,camera_color_optical_frame,
1758349630,376393066,camera_color_optical_frame,
1758349630,543322998,camera_color_optical_frame,
1758349630,576710693,camera_color_optical_frame,
1758349631,44059326,camera_color_optical_frame,
1758349631,77406494,camera_color_optical_frame,
1758349631,110754395,camera_color_optical_frame,
1758349631,144101318,camera_color_optical_frame,
1758349631,177449219,camera_color_optical_frame,
1758349631,210796143,camera_color_optical_frame,
1758349631,244143799,camera_color_optical_frame,
1758349631,277490479,camera_color_optical_frame,
1758349631,310838135,camera_color_optical_frame,
1758349631,344184814,camera_color_optical_frame,
1758349631,377532471,camera_color_optical_frame,
1758349631,410878906,camera_color_optical_frame,
1758349631,444226318,camera_color_optical_frame,tag36h11,0,0,0.0,65.3772964477539,210.11033650263406,245.95635750902838,197.22074890136722,258.71875,223.05403137207037,259.04400634765625,222.59832763671875,233.59159851074222,196.90916442871088,232.60836791992188,15.57546491917563,-0.4351121523545458,210.11033650263406,3.485266683663864,12.153472842782975,245.95635750902838,0.012836475638847777,-0.002988377920673894,1.0
1758349631,477572754,camera_color_optical_frame,tag36h11,0,0,0.0,66.59941101074219,207.33254458465603,246.19169965334495,194.56675720214844,258.8621520996094,219.96052551269526,259.06616210937494,220.0559539794922,233.56330871582034,194.01179504394537,232.61094665527344,15.794834317723428,2.705562923145553,207.33254458465603,3.775416647189101,16.015488442932963,246.19169965334495,0.014180088995459816,0.012517502761706711,1.0
1758349631,510920166,camera_color_optical_frame,tag36h11,0,0,0.0,71.2978515625,204.583274481642,246.10046403686422,191.7154541015625,259.00946044921875,217.21975708007815,259.100341796875,217.02658081054688,233.6173400878906,191.4071350097656,232.54541015624997,16.63053619459447,0.5472957729981576,204.583274481642,4.925939892162117,13.490872264537503,246.10046403686422,0.018839270176119752,0.0020674347673090864,1.0
1758349631,544266357,camera_color_optical_frame,tag36h11,0,0,0.0,75.02645111083984,201.91138171481512,246.23589639949859,188.7564544677734,259.0706176757812,214.5816650390625,259.13958740234375,214.7547302246094,233.7051696777344,188.4270477294922,232.50315856933594,17.38306861305432,1.9659722021629906,201.91138171481512,5.619714095650235,15.34957962425466,246.23589639949859,0.021554570551684783,0.00956997818249595,1.0
1758349631,577613770,camera_color_optical_frame,tag36h11,0,0,0.0,73.07766723632812,199.8560959767186,245.98481900101922,186.8848114013672,259.0775451660156,212.76657104492182,259.1081237792969,212.23153686523438,233.4935150146484,186.58834838867193,232.49835205078122,16.589384717181474,-0.7751353945593534,199.8560959767186,4.828565229424553,11.830969395703676,245.98481900101922,0.01857770906326536,-0.004930009426249558,1.0
1758349631,610959961,camera_color_optical_frame,tag36h11,0,0,0.0,75.66495513916016,197.6426885330547,246.10483035219542,184.4481048583984,259.1516418457031,210.62504577636716,259.1542663574219,210.24215698242188,233.64646911621094,184.16758728027347,232.5601043701172,17.17758703017327,-0.27254652664830953,197.6426885330547,5.404105758342237,12.471822265940093,246.10483035219542,0.020847905977117085,-0.0022238945460289913,1.0
1758349631,644307129,camera_color_optical_frame,tag36h11,0,0,0.0,78.1696548461914,195.72554595725632,246.1424103136757,182.56771850585938,259.0707092285157,208.4155731201172,259.167236328125,208.65440368652344,233.43908691406247,182.3494415283203,232.41340637207028,16.467965472943973,1.7076929624427382,195.72554595725632,4.595953316539718,15.250320227630851,246.1424103136757,0.01754895199366142,0.008771688016115066,1.0
1758349631,677653076,camera_color_optical_frame,tag36h11,0,0,0.0,68.62159729003906,193.2459378522657,246.07385754046558,180.0267333984375,259.1102600097656,206.02445983886722,259.16427612304693,206.0698699951172,233.42726135253903,179.91659545898438,232.41917419433594,16.538389041042336,0.5868108317016579,193.2459378522657,4.72725149297423,13.830982070329384,246.07385754046558,0.01813773651266382,0.002960136475534118,1.0
1758349631,744346191,camera_color_optical_frame,tag36h11,0,0,0.0,71.0718765258789,187.63357434550062,246.0008882176474,174.34489440917972,259.1295166015625,200.64648437500003,259.1752014160156,200.37586975097656,233.4120635986328,173.9642639160156,232.16203308105466,17.448544354145497,0.5004028691816164,187.63357434550062,5.930319917487137,13.619875907941152,246.0008882176474,0.022795224755915427,0.001805441481537592,1.0
1758349631,777693115,camera_color_optical_frame,tag36h11,0,0,0.0,69.49120330810547,184.36923861582954,245.95164984672604,171.08938598632812,259.10296630859375,197.43429565429682,259.3511657714844,197.03506469726562,233.40841674804685,170.94189453125006,232.18057250976557,16.546912623681607,-0.7819158009110053,184.36923861582954,4.963376272460634,11.982800723776224,245.95164984672604,0.018670490461366616,-0.004995359829397568,1.0
1758349631,811038818,camera_color_optical_frame,tag36h11,0,0,0.0,72.9476547241211,181.07713349226228,246.25535317651529,167.85784912109375,259.2398681640625,194.013671875,259.6125183105469,194.09735107421875,233.46636962890625,167.3983612060547,232.13182067871094,16.419916795882813,1.9271736857385835,181.07713349226228,4.789659951345212,15.807443699733767,246.25535317651529,0.017737004628944883,0.010150473849219282,1.0
1758349631,844385742,camera_color_optical_frame,tag36h11,0,0,0.0,74.2044677734375,178.44433577144045,245.99395605570786,165.01516723632815,259.23699951171875,191.7592620849609,259.6547241210937,191.20877075195312,233.40643310546875,164.8375396728516,232.0337371826172,16.505372231751267,-1.1115026116749758,178.44433577144045,4.905795782719677,11.569999024310535,245.99395605570786,0.01810956430696958,-0.007268141139442317,1.0
1758349631,977770508,camera_color_optical_frame,tag36h11,0,0,0.0,75.18841552734375,168.5209980081717,246.09896103090702,154.84671020507812,259.6770935058594,181.8881530761719,259.8929748535156,181.34190368652344,233.3682098388672,154.66656494140625,231.80210876464847,17.642383343195434,-1.0193530194502467,168.5209980081717,6.6160001328181846,11.830208413067142,246.09896103090702,0.025054683057360687,-0.0071542579846981535,1.0
1758349632,11115479,camera_color_optical_frame,tag36h11,0,0,0.0,69.07867431640625,166.61307522985126,246.23865469691683,153.0648498535156,259.6563415527343,179.84757995605472,259.8850402832031,179.70529174804688,233.27258300781256,152.48429870605466,231.670166015625,17.64022339028668,1.4719616166791842,166.61307522985126,6.5833500768072755,15.556456310086817,246.23865469691683,0.024899309485275987,0.00778214378864969,1.0
1758349632,44461670,camera_color_optical_frame,tag36h11,0,0,0.0,81.45808410644531,164.49619978164407,246.24744000235975,150.64624023437503,259.763916015625,177.67906188964844,259.8650817871094,177.78256225585935,233.2809906005859,150.36555480957037,231.65075683593747,18.163549765977535,1.1848029056958784,164.49619978164407,7.2567936762932534,15.378206105205551,246.24744000235975,0.027734627915999142,0.006965524696795962,1.0
1758349632,77806641,camera_color_optical_frame,tag36h11,0,0,0.0,73.45536804199219,162.62898035070612,246.2807150956166,148.7913513183594,259.8293762207031,175.95544433593753,260.043212890625,175.8224334716797,233.36277770996097,148.5217590332031,231.71191406250003,17.858793692215244,0.4753279154755636,162.62898035070612,6.903296136955473,14.259980770714892,246.2807150956166,0.02614536903351367,0.0023144358981181893,1.0
1758349632,177843262,camera_color_optical_frame,tag36h11,0,0,0.0,82.17516326904297,155.38112133771415,246.4039045296271,141.4046936035156,260.0361022949218,168.80972290039065,260.3171691894531,168.81117248535156,233.30462646484375,141.05570983886716,231.56146240234372,17.83939687326432,1.0439198862259251,155.38112133771415,6.938366778186546,15.386475096342425,246.4039045296271,0.02612441980738069,0.006188382459538598,1.0
1758349632,211187988,camera_color_optical_frame,tag36h11,0,0,0.0,79.61022186279297,152.56257666226804,246.3500071201061,138.45431518554688,260.23156738281244,166.16020202636722,260.3370666503906,165.79893493652344,233.3263397216797,138.22647094726562,231.60331726074222,18.256679610717697,-0.2662989805528151,152.56257666226804,7.642834857171917,13.226721242893662,246.3500071201061,0.02916129954800455,-0.0027244319196861756,1.0
1758349632,244533691,camera_color_optical_frame,tag36h11,0,0,0.0,80.31781005859375,149.2550183145914,246.47126085807253,134.9978332519531,260.2583312988281,162.77320861816406,260.44000244140625,162.79360961914062,233.37908935546878,134.80271911621094,231.53727722167972,18.350717541552,0.603484241048253,149.2550183145914,7.803873060049139,14.862582691901624,246.47126085807253,0.029624426947913493,0.00377180284429696,1.0
1758349632,277878174,camera_color_optical_frame,tag36h11,0,1,0.0,80.61692810058594,146.22773060592385,246.39778091150043,131.91755676269534,260.2386779785156,159.89425659179685,260.56744384765625,159.76594543457028,233.30352783203122,131.80279541015628,231.44178771972656,17.97513224950859,0.008195771842625736,146.22773060592385,7.288679962907932,13.915745171445709,246.39778091150043,0.0273589579263482,-0.00036110242176418377,1.0
1758349632,311223633,camera_color_optical_frame,tag36h11,0,0,0.0,78.87114715576172,143.47091873132104,246.4591250177622,129.19750976562503,260.2213134765625,157.06561279296872,260.6610107421875,157.2251281738281,233.1975402832031,128.96707153320318,231.30747985839844,17.671713901168033,1.0049768798897138,143.47091873132104,6.847051031380173,15.788752072630844,246.4591250177622,0.02544022591117618,0.006915657907318975,1.0
1758349632,344568115,camera_color_optical_frame,tag36h11,0,0,0.0,77.5256576538086,140.93031651277607,246.4420751429644,126.4341049194336,260.4568481445312,154.93736267089847,260.8709716796875,154.62864685058594,233.19868469238284,126.20751190185547,231.27586364746097,17.970625772127818,-0.10356210547541547,140.93031651277607,7.142006305599748,13.786074809924544,246.4420751429644,0.02660627268351252,-0.0016928661172147428,1.0
1758349632,377913330,camera_color_optical_frame,tag36h11,0,0,0.0,79.77508544921875,138.13266358854165,246.50282655808795,123.5719833374023,260.5937194824219,152.09330749511716,260.92764282226557,151.926025390625,233.15449523925778,123.25347137451172,231.12892150878906,18.354802230178905,0.4500110257143353,138.13266358854165,7.848332124036117,14.887025284694689,246.50282655808795,0.029456015835344313,0.002393967764185433,1.0
1758349632,411257568,camera_color_optical_frame,tag36h11,0,0,0.0,80.47576904296875,135.49901795359028,246.47041294953144,120.92082977294919,260.608154296875,149.22738647460932,260.9320983886719,149.35461425781253,233.03343200683594,120.80364227294928,230.99006652832028,18.228207839326586,0.5770411274500338,135.49901795359028,7.912007437033478,15.426876077309744,246.47041294953144,0.029717124332504077,0.0043039797402486995,1.0
1758349632,444602783,camera_color_optical_frame,tag36h11,0,0,0.0,81.82965087890625,133.16750640490827,246.36593081781172,118.5275192260742,260.59210205078125,147.0768890380859,260.9211120605469,146.99711608886722,232.92723083496097,118.28437805175784,230.79179382324216,18.448634651728042,0.43480152182178583,133.16750640490827,8.285437223358112,15.093941958908774,246.36593081781172,0.031142036510249587,0.002677373003397091,1.0
1758349632,477946777,camera_color_optical_frame,tag36h11,0,0,0.0,78.88899230957031,130.38403455818874,246.251020674542,115.60966491699216,260.6319274902343,144.51033020019528,260.97314453125,144.16835021972656,232.83380126953125,115.39181518554689,230.6264495849609,18.60299055973779,-0.17925996339573316,130.38403455818874,8.568715558328334,13.91420375084161,246.251020674542,0.032202629885355556,-0.0024647215407955078,1.0
1758349632,511291748,camera_color_optical_frame,tag36h11,0,0,0.0,84.38433837890625,127.31236071187526,246.2850991591422,112.38398742675784,260.6882629394531,141.4267730712891,260.9953308105469,141.40182495117185,232.6913299560547,112.21809387207031,230.55364990234378,18.518109866809056,0.34070248056685043,127.31236071187526,8.299562493272358,15.166198379827451,246.2850991591422,0.031228402501622236,0.002318286607734526,1.0
1758349632,544635742,camera_color_optical_frame,tag36h11,0,0,0.0,83.61863708496094,124.40930993966094,246.3108405417707,109.44673919677736,260.8101806640625,138.49803161621094,260.99615478515625,138.53939819335938,232.6182098388672,109.2316665649414,230.49049377441403,18.668115192134934,0.5737408595403827,124.40930993966094,8.679988900700177,15.716281096380671,246.3108405417707,0.03291106974101907,0.004296205445425846,1.0
1758349632,577980469,camera_color_optical_frame,tag36h11,0,0,0.0,81.82456970214844,121.37856604631867,246.24160950238826,106.38445281982422,260.8241271972656,135.5382537841797,261.06494140624994,135.51600646972656,232.49224853515625,106.20137786865236,230.35308837890622,18.491585224898884,0.3690199941875994,121.37856604631867,8.482740325953838,15.395192124451087,246.24160950238826,0.032045183827058635,0.0026381424662756886,1.0
1758349632,611324219,camera_color_optical_frame,tag36h11,0,0,0.0,79.83533477783203,118.33694283271038,246.29208274856646,103.41407775878909,260.88458251953125,132.72935485839844,261.4154357910156,132.4005584716797,232.5398101806641,103.16543579101561,230.3500671386719,17.93929772619356,-0.04908222552404266,118.33694283271038,7.5766692955667425,14.435738701599123,246.29208274856646,0.02799800520051822,-0.0016451047534916305,1.0
1758349632,644668945,camera_color_optical_frame,tag36h11,0,0,0.0,86.78990173339844,114.99561737649658,246.4715832012405,99.9259948730469,261.1311340332032,129.31135559082037,261.67343139648443,129.26342773437494,232.59202575683588,99.77213287353511,230.30580139160156,18.045085375131265,0.24441695071698508,114.99561737649658,7.8602338432806365,15.382891824246032,246.4715832012405,0.029030443787861036,0.0016997584698482374,1.0
1758349632,678012451,camera_color_optical_frame,tag36h11,0,0,0.0,85.11585998535156,111.61843261803227,246.3893160082134,96.19654083251953,261.3377380371094,126.34858703613283,261.72406005859375,125.9142837524414,232.5323638916016,96.06101989746095,230.19335937500003,18.624032458465663,-0.44286075817356274,111.61843261803227,8.718655022041643,13.764679096617416,246.3893160082134,0.0326023259382351,-0.005288864322675867,1.0
1758349632,711356934,camera_color_optical_frame,tag36h11,0,0,0.0,81.078369140625,108.51290646111245,246.28286825828695,93.00368499755861,261.3084716796875,123.1828308105469,261.6839904785156,122.90703582763672,232.33758544921875,92.95658874511719,229.95117187500003,18.629806842822063,-0.34751004337224967,108.51290646111245,8.89681869001498,14.178262892850258,246.28286825828695,0.03330758140174779,-0.003982289668753468,1.0
1758349632,744700439,camera_color_optical_frame,tag36h11,0,0,0.0,89.06159973144531,105.26297657150776,246.21541494928982,89.66336059570314,261.1695556640625,119.90399932861328,261.66430664062506,119.86553955078124,232.2170715332031,89.48829650878909,229.57031249999997,18.834867800628174,0.2752295531203294,105.26297657150776,9.434710787895934,15.76696072899725,246.21541494928982,0.03514236209809274,0.0021297441007579357,1.0
1758349632,778044678,camera_color_optical_frame,tag36h11,0,0,0.0,94.61653137207031,102.20629839390548,246.19648224349456,86.57675170898439,261.37951660156256,116.89791870117186,261.66485595703125,116.69697570800781,232.1197814941406,86.3273849487305,229.47804260253903,19.067381692324545,0.1642998985828576,102.20629839390548,10.165399639067655,15.46546879652533,246.19648224349456,0.03832430754767105,0.0005135206539316244,1.0
1758349632,811387939,camera_color_optical_frame,tag36h11,0,1,0.0,89.69697570800781,98.42482628001933,246.14346425092603,82.94509124755858,261.2772827148438,113.10997772216798,261.68566894531244,113.02509307861328,231.86946105957026,82.46135711669918,229.24833679199213,18.65384425847421,0.7489905934707116,98.42482628001933,9.481058441698618,16.975746041551417,246.14346425092603,0.035473228199547846,0.006235589225775119,1.0
1758349632,844732178,camera_color_optical_frame,tag36h11,0,1,0.0,89.21253967285156,94.59716277103723,245.69141281731385,78.81812286376953,260.8088989257812,109.4002685546875,261.4137878417969,109.47810363769533,231.43437194824224,78.6500015258789,228.75393676757812,18.48055578881312,0.3927577303726258,94.59716277103723,8.985195904510046,16.463009188821758,245.69141281731385,0.03324847854900073,0.003956254028971353,1.0
1758349632,878075439,camera_color_optical_frame,tag36h11,0,1,0.0,91.3457260131836,90.27325188399809,245.75235215923348,74.50619506835936,260.88586425781244,105.08557128906249,261.5839538574219,105.25139617919922,231.3760528564453,74.24874877929688,228.6251525878906,18.311028085226596,0.632164938326955,90.27325188399809,8.837553404087028,17.276813480173814,245.75235215923348,0.03248465688549377,0.006824960674905699,1.0
1758349632,911419434,camera_color_optical_frame,tag36h11,0,0,0.0,91.98855590820312,86.31372102543168,245.68858145328414,70.13955688476564,261.37255859375006,101.67134094238281,261.71029663085943,101.00675964355469,231.44084167480463,70.0269241333008,228.69750976562497,18.94136402830182,-0.598362215729889,86.31372102543168,10.282000467793607,13.42433039614386,245.68858145328414,0.03867342842779142,-0.009310366350026416,1.0
1758349632,944758057,camera_color_optical_frame,tag36h11,0,0,0.0,102.01205444335938,83.64158079371988,245.88615258650407,67.23937225341795,261.5051574707032,98.85169219970702,261.7657470703125,98.73773956298828,231.51083374023435,67.12591552734375,228.64353942871094,19.234101208243885,0.043876201154109375,83.64158079371988,10.937813454999453,15.71375629468031,245.88615258650407,0.041307624568411035,-0.00015642206605359955,1.0
1758349632,978113037,camera_color_optical_frame,tag36h11,0,0,0.0,98.54692077636719,82.28179154789585,245.93828538387825,66.08645629882812,261.5285339355469,97.36605072021484,261.7641296386719,97.31299591064453,231.4686737060547,65.73274230957033,228.57563781738284,19.125937013329562,0.46688705551689574,82.28179154789585,11.053246940274985,16.893665770404514,245.93828538387825,0.04179274153578016,0.004512565736905703,1.0
1758349633,11467285,camera_color_optical_frame,tag36h11,0,0,0.0,100.4637451171875,81.5169432493062,245.75196810289188,65.02100372314453,261.5491027832031,96.9262161254883,261.7340698242187,96.45745849609374,231.44436645507815,64.90123748779294,228.51858520507815,19.386856451990653,-0.3262158135561144,81.5169432493062,11.492967526774065,14.349081100991102,245.75196810289188,0.04357499177315195,-0.005903369912611276,1.0
1758349633,44822266,camera_color_optical_frame,tag36h11,0,0,0.0,97.9462890625,81.02794614442652,245.99156737919827,64.87553405761719,261.55651855468756,96.20022583007811,261.85217285156256,96.0743637084961,231.49238586425776,64.3909912109375,228.59983825683594,19.027059070707807,0.5748175950893176,81.02794614442652,10.812469738294137,17.1052757677806,245.99156737919827,0.0407477353621938,0.005297863199806192,1.0
1758349633,78176514,camera_color_optical_frame,tag36h11,0,0,0.0,102.92744445800781,80.79137040389598,245.96538799035235,64.29956054687501,261.5435485839844,96.05715942382812,261.8545532226562,96.09406280517578,231.5104675292969,64.08290100097656,228.57463073730472,19.248256611199665,0.351636978525935,80.79137040389598,10.953825577283961,16.7502321893291,245.96538799035235,0.04126007711817626,0.0038599805203210257,1.0
1758349633,111531494,camera_color_optical_frame,tag36h11,0,0,0.0,99.10494232177734,81.0167724013679,246.04283655952005,64.90095520019533,261.5704040527343,96.18749237060548,261.89178466796875,96.07054901123047,231.53854370117193,64.35562133789062,228.63682556152347,19.00079690827002,0.6736114982182818,81.0167724013679,10.748075788250727,17.36316311654821,246.04283655952005,0.04044747218729938,0.006374503583710841,1.0
1758349633,144885498,camera_color_optical_frame,tag36h11,0,0,0.0,98.32003021240234,81.01392276154175,246.1009349418566,64.9387893676758,261.5906372070313,96.16490173339844,261.9438781738281,96.08238983154297,231.58123779296872,64.37457275390625,228.7016448974609,18.91371810010257,0.7395437669968067,81.01392276154175,10.536258079939838,17.57046768555006,246.1009349418566,0.039570867772096785,0.0072474912558626115,1.0
1758349633,178240723,camera_color_optical_frame,tag36h11,0,0,0.0,99.36307525634766,80.83745453283389,246.14807656328728,64.57694244384764,261.6089477539063,96.0979690551758,262.05908203125,96.0828628540039,231.65238952636716,64.15727996826169,228.75689697265625,18.93645197202342,0.5953056169876197,80.83745453283389,10.263354910835087,17.29532686276301,246.14807656328728,0.03833310884000772,0.006113648033873121,1.0
1758349633,311658691,camera_color_optical_frame,tag36h11,0,0,0.0,97.10667419433594,77.14788499205042,245.99709540553232,60.63762664794921,261.73721313476557,92.62631225585939,262.12805175781244,92.24258422851562,231.6065063476563,60.52218627929685,228.67050170898438,19.007341250377436,-0.2188246992988035,77.14788499205042,10.740610146918922,14.757741223956659,245.99709540553232,0.040262548891638106,-0.004526598634584963,1.0
1758349633,345012451,camera_color_optical_frame,tag36h11,0,0,0.0,100.1022720336914,74.80554966215,246.11513595090693,58.30446243286134,261.79391479492193,90.10829925537111,262.1440734863282,90.1070098876953,231.57620239257807,58.05662536621093,228.5713958740234,19.03442027368841,0.33402471312426835,74.80554966215,11.026639570371824,16.83026454346825,246.11513595090693,0.04142059847239709,0.003699500643769798,1.0
1758349633,378367432,camera_color_optical_frame,tag36h11,0,0,0.0,93.28656005859375,71.93029862398336,246.01495652068093,55.507606506347635,261.7913513183594,87.2398681640625,262.1338806152344,87.08705139160158,231.45468139648438,55.20122909545896,228.40148925781247,18.9113293854262,0.2634789866046709,71.93029862398336,11.225573901731106,16.50742155545632,246.01495652068093,0.042196662217016026,0.00210921436549767,1.0
1758349633,411721436,camera_color_optical_frame,tag36h11,0,0,0.0,95.08380126953125,68.25619073532016,245.87559396092337,51.63148117065431,261.75976562499994,83.56365966796875,262.13244628906244,83.51342010498045,231.2979888916016,51.53242874145507,228.11460876464847,18.920803640275622,0.08151647149630384,68.25619073532016,11.595265308978494,16.252036529222924,245.87559396092337,0.043554003514274596,0.0006620013113208872,1.0
1758349633,445076416,camera_color_optical_frame,tag36h11,0,0,0.0,91.0706787109375,64.14044881535031,245.60902677255638,47.42201232910155,261.65121459960943,79.90009307861327,262.11346435546875,79.32552337646484,231.03817749023435,47.1743278503418,227.84109497070312,18.85145914554802,-0.14619695420155318,64.14044881535031,11.350500365017634,14.817081402694301,245.60902677255638,0.042464373013956155,-0.005598108976124208,1.0
1758349633,478430176,camera_color_optical_frame,tag36h11,0,0,0.0,94.21236419677734,60.068560548197766,245.5410103173548,43.23663330078126,261.7414245605468,75.88775634765625,262.12088012695307,75.26651000976562,230.91326904296884,43.07361221313475,227.72885131835946,18.78795645266107,-0.24965204012047704,60.068560548197766,11.561971849428316,14.409862845212617,245.5410103173548,0.043422419714692545,-0.007591756852222957,1.0
1758349633,511785156,camera_color_optical_frame,tag36h11,0,0,0.0,93.41131591796875,55.18862567791715,245.60692260309372,38.22708892822265,261.93344116210943,71.05252075195311,262.22528076171875,70.48255920410156,230.88557434082026,38.073760986328125,227.67810058593747,18.74848634265166,-0.18938546515490995,55.18862567791715,11.890322031879915,14.674918954314508,245.60692260309372,0.04481622149788275,-0.0068836362083354785,1.0
1758349633,545138916,camera_color_optical_frame,tag36h11,0,0,0.0,93.03238677978516,50.32966360152096,245.69196579416268,33.3419532775879,261.94308471679693,66.02430725097658,262.29647827148443,65.96824645996094,230.73147583007804,33.12056350708007,227.4851989746093,18.549983536465803,0.1835525387332416,50.32966360152096,11.628834844332712,17.048364410124467,245.69196579416268,0.04368890012567163,0.002337973192237919,1.0
1758349633,578493896,camera_color_optical_frame,tag36h11,0,1,0.0,97.65755462646484,45.632595308328675,245.5576050739069,28.61891555786133,261.8975830078125,61.81523132324218,262.68359375,61.15520095825195,230.649658203125,28.492752075195312,227.41860961914065,18.141771132002482,-0.18345734779437728,45.632595308328675,10.166999482577806,14.50472521674857,245.5576050739069,0.03727680376416718,-0.008551233523892969,1.0
1758349633,611847656,camera_color_optical_frame,tag36h11,0,1,0.0,98.56241607666016,41.34259235054515,245.70006314275938,24.136606216430664,262.15374755859375,57.60050964355469,262.9405822753906,57.11710357666015,230.61526489257812,23.986774444580075,227.2952880859375,18.196441920696884,-0.05716171250204048,41.34259235054515,10.376752905680686,15.452000314658934,245.70006314275938,0.038032970115636104,-0.005370708499764749,1.0
1758349633,645202393,camera_color_optical_frame,tag36h11,0,1,0.0,99.73228454589844,36.4564465628927,245.59247390367403,19.09594154357911,262.3268737792969,52.856281280517585,262.99749755859375,52.12882232666015,230.48532104492188,18.97430229187012,227.03880310058594,18.212322001721773,-0.12407179319100357,36.4564465628927,11.238887782355587,14.567200763806996,245.59247390367403,0.04152401427619891,-0.009580497819844887,1.0
1758349633,678556152,camera_color_optical_frame,tag36h11,0,0,0.0,88.07091522216797,31.06958230881788,245.80896779810968,13.45734024047851,262.69116210937494,47.18849945068359,262.9832763671875,47.14004135131836,230.40464782714844,13.305871009826669,226.8821716308594,18.31893232961043,0.09069753885156809,31.06958230881788,12.541348862831935,17.39918760221636,245.80896779810968,0.0471588060104796,0.0013850712744995772,1.0
1758349633,711910889,camera_color_optical_frame,tag36h11,0,1,0.0,91.06229400634766,25.040635043160247,245.6019602395633,7.423128604888919,262.56109619140625,41.28254699707031,263.00119018554693,41.20368957519531,230.0429229736328,7.200220108032227,226.49032592773435,18.057614950000364,0.12049914943608873,25.040635043160247,12.039986395962924,17.694322312224646,245.6019602395633,0.04497855583266734,0.0019226720800337143,1.0
1758349633,745264648,camera_color_optical_frame,
1758349633,778619385,camera_color_optical_frame,
1758349633,811973145,camera_color_optical_frame,
1758349633,845327881,camera_color_optical_frame,
1758349633,878681641,camera_color_optical_frame,
1758349633,912036133,camera_color_optical_frame,
1758349633,945394775,camera_color_optical_frame,
1758349633,978740479,camera_color_optical_frame,
1758349634,12084961,camera_color_optical_frame,
1758349634,45430420,camera_color_optical_frame,
1758349634,78774658,camera_color_optical_frame,
1758349634,112120117,camera_color_optical_frame,
1758349634,145464111,camera_color_optical_frame,
1758349634,312186768,camera_color_optical_frame,
1758349634,345530518,camera_color_optical_frame,
1758349634,378875000,camera_color_optical_frame,
1758349634,412218506,camera_color_optical_frame,
1758349634,445562744,camera_color_optical_frame,
1758349634,478906250,camera_color_optical_frame,
1758349634,512250488,camera_color_optical_frame,
1758349634,545593506,camera_color_optical_frame,
1758349634,578937500,camera_color_optical_frame,
1758349634,678967285,camera_color_optical_frame,
1758349634,712311035,camera_color_optical_frame,
1758349634,745653564,camera_color_optical_frame,
1758349634,778997070,camera_color_optical_frame,
1758349634,812339600,camera_color_optical_frame,
1758349634,845683105,camera_color_optical_frame,
1758349634,879025391,camera_color_optical_frame,
1758349634,912368408,camera_color_optical_frame,
1758349634,945706787,camera_color_optical_frame,
1758349634,979056885,camera_color_optical_frame,
1758349635,12406006,camera_color_optical_frame,
1758349635,79104736,camera_color_optical_frame,
1758349635,145803467,camera_color_optical_frame,
1758349635,179153320,camera_color_optical_frame,
1758349635,212502197,camera_color_optical_frame,
1758349635,245851807,camera_color_optical_frame,
1758349635,279200439,camera_color_optical_frame,
1758349635,312550293,camera_color_optical_frame,
1758349635,345898926,camera_color_optical_frame,
1758349635,379248291,camera_color_optical_frame,
1758349635,412596924,camera_color_optical_frame,
1758349635,445946533,camera_color_optical_frame,
1758349635,479294922,camera_color_optical_frame,
1758349635,512644287,camera_color_optical_frame,
1758349635,545992676,camera_color_optical_frame,
1758349635,579342041,camera_color_optical_frame,
1758349635,612690430,camera_color_optical_frame,
1758349635,646039795,camera_color_optical_frame,
1758349635,679387939,camera_color_optical_frame,
1758349635,712737305,camera_color_optical_frame,
1758349635,746085449,camera_color_optical_frame,
1758349635,779434570,camera_color_optical_frame,
1758349635,812782715,camera_color_optical_frame,
1758349635,846131836,camera_color_optical_frame,
1758349635,879479736,camera_color_optical_frame,
1758349635,912828857,camera_color_optical_frame,
1758349635,946177002,camera_color_optical_frame,
1758349635,979525635,camera_color_optical_frame,
1758349636,12873291,camera_color_optical_frame,
1758349636,46221680,camera_color_optical_frame,
1758349636,79569336,camera_color_optical_frame,
1758349636,112917725,camera_color_optical_frame,
1758349636,146265137,camera_color_optical_frame,
1758349636,179613281,camera_color_optical_frame,
1758349636,212960693,camera_color_optical_frame,
1758349636,246308838,camera_color_optical_frame,
1758349636,279656006,camera_color_optical_frame,
1758349636,313003906,camera_color_optical_frame,
1758349636,346350830,camera_color_optical_frame,
1758349636,379698975,camera_color_optical_frame,
1758349636,413045654,camera_color_optical_frame,
1758349636,446393555,camera_color_optical_frame,
1758349636,479740234,camera_color_optical_frame,
1758349636,513087891,camera_color_optical_frame,
1758349636,546434570,camera_color_optical_frame,
1758349636,679822266,camera_color_optical_frame,
1758349636,713169678,camera_color_optical_frame,
1758349636,746515869,camera_color_optical_frame,
1758349636,779863037,camera_color_optical_frame,
1758349636,813208984,camera_color_optical_frame,
1758349636,846556152,camera_color_optical_frame,
1758349637,13288574,camera_color_optical_frame,
1758349637,113329834,camera_color_optical_frame,
1758349637,146676025,camera_color_optical_frame,
1758349637,180023193,camera_color_optical_frame,
1758349637,213369141,camera_color_optical_frame,
1758349637,246716309,camera_color_optical_frame,
1758349637,280062256,camera_color_optical_frame,
1758349637,313408936,camera_color_optical_frame,
1758349637,346754883,camera_color_optical_frame,
1758349637,380101563,camera_color_optical_frame,
1758349637,413447266,camera_color_optical_frame,
1758349637,446793701,camera_color_optical_frame,
1758349637,480139160,camera_color_optical_frame,
1758349637,513485596,camera_color_optical_frame,
1758349637,546831055,camera_color_optical_frame,
1758349637,580177246,camera_color_optical_frame,
1758349637,846940918,camera_color_optical_frame,
1758349637,880285645,camera_color_optical_frame,
1758349637,913631104,camera_color_optical_frame,
1758349637,946977051,camera_color_optical_frame,
1758349637,980322021,camera_color_optical_frame,
1758349638,13665771,camera_color_optical_frame,
1758349638,47010742,camera_color_optical_frame,
1758349638,80354492,camera_color_optical_frame,
1758349638,113698975,camera_color_optical_frame,
1758349638,147042725,camera_color_optical_frame,
1758349638,180387207,camera_color_optical_frame,
1758349638,347105225,camera_color_optical_frame,
1758349638,380448975,camera_color_optical_frame,
1758349638,413791992,camera_color_optical_frame,
1758349638,447135742,camera_color_optical_frame,
1758349638,480478271,camera_color_optical_frame,
1758349638,580507813,camera_color_optical_frame,
1758349638,613850098,camera_color_optical_frame,
1758349638,713878418,camera_color_optical_frame,
1758349638,747220459,camera_color_optical_frame,
1758349638,780563232,camera_color_optical_frame,
1758349638,813905029,camera_color_optical_frame,
1758349638,847247803,camera_color_optical_frame,
1758349638,880589355,camera_color_optical_frame,
1758349638,913931885,camera_color_optical_frame,
1758349638,947267578,camera_color_optical_frame,
1758349638,980618652,camera_color_optical_frame,
1758349639,13968506,camera_color_optical_frame,
1758349639,47319336,camera_color_optical_frame,
1758349639,80669189,camera_color_optical_frame,
1758349639,114019775,camera_color_optical_frame,
1758349639,147369629,camera_color_optical_frame,
1758349639,214069824,camera_color_optical_frame,
1758349639,280769775,camera_color_optical_frame,
1758349639,314120361,camera_color_optical_frame,
1758349639,347469727,camera_color_optical_frame,
1758349639,380820068,camera_color_optical_frame,
1758349639,414169434,camera_color_optical_frame,
1758349639,447519775,camera_color_optical_frame,
1758349639,547568115,camera_color_optical_frame,
1758349639,580918213,camera_color_optical_frame,
1758349639,614267334,camera_color_optical_frame,
1758349639,647617188,camera_color_optical_frame,
1758349639,680966064,camera_color_optical_frame,
1758349639,714316162,camera_color_optical_frame,
1758349639,747664795,camera_color_optical_frame,
1758349639,814363281,camera_color_optical_frame,
1758349639,847713135,camera_color_optical_frame,
1758349639,881061768,camera_color_optical_frame,
1758349639,914411377,camera_color_optical_frame,
1758349639,947757568,camera_color_optical_frame,
1758349640,47814941,camera_color_optical_frame,
1758349640,81166992,camera_color_optical_frame,
1758349640,114519775,camera_color_optical_frame,
1758349640,147871826,camera_color_optical_frame,
1758349640,181224854,camera_color_optical_frame,
1758349640,214576904,camera_color_optical_frame,
1758349640,247929932,camera_color_optical_frame,
1758349640,281281982,camera_color_optical_frame,
1758349640,314635010,camera_color_optical_frame,
1758349640,347987061,camera_color_optical_frame,
1758349640,381340332,camera_color_optical_frame,
1758349640,414692383,camera_color_optical_frame,
1758349640,448045654,camera_color_optical_frame,
1758349640,481397949,camera_color_optical_frame,
1758349640,514751221,camera_color_optical_frame,
1758349640,548103516,camera_color_optical_frame,
1758349640,581456787,camera_color_optical_frame,
1758349640,614809082,camera_color_optical_frame,
1758349640,648162354,camera_color_optical_frame,
1758349640,748220703,camera_color_optical_frame,
1758349640,781573975,camera_color_optical_frame,
1758349640,814926514,camera_color_optical_frame,
1758349640,848280029,camera_color_optical_frame,
1758349640,881632568,camera_color_optical_frame,
1758349640,914986084,camera_color_optical_frame,
1758349640,981695068,camera_color_optical_frame,
1758349641,15057129,camera_color_optical_frame,
1758349641,48420654,camera_color_optical_frame,
1758349641,81782959,camera_color_optical_frame,
1758349641,115146240,camera_color_optical_frame,
1758349641,148508789,camera_color_optical_frame,
1758349641,181872070,camera_color_optical_frame,
1758349641,215234619,camera_color_optical_frame,
1758349641,248598145,camera_color_optical_frame,
1758349641,281960693,camera_color_optical_frame,
1758349641,315324219,camera_color_optical_frame,
1758349641,348687012,camera_color_optical_frame,
1758349641,382050537,camera_color_optical_frame,
1758349641,415413330,camera_color_optical_frame,
1758349641,448777100,camera_color_optical_frame,
1758349641,482139648,camera_color_optical_frame,
1758349641,515503662,camera_color_optical_frame,
1758349641,548866455,camera_color_optical_frame,
1758349641,582230225,camera_color_optical_frame,
1758349641,615593262,camera_color_optical_frame,
1758349641,648957031,camera_color_optical_frame,
1758349641,682320068,camera_color_optical_frame,
1758349641,715684082,camera_color_optical_frame,
1758349641,749047119,camera_color_optical_frame,
1758349641,782411377,camera_color_optical_frame,
1758349641,815774414,camera_color_optical_frame,
1758349641,849138672,camera_color_optical_frame,
1758349641,882489990,camera_color_optical_frame,
1758349641,949225830,camera_color_optical_frame,
1758349641,982594482,camera_color_optical_frame,
1758349642,15962646,camera_color_optical_frame,
1758349642,49331787,camera_color_optical_frame,
1758349642,82700195,camera_color_optical_frame,
1758349642,116070068,camera_color_optical_frame,
1758349642,149438965,camera_color_optical_frame,
1758349642,182809082,camera_color_optical_frame,
1758349642,216178467,camera_color_optical_frame,
1758349642,249549316,camera_color_optical_frame,
1758349642,316290283,camera_color_optical_frame,
1758349642,349660645,camera_color_optical_frame,
1758349642,383032227,camera_color_optical_frame,
1758349642,416403076,camera_color_optical_frame,
1758349642,449775146,camera_color_optical_frame,
1758349642,483146484,camera_color_optical_frame,
1758349642,516519043,camera_color_optical_frame,
1758349642,549890869,camera_color_optical_frame,
1758349642,583263916,camera_color_optical_frame,
1758349642,616635986,camera_color_optical_frame,
1758349642,650009521,camera_color_optical_frame,
1758349642,683382324,camera_color_optical_frame,
1758349642,716756348,camera_color_optical_frame,
1758349642,883612061,camera_color_optical_frame,
1758349643,17052734,camera_color_optical_frame,
1758349643,50413574,camera_color_optical_frame,
1758349643,117134766,camera_color_optical_frame,
1758349643,183856445,camera_color_optical_frame,
1758349643,217216797,camera_color_optical_frame,
1758349643,283939209,camera_color_optical_frame,
1758349643,317300781,camera_color_optical_frame,
1758349643,384023926,camera_color_optical_frame,
1758349643,417385010,camera_color_optical_frame,
1758349643,450747070,camera_color_optical_frame,
1758349643,484108398,camera_color_optical_frame,
1758349643,550832520,camera_color_optical_frame,
1758349643,584195068,camera_color_optical_frame,
1758349643,617556885,camera_color_optical_frame,
1758349643,650919678,camera_color_optical_frame,
1758349643,684281738,camera_color_optical_frame,
1758349643,717644775,camera_color_optical_frame,
1758349643,784370361,camera_color_optical_frame,
1758349644,185087402,camera_color_optical_frame,
1758349644,251950195,camera_color_optical_frame,
1758349644,285381592,camera_color_optical_frame,
1758349644,318814697,camera_color_optical_frame,
1758349644,352247070,camera_color_optical_frame,
1758349644,385681152,camera_color_optical_frame,
1758349644,419114502,camera_color_optical_frame,
1758349644,452549316,camera_color_optical_frame,
1758349644,485983887,camera_color_optical_frame,
1758349644,519419678,camera_color_optical_frame,
1758349644,552854980,camera_color_optical_frame,
1758349644,586291748,camera_color_optical_frame,
1758349644,619728027,camera_color_optical_frame,
1758349644,653165771,camera_color_optical_frame,
1758349644,686602783,camera_color_optical_frame,
1758349644,720041504,camera_color_optical_frame,
1758349644,753479492,camera_color_optical_frame,
1758349644,786919189,camera_color_optical_frame,
1758349644,820358154,camera_color_optical_frame,
1758349644,853798828,camera_color_optical_frame,
1758349644,954121094,camera_color_optical_frame,
1758349644,987570557,camera_color_optical_frame,
1758349645,20913574,camera_color_optical_frame,
1758349645,54257568,camera_color_optical_frame,
1758349645,87600342,camera_color_optical_frame,
1758349645,154286865,camera_color_optical_frame,
1758349645,187630615,camera_color_optical_frame,
1758349645,220973145,camera_color_optical_frame,
1758349645,254316650,camera_color_optical_frame,
1758349645,287658936,camera_color_optical_frame,
1758349645,321002197,camera_color_optical_frame,
1758349645,354344238,camera_color_optical_frame,
1758349645,387687500,camera_color_optical_frame,
1758349645,421029297,camera_color_optical_frame,
1758349645,454372314,camera_color_optical_frame,
1758349645,487714111,camera_color_optical_frame,
1758349645,521056885,camera_color_optical_frame,
1758349645,554398438,camera_color_optical_frame,
1758349645,587740967,camera_color_optical_frame,
1758349645,621082275,camera_color_optical_frame,
1758349645,654424561,camera_color_optical_frame,
1758349645,687765869,camera_color_optical_frame,
1758349645,721108154,camera_color_optical_frame,
1758349645,754449219,camera_color_optical_frame,
1758349645,787791016,camera_color_optical_frame,
1758349645,821131836,camera_color_optical_frame,
1758349645,854473633,camera_color_optical_frame,
1758349645,887814453,camera_color_optical_frame,
1758349645,954496582,camera_color_optical_frame,
1758349645,987837646,camera_color_optical_frame,
1758349646,87876465,camera_color_optical_frame,
1758349646,121223145,camera_color_optical_frame,
1758349646,154568848,camera_color_optical_frame,
1758349646,187915527,camera_color_optical_frame,
1758349646,221260986,camera_color_optical_frame,
1758349646,321299072,camera_color_optical_frame,
1758349646,354644287,camera_color_optical_frame,
1758349646,421335449,camera_color_optical_frame,
1758349646,521372070,camera_color_optical_frame,
1758349646,554716797,camera_color_optical_frame,
1758349646,588062500,camera_color_optical_frame,
1758349646,621406982,camera_color_optical_frame,
1758349646,688096924,camera_color_optical_frame,
1758349646,721442383,camera_color_optical_frame,
1758349646,754786621,camera_color_optical_frame,
1758349646,788131836,camera_color_optical_frame,
1758349646,821476074,camera_color_optical_frame,
1758349646,854821045,camera_color_optical_frame,
1758349646,888165039,camera_color_optical_frame,
1758349646,954853760,camera_color_optical_frame,
1758349646,988198486,camera_color_optical_frame,
1758349647,21544678,camera_color_optical_frame,
1758349647,54891846,camera_color_optical_frame,
1758349647,88237793,camera_color_optical_frame,
1758349647,121584717,camera_color_optical_frame,
1758349647,188277588,camera_color_optical_frame,
1758349647,221623291,camera_color_optical_frame,
1758349647,254969971,camera_color_optical_frame,
1758349647,288315674,camera_color_optical_frame,
1758349647,321662354,camera_color_optical_frame,
1758349647,355007813,camera_color_optical_frame,
1758349647,388354004,camera_color_optical_frame,
1758349647,421699463,camera_color_optical_frame,
1758349647,455045654,camera_color_optical_frame,
1758349647,488390869,camera_color_optical_frame,
1758349647,521737061,camera_color_optical_frame,
1758349647,555082031,camera_color_optical_frame,
1758349647,588427979,camera_color_optical_frame,
1758349647,621772705,camera_color_optical_frame,
1758349647,655118652,camera_color_optical_frame,
1758349647,688463379,camera_color_optical_frame,
1758349647,721809082,camera_color_optical_frame,
1758349647,755153564,camera_color_optical_frame,
1758349647,821843506,camera_color_optical_frame,
1758349647,855188721,camera_color_optical_frame,
1758349647,888532959,camera_color_optical_frame,
1758349647,921878174,camera_color_optical_frame,
1758349647,955222412,camera_color_optical_frame,
1758349647,988567383,camera_color_optical_frame,
1758349648,21924805,camera_color_optical_frame,
1758349648,55262939,camera_color_optical_frame,
1758349648,88666748,camera_color_optical_frame,
1758349648,122071777,camera_color_optical_frame,
1758349648,155476074,camera_color_optical_frame,
1758349648,188881592,camera_color_optical_frame,
1758349648,222286621,camera_color_optical_frame,
1758349648,255692627,camera_color_optical_frame,
1758349648,289098145,camera_color_optical_frame,
1758349648,322504883,camera_color_optical_frame,
1758349648,355911133,camera_color_optical_frame,
1758349648,389318359,camera_color_optical_frame,
1758349648,422725098,camera_color_optical_frame,
1758349648,522948730,camera_color_optical_frame,
1758349648,556356689,camera_color_optical_frame,tag36h11,0,0,0.0,109.82705688476562,137.34146304758815,235.8990632427461,124.92145538330077,248.15998840332028,149.16998291015622,248.28649902343747,149.4615478515625,223.9342193603516,124.68842315673832,222.6481475830078,15.399608043434256,1.4528416572112832,137.34146304758815,5.760778686709924,14.988754658790613,235.8990632427461,0.02295048860736062,0.010728739210901868,1.0
1758349648,589765625,camera_color_optical_frame,tag36h11,0,0,0.0,105.24227142333984,135.59433908767315,235.72577252253052,122.98113250732422,248.12895202636724,147.4544830322266,248.24697875976565,147.7327117919922,223.78952026367182,122.73751068115233,222.15232849121094,16.389278380006942,1.4168038452625384,135.59433908767315,7.4442060351375945,15.087283943400879,235.72577252253052,0.02975393624834162,0.01056995325603198,1.0
1758349648,623174072,camera_color_optical_frame,tag36h11,0,0,0.0,110.38966369628906,133.21962437290324,235.18887899033916,120.54129028320312,247.78741455078125,145.60557556152338,248.0417327880859,145.44618225097656,223.03927612304685,120.20842742919929,221.6872100830078,15.417768515972597,0.5528082991960475,133.21962437290324,5.427835598394549,13.531492820098977,235.18887899033916,0.02137939891831615,0.0032393398403096512,1.0
1758349648,656583740,camera_color_optical_frame,tag36h11,0,0,0.0,109.01596069335938,130.86832419104755,235.0114410863088,118.05998229980466,247.68409729003903,143.13845825195315,247.90760803222656,143.30995178222656,222.7016143798828,117.8890609741211,221.36996459960938,15.406572890213951,0.8836038266584892,130.86832419104755,5.391599320615538,14.467051161865415,235.0114410863088,0.02130417478713878,0.006780818617574004,1.0
1758349648,689992920,camera_color_optical_frame,tag36h11,0,0,0.0,117.91899108886719,128.5958063305419,234.46667681322896,115.63436889648435,247.20309448242185,140.9497375488281,247.5840911865234,141.03622436523438,222.24223327636716,115.4695053100586,220.52915954589844,15.979847201877647,0.6466243877117421,128.5958063305419,6.478146793406066,14.144162894222548,234.46667681322896,0.02541179337276949,0.004900716927741528,1.0
1758349648,723403076,camera_color_optical_frame,tag36h11,0,0,0.0,115.05184173583984,126.66050021937998,234.20379795117307,113.73211669921875,247.0452880859375,138.98416137695312,247.33314514160153,139.1455230712891,221.80268859863284,113.59507751464844,220.28419494628906,15.648368376184052,0.7358215949767299,126.66050021937998,5.911910419921722,14.44346420019963,234.20379795117307,0.023330851417878485,0.005884915136805793,1.0
1758349648,756812744,camera_color_optical_frame,tag36h11,0,0,0.0,119.62639617919922,124.77120294920137,234.00979895984835,111.80083465576173,247.0298461914063,137.30650329589847,247.21211242675784,137.31523132324216,221.417724609375,111.4278793334961,219.95646667480472,15.830518168331594,0.9919826806188354,124.77120294920137,6.014463641778403,14.906696836150731,234.00979895984835,0.023966678979281043,0.007256900380353089,1.0
1758349648,790223633,camera_color_optical_frame,tag36h11,0,0,0.0,116.86956024169922,122.62302171587011,233.76914491054524,109.37274169921872,246.97938537597653,135.30342102050778,247.08523559570315,135.2619781494141,221.1683807373047,109.08895874023442,219.55659484863276,16.45970252745535,0.6267995555664386,122.62302171587011,6.992009036764583,14.370315327073998,233.76914491054524,0.028088823813853935,0.004475783534221053,1.0
1758349648,823633789,camera_color_optical_frame,tag36h11,0,0,0.0,114.59498596191406,120.17416254680676,233.345599584893,106.87487030029297,246.4756317138672,132.91329956054688,246.89752197265625,133.0469207763672,220.63667297363278,106.5688934326172,218.87228393554685,16.075014155174216,1.0339490283801667,120.17416254680676,6.278048002710787,15.391190382364899,233.345599584893,0.02458728894059612,0.008289979054873754,1.0
1758349648,857045166,camera_color_optical_frame,tag36h11,0,0,0.0,111.51338195800781,117.44013612707802,232.87112809616417,103.97963714599608,246.39688110351557,130.33717346191406,246.51765441894534,130.10910034179688,220.14074707031253,103.88864898681639,218.53211975097656,16.366235688543966,-0.24409829596433197,117.44013612707802,6.842364595967294,12.904064620086844,232.87112809616417,0.027518545215616575,-0.002774261048014939,1.0
1758349648,890456055,camera_color_optical_frame,tag36h11,0,0,0.0,109.53092193603516,114.74132501518667,232.52844070585775,101.03465270996094,246.06999206542966,127.64524841308595,246.28788757324222,127.78905487060547,219.63789367675784,100.92167663574222,217.7925567626953,16.736486749110767,0.5414007177122673,114.74132501518667,7.358934569690061,14.839951949770496,232.52844070585775,0.029447936702007543,0.004818627257888134,1.0
1758349648,923867920,camera_color_optical_frame,tag36h11,0,0,0.0,121.18087005615234,111.81393470134626,232.1662083043237,97.99924468994139,245.91371154785156,124.92018890380861,246.14173889160156,124.7899703979492,219.25328063964844,97.92105865478516,217.3518829345703,16.814131502613975,-0.06831749010056544,111.81393470134626,7.548723061176898,13.598167002156346,232.1662083043237,0.030219492621914232,-0.0010844117195501623,1.0
1758349648,957531982,camera_color_optical_frame,tag36h11,0,0,0.0,123.23258209228516,108.34241719875713,232.2103469861837,94.35247802734376,245.9531402587891,121.5125045776367,246.26124572753903,121.70449829101562,219.08432006835935,94.20729064941408,217.1298675537109,16.810219013428878,0.6544447392815473,108.34241719875713,7.328710969122736,15.425717761740204,232.2103469861837,0.029148697155160393,0.006193973039633814,1.0
1758349648,990871582,camera_color_optical_frame,tag36h11,0,0,0.0,120.86528015136719,105.43778961575558,231.69883226626334,91.37235260009766,245.79153442382812,118.77837371826173,245.9345855712891,118.67515563964844,218.4358062744141,91.21048736572266,216.5168609619141,16.998880670417094,0.1621972546051356,105.43778961575558,7.754080516481335,14.392132710708696,231.69883226626334,0.031247025444727863,0.0009178687436550043,1.0
1758349649,24210205,camera_color_optical_frame,tag36h11,0,0,0.0,117.26239013671875,102.48525650614387,231.20859076257332,88.27894592285158,245.0523986816406,115.97374725341794,245.69380187988278,116.12201690673828,217.91979980468753,88.15769958496098,215.82231140136722,16.499469373100624,0.4873490137303124,102.48525650614387,6.532718856666006,15.363802478170898,231.20859076257332,0.02531027398105719,0.004854549717469552,1.0
1758349649,57549561,camera_color_optical_frame,tag36h11,0,0,0.0,123.65826416015625,99.82271037365821,230.75810776439656,85.3857192993164,245.0471343994141,113.61827850341795,245.25213623046872,113.25848388671875,217.46003723144534,85.24357604980469,215.44084167480472,17.21863173939606,-0.2854997105275569,99.82271037365821,7.889983528729144,13.376672184928653,230.75810776439656,0.03176797832745516,-0.0041530211177808075,1.0
1758349649,90887939,camera_color_optical_frame,tag36h11,0,0,0.0,124.91837310791016,97.53697519409057,230.58937598463922,82.99236297607422,245.01368713378906,111.13194274902342,245.13256835937497,111.12578582763672,217.11296081542966,82.88310241699219,214.91342163085938,17.562461660246328,0.19827670662691654,97.53697519409057,8.815859709211136,14.916104795906906,230.58937598463922,0.035729395662901266,0.001755513796012912,1.0
1758349649,124227051,camera_color_optical_frame,tag36h11,0,0,0.0,129.97726440429688,95.60761383005254,230.52440069659846,80.87678527832033,245.03149414062503,109.41535949707031,245.15826416015625,109.44239044189453,216.89974975585935,80.69464874267578,214.7191925048828,17.643007190570273,0.3752185455460225,95.60761383005254,8.623528193889822,15.444421944206256,230.52440069659846,0.03492491467843414,0.003556703336185271,1.0
1758349649,157565186,camera_color_optical_frame,tag36h11,0,0,0.0,130.6117706298828,94.41181277007017,230.3444436793609,79.60850524902342,245.06877136230472,108.56385803222658,245.16879272460938,108.17681884765625,216.6528778076172,79.34666442871091,214.5636138916016,17.620775057626204,-0.0758648131383207,94.41181277007017,8.334501618746854,14.15192416799775,230.3444436793609,0.03379838216502099,-0.0025461307820209274,1.0
1758349649,190904297,camera_color_optical_frame,tag36h11,0,0,0.0,128.36509704589844,93.97857119298949,230.18121227535508,78.85787200927734,244.9532012939453,108.1121597290039,245.1263275146484,108.05079650878908,216.43351745605472,78.78303527832031,214.1131744384766,18.000507247409217,0.04760061965342619,93.97857119298949,8.92311262835167,14.897523644007522,230.18121227535508,0.03606164442367503,0.00014630240543683586,1.0
1758349649,257580811,camera_color_optical_frame,tag36h11,0,0,0.0,132.99317932128906,94.49171142173508,229.8300980242215,79.21797180175781,244.71986389160153,108.8344955444336,245.01138305664062,108.76110076904297,215.91943359375,78.99240875244142,213.42468261718747,18.2637311360984,0.29689182219522414,94.49171142173508,9.053177117375665,15.623429425467096,229.8300980242215,0.03637534173556418,0.0023792719969274365,1.0
1758349649,357594482,camera_color_optical_frame,tag36h11,0,0,0.0,138.7998809814453,94.03331537337228,229.40244298323134,78.32364654541018,244.71302795410162,108.89012145996094,245.02378845214844,108.53343963623045,215.27067565917966,78.14292144775392,212.69432067871094,18.681412239126445,-0.16419137373517512,94.03331537337228,9.172629923196208,14.685355237028746,229.40244298323134,0.03682691738067798,-0.00321124380326775,1.0
1758349649,390932861,camera_color_optical_frame,tag36h11,0,0,0.0,134.63941955566406,93.7536306425987,228.9571384007909,78.0569305419922,244.5525512695313,108.60163116455077,244.76004028320315,108.11447143554688,214.68896484374994,77.92403411865239,212.10951232910153,18.744379919147562,-0.42143555457044724,93.7536306425987,9.453931082514144,14.180597137204872,228.9571384007909,0.0382202802526547,-0.006223119571339632,1.0
1758349649,424270020,camera_color_optical_frame,tag36h11,0,0,0.0,140.37416076660156,93.11315265090569,229.04833769080858,77.15221405029297,244.65422058105466,108.11090850830077,244.89842224121094,107.80040740966798,214.68780517578128,77.02044677734376,212.04107666015625,18.986236570924362,-0.18100940469667753,93.11315265090569,9.51823619402148,14.956729315458093,229.04833769080858,0.03838820017292348,-0.0031700028479027353,1.0
1758349649,457608154,camera_color_optical_frame,tag36h11,0,0,0.0,139.12811279296875,92.24331940280021,228.97040810278102,76.11408233642577,244.7259063720703,107.49634552001953,245.06623840332034,106.99349975585936,214.56201171874997,76.10247039794922,211.9376983642578,18.910742125542853,-0.6177053209413083,92.24331940280021,9.10007651652168,13.926259004996611,228.97040810278102,0.036469772718653135,-0.008189642146064668,1.0
1758349649,490945068,camera_color_optical_frame,tag36h11,0,0,0.0,138.21217346191406,91.95151895453769,228.8731473757754,75.82984161376952,244.6747283935547,107.00946044921874,244.9506683349609,106.87073516845705,214.25015258789065,75.73893737792969,211.56280517578125,19.03417751797538,-0.024993765582049632,91.95151895453769,9.399378596979457,15.722757929062967,228.8731473757754,0.03783110030077817,-0.0009068672364750923,1.0
1758349649,524282959,camera_color_optical_frame,tag36h11,0,0,0.0,139.5355224609375,91.31461712152759,228.618424002285,75.00905609130861,244.64520263671878,106.6159133911133,244.87884521484375,106.311767578125,213.87768554687497,74.98590850830077,211.26618957519528,19.10262672903525,-0.33821036659986353,91.31461712152759,9.20684148753821,15.007784891995529,228.618424002285,0.03714042003413999,-0.004658213741487859,1.0
1758349649,557619873,camera_color_optical_frame,tag36h11,0,0,0.0,140.2897186279297,90.98671857452977,228.54808360909047,74.5098876953125,244.64482116699213,106.36282348632812,244.88578796386716,106.22986602783203,213.65657043457037,74.48210144042969,211.01129150390628,19.257935422835786,-0.11680454550143439,90.98671857452977,9.212189896480307,15.793969469677451,228.54808360909047,0.037145448611235816,-0.0017474980667963015,1.0
1758349649,590957520,camera_color_optical_frame,tag36h11,0,0,0.0,138.9329376220703,89.95235477871026,228.29300705008643,73.31225585937499,244.64772033691412,105.8381271362305,244.9544677734375,105.06655883789062,213.4380187988281,73.25270080566403,210.77792358398438,19.346130733279765,-0.8168543434959155,89.95235477871026,9.090519402254897,13.689134648974944,228.29300705008643,0.03651501382427462,-0.011538154314459132,1.0
1758349649,624293945,camera_color_optical_frame,tag36h11,0,0,0.0,141.6713409423828,89.47696095949465,228.43338340879973,72.72972869873047,244.69166564941403,105.08676147460938,245.03663635253903,105.03746795654298,213.32717895507818,72.67720031738281,210.56443786621097,19.44346772333475,0.02473295410854705,89.47696095949465,9.164905523498387,16.435193304653467,228.43338340879973,0.03672412429365604,-7.79477520558802e-06,1.0
1758349649,657631592,camera_color_optical_frame,tag36h11,0,0,0.0,141.1392364501953,89.04595752190289,228.4046458358219,72.09774017333986,244.81051635742188,104.79093170166017,245.12638854980472,104.69266510009766,213.25863647460935,72.07411956787111,210.3799285888672,19.75082422872383,-0.07624353805394073,89.04595752190289,9.641614389260322,16.272242917082252,228.4046458358219,0.03871465944767,-0.001215169299989944,1.0
1758349649,690967773,camera_color_optical_frame,tag36h11,0,0,0.0,144.26441955566406,88.60657827997296,228.3209541642555,71.47679138183592,245.00167846679685,104.68641662597655,245.20541381835938,104.13714599609376,213.19752502441406,71.40421295166016,210.2577972412109,20.12015640013061,-0.5095023517218599,88.60657827997296,10.2352278840014,14.919408105565909,228.3209541642555,0.04134634719694736,-0.007618803393245959,1.0
1758349649,724305176,camera_color_optical_frame,tag36h11,0,0,0.0,144.59974670410156,88.8290707521445,228.3503277239702,71.57976531982422,244.98765563964847,104.79606628417967,245.2747497558594,104.68032836914064,213.0614471435547,71.50518798828129,209.98765563964847,20.25545216949763,-0.01712312012687872,88.8290707521445,10.315761398110478,16.605698659493786,228.3503277239702,0.04149745237781903,-0.0007389232766135727,1.0
1758349649,824314209,camera_color_optical_frame,tag36h11,0,0,0.0,144.310791015625,91.10959003123732,228.12229307207429,73.84700775146483,244.97938537597653,107.75237274169922,245.73847961425776,107.10552978515624,212.5020904541016,73.50908660888669,209.49237060546878,19.86572117870051,-0.20930599355056848,91.10959003123732,8.480959541765795,16.008072986104253,228.12229307207429,0.03302644092548947,-0.005058309941383801,1.0
1758349649,857650879,camera_color_optical_frame,tag36h11,0,0,0.0,144.14137268066406,91.63034063903412,227.99142486400714,73.99084472656249,244.93995666503906,108.14633941650393,245.6514434814453,107.93447875976561,212.32594299316406,73.96145629882808,209.09866333007815,20.356782107651625,-0.1935468324916874,91.63034063903412,9.316066131761541,16.628550144828267,227.99142486400714,0.03653272987797413,-0.0028077187738671664,1.0
1758349649,924322998,camera_color_optical_frame,tag36h11,0,0,0.0,144.13980102539062,94.24373930340512,227.5051176101853,76.18605041503906,244.89469909667966,110.8676986694336,245.15708923339847,110.73644256591797,211.62261962890628,76.15152740478517,208.2940979003906,21.410742130767048,-0.0978503904549189,94.24373930340512,10.861758228895578,17.158652771047944,227.5051176101853,0.043794392289408124,-0.0015013490445553058,1.0
1758349650,24330566,camera_color_optical_frame,tag36h11,0,0,0.0,135.87570190429688,104.09995310931437,227.33970294560012,86.51890563964845,244.8811492919922,120.56736755371097,245.15177917480472,120.21033477783202,211.2656097412109,86.2895278930664,208.074951171875,21.2744744568964,-0.0832129159073208,104.09995310931437,10.282514211122074,17.134644585415547,227.33970294560012,0.041415591358669575,-0.002235445084943451,1.0
1758349650,57666748,camera_color_optical_frame,tag36h11,0,0,0.0,130.2092742919922,108.79508604164054,227.58332881066877,91.20883178710936,244.99156188964844,125.0965118408203,245.27073669433594,125.08335113525392,211.45994567871094,91.04300689697268,208.3219299316406,21.355798293649258,0.2746435263488007,108.79508604164054,10.057500866743563,18.0782533860469,227.58332881066877,0.04045840220389809,0.0021408353160036644,1.0
1758349650,91001709,camera_color_optical_frame,tag36h11,0,0,0.0,134.5918731689453,113.65915456131376,227.75487521901707,96.12978363037111,244.9561462402344,130.15483093261722,245.73495483398438,130.01034545898435,211.70973205566403,96.05963897705074,208.57162475585932,20.790852249341953,-0.08138507941864832,113.65915456131376,8.626380779188903,17.30942114096726,227.75487521901707,0.03357486456340838,-0.0011996483042333945,1.0
1758349650,124337646,camera_color_optical_frame,tag36h11,0,0,0.0,138.57395935058594,117.90012846497044,227.65787431908802,100.29542541503908,244.98596191406256,134.7653350830078,245.7745361328125,134.04859924316406,211.76313781738278,100.26404571533205,208.713134765625,20.904063908915134,-1.0277414141466144,117.90012846497044,8.424790544141526,15.18331020222769,227.65787431908802,0.03274348316627591,-0.010400082507074805,1.0
1758349650,157672363,camera_color_optical_frame,tag36h11,0,0,0.0,141.67208862304688,120.6189619835612,227.74098110215567,102.91501617431639,244.9685821533203,137.15325927734375,245.54978942871094,137.0690460205078,211.7335052490234,102.89332580566405,208.64900207519528,21.392879732462063,-0.08927922344647816,120.6189619835612,9.056560146660413,17.290881577253714,227.74098110215567,0.03574275165075974,-0.0009692199070568242,1.0
1758349650,191007813,camera_color_optical_frame,tag36h11,0,0,0.0,146.3025665283203,122.43220492956404,227.77615409375417,104.72103118896483,244.96749877929688,138.9931488037109,245.59129333496094,138.92085266113284,211.77145385742188,104.7096862792969,208.71147155761716,21.362414636134034,-0.09217584788830953,122.43220492956404,8.850769528595773,17.285368543154874,227.77615409375417,0.03481402532544992,-0.0009325358086578613,1.0
1758349650,224342041,camera_color_optical_frame,tag36h11,0,0,0.0,140.98458862304688,123.65727578875361,227.7625233474505,105.98269653320312,244.97071838378906,140.1847076416016,245.54539489746094,140.07823181152344,211.77487182617185,105.96556091308594,208.72692871093747,21.43423357469996,-0.13711308931660998,123.65727578875361,8.968131799527296,17.16925358096512,227.7625233474505,0.03539613678146782,-0.0013718219130468652,1.0
1758349650,257677246,camera_color_optical_frame,tag36h11,0,0,0.0,142.85353088378906,124.1131446941655,227.905097671931,106.40010070800778,245.04798889160153,140.9309844970703,245.8898162841797,140.6187591552734,211.9307708740234,106.3405532836914,208.89938354492185,21.087604302788392,-0.3798423657860571,124.1131446941655,8.137736815363436,16.633936719015168,227.905097671931,0.03144365827301582,-0.0038420478253261034,1.0
1758349650,291011230,camera_color_optical_frame,tag36h11,0,0,0.0,141.01751708984375,123.6677239720394,228.23463925340337,105.97232818603514,245.61376953125003,140.11181640625,245.96556091308594,140.07989501953125,212.11579895019528,105.96640014648438,209.1481018066406,21.64268868457431,-0.03969080478008948,123.6677239720394,9.324459583799747,17.462893604408407,228.23463925340337,0.0372213962010176,-0.0004014792382288268,1.0
1758349650,324346191,camera_color_optical_frame,tag36h11,0,0,0.0,140.27728271484375,123.76261298616633,228.26581161586284,106.02889251708984,245.77726745605474,140.35430908203128,245.98265075683597,140.01449584960935,212.21762084960932,105.99349212646482,209.2917022705078,21.878965120040277,-0.47781878793508836,123.76261298616633,9.675353841841567,16.470448581634177,228.26581161586284,0.03893420822669457,-0.004667713184997422,1.0
1758349650,357679932,camera_color_optical_frame,tag36h11,0,0,0.0,143.33798217773438,124.28546827943106,228.30828796832975,106.40245819091795,245.7739715576172,140.93238830566406,245.99017333984378,140.71539306640625,212.26177978515625,106.40574645996097,209.31695556640622,22.03398516977306,-0.3549597391150274,124.28546827943106,9.7037625102362,16.761401819228556,228.30828796832975,0.03902692269733002,-0.0033211103931273457,1.0
1758349650,391014404,camera_color_optical_frame,tag36h11,0,0,0.0,142.86602783203125,125.56233746145234,228.4092132552509,107.8290710449219,245.82298278808594,142.05200195312506,246.0231475830078,141.95484924316403,212.31204223632812,107.81330108642575,209.45004272460938,21.842179640373303,-0.12754186684648114,125.56233746145234,9.453730962460806,17.2094554361191,228.4092132552509,0.038035366817834315,-0.001253250339262694,1.0
1758349650,424347900,camera_color_optical_frame,tag36h11,0,0,0.0,140.98194885253906,128.1790034472979,228.4085614100348,110.76814270019533,245.7681732177734,144.46560668945312,245.98200988769528,144.37527465820312,212.25996398925784,110.609489440918,209.45083618164062,21.587477691929607,0.17336468171283,128.1790034472979,9.20855229693441,17.685899117180753,228.4085614100348,0.03701692690111339,0.0008761000755757959,1.0
1758349650,457682129,camera_color_optical_frame,tag36h11,0,0,0.0,135.67417907714844,131.63045609932846,228.34527572838593,114.17689514160162,245.6848602294922,148.0542449951172,245.9673156738281,147.8289642333984,212.25254821777344,114.06979370117192,209.50341796875,21.544197871945755,-0.1675866812738849,131.63045609932846,8.836774263155373,17.0135498825951,228.34527572838593,0.03537386095572193,-0.0019211065612329803,1.0
1758349650,491015137,camera_color_optical_frame,tag36h11,0,0,0.0,134.73472595214844,135.74403222299006,228.43520722503263,118.46672058105467,245.69091796874997,151.9641418457031,245.949478149414,151.89518737792972,212.30424499511722,118.31542205810548,209.6160125732422,21.47310786277481,0.20482449347509085,135.74403222299006,8.684427653384287,17.66316827018244,228.43520722503263,0.034801874295088964,0.0011133269309899978,1.0
1758349650,524349121,camera_color_optical_frame,tag36h11,0,0,0.0,125.58241271972656,140.82528213473387,228.3005021870176,123.84552001953125,245.33995056152347,156.99436950683594,245.9320831298828,156.8057861328125,212.2638244628906,123.67149353027344,209.59515380859375,20.771356256294467,0.036963012701424255,140.82528213473387,7.648742703069583,17.25020692384271,228.3005021870176,0.029933679991128254,-0.00038337247712651765,1.0
1758349650,557681885,camera_color_optical_frame,tag36h11,0,0,0.0,118.11314392089844,147.21795137633526,228.4187159309909,130.49578857421872,245.23475646972656,163.0951995849609,245.89898681640625,163.23141479492188,212.31535339355472,130.24354553222656,209.7305145263672,20.43574111132716,0.8884518157601671,147.21795137633526,7.0928657567739855,18.599775516753056,228.4187159309909,0.027523255347263777,0.005874077819640435,1.0
1758349650,591015381,camera_color_optical_frame,tag36h11,0,0,0.0,125.5561294555664,153.90096128852147,228.51112405530844,136.99118041992185,245.46095275878903,169.93251037597656,245.91229248046878,169.90777587890625,212.4664001464844,136.84506225585938,209.9980926513672,20.980091424052432,0.31237585390789874,153.90096128852147,7.398988820310333,17.61534585489224,228.51112405530844,0.02919540723463161,0.0017634609587790233,1.0
1758349650,624347900,camera_color_optical_frame,tag36h11,0,0,0.0,124.23670959472656,160.10428064667718,228.57929213508567,143.2489166259766,245.54710388183594,176.0815887451172,245.91278076171878,176.0224609375,212.55491638183594,143.16923522949222,210.20677185058597,21.02644496401129,0.07477226493319153,160.10428064667718,7.27162442709027,17.21783519930844,228.57929213508567,0.02884768479922902,0.0002519454745611195,1.0
1758349650,691013184,camera_color_optical_frame,tag36h11,0,0,0.0,135.00701904296875,170.87957166755504,228.429517057167,154.09245300292966,245.11587524414057,187.0264739990234,245.76545715332028,186.90689086914062,212.49839782714844,154.0205993652344,210.32907104492188,20.268429688211285,-0.08661122842576302,170.87957166755504,5.813626184901691,16.824467053786634,228.429517057167,0.022364231499404207,-0.000790194187776221,1.0
1758349650,724346191,camera_color_optical_frame,tag36h11,0,0,0.0,136.9668426513672,174.8932029609599,228.35140907943486,158.0299072265625,245.06869506835932,191.25245666503906,245.7069854736328,190.89686584472656,212.48631286621094,157.9619598388672,210.38900756835935,20.32093210318493,-0.6756240649602565,174.8932029609599,5.634861484930551,15.942394037601732,228.35140907943486,0.021668344068428633,-0.004486581326940053,1.0
1758349650,757677979,camera_color_optical_frame,tag36h11,0,0,0.0,136.80807495117188,177.81043968824764,228.29415058683475,160.79489135742188,245.05796813964844,194.03430175781253,245.401611328125,193.90509033203128,212.43760681152347,160.76205444335935,210.31726074218753,21.26000095252948,-0.22775377164344554,177.81043968824764,6.620396000625843,16.568388730879263,228.29415058683475,0.02629711053966659,-0.001516001901860786,1.0
1758349650,791010742,camera_color_optical_frame,tag36h11,0,0,0.0,136.9836883544922,179.54184013070815,228.36461639794996,162.51010131835935,245.042236328125,195.89149475097656,245.4646301269531,195.7816619873047,212.46244812011713,162.33076477050778,210.36364746093747,21.138722862932553,0.23898080313927428,179.54184013070815,6.277631939873739,17.12285032584296,228.36461639794996,0.024734569152001163,0.0009329517998156692,1.0
1758349650,824342041,camera_color_optical_frame,tag36h11,0,0,0.0,136.2281494140625,180.91145303653687,228.3322463148409,163.97093200683597,245.1534118652344,197.5321350097656,245.76237487792966,196.8467254638672,212.50924682617188,163.96203613281253,210.55737304687503,20.25465066910772,-1.6996368099022126,180.91145303653687,5.255842889091295,14.580911806379705,228.3322463148409,0.02018482921500671,-0.010392337042119898,1.0
1758349650,891005615,camera_color_optical_frame,tag36h11,0,0,0.0,137.38414001464844,183.62072729981494,229.0796314334354,166.52165222167966,245.9228820800781,200.0372314453125,246.1446533203125,199.7933197021484,213.1490020751953,166.38478088378906,211.16279602050784,21.51173858178217,-0.2242975389530915,183.62072729981494,6.531699057024807,16.526982436496894,229.0796314334354,0.02609807310718402,-0.0017479215772015424,1.0
1758349650,957668457,camera_color_optical_frame,tag36h11,0,0,0.0,137.37448120117188,186.24931739161534,229.73154902960204,169.14648437499997,246.6805419921875,202.70582580566403,246.96855163574216,202.35278320312497,213.77293395996094,169.16188049316403,211.83369445800784,21.23131085135023,-0.9621060396752871,186.24931739161534,6.178635370940808,15.703601793239587,229.73154902960204,0.024452362200790972,-0.005643349768748259,1.0
1758349651,24321777,camera_color_optical_frame,tag36h11,0,0,0.0,137.74191284179688,188.4694468900233,229.6813873630033,171.15345764160156,246.70651245117188,205.00776672363278,246.98205566406247,204.885986328125,213.54060363769526,171.1169891357422,211.52905273437497,21.671376416701236,-0.20827737172464425,188.4694468900233,6.393434797902356,16.84033600338944,229.6813873630033,0.025343285526880508,-0.0013208824244356268,1.0
1758349651,57659668,camera_color_optical_frame,tag36h11,0,0,0.0,139.37295532226562,189.5217302141958,229.63716345765113,172.19833374023438,246.7527770996094,206.07391357421872,247.0044403076172,205.96159362792966,213.39448547363278,172.14529418945312,211.40504455566406,21.694025754059652,-0.13553870491446274,189.5217302141958,6.354733076657961,17.013202562642135,229.63716345765113,0.025231102267706293,-0.0009373738559381985,1.0
1758349651,90996582,camera_color_optical_frame,tag36h11,0,0,0.0,137.1676483154297,190.55623281200602,229.69730550356056,173.02052307128906,246.97128295898435,207.22865295410156,247.07366943359375,207.09439086914062,213.40599060058597,172.99345397949222,211.3929901123047,22.331461886014978,-0.2696227369436558,190.55623281200602,6.879213896175397,16.922822889356155,229.69730550356056,0.02764163180742708,-0.0016345187458493234,1.0
1758349651,124334229,camera_color_optical_frame,tag36h11,0,0,0.0,139.4916229248047,192.25199566362605,229.51651378506054,174.83654785156253,247.0039825439453,209.07554626464844,247.06053161621097,208.50912475585938,213.19215393066403,174.74258422851565,211.25726318359372,22.214965748472167,-1.2147662350266972,192.25199566362605,6.744409932154409,15.73507318469399,229.51651378506054,0.027188106416961202,-0.007211361230624238,1.0
1758349651,224344238,camera_color_optical_frame,tag36h11,0,0,0.0,138.41976928710938,194.82300364751188,228.52475925538735,176.7063903808594,246.2131500244141,212.07295227050787,246.44261169433597,211.90223693847656,211.8492279052734,176.6424102783203,209.64022827148438,23.072679471920452,-0.25226627956333947,194.82300364751188,6.97985726310969,17.411238567448123,228.52475925538735,0.027870618700677002,-0.0016038811949163337,1.0
1758349651,257681396,camera_color_optical_frame,tag36h11,0,0,0.0,138.7853240966797,194.91015930912147,228.0873404081568,176.7803802490234,245.91360473632815,212.1459655761719,246.07183837890625,211.99424743652347,211.2892608642578,176.70922851562494,209.09579467773438,23.19649000926799,-0.18285848098312413,194.91015930912147,7.081272548478292,17.605026609027902,228.0873404081568,0.028465285509194742,-0.0012301446214464547,1.0
1758349651,291017334,camera_color_optical_frame,tag36h11,0,0,0.0,140.10382080078125,194.77283152841605,227.97453647222105,176.46067810058597,245.90927124023435,212.0617828369141,246.04843139648435,211.9566802978516,211.1448516845704,176.47230529785156,208.84313964843753,23.618874661712027,-0.30240071787676037,194.77283152841605,7.474685484998357,17.592749103939354,227.97453647222105,0.030105118303406824,-0.0016816911554200036,1.0
1758349651,324354248,camera_color_optical_frame,tag36h11,0,0,0.0,138.6544189453125,194.52005534443538,227.8726617626235,176.19085693359372,245.9096221923828,212.11010742187497,246.1073760986328,211.58767700195312,211.07716369628906,176.13818359375,208.81710815429685,23.43393175397327,-1.174878464549603,194.52005534443538,7.189782054384463,16.4622867455368,227.8726617626235,0.02882656051820713,-0.006814402452124616,1.0
1758349651,357689941,camera_color_optical_frame,tag36h11,0,0,0.0,139.0647735595703,194.58336634276844,228.14043176497705,176.25787353515622,246.12500000000003,212.10034179687497,246.37503051757812,211.77972412109378,211.2639923095703,176.18302917480472,208.9862823486328,23.330824866377895,-0.597386716110175,194.58336634276844,7.0665223527467695,17.227501599608786,228.14043176497705,0.028190685339794977,-0.003596369970153049,1.0
1758349651,391026367,camera_color_optical_frame,tag36h11,0,0,0.0,137.85134887695312,194.83178862333662,228.4037877926582,176.52444458007815,246.39671325683594,212.4442138671875,246.66825866699213,211.93307495117188,211.5962066650391,176.5405120849609,209.43533325195315,22.97459561688453,-1.3453692511660862,194.83178862333662,6.663994190370315,16.26437088991321,228.4037877926582,0.02648434010686229,-0.007576782923974329,1.0
1758349651,424361816,camera_color_optical_frame,tag36h11,0,0,0.0,138.73695373535156,195.3953425829494,228.93283772833828,177.07815551757812,246.97377014160153,212.78163146972656,247.05268859863278,212.50729370117188,212.07896423339847,177.03817749023435,209.8011474609375,23.753503697169094,-0.5875656703527127,195.3953425829494,7.595528104642764,17.23485435308632,228.93283772833828,0.030590281172050104,-0.003427931207356332,1.0
1758349651,457697998,camera_color_optical_frame,tag36h11,0,0,0.0,138.51596069335938,195.32675926850825,229.37420499970406,177.08204650878906,247.2643585205078,212.76649475097653,247.60766601562497,212.57289123535156,212.46322631835935,177.07574462890628,210.29254150390628,22.75161614608072,-0.47552889354642086,195.32675926850825,6.4643645833705214,17.397415756127003,229.37420499970406,0.025433544272763804,-0.002702748356205096,1.0
1758349651,491033203,camera_color_optical_frame,tag36h11,0,0,0.0,138.52565002441406,195.37111844579533,229.52621691382873,177.09197998046872,247.5022430419922,212.79319763183594,247.75404357910156,212.64860534667966,212.53523254394528,177.0981292724609,210.40812683105472,22.88131747974819,-0.38660878449530434,195.37111844579533,6.56506237801565,17.568801164716035,229.52621691382873,0.02600445467135964,-0.002166147969522814,1.0
1758349651,524369141,camera_color_optical_frame,tag36h11,0,0,0.0,137.56544494628906,195.9953516005926,229.57192393335495,177.81771850585938,247.6545257568359,213.35317993164065,247.78634643554685,213.12826538085938,212.52857971191406,177.79943847656244,210.47805786132812,22.912858876033113,-0.5257973808466219,195.9953516005926,6.649990739316021,17.40533514905289,229.57192393335495,0.0265794728324879,-0.003007135332058651,1.0
1758349651,557703857,camera_color_optical_frame,tag36h11,0,0,0.0,138.36190795898438,196.7737726238158,229.44211648326123,178.32299804687503,247.7127227783203,214.6077880859375,247.82949829101562,213.8775329589844,212.50537109375003,178.32005310058597,210.41580200195312,23.35283840382735,-1.8538568622306244,196.7737726238158,6.8669479462108685,15.752743941391005,229.44211648326123,0.02748168522057255,-0.010404177865585808,1.0
1758349651,591039551,camera_color_optical_frame,tag36h11,0,0,0.0,138.66073608398438,197.37348857503673,229.32653208779436,178.9494476318359,247.62013244628903,215.02571105957028,247.77423095703122,214.5149383544922,212.30644226074216,178.91561889648438,210.03688049316403,23.663544963787984,-1.213914043555941,197.37348857503673,7.306014890582557,16.66974004173906,229.32653208779436,0.029186829555005227,-0.006875970020773002,1.0
1758349651,624374268,camera_color_optical_frame,tag36h11,0,0,0.0,137.3675537109375,197.60178060930116,229.1732507467937,179.0140533447266,247.60699462890622,215.4443359375,247.77462768554688,214.85980224609375,212.0581970214844,179.00622558593753,209.7868499755859,23.761520125664703,-1.466771263808563,197.60178060930116,7.236485646573013,16.485195756837584,229.1732507467937,0.02888018994082854,-0.008215021305581232,1.0
1758349651,657709473,camera_color_optical_frame,tag36h11,0,0,0.0,138.3387451171875,197.90102783561315,228.9340901528463,179.04818725585935,247.23884582519526,215.91702270507815,247.64321899414062,215.71957397460938,211.63356018066412,179.05233764648435,209.36022949218753,23.397945619412894,-0.5048415611267628,197.90102783561315,6.485666626499661,17.817199122492212,228.9340901528463,0.02539614296232835,-0.002808256524662864,1.0
1758349651,691043945,camera_color_optical_frame,tag36h11,0,0,0.0,137.98175048828125,198.32756663372913,228.52987105823559,179.55989074707028,247.0094757080078,216.2198944091797,247.2562561035156,215.96388244628906,211.16426086425778,179.48582458496088,208.809814453125,23.914342165979463,-0.43368032055951306,198.32756663372913,7.156903466149853,17.95996920642264,228.52987105823559,0.028461759023145773,-0.0026161536257355593,1.0
1758349651,724378906,camera_color_optical_frame,tag36h11,0,0,0.0,137.1594696044922,198.07068535740183,228.40157348379708,179.02604675292972,247.0160217285156,216.2188720703125,247.34193420410156,215.97106933593747,210.9055328369141,179.02789306640628,208.5275573730469,23.96929839452008,-0.620102882647525,198.07068535740183,6.963051470263533,17.926963708183933,228.40157348379708,0.027513095609098488,-0.003458725381551642,1.0
1758349651,757712891,camera_color_optical_frame,tag36h11,0,0,0.0,139.02638244628906,197.54775039483985,228.42082013066013,178.3274383544922,247.12419128417974,215.92555236816403,247.5891876220703,215.76077270507812,210.69764709472653,178.31509399414065,208.36082458496097,23.652258401432874,-0.3666482703434567,197.54775039483985,6.371165967948965,18.42469776676927,228.42082013066013,0.02481903239495593,-0.0020898643833944263,1.0
1758349651,791047852,camera_color_optical_frame,tag36h11,0,0,0.0,139.06060791015625,197.43534716874203,228.17249446773297,178.03784179687497,247.00970458984372,215.93237304687497,247.44535827636716,215.7483215332031,210.38848876953128,177.96359252929685,207.88401794433597,24.279088463977132,-0.23867953171261555,197.43534716874203,6.945942876952724,18.67930055192005,228.17249446773297,0.027215627123833762,-0.001543779147022175,1.0
1758349651,824381592,camera_color_optical_frame,tag36h11,0,0,0.0,137.9093475341797,197.11918588303556,227.86499303291174,177.70220947265625,247.0517883300781,216.02241516113284,247.49386596679685,215.15980529785156,210.03823852539065,177.59449768066403,207.59080505371097,24.17164831883457,-1.7748896863716324,197.11918588303556,6.761167962276798,16.870192792770354,227.86499303291174,0.026458235874869538,-0.010286167102470123,1.0
1758349651,857716064,camera_color_optical_frame,tag36h11,0,0,0.0,138.9188995361328,196.7513613425903,227.42173755939584,177.07440185546875,247.01249694824224,215.8736114501953,247.16064453125,214.83506774902344,209.41725158691403,177.06719970703128,207.1027984619141,24.698205656402365,-2.45013521638037,196.7513613425903,7.0746556762989,16.243103582590408,227.42173755939584,0.028336660666623027,-0.013856797604999367,1.0
1758349651,891049561,camera_color_optical_frame,tag36h11,0,0,0.0,137.3594970703125,196.3486684797743,226.84055332240675,176.45179748535156,246.3882141113281,215.12756347656253,246.53250122070312,214.96954345703125,208.54649353027347,176.45086669921872,205.9752960205078,25.372377297731475,-0.36989781194236104,196.3486684797743,7.7193149642505965,19.10475410827604,226.84055332240675,0.03102861207405534,-0.0020988720238970244,1.0
1758349651,924383789,camera_color_optical_frame,tag36h11,0,0,0.0,138.2700958251953,196.06472528375136,226.31987495795798,175.9974822998047,245.97294616699213,215.08758544921875,246.3505859375,214.859375,207.91313171386722,175.99871826171875,205.19075012207028,25.29667993957139,-0.533875007444119,196.06472528375136,7.503326835170153,19.10163041508187,226.31987495795798,0.029716552625993212,-0.0030300065165476714,1.0
1758349651,957716797,camera_color_optical_frame,tag36h11,0,0,0.0,139.64674377441406,195.55345197359193,226.2434941073997,175.22743225097653,246.13581848144528,214.86245727539065,246.46243286132812,214.4711456298828,207.7294464111328,175.24353027343747,204.9764709472656,25.675775454814044,-0.9385727445557233,195.55345197359193,7.6930673894671,18.7523976562359,226.2434941073997,0.030575129291522955,-0.005311537516147059,1.0
1758349651,991039551,camera_color_optical_frame,tag36h11,0,0,0.0,137.89694213867188,195.3249823870419,226.48273451337158,174.91001892089844,246.35623168945315,214.68704223632812,246.80584716796875,214.4696350097656,207.8458557128906,174.92082214355474,205.0657958984375,25.509814784815916,-0.5217374055162292,195.3249823870419,7.414073764361657,19.376751185364697,226.48273451337158,0.02915848622410531,-0.0029528173984090553,1.0
1758349652,24377197,camera_color_optical_frame,tag36h11,0,0,0.0,138.4085235595703,195.91380576938226,226.57814632478872,175.26890563964844,246.92634582519528,215.63552856445315,247.08274841308594,214.79820251464844,207.96514892578125,175.2732238769531,205.11820983886716,26.540759870889985,-1.91003426566814,195.91380576938226,8.389294062528787,17.74021554622425,226.57814632478872,0.033650975826811896,-0.010885697568485985,1.0
1758349652,57715820,camera_color_optical_frame,tag36h11,0,0,0.0,138.89712524414062,196.68345814136566,226.50191354727988,176.02070617675778,246.75573730468744,216.22439575195315,247.07475280761722,216.0107879638672,207.55708312988287,176.0177459716797,204.74490356445312,26.06526922761026,-0.47548893235895184,196.68345814136566,7.735506013406248,19.74920970697653,226.50191354727988,0.030684336425000173,-0.002709497306462817,1.0
1758349652,91053223,camera_color_optical_frame,tag36h11,0,0,0.0,138.18287658691406,197.9684606334369,226.00164938778227,177.13465881347662,246.35423278808594,217.82859802246094,246.84936523437503,217.35931396484372,207.05868530273438,177.1404724121094,204.137954711914,26.11482893613615,-1.0731898993217563,197.9684606334369,7.602115490888476,19.117420696695632,226.00164938778227,0.029829649412937333,-0.006042590712517874,1.0
1758349652,124391357,camera_color_optical_frame,tag36h11,0,0,0.0,136.42013549804688,199.65337842049865,225.54042117104632,178.70121765136716,246.1660919189453,219.58596801757812,246.49415588378906,219.1938018798828,206.3044891357422,178.69992065429688,203.51351928710938,26.298882579051167,-0.8835344471767663,199.65337842049865,7.53252043182874,19.575833126325534,225.54042117104632,0.029916357447142165,-0.004947737711130399,1.0
1758349652,157728516,camera_color_optical_frame,tag36h11,0,0,0.0,136.94068908691406,200.9924854645821,224.96522130594067,179.73367309570307,245.87672424316403,221.11943054199216,246.0419921875,220.73025512695315,205.54991149902344,179.74665832519534,202.71676635742188,27.017059151438588,-0.9101772428316174,200.9924854645821,7.970825992598801,19.75988555576086,224.96522130594067,0.032072809241836475,-0.005028886342164902,1.0
1758349652,191066650,camera_color_optical_frame,tag36h11,0,0,0.0,138.99977111816406,202.6031216339409,224.64319925507382,181.14324951171872,245.85888671874994,223.15690612792966,246.01156616210935,222.27976989746097,205.1904449462891,181.15762329101562,202.3477783203125,27.302004771018005,-2.010232143927079,202.6031216339409,8.0168137851127,18.5747832755697,224.64319925507382,0.03229028387601429,-0.011058639221530768,1.0
1758349652,224403564,camera_color_optical_frame,tag36h11,0,0,0.0,139.10012817382812,203.77588056702967,224.82709473670053,182.20291137695312,245.89282226562494,224.12847900390625,246.15419006347656,224.01448059082034,205.06436157226568,182.18368530273438,202.2010498046875,27.182024943035316,-0.20574506700884354,203.77588056702967,7.691684468864533,20.910019364329827,224.82709473670053,0.030733465059107155,-0.0011804092913283708,1.0
1758349652,257741211,camera_color_optical_frame,tag36h11,0,0,0.0,137.95889282226562,204.8253267050023,224.83943823924224,183.14144897460938,246.02027893066406,225.36320495605466,246.434326171875,225.1916961669922,204.94554138183594,183.1410675048828,202.03916931152344,27.039388712479564,-0.3826330104430959,204.8253267050023,7.406639484738914,20.879231751293275,224.83943823924224,0.02924147131020488,-0.0020902890567520414,1.0
1758349652,291077881,camera_color_optical_frame,tag36h11,0,0,0.0,136.8697967529297,206.04600716040017,224.6492474067516,184.12641906738284,246.04190063476568,226.9698944091797,246.47491455078122,226.60699462890625,204.58253479003906,184.08302307128906,201.73970031738284,27.115677287754266,-0.6925849728640351,206.04600716040017,7.136818944874189,20.6606362298769,224.6492474067516,0.028105238450077397,-0.0038764521591662772,1.0
1758349652,391088867,camera_color_optical_frame,tag36h11,0,0,0.0,135.25746154785156,208.79699810272743,222.798457490919,186.1132354736328,244.86816406250006,230.17871093750006,245.1473083496094,230.0278625488281,202.14231872558588,186.10662841796872,199.08175659179688,28.52889158909545,-0.3123543128901308,208.79699810272743,7.829903307361941,21.79824287814216,222.798457490919,0.03138908154914687,-0.001695525556957197,1.0
1758349652,424424805,camera_color_optical_frame,tag36h11,0,0,0.0,136.9596710205078,210.02487122309788,222.07831212992463,187.26971435546875,244.35807800292966,231.6038360595703,244.79122924804688,231.3247833251953,201.223388671875,187.25607299804688,198.11303710937497,28.366965955625602,-0.5741594720727169,210.02487122309788,7.536269964037327,21.7443014771778,222.07831212992463,0.029931008464223502,-0.003101393925877922,1.0
1758349652,457761719,camera_color_optical_frame,tag36h11,0,0,0.0,135.0016326904297,211.38825781086715,222.22741141846598,188.4813385009766,244.71801757812497,233.16658020019534,245.00498962402344,232.6772918701172,201.3252868652344,188.44746398925778,198.23402404785153,28.823074956379287,-0.9835977095422894,211.38825781086715,7.807140183563401,21.339331804707342,222.22741141846598,0.031301022800247845,-0.005306067381230591,1.0
1758349652,557769775,camera_color_optical_frame,tag36h11,0,0,0.0,135.5369873046875,219.08377865407383,222.25665603355569,195.896728515625,245.05305480957028,241.16928100585938,245.3390045166016,240.67007446289065,201.03404235839847,195.89605712890628,198.0223388671875,29.073911182304613,-1.1169160850966708,219.08377865407383,7.510095895190741,21.54526116996132,222.25665603355569,0.03004916706813272,-0.005703227481905996,1.0
1758349652,591106201,camera_color_optical_frame,tag36h11,0,0,0.0,136.0362548828125,221.62033107911378,221.90606835957269,198.12763977050784,244.95954895019534,244.008544921875,245.16392517089847,243.4821319580078,200.45298767089838,198.12507629394534,197.49816894531244,29.44628778726039,-1.1708239696509342,221.62033107911378,7.463969625906682,21.709013283803017,221.90606835957269,0.030042984775170735,-0.005915756047450612,1.0
1758349652,624441650,camera_color_optical_frame,tag36h11,0,0,0.0,135.0336151123047,224.27777027136102,221.53307118794396,200.67141723632815,244.70974731445312,246.6345977783203,244.92486572265622,246.37045288085938,199.84251403808594,200.6829833984375,196.84600830078125,29.627198238803174,-0.6259118937632254,224.27777027136102,7.459468433461576,22.53072390665247,221.53307118794396,0.030031543947513364,-0.003091046150635754,1.0
1758349652,724448486,camera_color_optical_frame,tag36h11,0,0,0.0,133.21676635742188,230.98214322196202,220.34287978220365,206.80300903320312,243.91775512695312,254.1652374267578,244.27861022949222,253.65412902832028,198.23748779296872,206.82356262207037,195.39999389648435,29.625992890862676,-1.2057639155080666,230.98214322196202,6.620418136217519,22.348730792248347,220.34287978220365,0.026387061611293103,-0.0057818253343690385,1.0
1758349652,757783447,camera_color_optical_frame,tag36h11,0,0,0.0,133.74563598632812,231.69502473016607,220.70669147083964,207.29640197753906,244.66749572753903,255.1075439453126,244.80366516113284,254.3557739257812,198.45257568359375,207.32255554199213,195.62170410156247,30.295655693338375,-1.758295223393384,231.69502473016607,7.044718114270689,21.97010278328733,220.70669147083964,0.028509163534964594,-0.008420219180198219,1.0
1758349652,791118896,camera_color_optical_frame,tag36h11,0,0,0.0,133.45596313476562,232.28933785212138,220.81119088305132,207.9032745361328,244.8022155761719,255.849838256836,245.0975189208985,254.94647216796878,198.52108764648438,207.9099426269531,195.6807403564453,29.97888152800806,-2.0480314466904534,232.28933785212138,6.739471325226727,21.73353851726887,220.81119088305132,0.026916821386091968,-0.009835123362050942,1.0
1758349652,857788818,camera_color_optical_frame,tag36h11,0,0,0.0,133.0260467529297,232.2815129925395,219.9758522857606,207.54582214355466,244.02209472656247,256.1296081542969,244.72618103027344,255.70202636718753,197.20812988281253,207.5656890869141,194.32496643066406,29.414231123697903,-0.9896720475936095,232.2815129925395,5.870599832314492,23.25243905864218,219.9758522857606,0.0225892104645791,-0.004721444424856006,1.0
1758349652,891123047,camera_color_optical_frame,tag36h11,0,0,0.0,133.3074188232422,232.33565208614294,219.13880889349133,207.26261901855466,243.52337646484372,256.11416625976557,243.85580444335938,255.8774108886719,196.24346923828125,207.2749786376954,193.08905029296872,31.05180530658589,-0.5496093996573507,232.33565208614294,7.202411025606575,23.91645148008402,219.13880889349133,0.028875394127417135,-0.002622720050472943,1.0
1758349652,924435059,camera_color_optical_frame,tag36h11,0,0,0.0,133.6203155517578,232.20188331170823,218.6186751128552,206.97468566894534,243.22340393066406,256.11758422851557,243.55229187011716,255.94662475585935,195.45982360839847,206.98168945312506,192.3250427246094,31.103962268654016,-0.3886786350157024,232.20188331170823,7.07881335297716,24.32079424764305,218.6186751128552,0.028410109808251666,-0.0018614339829942058,1.0
1758349652,991114502,camera_color_optical_frame,tag36h11,0,0,0.0,133.7904815673828,232.08859993857584,218.6372819173901,206.75730895996097,243.45841979980463,256.12158203125,243.63749694824216,255.74031066894528,195.461898803711,206.7704010009766,192.30012512207034,31.561885518122295,-0.8589157026921952,232.08859993857584,7.435953573930585,23.909135249124915,218.6372819173901,0.030165657108552745,-0.004123385817482392,1.0
1758349653,24453369,camera_color_optical_frame,tag36h11,0,0,0.0,133.2220001220703,231.7291728403071,218.88066548599326,206.2639770507813,243.59486389160153,255.95297241210946,243.95486450195315,255.56779479980463,195.74507141113284,206.3007659912109,192.5595703125,31.351732394047417,-0.9182830314787735,231.7291728403071,7.157481018639596,23.835282876777427,218.88066548599326,0.028625865227340133,-0.004364963967837848,1.0
1758349653,57793213,camera_color_optical_frame,tag36h11,0,0,0.0,133.45877075195312,231.69348472451424,219.04760900331954,206.15225219726562,243.77336120605472,255.8267669677735,244.01896667480472,255.55455017089844,195.94837951660153,206.1766510009765,192.64465332031247,31.90730366771396,-0.645145786584686,231.69348472451424,7.668075801975102,24.10312102365677,219.04760900331954,0.030937962236543017,-0.0030719350714963766,1.0
1758349653,91132080,camera_color_optical_frame,tag36h11,0,0,0.0,133.33615112304688,231.74983092841947,219.15297729484996,206.2048187255859,243.89668273925784,255.84419250488284,244.02909851074216,255.56221008300778,196.08755493164062,206.21206665039062,192.78662109375006,32.159208989229654,-0.6243803305373147,231.74983092841947,7.895490788883701,24.077490655878222,219.15297729484996,0.03209292293717788,-0.003010898407396988,1.0
1758349653,124471680,camera_color_optical_frame,tag36h11,0,0,0.0,133.07713317871094,231.83142468036277,219.18151176060704,206.35264587402347,243.92076110839844,255.9139556884766,244.04644775390622,255.5613861083984,196.14031982421875,206.34429931640625,192.86634826660153,32.07317242860043,-0.7391225670303866,231.83142468036277,7.8547853869844415,23.92539449071134,219.18151176060704,0.031937262391789935,-0.0036014929182271293,1.0
1758349653,191149414,camera_color_optical_frame,tag36h11,0,0,0.0,132.7172088623047,231.50059616811419,219.40621236392707,206.10499572753903,243.88496398925778,255.80679321289062,244.59114074707034,255.39105224609375,196.37826538085938,206.12533569335938,193.1135711669922,30.750284894673342,-0.9395454830302526,231.50059616811419,6.708683574294805,23.73944474147106,219.40621236392707,0.02602865387483679,-0.004510295047338374,1.0
1758349653,224487793,camera_color_optical_frame,tag36h11,0,0,0.0,132.9322052001953,231.53123835659704,219.79901513748595,206.06985473632812,244.69839477539062,255.85325622558597,244.84864807128906,255.14065551757807,196.7107238769531,206.08503723144528,193.59156799316403,31.66996602203693,-1.5686385354502135,231.53123835659704,7.458037915853732,23.122328406023087,219.79901513748595,0.030164539026457948,-0.007576162771820061,1.0
1758349653,257826904,camera_color_optical_frame,tag36h11,0,0,0.0,132.93260192871094,231.02890511438994,219.919695928516,205.4800872802735,244.81958007812506,255.5808868408204,245.14506530761716,254.74002075195304,196.81083679199216,205.4917907714843,193.68217468261722,31.396575155259512,-1.8179291938422408,231.02890511438994,7.140098174397106,22.906687811387883,219.919695928516,0.028486915955686618,-0.008819309754298378,1.0
1758349653,291164795,camera_color_optical_frame,tag36h11,0,0,0.0,134.05422973632812,230.2517720106671,219.65387999479876,204.50970458984378,244.72032165527347,254.71450805664065,244.9882049560547,254.12609863281244,196.40615844726562,204.5872802734375,193.07498168945312,32.00492163857834,-1.4356318644305133,230.2517720106671,7.676708464785913,23.530990760649956,219.65387999479876,0.030808866347874254,-0.006834755981077294,1.0
1758349653,324503662,camera_color_optical_frame,tag36h11,0,0,0.0,134.46981811523438,229.1578587205995,219.15072408088227,203.11158752441403,244.6110992431641,254.00231933593747,244.8166046142578,253.14431762695312,195.70382690429682,203.16706848144534,192.30061340332028,32.49020942138014,-1.918022901703915,229.1578587205995,7.898280591919469,23.288188933427648,219.15072408088227,0.03185959618391957,-0.009309700106935746,1.0
1758349653,357841309,camera_color_optical_frame,tag36h11,0,0,0.0,133.9807891845703,227.58249729192966,218.52533157088126,201.43103027343747,243.87847900390628,252.6434936523437,244.68519592285156,251.9663238525391,194.88586425781253,201.57176208496097,191.37408447265628,31.478194059413,-1.718995133958964,227.58249729192966,6.943694434956281,23.766378586523473,218.52533157088126,0.026787255184446055,-0.008191080404243505,1.0
1758349653,391179932,camera_color_optical_frame,tag36h11,0,0,0.0,133.55125427246094,226.21753042253735,218.0719067211713,199.54249572753906,243.90139770507812,251.37669372558588,244.1175842285156,250.96025085449222,194.1134796142578,199.56791687011724,190.48326110839844,33.282410075342426,-0.8915675358837741,226.21753042253735,8.202507107811238,24.866017422237235,218.0719067211713,0.03317448880257343,-0.004406192389603203,1.0
1758349653,424517578,camera_color_optical_frame,tag36h11,0,0,0.0,134.20913696289062,225.00434056176496,217.6166498103345,198.1143188476562,243.8120727539062,250.3892364501953,244.0420074462891,249.8490447998047,193.4137115478516,198.13903808593756,189.65020751953125,33.60079827474749,-1.1216159212198074,225.00434056176496,8.391712458995864,24.948095394094025,217.6166498103345,0.03393387228842209,-0.005600839424573298,1.0
1758349653,457855957,camera_color_optical_frame,tag36h11,0,0,0.0,134.69747924804688,223.26902268083802,217.1336111734668,196.02108764648435,243.63270568847653,249.10609436035153,244.03659057617185,248.402114868164,192.6912384033203,196.0588836669922,188.80091857910153,33.72351752938556,-1.438615012422951,223.26902268083802,8.278488264959345,24.941103576407215,217.1336111734668,0.033129044581546446,-0.0072451702668466685,1.0
1758349653,491193115,camera_color_optical_frame,tag36h11,0,0,0.0,134.2887420654297,221.81334193038182,216.42632606747873,194.09028625488278,243.3778076171875,248.00042724609375,243.66836547851562,247.18395996093753,191.76181030273435,194.09638977050784,187.59278869628906,34.77416703247815,-1.5485063381841193,221.81334193038182,8.994799332043266,25.162865898035193,216.42632606747873,0.03634430469469039,-0.007963001256057022,1.0
1758349653,524531250,camera_color_optical_frame,tag36h11,0,0,0.0,134.89808654785156,220.45363517893546,215.85915006536547,192.362533569336,242.983139038086,247.03038024902344,243.64640808105472,246.33027648925778,190.87338256835935,192.48371887207034,186.61526489257812,34.43522270833671,-1.5490975279845935,220.45363517893546,8.428277574863552,25.581930830709894,215.85915006536547,0.033286971428290686,-0.007746063852858612,1.0
1758349653,557868164,camera_color_optical_frame,tag36h11,0,0,0.0,135.4862823486328,219.46532225042083,215.71050817436566,191.02565002441406,243.08784484863284,246.11993408203125,243.66082763671875,245.78269958496094,190.37619018554688,191.04284667968753,185.9063873291016,35.19904247204943,-0.644475732503502,219.46532225042083,8.90784898660524,26.86349301234074,215.71050817436566,0.03542818770039291,-0.0033301988178569583,1.0
1758349653,591206055,camera_color_optical_frame,tag36h11,0,0,0.0,134.30856323242188,218.57739749638571,214.7491442544367,189.844970703125,242.59042358398435,245.5274200439453,243.0406036376953,244.96582031250003,189.1791687011719,189.8716735839844,184.61459350585935,35.750457198921026,-1.0550920066923983,218.57739749638571,9.216593665518923,26.74175991393261,214.7491442544367,0.03703527483010648,-0.005489540983830853,1.0
1758349653,624542969,camera_color_optical_frame,tag36h11,0,0,0.0,135.3536834716797,218.3742394827458,213.45681888019772,189.15692138671872,241.7666015625,246.04725646972653,242.3149871826172,244.9449920654297,187.71139526367188,189.1866912841797,183.01925659179688,36.208777505001706,-1.9820752313493633,218.3742394827458,9.235988554062112,26.07645275681955,213.45681888019772,0.03703775591519775,-0.010401875553418727,1.0
1758349653,657880615,camera_color_optical_frame,tag36h11,0,0,0.0,135.0218963623047,218.31327067570604,212.898037444581,188.7276306152344,241.47787475585935,246.19937133789062,242.02853393554688,245.19665527343744,186.9285888671875,188.85098266601562,182.1210174560547,36.63485802679736,-1.9821098082712116,218.31327067570604,9.379149632506108,26.403361357198037,212.898037444581,0.03766909401976408,-0.010184671457795655,1.0
1758349653,724554443,camera_color_optical_frame,tag36h11,0,0,0.0,135.44723510742188,217.85897170255066,212.8186411480486,188.1553955078125,241.56132507324222,245.91125488281253,242.2110595703125,244.92625427246094,186.62696838378903,188.2538146972656,181.79916381835938,36.558191625732036,-1.8828403772860658,217.85897170255066,9.195318411491195,26.72051161779993,212.8186411480486,0.03668510093497479,-0.00975234394774261,1.0
1758349653,757890625,camera_color_optical_frame,tag36h11,0,0,0.0,135.22274780273438,217.56504405409467,213.7382160392773,188.02818298339847,242.09249877929688,245.28970336914068,242.99229431152344,244.84460449218747,187.55085754394534,188.04411315917966,182.58877563476568,36.214305740656584,-0.7928627715253005,217.56504405409467,9.071378991732951,27.807394052600813,213.7382160392773,0.03555403089337462,-0.004175691124655259,1.0
1758349653,791227783,camera_color_optical_frame,tag36h11,0,0,0.0,135.05093383789062,217.6729640740768,214.80156228840374,188.03762817382812,243.37615966796878,245.2635955810547,243.7855682373047,244.77130126953128,188.67315673828122,188.05113220214844,183.68377685546872,37.17105502207056,-0.8728889075726374,217.6729640740768,9.973844176804613,27.665222329335567,214.80156228840374,0.04011022418273914,-0.004607464032416142,1.0
1758349653,824563721,camera_color_optical_frame,tag36h11,0,0,0.0,135.70716857910156,217.7470678772812,215.2805574687217,188.0959930419922,243.7781982421875,245.56640624999997,244.4461364746094,244.89794921875,189.18585205078128,188.1677856445313,184.2698669433594,36.63957241049809,-1.2907309878675837,217.7470678772812,9.44661347148533,27.214119119257617,215.2805574687217,0.03733887744450329,-0.006677097745506912,1.0
1758349653,857900635,camera_color_optical_frame,tag36h11,0,0,0.0,135.07200622558594,218.0875721028898,214.7610360201541,188.12631225585938,243.67034912109375,246.2340545654297,244.0972442626953,245.20623779296875,188.59451293945312,188.2154541015625,183.6262512207031,37.400084104473734,-1.929911790393071,218.0875721028898,9.910936425436455,26.68540695052815,214.7610360201541,0.03977152066928708,-0.01002872223928878,1.0
1758349653,891236328,camera_color_optical_frame,tag36h11,0,0,0.0,134.82052612304688,217.58660901526127,213.92013333978744,187.34831237792972,243.12969970703125,246.13232421875003,243.71627807617188,244.96081542968747,187.47721862792966,187.37907409667972,182.38937377929688,37.52972197263253,-2.022220858432199,217.58660901526127,9.783366618206992,26.906226820241532,213.92013333978744,0.03899886291214111,-0.010714134635150129,1.0
1758349653,924572998,camera_color_optical_frame,tag36h11,0,0,0.0,135.63856506347656,217.24300273433556,212.7191426937958,186.8183135986328,242.08395385742185,246.01478576660165,243.00759887695315,244.92250061035153,186.00389099121094,186.8923034667968,180.7685394287109,37.29646363001578,-1.9546462511825597,217.24300273433556,9.425435931853025,27.35274511122833,212.7191426937958,0.03697593300204191,-0.010270081457004048,1.0
1758349653,957908691,camera_color_optical_frame,tag36h11,0,0,0.0,135.1361541748047,216.9740470575579,211.41561116332431,185.9607849121094,241.36322021484375,246.13836669921875,242.0355224609375,244.9870452880859,184.36517333984375,186.06748962402344,178.96650695800778,38.384299732186406,-2.08122025592845,216.9740470575579,9.980196191456708,27.659480002871167,211.41561116332431,0.039916171390215915,-0.010913135698016581,1.0
1758349653,991244873,camera_color_optical_frame,tag36h11,0,0,0.0,135.40696716308594,216.29439603217244,210.86304146803903,184.98060607910153,240.85873413085943,245.59165954589838,241.75701904296875,244.92436218261722,183.43820190429685,185.03660583496094,177.90168762207028,38.422166665417535,-1.1736427320469929,216.29439603217244,9.754605353115773,28.96648255708317,210.86304146803903,0.03857415228115556,-0.006198213968158531,1.0
1758349654,24580322,camera_color_optical_frame,tag36h11,0,0,0.0,135.2528533935547,216.15130759053824,210.78458091535663,184.58421325683597,240.97367858886716,245.51010131835935,241.87435913085938,244.931884765625,183.26036071777347,184.84985351562503,177.63760375976557,38.65573881737842,-1.4344196974299663,216.15130759053824,9.886791952631166,28.94907605778747,210.78458091535663,0.03909982812856161,-0.007074565828124588,1.0
1758349654,57916260,camera_color_optical_frame,tag36h11,0,0,0.0,136.16476440429688,215.86793291348354,211.09730187247854,184.2191619873047,241.4308166503906,245.2628326416016,242.15161132812503,244.7485198974609,183.41693115234378,184.28125,177.72747802734378,39.14185937221703,-0.9317907145170564,215.86793291348354,10.232737907597533,29.52491782125762,211.09730187247854,0.0408373189636485,-0.004895595406767786,1.0
1758349654,91252197,camera_color_optical_frame,tag36h11,0,0,0.0,134.7195587158203,214.9629533073136,211.63866912968385,183.19091796874997,241.99037170410156,244.6627655029297,242.89073181152344,243.7586364746094,184.13026428222656,183.34547424316406,178.36871337890622,39.06285833624128,-1.711343501298039,214.9629533073136,10.194133924857761,28.654211950503086,211.63866912968385,0.04020769360407433,-0.008933205949206708,1.0
1758349654,124589111,camera_color_optical_frame,tag36h11,0,0,0.0,135.5894317626953,214.65499892205634,212.6831547012986,182.7219696044922,243.2299041748047,244.16455078125003,243.8189544677734,243.53800964355472,185.05401611328128,183.00086975097653,179.28459167480472,39.583746639675525,-1.5130724419953976,214.65499892205634,10.668205704490697,29.016598784256647,212.6831547012986,0.04260723483505002,-0.007544313902861021,1.0
1758349654,157924805,camera_color_optical_frame,tag36h11,0,0,0.0,135.59402465820312,214.69006358870888,212.79153283841543,182.61819458007812,243.46629333496094,244.4995574951172,244.09881591796872,243.6844482421875,185.0601959228516,182.72416687011716,179.2194976806641,39.80967026333448,-1.4653936865807606,214.69006358870888,10.711500853288124,29.116576150360974,212.79153283841543,0.0426514883817245,-0.007744338619231258,1.0
1758349654,191261230,camera_color_optical_frame,tag36h11,0,0,0.0,135.74900817871094,214.34495275078064,211.80281917543795,182.02912902832028,242.6824951171875,244.47042846679682,243.60350036621097,243.69981384277344,183.75251770019528,182.08944702148443,177.75366210937497,39.764267760606856,-1.291226201141846,214.34495275078064,10.445379134532454,29.673266203293768,211.80281917543795,0.04107899257950765,-0.0069334891916303515,1.0
1758349654,224596680,camera_color_optical_frame,tag36h11,0,0,0.0,135.75355529785156,214.14669984825045,210.38504194473984,181.22825622558594,241.85714721679688,244.78739929199222,242.54946899414062,243.75012207031253,182.08230590820312,181.27804565429685,175.88186645507812,40.87775587341102,-1.6497347548837449,214.14669984825045,11.012417350290429,29.660823136098546,210.38504194473984,0.04405126334333245,-0.008970529205779062,1.0
1758349654,257932861,camera_color_optical_frame,tag36h11,0,0,0.0,136.2572479248047,214.23227869159504,209.25690834024664,180.89428710937497,240.9205322265625,245.0868225097656,241.8912506103516,244.51792907714847,180.49232482910156,181.09851074218756,174.21186828613278,40.80038570728672,-1.2160006934076288,214.23227869159504,10.572443177566635,30.67791599151119,209.25690834024664,0.041797167298538156,-0.0061777851289369695,1.0
1758349654,291268066,camera_color_optical_frame,tag36h11,0,0,0.0,136.1822509765625,214.2577663433581,208.58333601179547,180.7063751220703,240.63970947265625,245.2086181640625,241.43359375,244.62927246093747,179.56515502929688,180.8443450927734,173.11938476562503,41.436624467114484,-1.104120089483096,214.2577663433581,11.000939972542733,31.08653833764541,208.58333601179547,0.04400275789094243,-0.005742876867307497,1.0
1758349654,324604004,camera_color_optical_frame,tag36h11,0,0,0.0,136.16500854492188,213.84295302285994,208.68001587023733,180.030029296875,240.79953002929685,245.09584045410156,241.74908447265625,244.52818298339847,179.53155517578128,180.0794677734375,172.9544525146484,41.63015266616685,-0.9129248400592965,213.84295302285994,10.980847598654515,31.423326900940513,208.68001587023733,0.04355380976873394,-0.004938954545851074,1.0
1758349654,357938721,camera_color_optical_frame,tag36h11,0,0,0.0,135.6307373046875,213.9062640413302,209.24392841258097,180.02238464355472,241.4862823486328,245.15199279785156,242.31155395507815,244.5853424072265,180.05111694335935,180.0647430419922,173.42915344238278,41.92135742609392,-0.8985426257977375,213.9062640413302,11.238032687922294,31.493397278033516,209.24392841258097,0.04476005903569867,-0.004878327167270254,1.0
1758349654,391274414,camera_color_optical_frame,tag36h11,0,0,0.0,135.7982177734375,214.00339013236254,209.97598069843903,180.07926940917966,242.19236755371094,245.51409912109372,243.24996948242188,244.76962280273438,180.7585144042969,180.1769561767578,174.25668334960938,41.46358090122209,-1.2511885600591408,214.00339013236254,10.750882674353472,31.14454258721725,209.97598069843903,0.04212907152035271,-0.006686368296454143,1.0
1758349654,424608887,camera_color_optical_frame,tag36h11,0,0,0.0,136.37477111816406,214.90223056320323,210.2580261720322,180.8373565673828,242.69400024414065,246.4990844726563,243.6719512939453,245.74122619628906,180.8936767578125,180.91954040527338,174.32106018066406,41.808806541281484,-1.2441188459313175,214.90223056320323,10.952703384162868,31.326202158120598,210.2580261720322,0.0430416018862733,-0.006660802318265596,1.0
1758349654,457944092,camera_color_optical_frame,tag36h11,0,0,0.0,136.76124572753906,215.6229867448612,209.46199989670245,181.18914794921875,242.1598205566406,247.60917663574216,243.22462463378906,246.73171997070312,179.92164611816406,181.24673461914065,173.17657470703122,42.26491548292756,-1.3610106301896032,215.6229867448612,11.054929725309927,31.467499085515104,209.46199989670245,0.043373640811512175,-0.007358356228680099,1.0
1758349654,491278320,camera_color_optical_frame,tag36h11,0,0,0.0,137.09341430664062,215.85200068596464,208.24440966716566,180.8345184326172,241.5552825927734,248.2162322998047,242.36094665527344,247.28468322753906,178.34362792968753,180.96466064453128,171.4681549072266,43.2248358549802,-1.5481606481287065,215.85200068596464,11.464830539638621,31.744474572312217,208.24440966716566,0.045732327413957795,-0.00821486327904361,1.0
1758349654,524613281,camera_color_optical_frame,tag36h11,0,0,0.0,136.0596923828125,216.19544387423167,206.65052997419463,180.82301330566406,240.35862731933597,249.04522705078128,241.3923797607422,247.99330139160156,176.34881591796875,180.91102600097653,169.33381652832034,43.37205604748223,-1.6231569866277686,216.19544387423167,11.225236965461585,32.1422700421374,206.65052997419463,0.04447475575023973,-0.00874182486981666,1.0
1758349654,557947266,camera_color_optical_frame,tag36h11,0,0,0.0,136.23843383789062,216.5530148435026,205.84227232647578,180.80065917968747,239.89012145996094,249.64582824707034,240.91685485839844,248.70663452148438,175.2215881347656,180.8463134765625,167.9972686767578,43.95580351065604,-1.3782397024113981,216.5530148435026,11.446515114019997,32.78117945929523,205.84227232647578,0.04549434589856781,-0.00750152033734903,1.0
1758349654,591281982,camera_color_optical_frame,tag36h11,0,0,0.0,136.33729553222656,216.3060301153904,205.75852673685586,180.02682495117188,240.05134582519526,249.73097229003906,241.16732788085938,248.76039123535156,175.08113098144534,180.43859863281253,167.76226806640622,44.262473658950114,-2.034755688301934,216.3060301153904,11.487565085162311,32.422151652882604,205.75852673685586,0.04544821598282426,-0.01019918093011184,1.0
1758349654,624615479,camera_color_optical_frame,tag36h11,0,0,0.0,136.47042846679688,215.9183472418968,206.01014128585757,179.65200805664065,240.39773559570312,249.34875488281256,241.51231384277347,248.35354614257807,175.25521850585935,180.00663757324213,167.87289428710935,44.31880189739732,-1.9658289367244126,215.9183472418968,11.581252367653969,32.563070404933086,206.01014128585757,0.045774231086556975,-0.009990754550046726,1.0
1758349654,657949951,camera_color_optical_frame,tag36h11,0,0,0.0,137.05545043945312,215.83205229350116,206.28054005951057,179.60675048828125,240.7464447021484,249.3003997802734,241.75968933105466,248.2242279052734,175.46159362792972,179.79168701171875,168.07484436035156,44.47585045865097,-1.7826872761392767,215.83205229350116,11.70383460925566,32.72110287082654,206.28054005951057,0.04643252721192898,-0.009429715728794832,1.0
1758349654,691283203,camera_color_optical_frame,tag36h11,0,0,0.0,137.10655212402344,215.84820347609354,206.3964574547657,179.59996032714847,240.83413696289062,249.3420562744141,241.91198730468753,248.26985168457028,175.59423828125003,179.87396240234378,168.25082397460938,44.326539288379735,-1.929820750092026,215.84820347609354,11.567891326380215,32.5852104439881,206.3964574547657,0.04571496274774836,-0.010009531129068262,1.0
1758349654,724617188,camera_color_optical_frame,tag36h11,0,0,0.0,136.93222045898438,215.55364590401012,206.62602839136446,179.45225524902344,240.96995544433594,248.95588684082026,242.14331054687497,247.9510040283203,175.80581665039062,179.68612670898443,168.48736572265628,44.033818870587595,-1.7713547438119042,215.55364590401012,11.410720494661172,32.724328457318876,206.62602839136446,0.04483199303714149,-0.009242462287741506,1.0
1758349654,757950195,camera_color_optical_frame,tag36h11,0,0,0.0,137.8775177001953,215.71281687820658,206.75189623411333,179.602066040039,241.08592224121094,249.17132568359366,242.25111389160156,248.08412170410162,175.97332763671878,179.76225280761727,168.60862731933597,44.16130253559143,-1.7565754855555358,215.71281687820658,11.513692815464617,32.68328060881504,206.75189623411333,0.045254320269799815,-0.009350436786798104,1.0
1758349654,791284180,camera_color_optical_frame,tag36h11,0,0,0.0,137.00912475585938,215.80629623080802,206.72936570536433,179.61901855468753,241.0938262939453,249.2752075195313,242.2531127929687,248.17695617675776,175.9892730712891,179.9244842529296,168.64457702636722,44.164268337872585,-2.022393139300269,215.80629623080802,11.504808279326932,32.44758490272463,206.72936570536433,0.04523134345197598,-0.010438617788837241,1.0
1758349654,824616699,camera_color_optical_frame,tag36h11,0,0,0.0,136.5218505859375,215.77915450805355,206.71746358416334,179.6119842529297,241.06436157226565,249.24919128417974,242.2373046875,248.17759704589838,175.94961547851557,179.87713623046872,168.61669921875,44.1237886018545,-1.9158036420203846,215.77915450805355,11.457621907397646,32.554351128704866,206.71746358416334,0.04501117585461083,-0.009954098482811332,1.0
1758349654,924615967,camera_color_optical_frame,tag36h11,0,0,0.0,136.8280487060547,215.66597904805886,206.7434071243257,179.59811401367185,241.0790557861328,249.1260375976563,242.24365234375,248.0429229736328,175.92141723632815,179.69723510742185,168.5815124511719,44.107283099821075,-1.6455015097501962,215.66597904805886,11.458973771962485,32.79431182709851,206.7434071243257,0.04502935832680054,-0.008896149902350547,1.0
1758349654,957947998,camera_color_optical_frame,tag36h11,0,0,0.0,137.03500366210938,215.24915089679843,206.87888086577732,178.9454956054688,241.23236083984375,248.55506896972662,242.28581237792972,247.80833435058585,176.0687255859375,179.28054809570312,168.64129638671875,44.44675843808892,-1.5872010486542283,215.24915089679843,11.741661737354997,32.97793948843511,206.87888086577732,0.04640625463041368,-0.007969543779547318,1.0
1758349654,991281006,camera_color_optical_frame,tag36h11,0,0,0.0,137.60867309570312,214.82350668703418,206.7529390958545,178.35237121582034,241.2207641601562,248.22322082519528,242.29223632812497,247.314453125,176.04667663574224,178.97262573242193,168.60545349121094,44.47528901240034,-2.2895634162259375,214.82350668703418,11.784878905551688,32.33049899108866,206.7529390958545,0.046555611234503885,-0.011160004696143007,1.0
1758349655,24612793,camera_color_optical_frame,tag36h11,0,0,0.0,136.94586181640625,213.95580534519385,206.81926416409354,177.7659149169922,241.194091796875,247.3322448730469,242.28791809082028,246.46199035644528,175.9433898925781,177.85227966308597,168.45257568359378,44.40324709286679,-1.3190257828006426,213.95580534519385,11.768612280578816,33.209833782226696,206.81926416409354,0.04643659688622544,-0.007186632583366249,1.0
1758349655,57943115,camera_color_optical_frame,tag36h11,0,0,0.0,137.52667236328125,212.59858984845195,206.63080817193224,176.29113769531247,241.19186401367182,246.1701202392578,242.29347229003903,244.95347595214844,175.83219909667974,176.4987640380859,168.2823638916016,44.480233614894786,-1.9754655010226745,212.59858984845195,11.889220797842137,32.56600183471957,206.63080817193224,0.04692707459757954,-0.010638195531412495,1.0
1758349655,91281982,camera_color_optical_frame,tag36h11,0,0,0.0,137.3517608642578,210.58488817149322,206.58515511200065,174.0014953613281,241.0729217529297,244.04251098632815,242.30245971679688,243.3285369873047,175.7171783447266,174.36192321777338,167.9157409667969,44.68165941549685,-1.5389713490406425,210.58488817149322,12.09880007037503,33.2345141529953,206.58515511200065,0.04753596255443066,-0.00784998648215589,1.0
1758349655,257978760,camera_color_optical_frame,tag36h11,0,0,0.0,137.61135864257812,202.44967727986503,205.9826938494354,165.20050048828125,240.90017700195315,236.19740295410156,242.27694702148438,235.46087646484372,175.0379028320312,165.76303100585935,166.52775573730466,45.40849369640085,-1.8052756829428547,202.44967727986503,13.008297107491353,33.395121387616626,205.9826938494354,0.05102191676393533,-0.009296257565486897,1.0
1758349655,291317139,camera_color_optical_frame,tag36h11,0,0,0.0,138.00436401367188,201.60849559626,206.08867082621245,164.29766845703122,241.08245849609372,235.5739135742187,242.38619995117185,234.6415252685547,175.1070251464844,164.58103942871097,166.51885986328128,45.71415529649212,-1.5880510733610067,201.60849559626,13.209559857920846,33.54248050937764,206.08867082621245,0.051972146639228424,-0.008840519325276113,1.0
1758349655,324656494,camera_color_optical_frame,tag36h11,0,0,0.0,137.81204223632812,200.57799639159637,206.09022036007804,163.07958984375003,241.18966674804688,234.44593811035156,242.42971801757812,233.7379913330078,175.05163574218753,163.52281188964847,166.33088684082034,45.95763107222331,-1.5538294145566938,200.57799639159637,13.471847202902007,33.7622966773053,206.09022036007804,0.053169599513277606,-0.008230198882875966,1.0
1758349655,357994629,camera_color_optical_frame,tag36h11,0,0,0.0,138.20547485351562,198.75759809695705,205.67500730647757,161.30455017089847,240.94403076171875,232.95677185058594,242.34918212890625,231.84277343749997,174.5191497802734,161.43168640136722,165.64781188964844,45.91214972733343,-1.5292093580167632,198.75759809695705,13.459631040744535,33.808902085578126,205.67500730647757,0.05281866513119762,-0.009103401845271588,1.0
1758349655,591363037,camera_color_optical_frame,tag36h11,0,0,0.0,140.4707794189453,182.85905498992113,203.47939761449788,143.38728332519534,240.09432983398435,218.08691406250003,241.8288726806641,217.033935546875,171.77798461914065,143.97930908203128,161.15443420410156,47.879701560357205,-1.9049194070992908,182.85905498992113,15.45987008338735,34.80648823347039,203.47939761449788,0.060600602793209356,-0.01132243712757415,1.0
1758349655,724713623,camera_color_optical_frame,tag36h11,0,0,0.0,140.26913452148438,181.62026620721772,204.31696311793306,142.0141906738281,241.06410217285156,217.0178375244141,242.75836181640625,215.80247497558597,172.6021728515625,142.62590026855466,161.96948242187506,47.96758187819444,-2.077360153394002,181.62026620721772,15.575527262899236,34.60305697349389,204.31696311793306,0.06092752597488921,-0.012578272626423376,1.0
1758349655,758050537,camera_color_optical_frame,tag36h11,0,0,0.0,140.54562377929688,182.33664418715992,204.69653967810422,142.7542877197266,241.44625854492193,217.7286987304688,243.05535888671875,216.75936889648435,172.7372131347656,142.9391632080078,161.99653625488284,48.293953849895814,-1.2412267319476395,182.33664418715992,15.729895929501275,35.64598981198213,204.69653967810422,0.06163797020539984,-0.008081995992398582,1.0
1758349655,791388428,camera_color_optical_frame,tag36h11,0,0,0.0,140.3331756591797,183.0139449381394,203.8858026429594,143.05894470214844,240.97863769531253,218.78007507324216,242.68746948242188,217.6014099121094,171.7760009765625,143.32952880859378,160.8332977294922,48.69197200934627,-1.5641891565045025,183.0139449381394,15.832023002523975,35.57285163034962,203.8858026429594,0.06196912663685709,-0.010037282688383362,1.0
1758349655,824725098,camera_color_optical_frame,tag36h11,0,0,0.0,140.4594268798828,184.16329960674926,202.99664488030697,143.8424530029297,240.50274658203128,220.304946899414,242.2811584472656,219.16166687011722,170.44146728515625,143.97071838378912,159.3089294433594,49.15921882773142,-1.3263446534838488,184.16329960674926,15.815578837736602,36.326403580491046,202.99664488030697,0.06186700317258383,-0.00879862206664012,1.0
1758349655,924736328,camera_color_optical_frame,tag36h11,0,0,0.0,139.19601440429688,193.7074795875705,199.51836841714237,151.6918640136719,238.89976501464844,231.37988281250003,240.6026611328125,230.06571960449216,165.43965148925784,151.9730529785156,154.00416564941406,51.23697900149128,-1.7284340168976278,193.7074795875705,15.627839597461126,37.76438227049459,199.51836841714237,0.061669529335103355,-0.01051494486651503,1.0
1758349655,958072754,camera_color_optical_frame,tag36h11,0,0,0.0,139.18418884277344,198.5764772479852,198.59261629245012,155.92376708984375,238.45947265625,236.81185913085932,240.15390014648435,235.72128295898438,163.8739166259766,156.07624816894534,152.39550781250003,52.08002511847914,-1.3350903703957233,198.5764772479852,15.419916216699043,38.827463345103524,198.59261629245012,0.060924182897199426,-0.00809932475402412,1.0
1758349655,991409668,camera_color_optical_frame,tag36h11,0,0,0.0,139.3926239013672,203.43840446164103,197.39151170456242,160.0349884033203,237.86853027343741,242.3516540527344,239.4984893798828,241.2145843505859,162.1623229980469,160.30229187011716,150.715087890625,52.941612357251245,-1.5551660737252933,203.43840446164103,15.222483277588445,39.210846273695296,197.39151170456242,0.06039285176702607,-0.00892550469573905,1.0
1758349656,24745850,camera_color_optical_frame,tag36h11,0,0,0.0,138.43313598632812,207.644365528853,196.45758111503744,163.8829803466797,237.31228637695318,247.0757598876953,239.19169616699222,245.8917388916016,160.75064086914057,164.23902893066406,149.41667175292966,53.032384871459186,-1.7479781207385843,207.644365528853,14.655166317118066,39.55373743928271,196.45758111503744,0.0576050274904078,-0.009631837415971099,1.0
1758349656,58073242,camera_color_optical_frame,tag36h11,0,0,0.0,138.09649658203125,211.06140748811384,195.8581059631234,166.84144592285156,237.10592651367188,251.03735351562494,238.93017578124997,249.68038940429688,159.83480834960935,167.18832397460943,148.58706665039062,53.57212972022862,-1.9284627169876858,211.06140748811384,14.480333680252578,39.69673937606416,195.8581059631234,0.05704545428995263,-0.010567426967203674,1.0
1758349656,91428711,camera_color_optical_frame,tag36h11,0,0,0.0,138.0840301513672,213.13178190333116,195.64686711141727,168.6631774902344,237.03077697753906,253.23019409179688,238.81329345703122,252.14315795898438,159.34162902832034,169.0271759033203,148.167724609375,53.820474681569294,-1.673928610347265,213.13178190333116,14.319915609987781,40.20872029705495,195.64686711141727,0.05647474745873751,-0.008896953957585016,1.0
1758349656,124785156,camera_color_optical_frame,tag36h11,0,0,0.0,137.4202117919922,214.6232318974677,195.76044213438416,170.0748901367188,237.17010498046866,254.79341125488293,238.96948242187497,253.66001892089838,159.47401428222662,170.53952026367176,148.34181213378903,53.884064987931055,-1.878916028231903,214.6232318974677,14.269097832357396,40.03990201220071,195.76044213438416,0.05619434718649007,-0.009745070715817155,1.0
1758349656,158140625,camera_color_optical_frame,tag36h11,0,0,0.0,138.3543243408203,215.43620236413167,196.1111364465911,170.99670410156253,237.53408813476568,255.73837280273443,239.26736450195315,254.30474853515628,159.88098144531247,171.35470581054685,148.90794372558594,53.81518609372387,-2.0591556205023,215.43620236413167,14.16687760947891,39.70551663487905,196.1111364465911,0.055829565550227306,-0.011042152894505736,1.0
1758349656,191497314,camera_color_optical_frame,tag36h11,0,0,0.0,138.12966918945312,215.72995010797993,196.48947257922592,171.1956939697265,237.94772338867182,255.80668640136722,239.4628143310547,254.44833374023435,160.44538879394534,171.93478393554688,149.5289459228516,53.955748050943015,-2.53791661115459,215.72995010797993,14.377083017505804,39.21275433714851,196.48947257922592,0.05709637332777929,-0.012761741946773408,1.0
1758349656,224852783,camera_color_optical_frame,tag36h11,0,0,0.0,138.34042358398438,215.3124729372551,196.8688421461116,170.95431518554693,238.181396484375,255.33018493652347,239.7704620361328,254.06369018554688,160.77825927734375,171.5668792724609,149.97068786621094,53.636345335803554,-2.2551764202382474,215.3124729372551,14.164424875930642,39.408167252745216,196.8688421461116,0.055984773185584,-0.011479823960242863,1.0
1758349656,258208984,camera_color_optical_frame,tag36h11,0,0,0.0,138.6603240966797,215.34085818656737,196.8684976500719,170.95524597167966,238.20677185058594,255.37536621093747,239.8068084716797,254.067611694336,160.80056762695315,171.6556091308594,150.01464843749997,53.59799823839373,-2.427417196904732,215.34085818656737,14.13798192361849,39.257508730037216,196.8684976500719,0.05584676440421872,-0.012240079928940864,1.0
1758349656,291564453,camera_color_optical_frame,tag36h11,0,0,0.0,138.01119995117188,215.51239904599024,196.58151517921857,170.97821044921872,238.0275115966797,255.63868713378906,239.591796875,254.197265625,160.57922363281247,171.77926635742188,149.70515441894534,53.83670578173266,-2.715242555588863,215.51239904599024,14.299905958914245,39.015364382708185,196.58151517921857,0.05664943014164302,-0.013638823016319164,1.0
1758349656,324920898,camera_color_optical_frame,tag36h11,0,0,0.0,138.4298858642578,215.39423886741957,196.4619632029092,170.98561096191406,237.8875427246094,255.56948852539062,239.43463134765625,254.16819763183597,160.29255676269528,171.3786163330078,149.38151550292966,53.9120094150467,-2.078938591665083,215.39423886741957,14.29153905336684,39.60295755049091,196.4619632029092,0.05667682009030543,-0.011061745956554346,1.0
1758349656,358276123,camera_color_optical_frame,tag36h11,0,0,0.0,138.13507080078125,215.45845024659548,196.39365955531466,170.96797180175778,237.8689117431641,255.66477966308594,239.42541503906247,254.2293395996094,160.25036621093747,171.52938842773438,149.3775634765625,53.87686467450476,-2.3581547553274236,215.45845024659548,14.245301130441383,39.38029289651453,196.39365955531466,0.05647065915942396,-0.012223733487478499,1.0
1758349656,391632568,camera_color_optical_frame,tag36h11,0,0,0.0,137.3468780517578,215.39011332035085,196.61970961633008,170.96955871582034,238.01089477539065,255.49041748046878,239.56205749511716,254.12252807617188,160.52874755859375,171.44038391113278,149.55511474609378,53.95870821445547,-2.1571444332912693,215.39011332035085,14.402112908211272,39.51198826663307,196.61970961633008,0.05710247233251922,-0.011303261010079809,1.0
1758349656,424987793,camera_color_optical_frame,tag36h11,0,0,0.0,138.24368286132812,214.71229754896467,196.84677949959922,170.3624725341797,238.08683776855463,254.65925598144528,239.69302368164062,253.59365844726562,160.6917419433594,170.7943878173828,149.74137878417966,53.77395990852176,-1.7690381654756964,214.71229754896467,14.29915674973335,39.896408603505904,196.84677949959922,0.056525753160612494,-0.009176351843567965,1.0
1758349656,458343994,camera_color_optical_frame,tag36h11,0,0,0.0,137.6309356689453,213.116655080772,196.69645469949685,168.76530456542966,237.99041748046875,253.04092407226568,239.59056091308597,251.84378051757812,160.63900756835938,169.19824218749997,149.51109313964844,53.87757614304098,-1.89880411009283,213.116655080772,14.562652051876675,39.745201387855815,196.69645469949685,0.05766814573194493,-0.010029594435744816,1.0
1758349656,558410645,camera_color_optical_frame,tag36h11,0,0,0.0,138.72805786132812,205.77030119578214,197.1701531888198,161.27798461914065,238.27586364746094,245.3296661376953,240.03158569335935,244.42921447753903,161.45382690429685,162.03381347656253,149.78292846679685,53.83439970246789,-1.9722357179449161,205.77030119578214,15.25443594158019,39.644107317461135,197.1701531888198,0.060151085803663296,-0.01000305749425913,1.0
1758349656,591766846,camera_color_optical_frame,tag36h11,0,0,0.0,138.7980499267578,204.10001824123384,197.42384814311222,159.76951599121088,238.47766113281247,243.75334167480466,240.2108612060547,242.5315399169922,161.8329925537109,160.2372894287109,150.09477233886716,53.82868294977547,-1.889618033117945,204.10001824123384,15.419112781293556,39.47509242075978,197.42384814311222,0.06083938426993765,-0.010437033275803245,1.0
1758349656,625122070,camera_color_optical_frame,tag36h11,0,0,0.0,138.56809997558594,202.72277592748614,197.48467513057108,158.2384185791016,238.5482482910156,242.35253906250006,240.3806915283203,241.05528259277344,162.09988403320315,159.12467956542963,150.2932586669922,53.71196616439258,-2.5267498526246657,202.72277592748614,15.50692920205119,38.850521997645416,197.48467513057108,0.06098146569023759,-0.013301118616283565,1.0
1758349656,658478027,camera_color_optical_frame,tag36h11,0,0,0.0,139.49781799316406,201.81009378263886,197.66573118480304,157.6771392822266,238.56176757812506,241.28414916992193,240.40290832519534,240.10760498046875,162.17713928222656,158.02427673339838,150.26036071777347,53.632335591535565,-1.66294825641602,201.81009378263886,15.589587652155124,39.597284800104234,197.66573118480304,0.061289552139784896,-0.009502760546455826,1.0
1758349656,691833252,camera_color_optical_frame,tag36h11,0,0,0.0,139.57281494140625,201.2231235314201,197.70322157060855,157.00384521484372,238.52044677734375,240.67630004882812,240.35554504394534,239.75111389160153,162.13941955566406,157.21258544921878,150.12399291992188,53.80633700556493,-1.2115345173864867,201.2231235314201,15.682223494399999,40.094211793549874,197.70322157060855,0.06169103617157546,-0.0070881277501634666,1.0
1758349656,725189209,camera_color_optical_frame,tag36h11,0,0,0.0,139.0584259033203,199.97450709723526,197.4062735270497,155.66690063476562,238.35984802246094,239.31867980957026,240.1156768798828,238.45330810546878,161.84027099609375,156.0897064208985,149.7678680419922,53.8340862536316,-1.4336778867159594,199.97450709723526,15.8189640936097,39.99015577193967,197.4062735270497,0.06248180813377761,-0.007925951211243688,1.0
1758349656,791900146,camera_color_optical_frame,tag36h11,0,0,0.0,139.6893310546875,194.52856231028113,196.85957212899962,150.1055450439453,237.91407775878903,234.05361938476562,239.973388671875,232.68359374999997,161.59776306152347,150.76332092285156,149.12057495117188,53.62848566589787,-2.188109477061677,194.52856231028113,16.16728690511055,39.16321533779316,196.85957212899962,0.06340613961966712,-0.012497637774353379,1.0
1758349656,825255127,camera_color_optical_frame,tag36h11,0,0,0.0,140.04885864257812,192.68869031726317,197.16543602972666,148.07112121582028,238.1633911132812,232.0541076660156,240.1209564208984,230.96783447265628,161.99169921875003,148.8886566162109,149.37086486816406,53.83926890674658,-2.1000722123163387,192.68869031726317,16.485936673512803,39.27351018510859,197.16543602972666,0.0648922678522424,-0.011569448143802846,1.0
1758349656,858611084,camera_color_optical_frame,tag36h11,0,0,0.0,140.4068603515625,191.5550252537647,197.30196459931793,147.10780334472662,238.2636108398438,230.89654541015628,240.17367553710938,229.64263916015622,162.2012023925781,147.68360900878903,149.49388122558594,53.84666959140833,-1.935741321882763,191.5550252537647,16.671784885271755,39.27435702979912,197.30196459931793,0.06574551187791419,-0.011308109660370635,1.0
1758349656,891966064,camera_color_optical_frame,tag36h11,0,0,0.0,140.60765075683594,190.3708826781097,197.38602793102373,146.02250671386713,238.2705078125,229.70997619628906,240.17837524414062,228.480712890625,162.25282287597653,146.30212402343747,149.44883728027344,53.88043538749966,-1.5155746589541834,190.3708826781097,16.77704752641005,39.63468043659552,197.38602793102373,0.06618116896773549,-0.009475894664648783,1.0
1758349656,925322021,camera_color_optical_frame,tag36h11,0,0,0.0,140.44305419921875,189.2932307788251,197.47687269367776,144.94996643066406,238.16361999511724,228.43136596679682,240.15248107910156,227.71742248535153,162.22111511230463,145.0855102539063,149.27346801757815,53.8709812989683,-0.8383063825509013,189.2932307788251,16.814249245172554,40.468846054825775,197.47687269367776,0.06617018832214397,-0.005344304496429496,1.0
1758349656,958676758,camera_color_optical_frame,tag36h11,0,0,0.0,140.0847930908203,188.25724086127119,197.11153530758324,143.8850250244141,237.8823547363281,227.58346557617188,240.02290344238278,226.51524353027347,161.95867919921878,144.08694458007812,148.91448974609372,53.77425377468225,-1.244717336082478,188.25724086127119,16.83380700587133,40.00254995425399,197.11153530758324,0.06600506555329656,-0.007989815235035037,1.0
1758349656,992032715,camera_color_optical_frame,tag36h11,0,0,0.0,140.8787384033203,186.5575222356902,196.7211976994362,141.95086669921875,237.6765289306641,225.8349151611328,239.78350830078122,224.70947265625,161.69221496582028,142.66130065917966,148.594970703125,53.74828326005121,-1.9297403220257836,186.5575222356902,16.98007922515469,39.397979944111654,196.7211976994362,0.0667633729903153,-0.011230994378112244,1.0
1758349657,25387451,camera_color_optical_frame,tag36h11,0,0,0.0,140.66018676757812,184.08637351935047,196.86286881265315,139.74713134765628,237.7279510498046,223.3578033447266,239.89314270019528,222.0785827636719,161.84750366210943,139.97929382324216,148.5341033935547,53.668944719938054,-1.4435758151802718,184.08637351935047,17.202430270662084,39.740772153805096,196.86286881265315,0.0675437943234362,-0.009547436527112608,1.0
1758349657,58747559,camera_color_optical_frame,tag36h11,0,0,0.0,141.7216033935547,181.45884399116758,197.05005402011682,136.93803405761716,237.84837341308594,220.6736602783203,240.0948638916016,219.56455993652347,162.13044738769528,137.28456115722656,148.5614013671875,53.74587365635227,-1.4067563821078766,181.45884399116758,17.496153539840854,39.828010085027756,197.05005402011682,0.06855672126171738,-0.00908292193950142,1.0
1758349657,92093750,camera_color_optical_frame,tag36h11,0,0,0.0,141.1092071533203,179.0275008707216,196.86525230949664,134.18730163574222,237.79615783691403,218.20484924316406,240.0804901123047,217.11366271972653,162.09954833984375,135.09283447265625,148.4023742675781,53.71830182857735,-2.0509438534415567,179.0275008707216,17.697047260550242,39.26035822241053,196.86525230949664,0.06934301996885943,-0.01210318480472584,1.0
1758349657,125440918,camera_color_optical_frame,tag36h11,0,0,0.0,142.10882568359375,176.9149649019955,196.8472716331304,132.23873901367185,237.73675537109372,216.28387451171872,240.0637054443359,214.95660400390628,162.030029296875,132.4856109619141,148.07583618164062,53.85635219219236,-1.4264021723629312,176.9149649019955,17.946134642880445,39.767365881629274,196.8472716331304,0.07029791908538785,-0.009909503908377028,1.0
1758349657,158787109,camera_color_optical_frame,tag36h11,0,0,0.0,141.75656127929688,174.9105907035769,196.69139782706145,129.98249816894534,237.69635009765622,214.21505737304688,240.05189514160156,212.95761108398438,161.96665954589844,130.68316650390625,147.89991760253903,53.81835093301882,-1.8891056454150899,174.9105907035769,18.107511573291696,39.4004601073874,196.69139782706145,0.07093220801527508,-0.011997141671417699,1.0
1758349657,192134277,camera_color_optical_frame,tag36h11,0,0,0.0,142.12693786621094,173.2398168206868,196.5908384531859,128.02644348144526,237.6487274169922,212.53642272949216,240.04930114746094,211.43019104003906,161.9104766845703,129.00575256347656,147.67199707031253,53.92667628165162,-2.0671430952343615,173.2398168206868,18.300473503396994,39.34718968003557,196.5908384531859,0.07165718257857782,-0.012547656238231578,1.0
1758349657,225480225,camera_color_optical_frame,tag36h11,0,0,0.0,141.779541015625,171.1976456895709,196.61166673571083,126.23848724365234,237.48942565917966,210.32652282714844,239.89443969726562,209.56556701660156,161.72679138183594,126.47905731201173,147.14578247070312,54.047533127011945,-0.8971882981906746,171.1976456895709,18.591616539325308,40.683776327273875,196.61166673571083,0.0728830096568703,-0.006217771707936423,1.0
1758349657,258827393,camera_color_optical_frame,tag36h11,0,0,0.0,142.5761260986328,168.45841657248525,196.1101889617137,123.18804168701175,237.24943542480466,207.76496887207034,239.69891357421872,206.6526184082031,161.40138244628906,123.8817291259765,146.67718505859375,54.03706717072038,-1.6772581291866586,168.45841657248525,18.811594238821492,39.83670214190107,196.1101889617137,0.07380379392431675,-0.010976760027249925,1.0
1758349657,292173584,camera_color_optical_frame,tag36h11,0,0,0.0,142.6014862060547,164.91467753617275,195.97261537418038,119.76902008056642,237.15963745117185,204.20806884765628,239.5758209228516,202.98956298828128,161.23635864257812,120.08295440673828,146.2236175537109,54.02953195694846,-1.2922118889033427,164.91467753617275,19.169311389318118,40.20623991658363,195.97261537418038,0.07539936295134109,-0.009564898953784432,1.0
1758349657,325520508,camera_color_optical_frame,tag36h11,0,0,0.0,143.6815185546875,160.65188908718213,196.11042690872148,115.51800537109371,237.17547607421884,199.76748657226557,239.73390197753903,198.7887115478516,161.41165161132807,115.74948883056646,146.03324890136722,53.85767531554296,-0.9829419782530423,160.65188908718213,19.499816053269278,40.63551178141504,196.11042690872148,0.07645181807072329,-0.007576066123826137,1.0
1758349657,358866455,camera_color_optical_frame,tag36h11,0,0,0.0,143.72885131835938,156.63376358770213,196.0879175870375,111.0948257446289,237.24955749511716,195.83549499511716,239.9240570068359,194.7000427246094,161.68064880371094,111.87873840332036,146.04197692871094,53.81191782306607,-1.6567079844481796,156.63376358770213,19.874818503878366,39.83102368682081,196.0879175870375,0.07776249182523373,-0.01161780017203868,1.0
1758349657,392213623,camera_color_optical_frame,tag36h11,0,0,0.0,143.89756774902344,152.17291067800207,196.63983729305747,106.95629882812499,237.7242736816406,191.25537109374991,240.33908081054685,190.08999633789062,162.18785095214844,107.17128753662116,146.32220458984375,53.57695028105758,-1.0309232096050964,152.17291067800207,20.2034790670998,40.414616014968296,196.63983729305747,0.07910020944692654,-0.008704452304477467,1.0
1758349657,425559570,camera_color_optical_frame,tag36h11,0,0,0.0,144.79290771484375,147.50531651120528,196.76048595510272,102.05811309814452,237.8807220458984,186.62593078613278,240.53916931152344,185.4307556152344,162.44587707519534,102.30902099609382,146.1826934814453,53.611595805555424,-1.0431491867635616,147.50531651120528,20.726205956362826,40.38517284815544,196.76048595510272,0.08113814932573023,-0.009080465341422905,1.0
1758349657,458906494,camera_color_optical_frame,tag36h11,0,0,0.0,144.77362060546875,143.21480295014433,196.32771753886036,97.4286346435547,237.66970825195312,182.4322662353515,240.40985107421872,181.0717315673828,162.14532470703128,98.04690551757818,145.55703735351568,53.55196585199869,-1.470290369873358,143.21480295014433,21.11168765866352,39.922947768319865,196.32771753886036,0.08265674998878954,-0.012141744817926231,1.0
1758349657,492252441,camera_color_optical_frame,tag36h11,0,0,0.0,145.0890350341797,138.00744267076993,195.9651203656381,92.14910125732422,237.29010009765625,177.10369873046878,240.21730041503906,176.00294494628906,161.72569274902347,92.72469329833983,144.71058654785162,53.29007229781213,-1.208941123209077,138.00744267076993,21.394870989935036,40.469542280386726,195.9651203656381,0.08354315119451523,-0.010225229502401335,1.0
1758349657,525599365,camera_color_optical_frame,tag36h11,0,0,0.0,146.28274536132812,132.2807781793171,195.73154841276755,86.32645416259768,237.14305114746088,171.4385070800781,240.15203857421875,170.21031188964844,161.55154418945315,86.71955108642584,144.04693603515622,53.164363573650306,-1.0484229329919303,132.2807781793171,21.9236652005442,40.648761877618234,195.73154841276755,0.0856253385843097,-0.01004015086539968,1.0
1758349657,558945068,camera_color_optical_frame,tag36h11,0,0,0.0,146.6621551513672,126.14139395273673,195.7021285029541,79.86359405517577,237.1714172363281,165.43222045898435,240.25006103515622,164.13468933105472,161.6565399169922,80.29913330078128,143.7261810302734,53.07535481697482,-1.053657927732691,126.14139395273673,22.4414662777367,40.59495887131579,195.7021285029541,0.0876314936626778,-0.010676289001377445,1.0
1758349657,592291992,camera_color_optical_frame,tag36h11,0,0,0.0,147.91824340820312,119.97435114660827,195.68314005847353,73.81481170654298,237.12760925292972,159.0961151123047,240.26171874999997,157.87208557128903,161.65655517578122,73.98262023925778,143.27635192871094,52.68895027277432,-0.7256850504629614,119.97435114660827,22.916837315541322,41.05455408587867,195.68314005847353,0.08950158623600639,-0.008786219631672827,1.0
1758349657,625637939,camera_color_optical_frame,tag36h11,0,0,0.0,147.97169494628906,112.8259164390622,195.53457442758543,66.5316619873047,237.0876617431641,151.94297790527344,240.28741455078128,150.640869140625,161.5923919677734,66.76052093505861,142.83232116699222,52.256281543613866,-0.745229545386157,112.8259164390622,23.350759621980124,41.00232779110207,195.53457442758543,0.09119150748605981,-0.00962149547969177,1.0
1758349657,658984619,camera_color_optical_frame,tag36h11,0,0,0.0,149.28787231445312,104.74978335286707,195.39490040351163,58.003074645996065,236.99270629882812,143.93589782714844,240.28631591796875,142.81463623046878,161.5226898193359,58.16080093383788,142.02279663085935,52.14642938346604,-0.5378463522742625,104.74978335286707,24.145874888766762,41.48358616684795,195.39490040351163,0.09433599039279307,-0.008030428372202037,1.0
1758349657,692330566,camera_color_optical_frame,tag36h11,0,0,0.0,149.8153076171875,96.867220034899,195.21547908019198,49.770950317382805,236.9272766113281,136.16970825195312,240.30203247070312,135.01387023925778,161.4300994873047,50.04855346679686,141.5066070556641,51.754164614765074,-0.5675369457367101,96.867220034899,24.610943719254998,41.44784278488414,195.21547908019198,0.09613203298785407,-0.008857560533340475,1.0
1758349657,725677246,camera_color_optical_frame,tag36h11,0,0,0.0,150.3209991455078,88.99901679798563,195.16014054463366,41.75724792480469,236.87930297851565,128.15478515625,240.32757568359375,127.26779174804689,161.3650207519531,42.015727996826165,140.9634094238281,51.21241410315447,-0.41112472637229786,88.99901679798563,25.071898137231948,41.93428325330522,195.16014054463366,0.09790255178626879,-0.007031805100382256,1.0
1758349657,792369629,camera_color_optical_frame,tag36h11,0,0,0.0,152.41452026367188,71.57471529607439,195.17930957004785,23.843217849731445,237.2170104980469,111.04006195068357,240.75202941894528,109.74901580810547,161.55874633789062,23.975360870361364,140.21382141113284,50.111676882289,-0.2724276517385299,71.57471529607439,26.209062611138698,41.855882604685554,195.17930957004785,0.10233846118588014,-0.008913598179691768,1.0
1758349657,892407715,camera_color_optical_frame,
1758349657,925754150,camera_color_optical_frame,
1758349657,959099854,camera_color_optical_frame,
1758349658,25791992,camera_color_optical_frame,
1758349658,59143311,camera_color_optical_frame,
1758349658,92479736,camera_color_optical_frame,
1758349658,125817139,camera_color_optical_frame,
1758349658,192490479,camera_color_optical_frame,
1758349658,225826416,camera_color_optical_frame,
1758349658,292499023,camera_color_optical_frame,
1758349658,325835449,camera_color_optical_frame,
1758349658,359170898,camera_color_optical_frame,
1758349658,392507080,camera_color_optical_frame,
1758349658,625852295,camera_color_optical_frame,
1758349658,659187500,camera_color_optical_frame,
1758349658,692521240,camera_color_optical_frame,
1758349658,725855957,camera_color_optical_frame,
1758349658,759189697,camera_color_optical_frame,
1758349658,925858398,camera_color_optical_frame,
1758349658,959191162,camera_color_optical_frame,
1758349658,992524658,camera_color_optical_frame,
1758349659,25856934,camera_color_optical_frame,
1758349659,59188721,camera_color_optical_frame,
1758349659,92524170,camera_color_optical_frame,
1758349659,125860352,camera_color_optical_frame,
1758349659,159195313,camera_color_optical_frame,
1758349659,192531250,camera_color_optical_frame,
1758349659,225866211,camera_color_optical_frame,
1758349659,259201660,camera_color_optical_frame,
1758349659,292536133,camera_color_optical_frame,
1758349659,325871582,camera_color_optical_frame,
1758349659,359205811,camera_color_optical_frame,
1758349659,425874512,camera_color_optical_frame,
1758349659,459209229,camera_color_optical_frame,
1758349659,492542725,camera_color_optical_frame,
1758349659,525877197,camera_color_optical_frame,
1758349659,559210449,camera_color_optical_frame,
1758349659,592544434,camera_color_optical_frame,
1758349659,625877441,camera_color_optical_frame,
1758349659,659211182,camera_color_optical_frame,
1758349659,692543701,camera_color_optical_frame,
1758349659,725877197,camera_color_optical_frame,
1758349659,759209473,camera_color_optical_frame,
1758349659,792542725,camera_color_optical_frame,
1758349659,825874512,camera_color_optical_frame,
1758349659,859207520,camera_color_optical_frame,
1758349659,892539063,camera_color_optical_frame,
1758349659,925871582,camera_color_optical_frame,
1758349659,959202881,camera_color_optical_frame,
1758349659,992535156,camera_color_optical_frame,
1758349660,25913330,camera_color_optical_frame,
1758349660,92671875,camera_color_optical_frame,
1758349660,126052246,camera_color_optical_frame,
1758349660,159432129,camera_color_optical_frame,
1758349660,192813232,camera_color_optical_frame,
1758349660,226193848,camera_color_optical_frame,
1758349660,259575928,camera_color_optical_frame,
1758349660,292957275,camera_color_optical_frame,
1758349660,326340088,camera_color_optical_frame,
1758349660,359722412,camera_color_optical_frame,
1758349660,393106201,camera_color_optical_frame,
1758349660,426489258,camera_color_optical_frame,
1758349660,459873535,camera_color_optical_frame,
1758349660,493257568,camera_color_optical_frame,
1758349660,526642822,camera_color_optical_frame,
1758349660,560027588,camera_color_optical_frame,
1758349660,593413574,camera_color_optical_frame,
1758349660,626799072,camera_color_optical_frame,
1758349660,660186035,camera_color_optical_frame,
1758349660,693572510,camera_color_optical_frame,
1758349660,726960205,camera_color_optical_frame,
1758349660,760347412,camera_color_optical_frame,
1758349660,793735840,camera_color_optical_frame,
1758349660,827123779,camera_color_optical_frame,
1758349660,860513184,camera_color_optical_frame,
1758349660,893902100,camera_color_optical_frame,
1758349660,927292236,camera_color_optical_frame,
1758349660,960681885,camera_color_optical_frame,
1758349660,994072266,camera_color_optical_frame,
1758349661,27428955,camera_color_optical_frame,
1758349661,60775146,camera_color_optical_frame,
1758349661,94120361,camera_color_optical_frame,
1758349661,127466309,camera_color_optical_frame,
1758349661,160811279,camera_color_optical_frame,
1758349661,194157227,camera_color_optical_frame,
1758349661,260847900,camera_color_optical_frame,
1758349661,294192627,camera_color_optical_frame,
1758349661,327538330,camera_color_optical_frame,
1758349661,360882813,camera_color_optical_frame,
1758349661,460917969,camera_color_optical_frame,
1758349661,494262451,camera_color_optical_frame,
1758349661,594296875,camera_color_optical_frame,
1758349661,694329590,camera_color_optical_frame,
1758349661,794362793,camera_color_optical_frame,
1758349661,827706299,camera_color_optical_frame,
1758349661,861050781,camera_color_optical_frame,
1758349661,894394287,camera_color_optical_frame,
1758349662,94457520,camera_color_optical_frame,
1758349662,127803955,camera_color_optical_frame,
1758349662,161149658,camera_color_optical_frame,
1758349662,294533203,camera_color_optical_frame,
1758349662,461262207,camera_color_optical_frame,
1758349662,594643799,camera_color_optical_frame,
1758349662,627988770,camera_color_optical_frame,
1758349662,661334473,camera_color_optical_frame,
1758349662,694679199,camera_color_optical_frame,
1758349662,728024658,camera_color_optical_frame,
1758349662,761369385,camera_color_optical_frame,
1758349662,794714844,camera_color_optical_frame,
1758349662,828059326,camera_color_optical_frame,
1758349662,861404785,camera_color_optical_frame,
1758349662,894749268,camera_color_optical_frame,
1758349662,928094482,camera_color_optical_frame,
1758349662,961438721,camera_color_optical_frame,
1758349662,994776611,camera_color_optical_frame,
1758349663,28123535,camera_color_optical_frame,
1758349663,61471436,camera_color_optical_frame,
1758349663,94818359,camera_color_optical_frame,
1758349663,128166260,camera_color_optical_frame,
1758349663,161512939,camera_color_optical_frame,
1758349663,194860840,camera_color_optical_frame,
1758349663,228207520,camera_color_optical_frame,
1758349663,261555176,camera_color_optical_frame,
1758349663,294901855,camera_color_optical_frame,
1758349663,328249512,camera_color_optical_frame,
1758349663,361596191,camera_color_optical_frame,
1758349663,394943604,camera_color_optical_frame,
1758349663,428290039,camera_color_optical_frame,
1758349663,461637451,camera_color_optical_frame,
1758349663,494983887,camera_color_optical_frame,
1758349663,528331299,camera_color_optical_frame,
1758349663,561677734,camera_color_optical_frame,
1758349663,595024902,camera_color_optical_frame,
1758349663,628371094,camera_color_optical_frame,
1758349663,661718262,camera_color_optical_frame,
1758349663,695064453,camera_color_optical_frame,
1758349663,728411621,camera_color_optical_frame,
1758349663,761757568,camera_color_optical_frame,
1758349663,795104736,camera_color_optical_frame,
1758349663,828450684,camera_color_optical_frame,
1758349663,861797607,camera_color_optical_frame,
1758349663,895143555,camera_color_optical_frame,
1758349663,995083252,camera_color_optical_frame,
1758349664,28466309,camera_color_optical_frame,
1758349664,61850830,camera_color_optical_frame,
1758349664,95234619,camera_color_optical_frame,
1758349664,128619873,camera_color_optical_frame,
1758349664,162004395,camera_color_optical_frame,
1758349664,195390381,camera_color_optical_frame,
1758349664,228775879,camera_color_optical_frame,
1758349664,262162842,camera_color_optical_frame,
1758349664,295549072,camera_color_optical_frame,
1758349664,362323975,camera_color_optical_frame,
1758349664,395712646,camera_color_optical_frame,
1758349664,429100586,camera_color_optical_frame,
1758349664,462489990,camera_color_optical_frame,
1758349664,495878662,camera_color_optical_frame,
1758349664,529269043,camera_color_optical_frame,
1758349664,562658447,camera_color_optical_frame,
1758349664,596049561,camera_color_optical_frame,
1758349664,662832031,camera_color_optical_frame,
1758349664,696223145,camera_color_optical_frame,
1758349664,729615967,camera_color_optical_frame,
1758349664,763008057,camera_color_optical_frame,
1758349664,796401611,camera_color_optical_frame,
1758349664,829794434,camera_color_optical_frame,
1758349664,863188965,camera_color_optical_frame,
1758349664,896582764,camera_color_optical_frame,
1758349664,996768555,camera_color_optical_frame,
1758349665,30164063,camera_color_optical_frame,
1758349665,96939697,camera_color_optical_frame,
1758349665,130289307,camera_color_optical_frame,
1758349665,163638184,camera_color_optical_frame,
1758349665,196987793,camera_color_optical_frame,
1758349665,230336670,camera_color_optical_frame,
1758349665,263686279,camera_color_optical_frame,
1758349665,297034912,camera_color_optical_frame,
1758349665,330384521,camera_color_optical_frame,
1758349665,363733154,camera_color_optical_frame,
1758349665,397082520,camera_color_optical_frame,
1758349665,430431152,camera_color_optical_frame,
1758349665,497128906,camera_color_optical_frame,
1758349665,530478271,camera_color_optical_frame,
1758349665,563826660,camera_color_optical_frame,
1758349665,597176025,camera_color_optical_frame,
1758349665,697221924,camera_color_optical_frame,
1758349665,730571045,camera_color_optical_frame,
1758349665,763919189,camera_color_optical_frame,
1758349665,797268311,camera_color_optical_frame,
1758349665,830616211,camera_color_optical_frame,
1758349665,863965332,camera_color_optical_frame,
1758349665,897313477,camera_color_optical_frame,
1758349665,930662354,camera_color_optical_frame,
1758349665,964010254,camera_color_optical_frame,
1758349665,997359131,camera_color_optical_frame,
1758349666,30707031,camera_color_optical_frame,
1758349666,64054443,camera_color_optical_frame,
1758349666,97404785,camera_color_optical_frame,
1758349666,130756104,camera_color_optical_frame,
1758349666,164106201,camera_color_optical_frame,
1758349666,197457520,camera_color_optical_frame,
1758349666,230807861,camera_color_optical_frame,
1758349666,264159180,camera_color_optical_frame,
1758349666,297509277,camera_color_optical_frame,
1758349666,330860352,camera_color_optical_frame,
1758349666,364210693,camera_color_optical_frame,
1758349666,397561768,camera_color_optical_frame,
1758349666,430911865,camera_color_optical_frame,
1758349666,464262939,camera_color_optical_frame,
1758349666,497613037,camera_color_optical_frame,
1758349666,530964111,camera_color_optical_frame,
1758349666,564313965,camera_color_optical_frame,
1758349666,597665039,camera_color_optical_frame,
1758349666,631014893,camera_color_optical_frame,
1758349666,664365967,camera_color_optical_frame,
1758349666,697715820,camera_color_optical_frame,
1758349666,731066650,camera_color_optical_frame,
1758349666,797767334,camera_color_optical_frame,
1758349666,831117188,camera_color_optical_frame,
1758349666,864468018,camera_color_optical_frame,
1758349666,897817627,camera_color_optical_frame,
1758349666,931168457,camera_color_optical_frame,
1758349666,964518311,camera_color_optical_frame,
1758349666,997868896,camera_color_optical_frame,
1758349667,31218506,camera_color_optical_frame,
1758349667,64566406,camera_color_optical_frame,
1758349667,97920898,camera_color_optical_frame,
1758349667,131276123,camera_color_optical_frame,
1758349667,298050293,camera_color_optical_frame,
1758349667,331405762,camera_color_optical_frame,
1758349667,364760254,camera_color_optical_frame,
1758349667,398115723,camera_color_optical_frame,
1758349667,431470215,camera_color_optical_frame,
1758349667,464825684,camera_color_optical_frame,
1758349667,498179932,camera_color_optical_frame,
1758349667,564889893,camera_color_optical_frame,
1758349667,698309814,camera_color_optical_frame,
1758349667,731665527,camera_color_optical_frame,
1758349667,765020020,camera_color_optical_frame,
1758349667,798375488,camera_color_optical_frame,
1758349667,831729980,camera_color_optical_frame,
1758349667,865085449,camera_color_optical_frame,
1758349667,898439941,camera_color_optical_frame,
1758349667,998505615,camera_color_optical_frame,
1758349668,98568115,camera_color_optical_frame,
1758349668,131918213,camera_color_optical_frame,
1758349668,165267334,camera_color_optical_frame,
1758349668,198617432,camera_color_optical_frame,
1758349668,231966553,camera_color_optical_frame,
1758349668,465413330,camera_color_optical_frame,
1758349668,498762207,camera_color_optical_frame,
1758349668,598810791,camera_color_optical_frame,
1758349668,765555908,camera_color_optical_frame,
1758349668,798905518,camera_color_optical_frame,
1758349668,832254150,camera_color_optical_frame,
1758349668,965650146,camera_color_optical_frame,
1758349669,65691406,camera_color_optical_frame,
1758349669,99048096,camera_color_optical_frame,
1758349669,132405518,camera_color_optical_frame,
1758349669,165761963,camera_color_optical_frame,
1758349669,199119629,camera_color_optical_frame,
1758349669,232476318,camera_color_optical_frame,
1758349669,265833740,camera_color_optical_frame,
1758349669,299190430,camera_color_optical_frame,
1758349669,332548096,camera_color_optical_frame,
1758349669,365904785,camera_color_optical_frame,
1758349669,399262451,camera_color_optical_frame,
1758349669,432619141,camera_color_optical_frame,
1758349669,465977051,camera_color_optical_frame,
1758349669,499333740,camera_color_optical_frame,
1758349669,532691406,camera_color_optical_frame,
1758349669,566048340,camera_color_optical_frame,
1758349669,599406250,camera_color_optical_frame,
1758349669,632762939,camera_color_optical_frame,
1758349669,666120850,camera_color_optical_frame,
1758349669,699477783,camera_color_optical_frame,
1758349669,732835693,camera_color_optical_frame,
1758349669,766192627,camera_color_optical_frame,
1758349669,799550537,camera_color_optical_frame,
1758349669,832907471,camera_color_optical_frame,
1758349669,866265625,camera_color_optical_frame,
1758349669,899622559,camera_color_optical_frame,
1758349669,932980469,camera_color_optical_frame,
1758349669,966337646,camera_color_optical_frame,
1758349669,999695801,camera_color_optical_frame,
1758349670,33066162,camera_color_optical_frame,
1758349670,66416748,camera_color_optical_frame,
1758349670,99766113,camera_color_optical_frame,
1758349670,133116699,camera_color_optical_frame,
1758349670,166466064,camera_color_optical_frame,
1758349670,199816406,camera_color_optical_frame,
1758349670,233165771,camera_color_optical_frame,
1758349670,266516113,camera_color_optical_frame,
1758349670,299865234,camera_color_optical_frame,
1758349670,333215576,camera_color_optical_frame,
1758349670,366564697,camera_color_optical_frame,
1758349670,399915039,camera_color_optical_frame,
1758349670,433264160,camera_color_optical_frame,
1758349670,466614258,camera_color_optical_frame,
1758349670,499963379,camera_color_optical_frame,
1758349670,533313477,camera_color_optical_frame,
1758349670,566662354,camera_color_optical_frame,
1758349670,700060303,camera_color_optical_frame,
1758349670,733410156,camera_color_optical_frame,
1758349670,766759033,camera_color_optical_frame,
1758349670,800108887,camera_color_optical_frame,
1758349670,833457520,camera_color_optical_frame,
1758349670,866807373,camera_color_optical_frame,
1758349670,900156006,camera_color_optical_frame,
1758349671,66902588,camera_color_optical_frame,
1758349671,100250488,camera_color_optical_frame,
1758349671,133599609,camera_color_optical_frame,
1758349671,166947754,camera_color_optical_frame,
1758349671,200296631,camera_color_optical_frame,
1758349671,233644531,camera_color_optical_frame,
1758349671,300341309,camera_color_optical_frame,
1758349671,333690186,camera_color_optical_frame,
1758349671,367037842,camera_color_optical_frame,
1758349671,400386475,camera_color_optical_frame,
1758349671,433734131,camera_color_optical_frame,
1758349671,467082764,camera_color_optical_frame,
1758349671,500430420,camera_color_optical_frame,
1758349671,533779053,camera_color_optical_frame,
1758349671,567126465,camera_color_optical_frame,
1758349671,600475098,camera_color_optical_frame,
1758349671,633822510,camera_color_optical_frame,
1758349671,667170898,camera_color_optical_frame,
1758349671,700518311,camera_color_optical_frame,
1758349671,733866455,camera_color_optical_frame,
1758349671,767213867,camera_color_optical_frame,
1758349671,800562012,camera_color_optical_frame,
1758349671,833909180,camera_color_optical_frame,
1758349671,867257324,camera_color_optical_frame,
1758349671,900604492,camera_color_optical_frame,
1758349671,933952637,camera_color_optical_frame,
1758349671,967299561,camera_color_optical_frame,
1758349672,647461,camera_color_optical_frame,
1758349672,33994385,camera_color_optical_frame,
1758349672,67318604,camera_color_optical_frame,
1758349672,100697754,camera_color_optical_frame,
1758349672,134078125,camera_color_optical_frame,
1758349672,167457520,camera_color_optical_frame,
1758349672,200838379,camera_color_optical_frame,
1758349672,234218506,camera_color_optical_frame,
1758349672,300980469,camera_color_optical_frame,
1758349672,334362061,camera_color_optical_frame,
1758349672,401125488,camera_color_optical_frame,
1758349672,434506836,camera_color_optical_frame,
1758349672,467889648,camera_color_optical_frame,
1758349672,501271484,camera_color_optical_frame,
1758349672,534654785,camera_color_optical_frame,
1758349672,568037109,camera_color_optical_frame,
1758349672,601420654,camera_color_optical_frame,
1758349672,634803711,camera_color_optical_frame,
1758349672,668187744,camera_color_optical_frame,
1758349672,734955566,camera_color_optical_frame,
1758349672,768339355,camera_color_optical_frame,
1758349672,801724609,camera_color_optical_frame,
1758349672,835108887,camera_color_optical_frame,
1758349672,868494385,camera_color_optical_frame,
1758349672,901879150,camera_color_optical_frame,
1758349672,935265137,camera_color_optical_frame,
1758349672,968650146,camera_color_optical_frame,
1758349673,2036621,camera_color_optical_frame,
1758349673,35422363,camera_color_optical_frame,
1758349673,102185547,camera_color_optical_frame,
1758349673,135535889,camera_color_optical_frame,
1758349673,168885254,camera_color_optical_frame,
1758349673,202235596,camera_color_optical_frame,
1758349673,235584961,camera_color_optical_frame,
1758349673,268935303,camera_color_optical_frame,
1758349673,302284668,camera_color_optical_frame,
1758349673,335635010,camera_color_optical_frame,
1758349673,368984131,camera_color_optical_frame,
1758349673,402334473,camera_color_optical_frame,
1758349673,435683594,camera_color_optical_frame,
1758349673,469033936,camera_color_optical_frame,
1758349673,535733154,camera_color_optical_frame,
1758349673,569082275,camera_color_optical_frame,
1758349673,602432373,camera_color_optical_frame,
1758349673,635781494,camera_color_optical_frame,
1758349673,735830811,camera_color_optical_frame,
1758349673,769179688,camera_color_optical_frame,
1758349673,802529785,camera_color_optical_frame,
1758349673,835878662,camera_color_optical_frame,
1758349673,869228516,camera_color_optical_frame,
1758349673,902577393,camera_color_optical_frame,
1758349673,935927246,camera_color_optical_frame,
1758349673,969276123,camera_color_optical_frame,
1758349674,2625977,camera_color_optical_frame,
1758349674,35974854,camera_color_optical_frame,
1758349674,69324707,camera_color_optical_frame,
1758349674,102700195,camera_color_optical_frame,
1758349674,169452393,camera_color_optical_frame,
1758349674,202829102,camera_color_optical_frame,
1758349674,236205078,camera_color_optical_frame,
1758349674,269582275,camera_color_optical_frame,
1758349674,302958496,camera_color_optical_frame,
1758349674,336335938,camera_color_optical_frame,
1758349674,369712402,camera_color_optical_frame,
1758349674,603355957,camera_color_optical_frame,
1758349674,636733643,camera_color_optical_frame,
1758349674,670112305,camera_color_optical_frame,
1758349674,703490234,camera_color_optical_frame,
1758349674,736869385,camera_color_optical_frame,
1758349674,770247559,camera_color_optical_frame,
1758349674,803626709,camera_color_optical_frame,
1758349674,837005371,camera_color_optical_frame,
1758349674,870385010,camera_color_optical_frame,
1758349674,970522705,camera_color_optical_frame,
1758349675,3902832,camera_color_optical_frame,
1758349675,37281982,camera_color_optical_frame,
1758349675,70662109,camera_color_optical_frame,
1758349675,104018066,camera_color_optical_frame,
1758349675,137364502,camera_color_optical_frame,
1758349675,170709961,camera_color_optical_frame,
1758349675,204056396,camera_color_optical_frame,
1758349675,237401611,camera_color_optical_frame,
1758349675,270747803,camera_color_optical_frame,
1758349675,337438965,camera_color_optical_frame,
1758349675,404129883,camera_color_optical_frame,
1758349675,437474854,camera_color_optical_frame,
1758349675,470820557,camera_color_optical_frame,
1758349675,504165527,camera_color_optical_frame,
1758349675,537511230,camera_color_optical_frame,
1758349675,570855713,camera_color_optical_frame,
1758349675,604201416,camera_color_optical_frame,
1758349675,637545898,camera_color_optical_frame,
1758349675,670891357,camera_color_optical_frame,
1758349675,704235596,camera_color_optical_frame,
1758349675,737581055,camera_color_optical_frame,
1758349675,770925293,camera_color_optical_frame,
1758349675,804270508,camera_color_optical_frame,
1758349675,837614502,camera_color_optical_frame,
1758349675,870959717,camera_color_optical_frame,
1758349675,904303711,camera_color_optical_frame,
1758349675,937648682,camera_color_optical_frame,
1758349675,970992432,camera_color_optical_frame,
1758349676,4337158,camera_color_optical_frame,
1758349676,37680908,camera_color_optical_frame,
1758349676,71025635,camera_color_optical_frame,
1758349676,104370361,camera_color_optical_frame,
1758349676,171063477,camera_color_optical_frame,
1758349676,237756348,camera_color_optical_frame,
1758349676,271103271,camera_color_optical_frame,
1758349676,304448975,camera_color_optical_frame,
1758349676,337795898,camera_color_optical_frame,
1758349676,371141602,camera_color_optical_frame,
1758349676,404488281,camera_color_optical_frame,
1758349676,437833740,camera_color_optical_frame,
1758349676,471180420,camera_color_optical_frame,
1758349676,504525879,camera_color_optical_frame,
1758349676,537872314,camera_color_optical_frame,
1758349676,571217773,camera_color_optical_frame,
1758349676,671255371,camera_color_optical_frame,
1758349676,804637695,camera_color_optical_frame,
1758349676,837982666,camera_color_optical_frame,
1758349676,904673584,camera_color_optical_frame,
1758349676,938019287,camera_color_optical_frame,
1758349677,38054199,camera_color_optical_frame,
1758349677,71399902,camera_color_optical_frame,
1758349677,104744385,camera_color_optical_frame,
1758349677,138093506,camera_color_optical_frame,
1758349677,171441406,camera_color_optical_frame,
1758349677,204790283,camera_color_optical_frame,
1758349677,238138184,camera_color_optical_frame,
1758349677,271487061,camera_color_optical_frame,
1758349677,304834717,camera_color_optical_frame,
1758349677,338183594,camera_color_optical_frame,
1758349677,371531250,camera_color_optical_frame,
1758349677,404880127,camera_color_optical_frame,
1758349677,471576172,camera_color_optical_frame,
1758349677,504923828,camera_color_optical_frame,
1758349677,538272461,camera_color_optical_frame,
1758349677,571619873,camera_color_optical_frame,
1758349677,604968262,camera_color_optical_frame,
1758349677,638315674,camera_color_optical_frame,
1758349677,671664063,camera_color_optical_frame,
1758349677,705011475,camera_color_optical_frame,
1758349677,738359619,camera_color_optical_frame,
1758349677,805055176,camera_color_optical_frame,
1758349677,838402344,camera_color_optical_frame,
1758349677,871750488,camera_color_optical_frame,
1758349677,905097412,camera_color_optical_frame,
1758349677,938445557,camera_color_optical_frame,
1758349677,971792480,camera_color_optical_frame,
1758349678,5140625,camera_color_optical_frame,
1758349678,38487549,camera_color_optical_frame,
1758349678,171874023,camera_color_optical_frame,
1758349678,205220215,camera_color_optical_frame,
1758349678,305256836,camera_color_optical_frame,
1758349678,338602783,camera_color_optical_frame,
1758349678,371947754,camera_color_optical_frame,
1758349678,405293701,camera_color_optical_frame,
1758349678,471984375,camera_color_optical_frame,
1758349678,505329102,camera_color_optical_frame,
1758349678,538674561,camera_color_optical_frame,
1758349678,572019287,camera_color_optical_frame,
1758349678,605364746,camera_color_optical_frame,
1758349678,638709229,camera_color_optical_frame,
1758349678,672054688,camera_color_optical_frame,
1758349678,705398926,camera_color_optical_frame,
1758349678,738744385,camera_color_optical_frame,
1758349678,772088623,camera_color_optical_frame,
1758349678,805433594,camera_color_optical_frame,
1758349678,838777832,camera_color_optical_frame,
1758349678,872122803,camera_color_optical_frame,
1758349678,905466797,camera_color_optical_frame,
1758349678,938811768,camera_color_optical_frame,
1758349678,972155518,camera_color_optical_frame,
1758349679,5500488,camera_color_optical_frame,
1758349679,38844238,camera_color_optical_frame,
1758349679,72188721,camera_color_optical_frame,
1758349679,105532471,camera_color_optical_frame,
1758349679,138878662,camera_color_optical_frame,
1758349679,205570068,camera_color_optical_frame,
1758349679,238915039,camera_color_optical_frame,
1758349679,272260986,camera_color_optical_frame,
1758349679,305605957,camera_color_optical_frame,
1758349679,338951904,camera_color_optical_frame,
1758349679,372296631,camera_color_optical_frame,
1758349679,405642578,camera_color_optical_frame,
1758349679,438987061,camera_color_optical_frame,
1758349679,472332764,camera_color_optical_frame,
1758349679,505677246,camera_color_optical_frame,
1758349679,539022949,camera_color_optical_frame,
1758349679,572367432,camera_color_optical_frame,
1758349679,605712646,camera_color_optical_frame,
1758349679,672402344,camera_color_optical_frame,
1758349679,705746582,camera_color_optical_frame,
1758349679,805780762,camera_color_optical_frame,
1758349679,905813477,camera_color_optical_frame,
1758349679,939158203,camera_color_optical_frame,
1758349679,972501953,camera_color_optical_frame,
1758349680,105857422,camera_color_optical_frame,
1758349680,139283936,camera_color_optical_frame,
1758349680,172709717,camera_color_optical_frame,
1758349680,206136963,camera_color_optical_frame,
1758349680,239563721,camera_color_optical_frame,
1758349680,272991943,camera_color_optical_frame,
1758349680,306419678,camera_color_optical_frame,
1758349680,339848633,camera_color_optical_frame,
1758349680,373277344,camera_color_optical_frame,
1758349680,406707520,camera_color_optical_frame,
1758349680,440136963,camera_color_optical_frame,
1758349680,540430664,camera_color_optical_frame,
1758349680,573862061,camera_color_optical_frame,
1758349680,774463867,camera_color_optical_frame,
1758349680,807899902,camera_color_optical_frame,
1758349680,841334961,camera_color_optical_frame,
1758349680,874771729,camera_color_optical_frame,
1758349680,908208008,camera_color_optical_frame,
1758349680,941645752,camera_color_optical_frame,
1758349680,975082764,camera_color_optical_frame,
1758349681,8521484,camera_color_optical_frame,
1758349681,175240479,camera_color_optical_frame,
1758349681,208600586,camera_color_optical_frame,
1758349681,275319824,camera_color_optical_frame,
1758349681,308678955,camera_color_optical_frame,
1758349681,342039063,camera_color_optical_frame,
1758349681,375398193,camera_color_optical_frame,
1758349681,408758301,camera_color_optical_frame,
1758349681,442117676,camera_color_optical_frame,
1758349681,475477783,camera_color_optical_frame,
1758349681,508836914,camera_color_optical_frame,
1758349681,542197266,camera_color_optical_frame,
1758349681,575556396,camera_color_optical_frame,
1758349681,608916748,camera_color_optical_frame,
1758349681,642275879,camera_color_optical_frame,
1758349681,675636230,camera_color_optical_frame,
1758349681,708995361,camera_color_optical_frame,
1758349681,842434570,camera_color_optical_frame,
1758349681,875794922,camera_color_optical_frame,
1758349681,909154053,camera_color_optical_frame,
1758349681,942514404,camera_color_optical_frame,
1758349681,975873779,camera_color_optical_frame,
1758349682,9233398,camera_color_optical_frame,
1758349682,42592041,camera_color_optical_frame,
1758349682,75951416,camera_color_optical_frame,
1758349682,109318848,camera_color_optical_frame,
1758349682,142657715,camera_color_optical_frame,
1758349682,175995605,camera_color_optical_frame,
1758349682,209334473,camera_color_optical_frame,
1758349682,242671875,camera_color_optical_frame,
1758349682,276010498,camera_color_optical_frame,
1758349682,309347900,camera_color_optical_frame,
1758349682,342686035,camera_color_optical_frame,
1758349682,376023193,camera_color_optical_frame,
1758349682,409361084,camera_color_optical_frame,
1758349682,476035645,camera_color_optical_frame,
1758349682,509372314,camera_color_optical_frame,
1758349682,542709717,camera_color_optical_frame,
1758349682,576046143,camera_color_optical_frame,
1758349682,642719482,camera_color_optical_frame,
1758349682,842736572,camera_color_optical_frame,
1758349682,942743896,camera_color_optical_frame,
1758349682,976078613,camera_color_optical_frame,
1758349683,9414551,camera_color_optical_frame,
1758349683,42749023,camera_color_optical_frame,
1758349683,76084473,camera_color_optical_frame,
1758349683,109416748,camera_color_optical_frame,
1758349683,142757813,camera_color_optical_frame,
1758349683,176097656,camera_color_optical_frame,
1758349683,309458740,camera_color_optical_frame,
1758349683,342799072,camera_color_optical_frame,
1758349683,376138428,camera_color_optical_frame,
1758349683,409478760,camera_color_optical_frame,
1758349683,442818115,camera_color_optical_frame,
1758349683,476158203,camera_color_optical_frame,
1758349683,509497070,camera_color_optical_frame,
1758349683,542837158,camera_color_optical_frame,
1758349683,576175781,camera_color_optical_frame,
1758349683,609515625,camera_color_optical_frame,
1758349683,642854248,camera_color_optical_frame,
1758349683,676193848,camera_color_optical_frame,
1758349683,709532227,camera_color_optical_frame,
1758349683,742871582,camera_color_optical_frame,
1758349683,776209717,camera_color_optical_frame,
1758349683,809548828,camera_color_optical_frame,
1758349683,842886963,camera_color_optical_frame,
1758349683,876225830,camera_color_optical_frame,
1758349683,976240234,camera_color_optical_frame,
1758349684,9578857,camera_color_optical_frame,
1758349684,42916260,camera_color_optical_frame,
1758349684,76254639,camera_color_optical_frame,
1758349684,109587158,camera_color_optical_frame,
1758349684,142937256,camera_color_optical_frame,
1758349684,176286133,camera_color_optical_frame,
1758349684,209636230,camera_color_optical_frame,
1758349684,242985107,camera_color_optical_frame,
1758349684,276334717,camera_color_optical_frame,
1758349684,309683594,camera_color_optical_frame,
1758349684,343033203,camera_color_optical_frame,
1758349684,376381836,camera_color_optical_frame,
1758349684,409731445,camera_color_optical_frame,
1758349684,443080078,camera_color_optical_frame,
1758349684,543127441,camera_color_optical_frame,
1758349684,576475586,camera_color_optical_frame,
1758349684,609824951,camera_color_optical_frame,
1758349684,643173096,camera_color_optical_frame,
1758349684,676522217,camera_color_optical_frame,
1758349684,709870361,camera_color_optical_frame,
1758349684,743219482,camera_color_optical_frame,
1758349684,776567383,camera_color_optical_frame,
1758349684,809916504,camera_color_optical_frame,
1758349684,843264404,camera_color_optical_frame,
1758349684,876613037,camera_color_optical_frame,
1758349684,909960938,camera_color_optical_frame,
1758349684,943309570,camera_color_optical_frame,
1758349684,976657227,camera_color_optical_frame,
1758349685,10005859,camera_color_optical_frame,
1758349685,76701904,camera_color_optical_frame,
1758349685,110054443,camera_color_optical_frame,
1758349685,143395752,camera_color_optical_frame,
1758349685,176736084,camera_color_optical_frame,
1758349685,210077393,camera_color_optical_frame,
1758349685,243417725,camera_color_optical_frame,
1758349685,276758789,camera_color_optical_frame,
1758349685,310098877,camera_color_optical_frame,
1758349685,343439697,camera_color_optical_frame,
1758349685,376779541,camera_color_optical_frame,
1758349685,410120361,camera_color_optical_frame,
1758349685,443459961,camera_color_optical_frame,
1758349685,476800537,camera_color_optical_frame,
1758349685,510140137,camera_color_optical_frame,
1758349685,543480469,camera_color_optical_frame,
1758349685,576819824,camera_color_optical_frame,
1758349685,610159912,camera_color_optical_frame,
1758349685,643499268,camera_color_optical_frame,
1758349685,743518066,camera_color_optical_frame,
1758349685,776856934,camera_color_optical_frame,
1758349685,810196533,camera_color_optical_frame,
1758349685,843535156,camera_color_optical_frame,
1758349685,876874756,camera_color_optical_frame,
1758349685,910213135,camera_color_optical_frame,
1758349685,943552490,camera_color_optical_frame,
1758349685,976890869,camera_color_optical_frame,
1758349686,110241211,camera_color_optical_frame,
1758349686,276969727,camera_color_optical_frame,
1758349686,310314697,camera_color_optical_frame,
1758349686,343660400,camera_color_optical_frame,
1758349686,377005127,camera_color_optical_frame,
1758349686,410350830,camera_color_optical_frame,
1758349686,443695313,camera_color_optical_frame,
1758349686,477041016,camera_color_optical_frame,
1758349686,510385254,camera_color_optical_frame,
1758349686,543730713,camera_color_optical_frame,
1758349686,577074951,camera_color_optical_frame,
1758349686,610420166,camera_color_optical_frame,
1758349686,643764404,camera_color_optical_frame,
1758349686,677109375,camera_color_optical_frame,
1758349686,710453369,camera_color_optical_frame,
1758349687,43894043,camera_color_optical_frame,
1758349687,77238281,camera_color_optical_frame,
1758349687,177269775,camera_color_optical_frame,
1758349687,210614014,camera_color_optical_frame,
1758349687,243957031,camera_color_optical_frame,
1758349687,277301025,camera_color_optical_frame,
1758349687,444016846,camera_color_optical_frame,
1758349687,644072998,camera_color_optical_frame,
1758349687,677416016,camera_color_optical_frame,
1758349687,710757813,camera_color_optical_frame,
1758349687,810784668,camera_color_optical_frame,
1758349687,844125977,camera_color_optical_frame,
1758349687,877468506,camera_color_optical_frame,
1758349688,10834717,camera_color_optical_frame,
1758349688,44175781,camera_color_optical_frame,
1758349688,77517578,camera_color_optical_frame,
1758349688,110851563,camera_color_optical_frame,
1758349688,144203857,camera_color_optical_frame,
1758349688,177555176,camera_color_optical_frame,
1758349688,210907715,camera_color_optical_frame,
1758349688,244259277,camera_color_optical_frame,
1758349688,277611572,camera_color_optical_frame,
1758349688,310963135,camera_color_optical_frame,
1758349688,411020020,camera_color_optical_frame,
1758349688,444371582,camera_color_optical_frame,
1758349688,477724365,camera_color_optical_frame,
1758349688,611133545,camera_color_optical_frame,
1758349688,644485352,camera_color_optical_frame,
1758349688,744543213,camera_color_optical_frame,
1758349688,844600342,camera_color_optical_frame,
1758349688,877953613,camera_color_optical_frame,
1758349688,911305664,camera_color_optical_frame,
1758349688,944658936,camera_color_optical_frame,
1758349688,978011230,camera_color_optical_frame,
1758349689,11364258,camera_color_optical_frame,
1758349689,78070068,camera_color_optical_frame,
1758349689,111429199,camera_color_optical_frame,
1758349689,144771973,camera_color_optical_frame,
1758349689,178113770,camera_color_optical_frame,
1758349689,211456299,camera_color_optical_frame,
1758349689,244797852,camera_color_optical_frame,
1758349689,278140381,camera_color_optical_frame,
1758349689,311481689,camera_color_optical_frame,
1758349689,344823975,camera_color_optical_frame,
1758349689,378165283,camera_color_optical_frame,
1758349689,411507324,camera_color_optical_frame,
1758349689,444848145,camera_color_optical_frame,
1758349689,478190186,camera_color_optical_frame,
1758349689,511530762,camera_color_optical_frame,
1758349689,544872559,camera_color_optical_frame,
1758349689,578213135,camera_color_optical_frame,
1758349689,611554443,camera_color_optical_frame,
1758349689,644895020,camera_color_optical_frame,
1758349689,678236084,camera_color_optical_frame,
1758349689,744917480,camera_color_optical_frame,
1758349689,778257324,camera_color_optical_frame,
1758349689,811598145,camera_color_optical_frame,
1758349689,844937988,camera_color_optical_frame,
1758349689,911618164,camera_color_optical_frame,
1758349689,944958740,camera_color_optical_frame,
1758349689,978298096,camera_color_optical_frame,
1758349690,11638428,camera_color_optical_frame,
1758349690,44977539,camera_color_optical_frame,
1758349690,78317627,camera_color_optical_frame,
1758349690,111648193,camera_color_optical_frame,
1758349690,145001221,camera_color_optical_frame,
1758349690,178353271,camera_color_optical_frame,
1758349690,211706299,camera_color_optical_frame,
1758349690,245058350,camera_color_optical_frame,
1758349690,278411377,camera_color_optical_frame,
1758349690,311763672,camera_color_optical_frame,
1758349690,345116943,camera_color_optical_frame,
1758349690,378469482,camera_color_optical_frame,
1758349690,411822754,camera_color_optical_frame,
1758349690,445175293,camera_color_optical_frame,
1758349690,478528809,camera_color_optical_frame,
1758349690,511881592,camera_color_optical_frame,
1758349690,545235352,camera_color_optical_frame,
1758349690,578587891,camera_color_optical_frame,
1758349690,611941895,camera_color_optical_frame,
1758349690,645294678,camera_color_optical_frame,
1758349690,678648682,camera_color_optical_frame,
1758349690,712001709,camera_color_optical_frame,
1758349690,745355713,camera_color_optical_frame,
1758349690,778708984,camera_color_optical_frame,
1758349690,812063232,camera_color_optical_frame,
1758349690,878770752,camera_color_optical_frame,
1758349690,912124268,camera_color_optical_frame,
1758349690,945478760,camera_color_optical_frame,
1758349690,978832275,camera_color_optical_frame,
1758349691,12187012,camera_color_optical_frame,
1758349691,45540527,camera_color_optical_frame,
1758349691,78895264,camera_color_optical_frame,
1758349691,112239502,camera_color_optical_frame,
1758349691,145608887,camera_color_optical_frame,
1758349691,178977295,camera_color_optical_frame,
1758349691,212346680,camera_color_optical_frame,
1758349691,245715332,camera_color_optical_frame,
1758349691,279084961,camera_color_optical_frame,
1758349691,312453857,camera_color_optical_frame,
1758349691,345823486,camera_color_optical_frame,
1758349691,379192383,camera_color_optical_frame,
1758349691,412562500,camera_color_optical_frame,
1758349691,445931396,camera_color_optical_frame,
1758349691,479301514,camera_color_optical_frame,
1758349691,512670898,camera_color_optical_frame,
1758349691,546041016,camera_color_optical_frame,
1758349691,579410400,camera_color_optical_frame,
1758349691,612781006,camera_color_optical_frame,
1758349691,646150391,camera_color_optical_frame,
1758349691,679520996,camera_color_optical_frame,
1758349691,712890625,camera_color_optical_frame,
1758349691,746261475,camera_color_optical_frame,
1758349691,779631348,camera_color_optical_frame,
1758349691,846372070,camera_color_optical_frame,
1758349691,879743164,camera_color_optical_frame,
1758349691,913113281,camera_color_optical_frame,
1758349691,979854736,camera_color_optical_frame,
1758349692,13226074,camera_color_optical_frame,
1758349692,46596680,camera_color_optical_frame,
1758349692,79968018,camera_color_optical_frame,
1758349692,113360840,camera_color_optical_frame,
1758349692,146698975,camera_color_optical_frame,
1758349692,180035889,camera_color_optical_frame,
1758349692,213373779,camera_color_optical_frame,
1758349692,246710693,camera_color_optical_frame,
1758349692,280048340,camera_color_optical_frame,
1758349692,313384766,camera_color_optical_frame,
1758349692,480068115,camera_color_optical_frame,
1758349692,580075928,camera_color_optical_frame,
1758349692,613412109,camera_color_optical_frame,
1758349692,646747314,camera_color_optical_frame,
1758349692,680083496,camera_color_optical_frame,
1758349692,713418457,camera_color_optical_frame,
1758349692,746754150,camera_color_optical_frame,
1758349692,780088867,camera_color_optical_frame,
1758349692,813424316,camera_color_optical_frame,
1758349692,946763184,camera_color_optical_frame,
1758349692,980096924,camera_color_optical_frame,
1758349693,513741455,camera_color_optical_frame,
1758349693,547102783,camera_color_optical_frame,
1758349693,580463135,camera_color_optical_frame,
1758349693,613824463,camera_color_optical_frame,
1758349693,647184570,camera_color_optical_frame,
1758349693,680546143,camera_color_optical_frame,
1758349693,713906494,camera_color_optical_frame,
1758349693,747267822,camera_color_optical_frame,
1758349693,813989746,camera_color_optical_frame,
1758349693,847350098,camera_color_optical_frame,
1758349693,880711670,camera_color_optical_frame,
1758349693,914072266,camera_color_optical_frame,
1758349694,14155762,camera_color_optical_frame,
1758349694,47516602,camera_color_optical_frame,
1758349694,80878174,camera_color_optical_frame,
1758349694,180910400,camera_color_optical_frame,
1758349694,214246338,camera_color_optical_frame,
1758349694,247581299,camera_color_optical_frame,
1758349694,280917236,camera_color_optical_frame,
1758349694,314251709,camera_color_optical_frame,
1758349694,347587158,camera_color_optical_frame,
1758349694,380921631,camera_color_optical_frame,
1758349694,414256836,camera_color_optical_frame,
1758349694,447590820,camera_color_optical_frame,
1758349694,480925781,camera_color_optical_frame,
1758349694,514259521,camera_color_optical_frame,
1758349694,547593994,camera_color_optical_frame,
1758349694,580927490,camera_color_optical_frame,
1758349694,614261719,camera_color_optical_frame,
1758349694,647594971,camera_color_optical_frame,
1758349694,680928955,camera_color_optical_frame,
1758349694,714261963,camera_color_optical_frame,
1758349694,747595459,camera_color_optical_frame,
1758349694,780928223,camera_color_optical_frame,
1758349694,814261475,camera_color_optical_frame,
1758349694,847593750,camera_color_optical_frame,
1758349694,947591797,camera_color_optical_frame,
1758349695,14255859,camera_color_optical_frame,
1758349695,47587402,camera_color_optical_frame,
1758349695,80919678,camera_color_optical_frame,
1758349695,114249512,camera_color_optical_frame,
1758349695,147600098,camera_color_optical_frame,
1758349695,180949463,camera_color_optical_frame,
1758349695,214300049,camera_color_optical_frame,
1758349695,381048340,camera_color_optical_frame,
1758349695,414398438,camera_color_optical_frame,
1758349695,447747559,camera_color_optical_frame,
1758349695,481097656,camera_color_optical_frame,
1758349695,514446533,camera_color_optical_frame,
1758349695,547796387,camera_color_optical_frame,
1758349695,581145264,camera_color_optical_frame,
1758349695,614494873,camera_color_optical_frame,
1758349695,647843750,camera_color_optical_frame,
1758349695,681193359,camera_color_optical_frame,
1758349695,714541992,camera_color_optical_frame,
1758349695,747891602,camera_color_optical_frame,
1758349695,781239990,camera_color_optical_frame,
1758349695,847937744,camera_color_optical_frame,
1758349695,881287109,camera_color_optical_frame,
1758349695,914635498,camera_color_optical_frame,
1758349695,947984619,camera_color_optical_frame,
1758349695,981332764,camera_color_optical_frame,
1758349696,14681885,camera_color_optical_frame,
1758349696,48029785,camera_color_optical_frame,
1758349696,81378906,camera_color_optical_frame,
1758349696,114726807,camera_color_optical_frame,
1758349696,148077637,camera_color_optical_frame,
1758349696,248209473,camera_color_optical_frame,
1758349696,281588135,camera_color_optical_frame,
1758349696,314966309,camera_color_optical_frame,
1758349696,348345947,camera_color_optical_frame,
1758349696,381724854,camera_color_optical_frame,
1758349696,415105225,camera_color_optical_frame,
1758349696,448485107,camera_color_optical_frame,
1758349696,481866211,camera_color_optical_frame,
1758349696,515246826,camera_color_optical_frame,
1758349696,548628662,camera_color_optical_frame,
1758349696,582010254,camera_color_optical_frame,
1758349696,615393066,camera_color_optical_frame,
1758349696,648775146,camera_color_optical_frame,
1758349696,682158691,camera_color_optical_frame,
1758349696,715541748,camera_color_optical_frame,
1758349696,748926025,camera_color_optical_frame,
1758349696,782310059,camera_color_optical_frame,
1758349696,815695068,camera_color_optical_frame,
1758349696,849079834,camera_color_optical_frame,
1758349696,882465820,camera_color_optical_frame,
1758349696,915851318,camera_color_optical_frame,
1758349696,949238037,camera_color_optical_frame,
1758349696,982624268,camera_color_optical_frame,
1758349697,16011963,camera_color_optical_frame,
1758349697,49398926,camera_color_optical_frame,
1758349697,82787354,camera_color_optical_frame,
1758349697,149561035,camera_color_optical_frame,
1758349697,182908691,camera_color_optical_frame,
1758349697,216257568,camera_color_optical_frame,
1758349697,249605225,camera_color_optical_frame,
1758349697,282953857,camera_color_optical_frame,
1758349697,316301514,camera_color_optical_frame,
1758349697,349650146,camera_color_optical_frame,
1758349697,382997803,camera_color_optical_frame,
1758349697,416346436,camera_color_optical_frame,
1758349697,449694092,camera_color_optical_frame,
1758349697,483042725,camera_color_optical_frame,
1758349697,516390381,camera_color_optical_frame,
1758349697,549739014,camera_color_optical_frame,
1758349697,583086426,camera_color_optical_frame,
1758349697,616435059,camera_color_optical_frame,
1758349697,649782715,camera_color_optical_frame,
1758349697,683131104,camera_color_optical_frame,
1758349697,783174805,camera_color_optical_frame,
1758349697,816523193,camera_color_optical_frame,
1758349697,849870605,camera_color_optical_frame,
1758349697,883219238,camera_color_optical_frame,
1758349697,949915039,camera_color_optical_frame,
1758349697,983262451,camera_color_optical_frame,
1758349698,16610840,camera_color_optical_frame,
1758349698,49958252,camera_color_optical_frame,
1758349698,83306641,camera_color_optical_frame,
1758349698,116654053,camera_color_optical_frame,
1758349698,150002197,camera_color_optical_frame,
1758349698,183344971,camera_color_optical_frame,
1758349698,250031006,camera_color_optical_frame,
1758349698,283374512,camera_color_optical_frame,
1758349698,316716797,camera_color_optical_frame,
1758349698,416745361,camera_color_optical_frame,
1758349698,450087402,camera_color_optical_frame,
1758349698,483430420,camera_color_optical_frame,
1758349698,516772217,camera_color_optical_frame,
1758349698,550114990,camera_color_optical_frame,
1758349698,583456787,camera_color_optical_frame,
1758349698,616799316,camera_color_optical_frame,
1758349698,683483398,camera_color_optical_frame,
1758349698,716824951,camera_color_optical_frame,
1758349698,783508301,camera_color_optical_frame,
1758349698,816850586,camera_color_optical_frame,
1758349698,850191650,camera_color_optical_frame,
1758349698,950216309,camera_color_optical_frame,
1758349698,983557129,camera_color_optical_frame,
1758349699,16898682,camera_color_optical_frame,
1758349699,150262939,camera_color_optical_frame,
1758349699,183605713,camera_color_optical_frame,
1758349699,216949707,camera_color_optical_frame,
1758349699,250292480,camera_color_optical_frame,
1758349699,283636230,camera_color_optical_frame,
1758349699,316979004,camera_color_optical_frame,
1758349699,350322510,camera_color_optical_frame,
1758349699,483693848,camera_color_optical_frame,
1758349699,517036133,camera_color_optical_frame,
1758349699,583721191,camera_color_optical_frame,
1758349699,617064209,camera_color_optical_frame,
1758349699,650406006,camera_color_optical_frame,
1758349699,683748779,camera_color_optical_frame,
1758349699,750433105,camera_color_optical_frame,
1758349699,783774658,camera_color_optical_frame,
1758349699,883800781,camera_color_optical_frame,
1758349699,917141846,camera_color_optical_frame,
1758349699,950484131,camera_color_optical_frame,
1758349699,983825195,camera_color_optical_frame,
1758349700,17167236,camera_color_optical_frame,
1758349700,50508057,camera_color_optical_frame,
1758349700,83849854,camera_color_optical_frame,
1758349700,117190674,camera_color_optical_frame,
1758349700,150533203,camera_color_optical_frame,
1758349700,183895264,camera_color_optical_frame,
1758349700,217258545,camera_color_optical_frame,
1758349700,250621094,camera_color_optical_frame,
1758349700,283984619,camera_color_optical_frame,
1758349700,417437256,camera_color_optical_frame,
1758349700,450800293,camera_color_optical_frame,
1758349700,484164063,camera_color_optical_frame,
1758349700,517527344,camera_color_optical_frame,
1758349700,550891357,camera_color_optical_frame,
1758349700,584254639,camera_color_optical_frame,
1758349700,617618896,camera_color_optical_frame,
1758349700,650982422,camera_color_optical_frame,
1758349700,684346924,camera_color_optical_frame,
1758349700,717710449,camera_color_optical_frame,
1758349700,751075195,camera_color_optical_frame,
1758349700,784438965,camera_color_optical_frame,
1758349700,817803711,camera_color_optical_frame,
1758349700,851167725,camera_color_optical_frame,
1758349700,884532715,camera_color_optical_frame,
1758349700,951261963,camera_color_optical_frame,
1758349700,984626221,camera_color_optical_frame,
1758349701,17991699,camera_color_optical_frame,
1758349701,51355957,camera_color_optical_frame,
1758349701,84721436,camera_color_optical_frame,
1758349701,118086182,camera_color_optical_frame,
1758349701,151368896,camera_color_optical_frame,
1758349701,184712646,camera_color_optical_frame,
1758349701,218057129,camera_color_optical_frame,
1758349701,251400635,camera_color_optical_frame,
1758349701,284745117,camera_color_optical_frame,
1758349701,318088379,camera_color_optical_frame,
1758349701,384775879,camera_color_optical_frame,
1758349701,418119873,camera_color_optical_frame,
1758349701,451462891,camera_color_optical_frame,
1758349701,518149902,camera_color_optical_frame,
1758349701,618180176,camera_color_optical_frame,
1758349701,651522705,camera_color_optical_frame,
1758349701,684866211,camera_color_optical_frame,
1758349701,718208740,camera_color_optical_frame,
1758349701,751552002,camera_color_optical_frame,
1758349701,784894531,camera_color_optical_frame,
1758349701,851579834,camera_color_optical_frame,
1758349701,884922852,camera_color_optical_frame,
1758349701,918264893,camera_color_optical_frame,
1758349701,951607910,camera_color_optical_frame,
1758349701,984949707,camera_color_optical_frame,
1758349702,18292725,camera_color_optical_frame,
1758349702,51643311,camera_color_optical_frame,
1758349702,84994873,camera_color_optical_frame,
1758349702,118345459,camera_color_optical_frame,
1758349702,151708496,camera_color_optical_frame,
1758349702,185070557,camera_color_optical_frame,
1758349702,218433594,camera_color_optical_frame,
1758349702,285159180,camera_color_optical_frame,
1758349702,318521484,camera_color_optical_frame,
1758349702,451973877,camera_color_optical_frame,
1758349702,485337402,camera_color_optical_frame,
1758349702,518700195,camera_color_optical_frame,
1758349702,552064209,camera_color_optical_frame,
1758349702,585427002,camera_color_optical_frame,
1758349702,618791016,camera_color_optical_frame,
1758349702,652154053,camera_color_optical_frame,
1758349702,685518311,camera_color_optical_frame,
1758349702,752245850,camera_color_optical_frame,
1758349702,785609131,camera_color_optical_frame,
1758349702,818973633,camera_color_optical_frame,
1758349702,852336914,camera_color_optical_frame,
1758349702,885701660,camera_color_optical_frame,
1758349702,919065186,camera_color_optical_frame,
1758349702,952429932,camera_color_optical_frame,
1758349702,985793701,camera_color_optical_frame,
1758349703,19158447,camera_color_optical_frame,
1758349703,52522461,camera_color_optical_frame,
1758349703,85887207,camera_color_optical_frame,
1758349703,119251221,camera_color_optical_frame,
1758349703,152604004,camera_color_optical_frame,
1758349703,185948242,camera_color_optical_frame,
1758349703,252637939,camera_color_optical_frame,
1758349703,285983154,camera_color_optical_frame,
1758349703,319327148,camera_color_optical_frame,
1758349703,352672363,camera_color_optical_frame,
1758349703,386016357,camera_color_optical_frame,
1758349703,452705322,camera_color_optical_frame,
1758349703,519394043,camera_color_optical_frame,
1758349703,552738770,camera_color_optical_frame,
1758349703,586082520,camera_color_optical_frame,
1758349703,619427246,camera_color_optical_frame,
1758349703,652770996,camera_color_optical_frame,
1758349703,686115479,camera_color_optical_frame,
1758349703,719459229,camera_color_optical_frame,
1758349703,752803711,camera_color_optical_frame,
1758349703,786147217,camera_color_optical_frame,
1758349703,819491455,camera_color_optical_frame,
1758349703,852834961,camera_color_optical_frame,
1758349703,952866699,camera_color_optical_frame,
1758349703,986209717,camera_color_optical_frame,
1758349704,19553955,camera_color_optical_frame,
1758349704,52896973,camera_color_optical_frame,
1758349704,86240967,camera_color_optical_frame,
1758349704,119583984,camera_color_optical_frame,
1758349704,152921631,camera_color_optical_frame,
1758349704,186306885,camera_color_optical_frame,
1758349704,219693359,camera_color_optical_frame,
1758349704,253078857,camera_color_optical_frame,
1758349704,286465820,camera_color_optical_frame,
1758349704,386625488,camera_color_optical_frame,
1758349704,486788086,camera_color_optical_frame,
1758349704,653728271,camera_color_optical_frame,
1758349704,687117676,camera_color_optical_frame,
1758349704,720506104,camera_color_optical_frame,
1758349704,753895752,camera_color_optical_frame,
1758349704,787284668,camera_color_optical_frame,
1758349704,820674805,camera_color_optical_frame,
1758349704,854064209,camera_color_optical_frame,
1758349704,920844482,camera_color_optical_frame,
1758349704,954235352,camera_color_optical_frame,
1758349704,987625488,camera_color_optical_frame,
1758349705,21016846,camera_color_optical_frame,
1758349705,87799072,camera_color_optical_frame,
1758349705,121190186,camera_color_optical_frame,
1758349705,154593018,camera_color_optical_frame,
1758349705,187933105,camera_color_optical_frame,
1758349705,221273926,camera_color_optical_frame,
1758349705,287954102,camera_color_optical_frame,
1758349705,421313477,camera_color_optical_frame,
1758349705,554671631,camera_color_optical_frame,
1758349705,588010254,camera_color_optical_frame,
1758349705,621349854,camera_color_optical_frame,
1758349705,654688477,camera_color_optical_frame,
1758349705,688028076,camera_color_optical_frame,
1758349705,721366455,camera_color_optical_frame,
1758349705,754705566,camera_color_optical_frame,
1758349705,788043701,camera_color_optical_frame,
1758349705,821382813,camera_color_optical_frame,
1758349705,854720947,camera_color_optical_frame,
1758349705,888059814,camera_color_optical_frame,
1758349705,921397705,camera_color_optical_frame,
1758349705,954736328,camera_color_optical_frame,
1758349706,21412354,camera_color_optical_frame,
1758349706,54750000,camera_color_optical_frame,
1758349706,88088135,camera_color_optical_frame,
1758349706,121425537,camera_color_optical_frame,
1758349706,154758057,camera_color_optical_frame,
1758349706,188111328,camera_color_optical_frame,
1758349706,221465576,camera_color_optical_frame,
1758349706,254818848,camera_color_optical_frame,
1758349706,288172852,camera_color_optical_frame,
1758349706,321525879,camera_color_optical_frame,
1758349706,354880127,camera_color_optical_frame,
1758349706,454940186,camera_color_optical_frame,
1758349706,488294189,camera_color_optical_frame,
1758349706,521647217,camera_color_optical_frame,
1758349706,555001221,camera_color_optical_frame,
1758349706,588354004,camera_color_optical_frame,
1758349706,621708008,camera_color_optical_frame,
1758349706,688414795,camera_color_optical_frame,
1758349706,721767578,camera_color_optical_frame,
1758349706,755121338,camera_color_optical_frame,
1758349706,821827881,camera_color_optical_frame,
1758349706,855180664,camera_color_optical_frame,
1758349706,888534424,camera_color_optical_frame,
1758349706,921886963,camera_color_optical_frame,
1758349706,988593506,camera_color_optical_frame,
1758349707,21947021,camera_color_optical_frame,
1758349707,188725830,camera_color_optical_frame,
1758349707,222115723,camera_color_optical_frame,
1758349707,255504883,camera_color_optical_frame,
1758349707,288895508,camera_color_optical_frame,
1758349707,322285400,camera_color_optical_frame,
1758349707,355676514,camera_color_optical_frame,
1758349707,422458496,camera_color_optical_frame,
1758349707,522633545,camera_color_optical_frame,
1758349707,556026611,camera_color_optical_frame,
1758349707,589418701,camera_color_optical_frame,
1758349707,622812500,camera_color_optical_frame,
1758349707,656205322,camera_color_optical_frame,
1758349707,689599365,camera_color_optical_frame,
1758349707,722992920,camera_color_optical_frame,
1758349707,756387695,camera_color_optical_frame,
1758349707,789781982,camera_color_optical_frame,
1758349707,823177246,camera_color_optical_frame,
1758349707,856572021,camera_color_optical_frame,
1758349707,923363525,camera_color_optical_frame,
1758349707,956760010,camera_color_optical_frame,
1758349707,990156006,camera_color_optical_frame,
1758349708,23553223,camera_color_optical_frame,
1758349708,56949951,camera_color_optical_frame,
1758349708,90347900,camera_color_optical_frame,
1758349708,123745117,camera_color_optical_frame,
1758349708,157179688,camera_color_optical_frame,
1758349708,190516602,camera_color_optical_frame,
1758349708,223854492,camera_color_optical_frame,
1758349708,257191162,camera_color_optical_frame,
1758349708,290528564,camera_color_optical_frame,
1758349708,323865234,camera_color_optical_frame,
1758349708,390538574,camera_color_optical_frame,
1758349708,423875732,camera_color_optical_frame,
1758349708,457211426,camera_color_optical_frame,
1758349708,490548340,camera_color_optical_frame,
1758349708,523884033,camera_color_optical_frame,
1758349708,557220459,camera_color_optical_frame,
1758349708,590555908,camera_color_optical_frame,
1758349708,623892090,camera_color_optical_frame,
1758349708,657227051,camera_color_optical_frame,
1758349708,723897949,camera_color_optical_frame,
1758349708,757233643,camera_color_optical_frame,
1758349708,790568115,camera_color_optical_frame,
1758349708,857238037,camera_color_optical_frame,
1758349708,890572998,camera_color_optical_frame,
1758349708,923907227,camera_color_optical_frame,
1758349708,957241943,camera_color_optical_frame,
1758349708,990575684,camera_color_optical_frame,
1758349709,23910400,camera_color_optical_frame,
1758349709,57243896,camera_color_optical_frame,
1758349709,90578369,camera_color_optical_frame,
1758349709,123911377,camera_color_optical_frame,
1758349709,157236816,camera_color_optical_frame,
1758349709,190585693,camera_color_optical_frame,
1758349709,223935547,camera_color_optical_frame,
1758349709,257284668,camera_color_optical_frame,
1758349709,290634521,camera_color_optical_frame,
1758349709,323983643,camera_color_optical_frame,
1758349709,357333496,camera_color_optical_frame,
1758349709,390682617,camera_color_optical_frame,
1758349709,424032715,camera_color_optical_frame,
1758349709,457381836,camera_color_optical_frame,
1758349709,490731934,camera_color_optical_frame,
1758349709,524081055,camera_color_optical_frame,
1758349709,557431396,camera_color_optical_frame,
1758349709,590780518,camera_color_optical_frame,
1758349709,624130615,camera_color_optical_frame,
1758349709,657479980,camera_color_optical_frame,
1758349709,724179688,camera_color_optical_frame,
1758349709,757530029,camera_color_optical_frame,
1758349709,824229736,camera_color_optical_frame,
1758349709,857579102,camera_color_optical_frame,
1758349709,890929443,camera_color_optical_frame,
1758349709,924279053,camera_color_optical_frame,
1758349709,957629395,camera_color_optical_frame,
1758349709,990979004,camera_color_optical_frame,
1758349710,24329590,camera_color_optical_frame,
1758349710,57679199,camera_color_optical_frame,
1758349710,91029785,camera_color_optical_frame,
1758349710,124379395,camera_color_optical_frame,
1758349710,157738037,camera_color_optical_frame,
1758349710,191075928,camera_color_optical_frame,
1758349710,224414551,camera_color_optical_frame,
1758349710,257752197,camera_color_optical_frame,
1758349710,357766113,camera_color_optical_frame,
1758349710,391103027,camera_color_optical_frame,
1758349710,457777832,camera_color_optical_frame,
1758349710,491115479,camera_color_optical_frame,
1758349710,524452148,camera_color_optical_frame,
1758349710,557789551,camera_color_optical_frame,
1758349710,591125977,camera_color_optical_frame,
1758349710,624463135,camera_color_optical_frame,
1758349710,657799072,camera_color_optical_frame,
1758349710,791144287,camera_color_optical_frame,
1758349710,824480713,camera_color_optical_frame,
1758349710,857815918,camera_color_optical_frame,
1758349710,891152344,camera_color_optical_frame,
1758349710,924487305,camera_color_optical_frame,
1758349710,957823242,camera_color_optical_frame,
1758349710,991158203,camera_color_optical_frame,
1758349711,24493896,camera_color_optical_frame,
1758349711,57828369,camera_color_optical_frame,
1758349711,91163818,camera_color_optical_frame,
1758349711,191172607,camera_color_optical_frame,
1758349711,224521240,camera_color_optical_frame,
1758349711,357913818,camera_color_optical_frame,
1758349711,391261475,camera_color_optical_frame,
1758349711,424610107,camera_color_optical_frame,
1758349711,558002686,camera_color_optical_frame,
1758349711,758091553,camera_color_optical_frame,
1758349711,858135254,camera_color_optical_frame,
1758349711,924831299,camera_color_optical_frame,
1758349712,158270996,camera_color_optical_frame,
1758349712,191614746,camera_color_optical_frame,
1758349712,224959473,camera_color_optical_frame,
1758349712,258303223,camera_color_optical_frame,
1758349712,291647705,camera_color_optical_frame,
1758349712,324990967,camera_color_optical_frame,
1758349712,358335449,camera_color_optical_frame,
1758349712,391678711,camera_color_optical_frame,
1758349712,425022949,camera_color_optical_frame,
1758349712,458365967,camera_color_optical_frame,
1758349712,491709961,camera_color_optical_frame,
1758349712,525052979,camera_color_optical_frame,
1758349712,558396729,camera_color_optical_frame,
1758349712,591739502,camera_color_optical_frame,
1758349712,625083252,camera_color_optical_frame,
1758349712,658426025,camera_color_optical_frame,
1758349712,691769531,camera_color_optical_frame,
1758349712,758455322,camera_color_optical_frame,
1758349712,791797607,camera_color_optical_frame,
1758349712,825140869,camera_color_optical_frame,
1758349712,891825928,camera_color_optical_frame,
1758349712,925167969,camera_color_optical_frame,
1758349712,958510986,camera_color_optical_frame,
1758349712,991852783,camera_color_optical_frame,
1758349713,25195557,camera_color_optical_frame,
1758349713,158551270,camera_color_optical_frame,
