0,-0.000659085119330526,0.026415590153618263,-0.9996508301410255,1.2685159719395596,-0.2750628157998364,0.002745215057064742,1.2692129491306219,-0.9914685840483414,0.13028149031679573,0.004096354966527003
0,-0.000659085119330526,0.026415590153618263,-0.9996508301410255,1.2685159719395596,-0.2750628157998364,0.002745215057064742,1.2692129491306219,-0.9914685840483414,0.13028149031679573,0.004096354966527003
0,-0.000659085119330526,0.026415590153618263,-0.9996508301410255,1.2685159719395596,-0.2750628157998364,0.002745215057064742,1.2692129491306219,-0.9914685840483414,0.13028149031679573,0.004096354966527003
0,0.9998471459921755,0.01701586086661945,-0.0040181000820087714,0.26502759172504664,-0.2602062831494483,0.002279148050877138,1.2194479268713023,0.003923796502653131,0.0055718628087043365,0.9999767788123117
0,0.9998471459921755,0.01701586086661945,-0.0040181000820087714,0.26502759172504664,-0.2602062831494483,0.002279148050877138,1.2194479268713023,0.003923796502653131,0.0055718628087043365,0.9999767788123117
0,0.22921278128357025,-0.010007052104404588,-0.9733248994053474,1.2631293473755687,-0.25950996982656416,7.154937743863395e-05,1.236632937426984,0.9006279308505676,-0.3771287724524508,0.2159704126919539
0,0.22921278128357025,-0.010007052104404588,-0.9733248994053474,1.2631293473755687,-0.25950996982656416,7.154937743863395e-05,1.236632937426984,0.9006279308505676,-0.3771287724524508,0.2159704126919539
0,0.22921278128357025,-0.010007052104404588,-0.9733248994053474,1.2631293473755687,-0.25950996982656416,7.154937743863395e-05,1.236632937426984,0.9006279308505676,-0.3771287724524508,0.2159704126919539
0,0.20900914202156656,-0.0319353131964409,-0.9773920985563848,1.2441414791405838,-0.2567643314198542,0.0013497274760529666,1.2179679826728478,0.08484619408115088,-0.9951054718503292,0.05065790403755008
0,-0.01164141739396885,0.05403612679591393,-0.9984711184605969,1.2132956930226388,-0.25848997669016543,0.0018162072258344451,1.2182656073345326,-0.9705023105140186,0.2398644298478909,0.024296513714885632
0,0.9998123455660126,0.015209457348507744,-0.011997752245817126,0.2645094947893035,-0.2504624287683618,0.0008708336117813277,1.1758295240545373,0.011935563921466075,0.004172995541589092,0.9999200610149226
0,4.4782238713131076e-05,0.022088972398715608,-0.9997560078793825,1.2029102392743238,-0.25883218688656506,0.0005345807245638732,1.203204028830944,-0.9945564816207179,0.10417442239665123,0.0022571181942528393
0,0.9994654001319553,0.0116932513096613,-0.030531652606430607,0.288538327211852,-0.25305206907276273,0.000577876667406487,1.1669298566373036,0.030493696569356403,0.0034106707796764976,0.9995291400416343
0,0.22026874186420425,-0.01106370613609203,-0.9753764789875214,1.2229022398925833,-0.2605124389143858,0.001280671553795731,1.1949286750989194,0.5800642416046783,-0.8024326384748661,0.14009759569619415
0,0.22026874186420425,-0.01106370613609203,-0.9753764789875214,1.2229022398925833,-0.2605124389143858,0.001280671553795731,1.1949286750989194,0.5800642416046783,-0.8024326384748661,0.14009759569619415
0,0.22026874186420425,-0.01106370613609203,-0.9753764789875214,1.2229022398925833,-0.2605124389143858,0.001280671553795731,1.1949286750989194,0.5800642416046783,-0.8024326384748661,0.14009759569619415
0,0.22026874186420425,-0.01106370613609203,-0.9753764789875214,1.2229022398925833,-0.2605124389143858,0.001280671553795731,1.1949286750989194,0.5800642416046783,-0.8024326384748661,0.14009759569619415
0,0.22026874186420425,-0.01106370613609203,-0.9753764789875214,1.2229022398925833,-0.2605124389143858,0.001280671553795731,1.1949286750989194,0.5800642416046783,-0.8024326384748661,0.14009759569619415
0,0.23080179706886444,-0.031034124681886585,-0.9725057396092898,1.1894069417412307,-0.2595281309046328,0.0005807180127598283,1.1614217938879048,0.37866572379137625,-0.9178310802577929,0.11915694581670924
0,0.23080179706886444,-0.031034124681886585,-0.9725057396092898,1.1894069417412307,-0.2595281309046328,0.0005807180127598283,1.1614217938879048,0.37866572379137625,-0.9178310802577929,0.11915694581670924
0,0.23080179706886444,-0.031034124681886585,-0.9725057396092898,1.1894069417412307,-0.2595281309046328,0.0005807180127598283,1.1614217938879048,0.37866572379137625,-0.9178310802577929,0.11915694581670924
0,0.23080179706886444,-0.031034124681886585,-0.9725057396092898,1.1894069417412307,-0.2595281309046328,0.0005807180127598283,1.1614217938879048,0.37866572379137625,-0.9178310802577929,0.11915694581670924
0,-0.005458667569428385,0.04012298108763615,-0.9991798383349254,1.1398371318684404,-0.263637138585615,0.0002568616184085357,1.1422233532280628,-0.9857141353841073,0.1679895387985936,0.012130876151268096
0,-0.005458667569428385,0.04012298108763615,-0.9991798383349254,1.1398371318684404,-0.263637138585615,0.0002568616184085357,1.1422233532280628,-0.9857141353841073,0.1679895387985936,0.012130876151268096
0,-0.005458667569428385,0.04012298108763615,-0.9991798383349254,1.1398371318684404,-0.263637138585615,0.0002568616184085357,1.1422233532280628,-0.9857141353841073,0.1679895387985936,0.012130876151268096
0,-0.005458667569428385,0.04012298108763615,-0.9991798383349254,1.1398371318684404,-0.263637138585615,0.0002568616184085357,1.1422233532280628,-0.9857141353841073,0.1679895387985936,0.012130876151268096
0,-0.005458667569428385,0.04012298108763615,-0.9991798383349254,1.1398371318684404,-0.263637138585615,0.0002568616184085357,1.1422233532280628,-0.9857141353841073,0.1679895387985936,0.012130876151268096
0,-0.967199556123597,-0.015056558974654513,-0.25357113136979853,0.027611281381279384,-0.34291619194591144,-0.0011680837270661756,1.4169485911095199,-0.2535839014269234,-0.0010865968317963109,0.9673127851126675
0,-0.967199556123597,-0.015056558974654513,-0.25357113136979853,0.027611281381279384,-0.34291619194591144,-0.0011680837270661756,1.4169485911095199,-0.2535839014269234,-0.0010865968317963109,0.9673127851126675
0,0.24403682848484862,-0.028931006309804,-0.96933431963124,1.1175313398244175,-0.2645876748184326,-0.0014424538588355812,1.0863165711989116,0.2331650251817181,-0.9684829182076808,0.0876065532362931
0,-0.050865504600260215,0.03616280157759161,-0.9980505759839132,1.0622348579077543,-0.2619038934520875,-0.001747537702267957,1.0775942238052734,-0.9918446143839218,0.11510856951039251,0.05471999763231808
0,-0.050865504600260215,0.03616280157759161,-0.9980505759839132,1.0622348579077543,-0.2619038934520875,-0.001747537702267957,1.0775942238052734,-0.9918446143839218,0.11510856951039251,0.05471999763231808
0,0.2678717512669084,-0.009018080197742497,-0.9634123723000171,1.0949764712996948,-0.2543792567443873,-0.0022457587170417732,1.065852729595258,0.922198295051827,-0.28708477257063675,0.259099668003587
0,-0.026545082649442126,0.044003284996479625,-0.9986786617799805,1.0556496940234115,-0.24945863114731648,-0.0022909783165776104,1.0635761272198445,-0.9870282532191634,0.15708549136763864,0.0331568355986308
0,0.2444811909040385,-0.019015015789605537,-0.9694675737056212,1.083774355348539,-0.2419140380683472,-0.002502672921295377,1.0569497519897895,0.6934902191627806,-0.6953632957548693,0.18852374609179828
0,-0.0395312827598749,0.02161519878903904,-0.9989845148262656,1.0490079824472192,-0.23659180862340895,-0.0022610126001336764,1.0593876803784261,-0.9964768357773838,0.07315525848159266,0.04101492305959322
0,-0.9729474727511513,-0.014864235290738756,-0.23054776028920626,0.027601054811180442,-0.2945111168335658,-0.0032519682518880716,1.3628119364882905,-0.23053443549462005,-0.0026271386210439634,0.9730606210261736
0,-0.9729474727511513,-0.014864235290738756,-0.23054776028920626,0.027601054811180442,-0.2945111168335658,-0.0032519682518880716,1.3628119364882905,-0.23053443549462005,-0.0026271386210439634,0.9730606210261736
0,-0.033439173677490976,0.029207483911568934,-0.9990138860623119,1.0254231112796672,-0.21066494220931745,-0.003241795477755603,1.0333919303663306,-0.9934488104649608,0.10831926177089728,0.03641975443577744
0,-0.03699373012302626,0.02497639002745445,-0.999003325255117,1.0211456508937737,-0.2053320787097157,-0.0033383669845687865,1.0296845306101554,-0.9951067693544652,0.0907320819588001,0.0391178589181592
0,0.1729547556315591,-0.027528195972161256,-0.9845449969041262,1.0454396593428865,-0.2001915357800223,-0.0042236800909136295,1.0268010651261843,-0.5052679032200463,-0.8605337435600304,-0.06469947579523204
0,0.1923884394931441,0.004206345240904489,-0.9813098363957771,1.0454494455755796,-0.19558822526238936,-0.004521640149061381,1.0269962403068498,0.9810995536779216,-0.021964174983086445,0.19225306444448564
0,0.1923884394931441,0.004206345240904489,-0.9813098363957771,1.0454494455755796,-0.19558822526238936,-0.004521640149061381,1.0269962403068498,0.9810995536779216,-0.021964174983086445,0.19225306444448564
0,0.1923884394931441,0.004206345240904489,-0.9813098363957771,1.0454494455755796,-0.19558822526238936,-0.004521640149061381,1.0269962403068498,0.9810995536779216,-0.021964174983086445,0.19225306444448564
0,0.1923884394931441,0.004206345240904489,-0.9813098363957771,1.0454494455755796,-0.19558822526238936,-0.004521640149061381,1.0269962403068498,0.9810995536779216,-0.021964174983086445,0.19225306444448564
0,0.2040147360123429,-0.051806491082644075,-0.9775960694323182,1.002837330099081,-0.17914302989816833,-0.006382966765783324,0.9887725835662324,0.3964339717636186,-0.9086852152054526,0.13088653749237447
0,0.19543092047453875,-0.010947784777292816,-0.9806563625087764,1.0062107076726665,-0.17732722699913578,-0.0073164193099323075,0.9908012839209797,0.7171004016803195,-0.6805256875831461,0.1505051575442207
0,-0.026489208419078692,0.02878732779831412,-0.9992345128114637,0.9793411327308792,-0.1763828076693515,-0.007619579319183079,0.9845476849965963,-0.9944435920920462,0.10111822594189067,0.02927535699923943
0,-0.9755419043431521,-0.014164438426174927,-0.21935669935656693,0.05231848735499656,-0.19723252227151558,-0.009592807589151306,1.1162775296165315,-0.21924344763660608,-0.009125631076089713,0.9756275075682715
0,0.18816843139685102,-0.02511015017790523,-0.9818157269985502,0.9781069295225577,-0.16908707079159496,-0.008696652835432125,0.9640387996171866,0.4081598018565294,-0.907258407147189,0.10142858969336178
0,0.18032744713544488,-0.030571219741586723,-0.9831314318701874,0.9711989850073492,-0.16684919466128342,-0.008926393678862228,0.9575366587856505,0.20926419612898725,-0.9754417740613842,0.06871565784061438
0,0.9995320044895364,0.010834356895792456,-0.02860749394448917,0.18459499429136403,-0.1583183518895466,-0.009025083817583221,0.917694984103593,0.028691678618522377,-0.007696083181132293,0.9995586815588771
0,0.9995320044895364,0.010834356895792456,-0.02860749394448917,0.18459499429136403,-0.1583183518895466,-0.009025083817583221,0.917694984103593,0.028691678618522377,-0.007696083181132293,0.9995586815588771
0,-0.9801683075910584,-0.014063576046418681,-0.1976671561511094,0.039762617114776105,-0.18742326293829875,-0.013770537538432059,1.1315113087532462,-0.19749890616452467,-0.012500626752743396,0.9802234012675911
0,0.19642551149906842,-0.00943209606726126,-0.9804733826035806,0.9396778510142374,-0.15266244306049762,-0.011752905864643937,0.9279210667306942,0.827618251537253,-0.5346265054739315,0.1709459837643244
0,0.16426566588932928,-0.003963745058989753,-0.9864081709581701,0.9352532160456118,-0.1510192089329886,-0.011733361797339071,0.9230382310180749,0.16663671908755037,-0.9855083359584522,0.03170999221285295
0,0.16426566588932928,-0.003963745058989753,-0.9864081709581701,0.9352532160456118,-0.1510192089329886,-0.011733361797339071,0.9230382310180749,0.16663671908755037,-0.9855083359584522,0.03170999221285295
0,-0.9845762861840847,-0.014927018113770176,-0.17431787289944362,0.020798405342297627,-0.22029773764656105,-0.01966183658903875,1.3652749563856035,-0.17410680984591204,-0.014442144778248123,0.9846208626763316
0,0.19352790179302165,-0.010786571912641024,-0.9810354739212869,0.9136770590096279,-0.14604005174293788,-0.013624954014390487,0.9026801010820616,0.7846687060666712,-0.5985433522330793,0.16137186004766788
0,0.19352790179302165,-0.010786571912641024,-0.9810354739212869,0.9136770590096279,-0.14604005174293788,-0.013624954014390487,0.9026801010820616,0.7846687060666712,-0.5985433522330793,0.16137186004766788
0,0.18837512942539172,-0.04022235497569678,-0.9812731387193763,0.8957548629931611,-0.146586667369823,-0.014608499604672061,0.8853082129057788,0.3981751705099421,-0.9102295981654781,0.11374802068999249
0,0.9996881494069257,0.010801802288158734,-0.022514995018508885,0.161296528624059,-0.14213555953685206,-0.014312207780232789,0.8461337207196958,0.022674873304346397,-0.014914246341259933,0.9996316398427494
0,0.18108444335836332,-0.014560659492087234,-0.9833597569388057,0.8869240492660898,-0.1470308181537816,-0.015043751224895385,0.8750796402550026,0.43493774971293386,-0.8956082190627656,0.09335454900469975
0,0.17410022054879287,-0.012839828199854004,-0.9846442261114721,0.8883571346613628,-0.14736124101683745,-0.016701729761736034,0.8763733484210546,0.2510262723044185,-0.9663014093124185,0.056985936614060345
0,0.162564851199882,-0.026031686305761803,-0.9863544091554712,0.8727912620343419,-0.14563709559134305,-0.01772144744503842,0.8613304716187601,-0.09237112305419781,-0.9956632963058432,0.011053325883601688
0,0.19447859636367643,-0.036647687974769555,-0.9802219251376283,0.8605226456958114,-0.1444079002701262,-0.01839976520942826,0.8499225404335679,0.41470751136676115,-0.902527882488424,0.11602198647217407
0,0.18392532418272534,-0.007452409428179676,-0.9829119679381233,0.8690325486316335,-0.14648685900635303,-0.019655575771833543,0.8568787587003925,0.45303782832857226,-0.8867834955470125,0.09149731212856772
0,0.1891462406850476,-0.005146647672119892,-0.9819354416917913,0.871660207636958,-0.14794529661996303,-0.019568677985341586,0.8593005081795401,0.5716826187896495,-0.8124631444757655,0.11437929113418992
0,0.1891462406850476,-0.005146647672119892,-0.9819354416917913,0.871660207636958,-0.14794529661996303,-0.019568677985341586,0.8593005081795401,0.5716826187896495,-0.8124631444757655,0.11437929113418992
0,0.9872742198419567,0.008014663557215104,0.15882499803721117,0.004476727283393128,-0.0582181369300813,-0.006475395644414291,0.3340307710248815,-0.15865118383082583,-0.018990104815192137,0.9871520540353373
0,0.9872742198419567,0.008014663557215104,0.15882499803721117,0.004476727283393128,-0.0582181369300813,-0.006475395644414291,0.3340307710248815,-0.15865118383082583,-0.018990104815192137,0.9871520540353373
0,0.18017101922845516,-0.011984628186276564,-0.9835622870542651,0.868666075475655,-0.14896273240195135,-0.015331232194563272,0.8560830954499313,0.2807335930924623,-0.957709596983489,0.06309498833599277
0,0.17685077521661452,-0.015860348138891357,-0.9841098783470246,0.8695379831000751,-0.14913586069425444,-0.014154910688715992,0.8570056158278855,0.16371294470430978,-0.9854672786530897,0.045302477176389765
0,0.17685077521661452,-0.015860348138891357,-0.9841098783470246,0.8695379831000751,-0.14913586069425444,-0.014154910688715992,0.8570056158278855,0.16371294470430978,-0.9854672786530897,0.045302477176389765
0,0.17685077521661452,-0.015860348138891357,-0.9841098783470246,0.8695379831000751,-0.14913586069425444,-0.014154910688715992,0.8570056158278855,0.16371294470430978,-0.9854672786530897,0.045302477176389765
0,0.18723453189779168,-0.018129829891560627,-0.9821479213087598,0.8609974381029721,-0.14776784231463289,-0.013997293506276366,0.8487356596520258,0.4114896865709366,-0.9064311637491763,0.09517764037874821
0,0.18723453189779168,-0.018129829891560627,-0.9821479213087598,0.8609974381029721,-0.14776784231463289,-0.013997293506276366,0.8487356596520258,0.4114896865709366,-0.9064311637491763,0.09517764037874821
0,0.18723453189779168,-0.018129829891560627,-0.9821479213087598,0.8609974381029721,-0.14776784231463289,-0.013997293506276366,0.8487356596520258,0.4114896865709366,-0.9064311637491763,0.09517764037874821
0,0.20311990772430744,-0.004472973497405976,-0.9791436542163567,0.8436899274436154,-0.145067564347035,-0.014729240841197243,0.8316345585830099,0.8060210581897163,-0.5670090047355573,0.16979647317162702
0,0.1875971527492574,-0.02991388513144378,-0.9817904398366866,0.8308925356228029,-0.14349181280038537,-0.014963279616151987,0.8193413352650468,0.29583202326361596,-0.9514045727202404,0.08551463627223316
0,-0.9813321039467142,-0.011641761237452124,-0.19196815141269025,0.02263561637127387,-0.20598696552758436,-0.02163532651508104,1.1722210704622364,-0.19173841970547104,-0.018399866389585726,0.9812735721111081
0,0.19130651392469772,-0.011796621804249233,-0.9814594527752978,0.8206156736501006,-0.14362587559516024,-0.015638645085323397,0.8083101028971796,0.46437750760247076,-0.8798488169414154,0.1010919866147115
0,0.19130651392469772,-0.011796621804249233,-0.9814594527752978,0.8206156736501006,-0.14362587559516024,-0.015638645085323397,0.8083101028971796,0.46437750760247076,-0.8798488169414154,0.1010919866147115
0,0.19130651392469772,-0.011796621804249233,-0.9814594527752978,0.8206156736501006,-0.14362587559516024,-0.015638645085323397,0.8083101028971796,0.46437750760247076,-0.8798488169414154,0.1010919866147115
0,0.19130651392469772,-0.011796621804249233,-0.9814594527752978,0.8206156736501006,-0.14362587559516024,-0.015638645085323397,0.8083101028971796,0.46437750760247076,-0.8798488169414154,0.1010919866147115
0,0.19130651392469772,-0.011796621804249233,-0.9814594527752978,0.8206156736501006,-0.14362587559516024,-0.015638645085323397,0.8083101028971796,0.46437750760247076,-0.8798488169414154,0.1010919866147115
0,0.21806943540937784,-0.014503833372516772,-0.9758254762793076,0.78929510955972,-0.14486565588620434,-0.016536491664677796,0.7767210415329765,0.6882346209051602,-0.706638059416853,0.16430386352461326
0,0.19713076517676673,-0.020647307013830083,-0.9801597574538036,0.7825457631209982,-0.1450494414335888,-0.01641375936638499,0.7695591967895825,0.2714539383326936,-0.9595397417106625,0.07480804394920065
0,-0.9760117501954804,-0.008434513637288442,-0.2175544126375235,0.03133365643557598,-0.18656399831972212,-0.021081192035475406,0.9818238939454482,-0.21733660483864017,-0.02136421117177453,0.9758628851822477
0,0.22691185882168008,-0.02414268255733532,-0.9736160121952729,0.7692453153012421,-0.1447899095237839,-0.01694729917460384,0.7567664375151814,0.633296138421519,-0.7558223673835341,0.16633866063288594
0,0.2109151662041572,-0.0193359590576488,-0.977313109167371,0.7647584336928855,-0.14559406645625816,-0.01691699813543326,0.7514250412305511,0.4410518427909112,-0.8903648185227475,0.11279965383677484
0,0.2109151662041572,-0.0193359590576488,-0.977313109167371,0.7647584336928855,-0.14559406645625816,-0.01691699813543326,0.7514250412305511,0.4410518427909112,-0.8903648185227475,0.11279965383677484
0,0.2109151662041572,-0.0193359590576488,-0.977313109167371,0.7647584336928855,-0.14559406645625816,-0.01691699813543326,0.7514250412305511,0.4410518427909112,-0.8903648185227475,0.11279965383677484
0,0.2109151662041572,-0.0193359590576488,-0.977313109167371,0.7647584336928855,-0.14559406645625816,-0.01691699813543326,0.7514250412305511,0.4410518427909112,-0.8903648185227475,0.11279965383677484
0,-0.9777695979882031,-0.01134315133784956,-0.2093751326344997,0.01927068073501151,-0.2165688148429935,-0.025959236695630446,1.10480905922619,-0.20907411007528173,-0.023249141004935792,0.9776233906452738
0,-0.9752600197328055,-0.011222668650452334,-0.22077578131926076,0.027489742147724955,-0.18528287159822834,-0.02258231670952176,0.9441350485591952,-0.22046669960111512,-0.023794637735404217,0.9751042249831721
0,-0.9752600197328055,-0.011222668650452334,-0.22077578131926076,0.027489742147724955,-0.18528287159822834,-0.02258231670952176,0.9441350485591952,-0.22046669960111512,-0.023794637735404217,0.9751042249831721
0,-0.9752600197328055,-0.011222668650452334,-0.22077578131926076,0.027489742147724955,-0.18528287159822834,-0.02258231670952176,0.9441350485591952,-0.22046669960111512,-0.023794637735404217,0.9751042249831721
0,-0.9757439239151222,-0.011795463559417442,-0.21859703104145375,0.024145336353295216,-0.19026377208917247,-0.023333218384573345,0.9609887244892151,-0.21827116543647618,-0.024109300873990235,0.9755903033283848
0,0.2246275827643816,-0.03274086918038165,-0.973894493538568,0.6965478215256096,-0.13537636001211834,-0.016350297295596027,0.6845442544142084,0.4696488585950573,-0.8720578227602074,0.1376412125095052
0,0.22244653296887426,-0.020427728418486054,-0.974730859201548,0.6929111683928795,-0.13552186253380824,-0.016495973414014087,0.6802921739225841,0.5143104328674971,-0.8468926014509911,0.13512105775644506
0,0.2298952948295401,-0.014323476370325015,-0.9731099585544828,0.687917245306469,-0.1345665819572394,-0.01665637029928078,0.6753806110214692,0.6554618235598486,-0.7368271594854346,0.16569711795388542
0,-0.9766938908906933,-0.010681239343722754,-0.2143710675928091,0.020325930004900017,-0.19870312365445664,-0.024791914319872675,1.0013611806864284,-0.21406339621240017,-0.02449501333033087,0.976512599366726
0,0.2159609847936444,-0.028074631771973235,-0.9759982930803862,0.6743450383128956,-0.13117530128471133,-0.016495711380866866,0.6623775949948664,0.37554668242454586,-0.920303751483973,0.10957049932551582
0,0.2224504044987477,-0.03450729739464346,-0.9743331380810473,0.6669577596274336,-0.1289567775457064,-0.016611504239287523,0.6556735734911986,0.4360606062620106,-0.8903183848341539,0.1310889823391389
0,-0.9765505217075129,-0.011789580899621007,-0.21496530960365573,0.02279931599068931,-0.18024828124506584,-0.023754759827028554,0.9262002697424383,-0.21461739749174502,-0.0254594696104854,0.9763663186012836
0,0.21078233115534747,-0.014524616690788725,-0.9774251093463392,0.6582094179412376,-0.1239449871944845,-0.016888979026636414,0.6469337696623124,0.48478322800799395,-0.8667162140971231,0.11742327734013973
0,0.2122717545510045,-0.02852940325576929,-0.9767941315178483,0.6499991257072573,-0.11970868446020562,-0.01692989127060259,0.6399212820266731,0.45426277857890074,-0.882127794086109,0.12448246019641525
0,-0.9774279159421594,-0.011300480893806942,-0.21096674682645022,0.02673311348359672,-0.15692466747797612,-0.023106651382977662,0.8550010044823305,-0.21060616589051606,-0.026932036928901042,0.9771999326001598
0,0.20508708159354314,-0.02496488895543759,-0.9784252875313914,0.6358406854179776,-0.11277411571923941,-0.017342805174865472,0.6266652550428085,0.4654052601343369,-0.8769350434463912,0.11992861798989551
0,0.20759749005109693,-0.016105308344214638,-0.9780817456458444,0.6318972765689587,-0.10891613189601412,-0.017291113949374288,0.623225044733388,0.623033946162313,-0.7686572486007944,0.14489560414613187
0,0.20759749005109693,-0.016105308344214638,-0.9780817456458444,0.6318972765689587,-0.10891613189601412,-0.017291113949374288,0.623225044733388,0.623033946162313,-0.7686572486007944,0.14489560414613187
0,0.20759749005109693,-0.016105308344214638,-0.9780817456458444,0.6318972765689587,-0.10891613189601412,-0.017291113949374288,0.623225044733388,0.623033946162313,-0.7686572486007944,0.14489560414613187
0,0.20759749005109693,-0.016105308344214638,-0.9780817456458444,0.6318972765689587,-0.10891613189601412,-0.017291113949374288,0.623225044733388,0.623033946162313,-0.7686572486007944,0.14489560414613187
0,0.1794411733197949,-0.043160545292885176,-0.9828214652955215,0.6113893075564458,-0.09487096674153067,-0.018290927096615693,0.6055575884057531,0.31362673633190064,-0.9443991632385188,0.09873444551009578
0,0.16144828394606361,-0.040914965522906105,-0.9860326653844338,0.6055584297554623,-0.09141556468828171,-0.019189553238044672,0.5999645898029826,0.1426681916202938,-0.987676953766134,0.06434300348169428
0,0.1710634309568253,-0.0211871845047395,-0.9850321851594707,0.6018216097688434,-0.08900683544038551,-0.019561282576583645,0.5959300137262699,0.39464844118739384,-0.9145884326582929,0.08820774747156479
0,0.1710634309568253,-0.0211871845047395,-0.9850321851594707,0.6018216097688434,-0.08900683544038551,-0.019561282576583645,0.5959300137262699,0.39464844118739384,-0.9145884326582929,0.08820774747156479
0,0.1710634309568253,-0.0211871845047395,-0.9850321851594707,0.6018216097688434,-0.08900683544038551,-0.019561282576583645,0.5959300137262699,0.39464844118739384,-0.9145884326582929,0.08820774747156479
0,0.1751430896074724,-0.020605735427285148,-0.9843273346952474,0.5976088949231776,-0.08742722503749831,-0.01919043942359628,0.5919697982502972,0.47747859547409993,-0.8725588080179978,0.10322459693450907
0,0.1697869509217596,-0.0233951524093201,-0.9852030542677163,0.5969739952115498,-0.08813129749340973,-0.018716465623198508,0.5911962239379244,0.37375181549312814,-0.9235013663586389,0.08634122275783268
0,0.16008120629232353,-0.01810157097139491,-0.9869378605152213,0.5942602614556567,-0.08820990877474844,-0.01794851569215553,0.5881468655784126,0.2339899526964936,-0.9706389626116452,0.05575577364974901
0,0.988361883171034,0.00994872897685461,0.15179529203618983,-0.009088657908349132,-0.441088555363432,-0.08758259407984074,2.9376082923429556,-0.15144660862641762,-0.029501496001127097,0.9880250940473385
0,0.15935166757104136,-0.04090199390628646,-0.9863742053271763,0.5889081141763934,-0.0874212013149674,-0.017836595933304694,0.5836597806336622,0.15109874074583685,-0.9863587274945967,0.06531180014562682
0,0.17205262724838663,-0.03027718222730053,-0.9846223568918708,0.5849086329944891,-0.08679641768296678,-0.01807333176404132,0.5794325985615562,0.3591982493059048,-0.9287820662291065,0.09132628945032609
0,0.16901981639329408,-0.03597521883604524,-0.9849558798718224,0.5792941905981613,-0.086264860643793,-0.018429571784997097,0.574012236611603,0.2833605224759178,-0.9553697091151513,0.08351965759871327
0,0.16901981639329408,-0.03597521883604524,-0.9849558798718224,0.5792941905981613,-0.086264860643793,-0.018429571784997097,0.574012236611603,0.2833605224759178,-0.9553697091151513,0.08351965759871327
0,-0.9868297240165477,-0.01029992029874071,-0.1614342201556538,0.014717120307360373,-0.16947120569562568,-0.0377114171027964,1.1295298349223728,-0.16101730020155433,-0.03313467786706638,0.9863952160044412
0,0.1704445502053577,-0.03806990843318889,-0.9846315744354239,0.5641930636372712,-0.08527199029942754,-0.019415130442109258,0.5589888280388641,0.2565079134101142,-0.9630880778385472,0.08163972489690163
0,-0.9832460383304374,-0.009871224519872627,-0.18201589774516458,0.024274272326653884,-0.12229263781204608,-0.02829622808985519,0.7955203044713955,-0.1815662638373057,-0.03544840548161788,0.9827395903203314
0,0.17537837935627232,-0.024616182525851477,-0.9841933080499082,0.5562617344561837,-0.08557963985765607,-0.020108933312985872,0.5504486940256814,0.33282685873377754,-0.9393455255568743,0.08280257073114164
0,-0.9832662182230215,-0.008976769142899934,-0.18195318550427333,0.02291931555896845,-0.12431148279257967,-0.029940388366334073,0.799213076031156,-0.1815052344625847,-0.037261028382398365,0.9826838075518332
0,0.18008474012422127,-0.03327978562235614,-0.9830879626164292,0.546640685219752,-0.08399372628417676,-0.021190526126082933,0.5413756787338041,0.3428753477161582,-0.9346208264011466,0.09444790513167263
0,0.1740658943272736,-0.040694532879808336,-0.9838927885820389,0.5395891657038361,-0.08280247493774459,-0.021390953941679114,0.5346584300998088,0.2476367118598257,-0.965227844282294,0.08373331212492048
0,0.1756093192389488,-0.022653043071106077,-0.9841992718113803,0.5376814557255427,-0.08202895879930194,-0.021555441629794704,0.5321734301800544,0.3436384624188111,-0.9354406418605212,0.08284571624418184
0,0.17308206788048563,-0.03515466099398881,-0.984279811632146,0.5292176832193503,-0.08028974771772833,-0.021776399737045163,0.5243290612142163,0.26876953527475295,-0.9597468770535392,0.08154059658950218
0,0.17770303347553734,-0.037935818730880845,-0.9833526862468063,0.5237428818670719,-0.07889459700569894,-0.022144250609659816,0.5192065268871854,0.3183000625602566,-0.9433268672604206,0.09391214871771227
0,-0.9859831716615772,-0.009807848521527879,-0.1665562706881841,0.015906453553736488,-0.14461946786482818,-0.041803222289997916,0.9540848517948639,-0.16598679720993684,-0.04344697138715553,0.9851704135971964
0,0.16243340992877175,-0.034123552303564675,-0.9861292869168309,0.5207583873203846,-0.07805370144890518,-0.023213082817588236,0.5160296707880326,0.15717923524144328,-0.9857457184185835,0.06000055521698128
0,0.16243340992877175,-0.034123552303564675,-0.9861292869168309,0.5207583873203846,-0.07805370144890518,-0.023213082817588236,0.5160296707880326,0.15717923524144328,-0.9857457184185835,0.06000055521698128
0,0.1819479853292527,-0.02224901284708032,-0.9830564134676895,0.5192357960471898,-0.07689537275655613,-0.022477261360508365,0.5144617621543978,0.4564362195277159,-0.8836008770753311,0.10447711487666787
0,0.17301564279158527,-0.03371788951237044,-0.9843417553239556,0.5193971139163756,-0.07687703192798402,-0.022210550220502657,0.5149076273138316,0.30957028210301524,-0.9469021478391074,0.0868479294764408
0,-0.9848126266676017,-0.010233760527382523,-0.17331866748716665,0.020569155260640154,-0.11954935465888172,-0.03400655918876266,0.7999766339770329,-0.17274659680288473,-0.04227912596948922,0.9840584783427647
0,-0.9848126266676017,-0.010233760527382523,-0.17331866748716665,0.020569155260640154,-0.11954935465888172,-0.03400655918876266,0.7999766339770329,-0.17274659680288473,-0.04227912596948922,0.9840584783427647
0,-0.9845348587395647,-0.010107471782102915,-0.1748969723546962,0.021362808739427558,-0.11768590087758785,-0.03308962194197326,0.7865381035679612,-0.1743360345779775,-0.04185717038783214,0.9837961802796097
0,0.17652570587223118,-0.016815529548236258,-0.9841523830842066,0.5232685375629352,-0.07755618982630859,-0.021888618496399462,0.5181575067898295,0.4328529442324909,-0.8966585990770901,0.09296066570530978
0,-0.9860194342301281,-0.009866897590095949,-0.16633796815653618,0.016506113806174005,-0.13912218225113215,-0.03947198982000206,0.9262633001175873,-0.1657858500717049,-0.04228444237539771,0.98525482888794
0,0.1785114461267169,-0.036387416541313354,-0.9832647758956878,0.519472808456719,-0.07846198218017032,-0.021995153899064326,0.5148834838687357,0.327971473583196,-0.939966435656388,0.09432821610256568
0,0.1785114461267169,-0.036387416541313354,-0.9832647758956878,0.519472808456719,-0.07846198218017032,-0.021995153899064326,0.5148834838687357,0.327971473583196,-0.939966435656388,0.09432821610256568
0,0.1855397173123151,-0.01596471184768149,-0.9825070693248403,0.5234864089943291,-0.08164737214510763,-0.021808586958672164,0.5177425815402953,0.4542645544212152,-0.8852174681545645,0.10016860121074615
0,0.19056783648246042,-0.02040949248496054,-0.9814618445527571,0.5225081250707861,-0.08293777029600488,-0.021813115466041894,0.516727217724982,0.4533040858849879,-0.8849803316455787,0.1064200090136112
0,0.19056783648246042,-0.02040949248496054,-0.9814618445527571,0.5225081250707861,-0.08293777029600488,-0.021813115466041894,0.516727217724982,0.4533040858849879,-0.8849803316455787,0.1064200090136112
0,0.18381327157156938,-0.021275046569263392,-0.9827309161645584,0.5210132517533963,-0.08603529596616212,-0.02194155736059805,0.5145514625299556,0.28194497272167707,-0.9566152706922029,0.0734456005044288
0,0.18474135996578298,-0.02101935632488178,-0.9825623728678402,0.5208343796473549,-0.08773159889638119,-0.021932712699280214,0.5140515759670753,0.2493845802362154,-0.9660453469188661,0.06755530204813179
0,0.18474135996578298,-0.02101935632488178,-0.9825623728678402,0.5208343796473549,-0.08773159889638119,-0.021932712699280214,0.5140515759670753,0.2493845802362154,-0.9660453469188661,0.06755530204813179
0,0.19794333066632416,-0.029285493447410615,-0.9797758915773871,0.5201112006539721,-0.0918657082696067,-0.021797431667211948,0.5129390805056678,0.2857587717744366,-0.9544115020371152,0.08625896551213098
0,0.2063545705187354,-0.025903786907259703,-0.9781343389575337,0.5207081237015903,-0.09441028410758337,-0.021808591065779943,0.5130083212317518,0.3448991644688291,-0.9335636327945933,0.09748594703887008
0,0.2063545705187354,-0.025903786907259703,-0.9781343389575337,0.5207081237015903,-0.09441028410758337,-0.021808591065779943,0.5130083212317518,0.3448991644688291,-0.9335636327945933,0.09748594703887008
0,0.21350554806212904,-0.04068878834043115,-0.9760941570607199,0.5170174217274841,-0.09602887844860265,-0.021820577794499744,0.5095846263168728,0.31577880709686545,-0.9426243679641488,0.10836533535531408
0,0.21499523865494663,-0.020327559254360476,-0.9764035219561956,0.5195476448671197,-0.0997023201168669,-0.02205553920267253,0.5106090308239774,0.343665623797467,-0.9342621091168077,0.0951222922690154
0,0.21961103938248672,-0.014746805334306366,-0.9754760494813679,0.5201415210923818,-0.10223191946142289,-0.02198882605885854,0.5105348595730174,0.37317344461524093,-0.9225753820268578,0.09796042420280306
0,0.22433886535505418,-0.018891935173805066,-0.9743280598826022,0.5193773694706328,-0.10503356313551944,-0.021980849226799735,0.5093043506630212,0.33813281811929197,-0.9361884257803258,0.09600744108485232
0,0.23603171311972157,-0.014809079587356486,-0.9716325033476106,0.5193800393338359,-0.10725827220116076,-0.022068936053814815,0.5088245859695071,0.4544484768144267,-0.8821224725380407,0.12384072578284298
0,0.23206444621454403,-0.02416938479636627,-0.9724000892840878,0.5176963339887043,-0.109646186552731,-0.022089336285011148,0.5067721028884122,0.28894565358547486,-0.9528526121757301,0.09264075097898572
0,0.24264364099166666,-0.032149851163316125,-0.9695826166730114,0.516299389111783,-0.11246413194254533,-0.02197894607760817,0.505080530612023,0.313292726518834,-0.9433014300590122,0.10968171933835479
0,-0.9678014374690262,-0.01188796750147944,-0.25143399503561564,0.02036534899672872,-0.1696657171666501,-0.03195363379626295,0.7355725215031174,-0.25073267233395424,-0.04262710974545962,0.967117395426751
0,-0.9678014374690262,-0.01188796750147944,-0.25143399503561564,0.02036534899672872,-0.1696657171666501,-0.03195363379626295,0.7355725215031174,-0.25073267233395424,-0.04262710974545962,0.967117395426751
0,0.25898719676581233,-0.027765821639341146,-0.9654815850434842,0.5157787011142917,-0.12201950323668094,-0.022091196219401532,0.5021230852502069,0.30083802211679705,-0.947546061278848,0.10794881287811964
0,-0.9638445817372374,-0.012129148058182796,-0.2661888540513158,0.018465666030817604,-0.18859075717701548,-0.03307490573258454,0.7537468713531065,-0.265463338350389,-0.04282999811472392,0.9631691477883622
0,-0.9620753087233374,-0.012944594163461786,-0.2724766739096002,0.017797997157356235,-0.19555098504934698,-0.033415420835992145,0.7573687595726035,-0.27171216473349447,-0.042985863669039164,0.9614180750633229
0,0.28770754879556193,-0.0168114238108379,-0.9575707505941802,0.5159630425778269,-0.1322394549778255,-0.022124891821982094,0.499481321634461,0.46015278406234794,-0.8744507450498167,0.15360764889643555
0,0.29653981303259613,-0.024419686749643826,-0.9547082372032003,0.5146659313360582,-0.13531845392491473,-0.022060032142074967,0.4976151905587728,0.44120312038547244,-0.8830958935718224,0.1596290992166123
0,0.29653981303259613,-0.024419686749643826,-0.9547082372032003,0.5146659313360582,-0.13531845392491473,-0.022060032142074967,0.4976151905587728,0.44120312038547244,-0.8830958935718224,0.1596290992166123
0,-0.9558349408217777,-0.013847690561841217,-0.29357760024963164,0.01916141514025821,-0.19797360027735844,-0.03162467203250813,0.711326164327584,-0.29276059625572637,-0.043165163769189045,0.9552109724635552
0,-0.9558349408217777,-0.013847690561841217,-0.29357760024963164,0.01916141514025821,-0.19797360027735844,-0.03162467203250813,0.711326164327584,-0.29276059625572637,-0.043165163769189045,0.9552109724635552
0,-0.9558349408217777,-0.013847690561841217,-0.29357760024963164,0.01916141514025821,-0.19797360027735844,-0.03162467203250813,0.711326164327584,-0.29276059625572637,-0.043165163769189045,0.9552109724635552
0,-0.9528283751896623,-0.014819581440304586,-0.3031476000851104,0.014981644975569947,-0.2321041766137997,-0.035068720483815666,0.7806652407804172,-0.30228496948279543,-0.04329856047540052,0.9522337065466354
0,0.3167029739132668,-0.023021998815854792,-0.9482453342268632,0.5121407878753258,-0.148364052851274,-0.02213220305258467,0.4910785867959393,0.37347958766153083,-0.9159210255268969,0.14697507474374868
0,0.3238567393632158,-0.026001165064782207,-0.9457487783668029,0.5115898348395933,-0.15119224962106456,-0.022016960455155617,0.4897681954009322,0.37504913927651573,-0.9141971507111056,0.15356338351847018
0,0.3262722943274352,-0.029633121575864094,-0.9448112340875193,0.5103011687737651,-0.15324302995478573,-0.021977846570654637,0.4878789215978293,0.3329156195885007,-0.9318666963289299,0.14419310144736708
0,0.33130367491372564,-0.03456808816318231,-0.9428907265783256,0.5087612040891675,-0.15500351530849643,-0.02196726514558197,0.4859177455947897,0.32058145420696904,-0.9357528920245469,0.14694916224409654
0,-0.9424381782295069,-0.016787405030614936,-0.33395877476986013,0.01586984571797259,-0.2359405435040288,-0.032628115812734754,0.7149893374368467,-0.3329963653231391,-0.04365840733414743,0.9419168562822434
0,0.3444869390746566,-0.02751014892560466,-0.9383879477652434,0.5079378125823742,-0.16193594436905792,-0.022221644477298116,0.4824916140576051,0.33513947378899267,-0.9301031378937583,0.15029865597077582
0,0.3522445136008265,-0.022661710449387557,-0.9356336085859813,0.5082347605194039,-0.16451181273674076,-0.022237748401476173,0.48180219087785675,0.38929719935614615,-0.9055700587095122,0.16849498313098712
0,0.3548200662124976,-0.03030060956062139,-0.9344434673489957,0.5057540747615752,-0.1666904210069851,-0.022319339538742707,0.4786648671265738,0.3173778176698755,-0.9362207925722653,0.1508706346658184
0,0.36298835876801044,-0.022267323029096824,-0.9315275721748787,0.5060804748891221,-0.16910282527599393,-0.022467885558341928,0.4779229631445469,0.39107248749932744,-0.903763680281801,0.1739928726200675
0,0.36544479568229354,-0.028007772104997254,-0.9304115573274233,0.5046381908688713,-0.17163797271983605,-0.022446859985194,0.4756418490835121,0.3257642117754145,-0.9324883110848651,0.15602316499301913
0,0.36957343139871385,-0.019837996371383917,-0.9289897376732151,0.5055898585714896,-0.17484403762261652,-0.022458369204686097,0.47515882982741603,0.3424554128528596,-0.9264888943900856,0.15602121258859147
0,0.36957343139871385,-0.019837996371383917,-0.9289897376732151,0.5055898585714896,-0.17484403762261652,-0.022458369204686097,0.47515882982741603,0.3424554128528596,-0.9264888943900856,0.15602121258859147
0,-0.9232544366737144,-0.017956530993417284,-0.38376921209886616,0.019167476969692704,-0.23555818330190484,-0.02941649924230172,0.6180168330367202,-0.38269683072037197,-0.044971804245351105,0.9227787777021645
0,-0.9215482383673552,-0.01888230593490864,-0.3878044647533147,0.017670306217649395,-0.24382424446457843,-0.029824725017167,0.626422052443261,-0.38670293385217613,-0.04483645921738382,0.9211137458929638
0,0.39632960496380754,-0.02362981502987037,-0.9178041599758012,0.50259596086959,-0.18549129239594556,-0.022415074014074953,0.4680845359147634,0.3649247065257576,-0.9132547612940329,0.181095829711423
0,0.3973816547053987,-0.030580185789277983,-0.9171437579456627,0.500807422388266,-0.18774718236055898,-0.02241749506455018,0.46545120528950534,0.2826479339862146,-0.9467753457600044,0.15403437951427773
0,0.3973816547053987,-0.030580185789277983,-0.9171437579456627,0.500807422388266,-0.18774718236055898,-0.02241749506455018,0.46545120528950534,0.2826479339862146,-0.9467753457600044,0.15403437951427773
0,0.40825049165996286,-0.023003812337994457,-0.9125800571321493,0.5005553393519722,-0.19339153734114176,-0.022547202440552194,0.4625586735807195,0.3024165028769225,-0.9398243872578129,0.15897918071612052
0,0.4173196921327715,-0.024271147574686822,-0.908435570611156,0.49951657094448665,-0.19579811569612718,-0.02254176275327276,0.4605205801782184,0.33745767615566025,-0.9240274019749255,0.17970998080543862
0,0.4173196921327715,-0.024271147574686822,-0.908435570611156,0.49951657094448665,-0.19579811569612718,-0.02254176275327276,0.4605205801782184,0.33745767615566025,-0.9240274019749255,0.17970998080543862
0,0.42717883005192375,-0.030721149101022215,-0.9036450952400407,0.49712590856040884,-0.20073126015410178,-0.022497663336770397,0.456007474542054,0.29005110498314157,-0.9419461003989178,0.16913870177854234
0,0.43312823998389366,-0.026835185153559225,-0.9009327392010066,0.49701029827544635,-0.2031545576355949,-0.022608602330287005,0.45466771323562694,0.314224650430735,-0.9323521186236561,0.1788362266367259
0,0.43312823998389366,-0.026835185153559225,-0.9009327392010066,0.49701029827544635,-0.2031545576355949,-0.022608602330287005,0.45466771323562694,0.314224650430735,-0.9323521186236561,0.1788362266367259
0,0.4440390927298083,-0.032054122313706496,-0.8954338710191762,0.4945999312810985,-0.20775647737840824,-0.022614361311678533,0.45014247294666837,0.29005939244431994,-0.9404033736103439,0.1775022359158219
0,0.4455209924639335,-0.025438662561311123,-0.8949100064917385,0.4947226408226108,-0.21040298339897107,-0.02271190722888537,0.4487171363293447,0.2691838155225395,-0.9495359656509629,0.1610016254390646
0,0.45162279607050726,-0.02614711819146852,-0.8918257555586396,0.49409966943057276,-0.2129366600493159,-0.022686584871806227,0.4468651033738682,0.27184309689335623,-0.948011340145804,0.16545642817487105
0,0.45162279607050726,-0.02614711819146852,-0.8918257555586396,0.49409966943057276,-0.2129366600493159,-0.022686584871806227,0.4468651033738682,0.27184309689335623,-0.948011340145804,0.16545642817487105
0,0.46509328053283894,-0.02792056410012348,-0.884821271501501,0.49267094694526836,-0.2178911325724435,-0.02269862178389241,0.44298777193442684,0.28988202380418476,-0.9395939112918994,0.18202113650996782
0,0.46509328053283894,-0.02792056410012348,-0.884821271501501,0.49267094694526836,-0.2178911325724435,-0.02269862178389241,0.44298777193442684,0.28988202380418476,-0.9395939112918994,0.18202113650996782
0,0.47349405333248923,-0.027242516891769746,-0.880375616842136,0.4909897397636524,-0.22243211209806477,-0.022821630592140197,0.43877995787473606,0.26354448066587144,-0.9493484307619816,0.1711194428413063
0,0.47349405333248923,-0.027242516891769746,-0.880375616842136,0.4909897397636524,-0.22243211209806477,-0.022821630592140197,0.43877995787473606,0.26354448066587144,-0.9493484307619816,0.1711194428413063
0,0.47496652849926746,-0.03480427091364695,-0.8793153356615158,0.4887478676199045,-0.2238021485587264,-0.022724921525413114,0.43583939325388443,0.20307394923666525,-0.9679133423142672,0.14800247602472286
0,0.4815755651404297,-0.026458707993901574,-0.8760050866456023,0.48935320310248887,-0.22565522972124036,-0.022892994857894717,0.4352587481525603,0.2647694354668974,-0.9484466655454925,0.17420123035207669
0,-0.8754425408856963,-0.024191572522370874,-0.48271640268846355,0.012312560850246346,-0.29485897144192763,-0.029772899076222242,0.5617478497711607,-0.4813122122245661,-0.04735480499615984,0.8752691453520283
0,-0.8731129079944057,-0.024135056443095836,-0.486920269594562,0.012017952489994876,-0.2971369505628907,-0.02990155101003111,0.5589698192612541,-0.48550393299905165,-0.04764861655181039,0.8729350149817288
0,0.49442478917827504,-0.028925692740655984,-0.8687389896531013,0.48531136137971514,-0.23075005750650027,-0.023120582211773398,0.42808207773629786,0.23696488618992673,-0.9571040839282737,0.1667315664138474
0,0.5030137850801103,-0.026637092952393148,-0.8638678123974907,0.4832848030417073,-0.23480016112043237,-0.02330230356978587,0.4234418572328725,0.22077732662593527,-0.9624035988994414,0.15822984823132494
0,0.5030137850801103,-0.026637092952393148,-0.8638678123974907,0.4832848030417073,-0.23480016112043237,-0.02330230356978587,0.4234418572328725,0.22077732662593527,-0.9624035988994414,0.15822984823132494
0,0.5134780575235703,-0.02778078329946831,-0.8576529091183034,0.48187950041610905,-0.23868335521269288,-0.023149486324528113,0.41970818480802236,0.22959998937727716,-0.9585862197431996,0.16851202982100938
0,0.5175763855165375,-0.02780920582769593,-0.8551849701818135,0.4807317333682503,-0.24050849465402024,-0.02319966045539497,0.4173312120722366,0.2185343928246203,-0.9620268544806712,0.16354525492596916
0,-0.853259288370562,-0.02616830196394587,-0.520829921163988,0.011222409340221756,-0.300482821653032,-0.028845806808226904,0.5152680420023715,-0.5192966173050082,-0.04880380658764603,0.8531993973955512
0,0.5274308024129171,-0.030783554133097954,-0.8490401176970385,0.4784192954722445,-0.2439982818072287,-0.023219935884332923,0.41275067073991284,0.21153877433510135,-0.9631126469544526,0.16632912020205912
0,0.5285163823892706,-0.030791153337766136,-0.8483645079918704,0.47728794145424613,-0.24577067933558797,-0.023238757792835293,0.4103302955153352,0.16683191553903493,-0.9760870080928914,0.13936019728690208
0,0.5285163823892706,-0.030791153337766136,-0.8483645079918704,0.47728794145424613,-0.24577067933558797,-0.023238757792835293,0.4103302955153352,0.16683191553903493,-0.9760870080928914,0.13936019728690208
0,0.5373520632388993,-0.02944420418535111,-0.8428438757983528,0.4755717147223315,-0.24942362026424258,-0.023222117826983635,0.40603863225271336,0.1608539853660687,-0.9774657927968808,0.13669900987870398
0,0.542744628532526,-0.026815333004866104,-0.8394695980873449,0.4749880490145524,-0.25118613974178716,-0.023391367028746436,0.40416635572893,0.17806545714073732,-0.973095904053344,0.14620894119671854
0,0.542744628532526,-0.026815333004866104,-0.8394695980873449,0.4749880490145524,-0.25118613974178716,-0.023391367028746436,0.40416635572893,0.17806545714073732,-0.973095904053344,0.14620894119671854
0,0.542744628532526,-0.026815333004866104,-0.8394695980873449,0.4749880490145524,-0.25118613974178716,-0.023391367028746436,0.40416635572893,0.17806545714073732,-0.973095904053344,0.14620894119671854
0,0.542744628532526,-0.026815333004866104,-0.8394695980873449,0.4749880490145524,-0.25118613974178716,-0.023391367028746436,0.40416635572893,0.17806545714073732,-0.973095904053344,0.14620894119671854
0,0.542744628532526,-0.026815333004866104,-0.8394695980873449,0.4749880490145524,-0.25118613974178716,-0.023391367028746436,0.40416635572893,0.17806545714073732,-0.973095904053344,0.14620894119671854
0,0.5598403308040758,-0.030461950863357956,-0.8280403815954759,0.4696716890672909,-0.2585990754988291,-0.023726786972681126,0.39324200673148,0.11270628275185543,-0.987236880142007,0.11251949303892031
0,-0.825103605848798,-0.030606812894381073,-0.5641518081312508,0.0067965794215790465,-0.31814174476135876,-0.029044252036429307,0.47892327612655866,-0.5624018658634535,-0.050815605405911145,0.8253011059719578
0,0.5695813937033756,-0.031130783231373704,-0.821345183391442,0.4673694126895909,-0.2610059838252975,-0.02392957545913348,0.38893538739077105,0.1327696464949285,-0.9826744778248512,0.129317793049788
0,-0.8214757913547988,-0.031942446010755195,-0.5693480520374661,0.005283027940981594,-0.32861123913490264,-0.0299301365314973,0.48509035279791246,-0.5675401094798227,-0.05130581039399821,0.8217456650019189
0,0.5745751966896467,-0.02909637074366129,-0.8179344378106361,0.4657120250726278,-0.263516149334646,-0.023965241450640957,0.3851158096865846,0.10720604171884686,-0.9880819097100211,0.11045815642484212
0,0.5745751966896467,-0.02909637074366129,-0.8179344378106361,0.4657120250726278,-0.263516149334646,-0.023965241450640957,0.3851158096865846,0.10720604171884686,-0.9880819097100211,0.11045815642484212
0,0.5840796847272322,-0.034042294992381525,-0.8109821477927789,0.4628232032745586,-0.26587283670096695,-0.02397917736802081,0.3802162448403841,0.11054728054058202,-0.9864744808842688,0.12102643234927778
0,0.5840796847272322,-0.034042294992381525,-0.8109821477927789,0.4628232032745586,-0.26587283670096695,-0.02397917736802081,0.3802162448403841,0.11054728054058202,-0.9864744808842688,0.12102643234927778
0,0.5840796847272322,-0.034042294992381525,-0.8109821477927789,0.4628232032745586,-0.26587283670096695,-0.02397917736802081,0.3802162448403841,0.11054728054058202,-0.9864744808842688,0.12102643234927778
0,0.5917543755200529,-0.0302665798635912,-0.8055499321545705,0.46172499438068804,-0.2697605789155424,-0.024089029446515982,0.3759196940011244,0.09022648171132493,-0.9905289469495131,0.10349679826489681
0,-0.8039182595320966,-0.03318868861406952,-0.5938130538620409,0.0031717482643378314,-0.33249075054695526,-0.029585791817143527,0.4571287977270563,-0.591920373897209,-0.052455563160626974,0.80428768786852
0,0.5997483569438382,-0.03458343833135049,-0.7994409885253245,0.458691135012668,-0.27237477625842066,-0.024046815434116204,0.3704669091131845,0.06780663630973723,-0.9932757528946056,0.09383783235994689
0,0.5997483569438382,-0.03458343833135049,-0.7994409885253245,0.458691135012668,-0.27237477625842066,-0.024046815434116204,0.3704669091131845,0.06780663630973723,-0.9932757528946056,0.09383783235994689
0,0.5997483569438382,-0.03458343833135049,-0.7994409885253245,0.458691135012668,-0.27237477625842066,-0.024046815434116204,0.3704669091131845,0.06780663630973723,-0.9932757528946056,0.09383783235994689
0,0.5997483569438382,-0.03458343833135049,-0.7994409885253245,0.458691135012668,-0.27237477625842066,-0.024046815434116204,0.3704669091131845,0.06780663630973723,-0.9932757528946056,0.09383783235994689
0,0.5997483569438382,-0.03458343833135049,-0.7994409885253245,0.458691135012668,-0.27237477625842066,-0.024046815434116204,0.3704669091131845,0.06780663630973723,-0.9932757528946056,0.09383783235994689
0,0.5997483569438382,-0.03458343833135049,-0.7994409885253245,0.458691135012668,-0.27237477625842066,-0.024046815434116204,0.3704669091131845,0.06780663630973723,-0.9932757528946056,0.09383783235994689
0,0.5997483569438382,-0.03458343833135049,-0.7994409885253245,0.458691135012668,-0.27237477625842066,-0.024046815434116204,0.3704669091131845,0.06780663630973723,-0.9932757528946056,0.09383783235994689
0,0.5997483569438382,-0.03458343833135049,-0.7994409885253245,0.458691135012668,-0.27237477625842066,-0.024046815434116204,0.3704669091131845,0.06780663630973723,-0.9932757528946056,0.09383783235994689
0,0.5997483569438382,-0.03458343833135049,-0.7994409885253245,0.458691135012668,-0.27237477625842066,-0.024046815434116204,0.3704669091131845,0.06780663630973723,-0.9932757528946056,0.09383783235994689
0,0.5997483569438382,-0.03458343833135049,-0.7994409885253245,0.458691135012668,-0.27237477625842066,-0.024046815434116204,0.3704669091131845,0.06780663630973723,-0.9932757528946056,0.09383783235994689
0,0.5997483569438382,-0.03458343833135049,-0.7994409885253245,0.458691135012668,-0.27237477625842066,-0.024046815434116204,0.3704669091131845,0.06780663630973723,-0.9932757528946056,0.09383783235994689
0,0.5997483569438382,-0.03458343833135049,-0.7994409885253245,0.458691135012668,-0.27237477625842066,-0.024046815434116204,0.3704669091131845,0.06780663630973723,-0.9932757528946056,0.09383783235994689
0,0.5997483569438382,-0.03458343833135049,-0.7994409885253245,0.458691135012668,-0.27237477625842066,-0.024046815434116204,0.3704669091131845,0.06780663630973723,-0.9932757528946056,0.09383783235994689
0,0.5997483569438382,-0.03458343833135049,-0.7994409885253245,0.458691135012668,-0.27237477625842066,-0.024046815434116204,0.3704669091131845,0.06780663630973723,-0.9932757528946056,0.09383783235994689
0,0.5997483569438382,-0.03458343833135049,-0.7994409885253245,0.458691135012668,-0.27237477625842066,-0.024046815434116204,0.3704669091131845,0.06780663630973723,-0.9932757528946056,0.09383783235994689
0,0.5997483569438382,-0.03458343833135049,-0.7994409885253245,0.458691135012668,-0.27237477625842066,-0.024046815434116204,0.3704669091131845,0.06780663630973723,-0.9932757528946056,0.09383783235994689
0,0.5997483569438382,-0.03458343833135049,-0.7994409885253245,0.458691135012668,-0.27237477625842066,-0.024046815434116204,0.3704669091131845,0.06780663630973723,-0.9932757528946056,0.09383783235994689
0,0.5997483569438382,-0.03458343833135049,-0.7994409885253245,0.458691135012668,-0.27237477625842066,-0.024046815434116204,0.3704669091131845,0.06780663630973723,-0.9932757528946056,0.09383783235994689
0,0.5997483569438382,-0.03458343833135049,-0.7994409885253245,0.458691135012668,-0.27237477625842066,-0.024046815434116204,0.3704669091131845,0.06780663630973723,-0.9932757528946056,0.09383783235994689
0,0.5997483569438382,-0.03458343833135049,-0.7994409885253245,0.458691135012668,-0.27237477625842066,-0.024046815434116204,0.3704669091131845,0.06780663630973723,-0.9932757528946056,0.09383783235994689
0,0.5997483569438382,-0.03458343833135049,-0.7994409885253245,0.458691135012668,-0.27237477625842066,-0.024046815434116204,0.3704669091131845,0.06780663630973723,-0.9932757528946056,0.09383783235994689
0,0.5997483569438382,-0.03458343833135049,-0.7994409885253245,0.458691135012668,-0.27237477625842066,-0.024046815434116204,0.3704669091131845,0.06780663630973723,-0.9932757528946056,0.09383783235994689
0,-0.028317546412289903,0.08803133909439674,-0.9957151198512733,1.0938785832831837,0.1205309100431982,0.028825675813631175,1.0977065474805214,0.5811346011486029,0.8119294204762859,0.05525569211309136
0,-0.028317546412289903,0.08803133909439674,-0.9957151198512733,1.0938785832831837,0.1205309100431982,0.028825675813631175,1.0977065474805214,0.5811346011486029,0.8119294204762859,0.05525569211309136
0,-0.04467885491474468,0.08437073983791815,-0.9954322569520788,1.0944411250123878,0.11967414116538089,0.028730437737135857,1.0965268827555277,0.5040368848576364,0.8622070739373521,0.050455726666053455
0,-0.04467885491474468,0.08437073983791815,-0.9954322569520788,1.0944411250123878,0.11967414116538089,0.028730437737135857,1.0965268827555277,0.5040368848576364,0.8622070739373521,0.050455726666053455
0,-0.04467885491474468,0.08437073983791815,-0.9954322569520788,1.0944411250123878,0.11967414116538089,0.028730437737135857,1.0965268827555277,0.5040368848576364,0.8622070739373521,0.050455726666053455
0,-0.04467885491474468,0.08437073983791815,-0.9954322569520788,1.0944411250123878,0.11967414116538089,0.028730437737135857,1.0965268827555277,0.5040368848576364,0.8622070739373521,0.050455726666053455
0,-0.04467885491474468,0.08437073983791815,-0.9954322569520788,1.0944411250123878,0.11967414116538089,0.028730437737135857,1.0965268827555277,0.5040368848576364,0.8622070739373521,0.050455726666053455
0,-0.04467885491474468,0.08437073983791815,-0.9954322569520788,1.0944411250123878,0.11967414116538089,0.028730437737135857,1.0965268827555277,0.5040368848576364,0.8622070739373521,0.050455726666053455
0,-0.04467885491474468,0.08437073983791815,-0.9954322569520788,1.0944411250123878,0.11967414116538089,0.028730437737135857,1.0965268827555277,0.5040368848576364,0.8622070739373521,0.050455726666053455
0,-0.04467885491474468,0.08437073983791815,-0.9954322569520788,1.0944411250123878,0.11967414116538089,0.028730437737135857,1.0965268827555277,0.5040368848576364,0.8622070739373521,0.050455726666053455
0,-0.04467885491474468,0.08437073983791815,-0.9954322569520788,1.0944411250123878,0.11967414116538089,0.028730437737135857,1.0965268827555277,0.5040368848576364,0.8622070739373521,0.050455726666053455
0,-0.04467885491474468,0.08437073983791815,-0.9954322569520788,1.0944411250123878,0.11967414116538089,0.028730437737135857,1.0965268827555277,0.5040368848576364,0.8622070739373521,0.050455726666053455
0,-0.04467885491474468,0.08437073983791815,-0.9954322569520788,1.0944411250123878,0.11967414116538089,0.028730437737135857,1.0965268827555277,0.5040368848576364,0.8622070739373521,0.050455726666053455
0,-0.04467885491474468,0.08437073983791815,-0.9954322569520788,1.0944411250123878,0.11967414116538089,0.028730437737135857,1.0965268827555277,0.5040368848576364,0.8622070739373521,0.050455726666053455
0,-0.04467885491474468,0.08437073983791815,-0.9954322569520788,1.0944411250123878,0.11967414116538089,0.028730437737135857,1.0965268827555277,0.5040368848576364,0.8622070739373521,0.050455726666053455
0,-0.04467885491474468,0.08437073983791815,-0.9954322569520788,1.0944411250123878,0.11967414116538089,0.028730437737135857,1.0965268827555277,0.5040368848576364,0.8622070739373521,0.050455726666053455
0,-0.04467885491474468,0.08437073983791815,-0.9954322569520788,1.0944411250123878,0.11967414116538089,0.028730437737135857,1.0965268827555277,0.5040368848576364,0.8622070739373521,0.050455726666053455
0,-0.04467885491474468,0.08437073983791815,-0.9954322569520788,1.0944411250123878,0.11967414116538089,0.028730437737135857,1.0965268827555277,0.5040368848576364,0.8622070739373521,0.050455726666053455
0,-0.04467885491474468,0.08437073983791815,-0.9954322569520788,1.0944411250123878,0.11967414116538089,0.028730437737135857,1.0965268827555277,0.5040368848576364,0.8622070739373521,0.050455726666053455
0,-0.04467885491474468,0.08437073983791815,-0.9954322569520788,1.0944411250123878,0.11967414116538089,0.028730437737135857,1.0965268827555277,0.5040368848576364,0.8622070739373521,0.050455726666053455
0,-0.04467885491474468,0.08437073983791815,-0.9954322569520788,1.0944411250123878,0.11967414116538089,0.028730437737135857,1.0965268827555277,0.5040368848576364,0.8622070739373521,0.050455726666053455
0,-0.04467885491474468,0.08437073983791815,-0.9954322569520788,1.0944411250123878,0.11967414116538089,0.028730437737135857,1.0965268827555277,0.5040368848576364,0.8622070739373521,0.050455726666053455
0,-0.04467885491474468,0.08437073983791815,-0.9954322569520788,1.0944411250123878,0.11967414116538089,0.028730437737135857,1.0965268827555277,0.5040368848576364,0.8622070739373521,0.050455726666053455
0,0.020963131961261892,0.059223765188567604,-0.9980245952546781,0.9451611824610816,-0.014503514274946956,0.013767852002860665,0.9475443109398355,0.0757766068142137,0.9952784456274331,0.06065246513675128
0,0.020963131961261892,0.059223765188567604,-0.9980245952546781,0.9451611824610816,-0.014503514274946956,0.013767852002860665,0.9475443109398355,0.0757766068142137,0.9952784456274331,0.06065246513675128
0,0.020963131961261892,0.059223765188567604,-0.9980245952546781,0.9451611824610816,-0.014503514274946956,0.013767852002860665,0.9475443109398355,0.0757766068142137,0.9952784456274331,0.06065246513675128
0,0.020963131961261892,0.059223765188567604,-0.9980245952546781,0.9451611824610816,-0.014503514274946956,0.013767852002860665,0.9475443109398355,0.0757766068142137,0.9952784456274331,0.06065246513675128
0,0.020963131961261892,0.059223765188567604,-0.9980245952546781,0.9451611824610816,-0.014503514274946956,0.013767852002860665,0.9475443109398355,0.0757766068142137,0.9952784456274331,0.06065246513675128
0,0.020963131961261892,0.059223765188567604,-0.9980245952546781,0.9451611824610816,-0.014503514274946956,0.013767852002860665,0.9475443109398355,0.0757766068142137,0.9952784456274331,0.06065246513675128
0,0.020963131961261892,0.059223765188567604,-0.9980245952546781,0.9451611824610816,-0.014503514274946956,0.013767852002860665,0.9475443109398355,0.0757766068142137,0.9952784456274331,0.06065246513675128
0,0.020963131961261892,0.059223765188567604,-0.9980245952546781,0.9451611824610816,-0.014503514274946956,0.013767852002860665,0.9475443109398355,0.0757766068142137,0.9952784456274331,0.06065246513675128
0,0.020963131961261892,0.059223765188567604,-0.9980245952546781,0.9451611824610816,-0.014503514274946956,0.013767852002860665,0.9475443109398355,0.0757766068142137,0.9952784456274331,0.06065246513675128
0,0.020963131961261892,0.059223765188567604,-0.9980245952546781,0.9451611824610816,-0.014503514274946956,0.013767852002860665,0.9475443109398355,0.0757766068142137,0.9952784456274331,0.06065246513675128
0,0.020963131961261892,0.059223765188567604,-0.9980245952546781,0.9451611824610816,-0.014503514274946956,0.013767852002860665,0.9475443109398355,0.0757766068142137,0.9952784456274331,0.06065246513675128
0,0.020963131961261892,0.059223765188567604,-0.9980245952546781,0.9451611824610816,-0.014503514274946956,0.013767852002860665,0.9475443109398355,0.0757766068142137,0.9952784456274331,0.06065246513675128
0,0.020963131961261892,0.059223765188567604,-0.9980245952546781,0.9451611824610816,-0.014503514274946956,0.013767852002860665,0.9475443109398355,0.0757766068142137,0.9952784456274331,0.06065246513675128
0,0.020963131961261892,0.059223765188567604,-0.9980245952546781,0.9451611824610816,-0.014503514274946956,0.013767852002860665,0.9475443109398355,0.0757766068142137,0.9952784456274331,0.06065246513675128
0,0.020963131961261892,0.059223765188567604,-0.9980245952546781,0.9451611824610816,-0.014503514274946956,0.013767852002860665,0.9475443109398355,0.0757766068142137,0.9952784456274331,0.06065246513675128
0,0.020963131961261892,0.059223765188567604,-0.9980245952546781,0.9451611824610816,-0.014503514274946956,0.013767852002860665,0.9475443109398355,0.0757766068142137,0.9952784456274331,0.06065246513675128
0,0.020963131961261892,0.059223765188567604,-0.9980245952546781,0.9451611824610816,-0.014503514274946956,0.013767852002860665,0.9475443109398355,0.0757766068142137,0.9952784456274331,0.06065246513675128
0,0.020963131961261892,0.059223765188567604,-0.9980245952546781,0.9451611824610816,-0.014503514274946956,0.013767852002860665,0.9475443109398355,0.0757766068142137,0.9952784456274331,0.06065246513675128
0,0.020963131961261892,0.059223765188567604,-0.9980245952546781,0.9451611824610816,-0.014503514274946956,0.013767852002860665,0.9475443109398355,0.0757766068142137,0.9952784456274331,0.06065246513675128
0,0.020963131961261892,0.059223765188567604,-0.9980245952546781,0.9451611824610816,-0.014503514274946956,0.013767852002860665,0.9475443109398355,0.0757766068142137,0.9952784456274331,0.06065246513675128
0,0.020963131961261892,0.059223765188567604,-0.9980245952546781,0.9451611824610816,-0.014503514274946956,0.013767852002860665,0.9475443109398355,0.0757766068142137,0.9952784456274331,0.06065246513675128
0,0.32333791969230785,-0.05991452009179843,-0.9443849003288967,0.9104309231794333,-0.2702284495376536,0.01465647507756029,0.8705959641110368,0.5045064747737336,-0.8334115725931707,0.22560666563104553
0,-0.9511278682487414,-0.023684739023197128,-0.30788766031786297,0.011541013554459634,-0.48490161792352177,0.026134917234450713,1.5334341640678675,-0.30829662963961585,0.016078603353560667,0.9511543863459037
0,-0.9511278682487414,-0.023684739023197128,-0.30788766031786297,0.011541013554459634,-0.48490161792352177,0.026134917234450713,1.5334341640678675,-0.30829662963961585,0.016078603353560667,0.9511543863459037
0,0.32321710447112245,-0.04061912776732435,-0.9454526904265095,0.9156252535551371,-0.2850147089131443,0.014648832641648457,0.8703858058012504,0.4288102854131148,-0.8843352333760991,0.18458855363094281
0,0.32321710447112245,-0.04061912776732435,-0.9454526904265095,0.9156252535551371,-0.2850147089131443,0.014648832641648457,0.8703858058012504,0.4288102854131148,-0.8843352333760991,0.18458855363094281
0,0.33456533585342474,-0.06194681366103727,-0.9403343173151397,0.9087159675567854,-0.2944282202842507,0.014319532498132309,0.8606762795301138,0.22062854320281686,-0.964955943645182,0.1420671416832166
0,-0.9371083232971147,-0.028370185346899987,-0.3478837779900825,0.02168228404005912,-0.37903183346246044,0.018119014816869637,1.081861684779013,-0.34838955178710973,0.015270221799724735,0.9372254480805374
0,0.35516438134556444,-0.05939516875703199,-0.9329150423000724,0.905337013860573,-0.30606423020286133,0.014511745960737144,0.8529951144600687,0.359742828870953,-0.9124372833496815,0.1950469200663711
0,0.3610631975390655,-0.07124392842205916,-0.9298159334211574,0.9007366964802501,-0.3097880221673628,0.014335048609861584,0.8473315299741713,0.29074590049842214,-0.9387778765694877,0.1848321395348913
0,0.3610631975390655,-0.07124392842205916,-0.9298159334211574,0.9007366964802501,-0.3097880221673628,0.014335048609861584,0.8473315299741713,0.29074590049842214,-0.9387778765694877,0.1848321395348913
0,0.3745980892034216,-0.06169056889764025,-0.925132717653111,0.8994847270959412,-0.32006605195969406,0.014975633936408298,0.8416789563027715,0.3758144288888554,-0.9020434932191357,0.2123229883407886
0,0.3745980892034216,-0.06169056889764025,-0.925132717653111,0.8994847270959412,-0.32006605195969406,0.014975633936408298,0.8416789563027715,0.3758144288888554,-0.9020434932191357,0.2123229883407886
0,0.3782757016852445,-0.06732395009426832,-0.9232415606201014,0.8943745107189423,-0.3230153255022511,0.014563189580473949,0.8353233251793563,0.31174145363539113,-0.9298301827807729,0.19553285471543616
0,-0.9210970785290719,-0.032082932343775156,-0.3880088367233839,0.023342712584573766,-0.3939394794341166,0.016924721859951496,0.9939366968004671,-0.38861180390543215,0.015131206595997905,0.9212773265691039
0,0.3847376928740873,-0.052196469376940835,-0.9215489331904771,0.8952532077539501,-0.33406890598305594,0.014209892468336508,0.8311903728607137,0.29893596211921053,-0.9375430770061901,0.17790522563327654
0,0.3909364532248805,-0.05974907639643433,-0.9184763129268624,0.8933730697274109,-0.33686630081887936,0.014359177735039749,0.8283521246643138,0.29719239045777573,-0.9362465588551442,0.18740081132133393
0,0.3909364532248805,-0.05974907639643433,-0.9184763129268624,0.8933730697274109,-0.33686630081887936,0.014359177735039749,0.8283521246643138,0.29719239045777573,-0.9362465588551442,0.18740081132133393
0,0.3909364532248805,-0.05974907639643433,-0.9184763129268624,0.8933730697274109,-0.33686630081887936,0.014359177735039749,0.8283521246643138,0.29719239045777573,-0.9362465588551442,0.18740081132133393
0,0.3909364532248805,-0.05974907639643433,-0.9184763129268624,0.8933730697274109,-0.33686630081887936,0.014359177735039749,0.8283521246643138,0.29719239045777573,-0.9362465588551442,0.18740081132133393
0,0.4046554825280708,-0.05949325622643859,-0.912531913371554,0.8881308651861297,-0.3479555103604138,0.014324442167652066,0.8180278865828693,0.2796156058570772,-0.942039314069769,0.1854104735610662
0,-0.9116741422061564,-0.033072531019646106,-0.4095808419868091,0.016172347856334812,-0.44704730758672145,0.018275991280542532,1.033079045360031,-0.4102297836266301,0.015760239590070325,0.911846006446106
0,0.41067791977177237,-0.056486772481504695,-0.9100290603846408,0.8892316629435939,-0.3592665335216449,0.014468114160854978,0.8141185875177712,0.16188428095478782,-0.9777046529820955,0.13374263013307144
0,-0.9082491866541047,-0.03660530027760598,-0.4168254633917456,0.010895988785717625,-0.5066134928884263,0.019999774810183106,1.1282784407180435,-0.4175801186771415,0.01584666284482563,0.9085019140102386
0,0.4250901739929055,-0.05734016347956579,-0.9033329671969345,0.8846360936195825,-0.3673611808448622,0.014196895522267758,0.805528458995359,0.22811412660171412,-0.9589923267089345,0.16821909093834017
0,0.42631538577534933,-0.06790466724320349,-0.902022254723133,0.8766579966418502,-0.3685517136151138,0.014239639587964242,0.7966231308855364,0.11273067463929506,-0.9854163275566331,0.1274615878536269
0,0.4456266786512151,-0.05294609597789062,-0.8936518193306533,0.8746490959944279,-0.3766643088287146,0.01402075074482961,0.79007849790856,0.36543564050728167,-0.9005322355312065,0.23558116523652858
0,0.4456266786512151,-0.05294609597789062,-0.8936518193306533,0.8746490959944279,-0.3766643088287146,0.01402075074482961,0.79007849790856,0.36543564050728167,-0.9005322355312065,0.23558116523652858
0,0.44917538533443496,-0.060390281249949364,-0.8914002956799002,0.8705526407410089,-0.37888794076664406,0.013749580673596483,0.784759850647206,0.29183828795689015,-0.9330685347441371,0.21027011949114488
0,0.4539837589956371,-0.06569726882186183,-0.8885846135487263,0.8662976163760291,-0.38168315018287474,0.013557348681446073,0.7789117364588727,0.25330919305243604,-0.9466108971126026,0.19940476970423104
0,0.4543333259002245,-0.05729742163949633,-0.8889871958852423,0.8669457981750408,-0.3867287738321697,0.013458745264752854,0.7766938375853885,0.19128469101111292,-0.9683772481923075,0.1601738810364449
0,0.46095146187567376,-0.05340604479689139,-0.885816879592973,0.8665758607723749,-0.39118380424052757,0.01340878690404591,0.7739105224395242,0.2397753806690333,-0.9535660586531918,0.18226227971700004
0,0.46931734650439566,-0.05358931040064973,-0.8814019594253553,0.8642063051454785,-0.39489495336054425,0.013241940890390309,0.769416972306018,0.3003442845001495,-0.9289577923794655,0.21640409132815225
0,-0.8777633541159576,-0.04244699281779612,-0.4772103801991631,0.017950375694723297,-0.4514957687378019,0.01516076829613433,0.8667315384790663,-0.478138892201483,0.014734320647034081,0.8781606342562897
0,0.4860564581552239,-0.058246807759175026,-0.8719841907222085,0.8564081183365925,-0.40120015439611745,0.013508891850821665,0.7576001371144896,0.3689012071516089,-0.8908500638562298,0.2651378190440533
0,0.49148716042193247,-0.059046050334871016,-0.868880852060993,0.8507895812524081,-0.408360452924642,0.013120548305798122,0.7472957238268112,0.24964576162238966,-0.9462763412119524,0.20551904963895123
0,0.49148716042193247,-0.059046050334871016,-0.868880852060993,0.8507895812524081,-0.408360452924642,0.013120548305798122,0.7472957238268112,0.24964576162238966,-0.9462763412119524,0.20551904963895123
0,0.49585962087624946,-0.06199352205023201,-0.8661870696369632,0.8478455060954133,-0.4118274156073483,0.01271079822076257,0.742159465674735,0.20687763513321314,-0.9602985052188548,0.1871588228059853
0,0.5047815304886663,-0.06059323881517158,-0.861117916365353,0.8454389349216971,-0.41516153104959724,0.012644447036340345,0.7375376609979198,0.2802176782482131,-0.9320139308973079,0.22984361076290397
0,-0.8573180447276288,-0.045121250153066984,-0.512805853093566,0.018190089522546915,-0.45844260539647497,0.013438165685761689,0.8007218683022068,-0.5138106775140764,0.013676050419847428,0.8577945869002902
0,-0.8573413189974147,-0.046954143669749246,-0.5126023518576694,0.011649754892232356,-0.48170235764158303,0.012993772734826483,0.8271967082249435,-0.5136494626115108,0.013002651416710337,0.8579016031066975
0,0.5265012788072782,-0.06445812609564029,-0.8477272871581634,0.839383234303495,-0.4344676999731685,0.011673436838452525,0.7194330016767226,0.17053298139897305,-0.9688493311026208,0.17958139067058645
0,0.5265012788072782,-0.06445812609564029,-0.8477272871581634,0.839383234303495,-0.4344676999731685,0.011673436838452525,0.7194330016767226,0.17053298139897305,-0.9688493311026208,0.17958139067058645
0,0.5245859298827259,-0.05785507189957201,-0.8493894235405638,0.8410057807409133,-0.43882802825329104,0.01175412589809963,0.7183074321068103,0.06323790214613058,-0.9922842329516843,0.10664412203981984
0,-0.8466223032219332,-0.04597432191530714,-0.5302047127380298,0.0087992726876715,-0.5025369760480117,0.01333797217554516,0.8178823578118394,-0.5312431590538169,0.01347250409647284,0.8471122697670549
0,-0.8490800721051498,-0.04592448968780766,-0.5262641659839931,0.003604786817359873,-0.6238946366769121,0.016438568973491486,1.0120133412957901,-0.5273053725236816,0.013686542192960848,0.8495656082189661
0,-0.8457439170611414,-0.046564401123192635,-0.5315533682520652,0.008159552046949181,-0.505984234848176,0.01344328983545903,0.8192341316362723,-0.5326169098216602,0.013565919900280722,0.846247713844643
0,0.850711855460629,0.04679598826530477,0.5235451026024476,0.0001968252274895388,-0.07317591641727382,0.001940879186319132,0.11835459587959545,-0.5246267988359451,0.014013022190152942,0.8512169859385132
0,0.5334772663229702,-0.06347252166090231,-0.8434294548500052,0.8399433096536939,-0.4419077050399947,0.011802490490479366,0.7154676160508373,0.14529582188061926,-0.9754800792376181,0.16531103760065644
0,0.5337279020055921,-0.063398729311466,-0.8432764242764057,0.8404914996235004,-0.4421789019286711,0.011893578674564295,0.7159387204843184,0.15095135952400252,-0.9740280498771429,0.16876920663552789
0,0.5285925184124229,-0.06358789792322256,-0.8464907138971568,0.8405606131177441,-0.4424074777203788,0.012010222317719534,0.7158302100262439,0.0457149203371624,-0.9936109626548911,0.10318624398914562
0,0.8506505701037664,0.04834034546322414,0.5235043634781216,0.00046683342796766114,-0.14849831661771487,0.00402604443836201,0.24003376600048523,-0.5246542117524029,0.014342361306053432,0.8511946045180453
0,0.8506505701037664,0.04834034546322414,0.5235043634781216,0.00046683342796766114,-0.14849831661771487,0.00402604443836201,0.24003376600048523,-0.5246542117524029,0.014342361306053432,0.8511946045180453
0,0.8506505701037664,0.04834034546322414,0.5235043634781216,0.00046683342796766114,-0.14849831661771487,0.00402604443836201,0.24003376600048523,-0.5246542117524029,0.014342361306053432,0.8511946045180453
0,0.5318867303552437,-0.06285205825834773,-0.8444797954022921,0.8405276004348212,-0.4449317319469018,0.011922249946215109,0.7141970496319359,0.05179413218406773,-0.992960117591443,0.10652498646837383
0,0.5349696664005053,-0.06368861726877907,-0.8424673382747386,0.8398185279778211,-0.4469523704441343,0.011979874806006416,0.7121339410398712,0.055587221946571994,-0.9923408018149745,0.11031678842078438
0,0.5389217787052295,-0.059476710802938336,-0.8402534363555171,0.8403013584829359,-0.4502221113835834,0.011929239852170282,0.7104491569163996,0.06862479327059177,-0.9910884418422353,0.1141680261426062
0,0.5389217787052295,-0.059476710802938336,-0.8402534363555171,0.8403013584829359,-0.4502221113835834,0.011929239852170282,0.7104491569163996,0.06862479327059177,-0.9910884418422353,0.1141680261426062
0,0.5389217787052295,-0.059476710802938336,-0.8402534363555171,0.8403013584829359,-0.4502221113835834,0.011929239852170282,0.7104491569163996,0.06862479327059177,-0.9910884418422353,0.1141680261426062
0,0.5389217787052295,-0.059476710802938336,-0.8402534363555171,0.8403013584829359,-0.4502221113835834,0.011929239852170282,0.7104491569163996,0.06862479327059177,-0.9910884418422353,0.1141680261426062
0,0.5389217787052295,-0.059476710802938336,-0.8402534363555171,0.8403013584829359,-0.4502221113835834,0.011929239852170282,0.7104491569163996,0.06862479327059177,-0.9910884418422353,0.1141680261426062
0,0.5653088222546826,-0.06442464994319379,-0.8223596536544825,0.835112123987449,-0.46629601707154844,0.010948303723906119,0.6941069258239951,0.13223376024571626,-0.9769743068913248,0.16743785809515724
0,-0.8150868248617343,-0.05106942574527387,-0.577083513617279,0.006892163372220039,-0.48872127671046867,0.01104733881554926,0.7012473000009969,-0.5783143746693534,0.012512224548824837,0.8157180445997468
0,0.587188565522716,-0.06633173057704969,-0.8067277669920806,0.8331611506410913,-0.4824634606121412,0.010804582370186137,0.6807097252743215,0.14764090688775355,-0.9711416077676654,0.1873129474270147
0,-0.79447428566543,-0.05364896892303261,-0.6049234642067542,0.007921400891553243,-0.4726167254289792,0.01018262030397798,0.6329014690181994,-0.6062775689321926,0.012352718790619272,0.7951571666948305
0,-0.79447428566543,-0.05364896892303261,-0.6049234642067542,0.007921400891553243,-0.4726167254289792,0.01018262030397798,0.6329014690181994,-0.6062775689321926,0.012352718790619272,0.7951571666948305
0,-0.79447428566543,-0.05364896892303261,-0.6049234642067542,0.007921400891553243,-0.4726167254289792,0.01018262030397798,0.6329014690181994,-0.6062775689321926,0.012352718790619272,0.7951571666948305
0,-0.79447428566543,-0.05364896892303261,-0.6049234642067542,0.007921400891553243,-0.4726167254289792,0.01018262030397798,0.6329014690181994,-0.6062775689321926,0.012352718790619272,0.7951571666948305
0,-0.79447428566543,-0.05364896892303261,-0.6049234642067542,0.007921400891553243,-0.4726167254289792,0.01018262030397798,0.6329014690181994,-0.6062775689321926,0.012352718790619272,0.7951571666948305
0,-0.79447428566543,-0.05364896892303261,-0.6049234642067542,0.007921400891553243,-0.4726167254289792,0.01018262030397798,0.6329014690181994,-0.6062775689321926,0.012352718790619272,0.7951571666948305
0,-0.79447428566543,-0.05364896892303261,-0.6049234642067542,0.007921400891553243,-0.4726167254289792,0.01018262030397798,0.6329014690181994,-0.6062775689321926,0.012352718790619272,0.7951571666948305
0,-0.79447428566543,-0.05364896892303261,-0.6049234642067542,0.007921400891553243,-0.4726167254289792,0.01018262030397798,0.6329014690181994,-0.6062775689321926,0.012352718790619272,0.7951571666948305
0,-0.79447428566543,-0.05364896892303261,-0.6049234642067542,0.007921400891553243,-0.4726167254289792,0.01018262030397798,0.6329014690181994,-0.6062775689321926,0.012352718790619272,0.7951571666948305
0,-0.79447428566543,-0.05364896892303261,-0.6049234642067542,0.007921400891553243,-0.4726167254289792,0.01018262030397798,0.6329014690181994,-0.6062775689321926,0.012352718790619272,0.7951571666948305
0,-0.79447428566543,-0.05364896892303261,-0.6049234642067542,0.007921400891553243,-0.4726167254289792,0.01018262030397798,0.6329014690181994,-0.6062775689321926,0.012352718790619272,0.7951571666948305
0,-0.79447428566543,-0.05364896892303261,-0.6049234642067542,0.007921400891553243,-0.4726167254289792,0.01018262030397798,0.6329014690181994,-0.6062775689321926,0.012352718790619272,0.7951571666948305
0,-0.79447428566543,-0.05364896892303261,-0.6049234642067542,0.007921400891553243,-0.4726167254289792,0.01018262030397798,0.6329014690181994,-0.6062775689321926,0.012352718790619272,0.7951571666948305
0,-0.79447428566543,-0.05364896892303261,-0.6049234642067542,0.007921400891553243,-0.4726167254289792,0.01018262030397798,0.6329014690181994,-0.6062775689321926,0.012352718790619272,0.7951571666948305
0,-0.79447428566543,-0.05364896892303261,-0.6049234642067542,0.007921400891553243,-0.4726167254289792,0.01018262030397798,0.6329014690181994,-0.6062775689321926,0.012352718790619272,0.7951571666948305
0,-0.79447428566543,-0.05364896892303261,-0.6049234642067542,0.007921400891553243,-0.4726167254289792,0.01018262030397798,0.6329014690181994,-0.6062775689321926,0.012352718790619272,0.7951571666948305
0,-0.79447428566543,-0.05364896892303261,-0.6049234642067542,0.007921400891553243,-0.4726167254289792,0.01018262030397798,0.6329014690181994,-0.6062775689321926,0.012352718790619272,0.7951571666948305
0,-0.79447428566543,-0.05364896892303261,-0.6049234642067542,0.007921400891553243,-0.4726167254289792,0.01018262030397798,0.6329014690181994,-0.6062775689321926,0.012352718790619272,0.7951571666948305
0,-0.79447428566543,-0.05364896892303261,-0.6049234642067542,0.007921400891553243,-0.4726167254289792,0.01018262030397798,0.6329014690181994,-0.6062775689321926,0.012352718790619272,0.7951571666948305
0,-0.79447428566543,-0.05364896892303261,-0.6049234642067542,0.007921400891553243,-0.4726167254289792,0.01018262030397798,0.6329014690181994,-0.6062775689321926,0.012352718790619272,0.7951571666948305
0,-0.79447428566543,-0.05364896892303261,-0.6049234642067542,0.007921400891553243,-0.4726167254289792,0.01018262030397798,0.6329014690181994,-0.6062775689321926,0.012352718790619272,0.7951571666948305
0,-0.79447428566543,-0.05364896892303261,-0.6049234642067542,0.007921400891553243,-0.4726167254289792,0.01018262030397798,0.6329014690181994,-0.6062775689321926,0.012352718790619272,0.7951571666948305
0,0.44417567654682066,-0.014254966952680158,-0.8958263025159242,1.0151671420783834,-0.43341818211898314,-0.008879686985532783,0.9184591981076534,0.5726964853477442,-0.7644148394203669,0.29612275991938825
0,0.45060671221667997,-0.020695430025002955,-0.8924826553381047,1.0035514469120428,-0.43205594795103996,-0.009187134908520897,0.9065209991260774,0.5344602177194347,-0.7945148439645419,0.2882679975184448
0,0.4512911211756556,-0.027911612290718334,-0.8919401694314213,0.9921972481646154,-0.43151002207239497,-0.010090045238622995,0.894389851781493,0.3853359028282056,-0.8954288380489327,0.2229875287542107
0,-0.8889488777568997,-0.019355681937390085,-0.4575972577600167,0.0239151771315137,-0.505743619291109,-0.012260409848545626,1.0352612488227666,-0.4574649694538503,-0.011044464990181895,0.8891590529897723
0,-0.8889488777568997,-0.019355681937390085,-0.4575972577600167,0.0239151771315137,-0.505743619291109,-0.012260409848545626,1.0352612488227666,-0.4574649694538503,-0.011044464990181895,0.8891590529897723
0,0.464848287707151,-0.025196787776764276,-0.8850317459274907,0.9790134129001964,-0.43436171262385725,-0.01160655312358049,0.8783792965331845,0.4771441539738594,-0.8348941705048024,0.2743814505094466
0,-0.8812695956434661,-0.020934073239830122,-0.47215004433971114,0.03099137744911218,-0.48772037148097497,-0.013582839473492462,0.9765727266051518,-0.4719726456887466,-0.013041774878549049,0.8815167235098732
0,0.47548047147488237,-0.019350873054472525,-0.879513425114167,0.968276484660048,-0.4363718885782002,-0.012512950450857844,0.8652878831922601,0.5758201513815124,-0.7489945903323487,0.3277777553676412
0,0.4758741344761898,-0.019559562595853543,-0.8792958726421931,0.9615458381400112,-0.4371737330505496,-0.012854435310009828,0.8572286267828971,0.517082891845859,-0.8024975806686987,0.29769601270290685
0,0.48144544841315,-0.023108201024969917,-0.8761713823480258,0.9538394323395246,-0.43791255054264744,-0.013770332230495003,0.8483804089687538,0.48929206715574175,-0.822298912298549,0.2905473659303839
0,0.48144544841315,-0.023108201024969917,-0.8761713823480258,0.9538394323395246,-0.43791255054264744,-0.013770332230495003,0.8483804089687538,0.48929206715574175,-0.822298912298549,0.2905473659303839
0,0.48144544841315,-0.023108201024969917,-0.8761713823480258,0.9538394323395246,-0.43791255054264744,-0.013770332230495003,0.8483804089687538,0.48929206715574175,-0.822298912298549,0.2905473659303839
0,0.48144544841315,-0.023108201024969917,-0.8761713823480258,0.9538394323395246,-0.43791255054264744,-0.013770332230495003,0.8483804089687538,0.48929206715574175,-0.822298912298549,0.2905473659303839
0,0.4989705885727674,-0.018412292181373864,-0.8664233025686544,0.9351582595834661,-0.4434036460286806,-0.015620811975345967,0.8243089655899833,0.5448503635596061,-0.7708007713050179,0.330157920217817
0,0.5000679282522488,-0.015547329375895487,-0.8658466074777802,0.9299614590702872,-0.44646935830927065,-0.015592394032815055,0.8164712617833847,0.5009151157918821,-0.8104052115146665,0.3038543070602655
0,0.5115570679657913,-0.015307620155437152,-0.8591129395937531,0.9200333534875136,-0.4464675163347811,-0.016288350719421526,0.8053528749110302,0.581320217515527,-0.7301194191042267,0.35915517336188724
0,-0.8605736244783286,-0.025003105267853785,-0.508711982930614,0.0222453093671528,-0.5057183798781686,-0.01948598073532048,0.9001958552139121,-0.5083571752439728,-0.019411931593818998,0.8609274994375342
0,0.5113877212923411,-0.02034553549039578,-0.8591092233790975,0.9150022403847907,-0.45280443370815715,-0.017890779278318204,0.7959495623092881,0.3711824903900945,-0.8964228517420054,0.24217685624464177
0,-0.8530067208433147,-0.019620910657374063,-0.5215309713325859,0.026661443280859787,-0.4996416822252519,-0.020103103488603846,0.8690828011073202,-0.5211763354954697,-0.02057853804225501,0.8532008855419438
0,0.5193400631237601,-0.013472560418004298,-0.8544614613593712,0.9015634804267844,-0.45250845152670055,-0.018235324990213006,0.7803785417117832,0.4407547521710056,-0.8524017158178455,0.28132999006054865
0,0.518019556555184,-0.02073058840749246,-0.8551175250973692,0.8738631326398119,-0.44034772678610506,-0.018997258118288538,0.7556250501886708,0.3083138490521554,-0.9279810123621391,0.20926970916973167
0,0.5217811916186337,-0.02244510861609734,-0.8527840319625186,0.866501978320508,-0.43708271975767654,-0.01906894959330173,0.7491561950849592,0.35314104548824454,-0.9042967489524757,0.23987244907127803
0,0.5253709200970533,-0.027070829314652795,-0.8504425709679593,0.8588755527889361,-0.43350908227059554,-0.01920622509623328,0.7427220101275485,0.37208597800245585,-0.8915515611238044,0.2582398862098251
0,0.5165833391646535,-0.024647441523291166,-0.8558820931190538,0.85384649309357,-0.43097338223224235,-0.019213781275660147,0.7380530564173384,0.23990745361586974,-0.955380831281921,0.1723133219359867
0,0.527173489546146,-0.02159878619175454,-0.8494831395341419,0.8442475282278621,-0.42658357052503937,-0.019738382059034384,0.7296087173724024,0.41979884078221746,-0.8625489664224663,0.28245037404726836
0,0.527173489546146,-0.02159878619175454,-0.8494831395341419,0.8442475282278621,-0.42658357052503937,-0.019738382059034384,0.7296087173724024,0.41979884078221746,-0.8625489664224663,0.28245037404726836
0,0.527173489546146,-0.02159878619175454,-0.8494831395341419,0.8442475282278621,-0.42658357052503937,-0.019738382059034384,0.7296087173724024,0.41979884078221746,-0.8625489664224663,0.28245037404726836
0,0.527173489546146,-0.02159878619175454,-0.8494831395341419,0.8442475282278621,-0.42658357052503937,-0.019738382059034384,0.7296087173724024,0.41979884078221746,-0.8625489664224663,0.28245037404726836
0,0.527173489546146,-0.02159878619175454,-0.8494831395341419,0.8442475282278621,-0.42658357052503937,-0.019738382059034384,0.7296087173724024,0.41979884078221746,-0.8625489664224663,0.28245037404726836
0,0.527173489546146,-0.02159878619175454,-0.8494831395341419,0.8442475282278621,-0.42658357052503937,-0.019738382059034384,0.7296087173724024,0.41979884078221746,-0.8625489664224663,0.28245037404726836
0,0.5248299291810814,-0.013983835885937294,-0.8510922381080069,0.8172636521017922,-0.4164478697290225,-0.019902067606664707,0.7037752508506451,0.3594717389416472,-0.9026888254876361,0.23650148676069782
0,0.5248299291810814,-0.013983835885937294,-0.8510922381080069,0.8172636521017922,-0.4164478697290225,-0.019902067606664707,0.7037752508506451,0.3594717389416472,-0.9026888254876361,0.23650148676069782
0,0.5245266838006086,-0.024743377246838425,-0.8510343843003976,0.8100635734941567,-0.4143154691952383,-0.019893258390629668,0.6970767476975562,0.25186545903207386,-0.9503284406878615,0.18286510154849278
0,0.5255490067276655,-0.015233630628605443,-0.8506269323407503,0.8062252167723603,-0.412809537370316,-0.01986024180168563,0.6931077486637921,0.3139891743094138,-0.9257804801416522,0.21057374243524435
0,0.5255490067276655,-0.015233630628605443,-0.8506269323407503,0.8062252167723603,-0.412809537370316,-0.01986024180168563,0.6931077486637921,0.3139891743094138,-0.9257804801416522,0.21057374243524435
0,0.525066725863363,-0.016550808580924906,-0.8509001140700626,0.8006091928679907,-0.41054909006876855,-0.01973312157076713,0.6879422340858007,0.2801887056935999,-0.9407119658211579,0.1911943685379832
0,-0.8514146091293342,-0.02128523432124167,-0.5240611626127554,0.012000050282581998,-0.5019993437079853,-0.02403897680264367,0.8394464843563632,-0.5235679600891423,-0.024832806516956903,0.8516219365931023
0,-0.8516204502126506,-0.022611776752767144,-0.5236710000846766,0.011838426979707772,-0.49707284740685115,-0.024010510001972057,0.8320085498304233,-0.523158030408181,-0.025044299760486458,0.8518676295451892
0,-0.8490231022324515,-0.02150242077263785,-0.5279180028891804,0.016551639931827178,-0.4633435543792463,-0.02320417956702318,0.7774691631215277,-0.5273857523583417,-0.026027120455551524,0.8492272117685691
0,-0.8517264463327265,-0.020681043657917956,-0.5235784134670226,0.013783920944870742,-0.4766499848099652,-0.023845945756078565,0.8026543243332657,-0.5230599972691318,-0.025844026103010505,0.8519039415154757
0,-0.8517264463327265,-0.020681043657917956,-0.5235784134670226,0.013783920944870742,-0.4766499848099652,-0.023845945756078565,0.8026543243332657,-0.5230599972691318,-0.025844026103010505,0.8519039415154757
0,-0.8515434416713797,-0.025360308810271473,-0.5236703368355984,0.01508582156044358,-0.4561294639147123,-0.022582561221204975,0.7716163154821783,-0.5231132606281844,-0.025616189860356478,0.8518781176729378
0,0.5214149661010292,-0.025667873667554963,-0.8529171081560324,0.7631171628532871,-0.38817813462845907,-0.01954588228444846,0.6579970900048563,0.2374418426292315,-0.9557061750005227,0.17391687219101434
0,0.5157659538191257,-0.018737228476262257,-0.8565246039362067,0.7510024575706936,-0.37878079816773547,-0.020135350556409845,0.6491553144229103,0.23944199930386767,-0.9567681418625982,0.1651128453033198
0,0.521952608564417,-0.021042749549032236,-0.8527148861736947,0.7451151595298926,-0.37311246436073364,-0.02021489762400089,0.6459292800296865,0.38907533869089866,-0.8837639790457597,0.259964632520981
0,0.5179145290072362,-0.020702776190576755,-0.8551818144109565,0.7363088894300758,-0.35924698855981985,-0.020221754907559116,0.6439195639329365,0.5005588099289175,-0.8033508991941,0.32259604858797786
0,-0.8609198709590687,-0.020595206941299685,-0.5083235320510603,0.02722754349197981,-0.39281270912052724,-0.02228825148429341,0.719751926523115,-0.5077393961753434,-0.02787086072141121,0.8610597660395855
0,0.4995486088222056,-0.024261551208573266,-0.865946051757702,0.7311605425331822,-0.3443841315815259,-0.01963564139982974,0.6462300032255393,0.4661763483976047,-0.8350010347396684,0.29232325288344485
0,0.48896328109699344,-0.03268990740271463,-0.8716916196057323,0.7278002131075331,-0.3373866129855659,-0.01954274221467877,0.6464091033847044,0.3801650952360132,-0.8914171198751664,0.24667796568736422
0,0.48896328109699344,-0.03268990740271463,-0.8716916196057323,0.7278002131075331,-0.3373866129855659,-0.01954274221467877,0.6464091033847044,0.3801650952360132,-0.8914171198751664,0.24667796568736422
0,0.48081139722058264,-0.02174194444504378,-0.8765544410660069,0.7289715879525067,-0.33418820301141916,-0.019745393925327044,0.6488124042747215,0.4040216064056738,-0.8817487692231996,0.2434864462937346
0,-0.8796746568885463,-0.02309238052382551,-0.4750149892242991,0.021322576418275507,-0.3846358415784916,-0.023022282485956794,0.7583100025575759,-0.47439783260520246,-0.027653716163654734,0.8798761096880778
0,-0.8796746568885463,-0.02309238052382551,-0.4750149892242991,0.021322576418275507,-0.3846358415784916,-0.023022282485956794,0.7583100025575759,-0.47439783260520246,-0.027653716163654734,0.8798761096880778
0,0.4704191709301725,-0.030547936534766607,-0.8819141835761782,0.7252480216026033,-0.32787947887312696,-0.01937553335005476,0.6481346169435099,0.29913715092808946,-0.9347066970008335,0.19193841594224337
0,0.47756526681855943,-0.0198005140071427,-0.878373130037327,0.7256671242836386,-0.32856667229391656,-0.0187258150744341,0.6479317901054182,0.45990862650555053,-0.8462010030853818,0.2691243534893709
0,0.47756526681855943,-0.0198005140071427,-0.878373130037327,0.7256671242836386,-0.32856667229391656,-0.0187258150744341,0.6479317901054182,0.45990862650555053,-0.8462010030853818,0.2691243534893709
0,0.470477530127654,-0.01888701578893253,-0.8822098244054931,0.726136311848968,-0.3280228548828081,-0.018713413416659837,0.6485558808852744,0.37742101025540925,-0.8993993712724966,0.2205315214893872
0,0.4721576396663108,-0.01566227597246503,-0.8813749805923132,0.7267244434310607,-0.3265461598633265,-0.018637430594255575,0.6499334523250425,0.466262723660076,-0.8440917968833818,0.26477936278583253
0,0.4771499612049005,-0.015932821432861365,-0.8786774491935879,0.7249992632646747,-0.32234640268640846,-0.018712145322739935,0.6503977398337208,0.5805591327451989,-0.7448905863190868,0.3287690797464839
0,0.4771499612049005,-0.015932821432861365,-0.8786774491935879,0.7249992632646747,-0.32234640268640846,-0.018712145322739935,0.6503977398337208,0.5805591327451989,-0.7448905863190868,0.3287690797464839
0,0.4771499612049005,-0.015932821432861365,-0.8786774491935879,0.7249992632646747,-0.32234640268640846,-0.018712145322739935,0.6503977398337208,0.5805591327451989,-0.7448905863190868,0.3287690797464839
0,0.4771499612049005,-0.015932821432861365,-0.8786774491935879,0.7249992632646747,-0.32234640268640846,-0.018712145322739935,0.6503977398337208,0.5805591327451989,-0.7448905863190868,0.3287690797464839
0,0.4552345621827091,-0.018220511262954747,-0.890185096685871,0.720568272580679,-0.29416423697857913,-0.019099006388383123,0.6594162728586743,0.6761109534187424,-0.6434624447000732,0.35892904720265306
0,0.43677592643244856,-0.017038793892374015,-0.8994089556980014,0.7181937320369045,-0.2836015458124053,-0.018869800611285053,0.6611507690724943,0.6559522625643109,-0.6781624295124348,0.33139455100009296
0,0.43677592643244856,-0.017038793892374015,-0.8994089556980014,0.7181937320369045,-0.2836015458124053,-0.018869800611285053,0.6611507690724943,0.6559522625643109,-0.6781624295124348,0.33139455100009296
0,0.42709916683357585,-0.014667567543248924,-0.9040858168063636,0.716555089541102,-0.2739671010295315,-0.018769128578094145,0.6634539058820286,0.6949204538440183,-0.6343890834076208,0.3385794643513725
0,0.39709351244241603,-0.020730907004729064,-0.9175439890647782,0.7160349683868027,-0.257632763494069,-0.019171432787683882,0.6693173492716415,0.5938010719403329,-0.7564934220254138,0.2740766122688887
0,0.382880432972927,-0.026038026384246817,-0.9234308827554323,0.7144598076779257,-0.25101616305699426,-0.019232049530536803,0.6701653655441595,0.4980173767310332,-0.8360907391844302,0.2300673125891058
0,0.382880432972927,-0.026038026384246817,-0.9234308827554323,0.7144598076779257,-0.25101616305699426,-0.019232049530536803,0.6701653655441595,0.4980173767310332,-0.8360907391844302,0.2300673125891058
0,0.37092965828266566,-0.01799464253896086,-0.9284866081124701,0.7159307423817465,-0.24707196186315372,-0.01948442201829356,0.6727453403724836,0.48490628207551023,-0.848936617920264,0.21017258707026856
0,0.37092965828266566,-0.01799464253896086,-0.9284866081124701,0.7159307423817465,-0.24707196186315372,-0.01948442201829356,0.6727453403724836,0.48490628207551023,-0.848936617920264,0.21017258707026856
0,0.36630081278065685,-0.031609024265404594,-0.9299594529543852,0.7105700669267975,-0.24052184951581076,-0.019096552943477497,0.6699973201880951,0.4211022089020281,-0.8855898017435347,0.1959684482351169
0,0.35372249897893815,-0.022749572523727692,-0.9350737140269118,0.7068729678469933,-0.23106927666736324,-0.016775392678016254,0.6689528210406925,0.4892671037559672,-0.8475286169397974,0.20570110512187803
0,-0.9388412411255752,-0.016597111200875807,-0.34395008338358496,0.02132297948995049,-0.2948799997069668,-0.02204281564702467,0.8679583052389809,-0.3435139489062131,-0.024431918868672742,0.9388297227108089
0,0.3463651538533616,-0.018710279375927695,-0.9379131652982655,0.6960313156051147,-0.22251322419848094,-0.01685098399176005,0.6602698394712369,0.5164174576606523,-0.8308707221784273,0.2072844722790569
0,-0.9407331294801649,-0.015267039992029134,-0.3388039205592778,0.020771178762008347,-0.29207233856820597,-0.02212452132417261,0.8732811571994823,-0.33839265954956105,-0.024370284962345615,0.9406893733703114
0,0.3473218677713763,-0.023704681819301368,-0.9374463228503529,0.6869094948896894,-0.2155962454793415,-0.016700203194943652,0.6532897535575752,0.5568355319574659,-0.7991405933743614,0.22651380171839353
0,0.33195716895380084,-0.02614824045265324,-0.9429319739511476,0.6759615752694602,-0.20935806261565468,-0.01740709257165155,0.6436507055804896,0.38865098220178623,-0.9070358373742006,0.16197655308861783
0,0.33195716895380084,-0.02614824045265324,-0.9429319739511476,0.6759615752694602,-0.20935806261565468,-0.01740709257165155,0.6436507055804896,0.38865098220178623,-0.9070358373742006,0.16197655308861783
0,0.3241988328868893,-0.02398336686890175,-0.9456848919520765,0.6701711638372276,-0.20647292035936474,-0.018126951062008637,0.6383390857661075,0.2986123862148457,-0.9459723150119906,0.12636068228658404
0,0.3304843561869456,-0.019207928559529297,-0.9436159948804131,0.6667048111961826,-0.2052601552664653,-0.01875091281441533,0.6350355551166971,0.42500723392391326,-0.8896589177484008,0.16696065758461925
0,0.3299024966709155,-0.018229517656741315,-0.9438389838178433,0.6633046949925773,-0.20444329510745993,-0.0188235283362676,0.6316771139707764,0.4161886673515135,-0.8945945788441575,0.1627499083527112
0,0.3292692873313575,-0.029218930122995194,-0.9437838685529475,0.6602884336212701,-0.2039611593936781,-0.018781042659347224,0.6290413195001865,0.32965425805270476,-0.9330710115153835,0.14389773318360435
0,-0.9440965009858235,-0.016526034425833003,-0.3292547448564426,0.01954765532948316,-0.27734841437858976,-0.02508312535186387,0.8558900118940358,-0.3287277689444266,-0.028234012695283535,0.9440025923957743
0,0.327134419006121,-0.029032617280950496,-0.9445317247363083,0.6612994086215171,-0.2037414735613018,-0.017923590461536895,0.6301206335328944,0.3181109306223536,-0.937807978493465,0.1390022708108788
0,0.327134419006121,-0.029032617280950496,-0.9445317247363083,0.6612994086215171,-0.2037414735613018,-0.017923590461536895,0.6301206335328944,0.3181109306223536,-0.937807978493465,0.1390022708108788
0,0.32898044983104785,-0.024883665516177496,-0.9440088277221989,0.661068000082732,-0.2028674932497808,-0.01647510310465202,0.6300137290954883,0.4001804547116411,-0.9017823192354895,0.1632306722985787
0,0.3304516983993485,-0.020870376499698823,-0.9435921271437924,0.6598791608978211,-0.20241534265620864,-0.016202862246892682,0.628797983686483,0.45520712291174537,-0.8722668919163938,0.17870910585341024
0,0.3373004308268904,-0.018019952425849403,-0.941224575049209,0.658776761988281,-0.20118620241594817,-0.016077996770419163,0.6281245832780685,0.5856713597210231,-0.7787537167605616,0.22479258669302027
0,-0.9458617622605512,-0.01578567350971735,-0.32418565545564926,0.019443406079533848,-0.27322724970033935,-0.022001995814999366,0.8582302320259861,-0.3237566712498109,-0.024767545482904562,0.9458161483660523
0,-0.9458617622605512,-0.01578567350971735,-0.32418565545564926,0.019443406079533848,-0.27322724970033935,-0.022001995814999366,0.8582302320259861,-0.3237566712498109,-0.024767545482904562,0.9458161483660523
0,0.330939882124849,-0.030173525629453787,-0.943169312885168,0.6457560590384612,-0.19504605099988517,-0.016299890858013522,0.6167496748879341,0.4541970923560518,-0.8710043020434677,0.18723383004970018
0,0.3138420120652673,-0.028970347052284576,-0.9490331450758159,0.6429577101267115,-0.19362650263220296,-0.016764485268445636,0.613967230682224,0.22348155163062858,-0.9691984895323821,0.10349050181980869
0,-0.9449455861856408,-0.016843488786393194,-0.32679372091853026,0.023171350565376336,-0.24888230672806702,-0.022442423552352816,0.7917214436372508,-0.326278307894707,-0.02751264404104833,0.9448732826221923
0,-0.9449455861856408,-0.016843488786393194,-0.32679372091853026,0.023171350565376336,-0.24888230672806702,-0.022442423552352816,0.7917214436372508,-0.326278307894707,-0.02751264404104833,0.9448732826221923
0,-0.9449455861856408,-0.016843488786393194,-0.32679372091853026,0.023171350565376336,-0.24888230672806702,-0.022442423552352816,0.7917214436372508,-0.326278307894707,-0.02751264404104833,0.9448732826221923
0,-0.9449455861856408,-0.016843488786393194,-0.32679372091853026,0.023171350565376336,-0.24888230672806702,-0.022442423552352816,0.7917214436372508,-0.326278307894707,-0.02751264404104833,0.9448732826221923
0,0.31819974203712104,-0.03029036488256942,-0.9475396656398034,0.6229507977345091,-0.18829993382780402,-0.017455526948932768,0.5947640632699673,0.26165771206260796,-0.9578598645437564,0.11848933121753183
0,-0.9444641414512642,-0.01804929262681562,-0.3281184367669669,0.021620559058271233,-0.24595772219127532,-0.023052387709134675,0.7751313512843012,-0.32754393511114915,-0.028825585046261874,0.9443961331012766
0,0.32859085645888086,-0.03428854582086021,-0.9438497468745276,0.6107498362480076,-0.18562518538402345,-0.017886895559098656,0.5831101984852979,0.35711602417666827,-0.9206390989975466,0.15777133665921364
0,0.32859085645888086,-0.03428854582086021,-0.9438497468745276,0.6107498362480076,-0.18562518538402345,-0.017886895559098656,0.5831101984852979,0.35711602417666827,-0.9206390989975466,0.15777133665921364
0,0.3299885914770623,-0.017505192116246442,-0.9438225986603402,0.6073586162038512,-0.1850435229847971,-0.01894715236175473,0.5791639647219462,0.4541590669007083,-0.8735663329062677,0.17498972530572743
0,0.33189161085542335,-0.023397775014375087,-0.9430273075400143,0.6001431394546141,-0.18324653738222002,-0.019483855344407445,0.5723917277125167,0.4229827883463849,-0.8898671428541531,0.17094451974048092
0,0.3296480406267233,-0.026380489458487706,-0.9437352590026997,0.5947572639302788,-0.182314285664207,-0.019355699733764584,0.5670746373099849,0.3609224562968354,-0.9201598284220893,0.1517921957706986
0,-0.9446411435026422,-0.01784437534113373,-0.32761973119564275,0.018051872908181915,-0.2546374654752897,-0.026597662988203798,0.7907567630602408,-0.3269536151924198,-0.03239545646718493,0.9444849749524288
0,0.33076480483791126,-0.034379343592345034,-0.9430867959062401,0.5853185331527131,-0.1791063117732696,-0.018436319431831695,0.5584960999777153,0.3476181834301909,-0.9246309520370541,0.1556251942384174
0,0.33089058051441206,-0.02256635768616113,-0.9433992703122129,0.5826970433886725,-0.17710685108041793,-0.01867309987495399,0.5559845708794067,0.4357463309537759,-0.8830987734059446,0.17395887866745596
0,0.3261037518973923,-0.031969454789327376,-0.9447932561978398,0.5770387425738657,-0.17380014879561206,-0.019159644187213862,0.5514162828029566,0.35282684592601216,-0.9230921850796661,0.15301645217671705
0,-0.9452416624897874,-0.01591715535498217,-0.32598288859531904,0.022655646386012945,-0.22279357654353993,-0.025771265129238472,0.7167849309750122,-0.3253026993386462,-0.03480945935805824,0.944969023481823
0,0.32092928399895904,-0.02074122300298619,-0.9468760195180022,0.5659509323073553,-0.16656303868811867,-0.020273680123187532,0.5416933853094175,0.4202333044836442,-0.8928400984725915,0.1619892847080013
0,0.317618357761052,-0.03030627988684287,-0.9477341970249847,0.5590697281094361,-0.16260294110741064,-0.02035554733899114,0.5360584766250609,0.36806049163200016,-0.9171807882774744,0.15267899695872109
0,0.31049635011288657,-0.018207462722925866,-0.9504001814318898,0.557553520691766,-0.16051420670719344,-0.020307505470792898,0.5346002699108111,0.3785303764490974,-0.9147567603075935,0.14119073473447477
0,0.310824772304598,-0.02166346314863689,-0.9502203193387322,0.5521000641277596,-0.1576203988005995,-0.02009542817284636,0.529922446278672,0.39537218227905946,-0.9061920854409329,0.1499891388138066
0,-0.9530315457344091,-0.015868379017779165,-0.3024550667131087,0.016778126075904953,-0.23047498121381652,-0.030028767014306103,0.7832719223591348,-0.30172397933559625,-0.03708732751076825,0.9526736956744433
0,0.29803842369774286,-0.027970733234033606,-0.9541439807912194,0.5384514278031608,-0.1513981803584645,-0.02069999372481206,0.5176450899698277,0.24477290013469805,-0.9639092498971764,0.10471478081107781
0,-0.9550284638930003,-0.016427631280980605,-0.2960587206664789,0.01475743582958336,-0.23936333563385456,-0.03461185307835015,0.823906908681812,-0.29521741627434633,-0.04059697294673813,0.9545672123605866
0,-0.9551102603225214,-0.014341405196278767,-0.2959032185050399,0.01630809872782288,-0.22443174260975618,-0.0337563003821408,0.7811651146816938,-0.2951024639772,-0.0417927556342701,0.9545511517614338
0,0.3021525847534937,-0.019985948683912104,-0.953050039284395,0.5229999587522282,-0.14309543530965324,-0.022674293483275477,0.5038733021128303,0.40638664718183565,-0.9016763823744728,0.14774841609435216
0,0.29790818450528617,-0.02315021724359617,-0.9543137749421511,0.5198752851095989,-0.14067099627544727,-0.02231428789156496,0.5013915099758058,0.3783538731063969,-0.9149658180921809,0.14030644470691558
0,-0.9572370237008866,-0.012795509884742807,-0.2890217212962684,0.018259222882048343,-0.2031840359230487,-0.032400597742268444,0.7375538624058307,-0.2882603111332686,-0.04263142557288822,0.9566026105844446
0,-0.9569908554883898,-0.014497984554996372,-0.28975560556000124,0.0217503993806836,-0.18313696961310083,-0.02997291624087684,0.6814202993498897,-0.2889236942924466,-0.042907145662114655,0.9563901273672449
0,0.28234717962297445,-0.023819714099393464,-0.9590165229948726,0.5103320528494891,-0.128959482197032,-0.02197175648940224,0.49471938840191776,0.40129313924504906,-0.9050900794999789,0.1406263289131015
0,0.28234717962297445,-0.023819714099393464,-0.9590165229948726,0.5103320528494891,-0.128959482197032,-0.02197175648940224,0.49471938840191776,0.40129313924504906,-0.9050900794999789,0.1406263289131015
0,0.271349551769129,-0.023754218285730027,-0.9621876936784874,0.5048118758498438,-0.12455994153074931,-0.022204026008683386,0.49007073560149084,0.33898787525659796,-0.933280166544355,0.11863958513901807
0,0.2703085049882679,-0.01686430818846173,-0.9626260474547383,0.5006370300921056,-0.12035210032933696,-0.02258247537874516,0.48667462598071626,0.4305975336894051,-0.8921557022111456,0.13654291263459792
0,0.2703085049882679,-0.01686430818846173,-0.9626260474547383,0.5006370300921056,-0.12035210032933696,-0.02258247537874516,0.48667462598071626,0.4305975336894051,-0.8921557022111456,0.13654291263459792
0,0.2593456945463105,-0.018944582832318802,-0.9655987331700479,0.4944915015706152,-0.11565934065456518,-0.022844180646873827,0.4814924740880051,0.3614773569578643,-0.925231772162523,0.11524013270451508
0,-0.9687716593377805,-0.0133340155642281,-0.24759579174706522,0.016102262304643455,-0.18361327210653347,-0.038553575146721364,0.7855370610235652,-0.24671188117379766,-0.04801198227240874,0.9678988052704477
0,0.24101015193119948,-0.02674506624040962,-0.9701540125649619,0.4885978696041106,-0.10967342119435924,-0.02355711771867134,0.47703301989082236,0.21483350599501025,-0.9733519495511695,0.08020316081570336
0,0.24353817449641474,-0.02794511617973443,-0.9694886425547516,0.4837625038092183,-0.10781933492404092,-0.022817635490192494,0.4725604830953414,0.2640507742891488,-0.9599173314044572,0.09399949715103105
0,0.24353817449641474,-0.02794511617973443,-0.9694886425547516,0.4837625038092183,-0.10781933492404092,-0.022817635490192494,0.4725604830953414,0.2640507742891488,-0.9599173314044572,0.09399949715103105
0,-0.9693598911151866,-0.012980985090359037,-0.24530164190489478,0.01819613227679126,-0.1640955917717696,-0.03474658859707528,0.724474817280582,-0.24445827419549215,-0.04705681916907167,0.9685173245456432
0,0.23828723131632373,-0.02844864455758628,-0.9707779715323358,0.47458073664523004,-0.10494545344341716,-0.023379216733368645,0.4637916138755805,0.2148406613110402,-0.9732630211330742,0.08125627323693935
0,0.24164625471578804,-0.019653289910619622,-0.9701653651700424,0.4712557900880583,-0.1042494050962677,-0.024235847609783492,0.4602726936672647,0.2751642744545478,-0.9573675991287274,0.08793123563557372
0,0.24472877618909203,-0.014723894718247752,-0.9694797744292117,0.46753285494643204,-0.10351968697022934,-0.024655751945988638,0.4564939352129788,0.325095340576401,-0.9407599100568198,0.0963525358431128
0,0.24793151265542954,-0.016771651268779473,-0.9686323744042985,0.4655103492267103,-0.10325494420223534,-0.024470603563496864,0.4545796927565997,0.3505535471052767,-0.9305429132128757,0.10583996069161648
0,-0.9711677033224468,-0.013160326668705955,-0.23803381655423864,0.01353862588397449,-0.19462214960516372,-0.04544171443888658,0.8534392410240222,-0.2370662696314899,-0.05205233820992069,0.9700980042696149
0,0.2375961128953616,-0.022682895771570243,-0.9710991573338073,0.4651285233631676,-0.10368231384550985,-0.02402218281440489,0.45416464215389984,0.19334291555994457,-0.9786192515888898,0.07016321985471646
0,0.2375961128953616,-0.022682895771570243,-0.9710991573338073,0.4651285233631676,-0.10368231384550985,-0.02402218281440489,0.45416464215389984,0.19334291555994457,-0.9786192515888898,0.07016321985471646
0,0.2375961128953616,-0.022682895771570243,-0.9710991573338073,0.4651285233631676,-0.10368231384550985,-0.02402218281440489,0.45416464215389984,0.19334291555994457,-0.9786192515888898,0.07016321985471646
0,0.2375961128953616,-0.022682895771570243,-0.9710991573338073,0.4651285233631676,-0.10368231384550985,-0.02402218281440489,0.45416464215389984,0.19334291555994457,-0.9786192515888898,0.07016321985471646
0,-0.970243100735998,-0.01250082285437866,-0.24180995616425638,0.015144198394237043,-0.17887031560408692,-0.03966064592948116,0.7823816758649772,-0.2409294368409501,-0.04960134683185056,0.9692743228075162
0,0.2396116158910633,-0.03578830185413425,-0.9702089831466574,0.4621997683481975,-0.10378755242133363,-0.022739763691523706,0.4515984600649662,0.173940716352258,-0.9815688870878044,0.07916531496856735
0,0.24633645608886418,-0.028027000458684847,-0.968779044800654,0.4599849447959507,-0.10413062191947664,-0.02295096139769952,0.44899507825037993,0.24709653951732563,-0.9647328487766107,0.09074045761361316
0,0.25058401922200046,-0.031416972496562424,-0.9675849436342518,0.4541235950716034,-0.10403032272355228,-0.023166354364983016,0.4431477341823795,0.251260231198164,-0.9631128449005462,0.0963428471855683
0,0.25058401922200046,-0.031416972496562424,-0.9675849436342518,0.4541235950716034,-0.10403032272355228,-0.023166354364983016,0.4431477341823795,0.251260231198164,-0.9631128449005462,0.0963428471855683
0,0.24991472282159025,-0.022841196999174238,-0.9679984044587329,0.44711497158404806,-0.10550231915463638,-0.02408249765018687,0.4352264010642827,0.17853394899403446,-0.9814935848846843,0.06925295578389844
0,0.24991472282159025,-0.022841196999174238,-0.9679984044587329,0.44711497158404806,-0.10550231915463638,-0.02408249765018687,0.4352264010642827,0.17853394899403446,-0.9814935848846843,0.06925295578389844
0,0.24991472282159025,-0.022841196999174238,-0.9679984044587329,0.44711497158404806,-0.10550231915463638,-0.02408249765018687,0.4352264010642827,0.17853394899403446,-0.9814935848846843,0.06925295578389844
0,0.2683232299799052,-0.028679863015395102,-0.9629019211262219,0.42903327309895894,-0.10576975057268849,-0.02475532353972905,0.41682622339117226,0.2434807683225468,-0.9650838413703622,0.09659344998957149
0,-0.9633306435737277,-0.014782631196971756,-0.2679095835626671,0.013957158161131925,-0.18472307813192923,-0.04375182038285789,0.7187250428492373,-0.26662729819785885,-0.05914383421863733,0.9619833110442346
0,0.2773485611376397,-0.021791631196741875,-0.9605222019519726,0.4146602457965876,-0.10528688777146869,-0.025657080382300614,0.40188367100242034,0.26841250506730296,-0.9581783568278491,0.0992419449032422
0,0.2738173976436165,-0.02956402897489415,-0.9613272080496053,0.40368296855848373,-0.10282333260860868,-0.02675766647215796,0.3914579889993247,0.19475784626202358,-0.9771157565197315,0.08552297748705288
0,0.2738173976436165,-0.02956402897489415,-0.9613272080496053,0.40368296855848373,-0.10282333260860868,-0.02675766647215796,0.3914579889993247,0.19475784626202358,-0.9771157565197315,0.08552297748705288
0,0.2738173976436165,-0.02956402897489415,-0.9613272080496053,0.40368296855848373,-0.10282333260860868,-0.02675766647215796,0.3914579889993247,0.19475784626202358,-0.9771157565197315,0.08552297748705288
0,0.2738173976436165,-0.02956402897489415,-0.9613272080496053,0.40368296855848373,-0.10282333260860868,-0.02675766647215796,0.3914579889993247,0.19475784626202358,-0.9771157565197315,0.08552297748705288
0,0.2738173976436165,-0.02956402897489415,-0.9613272080496053,0.40368296855848373,-0.10282333260860868,-0.02675766647215796,0.3914579889993247,0.19475784626202358,-0.9771157565197315,0.08552297748705288
0,0.27502177757808666,-0.031067384707476647,-0.9609359184998898,0.40248159108043446,-0.10303259508325312,-0.024376002533764925,0.3901432708080678,0.2025090714742518,-0.9751831835948663,0.08948650402388922
0,0.27436363432201666,-0.03415912406631243,-0.961019120726865,0.39896236743381236,-0.10190528695817265,-0.024609231614883015,0.3869266327000925,0.19306178925770165,-0.9770642975732476,0.08984711422361352
0,-0.9607419178142829,-0.014975061452402905,-0.27703919377414876,0.014254860396620925,-0.1721574431761953,-0.04278338417057554,0.6507902866400923,-0.2755889267227024,-0.06375725039328957,0.9591588796899689
0,0.28198982871519424,-0.0347399219063614,-0.9587882322625341,0.38956633726902173,-0.10018502843557932,-0.026012263718044257,0.3777881601822123,0.23619917472953111,-0.9660721709099369,0.10447253442149398
0,0.2809779305650663,-0.03136594839180729,-0.9592015324293718,0.384193112898583,-0.09908131308879381,-0.0268651024750131,0.37238900057042734,0.22115547657337764,-0.9704508186828902,0.09651664984504194
0,-0.960388898596266,-0.014601180333640823,-0.2782803783667038,0.01327606061782527,-0.1769438993218207,-0.04884007766345612,0.6609310403478913,-0.2765948500637267,-0.07149685834626135,0.9583232691335629
0,-0.960388898596266,-0.014601180333640823,-0.2782803783667038,0.01327606061782527,-0.1769438993218207,-0.04884007766345612,0.6609310403478913,-0.2765948500637267,-0.07149685834626135,0.9583232691335629
0,-0.9600791923985899,-0.014893138075937113,-0.279331592841774,0.013497383459617762,-0.1737189925258154,-0.04794863869202497,0.6479592135044202,-0.2776211759989417,-0.0716067060968428,0.9580182473611477
0,0.281141111535807,-0.02250392883928787,-0.9594025477291622,0.3781076345156481,-0.09840576817202161,-0.02684186483119883,0.365900398865113,0.21716943515171397,-0.9722986447996264,0.08644525293326163
0,0.2804462977192276,-0.03326746448685897,-0.9592930469362291,0.3768170852619207,-0.09894094338849137,-0.026175214475499205,0.36478972523714454,0.17082620008107238,-0.9817152525128855,0.08398554844390195
0,-0.9592509310923635,-0.015350343737135086,-0.2821382961307902,0.01306825288332765,-0.17803908546408112,-0.045189524545516176,0.6540979677396297,-0.28055655741371993,-0.06682151265167749,0.9575086963245315
0,0.2811969474610342,-0.03178558691659965,-0.9591235338583677,0.3742071932106239,-0.098524546542178,-0.02493431785377544,0.36209615460401445,0.17837645605288907,-0.9803027585677515,0.08478408735410674
0,0.2811969474610342,-0.03178558691659965,-0.9591235338583677,0.3742071932106239,-0.098524546542178,-0.02493431785377544,0.36209615460401445,0.17837645605288907,-0.9803027585677515,0.08478408735410674
0,0.28416108907372667,-0.031832457787849225,-0.958247968996344,0.36971937773303876,-0.09758553781136971,-0.02557104369544059,0.35773971382249686,0.19547144791916862,-0.9765335462666127,0.0904054537201011
0,0.28257613404739274,-0.03313753712210351,-0.9586723278046106,0.36431294714752904,-0.09641301958452023,-0.026438270058315453,0.3525135942234882,0.1666763588335601,-0.9825044348524957,0.08309047417823696
0,0.27954991555772457,-0.025254191516148907,-0.9597989740151501,0.3608146117053048,-0.09527933960184372,-0.027233902011305947,0.3488929032102231,0.15154194499085066,-0.98596336372465,0.07008055578520822
0,-0.9582685292205024,-0.014059148549656756,-0.28552367020202357,0.013674024388060785,-0.16450137054993352,-0.04805954852044306,0.6023535176957173,-0.28366401713559386,-0.07706605270132308,0.9558219232166285
0,0.28229615202969727,-0.02603053497587865,-0.9589740840064948,0.3550185143043451,-0.09410113046709188,-0.02734675243908412,0.34324804325520597,0.1644894088836629,-0.9835143788393482,0.07511791383787476
0,0.28394188774083157,-0.025703798842307782,-0.9584969061552819,0.35429703326316747,-0.09387816298638739,-0.026793043747958406,0.3425465135521789,0.1834353624404008,-0.9797208658699831,0.08061322958007223
0,-0.9597232443612672,-0.016268047574129862,-0.2804757473629567,0.011413696132634918,-0.1876664015421386,-0.05229145525604682,0.6858781394426315,-0.27860213803268985,-0.0736089663363965,0.9575816251142778
0,-0.9593446276180648,-0.016217232361941808,-0.28177098295047226,0.012637563655513495,-0.1693671761418009,-0.047135083881355996,0.6242071236292341,-0.27991942831668165,-0.07301407494899094,0.9572429464395156
0,-0.9602121129429728,-0.016595402104437856,-0.27877821074213033,0.012055197717170937,-0.17355209223178353,-0.04995061210290432,0.6439921144482917,-0.2768358640352626,-0.07499423072139438,0.9579863097875438
0,0.2782067456306913,-0.030892740318941934,-0.9600242941088345,0.3426499896681564,-0.08930268104508417,-0.026747739247701168,0.33189961370402965,0.15883796974317835,-0.984242302528318,0.07770192584241417
0,0.2799614125504397,-0.03093015146271264,-0.9595128624522217,0.33752821802601607,-0.0876533971560271,-0.027689720254828316,0.3270879512575995,0.17599808861068544,-0.980887606900544,0.0829709312488979
0,0.28034175514813764,-0.02864256498044579,-0.959472825977788,0.3338488615723161,-0.08641614733542786,-0.028093051074529158,0.3235396102851691,0.1865349982922635,-0.978874336005816,0.08372412268443441
0,0.2751877583856874,-0.03042657322790788,-0.9609089037334742,0.33169342657839046,-0.08606812274225152,-0.027912567282205456,0.32142257750433373,0.13547952133849467,-0.9882976755551076,0.07009282265869857
0,-0.9594462275145205,-0.015241223340607216,-0.2814793804477276,0.012900237005086843,-0.1569282738237546,-0.04991852662909026,0.5834363301056772,-0.2793384709351382,-0.0826854350366,0.9566259130331078
0,0.283179364895676,-0.030380319765385612,-0.9585856682979537,0.33092353301323557,-0.08640154423954602,-0.027141392335142855,0.3205566001347557,0.19207869680797132,-0.977451183924585,0.08772090557546006
0,0.28247446808955884,-0.03319232485894068,-0.958700393473362,0.3305023292399071,-0.08620857123406402,-0.02702385493860846,0.3202748174488975,0.18421850051404515,-0.9789225649809428,0.08817117350636057
0,0.281181347864227,-0.03274311757050327,-0.9590958960724526,0.33070065394746506,-0.08618648356246493,-0.027025182706803267,0.3204596248665506,0.17617786007192426,-0.9806702769267186,0.08513030935542705
0,-0.9596607258157152,-0.016042297557780208,-0.2807025757165804,0.012585087041962012,-0.1596732498870372,-0.05010085362859707,0.5935854571279484,-0.2785463903749437,-0.08158133656935428,0.9569516152505555
0,0.28039096849133444,-0.032402524405277244,-0.9593388250241187,0.330572962985691,-0.08611080459691804,-0.02709322306018318,0.32033120300420687,0.17085324420936102,-0.9817861674401105,0.08309687337316594
0,0.2800575344869742,-0.032279267686378496,-0.9594403713898579,0.3305240938998681,-0.08608222266552949,-0.027088290634348675,0.3202809869219998,0.16866507724440297,-0.9822333095861508,0.08227889921223078
0,0.2831557299500978,-0.032822844621414764,-0.9585121248400491,0.3304343054129422,-0.08621547280107486,-0.027034507216903758,0.3201933932343039,0.18968749647210328,-0.9777552012756688,0.08951770807232601
0,-0.9598149702734611,-0.01597667480733055,-0.2801784586635022,0.011928897206772177,-0.16806789970585165,-0.05225978609925219,0.621310866671393,-0.27804178087034565,-0.08123664665915761,0.9571276692939256
0,-0.9598149702734611,-0.01597667480733055,-0.2801784586635022,0.011928897206772177,-0.16806789970585165,-0.05225978609925219,0.621310866671393,-0.27804178087034565,-0.08123664665915761,0.9571276692939256
0,-0.9598149702734611,-0.01597667480733055,-0.2801784586635022,0.011928897206772177,-0.16806789970585165,-0.05225978609925219,0.621310866671393,-0.27804178087034565,-0.08123664665915761,0.9571276692939256
0,0.28623130857843126,-0.029785174365879345,-0.9576974894900127,0.33058025177414324,-0.08756195320381112,-0.026980904991903754,0.319851428711363,0.18758347769296788,-0.9784330488520089,0.08649397556347153
0,0.290393777609427,-0.03284700584123044,-0.9563433108099793,0.329793222596672,-0.08841719440969008,-0.026969218453570913,0.31892655507170214,0.19013037428477275,-0.9775037032862299,0.09130690463507284
0,0.290393777609427,-0.03284700584123044,-0.9563433108099793,0.329793222596672,-0.08841719440969008,-0.026969218453570913,0.31892655507170214,0.19013037428477275,-0.9775037032862299,0.09130690463507284
0,0.2909330958047309,-0.028222042323409618,-0.956327062301685,0.32999653356259345,-0.08996799223902982,-0.02703593302831382,0.3184944652410656,0.1633816311198707,-0.9834168832025407,0.07872532275456824
0,-0.9542033057130416,-0.01694973673925248,-0.2986783517243484,0.012643478929181745,-0.16274954162794275,-0.04826715246060231,0.5650149872159292,-0.2963803911868892,-0.08219566889662018,0.9515264240852924
0,0.301937455412877,-0.029684870622406077,-0.9528654582221606,0.3281036024330676,-0.09241086433536269,-0.027201474241435132,0.3158985047147749,0.1766554770990043,-0.9804625382400176,0.0865219828532919
0,0.3037939227473755,-0.03280670840133103,-0.952172763937108,0.3270300689628372,-0.09333907003854167,-0.027233050169084932,0.3146148102654608,0.15583872938984833,-0.9842357084423579,0.08363229428353448
0,-0.9507463933110056,-0.017372141431921707,-0.30948263974928203,0.012427549073415325,-0.16713384151309366,-0.04810366682269249,0.5562997327899055,-0.3070930807172853,-0.08292071241583113,0.9480601221578819
0,-0.9508719103540574,-0.017948494190563845,-0.3090638472127026,0.011292003926015412,-0.18094541447654,-0.05145657227241289,0.5962246490797383,-0.3066450297909488,-0.08264206548226341,0.9482294631128763
0,-0.9507972979651201,-0.017806351357690108,-0.3093015228406625,0.010671833342365114,-0.19097274954613394,-0.053807923385584475,0.6246536667876706,-0.30690277123071724,-0.08239937174898242,0.9481671965135048
0,-0.9499582961201091,-0.017824778956851278,-0.3118677810959617,0.010704390092672128,-0.19070950596590938,-0.053257196214072565,0.6182740791842234,-0.30946315809125263,-0.08233936917313509,0.9473398450748066
0,0.32049141168410833,-0.033742834486996866,-0.9466502396109718,0.323797221291556,-0.09706557291830609,-0.02704135069955462,0.31014727334000075,0.17323691317348303,-0.980422694705313,0.09359653636164017
0,-0.9444361834224158,-0.017526960212789777,-0.3282272095762327,0.01314537290760609,-0.16278922995256417,-0.04510162777358953,0.5108653441568345,-0.3257140137995064,-0.08427467243451248,0.9417049223608586
0,0.3418010127479375,-0.02982924368548087,-0.9392988256692523,0.31930048186398247,-0.10231508473347675,-0.027348803794838526,0.30357205675459614,0.18107088334393573,-0.9786777979519323,0.09696959832341082
0,0.3418010127479375,-0.02982924368548087,-0.9392988256692523,0.31930048186398247,-0.10231508473347675,-0.027348803794838526,0.30357205675459614,0.18107088334393573,-0.9786777979519323,0.09696959832341082
0,0.3494779164747082,-0.032927702613732346,-0.9363658218319794,0.3163836672357441,-0.10444184709962342,-0.02745112992846424,0.2998693931522816,0.15901861335193068,-0.9827989894483892,0.09391073924133696
0,-0.9362507223233352,-0.019582726975320854,-0.35078640474117995,0.010592967587314053,-0.19097329909853725,-0.05001369668108613,0.5426985162677082,-0.34792816175863484,-0.08697925673302495,0.9334776929050999
0,-0.9355043414111132,-0.019858829078054713,-0.3527566499821202,0.010597607016656033,-0.19056368795980258,-0.049845172685181245,0.5382198498389993,-0.34985355268166457,-0.08735201582502537,0.9327229583350687
0,-0.9355043414111132,-0.019858829078054713,-0.3527566499821202,0.010597607016656033,-0.19056368795980258,-0.049845172685181245,0.5382198498389993,-0.34985355268166457,-0.08735201582502537,0.9327229583350687
0,-0.9355043414111132,-0.019858829078054713,-0.3527566499821202,0.010597607016656033,-0.19056368795980258,-0.049845172685181245,0.5382198498389993,-0.34985355268166457,-0.08735201582502537,0.9327229583350687
0,-0.9355043414111132,-0.019858829078054713,-0.3527566499821202,0.010597607016656033,-0.19056368795980258,-0.049845172685181245,0.5382198498389993,-0.34985355268166457,-0.08735201582502537,0.9327229583350687
0,-0.9355043414111132,-0.019858829078054713,-0.3527566499821202,0.010597607016656033,-0.19056368795980258,-0.049845172685181245,0.5382198498389993,-0.34985355268166457,-0.08735201582502537,0.9327229583350687
0,0.3535589205111099,-0.035281492261230625,-0.9347466533926929,0.3097140807267707,-0.10367944930472556,-0.026899789188153375,0.2931343485006995,0.15145892601244526,-0.9839430241320134,0.09442626218963007
0,0.3535589205111099,-0.035281492261230625,-0.9347466533926929,0.3097140807267707,-0.10367944930472556,-0.026899789188153375,0.2931343485006995,0.15145892601244526,-0.9839430241320134,0.09442626218963007
0,0.3535589205111099,-0.035281492261230625,-0.9347466533926929,0.3097140807267707,-0.10367944930472556,-0.026899789188153375,0.2931343485006995,0.15145892601244526,-0.9839430241320134,0.09442626218963007
0,0.3535589205111099,-0.035281492261230625,-0.9347466533926929,0.3097140807267707,-0.10367944930472556,-0.026899789188153375,0.2931343485006995,0.15145892601244526,-0.9839430241320134,0.09442626218963007
0,-0.9412638817115687,-0.016979536386945087,-0.3372447187538369,0.013109942107989228,-0.14869300131393304,-0.046943370670651456,0.4562454556651611,-0.3341094860202146,-0.09785948628573454,0.9374403299907682
0,-0.9458092629759542,-0.016418326950691228,-0.32430737982201796,0.012444663912595674,-0.14898056196879075,-0.050173823633569294,0.4753996956573606,-0.3211405227676023,-0.10064310410595777,0.941668588321002
0,0.31076320707620886,-0.027634141126178347,-0.9500855663412258,0.27973944390432687,-0.08089612374951734,-0.02918872496713193,0.2688247453084641,0.1608330822181749,-0.9836343596587106,0.08121678497084465
0,0.31076320707620886,-0.027634141126178347,-0.9500855663412258,0.27973944390432687,-0.08089612374951734,-0.02918872496713193,0.2688247453084641,0.1608330822181749,-0.9836343596587106,0.08121678497084465
0,0.30236685484855014,-0.027896894712093227,-0.9527833165795978,0.2757086878309947,-0.07703671498883176,-0.029480640321009933,0.2657873542959773,0.16726958959821817,-0.9825077082226965,0.08185039814581435
0,0.29210066610385216,-0.03082048233985312,-0.955890840382951,0.27229290251754956,-0.07398555681029055,-0.029593839510277345,0.26320345155561925,0.14418977389621906,-0.9866369935688528,0.07587326290052981
0,0.29210066610385216,-0.03082048233985312,-0.955890840382951,0.27229290251754956,-0.07398555681029055,-0.029593839510277345,0.26320345155561925,0.14418977389621906,-0.9866369935688528,0.07587326290052981
0,0.2851307977333377,-0.02828048788628884,-0.9580713137271484,0.2710106087429488,-0.07232236525819158,-0.029665472913633063,0.2622228903952361,0.13117369285266647,-0.9890085089127366,0.06823218888178621
0,0.2814064838490773,-0.029974072334872634,-0.9591204021567693,0.27044044687883767,-0.07125798163647536,-0.029548475521622295,0.26198345525542727,0.12733778343903202,-0.9895060863484058,0.06828465410541038
0,0.9600603645225481,0.015918736275915266,0.27933973993366923,-0.010613232323791202,-0.155268168133493,-0.06432767173966336,0.5752996752291966,-0.2761065907208288,-0.10762848985719446,0.9550818073492869
0,0.2781572688897346,-0.031456770523562154,-0.9600203150715259,0.27151951664789326,-0.0708981731675108,-0.02911643057494236,0.2632387870735629,0.12167230327107102,-0.9902587637384072,0.06770104470385888
0,0.27855041779069795,-0.031014351742021242,-0.9599207127323849,0.2721259235006811,-0.07128591639582932,-0.028945831632502327,0.26373734262813636,0.11962665310334925,-0.9905746610569782,0.06671809902225767
0,0.27855041779069795,-0.031014351742021242,-0.9599207127323849,0.2721259235006811,-0.07128591639582932,-0.028945831632502327,0.26373734262813636,0.11962665310334925,-0.9905746610569782,0.06671809902225767
0,0.2783986579623486,-0.031100554253868488,-0.9599619486041441,0.27215638749685145,-0.07127338943470697,-0.02892838360451305,0.26377468467553483,0.11907560764644692,-0.9906471290738079,0.06662781190652801
0,0.9605663106110186,0.016339532978118704,0.27757050019624374,-0.010119461967450658,-0.16488676608052044,-0.06739418673309364,0.6110351206152861,-0.27437171603159777,-0.10616072745316188,0.9557458142134297
0,0.9601451177623487,0.015632304317449015,0.27906447981936366,-0.010512044170704338,-0.15791146996062164,-0.0648246559828773,0.5846080086841245,-0.27590180751847826,-0.10672673547659553,0.9552421664376765
0,0.2785005464417092,-0.03256241882131371,-0.9598839172057081,0.27102942303961897,-0.07093210637662413,-0.029148276083099667,0.2627650349236469,0.1186864767427498,-0.9905978383872094,0.06804000895782589
0,0.27992801105262993,-0.02994990248201007,-0.9595537045769958,0.2720477443715664,-0.07164335353731587,-0.028999354295478362,0.26351968580579443,0.1202724903632047,-0.9905442975217144,0.06600395978307952
0,0.27992801105262993,-0.02994990248201007,-0.9595537045769958,0.2720477443715664,-0.07164335353731587,-0.028999354295478362,0.26351968580579443,0.1202724903632047,-0.9905442975217144,0.06600395978307952
0,0.29282906823820715,-0.02845613304332493,-0.9557412752858193,0.2729189127337534,-0.07430153956775369,-0.02914355759107566,0.2636598225919166,0.15002373301362923,-0.9858094228900842,0.07531707158257356
0,0.30025798972357076,-0.030711231409986346,-0.9533634982893158,0.2731427234720398,-0.07614872039963581,-0.02908129350072422,0.2634583603734771,0.15413279875315747,-0.9847843941179787,0.08026691378273086
0,0.3005738101157854,-0.02700610551179771,-0.9533761350776331,0.2748107437733877,-0.0780102721187519,-0.028842791544655372,0.26447256360750326,0.12529919130876355,-0.9898172631505202,0.06754182574215588
0,0.9523474100962849,0.017276093667135024,0.30452577406272674,-0.010075093610159694,-0.170897481605097,-0.061924130145841236,0.5710474760851827,-0.3012250912618038,-0.10363608174668715,0.9479045347251547
0,0.9517257186307219,0.01821024409437367,0.306409111328073,-0.00963461074479019,-0.179566237804331,-0.06402704253892279,0.5929926977258255,-0.3030395426911839,-0.10308536729826676,0.9473861106288711
0,-0.9499257985315451,-0.017573685754124536,-0.3119809975803356,0.010706561849158233,-0.16121196468231141,-0.05701703934870521,0.5283910460685614,-0.30864800555531063,-0.10302264612155684,0.9455806380477773
0,0.31111538956352375,-0.031051544936173618,-0.9498647355975554,0.2757770539202756,-0.08117348966564139,-0.02860428239511361,0.2646807801141458,0.1231572167745731,-0.9897211899262454,0.07269295815495311
0,0.31111538956352375,-0.031051544936173618,-0.9498647355975554,0.2757770539202756,-0.08117348966564139,-0.02860428239511361,0.2646807801141458,0.1231572167745731,-0.9897211899262454,0.07269295815495311
0,-0.949014320213227,-0.017172975456489846,-0.31476484705601654,0.010275672554586932,-0.16952072198371299,-0.05943620138779218,0.5469923446916379,-0.3114299188464679,-0.10355837804540031,0.9446094790874631
0,-0.9442850928374384,-0.018215439610049754,-0.32862419448787233,0.010631425853061288,-0.16487757940539727,-0.055820619787210916,0.5092128521401489,-0.32510076351140543,-0.10410833453167886,0.9399313529419802
0,0.33416018587318763,-0.030550466852770193,-0.9420210396537193,0.27793859758000056,-0.08782778893431531,-0.028763737867553076,0.26482295237998743,0.13385265591940396,-0.9878059535873615,0.07951644206505472
0,0.33747949233341235,-0.02830222181793616,-0.9409073155696849,0.2785019272181813,-0.08936659583689607,-0.02880609366808591,0.26480590187082015,0.12464760040433283,-0.9894025288192805,0.07446886381203101
0,0.34104517147328406,-0.03154962154728246,-0.9395173294798673,0.27796153889453,-0.08984613940131478,-0.02892690695385632,0.2642128804378195,0.1298073342147158,-0.988281739723921,0.08030727806574647
0,0.34471967755374006,-0.027946605768860447,-0.9382895774393135,0.27882700828233853,-0.09112682309612993,-0.029118097765548506,0.2645532436634059,0.13356896413369745,-0.987925875102654,0.07849711536678484
0,0.35292283165458116,-0.031215094527027965,-0.9351315911509891,0.27875961606172783,-0.09263775361067564,-0.029031959790086284,0.2641038709904993,0.1498604133750389,-0.9846546674204558,0.08942618424250329
0,0.356516992169713,-0.030880192333832972,-0.9337783719993125,0.2793717427618754,-0.0944352184027692,-0.028917387141544678,0.26408510264674945,0.13581360622439193,-0.9871244824148159,0.08449805074442755
0,-0.9327477248312823,-0.02006800298889347,-0.35997077253036025,0.009462966010552493,-0.18759589357904802,-0.05649917160880885,0.515531950481243,-0.356209713992596,-0.10280494221906322,0.9287334297367831
0,-0.930639822408558,-0.019915092853788584,-0.36539418443920574,0.0096974852884526,-0.1836700713370661,-0.05469023808362548,0.49731861306953096,-0.3616126783836999,-0.1029945087106712,0.9266220383768208
0,0.3695876733383869,-0.030135678424828134,-0.9287070542427215,0.28012295897118517,-0.09861393928300985,-0.028988002953961107,0.26332311638081835,0.12976562059533453,-0.9880055543468529,0.0837013039879056
0,0.371193216112465,-0.02822925140894562,-0.9281264491840405,0.28042467348878175,-0.09969632993666809,-0.029015470629206248,0.2631507348754489,0.11782756598109141,-0.9900259155169563,0.0772356866855221
0,0.371193216112465,-0.02822925140894562,-0.9281264491840405,0.28042467348878175,-0.09969632993666809,-0.029015470629206248,0.2631507348754489,0.11782756598109141,-0.9900259155169563,0.0772356866855221
0,0.3775838029200771,-0.028300226934748738,-0.9255428509398439,0.2800739181706555,-0.1007879911385236,-0.029099302330686222,0.2623773948455268,0.13239286358388686,-0.9876137725052122,0.08420906143688586
0,-0.9196156091108818,-0.020097429387105823,-0.3923050150197573,0.009960224078746027,-0.18203242333552466,-0.051006148709148144,0.454710410483488,-0.38833238139414,-0.10400578214193044,0.9156313443956589
0,-0.9196156091108818,-0.020097429387105823,-0.3923050150197573,0.009960224078746027,-0.18203242333552466,-0.051006148709148144,0.454710410483488,-0.38833238139414,-0.10400578214193044,0.9156313443956589
0,-0.9129871655557142,-0.022126885408610773,-0.4073878207195905,0.009126984220596587,-0.19335666954631758,-0.051188757459275126,0.4585109818245238,-0.4032530946434658,-0.10274934316534493,0.909301662891671
0,0.41931296080071095,-0.03023328790042455,-0.9073381889930962,0.283346750813054,-0.11305785521522348,-0.028852334370544234,0.26099687041212627,0.15116117741903604,-0.9831683810208267,0.10261692355638628
0,0.42724128316952437,-0.0313862613943542,-0.9035927116512967,0.28405703229392193,-0.11600742383097874,-0.02871371389732346,0.26051016655389814,0.14013788351468337,-0.9850208494481874,0.10047536889405585
0,0.43569389590985547,-0.03028512987213336,-0.8995852599801312,0.28454951341287205,-0.11859060751994324,-0.028836037347485844,0.2598459791853643,0.14159855680379368,-0.984683116020981,0.10173008273020333
0,0.44689259393891656,-0.0280132256505896,-0.8941489074361137,0.2852783151779077,-0.12171840649678996,-0.02904122948490376,0.2591255185308511,0.15307121010273997,-0.9823745863878098,0.10728176291925126
0,0.45858213880942134,-0.029548523237883574,-0.8881606311571331,0.28571818863578996,-0.1250541498007223,-0.02909040668599646,0.2580953936367241,0.1561032149506086,-0.9812274460031744,0.11324524488989235
0,0.4674817150219162,-0.030716595831767474,-0.8834689224068246,0.2868535673504224,-0.12886933737453754,-0.029031470654229535,0.25750906532348,0.13611363127309356,-0.9849770953723823,0.10626947337517689
0,0.4810359366773286,-0.030737626656787424,-0.8761618719908286,0.2881068311331222,-0.1327000621026195,-0.02903671485426137,0.25699115581388343,0.15251142941325635,-0.9812132594459043,0.11815584362980064
0,-0.869316128694335,-0.025733434563834912,-0.49358612089020804,0.009259694021769932,-0.19221072868379835,-0.04070303610323213,0.35940842333826234,-0.4890360338965748,-0.09997876598654318,0.8665148607499563
0,-0.8625710369308686,-0.02701992865624822,-0.5052139444843315,0.008191793880456155,-0.2003371808988672,-0.041027895223463465,0.36045207487676684,-0.5005639071624138,-0.0995543014005731,0.8599562290703767
0,0.5174521999671864,-0.030308283955229432,-0.8551752034938853,0.2927595749887539,-0.14669558409303537,-0.029071369734761245,0.2546059856666398,0.12456841047829215,-0.9860587942221422,0.11032119218938297
0,0.5307012768459572,-0.028540764412483096,-0.8470782605632265,0.2947676457402799,-0.15152591596094128,-0.029088129670097117,0.2540294753610995,0.12891535376037858,-0.985086083506225,0.11395718338570546
0,0.5307012768459572,-0.028540764412483096,-0.8470782605632265,0.2947676457402799,-0.15152591596094128,-0.029088129670097117,0.2540294753610995,0.12891535376037858,-0.985086083506225,0.11395718338570546
0,0.5307012768459572,-0.028540764412483096,-0.8470782605632265,0.2947676457402799,-0.15152591596094128,-0.029088129670097117,0.2540294753610995,0.12891535376037858,-0.985086083506225,0.11395718338570546
0,0.5570631611267876,-0.031533701712781206,-0.8298712310772798,0.29846782653159215,-0.16177951690466552,-0.028812713386753383,0.25215356444752085,0.11578099875703285,-0.9865708010260171,0.11520770324812017
0,0.568468532976796,-0.031755489472556096,-0.8220919145093011,0.3000493761113655,-0.16686700312846495,-0.028792401209971525,0.2507080398147787,0.0956236320022631,-0.9899317080173593,0.10436155643976179
0,0.5789538229798609,-0.032041934765685016,-0.8147304985524205,0.30167531287565164,-0.17188415124469464,-0.028804817233195203,0.24926682975345113,0.07157467129673113,-0.9933729483440805,0.08992914947309107
0,0.5789538229798609,-0.032041934765685016,-0.8147304985524205,0.30167531287565164,-0.17188415124469464,-0.028804817233195203,0.24926682975345113,0.07157467129673113,-0.9933729483440805,0.08992914947309107
0,0.5789538229798609,-0.032041934765685016,-0.8147304985524205,0.30167531287565164,-0.17188415124469464,-0.028804817233195203,0.24926682975345113,0.07157467129673113,-0.9933729483440805,0.08992914947309107
0,0.5789538229798609,-0.032041934765685016,-0.8147304985524205,0.30167531287565164,-0.17188415124469464,-0.028804817233195203,0.24926682975345113,0.07157467129673113,-0.9933729483440805,0.08992914947309107
0,0.5789538229798609,-0.032041934765685016,-0.8147304985524205,0.30167531287565164,-0.17188415124469464,-0.028804817233195203,0.24926682975345113,0.07157467129673113,-0.9933729483440805,0.08992914947309107
0,0.5789538229798609,-0.032041934765685016,-0.8147304985524205,0.30167531287565164,-0.17188415124469464,-0.028804817233195203,0.24926682975345113,0.07157467129673113,-0.9933729483440805,0.08992914947309107
0,0.5789538229798609,-0.032041934765685016,-0.8147304985524205,0.30167531287565164,-0.17188415124469464,-0.028804817233195203,0.24926682975345113,0.07157467129673113,-0.9933729483440805,0.08992914947309107
0,0.5789538229798609,-0.032041934765685016,-0.8147304985524205,0.30167531287565164,-0.17188415124469464,-0.028804817233195203,0.24926682975345113,0.07157467129673113,-0.9933729483440805,0.08992914947309107
0,0.5789538229798609,-0.032041934765685016,-0.8147304985524205,0.30167531287565164,-0.17188415124469464,-0.028804817233195203,0.24926682975345113,0.07157467129673113,-0.9933729483440805,0.08992914947309107
0,0.5789538229798609,-0.032041934765685016,-0.8147304985524205,0.30167531287565164,-0.17188415124469464,-0.028804817233195203,0.24926682975345113,0.07157467129673113,-0.9933729483440805,0.08992914947309107
0,0.5789538229798609,-0.032041934765685016,-0.8147304985524205,0.30167531287565164,-0.17188415124469464,-0.028804817233195203,0.24926682975345113,0.07157467129673113,-0.9933729483440805,0.08992914947309107
0,0.5789538229798609,-0.032041934765685016,-0.8147304985524205,0.30167531287565164,-0.17188415124469464,-0.028804817233195203,0.24926682975345113,0.07157467129673113,-0.9933729483440805,0.08992914947309107
0,0.5789538229798609,-0.032041934765685016,-0.8147304985524205,0.30167531287565164,-0.17188415124469464,-0.028804817233195203,0.24926682975345113,0.07157467129673113,-0.9933729483440805,0.08992914947309107
0,0.5789538229798609,-0.032041934765685016,-0.8147304985524205,0.30167531287565164,-0.17188415124469464,-0.028804817233195203,0.24926682975345113,0.07157467129673113,-0.9933729483440805,0.08992914947309107
0,0.5789538229798609,-0.032041934765685016,-0.8147304985524205,0.30167531287565164,-0.17188415124469464,-0.028804817233195203,0.24926682975345113,0.07157467129673113,-0.9933729483440805,0.08992914947309107
0,0.5789538229798609,-0.032041934765685016,-0.8147304985524205,0.30167531287565164,-0.17188415124469464,-0.028804817233195203,0.24926682975345113,0.07157467129673113,-0.9933729483440805,0.08992914947309107
0,0.5789538229798609,-0.032041934765685016,-0.8147304985524205,0.30167531287565164,-0.17188415124469464,-0.028804817233195203,0.24926682975345113,0.07157467129673113,-0.9933729483440805,0.08992914947309107
0,0.5789538229798609,-0.032041934765685016,-0.8147304985524205,0.30167531287565164,-0.17188415124469464,-0.028804817233195203,0.24926682975345113,0.07157467129673113,-0.9933729483440805,0.08992914947309107
0,0.5789538229798609,-0.032041934765685016,-0.8147304985524205,0.30167531287565164,-0.17188415124469464,-0.028804817233195203,0.24926682975345113,0.07157467129673113,-0.9933729483440805,0.08992914947309107
0,0.5789538229798609,-0.032041934765685016,-0.8147304985524205,0.30167531287565164,-0.17188415124469464,-0.028804817233195203,0.24926682975345113,0.07157467129673113,-0.9933729483440805,0.08992914947309107
0,0.5789538229798609,-0.032041934765685016,-0.8147304985524205,0.30167531287565164,-0.17188415124469464,-0.028804817233195203,0.24926682975345113,0.07157467129673113,-0.9933729483440805,0.08992914947309107
