0,0.6924095770158973,0.7208542519180962,-0.030628828679338586,3.0453332886206965,-1.8215975010510377,-2.4759228401872555,-0.024087546837149008,0.71128167768113,-0.6891043492739973,-0.13861302537921122
0,0.6924095770158973,0.7208542519180962,-0.030628828679338586,3.0453332886206965,-1.8215975010510377,-2.4759228401872555,-0.024087546837149008,0.71128167768113,-0.6891043492739973,-0.13861302537921122
0,0.6924095770158973,0.7208542519180962,-0.030628828679338586,3.0453332886206965,-1.8215975010510377,-2.4759228401872555,-0.024087546837149008,0.71128167768113,-0.6891043492739973,-0.13861302537921122
0,0.6912827331102778,0.7219205617888927,-0.030965874248826294,3.0643812903209593,-1.8327796837734478,-2.4908249842377055,-0.024718520765260224,0.7123347186269079,-0.6880434404465016,-0.13847553103442292
0,0.6912827331102778,0.7219205617888927,-0.030965874248826294,3.0643812903209593,-1.8327796837734478,-2.4908249842377055,-0.024718520765260224,0.7123347186269079,-0.6880434404465016,-0.13847553103442292
0,0.6912827331102778,0.7219205617888927,-0.030965874248826294,3.0643812903209593,-1.8327796837734478,-2.4908249842377055,-0.024718520765260224,0.7123347186269079,-0.6880434404465016,-0.13847553103442292
0,0.5247045118108296,0.8512447193679189,0.00822210627467496,3.0414222164671214,-1.8190455938383692,-2.451444392277379,-0.022098040846754465,-0.33202218627331853,0.1957447560890474,0.9227379141901156
0,0.5202611956576205,0.8539658887687652,0.008399351777148484,3.064607987826339,-1.8321203516592792,-2.472267560344215,-0.023180198312248254,-0.3342485014514825,0.19456371892839075,0.9221837661508646
0,0.5204710688273121,0.8533730336096418,0.02939952413956108,3.0508428179540865,-1.823689547804596,-2.4619308763848053,-0.02448166432452883,-0.08864447900237482,0.019755556435162615,0.9958673979653789
0,0.6945078743040197,0.7171286636395191,-0.058183264899021946,3.030915401343433,-1.822644810169212,-2.4633326021304818,-0.02495886826653653,0.686112976694408,-0.6844683091419445,-0.24647944537000774
0,0.693681421441931,0.7179457367043456,-0.05796554746016453,3.049773750361665,-1.8349500241464423,-2.4769694533153395,-0.024612026976315177,0.686989133842575,-0.6836562456936087,-0.24629264646827934
0,0.6863096351854326,0.7268465489701893,-0.025945691352609365,3.044052426187028,-1.8243491705260098,-2.466257708785651,-0.023390858283672898,0.7206317713729029,-0.6843985182747134,-0.11085358933895254
0,-0.7056584114385384,0.7085339315099404,-0.005086675054090441,0.45305590678674607,-1.8036425906073763,-2.435918890280584,-0.023535234887794458,-0.7085452859597585,-0.705665043367995,0.0006513913184420402
0,0.5111029710176482,0.8594803094623182,0.008206744877894958,3.060590152142927,-1.8317557112561345,-2.471474704987771,-0.023215254406582047,-0.5107410179310606,0.2960126337664395,0.8071679709028351
0,0.5111029710176482,0.8594803094623182,0.008206744877894958,3.060590152142927,-1.8317557112561345,-2.471474704987771,-0.023215254406582047,-0.5107410179310606,0.2960126337664395,0.8071679709028351
0,0.5111029710176482,0.8594803094623182,0.008206744877894958,3.060590152142927,-1.8317557112561345,-2.471474704987771,-0.023215254406582047,-0.5107410179310606,0.2960126337664395,0.8071679709028351
0,0.5151671914321911,0.8570623143868834,0.006852308199930697,3.0768772197708056,-1.8480655522690603,-2.4790034095179836,-0.02248586707120997,-0.5094581871419941,0.2997788447267948,0.8065884947147839
0,0.5151671914321911,0.8570623143868834,0.006852308199930697,3.0768772197708056,-1.8480655522690603,-2.4790034095179836,-0.02248586707120997,-0.5094581871419941,0.2997788447267948,0.8065884947147839
0,0.5151671914321911,0.8570623143868834,0.006852308199930697,3.0768772197708056,-1.8480655522690603,-2.4790034095179836,-0.02248586707120997,-0.5094581871419941,0.2997788447267948,0.8065884947147839
0,0.5081461683278549,0.8608671567770387,0.02636683512174065,3.056744267411041,-1.8394161484867042,-2.4643749930368966,-0.020954585807613706,-0.34861777339185307,0.17759273685471158,0.920286079374104
0,0.5081461683278549,0.8608671567770387,0.02636683512174065,3.056744267411041,-1.8394161484867042,-2.4643749930368966,-0.020954585807613706,-0.34861777339185307,0.17759273685471158,0.920286079374104
0,0.5081461683278549,0.8608671567770387,0.02636683512174065,3.056744267411041,-1.8394161484867042,-2.4643749930368966,-0.020954585807613706,-0.34861777339185307,0.17759273685471158,0.920286079374104
0,0.6963597982255492,0.7162136671049446,-0.04605447280514768,3.0257573260377075,-1.8231425312294482,-2.4533885548122187,-0.02076351682611622,0.7006536934405139,-0.6923258164075484,-0.17253801262848736
0,0.6990580534711522,0.7135376191915614,-0.046710853916001195,3.0454407455075874,-1.8416048144655495,-2.4653250392127433,-0.022480650233752765,0.6978318782845571,-0.6950085139768356,-0.1731872834464411
0,0.6990580534711522,0.7135376191915614,-0.046710853916001195,3.0454407455075874,-1.8416048144655495,-2.4653250392127433,-0.022480650233752765,0.6978318782845571,-0.6950085139768356,-0.1731872834464411
0,0.6990580534711522,0.7135376191915614,-0.046710853916001195,3.0454407455075874,-1.8416048144655495,-2.4653250392127433,-0.022480650233752765,0.6978318782845571,-0.6950085139768356,-0.1731872834464411
0,0.7044782061199577,0.7081304099099132,-0.04755817133600476,3.0708028936410257,-1.8679223254385193,-2.4797130432646055,-0.022454377686226896,0.6924649496675364,-0.7004887146406801,-0.17264951242614124
0,0.8672458952538664,-0.49780736034374246,0.008508181410581806,0.37868188022275756,-2.0041378313186398,-2.7311031896274605,-0.01937454498772989,-0.49786497967529103,-0.8672260045646143,0.007036975047377129
0,0.8672458952538664,-0.49780736034374246,0.008508181410581806,0.37868188022275756,-2.0041378313186398,-2.7311031896274605,-0.01937454498772989,-0.49786497967529103,-0.8672260045646143,0.007036975047377129
0,0.5063458208338827,0.8620259027776038,0.0229183913597487,3.029896596513048,-1.8280110923851058,-2.4405363350050933,-0.021174348318862744,-0.21924251289060387,0.10298606019743008,0.9702198678363707
0,0.740234795707459,0.670959874938496,-0.04318904310649152,3.0038674758490447,-1.8444941258812357,-2.443405604470288,-0.021264083193514485,0.6628663815398486,-0.7390381882060834,-0.12012791763506878
0,0.740234795707459,0.670959874938496,-0.04318904310649152,3.0038674758490447,-1.8444941258812357,-2.443405604470288,-0.021264083193514485,0.6628663815398486,-0.7390381882060834,-0.12012791763506878
0,0.49042401056386165,0.871474971421221,0.003957783071307897,3.0207031632300216,-1.8415309612176745,-2.429776980246669,-0.020804382209975207,-0.8335792027656239,0.4677636279857147,0.2938416257923118
0,0.7256946139205933,0.6861957568761867,-0.050027098354376055,3.0281800866659827,-1.8655961591231482,-2.441852261511059,-0.02521950242055287,0.6718917602065312,-0.72246045502773,-0.16313293194721307
0,0.7256946139205933,0.6861957568761867,-0.050027098354376055,3.0281800866659827,-1.8655961591231482,-2.441852261511059,-0.02521950242055287,0.6718917602065312,-0.72246045502773,-0.16313293194721307
0,0.5142347040725361,0.8575204844975842,0.014875745106023039,3.045395189663917,-1.8662266866005246,-2.4318308679754286,-0.024998924255997295,-0.6170559026988841,0.3578761726420788,0.7008328317063365
0,0.5069933972207037,0.861810677477092,0.01549359090352386,3.060866197458816,-1.8740894782597888,-2.4487193993736245,-0.02469935195852133,-0.6217739247430352,0.35321547325737895,0.6990250467323816
0,0.5069933972207037,0.861810677477092,0.01549359090352386,3.060866197458816,-1.8740894782597888,-2.4487193993736245,-0.02469935195852133,-0.6217739247430352,0.35321547325737895,0.6990250467323816
0,0.7252756349728698,0.6876191883076123,-0.0339868383919563,3.019710370174495,-1.8797826410678087,-2.41000196000282,-0.023943680328469625,0.6809027795396283,-0.7237349597002548,-0.11215664456856304
0,0.7152840706829872,0.6981075682619805,-0.03185155193267187,3.03713168147564,-1.8785285859110996,-2.426894847292733,-0.0246001394821828,0.6931102238221072,-0.7145099044607055,-0.09525656963602078
0,0.7152840706829872,0.6981075682619805,-0.03185155193267187,3.03713168147564,-1.8785285859110996,-2.426894847292733,-0.0246001394821828,0.6931102238221072,-0.7145099044607055,-0.09525656963602078
0,0.5536648554124565,0.832455274884199,0.021758749885426223,3.057139589471997,-1.8802572022986996,-2.4212608536918045,-0.023709445598318436,0.4175748531459511,-0.3001454513991311,0.8576385893968096
0,0.5302836058667499,0.84781657189414,0.0025214616051537166,3.0323834950836477,-1.8773091901644334,-2.402430037391844,-0.02268917332807833,-0.6605612100163671,0.41129306429531237,0.6280898845565698
0,0.7028033405376761,0.7111377617233335,-0.01872293722177565,3.0488912748034833,-1.8788359527546938,-2.4311491967273993,-0.02365586583771743,0.7103139743258416,-0.7029460738145513,-0.03634384657868621
0,0.7028033405376761,0.7111377617233335,-0.01872293722177565,3.0488912748034833,-1.8788359527546938,-2.4311491967273993,-0.02365586583771743,0.7103139743258416,-0.7029460738145513,-0.03634384657868621
0,0.5025303963738929,0.8632500815773472,0.04756571638272293,3.041615356482313,-1.8777380238817627,-2.4290353098813626,-0.023756472755398054,-0.37672121602898473,0.16912019514443083,0.9107576433859629
0,0.5025303963738929,0.8632500815773472,0.04756571638272293,3.041615356482313,-1.8777380238817627,-2.4290353098813626,-0.023756472755398054,-0.37672121602898473,0.16912019514443083,0.9107576433859629
0,0.6878625924051742,0.7250458264370193,-0.033964739567571664,3.0478678266614594,-1.876956508475459,-2.4240466849660427,-0.022531458303501957,0.7190395378026839,-0.6870615059526545,-0.10454008854297624
0,0.8719884101404412,-0.4894334822637081,0.009543532782274659,0.459017845210738,-1.9495541696273144,-2.535914192988177,-0.01996310540961404,-0.48952316816240576,-0.8718888487465214,0.013300498551060287
0,0.5111537352659888,0.8592046889693202,0.022116992895983394,3.041298909022652,-1.8766555149712563,-2.4226281733560193,-0.02287592003512627,-0.3659267283661329,0.19426711542449776,0.910141701785993
0,0.517931430924887,0.8549791945153473,0.0275247126049765,3.0371021806394785,-1.8740116050158224,-2.4162798023855054,-0.022659975618252948,-0.19495818522110953,0.08665003193452267,0.9769764981712905
0,-0.7286407759591275,0.684878683539169,-0.004879389442912094,0.2796011416404819,-1.85394536037485,-2.3808187027672854,-0.022677281276372217,-0.6848798058607051,-0.7285558981830698,0.012081173157584946
0,-0.7286407759591275,0.684878683539169,-0.004879389442912094,0.2796011416404819,-1.85394536037485,-2.3808187027672854,-0.022677281276372217,-0.6848798058607051,-0.7285558981830698,0.012081173157584946
0,0.8659240158927324,-0.5001149459603231,0.007787138454272254,0.42956737864696104,-1.9846070000705591,-2.577600145297243,-0.018604080373908646,-0.5001747278034616,-0.8657890763354777,0.0153139466791952
0,0.8659240158927324,-0.5001149459603231,0.007787138454272254,0.42956737864696104,-1.9846070000705591,-2.577600145297243,-0.018604080373908646,-0.5001747278034616,-0.8657890763354777,0.0153139466791952
0,0.49605330574267587,0.8682578890662085,0.0077042802424789406,3.038229858521017,-1.885071694371233,-2.422046762609255,-0.022403603974886208,-0.7329859147556914,0.41398016449383374,0.5397703883814123
0,0.5241649265871525,0.8516143359305096,0.002037785936362852,3.0456975468480008,-1.883103102149036,-2.417285803236887,-0.022428006478285807,-0.14040941801065074,0.08406079548392022,0.9865186151282301
0,0.6583596157828734,0.7511753970990931,-0.04793891005485228,3.0615713028798535,-1.887409272738815,-2.422881152197848,-0.021515974611256608,0.7320414497878915,-0.6538075752880727,-0.1914444313276652
0,0.4986154959452443,0.866776125286941,0.009040787235370502,3.0134367189804587,-1.8734718884374857,-2.3986685827901137,-0.020567252005192133,-0.6939224540788959,0.3928870663937731,0.6034164240254135
0,0.49363059057213426,0.8696001212235484,0.011156577315476137,3.0376985811055914,-1.8875655110357512,-2.421448556093302,-0.0220986443358551,-0.6972436022202754,0.38805948278732805,0.6027115371218026
0,0.49363059057213426,0.8696001212235484,0.011156577315476137,3.0376985811055914,-1.8875655110357512,-2.421448556093302,-0.0220986443358551,-0.6972436022202754,0.38805948278732805,0.6027115371218026
0,0.49508636012185886,0.8687165507114185,0.014867768472256116,3.0502760245656937,-1.8932612296931979,-2.4319931303040114,-0.015841656797872833,-0.6960768103527006,0.38634093716962636,0.6051592801520153
0,0.5060405269974964,0.8623105060782781,0.0185358069994291,3.028511346592817,-1.8744575487962583,-2.411768806904035,-0.014365726850128682,-0.38544779088903947,0.20686751390011257,0.8992418096316175
0,0.5121556967337285,0.8587291733626448,0.016755569733616336,3.032621132543806,-1.8750448053047792,-2.412976395724096,-0.012713875782136385,-0.2221516554743172,0.11359881277824573,0.968371804475633
0,0.5256788357379684,0.8501746988796088,0.029406513566562906,3.034815198769537,-1.8781946186329799,-2.4078900372141874,-0.012271126008705757,0.06632424092276452,-0.07542340058286752,0.9949434183452522
0,0.49763467411409085,0.8664528624681266,0.04023888962375286,3.0100255434773118,-1.871622527562679,-2.3984872879951906,-0.011558485747710089,-0.38525846315727497,0.1792275828264908,0.9052366486824691
0,0.5077639430582251,0.8613960619911568,0.013137827601654562,3.0409825256008918,-1.8886797955867813,-2.416771485520057,-0.013821543816511949,-0.39851939668790276,0.22133887949599912,0.8900513417129181
0,0.5031806440584629,0.8641128802280189,0.010870587240260009,3.0415150403357516,-1.889173700233186,-2.4195542210431125,-0.013930645818431583,-0.5032017713885537,0.28274595592054375,0.8166043728023992
0,0.5031806440584629,0.8641128802280189,0.010870587240260009,3.0415150403357516,-1.889173700233186,-2.4195542210431125,-0.013930645818431583,-0.5032017713885537,0.28274595592054375,0.8166043728023992
0,-0.8463510920101591,0.5326235553723363,-0.001406169884119223,-0.3195385176991299,-1.6196039325045302,-1.9737228310879593,-0.025766739854203254,-0.5325987898282423,-0.8462794445351116,0.01223236807959942
0,-0.8463510920101591,0.5326235553723363,-0.001406169884119223,-0.3195385176991299,-1.6196039325045302,-1.9737228310879593,-0.025766739854203254,-0.5325987898282423,-0.8462794445351116,0.01223236807959942
0,0.514128376733008,0.8575053325813795,0.018884301162075505,3.0553631708606703,-1.8961307112268866,-2.4257817029910904,-0.020536647210743372,-0.25058879921761135,0.12911449071325334,0.9594449968562725
0,0.51699124663687,0.8556886395697952,0.022737700192592445,3.0574209177948624,-1.8966121454539406,-2.4265779568176313,-0.021719419575653445,-0.15090016557484873,0.06495974507772673,0.9864123739830721
0,0.5183859250964287,0.8549264299590051,0.019412161586759392,3.0526250296313084,-1.8944981991699348,-2.4215340606010405,-0.015987843801751986,-0.14851156284344363,0.06764836930341658,0.9865941484878098
0,-0.8515404777763308,0.5242835468856035,-0.0023616035885473258,-0.3507639448005531,-1.4443928272933328,-1.6770677194818013,-0.027099758846682667,-0.524268793207653,-0.8514598228769124,0.012585805218912826
0,0.5093104379073923,0.8603077980409544,0.02175707853791163,3.040124588788438,-1.890054593685635,-2.414425874673232,-0.016116512871196757,-0.3676660592898719,0.1946643311982646,0.9093555228860649
0,0.5096083098555553,0.8601642172175921,0.02041788291208509,3.0419579480595313,-1.8905581087132162,-2.4160856594856996,-0.013879772625195083,-0.3672290242260973,0.1959835394232121,0.9092487536637589
0,0.5096083098555553,0.8601642172175921,0.02041788291208509,3.0419579480595313,-1.8905581087132162,-2.4160856594856996,-0.013879772625195083,-0.3672290242260973,0.1959835394232121,0.9092487536637589
0,0.4956461928545213,0.8684973408906741,0.006871708131680509,3.0182110885433064,-1.8812631472793564,-2.40148123878605,-0.013111987663897335,-0.7139981383057427,0.4029441090476446,0.5725755002423117
0,0.49549217394821055,0.8685856935815967,0.006811641465384684,3.0304818806950244,-1.8894252088272863,-2.411040759816104,-0.013354467162120777,-0.7137174139584718,0.40265161260855775,0.5731309901533499
0,0.8629233895783748,-0.5053176791282219,0.00415534319110111,0.4176623768658131,-2.069031945985272,-2.7067795201680163,-0.0071863939972987845,-0.5053140593542846,-0.862784424391778,0.016147397432497525
0,0.5059215939780638,0.862465118181544,0.014044951576650712,3.0123485901912597,-1.8750704953799153,-2.392601756828277,-0.012415805223225157,-0.41041516364767094,0.22636416334610032,0.8833564733439584
0,0.5070002321873898,0.8618320840982828,0.014007975540502648,3.0315135334029213,-1.8892285077033772,-2.405914929107304,-0.012818685043613052,-0.41012403067614767,0.2269108066775947,0.8833514392770714
0,0.8638514485710025,-0.5037378242910209,0.002979795014680407,0.42598494701049294,-2.0719280032501417,-2.70749937477927,-0.005632732640671861,-0.5037044867729267,-0.8636875338560959,0.018045328049055735
0,0.48671048966622493,0.8734803124518231,0.012043380170419091,3.0074595482204463,-1.8800149611154353,-2.395348473515289,-0.01219033501508764,-0.6808868279915257,0.3706866992820768,0.63165219736893
0,0.4931851861236325,0.8695897884760525,0.024124095099555674,2.9992562466680104,-1.8724436688151906,-2.386765100118878,-0.011946926994940382,-0.4725697187628744,0.244527656129105,0.8466900768843247
0,0.48676630898140716,0.873366524910314,0.01701392384781623,3.012445270428999,-1.8850585215125217,-2.3983287145569694,-0.01423990581634095,-0.6199104993163917,0.33165030738260604,0.7111392595324244
0,0.5053053707531159,0.862633527833324,0.023019099545598394,3.014755756726372,-1.8801553513853553,-2.393105093288671,-0.014356370499361618,-0.2481756194555905,0.11972231103018238,0.9612884219355948
0,0.8732695250189888,-0.4872333042428195,0.0020109469743814752,0.4815317972265605,-1.9904228072541228,-2.57918387857194,-0.01019477662486476,-0.48718076019649387,-0.873097517070698,0.018858223069746848
0,0.4850600860023328,0.874068584906213,0.02684812554835241,3.010670848143397,-1.8902174159623553,-2.3950266563630493,-0.01431256170892924,-0.5775002162818604,0.2971242183616974,0.7604016695506097
0,0.4856166400371138,0.8738191583890755,0.02483057287442562,2.9997132327435696,-1.8815441364624188,-2.3868182941676253,-0.01435883407750216,-0.5474520525789844,0.2818509002100245,0.787944363629727
0,0.8648261588486885,-0.5020626021656671,0.002976319146543456,0.4393203220734002,-2.0504895016112195,-2.657071668015596,-0.006611663271956475,-0.502025013741154,-0.8646504198272591,0.018722635197506065
0,0.499331426683676,0.8663509916495513,0.010202234651478966,3.011423126785933,-1.886509994193901,-2.3885326690634394,-0.01193400326279856,-0.5537789263603908,0.3100766211675535,0.7727751223496045
0,0.5000519020739724,0.8659657770905201,0.007167156912894394,3.0056536679682195,-1.883103938895468,-2.3833703746630546,-0.012108417883094713,-0.5730845099858162,0.32470018565540326,0.7524253676263605
0,0.8598596724444035,-0.5105183560761464,0.003514514349352336,0.41809492817324534,-2.103595253316128,-2.724096416149512,0.00016307607107331548,-0.510470190145044,-0.8596320326217,0.021282703351957002
0,0.865761002370115,-0.5004460083049539,0.003417534891072185,0.45302389751157734,-2.0174388372673366,-2.5849060932901597,-0.0029154841543618977,-0.500395000674565,-0.865524318796581,0.021736993113505916
0,0.5094211482221357,0.8596320068650901,0.039024434847139265,3.0048079724502403,-1.8881605889881072,-2.3761561292512976,-0.008178854307758011,-0.2537966539227117,0.10675884936091615,0.9613479112885035
0,0.5011422341122728,0.8646492690370553,0.03518668413826795,2.9978722181029025,-1.8859868922369036,-2.373718115076765,-0.008267341092850765,-0.37700478415242406,0.18154749726649813,0.9082444048605282
0,0.8637280430225731,-0.5038776473335779,0.009010228186595942,0.443008239903115,-2.0354705409178355,-2.609846991306394,0.004570933500274366,-0.5039506658066694,-0.8634793073552889,0.02090961980155179
0,0.498184160577866,0.8663253433028594,0.03595749850184089,2.993523067216658,-1.8875691628606144,-2.369907611474226,-0.00152911576445703,-0.4371028384506342,0.21511053080931306,0.8733089763373182
0,0.498184160577866,0.8663253433028594,0.03595749850184089,2.993523067216658,-1.8875691628606144,-2.369907611474226,-0.00152911576445703,-0.4371028384506342,0.21511053080931306,0.8733089763373182
0,0.5019676818777099,0.8646213335546189,0.021410182403482952,3.0098718911688604,-1.8973606675703907,-2.379604298247402,-7.069064651947163e-05,-0.4667116599192137,0.24994842110329474,0.8483548864015708
0,0.4954021755772659,0.8685285016816151,0.015327302371930359,3.0017104390960325,-1.8947100628697344,-2.3753606142298187,9.41697554843017e-05,-0.5910198311543051,0.3240772367100159,0.7386944590469979
0,0.8606157122140058,-0.5091939262303349,0.007882980306692136,0.4282494470669565,-2.070057420670691,-2.657557175992446,0.007931229028981534,-0.5092283641726184,-0.8603095437088487,0.023536399970076533
0,0.5028445728438444,0.8636769424467627,0.03477750199918208,2.99975633384166,-1.8975112233061342,-2.3684095741383318,-0.0017935111743674,-0.40385327076266475,0.19917557216524423,0.8928782823794884
0,0.860336641902286,-0.5096897257804864,0.006102952737027864,0.43333624749587507,-2.0446994885280794,-2.6011140293856094,0.0053331237795054,-0.509669406204393,-0.860000192321232,0.025234214564853853
0,0.860336641902286,-0.5096897257804864,0.006102952737027864,0.43333624749587507,-2.0446994885280794,-2.6011140293856094,0.0053331237795054,-0.509669406204393,-0.860000192321232,0.025234214564853853
0,0.51184067168797,0.858962278141678,0.014245403948861412,3.0146965187705885,-1.9050798130912878,-2.374484186388065,-0.00048025787793716176,-0.42912674503806914,0.24127367504677083,0.8704236040115509
0,0.51184067168797,0.858962278141678,0.014245403948861412,3.0146965187705885,-1.9050798130912878,-2.374484186388065,-0.00048025787793716176,-0.42912674503806914,0.24127367504677083,0.8704236040115509
0,0.51184067168797,0.858962278141678,0.014245403948861412,3.0146965187705885,-1.9050798130912878,-2.374484186388065,-0.00048025787793716176,-0.42912674503806914,0.24127367504677083,0.8704236040115509
0,0.5085537863672948,0.8608835347128391,0.01589295535185274,3.010525025717313,-1.9071679864007625,-2.370396079248601,0.0004675265304733278,-0.5516277077315079,0.311582052388508,0.7737076299806325
0,0.8572313600542901,-0.5149307209817359,0.0008648275561313793,0.42489979803794814,-2.021133952433043,-2.5395142769093004,0.006580856234392005,-0.514744430371084,-0.856873554757744,0.02838807067724154
0,0.8572313600542901,-0.5149307209817359,0.0008648275561313793,0.42489979803794814,-2.021133952433043,-2.5395142769093004,0.006580856234392005,-0.514744430371084,-0.856873554757744,0.02838807067724154
0,0.8572313600542901,-0.5149307209817359,0.0008648275561313793,0.42489979803794814,-2.021133952433043,-2.5395142769093004,0.006580856234392005,-0.514744430371084,-0.856873554757744,0.02838807067724154
0,0.519113947121866,0.8535997184930666,0.0434537741757164,3.018302640462105,-1.910909942340435,-2.374066664226545,0.004142299987122176,-0.2932639216117581,0.1301322672695056,0.9471334991933242
0,0.5346791724418658,0.8440573893456306,0.041052479168989096,3.0192926903279154,-1.909770495900116,-2.3675949769065654,0.005063109796099025,-0.14233310633190432,0.04206436810724527,0.9889246057084681
0,0.5266874658597898,0.8497893975019013,0.021407783573936325,3.0133067931781494,-1.9088878325285334,-2.3629809685316188,0.005450144029692289,-0.34703907705604553,0.1919639229926923,0.9179944069891406
0,0.523826241400857,0.8516375213033496,0.017877391480245045,3.009895117687484,-1.9085386784389253,-2.3604536072488895,0.0055032657555519355,-0.4260294712467898,0.2437535537265432,0.8712537487281542
0,0.8497819345273232,-0.5271222805985263,0.0035728203997401255,0.375835194061407,-2.243322980495507,-2.9033362330358856,0.02433135778712899,-0.5269779053473657,-0.8493450200819511,0.030121821586566688
0,0.5117463129965872,0.8588224312165438,0.023232364746275252,3.026027484128113,-1.9121243469180438,-2.3842334407272707,0.005520770390119389,-0.42521643158730205,0.22969113438499855,0.8754615748798424
0,0.516380340566797,0.8559649180869389,0.02598851435805814,3.0274286298688744,-1.9110875893233192,-2.3841066358365777,0.00504344386364412,-0.335535555654412,0.17431186570017576,0.9257598308232049
0,0.5214925440071123,0.8530299217749243,0.019633621664299442,3.0381967900867197,-1.9141586589836252,-2.391568352768327,0.0051973855353137765,-0.20992756825980924,0.10596652259921545,0.9719575670628596
0,-0.8488223579514345,0.528661024993114,-0.0042573810021226425,-0.3676021716024189,-3.176544213168924,-4.404364449850938,0.07134739762095431,-0.5285595148175364,-0.8484337356290761,0.02801848568965889
0,0.521771166815717,0.852029709526956,0.04242904148312111,3.03167251685061,-1.9118347028637566,-2.3876495768490447,0.005092790897216112,-0.1531961823406064,0.04465569891952326,0.9871863037280616
0,0.521771166815717,0.852029709526956,0.04242904148312111,3.03167251685061,-1.9118347028637566,-2.3876495768490447,0.005092790897216112,-0.1531961823406064,0.04465569891952326,0.9871863037280616
0,0.5153533312668758,0.8562455624647196,0.03541864917822246,3.0247149623692846,-1.9118192602914754,-2.382262961547027,0.009869141226862981,-0.266399520390052,0.12078341997981515,0.9562649533429163
0,0.5153533312668758,0.8562455624647196,0.03541864917822246,3.0247149623692846,-1.9118192602914754,-2.382262961547027,0.009869141226862981,-0.266399520390052,0.12078341997981515,0.9562649533429163
0,0.8527740245405522,-0.5222289962889397,0.0073033212962520435,0.39356138625071296,-2.211546027077113,-2.8573139112732946,0.029499421028989038,-0.5221559938514306,-0.8521833091377626,0.03371536311590672
0,0.5147748784250807,0.8564544827707238,0.03863345030379042,3.0206506799677633,-1.9091133888585254,-2.3799150106849556,0.010400629322095047,-0.24568440996974408,0.10419679621744735,0.9637334685242795
0,0.8630547093864669,-0.5050567058494345,0.007368343121696204,0.45216504681919834,-2.0357102569611354,-2.5831220763099547,0.019156373021136715,-0.5049851595308419,-0.8624239257946391,0.034856288795181094
0,0.8630547093864669,-0.5050567058494345,0.007368343121696204,0.45216504681919834,-2.0357102569611354,-2.5831220763099547,0.019156373021136715,-0.5049851595308419,-0.8624239257946391,0.034856288795181094
0,0.8615544161577604,-0.5075922165420549,0.00860986079937399,0.44583102106779715,-2.0475191708554266,-2.5966403489728953,0.0213397704058614,-0.507550681348935,-0.8608758635098224,0.035847642690276536
0,0.8615544161577604,-0.5075922165420549,0.00860986079937399,0.44583102106779715,-2.0475191708554266,-2.5966403489728953,0.0213397704058614,-0.507550681348935,-0.8608758635098224,0.035847642690276536
0,0.5088596753891498,0.8601501285517482,0.034692753036627645,3.014213874462694,-1.908833304799665,-2.375556310798168,0.012956236253382221,-0.32114222362343414,0.1522859483941867,0.9347067251955982
0,0.5157303034546427,0.8563787626787317,0.025252107425458248,3.0241092323802343,-1.9146852914893593,-2.3785736757695743,0.01235443086822548,-0.3120519222578407,0.1603116547422747,0.9364420810530572
0,0.5177012615883408,0.8547284414621437,0.03774513350798184,3.0157733941336535,-1.9108303133079945,-2.3715247059176208,0.012597267008621956,-0.2548043287012076,0.11191687427606904,0.9604943348741842
0,0.5136159210731222,0.85706194443544,0.0405402148335601,3.00816661607514,-1.9085079288042552,-2.3667516628410783,0.01298029143556487,-0.30025340077097445,0.13527153657851107,0.9442189929858186
0,0.8518629476128866,-0.523721016513837,0.006768703272990949,0.393617026490376,-2.1452868368357376,-2.7374496551658587,0.031531261471711355,-0.5235309372039091,-0.8510254500372375,0.040878370531544306
0,0.5260179849807589,0.849593235949408,0.038683496530118065,3.027863754620944,-1.9165167566814898,-2.3780048404360574,0.015390423651993211,-0.15780809822836697,0.05280853718232564,0.9860567237903756
0,0.5260179849807589,0.849593235949408,0.038683496530118065,3.027863754620944,-1.9165167566814898,-2.3780048404360574,0.015390423651993211,-0.15780809822836697,0.05280853718232564,0.9860567237903756
0,0.5092936737583029,0.8601733016740492,0.026867172440291995,3.0194169107493334,-1.9163586058012025,-2.3760579435343447,0.014665112123882813,-0.41253084551916985,0.21661553103247025,0.8848141122341798
0,0.5155762549534884,0.8559348133554459,0.03945529891299451,3.029733605681653,-1.9214516738624563,-2.3829113610054935,0.013636784971744243,-0.29200706461981446,0.13222806575015472,0.9472315518594661
0,0.8566856199784314,-0.5157675310472166,0.00857918630342677,0.4241975372036079,-2.07640559408063,-2.626038075602615,0.023790344594024442,-0.51571058761332,-0.8559831944515947,0.036542586634882177
0,0.8566856199784314,-0.5157675310472166,0.00857918630342677,0.4241975372036079,-2.07640559408063,-2.626038075602615,0.023790344594024442,-0.51571058761332,-0.8559831944515947,0.036542586634882177
0,0.8575123132346801,-0.5143938427832788,0.008462101131477613,0.42901777572840655,-2.0689885219366073,-2.614671943678874,0.022950452120196148,-0.5143387046721726,-0.8568262344170834,0.03611787492077985
0,0.5128300909730732,0.8581936141472742,0.02256143673148098,3.0333935632506503,-1.9230721394121013,-2.3858069296231528,0.013295631227525688,-0.38894496054811056,0.20883255051901925,0.8972796573565845
0,0.8540429558974452,-0.5201428602364813,0.007876193558229388,0.40754733913849805,-2.1428470688878978,-2.7344353365756393,0.03035584521539023,-0.5200334206933792,-0.853281541086282,0.03841683226611387
0,0.5090890557852343,0.8597707910335548,0.04028051840820923,3.0259769882075838,-1.919244617772868,-2.383767279710229,0.014471556342945304,-0.3099125797315964,0.13944406321960445,0.9404836767083805
0,0.5090890557852343,0.8597707910335548,0.04028051840820923,3.0259769882075838,-1.919244617772868,-2.383767279710229,0.014471556342945304,-0.3099125797315964,0.13944406321960445,0.9404836767083805
0,0.5046170831934477,0.8631222598125556,0.019533662314181802,3.0295300632687345,-1.9195420973513269,-2.388053892456082,0.014648721268256228,-0.4084496326787764,0.21874103024139332,0.8861835358725113
0,0.5001372092059098,0.8656138178277415,0.02398937997126422,3.0260647359254733,-1.917902088178188,-2.388134299358972,0.014652748010658417,-0.4118264549119481,0.21339418921684383,0.8859243145106374
0,0.5001372092059098,0.8656138178277415,0.02398937997126422,3.0260647359254733,-1.917902088178188,-2.388134299358972,0.014652748010658417,-0.4118264549119481,0.21339418921684383,0.8859243145106374
0,0.5060673694978152,0.8621361862812597,0.024839763122201815,3.027549142929603,-1.9141369469457743,-2.388525197383088,0.014779173882073714,-0.2608659742808209,0.1255482895244872,0.9571763528514448
0,0.5131905070826408,0.8579579989890604,0.02331470370709082,3.0319048920010214,-1.9181443677414838,-2.386914310623336,0.014618004284925202,-0.23146839840422775,0.11219335708904474,0.9663514014908199
0,0.5131905070826408,0.8579579989890604,0.02331470370709082,3.0319048920010214,-1.9181443677414838,-2.386914310623336,0.014618004284925202,-0.23146839840422775,0.11219335708904474,0.9663514014908199
0,0.5014602936636177,0.8646034299988846,0.03159877704852608,3.024877911874801,-1.9143120265323552,-2.3888222542039705,0.014477577902039879,-0.271098829227096,0.12234108647053094,0.9547450357822804
0,0.5025219989333432,0.8640726794542442,0.029155534754144723,3.025793488534296,-1.9153087034944871,-2.388414714290049,0.01561184003542301,-0.320160137738601,0.1546596505595079,0.9346538817605216
0,0.5025219989333432,0.8640726794542442,0.029155534754144723,3.025793488534296,-1.9153087034944871,-2.388414714290049,0.01561184003542301,-0.320160137738601,0.1546596505595079,0.9346538817605216
0,0.49586569068134695,0.8672856847111836,0.043963142496463346,3.017490660979921,-1.9118126774970305,-2.386958940451531,0.01562608604564416,-0.305831059900772,0.12702695580444306,0.9435737996028857
0,0.49586569068134695,0.8672856847111836,0.043963142496463346,3.017490660979921,-1.9118126774970305,-2.386958940451531,0.01562608604564416,-0.305831059900772,0.12702695580444306,0.9435737996028857
0,0.5101201442672797,0.8589674255929017,0.04418597267270182,3.025609093268003,-1.920540082122679,-2.382651466704557,0.01622883672128978,-0.30432276490214555,0.1322032886290857,0.9433503830687556
0,0.5009864396815854,0.8651646810060272,0.02242012472999669,3.024930574078881,-1.9137670839809433,-2.388592666132802,0.016360112045753446,-0.3122307195196877,0.1565195261275954,0.9370238074494217
0,0.49059843814665816,0.8711921592613024,0.018368291365536818,3.019571479913601,-1.9118135483597194,-2.3897606655477577,0.01644220845404532,-0.41626801739651287,0.2157921106467286,0.8832636654325855
0,0.49059843814665816,0.8711921592613024,0.018368291365536818,3.019571479913601,-1.9118135483597194,-2.3897606655477577,0.01644220845404532,-0.41626801739651287,0.2157921106467286,0.8832636654325855
0,0.4992777764848128,0.8657339101594632,0.03502140354680014,3.0223522172637027,-1.9137891458529324,-2.387997783873439,0.015157331507136607,-0.3002995188880743,0.13498847073425788,0.9442448367464963
0,0.8707107516564179,-0.4917172661477422,0.008770240595700196,0.4944792773249081,-2.032801659144158,-2.5935402917402994,0.024451025717897177,-0.4916513192191207,-0.869885361724803,0.0397295578254612
0,0.8707107516564179,-0.4917172661477422,0.008770240595700196,0.4944792773249081,-2.032801659144158,-2.5935402917402994,0.024451025717897177,-0.4916513192191207,-0.869885361724803,0.0397295578254612
0,0.49760732493004156,0.8668365433296361,0.031326623218847154,3.022026239077722,-1.9127663541836006,-2.3888049500777306,0.015441666166579486,-0.28806986252464073,0.1310851474755673,0.9485949812297889
0,0.49760732493004156,0.8668365433296361,0.031326623218847154,3.022026239077722,-1.9127663541836006,-2.3888049500777306,0.015441666166579486,-0.28806986252464073,0.1310851474755673,0.9485949812297889
0,0.8709156926453037,-0.4913584203424335,0.008529892188017892,0.49464897352448456,-2.0430840513837665,-2.614155802299952,0.025501221712458767,-0.4912892820563465,-0.8701118542681917,0.03924541242653247
0,0.4873305748584781,0.8729909335097298,0.01989323543106791,3.0192317777325957,-1.9149193458295226,-2.3898404739131234,0.013875779022263864,-0.4283231394594509,0.2191265258410005,0.8766543525668786
0,0.4791473012422029,0.8773022213342676,0.02754407653695335,3.0128916164453265,-1.9114365365421628,-2.390751949574007,0.013797433164679221,-0.419434753434479,0.20128677984663418,0.8851881833081204
0,0.4791473012422029,0.8773022213342676,0.02754407653695335,3.0128916164453265,-1.9114365365421628,-2.390751949574007,0.013797433164679221,-0.419434753434479,0.20128677984663418,0.8851881833081204
0,0.49204766209376305,0.8701982468894802,0.02537930922104391,3.017314819770183,-1.9117030266105022,-2.386858326433419,0.01474099723309981,-0.3782989594771682,0.18746846509562765,0.9065017770810939
0,0.4894278001657601,0.8714929495696988,0.03099140644131975,3.0142628436957124,-1.9082501603205233,-2.3875877908622165,0.014641499148899588,-0.3228616042694412,0.1480757373627081,0.9347908645740248
0,0.4894278001657601,0.8714929495696988,0.03099140644131975,3.0142628436957124,-1.9082501603205233,-2.3875877908622165,0.014641499148899588,-0.3228616042694412,0.1480757373627081,0.9347908645740248
0,0.8707971398133981,-0.4915482657006467,0.009625163764411198,0.49046741067159677,-2.05836231469506,-2.648143727852425,0.026820209916508977,-0.4915098738221828,-0.8699406945774799,0.04026452348350491
0,0.49945546371219457,0.8659686365465926,0.025348772823788994,3.021301433188909,-1.9155410295933675,-2.3845539122377746,0.014789676856372213,-0.3534094450138331,0.1769433050568445,0.9185819674740927
0,0.49285541732576255,0.8696482926333416,0.02837930109361743,3.017067917286941,-1.912684738998891,-2.385799837922356,0.014654116311112816,-0.3593882828994217,0.17375571034269435,0.9168691374650534
0,0.49056855318636516,0.8708137964118512,0.032028527930824294,3.0143063144364004,-1.9099107628828436,-2.386080456994501,0.014600312777995254,-0.3243394617719437,0.14835383746605535,0.9342350092158722
0,0.4858169159069819,0.8732771372754822,0.0369995368696271,3.009770708843985,-1.907275455932031,-2.386096334618027,0.014577136536824095,-0.3181997635746005,0.13727609496981868,0.9380320805862162
0,0.4914214311239538,0.870025569782606,0.03950297399610298,3.0131834450215815,-1.9100107462295377,-2.3851569213475274,0.014790756489249272,-0.29494933310348603,0.12357778336793497,0.9474879536741754
0,0.48238283268707444,0.8754325785347441,0.030407288054067824,3.0089775818031446,-1.9056613672942915,-2.387592957389327,0.015042639531667918,-0.32882059993497037,0.1487946301176072,0.9325970035897448
0,0.47519169090888597,0.8795092938318371,0.025617551650715317,3.005341210800799,-1.903451163924741,-2.3890848189716136,0.01503923522529909,-0.37819990165229433,0.17787711681063714,0.9084737561995556
0,0.4972762707711138,0.8672547560024887,0.02419708075446236,3.0193841834743784,-1.9161915935100646,-2.383307965223608,0.01767130888190804,-0.3725487712558961,0.18826231718776698,0.9087159693550096
0,0.4947629430156525,0.8684438797041382,0.03185683632934016,3.0151057460258417,-1.9123848563427925,-2.3829904665388333,0.01773244932430236,-0.31298807863143424,0.14387553316739776,0.9387961938506143
0,0.4872670030622882,0.8729262022644158,0.023889602862342655,3.0117744973966993,-1.9102758810194134,-2.384378882600674,0.0178616999344279,-0.37792884157695555,0.18613951336416779,0.9069299158517439
0,0.49489206879793796,0.8686784398965518,0.02189996113672609,3.018617647559492,-1.9133008950286479,-2.3853707217620057,0.017347417510982177,-0.329994405105368,0.1645660664131228,0.9295276770395091
0,0.49489206879793796,0.8686784398965518,0.02189996113672609,3.018617647559492,-1.9133008950286479,-2.3853707217620057,0.017347417510982177,-0.329994405105368,0.1645660664131228,0.9295276770395091
0,0.8763922098461723,-0.481500073387033,0.009714620282064474,0.5267222534258547,-1.9869183711790703,-2.5220449159758367,0.023955290192689577,-0.48144606857942535,-0.8754306047984167,0.04278947568846526
0,0.8763922098461723,-0.481500073387033,0.009714620282064474,0.5267222534258547,-1.9869183711790703,-2.5220449159758367,0.023955290192689577,-0.48144606857942535,-0.8754306047984167,0.04278947568846526
0,0.8673757081855398,-0.49753706380542895,0.010781975120816663,0.4812219503571867,-2.0054640992153723,-2.5284730173607715,0.02410059090091019,-0.4975148613895732,-0.8664178124808273,0.0424162340437228
0,0.48944317671986337,0.8716435738367354,0.026131531709645765,3.0165913728471727,-1.9150031775521668,-2.3860112539217857,0.017038510815046714,-0.36000138076154165,0.1746721562758158,0.9164543871190428
0,0.4883204780749963,0.8720367480569049,0.03309109742733456,3.0137421713583814,-1.911541297419153,-2.386207476239639,0.017019581407471417,-0.28838812877251574,0.12546931979918932,0.9492574661124428
0,0.49488136021603923,0.8686094562633059,0.024699226681961974,3.014634783019554,-1.9115430047147122,-2.382080890746926,0.01822755658762774,-0.301165926219738,0.14478542441537162,0.9425159233451009
0,0.48618552486080024,0.8734673341120465,0.02604710450362898,3.008712577272485,-1.9084766289494879,-2.382817099058162,0.018199084230615788,-0.33869771296808043,0.1608797887486357,0.9270391322918283
0,0.48618552486080024,0.8734673341120465,0.02604710450362898,3.008712577272485,-1.9084766289494879,-2.382817099058162,0.018199084230615788,-0.33869771296808043,0.1608797887486357,0.9270391322918283
0,0.4765338247173534,0.8785520657561424,0.032584991236234116,3.0003199789637893,-1.9019207523852564,-2.384127830965385,0.018107183050480397,-0.3020378569092938,0.12879478388154383,0.9445554703862273
0,0.4923686606234254,0.8698784922857707,0.029740724478880633,3.0121771562129744,-1.910958347226435,-2.381706548706591,0.01728765465889618,-0.3178762055039802,0.14790497118610052,0.9365248728522004
0,0.4923686606234254,0.8698784922857707,0.029740724478880633,3.0121771562129744,-1.910958347226435,-2.381706548706591,0.01728765465889618,-0.3178762055039802,0.14790497118610052,0.9365248728522004
0,0.4816705399489162,0.8756489848668797,0.03510478948694606,3.0033755753157343,-1.9046156434888073,-2.382898963417209,0.01722637976552096,-0.30290752363236373,0.12876488885244475,0.9442810151240607
0,0.49540647082257266,0.8682224359159505,0.027608521099412295,3.014725689753146,-1.913897816506515,-2.380756256687932,0.016577111807707275,-0.27638606757819456,0.12741503534259874,0.9525629377712037
0,0.49540647082257266,0.8682224359159505,0.027608521099412295,3.014725689753146,-1.913897816506515,-2.380756256687932,0.016577111807707275,-0.27638606757819456,0.12741503534259874,0.9525629377712037
0,0.48945239829759374,0.8715679128806416,0.02838526088687755,3.0107753300112523,-1.910948883779889,-2.381829076058745,0.016521984410844587,-0.28157856507282036,0.12715333159831246,0.9510759916815171
0,0.48945239829759374,0.8715679128806416,0.02838526088687755,3.0107753300112523,-1.910948883779889,-2.381829076058745,0.016521984410844587,-0.28157856507282036,0.12715333159831246,0.9510759916815171
0,0.5109753483096664,0.8591469901561419,0.02776045250815099,3.025105823182984,-1.9232288638188888,-2.37777154666101,0.017001991543875935,-0.27849263852988065,0.13490707146206776,0.9509163645411691
0,0.49630770936680463,0.8676273151065435,0.030024984630906238,3.015073739562065,-1.914294864956784,-2.380634674425995,0.016960233129163536,-0.25889904643708034,0.11490911090527256,0.9590449311596044
0,0.49630770936680463,0.8676273151065435,0.030024984630906238,3.015073739562065,-1.914294864956784,-2.380634674425995,0.016960233129163536,-0.25889904643708034,0.11490911090527256,0.9590449311596044
0,0.49630770936680463,0.8676273151065435,0.030024984630906238,3.015073739562065,-1.914294864956784,-2.380634674425995,0.016960233129163536,-0.25889904643708034,0.11490911090527256,0.9590449311596044
0,0.49697732282278173,0.8672813673353909,0.028923527979061222,3.0145877655032676,-1.9155212769225791,-2.3788478439925687,0.01774615229804492,-0.27895106345969767,0.12810743854888407,0.9517220121343981
0,0.8683215601078882,-0.49581926188443404,0.013450940271158127,0.4838791679389173,-1.9873679356810157,-2.5038736064853198,0.024273028796987582,-0.4958886084784098,-0.8672253042978016,0.044886073173444827
0,0.8683215601078882,-0.49581926188443404,0.013450940271158127,0.4838791679389173,-1.9873679356810157,-2.5038736064853198,0.024273028796987582,-0.4958886084784098,-0.8672253042978016,0.044886073173444827
0,0.8603898556817411,-0.5094618193727823,0.013339821562793452,0.4438882907364633,-1.995581454923966,-2.4982545773498854,0.024320192901032132,-0.5094982761924897,-0.8592524500564523,0.04579010402767941
0,0.8603898556817411,-0.5094618193727823,0.013339821562793452,0.4438882907364633,-1.995581454923966,-2.4982545773498854,0.024320192901032132,-0.5094982761924897,-0.8592524500564523,0.04579010402767941
0,0.8603898556817411,-0.5094618193727823,0.013339821562793452,0.4438882907364633,-1.995581454923966,-2.4982545773498854,0.024320192901032132,-0.5094982761924897,-0.8592524500564523,0.04579010402767941
0,0.4969926174491597,0.8672265827653228,0.030271972915784214,3.0092013448085493,-1.912877021621537,-2.374245073118932,0.01628088249145914,-0.24905327348673226,0.10913674233025596,0.9623209643549714
0,0.4928355091630906,0.8695924692937047,0.030366070763841665,3.0057754727434953,-1.9099106176796223,-2.3746738902642317,0.016295522151813967,-0.23927105765436152,0.10188684176441931,0.9655922702891917
0,0.4928355091630906,0.8695924692937047,0.030366070763841665,3.0057754727434953,-1.9099106176796223,-2.3746738902642317,0.016295522151813967,-0.23927105765436152,0.10188684176441931,0.9655922702891917
0,0.8719552928967681,-0.48942699415945806,0.01245731011692523,0.5026111992247401,-1.9659135238489198,-2.4749512308142485,0.02163883546801175,-0.4894440743749987,-0.8708096169238954,0.046207241099844844
0,0.860477618802659,-0.5093855365671531,0.010229500178375128,0.4442604370574784,-1.9799121043579262,-2.4719617440615345,0.022294008774102696,-0.5092884549663735,-0.8594045873717835,0.045266155572332434
0,0.860477618802659,-0.5093855365671531,0.010229500178375128,0.4442604370574784,-1.9799121043579262,-2.4719617440615345,0.022294008774102696,-0.5092884549663735,-0.8594045873717835,0.045266155572332434
0,0.8669678871577936,-0.4982336100977184,0.011399666843633091,0.4745176631272876,-1.9783251342914694,-2.489521618595634,0.02310200946575082,-0.4981995290869134,-0.8658673624593138,0.045507580064521734
0,0.5019163852835961,0.8643766790180121,0.030543394566442887,3.010623479186849,-1.9117750635993496,-2.3735114299895637,0.017538249547221232,-0.19959658389859108,0.0813944019231985,0.9764917588129342
0,0.5019163852835961,0.8643766790180121,0.030543394566442887,3.010623479186849,-1.9117750635993496,-2.3735114299895637,0.017538249547221232,-0.19959658389859108,0.0813944019231985,0.9764917588129342
0,0.5019163852835961,0.8643766790180121,0.030543394566442887,3.010623479186849,-1.9117750635993496,-2.3735114299895637,0.017538249547221232,-0.19959658389859108,0.0813944019231985,0.9764917588129342
0,0.5048113162843776,0.8626037189966353,0.03286881382721257,3.0092919443494557,-1.9130491418400866,-2.3697166933838547,0.01713915639978254,-0.14933882070144508,0.04976664391709854,0.9875328844057448
0,0.5048113162843776,0.8626037189966353,0.03286881382721257,3.0092919443494557,-1.9130491418400866,-2.3697166933838547,0.01713915639978254,-0.14933882070144508,0.04976664391709854,0.9875328844057448
0,0.49689379307962983,0.8671620613780859,0.03356363662428105,3.003173478198724,-1.9079993581155834,-2.370588729354137,0.017404826591273553,-0.13742034715227697,0.0404374482213772,0.9896870520360925
0,0.8628529388000779,-0.5052819476031962,0.01322722300371209,0.4544363341310967,-1.9645934444111242,-2.4549108940240543,0.022433673458732366,-0.5052885666284083,-0.8616017457728704,0.048227545176492546
0,0.8628529388000779,-0.5052819476031962,0.01322722300371209,0.4544363341310967,-1.9645934444111242,-2.4549108940240543,0.022433673458732366,-0.5052885666284083,-0.8616017457728704,0.048227545176492546
0,0.8660198944909292,-0.4997969168526567,0.014580269150421465,0.4689755020645646,-1.9656858867011817,-2.467020631876398,0.023200978767611118,-0.4998729482912673,-0.8647335925084985,0.04860915090743949
0,0.5075406072990047,0.8610121157162122,0.032567906448670414,3.0038921090501196,-1.9100077328818217,-2.3635406921064073,0.016935308239199035,-0.13041123377910716,0.03940098826423041,0.9906767748494022
0,0.5075406072990047,0.8610121157162122,0.032567906448670414,3.0038921090501196,-1.9100077328818217,-2.3635406921064073,0.016935308239199035,-0.13041123377910716,0.03940098826423041,0.9906767748494022
0,0.5035716085925299,0.8631854920921666,0.036420341282532825,3.0000852815350667,-1.9073268730164872,-2.3635981548421356,0.016859161543503053,-0.12276896104649002,0.029766943535996654,0.9919887656995365
0,0.5101409748632849,0.8592338664910268,0.03838422121676248,3.009794769008667,-1.9145573904733975,-2.36695336407869,0.0173481550310407,-0.14132603532918586,0.039718912988799454,0.9891659919786576
0,0.5101409748632849,0.8592338664910268,0.03838422121676248,3.009794769008667,-1.9145573904733975,-2.36695336407869,0.0173481550310407,-0.14132603532918586,0.039718912988799454,0.9891659919786576
0,0.5020407650693327,0.8641440612595912,0.03478665831002925,3.0048072429706436,-1.9090635890612075,-2.368798636891702,0.01735654606570947,-0.11707813922214486,0.028055931762223926,0.9927263338943082
0,0.8661452485398097,-0.49958459677892086,0.014409687406547987,0.4674716077125737,-1.958326436412512,-2.458846025514951,0.022341225635202192,-0.49966070856103467,-0.8648953900463497,0.04790762564412074
0,0.8661452485398097,-0.49958459677892086,0.014409687406547987,0.4674716077125737,-1.958326436412512,-2.458846025514951,0.022341225635202192,-0.49966070856103467,-0.8648953900463497,0.04790762564412074
0,0.5137554888924062,0.857042335275024,0.03916290562839246,3.011367270013422,-1.9141770915560414,-2.367018952264325,0.017546399160836147,-0.09834572195915911,0.013483786820770715,0.9950609561545986
0,0.5137554888924062,0.857042335275024,0.03916290562839246,3.011367270013422,-1.9141770915560414,-2.367018952264325,0.017546399160836147,-0.09834572195915911,0.013483786820770715,0.9950609561545986
0,0.5137554888924062,0.857042335275024,0.03916290562839246,3.011367270013422,-1.9141770915560414,-2.367018952264325,0.017546399160836147,-0.09834572195915911,0.013483786820770715,0.9950609561545986
0,0.5274590457609765,0.8486595387860434,0.03954670998174753,3.0191158116879158,-1.9230971270394823,-2.3630894942312355,0.01764000420645567,-0.09613034674788194,0.013367918618361981,0.9952789835940197
0,0.5274590457609765,0.8486595387860434,0.03954670998174753,3.0191158116879158,-1.9230971270394823,-2.3630894942312355,0.01764000420645567,-0.09613034674788194,0.013367918618361981,0.9952789835940197
0,0.5274590457609765,0.8486595387860434,0.03954670998174753,3.0191158116879158,-1.9230971270394823,-2.3630894942312355,0.01764000420645567,-0.09613034674788194,0.013367918618361981,0.9952789835940197
0,0.5427006957842632,0.8390715233208582,0.03788051669778542,3.0263787318745097,-1.9294013857173289,-2.3597573979388056,0.018848136715808886,-0.09296592573252829,0.015184154290207166,0.9955535033885348
0,0.5427006957842632,0.8390715233208582,0.03788051669778542,3.0263787318745097,-1.9294013857173289,-2.3597573979388056,0.018848136715808886,-0.09296592573252829,0.015184154290207166,0.9955535033885348
0,0.5427006957842632,0.8390715233208582,0.03788051669778542,3.0263787318745097,-1.9294013857173289,-2.3597573979388056,0.018848136715808886,-0.09296592573252829,0.015184154290207166,0.9955535033885348
0,0.5427006957842632,0.8390715233208582,0.03788051669778542,3.0263787318745097,-1.9294013857173289,-2.3597573979388056,0.018848136715808886,-0.09296592573252829,0.015184154290207166,0.9955535033885348
0,0.5577138360372891,0.8292157145057575,0.03683172419638044,3.0337187565918304,-1.9385317548918923,-2.355559213414053,0.01884084809820352,-0.09198634080467812,0.017645886705903724,0.9956039050675365
0,0.5577138360372891,0.8292157145057575,0.03683172419638044,3.0337187565918304,-1.9385317548918923,-2.355559213414053,0.01884084809820352,-0.09198634080467812,0.017645886705903724,0.9956039050675365
0,0.5577138360372891,0.8292157145057575,0.03683172419638044,3.0337187565918304,-1.9385317548918923,-2.355559213414053,0.01884084809820352,-0.09198634080467812,0.017645886705903724,0.9956039050675365
0,0.5699205557797894,0.8208791414471333,0.03671505460534433,3.04096765661866,-1.9470664048693556,-2.3535756669399586,0.019247793603270873,-0.09198088741575738,0.01933205159869045,0.995573095322084
0,0.5699205557797894,0.8208791414471333,0.03671505460534433,3.04096765661866,-1.9470664048693556,-2.3535756669399586,0.019247793603270873,-0.09198088741575738,0.01933205159869045,0.995573095322084
0,0.5699205557797894,0.8208791414471333,0.03671505460534433,3.04096765661866,-1.9470664048693556,-2.3535756669399586,0.019247793603270873,-0.09198088741575738,0.01933205159869045,0.995573095322084
0,0.584462786019353,0.8106170538934071,0.03610046666830427,3.047448169217111,-1.9538758499213875,-2.3515160547173943,0.019350719988052587,-0.08884058658780837,0.01970515385494961,0.9958509211143437
0,0.584462786019353,0.8106170538934071,0.03610046666830427,3.047448169217111,-1.9538758499213875,-2.3515160547173943,0.019350719988052587,-0.08884058658780837,0.01970515385494961,0.9958509211143437
0,0.584462786019353,0.8106170538934071,0.03610046666830427,3.047448169217111,-1.9538758499213875,-2.3515160547173943,0.019350719988052587,-0.08884058658780837,0.01970515385494961,0.9958509211143437
0,0.5961600265196929,0.8020453155406686,0.036284081872199773,3.055199612878294,-1.970030454200998,-2.345904579074964,0.021375028807010848,-0.09288570135569181,0.024011150674273746,0.995387216677489
0,0.5961600265196929,0.8020453155406686,0.036284081872199773,3.055199612878294,-1.970030454200998,-2.345904579074964,0.021375028807010848,-0.09288570135569181,0.024011150674273746,0.995387216677489
0,-0.8852006254338483,0.4548421384183199,-0.09766515165899134,1.3665675850082202,1.3957582325797397,-0.309444741114207,-0.09939044819579389,-0.19932651595269668,-0.5605173108132915,-0.8037967929239301
0,-0.8778773193444273,0.4695265107569399,-0.094213947348871,1.3600285183190963,1.3950650970212746,-0.3081606291160544,-0.09931729398609083,-0.17015724220366885,-0.48972835698626227,-0.8551097293840001
0,-0.8778773193444273,0.4695265107569399,-0.094213947348871,1.3600285183190963,1.3950650970212746,-0.3081606291160544,-0.09931729398609083,-0.17015724220366885,-0.48972835698626227,-0.8551097293840001
0,-0.8778773193444273,0.4695265107569399,-0.094213947348871,1.3600285183190963,1.3950650970212746,-0.3081606291160544,-0.09931729398609083,-0.17015724220366885,-0.48972835698626227,-0.8551097293840001
0,-0.8780306866170222,0.4687187763528899,-0.09677201068020708,1.360559153901534,1.3961440895361539,-0.30737405608142526,-0.09682749209652602,-0.1678910754841625,-0.490992484819132,-0.8548327126531283
0,-0.8780306866170222,0.4687187763528899,-0.09677201068020708,1.360559153901534,1.3961440895361539,-0.30737405608142526,-0.09682749209652602,-0.1678910754841625,-0.490992484819132,-0.8548327126531283
0,-0.8780306866170222,0.4687187763528899,-0.09677201068020708,1.360559153901534,1.3961440895361539,-0.30737405608142526,-0.09682749209652602,-0.1678910754841625,-0.490992484819132,-0.8548327126531283
0,-0.8780306866170222,0.4687187763528899,-0.09677201068020708,1.360559153901534,1.3961440895361539,-0.30737405608142526,-0.09682749209652602,-0.1678910754841625,-0.490992484819132,-0.8548327126531283
0,-0.8747733209497602,0.47473351077593917,-0.09695220832389091,1.3737881023126646,1.4073887102722105,-0.3205439021880515,-0.09830540064719004,-0.17064983650562765,-0.48913373819749495,-0.8553518687976003
0,-0.8747733209497602,0.47473351077593917,-0.09695220832389091,1.3737881023126646,1.4073887102722105,-0.3205439021880515,-0.09830540064719004,-0.17064983650562765,-0.48913373819749495,-0.8553518687976003
0,-0.8747733209497602,0.47473351077593917,-0.09695220832389091,1.3737881023126646,1.4073887102722105,-0.3205439021880515,-0.09830540064719004,-0.17064983650562765,-0.48913373819749495,-0.8553518687976003
0,-0.8747733209497602,0.47473351077593917,-0.09695220832389091,1.3737881023126646,1.4073887102722105,-0.3205439021880515,-0.09830540064719004,-0.17064983650562765,-0.48913373819749495,-0.8553518687976003
0,-0.8747733209497602,0.47473351077593917,-0.09695220832389091,1.3737881023126646,1.4073887102722105,-0.3205439021880515,-0.09830540064719004,-0.17064983650562765,-0.48913373819749495,-0.8553518687976003
0,-0.8567496208789728,0.5067536078971977,-0.0958168461436176,1.4021808771474529,1.4252526670968162,-0.3762404045765577,-0.09982573926535522,-0.19015573800391472,-0.483090474697041,-0.8546720941736511
0,-0.8567496208789728,0.5067536078971977,-0.0958168461436176,1.4021808771474529,1.4252526670968162,-0.3762404045765577,-0.09982573926535522,-0.19015573800391472,-0.483090474697041,-0.8546720941736511
0,-0.8567496208789728,0.5067536078971977,-0.0958168461436176,1.4021808771474529,1.4252526670968162,-0.3762404045765577,-0.09982573926535522,-0.19015573800391472,-0.483090474697041,-0.8546720941736511
0,-0.8567496208789728,0.5067536078971977,-0.0958168461436176,1.4021808771474529,1.4252526670968162,-0.3762404045765577,-0.09982573926535522,-0.19015573800391472,-0.483090474697041,-0.8546720941736511
0,-0.8390900607083939,0.5354329311968956,-0.09612203809889094,1.4131063328405402,1.4283817069764613,-0.4187115499034677,-0.10014886348959101,-0.20665328661508023,-0.47719133556852905,-0.8541562201304332
0,-0.8390900607083939,0.5354329311968956,-0.09612203809889094,1.4131063328405402,1.4283817069764613,-0.4187115499034677,-0.10014886348959101,-0.20665328661508023,-0.47719133556852905,-0.8541562201304332
0,-0.8390900607083939,0.5354329311968956,-0.09612203809889094,1.4131063328405402,1.4283817069764613,-0.4187115499034677,-0.10014886348959101,-0.20665328661508023,-0.47719133556852905,-0.8541562201304332
0,-0.8390900607083939,0.5354329311968956,-0.09612203809889094,1.4131063328405402,1.4283817069764613,-0.4187115499034677,-0.10014886348959101,-0.20665328661508023,-0.47719133556852905,-0.8541562201304332
0,-0.832163261107365,0.5458393931034076,-0.09779398651071962,1.423194876411586,1.4344167463928064,-0.4383149038473453,-0.099429244116308,-0.21188223150951352,-0.4759535319774185,-0.8535655542292984
0,-0.8646716259282459,0.4972453286108023,-0.07134467385403817,1.3292163954533316,1.3925342659692959,-0.26423011240274197,-0.08768225006543119,0.015354599069442382,-0.11579711860658608,-0.9931541993103735
0,-0.8567749947886222,0.5109341861235625,-0.06987750534477817,1.3416847080269685,1.4021046091626759,-0.28705212564803784,-0.0897027640522896,0.011357234003369307,-0.11677492218057899,-0.9930934652808429
0,-0.8567749947886222,0.5109341861235625,-0.06987750534477817,1.3416847080269685,1.4021046091626759,-0.28705212564803784,-0.0897027640522896,0.011357234003369307,-0.11677492218057899,-0.9930934652808429
0,-0.8567749947886222,0.5109341861235625,-0.06987750534477817,1.3416847080269685,1.4021046091626759,-0.28705212564803784,-0.0897027640522896,0.011357234003369307,-0.11677492218057899,-0.9930934652808429
0,-0.8567749947886222,0.5109341861235625,-0.06987750534477817,1.3416847080269685,1.4021046091626759,-0.28705212564803784,-0.0897027640522896,0.011357234003369307,-0.11677492218057899,-0.9930934652808429
0,-0.8525268043111948,0.5183053418569123,-0.06751015132208821,1.344554008891822,1.4038457589456874,-0.2972091885086038,-0.09342653893404558,0.008025996652537,-0.11616423275793733,-0.9931975908163961
0,-0.8525268043111948,0.5183053418569123,-0.06751015132208821,1.344554008891822,1.4038457589456874,-0.2972091885086038,-0.09342653893404558,0.008025996652537,-0.11616423275793733,-0.9931975908163961
0,-0.8525268043111948,0.5183053418569123,-0.06751015132208821,1.344554008891822,1.4038457589456874,-0.2972091885086038,-0.09342653893404558,0.008025996652537,-0.11616423275793733,-0.9931975908163961
0,-0.8525268043111948,0.5183053418569123,-0.06751015132208821,1.344554008891822,1.4038457589456874,-0.2972091885086038,-0.09342653893404558,0.008025996652537,-0.11616423275793733,-0.9931975908163961
0,-0.8525268043111948,0.5183053418569123,-0.06751015132208821,1.344554008891822,1.4038457589456874,-0.2972091885086038,-0.09342653893404558,0.008025996652537,-0.11616423275793733,-0.9931975908163961
0,-0.8496553862799626,0.5226603855556413,-0.07008456273870874,1.3429345839281568,1.4019240287670196,-0.3026246387882005,-0.09114173517125014,0.009812496931318918,-0.11720965778639787,-0.9930587147916121
0,-0.8496553862799626,0.5226603855556413,-0.07008456273870874,1.3429345839281568,1.4019240287670196,-0.3026246387882005,-0.09114173517125014,0.009812496931318918,-0.11720965778639787,-0.9930587147916121
0,-0.8496553862799626,0.5226603855556413,-0.07008456273870874,1.3429345839281568,1.4019240287670196,-0.3026246387882005,-0.09114173517125014,0.009812496931318918,-0.11720965778639787,-0.9930587147916121
0,-0.8496553862799626,0.5226603855556413,-0.07008456273870874,1.3429345839281568,1.4019240287670196,-0.3026246387882005,-0.09114173517125014,0.009812496931318918,-0.11720965778639787,-0.9930587147916121
0,-0.842306942826311,0.5342721680453304,-0.07121983232735118,1.3352349585747352,1.394426471127412,-0.3128007247611192,-0.09015551555131157,0.009258188652337296,-0.11777306380240954,-0.9929973773296037
0,-0.842306942826311,0.5342721680453304,-0.07121983232735118,1.3352349585747352,1.394426471127412,-0.3128007247611192,-0.09015551555131157,0.009258188652337296,-0.11777306380240954,-0.9929973773296037
0,-0.842306942826311,0.5342721680453304,-0.07121983232735118,1.3352349585747352,1.394426471127412,-0.3128007247611192,-0.09015551555131157,0.009258188652337296,-0.11777306380240954,-0.9929973773296037
0,-0.842306942826311,0.5342721680453304,-0.07121983232735118,1.3352349585747352,1.394426471127412,-0.3128007247611192,-0.09015551555131157,0.009258188652337296,-0.11777306380240954,-0.9929973773296037
0,-0.8291629872254601,0.5543470625931735,-0.07202829171701852,1.324444486984075,1.3823880385492493,-0.3332021252911843,-0.0901052602307085,0.007244893227331438,-0.1181830096780557,-0.9929654010808036
0,-0.8291629872254601,0.5543470625931735,-0.07202829171701852,1.324444486984075,1.3823880385492493,-0.3332021252911843,-0.0901052602307085,0.007244893227331438,-0.1181830096780557,-0.9929654010808036
0,-0.8291629872254601,0.5543470625931735,-0.07202829171701852,1.324444486984075,1.3823880385492493,-0.3332021252911843,-0.0901052602307085,0.007244893227331438,-0.1181830096780557,-0.9929654010808036
0,0.4782847371232049,0.8781958843850536,0.003962181487535631,-0.4167544453800415,1.5396117950650678,-0.36354199968768885,-0.09017491215965058,0.8782029210440323,-0.4782694452347969,-0.004238776064927471
0,-0.8805018556293225,0.4715137576347356,0.048900496853220135,1.3677569729337344,1.4029885952850472,-0.27155905903179994,-0.08955080820102328,-0.21517687868076232,-0.48946082424042203,0.8450603602187783
0,-0.8805018556293225,0.4715137576347356,0.048900496853220135,1.3677569729337344,1.4029885952850472,-0.27155905903179994,-0.08955080820102328,-0.21517687868076232,-0.48946082424042203,0.8450603602187783
0,0.48571130883589414,0.8741130705844479,0.0032961038137206966,-0.44360900175815215,2.012014525268387,-0.6101525278111508,-0.09311208452870864,0.8741156340536128,-0.4856949286134854,-0.004721717928007788
0,-0.8654460770876761,0.5002476647069485,0.027483842649762665,1.3598956799659787,1.401050945075124,-0.289709575126102,-0.08860105123174239,-0.19870536631310773,-0.3930913238569369,0.8977724592037643
0,-0.8687568817965879,0.4943928914591228,0.02893353078622297,1.3638943878105292,1.404475782242343,-0.28556237489159453,-0.0886991109111492,-0.19884790694968302,-0.4017338672022087,0.8939068239153836
0,-0.8687568817965879,0.4943928914591228,0.02893353078622297,1.3638943878105292,1.404475782242343,-0.28556237489159453,-0.0886991109111492,-0.19884790694968302,-0.4017338672022087,0.8939068239153836
0,-0.8738642021081825,0.48353817598891663,0.050519190741155684,1.3638812607594892,1.4050868805530077,-0.2720485342604806,-0.08868477285284411,-0.07118805218046259,-0.23005650951875092,0.9705700714800558
0,0.4881656982433651,0.8727187848489335,0.007494906828543578,-0.4301146335478682,1.6069155379596998,-0.40523678210316294,-0.08921525250058326,0.8727505624544455,-0.488155743141099,-0.003228958316580257
0,-0.8751302383159638,0.4815479364065515,0.04752526618164427,1.365998478346063,1.4030139803089041,-0.2781890971622827,-0.08873456304875123,-0.14783486743096022,-0.3595923185230205,0.921324164683044
0,-0.8776175955672203,0.4756520441073828,0.05951881118839185,1.3649781888884966,1.4021790622758976,-0.27146029741733824,-0.08872029251314414,-0.10191976924181911,-0.30647523798934423,0.9464065136795441
0,-0.8848866280278976,0.46308666389073755,0.050263279458907156,1.369598786226534,1.4063428495258288,-0.26051284782054474,-0.08962365188029271,-0.14887377140837352,-0.3834086823297089,0.911501169773711
0,-0.8716266043725462,0.4876057669651661,0.05007672683290067,1.361919801170337,1.3971697079980268,-0.2864764463363524,-0.088303405637876,-0.15964080839439565,-0.3789816458132204,0.9115304297882143
0,-0.8733064062425941,0.4839651205964885,0.05580038404591597,1.358949316787583,1.3954856787292518,-0.2796672626616185,-0.08805554507598799,-0.12022212637938226,-0.3250897246037933,0.938010293804844
0,0.4747073580496842,0.8800792034694422,0.010654568601365226,-0.4190886604322307,1.5501483844824913,-0.3588710209537403,-0.08853117535745493,0.8801420590666417,-0.47469503349726155,-0.0038185118784828916
0,0.4747073580496842,0.8800792034694422,0.010654568601365226,-0.4190886604322307,1.5501483844824913,-0.3588710209537403,-0.08853117535745493,0.8801420590666417,-0.47469503349726155,-0.0038185118784828916
0,-0.8661113029782597,0.49829380515216704,0.03942707950476723,1.3559171947255575,1.3932046250558345,-0.29258247198486076,-0.08762729475130442,-0.12925422842187043,-0.29946083036497645,0.9453129405176817
0,-0.869162822844363,0.49227486998643694,0.04713215211567487,1.3575783855893035,1.393697308237598,-0.28863291944256797,-0.08787559855874591,-0.12209184373911411,-0.3059652451274725,0.944181577062627
0,-0.869162822844363,0.49227486998643694,0.04713215211567487,1.3575783855893035,1.393697308237598,-0.28863291944256797,-0.08787559855874591,-0.12209184373911411,-0.3059652451274725,0.944181577062627
0,-0.869162822844363,0.49227486998643694,0.04713215211567487,1.3575783855893035,1.393697308237598,-0.28863291944256797,-0.08787559855874591,-0.12209184373911411,-0.3059652451274725,0.944181577062627
0,-0.8764317856910896,0.4792069547310779,0.04720190214064364,1.3590074645117864,1.3962142244643205,-0.27369599727691296,-0.08821494455161227,-0.10935724673886257,-0.2935481844032312,0.9496686032597171
0,0.4902684016373575,0.8714977260222068,0.011340541965585637,-0.4280928011000643,1.5996797707086945,-0.40754305695207016,-0.0887784578628736,0.8715679585487016,-0.4902620381486114,-0.0035252772398939028
0,-0.870849808917207,0.48955050088424945,0.04428224690374588,1.3609999398149082,1.3990219817688736,-0.28344796255146276,-0.08806739837074826,-0.050829570160129095,-0.1792898704142819,0.982482313918254
0,0.48321046479511337,0.8753795018633701,0.014777497349967979,-0.4292715515730349,1.7041400552030497,-0.4487934357241995,-0.08947268556292552,0.8754958686001347,-0.48321075920650886,-0.0037876442764621402
0,-0.8784688878116514,0.47562978408313306,0.045483201712194964,1.3634848218512843,1.4004333182384423,-0.27172640701640877,-0.08808856620147683,-0.08364153359412867,-0.24680577711246182,0.9654486015526338
0,-0.8786763512352233,0.47411170435651434,0.05608887207027425,1.3567747373058545,1.3961026485623793,-0.2638579775328609,-0.08832769314486513,-0.015012323912357729,-0.14486418828170639,0.9893376557486493
0,-0.8796935414243217,0.4737520075168045,0.041210539284668,1.3609566362570504,1.3937091856585337,-0.2770788413234474,-0.0886426083104672,-0.16250942354015266,-0.3809348893493442,0.9102083812704925
0,-0.8796935414243217,0.4737520075168045,0.041210539284668,1.3609566362570504,1.3937091856585337,-0.2770788413234474,-0.0886426083104672,-0.16250942354015266,-0.3809348893493442,0.9102083812704925
0,-0.881292463072766,0.47005020206650067,0.04874835449919823,1.359068928636544,1.3924553717284798,-0.27144709279641854,-0.08851054752623802,-0.11701757755040258,-0.31700353982812346,0.9411777952537315
0,-0.8835943457065256,0.46510824241595744,0.05417891721136591,1.35747318524925,1.3913627462685834,-0.2650552558632093,-0.0884762167408522,-0.0918251765278721,-0.2855682291860974,0.9539491199393927
0,-0.8841117042238583,0.465027769522003,0.04577846683514006,1.3577435103370148,1.3942030920057924,-0.2603309325098925,-0.08849413331231638,-0.06381744309321011,-0.21721623954410618,0.9740351324430564
0,-0.8681150010464275,0.4947606372609836,0.03985293933032851,1.3591933075647034,1.3888172157548855,-0.30324673811947944,-0.0879658945100297,-0.1034896048440737,-0.258939331987062,0.9603334441938963
0,-0.8727433580009727,0.48651798177989547,0.04024033384557705,1.3609279101030392,1.3894936396180348,-0.29745584128220004,-0.08794533330975966,-0.13578646923193613,-0.32110296136110095,0.9372592613448296
0,0.477948650060214,0.8781437803221178,0.020702390808777785,-0.40423808569603165,1.4898650257521777,-0.34847334965979165,-0.08845294919321225,0.878346584164486,-0.47802173049317154,-0.0015821696790733182
0,-0.8816919590988046,0.4696441153231626,0.04531770295189207,1.361565374440974,1.388372645875592,-0.28412020516178393,-0.08855245698025102,-0.16685285625349539,-0.40019490270638675,0.9011127366794214
0,-0.8691142937970975,0.4919659902925805,0.05108628691746311,1.353655717304233,1.381478095054752,-0.3019274491186429,-0.08721169791796612,-0.06777542410678544,-0.22076720052767898,0.9729688253260312
0,-0.8735476705363279,0.48456743187419565,0.04592244838204925,1.355893871295934,1.3830103036317067,-0.29670078523538324,-0.08703596683037383,-0.10644457445794915,-0.2822470045191768,0.9534181564279223
0,-0.8758681711963284,0.48005828676255224,0.0489794650216034,1.3552761156746354,1.3832767685183716,-0.29050143227020886,-0.08677927156825863,-0.07962333818052825,-0.24388632895566154,0.966529659432922
0,-0.880817076782906,0.47103805659190634,0.04779567436219041,1.3570977641765,1.3836996538538204,-0.28481834108572424,-0.08685309104023109,-0.119751298367348,-0.3193147651878518,0.9400519705156527
0,0.48372330637781397,0.874864806028204,0.02496665852989354,-0.3962594443293548,1.4459663743439006,-0.34410784347319073,-0.08572831017403787,0.8751445590291747,-0.48386119350682605,-0.000588402737356618
0,0.48384253074529937,0.8747445315876464,0.02680316954191813,-0.40270713269881747,1.4793755985457577,-0.35530435627649676,-0.08495853890370186,0.8750577574385279,-0.4840185050760719,8.881767337510103e-05
0,-0.8801182843825236,0.4725522548152325,0.04567463149936859,1.36105115621788,1.3845433158580165,-0.2933111849050748,-0.08504516609543615,-0.12322465312914486,-0.3202886994255017,0.9392714378067304
0,-0.8811484368006912,0.47000401676292564,0.05170741289615948,1.3586285083227756,1.3844055022432067,-0.2858328048180199,-0.08546545820596856,-0.05891529397119184,-0.2176345156431038,0.9742505867255506
0,-0.8803157666889474,0.4722442564503009,0.045050118385563234,1.3588831087546978,1.3876108453903417,-0.2826722945507303,-0.08561655569425586,-0.0028053621961695472,-0.10014535692922115,0.9949688625411687
0,0.48851282381167904,0.8721650816138232,0.026139842828380035,-0.4032407749510479,1.484057105880935,-0.3663264788476859,-0.08580729554746679,0.8724686288262428,-0.4886699358339449,-0.0004307250908575236
0,0.49255950994333236,0.8698857766764975,0.026150806838625272,-0.41081611501663307,1.6836600559312296,-0.47849949211799303,-0.08591531104609373,0.870190363561454,-0.4927153596063776,-0.000552784535317076
0,0.48709422671407177,0.8729409066364406,0.02670932085563716,-0.40299447940735234,1.4877305013196562,-0.36586171933082035,-0.08591748656111048,0.8732595542868632,-0.487255006437539,-0.0005563688191439597
0,-0.49529401757078056,-0.8683037151232675,-0.027064634853012887,0.416144749045899,0.7717756702735133,0.04168672326073829,-0.08527216562869144,0.8686325738370608,-0.4954561374519995,-0.0008170240806946236
0,-0.8727465931009791,0.48555256148104575,0.050518256777420396,1.3585899697944415,1.3817335201043752,-0.3055241480348865,-0.08588409723612118,-0.04984420179938981,-0.19157540639945494,0.9802114155670018
0,-0.8614888985372491,0.5052846283505041,0.050242631775917077,1.3502733441087915,1.372423253361926,-0.3239223973449648,-0.08504608407696954,-0.05748527031429065,-0.19536065051696602,0.9790452798131866
0,-0.8584038624197976,0.5105017155907465,0.05030713030652715,1.3477711730395543,1.372576559227673,-0.3237239305843462,-0.0851674735658556,0.00585095460384731,-0.08831937803277191,0.9960750241784643
0,-0.5151049177114683,-0.8566735162578799,-0.02788207829093416,0.4267740485584286,0.8929550202423248,-0.03598875163591636,-0.08467314485061908,0.8570197161751499,-0.5152827757698067,-0.0009311713206783942
0,-0.5151049177114683,-0.8566735162578799,-0.02788207829093416,0.4267740485584286,0.8929550202423248,-0.03598875163591636,-0.08467314485061908,0.8570197161751499,-0.5152827757698067,-0.0009311713206783942
0,-0.5169901498409596,-0.8555389824979326,-0.02782506768768818,0.4274886680873602,0.8925411324966722,-0.03692969616086936,-0.08451052447669298,0.8558857871025987,-0.5171637003410495,-0.0011074670731721697
0,-0.8592807180514209,0.5090716346423398,0.049826884165183515,1.348540747691912,1.3730272117580458,-0.3231092635397703,-0.08507813364350024,0.00195807316902641,-0.09413798994897518,0.9955572333099848
0,-0.8611024419629609,0.5058933026761934,0.0507400310484628,1.3494393132727642,1.3738805425343554,-0.3203526212177305,-0.08520250131677759,0.0003196865098140709,-0.09925843110068586,0.9950616371129809
0,-0.8636013845998143,0.5020151801973636,0.04661981731723632,1.3516226200743129,1.3760176268412918,-0.3173585105984849,-0.0852234659806135,-0.009511945989503185,-0.10867423500983057,0.9940319077004123
0,-0.8636013845998143,0.5020151801973636,0.04661981731723632,1.3516226200743129,1.3760176268412918,-0.3173585105984849,-0.0852234659806135,-0.009511945989503185,-0.10867423500983057,0.9940319077004123
0,-0.8675022566500182,0.49516235571701556,0.04747711223211999,1.354094936473358,1.3758822189585898,-0.3159409999896302,-0.08576589072612747,-0.06925958517669852,-0.2147488496806633,0.9742104708018609
0,-0.8675022566500182,0.49516235571701556,0.04747711223211999,1.354094936473358,1.3758822189585898,-0.3159409999896302,-0.08576589072612747,-0.06925958517669852,-0.2147488496806633,0.9742104708018609
0,-0.8675022566500182,0.49516235571701556,0.04747711223211999,1.354094936473358,1.3758822189585898,-0.3159409999896302,-0.08576589072612747,-0.06925958517669852,-0.2147488496806633,0.9742104708018609
0,-0.8675022566500182,0.49516235571701556,0.04747711223211999,1.354094936473358,1.3758822189585898,-0.3159409999896302,-0.08576589072612747,-0.06925958517669852,-0.2147488496806633,0.9742104708018609
0,0.4811768619014621,0.8761118429943973,0.029947723346225523,-0.3969224003329392,1.3974342666710253,-0.31153328276743153,-0.08523640573326789,0.8765094149077045,-0.48138461694959805,-0.0003100652227939087
0,0.4811768619014621,0.8761118429943973,0.029947723346225523,-0.3969224003329392,1.3974342666710253,-0.31153328276743153,-0.08523640573326789,0.8765094149077045,-0.48138461694959805,-0.0003100652227939087
0,0.4504738593991943,0.8922116710696956,0.032119090943179565,-0.3774119969082389,1.3530968047615666,-0.2570795506883993,-0.08572370123269146,0.8926848052110394,-0.4506806447403251,-0.0008916275978155411
0,0.4504738593991943,0.8922116710696956,0.032119090943179565,-0.3774119969082389,1.3530968047615666,-0.2570795506883993,-0.08572370123269146,0.8926848052110394,-0.4506806447403251,-0.0008916275978155411
0,-0.8980391159264494,0.4377907073345141,0.04318614170757667,1.3681101941577711,1.389334433420235,-0.26665977199669605,-0.08549866917486744,-0.10175410851314338,-0.30222338881637534,0.9477906544438184
0,-0.8980391159264494,0.4377907073345141,0.04318614170757667,1.3681101941577711,1.389334433420235,-0.26665977199669605,-0.08549866917486744,-0.10175410851314338,-0.30222338881637534,0.9477906544438184
0,-0.8980391159264494,0.4377907073345141,0.04318614170757667,1.3681101941577711,1.389334433420235,-0.26665977199669605,-0.08549866917486744,-0.10175410851314338,-0.30222338881637534,0.9477906544438184
0,-0.8646246727567902,0.5006917394949613,0.04161679059854696,1.3441084379921673,1.3618028052865898,-0.32580448349218405,-0.08488207490787558,-0.12401003689212384,-0.29294874750664474,0.948051972247462
0,-0.8646246727567902,0.5006917394949613,0.04161679059854696,1.3441084379921673,1.3618028052865898,-0.32580448349218405,-0.08488207490787558,-0.12401003689212384,-0.29294874750664474,0.948051972247462
0,-0.8646246727567902,0.5006917394949613,0.04161679059854696,1.3441084379921673,1.3618028052865898,-0.32580448349218405,-0.08488207490787558,-0.12401003689212384,-0.29294874750664474,0.948051972247462
0,-0.8646246727567902,0.5006917394949613,0.04161679059854696,1.3441084379921673,1.3618028052865898,-0.32580448349218405,-0.08488207490787558,-0.12401003689212384,-0.29294874750664474,0.948051972247462
0,-0.8428961457135231,0.536557246011263,0.040403085180420656,1.3321873790389183,1.3465968350346214,-0.36109466934611234,-0.0841058451188784,-0.13679821966812844,-0.2863101521980291,0.9483210130762536
0,-0.8428961457135231,0.536557246011263,0.040403085180420656,1.3321873790389183,1.3465968350346214,-0.36109466934611234,-0.0841058451188784,-0.13679821966812844,-0.2863101521980291,0.9483210130762536
0,-0.8428961457135231,0.536557246011263,0.040403085180420656,1.3321873790389183,1.3465968350346214,-0.36109466934611234,-0.0841058451188784,-0.13679821966812844,-0.2863101521980291,0.9483210130762536
0,-0.8428961457135231,0.536557246011263,0.040403085180420656,1.3321873790389183,1.3465968350346214,-0.36109466934611234,-0.0841058451188784,-0.13679821966812844,-0.2863101521980291,0.9483210130762536
0,-0.8428961457135231,0.536557246011263,0.040403085180420656,1.3321873790389183,1.3465968350346214,-0.36109466934611234,-0.0841058451188784,-0.13679821966812844,-0.2863101521980291,0.9483210130762536
0,-0.8191273636002608,0.5721845745958505,0.04043729459115491,1.321095616360638,1.3283085690361802,-0.4012430995970801,-0.08548069154648463,-0.14802873845384593,-0.2789697520143362,0.9488220961016995
0,-0.8191273636002608,0.5721845745958505,0.04043729459115491,1.321095616360638,1.3283085690361802,-0.4012430995970801,-0.08548069154648463,-0.14802873845384593,-0.2789697520143362,0.9488220961016995
0,-0.8191273636002608,0.5721845745958505,0.04043729459115491,1.321095616360638,1.3283085690361802,-0.4012430995970801,-0.08548069154648463,-0.14802873845384593,-0.2789697520143362,0.9488220961016995
0,-0.8191273636002608,0.5721845745958505,0.04043729459115491,1.321095616360638,1.3283085690361802,-0.4012430995970801,-0.08548069154648463,-0.14802873845384593,-0.2789697520143362,0.9488220961016995
0,-0.8191273636002608,0.5721845745958505,0.04043729459115491,1.321095616360638,1.3283085690361802,-0.4012430995970801,-0.08548069154648463,-0.14802873845384593,-0.2789697520143362,0.9488220961016995
0,-0.8005350176179434,0.5980160335546316,0.03899370689001854,1.3132046799602564,1.3143070480685264,-0.4310237535924558,-0.08454565751957221,-0.15790925404209846,-0.27325801983569703,0.9488913120486149
0,-0.8005350176179434,0.5980160335546316,0.03899370689001854,1.3132046799602564,1.3143070480685264,-0.4310237535924558,-0.08454565751957221,-0.15790925404209846,-0.27325801983569703,0.9488913120486149
0,-0.8005350176179434,0.5980160335546316,0.03899370689001854,1.3132046799602564,1.3143070480685264,-0.4310237535924558,-0.08454565751957221,-0.15790925404209846,-0.27325801983569703,0.9488913120486149
0,-0.8005350176179434,0.5980160335546316,0.03899370689001854,1.3132046799602564,1.3143070480685264,-0.4310237535924558,-0.08454565751957221,-0.15790925404209846,-0.27325801983569703,0.9488913120486149
0,-0.8005350176179434,0.5980160335546316,0.03899370689001854,1.3132046799602564,1.3143070480685264,-0.4310237535924558,-0.08454565751957221,-0.15790925404209846,-0.27325801983569703,0.9488913120486149
0,0.5000732619658775,0.8658475324217041,0.015322638938929626,3.047280806924022,-1.7579869281903004,-2.504308974589002,0.012478060708173172,-0.3812963108127428,0.20426360651379102,0.9016038500431169
0,0.5000732619658775,0.8658475324217041,0.015322638938929626,3.047280806924022,-1.7579869281903004,-2.504308974589002,0.012478060708173172,-0.3812963108127428,0.20426360651379102,0.9016038500431169
0,0.5000732619658775,0.8658475324217041,0.015322638938929626,3.047280806924022,-1.7579869281903004,-2.504308974589002,0.012478060708173172,-0.3812963108127428,0.20426360651379102,0.9016038500431169
0,0.5000732619658775,0.8658475324217041,0.015322638938929626,3.047280806924022,-1.7579869281903004,-2.504308974589002,0.012478060708173172,-0.3812963108127428,0.20426360651379102,0.9016038500431169
0,0.8776323742435777,-0.4792815470204463,0.0071143772228231955,0.3317014461750897,-1.7959512939210271,-2.5963076542963677,0.01703632498836534,-0.47929816095464434,-0.8772870856652342,0.025310911253767325
0,0.869910081344301,-0.4931180425058176,0.009541830473360805,0.3137214623973059,-1.834673706295914,-2.600084180472775,0.013757241035838134,-0.4931970877124524,-0.8695820009508691,0.024161462957328884
0,0.49012963848563684,0.8716102761444954,0.008274297266544908,3.0431032080779925,-1.7680071584858994,-2.4972669493066815,0.01124405365677281,-0.572954349294355,0.3150046516487386,0.7566342465566432
0,0.49012963848563684,0.8716102761444954,0.008274297266544908,3.0431032080779925,-1.7680071584858994,-2.4972669493066815,0.01124405365677281,-0.572954349294355,0.3150046516487386,0.7566342465566432
0,0.49012963848563684,0.8716102761444954,0.008274297266544908,3.0431032080779925,-1.7680071584858994,-2.4972669493066815,0.01124405365677281,-0.572954349294355,0.3150046516487386,0.7566342465566432
0,0.49085714192838004,0.871216276585705,0.006439381029439016,3.0526691958861045,-1.7861320818570074,-2.4976607817398637,0.010749381352357059,-0.5925098635386125,0.3283925834927414,0.7355884533585461
0,0.48939507018992817,0.8720517607271295,0.004265194545217465,3.042943526350122,-1.7768378964882554,-2.492301961076364,0.011369736521813119,-0.5602492360749923,0.3106560197589078,0.767863028712114
0,0.48170933619604855,0.8762902704572508,0.00845442614967668,3.0334628638385754,-1.7687547908081411,-2.4895129165159315,0.011683732758522879,-0.5525767513731361,0.2962432390520886,0.7790371474813242
0,0.4806008446484766,0.8769215521594382,0.005605308149624355,3.027854343348629,-1.760466002900741,-2.4880645870230627,0.011518393613083,-0.5066557142411181,0.2724464881092076,0.8179687636711943
0,0.48685215382416974,0.8734500951125235,0.007740262443267945,3.0424027569493814,-1.789694289609998,-2.4857328005377335,0.009988509902925831,-0.5904776154539583,0.3225704094876056,0.7397868048085245
0,0.8720125824408334,-0.48936285995550993,0.010864960148690851,0.341280181648052,-1.8419700132690615,-2.5845622206728587,0.013997875534118766,-0.4894690494464691,-0.8716017600187547,0.027026312441385546
0,0.4870147500866374,0.873300293469904,0.012776173974616702,3.0374006333249968,-1.7783566618194524,-2.4864991871663547,0.011408874147746398,-0.38123793671134826,0.19939902985585847,0.9027168229863762
0,0.8792200832709386,-0.47638556652207303,0.005370026116051478,0.3771186558837515,-1.8180942182983264,-2.563700337582779,0.014237623628065299,-0.4763380225448952,-0.8788169311473273,0.02798016806262798
0,0.47889601135879545,0.8778508993465546,0.006033972081622581,3.020891424636727,-1.7650303855111114,-2.4784334759268916,0.011541771110058534,-0.4507024377716636,0.23996271847268494,0.8598169609445248
0,0.5001054060053842,0.8659335347021637,0.007327780046269313,3.049481912177322,-1.8030603177502305,-2.4803812332471598,0.011407110673578334,-0.4449838981555341,0.24971527128125554,0.8600183798438463
0,0.4976032173642981,0.8672507871018217,0.016343510576682627,3.013441273684106,-1.7830752862989374,-2.4518549321090037,0.0119830627031428,-0.36572899779761964,0.19268500401404812,0.9105574058762329
0,0.49389855924670406,0.8692651262108646,0.021032202111043685,3.004365165571578,-1.779146991827825,-2.4456300426407376,0.012070921539018016,-0.3911365465726687,0.20050280459562198,0.8982264899692595
0,0.5028513147900883,0.8641758405189744,0.018457298697365437,3.0025718446309755,-1.7762702640206354,-2.4411632130445775,0.012042094283727604,-0.2512915336028712,0.12572510709909715,0.959711291265471
0,0.5028513147900883,0.8641758405189744,0.018457298697365437,3.0025718446309755,-1.7762702640206354,-2.4411632130445775,0.012042094283727604,-0.2512915336028712,0.12572510709909715,0.959711291265471
0,0.5028513147900883,0.8641758405189744,0.018457298697365437,3.0025718446309755,-1.7762702640206354,-2.4411632130445775,0.012042094283727604,-0.2512915336028712,0.12572510709909715,0.959711291265471
0,0.5110500874950482,0.8593393813563617,0.01906923489206849,3.0161665450557216,-1.7954569866597705,-2.4423564710979604,0.01127491462530765,-0.24973360156985472,0.12721564089419338,0.9599215118731472
0,0.5110500874950482,0.8593393813563617,0.01906923489206849,3.0161665450557216,-1.7954569866597705,-2.4423564710979604,0.01127491462530765,-0.24973360156985472,0.12721564089419338,0.9599215118731472
0,0.5110500874950482,0.8593393813563617,0.01906923489206849,3.0161665450557216,-1.7954569866597705,-2.4423564710979604,0.01127491462530765,-0.24973360156985472,0.12721564089419338,0.9599215118731472
0,0.5110500874950482,0.8593393813563617,0.01906923489206849,3.0161665450557216,-1.7954569866597705,-2.4423564710979604,0.01127491462530765,-0.24973360156985472,0.12721564089419338,0.9599215118731472
0,0.5220094895255448,0.8527439896992474,0.018269670908096308,3.095251921519842,-1.8834382587702267,-2.476999786868735,0.009162903544219385,-0.2488676769290737,0.13178750184125618,0.9595295377091667
0,0.5137977081579506,0.8578764574418211,0.007739435167279499,3.0557885245196474,-1.8596975745443873,-2.448317595903747,0.009542429511253784,-0.36170775509687325,0.20843543015283303,0.9086925615178016
0,0.514049997084569,0.857560788089823,0.018495816449034523,3.048563265268014,-1.8547351452984553,-2.4433390631432803,0.009467185489641018,-0.2638170092142514,0.13754931506163262,0.9547150211310826
0,0.514049997084569,0.857560788089823,0.018495816449034523,3.048563265268014,-1.8547351452984553,-2.4433390631432803,0.009467185489641018,-0.2638170092142514,0.13754931506163262,0.9547150211310826
0,0.513072595850756,0.8582980191446198,0.009001206440741191,3.04447456203263,-1.851906898173214,-2.440173948093212,0.009396907435634098,-0.3173962158265427,0.17996854490385475,0.9310590556039826
0,0.513072595850756,0.8582980191446198,0.009001206440741191,3.04447456203263,-1.851906898173214,-2.440173948093212,0.009396907435634098,-0.3173962158265427,0.17996854490385475,0.9310590556039826
0,0.5139440355762689,0.8577698759566235,0.00961083736923289,3.052595469478508,-1.8605797585273167,-2.4440883231009933,0.010793842401746336,-0.316715072013518,0.17932799103486627,0.9314145343448699
0,0.5139440355762689,0.8577698759566235,0.00961083736923289,3.052595469478508,-1.8605797585273167,-2.4440883231009933,0.010793842401746336,-0.316715072013518,0.17932799103486627,0.9314145343448699
0,0.5139440355762689,0.8577698759566235,0.00961083736923289,3.052595469478508,-1.8605797585273167,-2.4440883231009933,0.010793842401746336,-0.316715072013518,0.17932799103486627,0.9314145343448699
0,0.5139440355762689,0.8577698759566235,0.00961083736923289,3.052595469478508,-1.8605797585273167,-2.4440883231009933,0.010793842401746336,-0.316715072013518,0.17932799103486627,0.9314145343448699
0,0.5139440355762689,0.8577698759566235,0.00961083736923289,3.052595469478508,-1.8605797585273167,-2.4440883231009933,0.010793842401746336,-0.316715072013518,0.17932799103486627,0.9314145343448699
0,0.8525992213169132,-0.5224392209167974,0.01148164864656987,0.319357226558893,-1.9274360165729167,-2.533563455080959,0.029638835332648075,-0.5225127468787545,-0.851995745529472,0.032919279258479955
0,0.5250100606844335,0.850898592731282,0.018330877394482303,3.034924896503464,-1.8569170210110462,-2.4215509513518567,0.025613510242302052,-0.24754587316901466,0.13205977300229568,0.9598339736796007
0,0.5306740661890016,0.8475005498003364,0.011307234876790105,3.0249627812462623,-1.853275583870528,-2.4091704432753875,0.026158813975400878,-0.24058397858876465,0.13782618250254355,0.960793054024214
0,0.5245141237222344,0.851291300336559,0.01371335061853381,3.0169051702339518,-1.852962345384487,-2.4026559290841427,0.026240179156864118,-0.39400102101168105,0.22841823564785474,0.8902742864214792
0,0.5253103471384721,0.8507923644280854,0.01419125851098975,3.0172876580402885,-1.860377470292446,-2.398327816580619,0.03289845150380673,-0.4998849540200541,0.2950650399995371,0.8142798382082416
0,0.5253103471384721,0.8507923644280854,0.01419125851098975,3.0172876580402885,-1.860377470292446,-2.398327816580619,0.03289845150380673,-0.4998849540200541,0.2950650399995371,0.8142798382082416
0,0.8451629235131952,-0.5345041105443339,0.0022335012512742602,0.2999399251598919,-1.9125182055461025,-2.4627870998344874,0.035694833179322275,-0.5342509135736592,-0.8446180348026764,0.03458809953980473
0,0.5433287370125198,0.8393405452581425,0.01735893487931477,3.017829452779311,-1.8692195459002536,-2.3861512274281917,0.032531638356871215,-0.45666908724327704,0.27813793226835826,0.8450400199918784
0,0.5343832232394469,0.8447712940833267,0.028214028620550474,3.0199151616484743,-1.8661659235017103,-2.3956374212655085,0.03892829994850426,-0.37800374077337057,0.20899438174757787,0.9019060485201803
0,0.5422951427479905,0.8400151386001093,0.01704538273479899,3.0242852546224865,-1.8697966737752312,-2.393971412882775,0.03922632304575897,-0.38676733354152043,0.23157543249501408,0.8926274972058219
0,0.8368268492241097,-0.5474675644168837,-0.00030054466312302505,0.2616459699360274,-1.9419820457473214,-2.490503251745631,0.04326394912461617,-0.5471701261118993,-0.8363900465379426,0.03250450954785553
0,0.8368268492241097,-0.5474675644168837,-0.00030054466312302505,0.2616459699360274,-1.9419820457473214,-2.490503251745631,0.04326394912461617,-0.5471701261118993,-0.8363900465379426,0.03250450954785553
0,0.5521493405269535,0.8333528368052466,0.025576456797186443,3.0228724015820916,-1.8722116629192307,-2.3880982642021937,0.03896147445747705,-0.2903494415492168,0.16343765061643437,0.9428601890795041
0,0.5182171165468283,0.8551091865987854,0.015469295725870875,3.0185720310078166,-1.8576721048324303,-2.404974766333725,0.040174219251583335,-0.44585281401090704,0.25467410868615387,0.858112094426753
0,0.5182171165468283,0.8551091865987854,0.015469295725870875,3.0185720310078166,-1.8576721048324303,-2.404974766333725,0.040174219251583335,-0.44585281401090704,0.25467410868615387,0.858112094426753
0,0.5250819971018218,0.8509302540686788,0.0143735530811368,3.021613480813167,-1.8584853056409698,-2.404819706156414,0.04018064308566592,-0.36117601265169264,0.20751384733822958,0.9091148943042955
0,0.5250819971018218,0.8509302540686788,0.0143735530811368,3.021613480813167,-1.8584853056409698,-2.404819706156414,0.04018064308566592,-0.36117601265169264,0.20751384733822958,0.9091148943042955
0,0.5200957000569422,0.8540167939087647,0.012481125833592042,3.017712509695067,-1.851852652338491,-2.4063732531807975,0.04096285553972328,-0.36055537422559575,0.20628394804179778,0.9096410033058807
0,0.5226493927082043,0.8524635137618738,0.011982070126026758,3.016219795888348,-1.8599829559778005,-2.3984549279454974,0.04126849298659864,-0.5075675645065392,0.2998383727454224,0.8077574621681173
0,0.5253146129538349,0.8508603678703734,0.009010649402549267,3.016390683169292,-1.864718099738266,-2.3942824451707114,0.04139831987573259,-0.5752571330230565,0.3473165906183792,0.7405743830199089
0,0.5253146129538349,0.8508603678703734,0.009010649402549267,3.016390683169292,-1.864718099738266,-2.3942824451707114,0.04139831987573259,-0.5752571330230565,0.3473165906183792,0.7405743830199089
0,0.528214826929345,0.8489726153796059,0.01531649259829818,3.0156086324442173,-1.870630351118832,-2.3889518548856996,0.04183457635335647,-0.584263091571742,0.3503101886525523,0.7320651689236712
0,0.5382454989279025,0.8427234059472997,0.010442411140930958,3.018412740629483,-1.8780804305837229,-2.3827246404785436,0.04150595198436624,-0.6089906813011914,0.3803361003007255,0.6960422407399908
0,0.5382454989279025,0.8427234059472997,0.010442411140930958,3.018412740629483,-1.8780804305837229,-2.3827246404785436,0.04150595198436624,-0.6089906813011914,0.3803361003007255,0.6960422407399908
0,0.5472337769465448,0.836943379779481,0.007808483215001401,3.0195994091921343,-1.8850840912132354,-2.37571958302431,0.0416284597206297,-0.6365534104958149,0.4101154554300477,0.653150111996891
0,0.5360947700898984,0.8440265035984749,0.014888206862913657,3.016063947052731,-1.8697702287201325,-2.3865671569175237,0.0427201808675017,-0.5410154874444149,0.3299878674748658,0.7735698091721733
0,0.5360947700898984,0.8440265035984749,0.014888206862913657,3.016063947052731,-1.8697702287201325,-2.3865671569175237,0.0427201808675017,-0.5410154874444149,0.3299878674748658,0.7735698091721733
0,0.5490828118070799,0.8355336457981997,0.0197886966523714,3.018118614714856,-1.8741873766644515,-2.3815728554621316,0.04293918849871893,-0.4487874070863276,0.2747876058372185,0.8503420693561974
0,0.5597731754102389,0.8285673710472856,0.011406301983016705,3.0228515111297924,-1.8785302487138695,-2.3797639691208485,0.04331876406637242,-0.42464447978779124,0.275011712782082,0.8625807925153571
0,0.5597731754102389,0.8285673710472856,0.011406301983016705,3.0228515111297924,-1.8785302487138695,-2.3797639691208485,0.04331876406637242,-0.42464447978779124,0.275011712782082,0.8625807925153571
0,0.563937761966592,0.8254420883952709,0.02489094879199201,3.0177106410060492,-1.8799480516916507,-2.3727988367249218,0.04303102366388438,-0.3761200545583316,0.2298965010668763,0.8975975174621672
0,0.5766843223029054,0.8168320380252986,0.014853082625365784,3.0219263424919145,-1.8835664710731017,-2.3705350484607495,0.042138473994495676,-0.31760965091282156,0.2074080541032609,0.9252599681917156
0,0.5750083618983359,0.8179972987149575,0.01567810702939024,3.016986777514583,-1.8844542903446486,-2.3643734040282265,0.040901283309339315,-0.4234331239601194,0.28114473314520977,0.8611980193637715
0,0.5813871801793334,0.813546684660357,0.011434098095834065,3.0075492254086096,-1.8820800068979386,-2.3524171107199217,0.04102676347887323,-0.4404200607547373,0.30286014143968226,0.845166199519319
0,0.8090750686991247,-0.5876075587317472,-0.010718681300570672,0.14753768305137366,-2.0189932915496316,-2.529742040894987,0.04814882024029916,-0.5870669235912729,-0.8089116415880964,0.0318493850227916
0,0.5805905996518104,0.8140293529562151,0.016455033261499656,2.998037141932173,-1.8801986142920561,-2.342771529008955,0.04091701772081481,-0.4798351227141312,0.3257657313855101,0.814637921571773
0,0.5935684504604755,0.8046916440915247,0.012159463196592507,2.994915060673605,-1.8779216436155552,-2.3372184279472252,0.0411300064192901,-0.3472038897756124,0.24242060676309865,0.9059148460751129
0,0.5277931816970368,0.8492042027313903,0.01692865663491551,2.9984195681287074,-1.8582290975107303,-2.37675891772027,0.041039368382332506,-0.3483441255102177,0.1982376110350176,0.9161649522829667
0,0.534745117675213,0.844887533713346,0.014584735043948437,2.9951986263328094,-1.8558781201281533,-2.3711859025946374,0.04172490094449352,-0.26330782305173883,0.15020234795978823,0.9529471365113182
0,0.5290860622213515,0.8485097903749571,0.009953612356862235,2.9899483369383097,-1.854047719472589,-2.3681739002988107,0.0423172840980859,-0.37539449170519773,0.22352438954769555,0.8995086563634206
0,0.5296012438074408,0.848199392712629,0.008961738533293379,2.986769770316653,-1.8519395718347775,-2.365434144960718,0.042350671050338407,-0.36647648823886775,0.21926802702503712,0.9042214971403049
0,0.5228594996956234,0.852148069607159,0.021485135345978276,2.994349952593827,-1.8551260195387274,-2.376719345302136,0.04361675812793918,-0.29958610186822315,0.16010577094042838,0.94053937167828
0,0.8525771508853317,-0.5225832371155095,-0.004354546144613221,0.3450965075258901,-1.984151984779883,-2.577143558103722,0.05187326451598222,-0.5221165496425968,-0.8521154605476838,0.03596596283874888
0,0.5247850999604025,0.8509694282161809,0.021251614032271222,2.9961035430249985,-1.8561192146360261,-2.377228702307962,0.042778591165458485,-0.2883894954210857,0.15424710860085772,0.9450075811426313
0,0.5247850999604025,0.8509694282161809,0.021251614032271222,2.9961035430249985,-1.8561192146360261,-2.377228702307962,0.042778591165458485,-0.2883894954210857,0.15424710860085772,0.9450075811426313
0,0.5214453975573708,0.8531450359967171,0.015435184430246883,2.9944678090367214,-1.8563153782776398,-2.3760899296759033,0.04202281928281548,-0.3873250879264451,0.2205388935390203,0.8951770063497811
0,0.5217805929987892,0.8529781844893157,0.013161669846278277,2.9939978174601256,-1.8559720427797923,-2.3753574355775466,0.04106230661716764,-0.4073005789987043,0.23553672509274443,0.8823993934029563
0,0.5154848150422535,0.8568488743383513,0.009241861498321687,2.998377182471557,-1.8627660329307478,-2.379119505309713,0.04288005418131814,-0.5275501383437244,0.30884105553540436,0.7913962685957613
0,0.8497956639242915,-0.5270942557464073,-0.004356045524750274,0.3354996244842286,-1.9951567889490964,-2.580560516827952,0.0511154924581045,-0.5266724629196468,-0.8493951585497092,0.03382279456916492
0,0.8497956639242915,-0.5270942557464073,-0.004356045524750274,0.3354996244842286,-1.9951567889490964,-2.580560516827952,0.0511154924581045,-0.5266724629196468,-0.8493951585497092,0.03382279456916492
0,0.5189438423953481,0.8545772669647126,0.01987418489082707,2.9908572702077034,-1.8600941198544616,-2.371262364057293,0.04297182015867685,-0.44560909359994405,0.2506099198234914,0.8594342347062395
0,0.5366125510051761,0.8435989157275358,0.019693640725967954,2.989933567480152,-1.8565765518390724,-2.364307754980347,0.04347447473754712,-0.2003042479505977,0.10467258833428941,0.974126202040755
0,0.5354870387023709,0.8443656536360793,0.017328425764687138,2.9922018131857064,-1.8546231568443234,-2.3684840962461133,0.04567472232957347,-0.19894288143961097,0.10617348186011139,0.9742427426838782
0,0.8519691320600437,-0.5235790489146883,-0.0036847730522242897,0.34594092791819736,-1.9568952150258372,-2.523918485600584,0.053585462751126994,-0.5230648551285004,-0.8514059982677658,0.03887137045526435
0,0.8486570967631051,-0.528934927210924,-0.0029958117417414496,0.32657833668263236,-1.9864134203026398,-2.570019628035875,0.05595656121852787,-0.5284317358277041,-0.8480716089401347,0.039172013961637046
0,0.5315973089539957,0.8468545565355954,0.015545455470015464,2.9761889327384337,-1.846134623877845,-2.3563697661710057,0.0459130096145479,-0.2534765685236637,0.14154917250568044,0.9569291828397885
0,0.5315973089539957,0.8468545565355954,0.015545455470015464,2.9761889327384337,-1.846134623877845,-2.3563697661710057,0.0459130096145479,-0.2534765685236637,0.14154917250568044,0.9569291828397885
0,0.5316013284467663,0.8467873089706793,0.01874249070504414,2.970754742534769,-1.8431364788538092,-2.3521907024240534,0.04611410712314007,-0.23500127300862886,0.12619884581744897,0.9637677380970312
0,0.8556064619484917,-0.5176139996217706,0.003650981448605173,0.37768575593024645,-1.9647305920551275,-2.5175822837829616,0.05877853317447476,-0.517389862519309,-0.8549799998428395,0.03628953056997222
0,0.5173224988792338,0.8553697134410332,0.026834408492642604,2.967398969788834,-1.8555210741162789,-2.3485660196903853,0.0520254529319904,-0.33445145216323746,0.17321280352352247,0.926358219502274
0,0.5161379640824358,0.8564462702773772,0.01006916872477609,2.964666577946584,-1.8528377407795023,-2.345600504494612,0.05304558938200614,-0.4103996217333036,0.23697476200132192,0.8805765796644707
0,0.5144066691644772,0.8573972525195867,0.01599156305594473,2.956379870376427,-1.848763346380604,-2.339895046437039,0.053522517148912124,-0.387125353928151,0.2155404017422642,0.8964799471046674
0,0.5164317047497082,0.8561188881613521,0.01894052957760783,2.9516527475682643,-1.8452678512749046,-2.3357833613100585,0.05334216511101504,-0.33228638285214923,0.1799599518311709,0.9258510547091026
0,0.8522783083208205,-0.5230754229499083,-0.003713094339658379,0.3578669098354941,-1.9840500774844498,-2.548968234676811,0.055668828691117334,-0.5224704393803283,-0.8515946713274068,0.042557675435727894
0,0.5205563037123632,0.8534818721668609,0.024286386019164947,2.96321153083784,-1.8524866453862718,-2.3433175026517636,0.04492554819362385,-0.31868722106452835,0.1678281291762203,0.9328837945775337
0,0.5204384287308935,0.853808086723183,0.012473690080181588,2.961251964428737,-1.851805633793771,-2.3401797475668644,0.04515446453254379,-0.3896846337187748,0.2244833851569864,0.8931702503050157
0,0.5247719825717992,0.8509644306197305,0.021769339119538027,2.9567924870235998,-1.8503564122306049,-2.334727931088686,0.045621064218233184,-0.32000636336530547,0.1735144361539499,0.9313907170730709
0,0.8496780835716894,-0.5272575534980757,-0.0068283654826869385,0.35374939390721283,-1.960818448428587,-2.4896791441820687,0.05668515723116528,-0.5264873331979697,-0.8490140472593372,0.04456720247457916
0,0.532085385589447,0.8466211194268094,0.01085461103060718,2.9668005035037552,-1.860690960408324,-2.3355066154270756,0.049305203842521184,-0.3689553865546179,0.2203045481026071,0.9029605909538015
0,0.5350743725486196,0.844560019673595,0.020341804458748163,2.9604799279667198,-1.85881943132039,-2.328878268923565,0.04936580477657775,-0.3282145899177232,0.18563391056138503,0.9261831537081789
0,0.5413400187202083,0.8407650261584905,0.008071859681486427,2.961860720977821,-1.8590082709622804,-2.326337665160212,0.049331770315815655,-0.3259746331114501,0.20101531813389553,0.9237604562013815
0,0.5323532052091643,0.846423208015362,0.012954452304626345,2.970906657709552,-1.8653228306983813,-2.3375263784782865,0.049442928162682726,-0.348730128290986,0.2053362453716034,0.9144530189992512
0,0.8419670920986816,-0.5395161784922686,-0.0037025620843672167,0.31662669767097135,-2.0133284284357464,-2.555546358309247,0.06185461065545426,-0.5388063743770969,-0.8411748091383252,0.04596337019529356
0,0.8419670920986816,-0.5395161784922686,-0.0037025620843672167,0.31662669767097135,-2.0133284284357464,-2.555546358309247,0.06185461065545426,-0.5388063743770969,-0.8411748091383252,0.04596337019529356
0,0.8419670920986816,-0.5395161784922686,-0.0037025620843672167,0.31662669767097135,-2.0133284284357464,-2.555546358309247,0.06185461065545426,-0.5388063743770969,-0.8411748091383252,0.04596337019529356
0,0.8382259844667723,-0.5452985322721429,-0.005168139370899196,0.29950328884702,-2.0154917302968762,-2.5495640350731272,0.06564747371386614,-0.544381633327646,-0.83729800698008,0.050800440949959697
0,0.5314196224803575,0.8470507828048801,0.009907380606113299,2.953290785710978,-1.8568798733655694,-2.3222131851906695,0.05290116133962708,-0.35396244904050866,0.21141170771951479,0.9110519603767745
0,0.5352041853473128,0.8446230754356734,0.01297460698071208,2.9514360159818778,-1.8565652654039972,-2.3187576955906555,0.05254420991050453,-0.32983801593272183,0.19481567799520214,0.9237173457561763
0,0.8398415964999421,-0.5427577314213547,-0.008951970105696743,0.30945463823752656,-1.9958851073528128,-2.519278074572435,0.06534380873354978,-0.5416181609804932,-0.8389523758627722,0.052996969048410635
0,0.8441690934572434,-0.5360366326266259,-0.006578003639668647,0.33366342942707744,-1.9747086562845755,-2.4881362997547836,0.06196664947479822,-0.5351434347470362,-0.8433594129617749,0.048645707045074545
0,0.8441690934572434,-0.5360366326266259,-0.006578003639668647,0.33366342942707744,-1.9747086562845755,-2.4881362997547836,0.06196664947479822,-0.5351434347470362,-0.8433594129617749,0.048645707045074545
0,0.5428162191589424,0.8396604520821317,0.017913051812057514,2.965827991345689,-1.8687819417656915,-2.325188376953853,0.05280398310598346,-0.3494568303689782,0.20641619844770692,0.9139323151770399
0,0.5523922665900172,0.8333983252794037,0.01760724938848258,2.963506851702265,-1.8681257186706248,-2.3188227029296287,0.053063685877624785,-0.2915630713339606,0.17337917481762014,0.9407075194617449
0,0.5532597657922536,0.8329401277537588,0.010694630945146775,2.9600187983295045,-1.868290272464565,-2.313420676884969,0.053480517642300836,-0.3657518782119156,0.23136672764079722,0.9014959794271106
0,0.5532597657922536,0.8329401277537588,0.010694630945146775,2.9600187983295045,-1.868290272464565,-2.313420676884969,0.053480517642300836,-0.3657518782119156,0.23136672764079722,0.9014959794271106
0,0.5359082426851216,0.8442320925048566,0.008633041469608362,2.967501180557335,-1.87012782276628,-2.3284640630550437,0.05557981099756476,-0.3692584205231521,0.22518072795825553,0.9016328846193096
0,0.5359082426851216,0.8442320925048566,0.008633041469608362,2.967501180557335,-1.87012782276628,-2.3284640630550437,0.05557981099756476,-0.3692584205231521,0.22518072795825553,0.9016328846193096
0,0.5612983002664631,0.8274205168541109,0.017874742092000594,2.963371452151489,-1.8700665190644343,-2.314081254669299,0.05661699398351853,-0.18141801130226481,0.1019387175359373,0.9781083800071746
0,0.5612983002664631,0.8274205168541109,0.017874742092000594,2.963371452151489,-1.8700665190644343,-2.314081254669299,0.05661699398351853,-0.18141801130226481,0.1019387175359373,0.9781083800071746
0,0.5591415851334742,0.8288514616694783,0.019129617371902084,2.9578115772021913,-1.8679944059373301,-2.309710133709726,0.05585037543677222,-0.22485495598602365,0.12939724470008113,0.9657621869956137
0,0.8302369769360984,-0.5573527453352106,-0.00802990618326109,0.2710914218646464,-2.017533648334747,-2.5199539553558443,0.07019259346093978,-0.5561293652347689,-0.8292188727316633,0.05582284682101675
0,0.543999763436066,0.8387804625851533,0.022618420920581344,2.9605545491807024,-1.8640365319261862,-2.3221800535845167,0.056597353964675315,-0.1868345492373898,0.09480612097772217,0.9778060393730543
0,0.5410752488836119,0.8408594255396841,0.013892498861259346,2.9568257700213354,-1.861934556616511,-2.3192662748452824,0.0574296354367702,-0.23335208489947465,0.1342453118506297,0.9630809938510859
0,0.5383647291584964,0.8426635889104817,0.00902742048459326,2.9523944990714273,-1.8596752645608998,-2.3161472131805394,0.05782318008462356,-0.27403338539719,0.16492544943200685,0.9474731129775692
0,0.5355941608478888,0.8444020099018822,0.01114183725008463,2.9492295883020385,-1.8584668451007111,-2.314641130081302,0.0576228579815546,-0.2985915575033628,0.17701858627316458,0.9378206128570465
0,0.5355941608478888,0.8444020099018822,0.01114183725008463,2.9492295883020385,-1.8584668451007111,-2.314641130081302,0.0576228579815546,-0.2985915575033628,0.17701858627316458,0.9378206128570465
0,0.5390557209394303,0.8421508950221924,0.014170382273999254,2.963032865147501,-1.8661684308012587,-2.3248271720827565,0.055833882148305744,-0.16371508756617648,0.08826022064695056,0.9825515271743008
0,0.5398468159438263,0.8416549739017511,0.01350260048121542,2.96406153174632,-1.8665608201485182,-2.3253678309790273,0.05575110305800596,-0.15573835520829502,0.08410268164064412,0.9842115136777599
0,0.5382844292873145,0.8426423705295321,0.014272651232372575,2.9637834169507697,-1.8668609022452562,-2.325632696484025,0.05572802883331357,-0.177229473905357,0.09662583390540887,0.9794147036875211
0,0.5382844292873145,0.8426423705295321,0.014272651232372575,2.9637834169507697,-1.8668609022452562,-2.325632696484025,0.05572802883331357,-0.177229473905357,0.09662583390540887,0.9794147036875211
0,0.8447277791294043,-0.535151523451008,-0.006915642643277063,0.33887565122062735,-2.051404239687804,-2.605836230852926,0.07443018152206221,-0.5339238590903896,-0.8435396871890123,0.058018176712896385
0,0.5389467966922972,0.8418727191396874,0.02804772898936256,2.968903889325054,-1.8723981324717234,-2.3297078892994834,0.05478525086794851,-0.15815749791884667,0.06843118516956509,0.9850397853621643
0,0.5331290731599738,0.8457876910855312,0.020410119004881735,2.965106453594115,-1.8702707272147245,-2.328164053032933,0.05496022080464084,-0.21725123289283804,0.11354570403345689,0.9694891824564565
0,0.5294041598977057,0.8480335948689998,0.02388006395648457,2.9574882784217893,-1.8660971656213012,-2.3240643636022584,0.05510792627696667,-0.2242107588331187,0.11271037322267137,0.968000985221339
0,0.5294041598977057,0.8480335948689998,0.02388006395648457,2.9574882784217893,-1.8660971656213012,-2.3240643636022584,0.05510792627696667,-0.2242107588331187,0.11271037322267137,0.968000985221339
0,0.529998697919632,0.8478605891927459,0.015290568832610625,2.9513481270278277,-1.859323965943563,-2.3196781667379067,0.05590708431680816,-0.15413700910595882,0.07858891215523983,0.9849190653592435
0,0.5235075199668899,0.851929361850436,0.012499558121211358,2.9502249355744934,-1.8604395379426384,-2.320607038604658,0.05779616201589369,-0.24034707070542705,0.13358594149997977,0.9614510293482891
0,0.5235075199668899,0.851929361850436,0.012499558121211358,2.9502249355744934,-1.8604395379426384,-2.320607038604658,0.05779616201589369,-0.24034707070542705,0.13358594149997977,0.9614510293482891
0,0.5171210590861411,0.8556963673741069,0.0192233480534859,2.934441426439326,-1.8509063356591222,-2.312053967476003,0.05812719329464923,-0.21715924209307008,0.10944457922958899,0.9699813130410408
0,0.8558400110797294,-0.517226546611861,-0.0038177104417818413,0.39298853137524603,-2.0160051184480445,-2.576618226432503,0.08016209333017332,-0.5157879059386941,-0.8539658364983241,0.06859435967405898
0,0.51532370981366,0.8568875395604946,0.013609505790023256,2.924499989469571,-1.8436975439746162,-2.3050771078734638,0.05826222795367094,-0.19070194310639157,0.09917502641859244,0.9766253544877473
0,0.5122260932299376,0.858612730962563,0.020214045646652152,2.9068133548932122,-1.8344292857558417,-2.2925119500103355,0.05981670566635776,-0.1754421439942547,0.08156639270864416,0.9811049779147992
0,0.5263691451646072,0.8499809563330645,0.021630924340165135,2.934594316640199,-1.8590089544073523,-2.302836027763269,0.059979253803765537,-0.17576092914854827,0.08388232796370743,0.9808526142281662
0,0.5234607736017131,0.8517973587892524,0.0207383234122154,2.9306144249290154,-1.8571461634403472,-2.3006789740917575,0.059841675991868286,-0.19719052414079763,0.09743048042506249,0.975511762446368
0,0.5234607736017131,0.8517973587892524,0.0207383234122154,2.9306144249290154,-1.8571461634403472,-2.3006789740917575,0.059841675991868286,-0.19719052414079763,0.09743048042506249,0.975511762446368
0,0.5221780183253985,0.8526859390300205,0.016025185061391018,2.9328316688193543,-1.8581516100366156,-2.3026970183928728,0.05813512194090774,-0.22256651107874784,0.1181105229977643,0.9677365615194189
0,0.5252973971534212,0.8506035623200909,0.023156517661596904,2.9328123669144253,-1.8579420229448553,-2.302098963047031,0.05757863082637647,-0.18394753392277022,0.08694414810379024,0.9790832548216916
0,0.5383170633439487,0.8422794067958123,0.02793098992949849,2.9633060802483353,-1.8818423124238068,-2.317347202606233,0.056409536759138026,-0.17914672370734233,0.08198489025547988,0.9804003922646717
0,0.8443140667433989,-0.5358483337090783,-0.0005656486788350492,0.3524854302173243,-2.032558828186035,-2.544891315987474,0.07635700494449726,-0.534502967070179,-0.8422680539760203,0.0699364242910858
0,0.5316027398223475,0.8465096232768717,0.02863537516817685,2.951138231887046,-1.8761167549584017,-2.310006666135637,0.057741446839175065,-0.21886312002031144,0.10462751780805042,0.9701298970809531
0,0.5325272788624283,0.8460363021104422,0.025244262252358637,2.9464594558632684,-1.8727914966822872,-2.3056044157969096,0.05855341689893927,-0.20286549399387666,0.09862195481272017,0.9742275408617528
0,0.8450033301373073,-0.5347602025549528,-0.0009475327152805074,0.35482141221854446,-2.036880425102634,-2.555215311394683,0.08245352060389748,-0.5330835255187958,-0.8424915148773939,0.07765308865747259
0,0.8450033301373073,-0.5347602025549528,-0.0009475327152805074,0.35482141221854446,-2.036880425102634,-2.555215311394683,0.08245352060389748,-0.5330835255187958,-0.8424915148773939,0.07765308865747259
0,0.8453281283733336,-0.5342446075249836,-0.0017477726720455575,0.35818334514448036,-2.0344329701305037,-2.5488857717955025,0.08491320658351464,-0.5323378716323323,-0.8425784664260881,0.08171853118491534
0,0.532876972707792,0.8461018595915903,0.012400610929778625,2.948359894419544,-1.873448938606885,-2.305627090790667,0.06074487417727882,-0.18962965370153498,0.10512168079186154,0.9762120807808773
0,0.5334647659964307,0.8455052989442902,0.02315454373335428,2.9465392066338834,-1.8722755763962269,-2.305292126408247,0.06005534455351176,-0.15691314783355848,0.07202890435047211,0.9849822845985782
0,0.8468908324980287,-0.5317651503308638,-0.0013201221116737915,0.36527637975921823,-2.0362238740424203,-2.5561875329928294,0.08218609015319721,-0.5301054696603037,-0.8444384973644732,0.07688832943340133
0,0.8468908324980287,-0.5317651503308638,-0.0013201221116737915,0.36527637975921823,-2.0362238740424203,-2.5561875329928294,0.08218609015319721,-0.5301054696603037,-0.8444384973644732,0.07688832943340133
0,0.5328118125500524,0.8459558630321576,0.021685253206853484,2.9437825045576904,-1.8705579354139168,-2.303195610774684,0.05878142729984189,-0.1625389296248713,0.07715685573742007,0.983680799836571
0,0.5306921512919031,0.8471656706262144,0.026003212640134523,2.97484361298149,-1.8936229141868774,-2.3269740146535334,0.0545973590790319,-0.18371364502747606,0.08502534835057736,0.9792956585049182
0,0.5306921512919031,0.8471656706262144,0.026003212640134523,2.97484361298149,-1.8936229141868774,-2.3269740146535334,0.0545973590790319,-0.18371364502747606,0.08502534835057736,0.9792956585049182
0,0.5306921512919031,0.8471656706262144,0.026003212640134523,2.97484361298149,-1.8936229141868774,-2.3269740146535334,0.0545973590790319,-0.18371364502747606,0.08502534835057736,0.9792956585049182
0,0.8483572393493592,-0.5294220785309482,0.0015023999149385702,0.37983878646926994,-2.032394102272945,-2.53906927054517,0.07862930346829217,-0.527707369086616,-0.8453743891182127,0.08286781542125295
0,0.532390911672986,0.8462581475216344,0.02017584990176477,2.961339806556733,-1.8850414423449733,-2.31477392983444,0.05627635382218428,-0.15165586788888002,0.07190543667402591,0.9858144378682979
0,0.5349478027163259,0.8447002719795588,0.01767198021258774,2.971259356677081,-1.892789432153028,-2.3200391664887228,0.057826343274699904,-0.1652106613357906,0.08406932102022874,0.9826687064530896
0,0.843068778842409,-0.5378027165700248,0.0018089193101977659,0.3537943380994231,-2.0890451673344996,-2.61668133503233,0.08628891988916226,-0.5361312135900234,-0.840173773933213,0.08167834111507845
0,0.8437935928521858,-0.5366649978712994,0.0017472033074793637,0.3585526628992688,-2.054758263032994,-2.5623030109669833,0.08061705311305209,-0.5350190912159246,-0.8409418302140982,0.08106423520054194
0,0.8437935928521858,-0.5366649978712994,0.0017472033074793637,0.3585526628992688,-2.054758263032994,-2.5623030109669833,0.08061705311305209,-0.5350190912159246,-0.8409418302140982,0.08106423520054194
0,0.5410127436704694,0.8406758240740099,0.023861475261091086,2.9764664185343577,-1.8983851610014295,-2.320543779980349,0.05905755958965546,-0.14871547248856043,0.06770290580074992,0.9865596914463104
0,0.5394746563794662,0.8416619453737672,0.023922057434568773,2.9707235727883,-1.8958297472914483,-2.3161389340964242,0.0599668200433152,-0.1640127668466378,0.0771746293713766,0.9834347405347755
0,0.5391614329001002,0.8419244043675151,0.021639006481713526,2.9671116112424043,-1.8939632771070516,-2.3128745051697828,0.06034626616463872,-0.1715347579461825,0.08462213422442696,0.9815370197876633
0,0.5436568027842805,0.8389826007826358,0.023355435521065875,2.966593517872773,-1.89259935696273,-2.3112204876734226,0.06014759237792704,-0.12757087630272357,0.05509760990851371,0.9902978970490266
0,0.5396325671420001,0.8415869738932448,0.022979509371300184,2.964224956434142,-1.891906630815519,-2.310713066619134,0.05985736227700331,-0.15655888533864745,0.07349335960711523,0.9849304754718373
0,0.5366530490651099,0.8434780719999379,0.023414674509560102,2.9630124133179723,-1.8917388203896504,-2.310901806757363,0.05936419160017134,-0.17821063069131302,0.08617407204929348,0.9802117120362558
0,0.533719701042383,0.8452344248613588,0.026870946141091995,2.9701245181496136,-1.8968767030180964,-2.318109815884405,0.06036875982979779,-0.1743529820363915,0.07889090478771867,0.9815178362081827
0,0.5348643976123437,0.8445252217161284,0.026405038347048687,2.9708509758277972,-1.8970300259667368,-2.3182152886581897,0.06037207302085784,-0.16673593175226384,0.07485963433453378,0.9831557171720076
0,0.5348643976123437,0.8445252217161284,0.026405038347048687,2.9708509758277972,-1.8970300259667368,-2.3182152886581897,0.06037207302085784,-0.16673593175226384,0.07485963433453378,0.9831557171720076
0,0.5355640407802454,0.844092610553315,0.026054232485826535,2.9710498885339773,-1.89698264383305,-2.3180737308693344,0.06043963999551098,-0.16167757627187507,0.07220316084036495,0.9841986917759608
0,0.5358587744597955,0.843909462791326,0.025926674366408053,2.971136128052815,-1.8969638839558824,-2.318019098318351,0.06043451535694609,-0.1596122562038861,0.07109981725830422,0.9846160386939372
0,0.53312336340025,0.8456220741977062,0.02651013059896342,2.9698372933708588,-1.8968108644422317,-2.3180612344816787,0.06037856465613544,-0.17899166049528234,0.08210951607727517,0.9804182846319714
0,0.8437255377061788,-0.5367678378837288,0.0027395682226458787,0.3623165517804101,-2.0736712838799654,-2.5840726097367557,0.08972201242563475,-0.5348166941663365,-0.8402011634764094,0.08962761032114591
0,0.8437255377061788,-0.5367678378837288,0.0027395682226458787,0.3623165517804101,-2.0736712838799654,-2.5840726097367557,0.08972201242563475,-0.5348166941663365,-0.8402011634764094,0.08962761032114591
0,0.8437255377061788,-0.5367678378837288,0.0027395682226458787,0.3623165517804101,-2.0736712838799654,-2.5840726097367557,0.08972201242563475,-0.5348166941663365,-0.8402011634764094,0.08962761032114591
0,0.531586219037853,0.8467323191351729,0.021458598719661503,2.9774302288687817,-1.9005595005338127,-2.324753080570189,0.06172711562370239,-0.1733560745806395,0.08396626432795434,0.9812733247463726
0,0.5278717388805106,0.8489683713827959,0.024579090318996015,2.974740532595124,-1.8993005772708795,-2.324786086799678,0.06169568074479889,-0.17866764931794205,0.08270696201238288,0.980427166861406
0,0.5278717388805106,0.8489683713827959,0.024579090318996015,2.974740532595124,-1.8993005772708795,-2.324786086799678,0.06169568074479889,-0.17866764931794205,0.08270696201238288,0.980427166861406
0,0.52820003604291,0.8488924792950402,0.019654020417932672,2.976571694709159,-1.8992632140779853,-2.3260767164517353,0.06147517176095095,-0.15100011083955964,0.07112792445088519,0.9859714929386902
0,0.853481230700625,-0.5211134935541085,0.003242788241422906,0.41245827499437426,-2.0364215275701008,-2.543234569174203,0.08493472004640634,-0.5192223071943343,-0.8498198455411022,0.09063346972443201
0,0.5183711057251228,0.8548910893499255,0.021274917095279285,2.9700166305997064,-1.8956986604237702,-2.3262043841524,0.06158332549770124,-0.16565607144046388,0.0759777551283668,0.9832524837083128
0,0.5166774659100012,0.8558316693794253,0.024424371149439874,2.9678586758626317,-1.8941211047184623,-2.3260570261258917,0.061589482972371504,-0.14970962248569708,0.062220581672297236,0.9867703016150977
0,0.8524547146676589,-0.5227800010153639,0.004693610258276393,0.40966581563825794,-2.038299143971602,-2.5393354699318116,0.08055632514836794,-0.5210152260535085,-0.8487671369487032,0.09020798996936202
0,0.8522258818866247,-0.5231474355795852,0.005273223593634814,0.4073657866899027,-2.059671992474348,-2.5757479761641635,0.08420751676031038,-0.5214387888278709,-0.8485359019819193,0.08993560224657154
0,0.852356264252811,-0.5229364107108738,0.005129243591483313,0.4074073090706767,-2.074766360621342,-2.6018225277420544,0.0867693830230532,-0.5212277731315398,-0.8486915578119176,0.08968973304184141
0,0.8537651029461621,-0.5206331267328128,0.005127995489834887,0.41459346382093815,-2.070090639256799,-2.597483386356422,0.08615195501374612,-0.5189382876267646,-0.8501033293298188,0.08959566448974543
0,0.5129578792975482,0.858001867942049,0.026589634681894115,2.9674083587532336,-1.8967479022801323,-2.3263185642821993,0.05750723404597227,-0.16925237001875928,0.07072347798918739,0.9830319551785415
0,0.8554830537110903,-0.5178213993959657,0.0031214001267952382,0.4265119398857665,-2.0155468465289372,-2.5057261343045107,0.07548468712446255,-0.5158740413659656,-0.8517113632219081,0.09198764700450143
0,0.8599694801390141,-0.5103371773332124,0.0029083773832126306,0.44976777973946885,-2.005937976145103,-2.4984663414790744,0.07474904251672998,-0.5083799657032716,-0.8561438851985645,0.09256056561326409
0,0.5056220119686479,0.8624666557953015,0.02230804007629747,2.9636752635315817,-1.8948166992771966,-2.326885861530828,0.05590969338155958,-0.17419155123749763,0.0767274630640043,0.9817179838870408
0,0.4985170618884501,0.8665039783173731,0.02552635039077874,2.956699978893362,-1.890607548729616,-2.326161163691296,0.05594391706870523,-0.157701275976943,0.06169514097194966,0.9855577188240653
0,0.8569750058776777,-0.5153337604446586,0.0049954624331575255,0.43188953047957696,-2.031825886357081,-2.5399644591497372,0.08108044044013256,-0.5133983920932745,-0.8528318733095245,0.09539332713249786
0,0.8569750058776777,-0.5153337604446586,0.0049954624331575255,0.43188953047957696,-2.031825886357081,-2.5399644591497372,0.08108044044013256,-0.5133983920932745,-0.8528318733095245,0.09539332713249786
0,0.8580588803347033,-0.5135244441497715,0.005253868805320617,0.4374730823628571,-2.0285755666563516,-2.5368595290574207,0.08085803188208215,-0.5116043128162501,-0.8538710211531654,0.0957356064411952
0,0.8580588803347033,-0.5135244441497715,0.005253868805320617,0.4374730823628571,-2.0285755666563516,-2.5368595290574207,0.08085803188208215,-0.5116043128162501,-0.8538710211531654,0.0957356064411952
0,0.8580588803347033,-0.5135244441497715,0.005253868805320617,0.4374730823628571,-2.0285755666563516,-2.5368595290574207,0.08085803188208215,-0.5116043128162501,-0.8538710211531654,0.0957356064411952
0,0.8580588803347033,-0.5135244441497715,0.005253868805320617,0.4374730823628571,-2.0285755666563516,-2.5368595290574207,0.08085803188208215,-0.5116043128162501,-0.8538710211531654,0.0957356064411952
0,0.532208662244799,0.8462144249025307,0.02598243476813931,2.979733846296136,-1.905028366373799,-2.324850798684761,0.056231593240231706,-0.1408565242482188,0.05824318584908869,0.9883153195599366
0,0.5338460332145808,0.8451531227434428,0.026918616904736823,2.971286301151351,-1.9015865115586528,-2.316331692478576,0.05658084409950312,-0.1618628224880724,0.07089225721745518,0.9842635391808482
0,0.8423692730064554,-0.5388915017936343,0.0031555010977028586,0.3599401892391084,-2.025886764427539,-2.4983751659435622,0.07967878257250766,-0.5364796888504626,-0.8380160770992322,0.09959215818589626
0,0.5446588143171313,0.8383286523899829,0.023491414743523623,2.965593311338419,-1.8988607732390907,-2.305433924364637,0.05743634296963677,-0.15506492280209672,0.0731382548719899,0.9851932122120309
0,0.836540296349599,-0.5479038968011503,0.0012854771253192484,0.3330421883196002,-2.005947719433055,-2.4546530118403065,0.07776169079701445,-0.5449680766355991,-0.8318106895402173,0.10536020222419942
0,0.8296279071247544,-0.5583163119645048,-0.0006568958468845219,0.2979220728008151,-2.0262381617179246,-2.477368637328606,0.08169990502466062,-0.5548522824343891,-0.8246102720755228,0.11025807844725555
0,0.5703329248584041,0.8212221337802011,0.017735890447098685,2.9718091632853416,-1.9030711930048352,-2.2983597225989265,0.05857456241845639,-0.14256641875152365,0.07770099379173452,0.9867306480525179
0,0.5703329248584041,0.8212221337802011,0.017735890447098685,2.9718091632853416,-1.9030711930048352,-2.2983597225989265,0.05857456241845639,-0.14256641875152365,0.07770099379173452,0.9867306480525179
0,0.5775556830263494,0.8161561255811889,0.01784969686773126,2.969835334625482,-1.90297344543355,-2.29344974223248,0.05887210725884639,-0.14697793452785202,0.08245180188975856,0.9856973100932449
0,0.5594748163591434,0.8285216212641046,0.02323473597445398,2.9724479488460447,-1.9096990701994485,-2.2998335366973173,0.062079389179423586,-0.13578168910479288,0.06396321431119874,0.9886718566424498
0,0.5594748163591434,0.8285216212641046,0.02323473597445398,2.9724479488460447,-1.9096990701994485,-2.2998335366973173,0.062079389179423586,-0.13578168910479288,0.06396321431119874,0.9886718566424498
0,0.5655189763226132,0.8244777765988502,0.020607845875787102,2.9734376811820926,-1.90998254871926,-2.2979239156028863,0.06215571006262594,-0.12162050087723451,0.05865480093522314,0.9908421004840376
0,0.5687014669392095,0.8222428562460944,0.022255939689336143,2.973752402660212,-1.9104678479398192,-2.2969459816900244,0.06204589203728718,-0.11924067803531038,0.05564040063336419,0.9913051026384551
0,-0.8213788141918934,0.5703680544321623,-0.004138366584613351,-0.26516961641397074,-2.1005990153970244,-2.559411396765693,0.09941436369462633,-0.5669584308457528,-0.8156318164443548,0.11533810166031058
0,0.5492853454370591,0.8352386654436535,0.02572899209054394,2.9790723538877586,-1.9126248706381,-2.3108255602553895,0.06200460116668834,-0.1185707806013402,0.047424598378729484,0.9918124204980522
0,0.5489488502884695,0.835473238716561,0.025290851180374163,2.9795898604220286,-1.9127539003855032,-2.3114440693646072,0.061834882996287636,-0.11649068958467156,0.046508155490319836,0.9921022682722663
0,0.5489488502884695,0.835473238716561,0.025290851180374163,2.9795898604220286,-1.9127539003855032,-2.3114440693646072,0.061834882996287636,-0.11649068958467156,0.046508155490319836,0.9921022682722663
0,0.5490798402229923,0.8353845934037928,0.025375384967980603,2.979663188209619,-1.9127906316540302,-2.311458795227412,0.061817860957143075,-0.11606313917653538,0.046147911824394344,0.9921691982503468
0,-0.8353108982215749,0.5497485687539565,-0.005675778646357648,-0.3325417155464476,-2.11542788683931,-2.6083141708408073,0.10241245969674721,-0.5468365162913527,-0.8297311716798962,0.11187496230633584
0,-0.8417405572556699,0.539855494971291,-0.005373901582352113,-0.3653318863336634,-2.095564316163254,-2.589671199708317,0.10073902154026475,-0.5368680195737074,-0.8359492037247416,0.11384927908852019
0,0.5403968492108114,0.8410266770075672,0.025404210726510643,2.9758657366332133,-1.910746797474084,-2.3125246187727253,0.06261591840702263,-0.1169155806066655,0.04515542671176188,0.9921147788677905
0,0.5391736574325461,0.8417991719532314,0.02580544957301127,2.975473241951304,-1.9108003329800118,-2.312704998365832,0.06251062577881675,-0.12452853826453351,0.04938191783252625,0.990986412291753
0,0.5391768490644323,0.8418837194139107,0.02280632405167577,2.9766069122303684,-1.9108494993822274,-2.313556775309347,0.06246876753778252,-0.11642527075337901,0.047689137379811564,0.9920538808471906
0,0.5341760345840553,0.845049759329522,0.023385216081350035,2.974488817397799,-1.910046020469745,-2.3142425051192608,0.06252085359741434,-0.12894107663094256,0.05410542156327489,0.9901751370907642
0,0.5214707443184131,0.852947880583224,0.023413154990012577,2.9691426066168978,-1.9075188796331828,-2.316536772691009,0.06226473567373485,-0.14912472744174726,0.06408538969959524,0.9867395190679634
0,0.5214707443184131,0.852947880583224,0.023413154990012577,2.9691426066168978,-1.9075188796331828,-2.316536772691009,0.06226473567373485,-0.14912472744174726,0.06408538969959524,0.9867395190679634
0,-0.8556312504343486,0.5175434008387387,-0.00663261083025358,-0.4356791472303435,-2.0766109283025007,-2.590096866868084,0.09747549715114855,-0.5149936225232616,-0.8499950838026217,0.11085993987794907
0,-0.8566538727122834,0.5158363133192442,-0.007552498014403478,-0.4405702344928125,-2.0874234718684757,-2.6110529723905596,0.09973223603645107,-0.513417492983984,-0.8510221366621036,0.11028962239081437
0,0.859661461046251,-0.5108178975717483,0.0068737115304608794,0.4574232926386095,-2.0508955001642226,-2.5547630426485193,0.09221266316157947,-0.5083716037557215,-0.8540621645959677,0.11016411166294658
0,0.5261666482264165,0.8500402076979169,0.024089491257827035,2.9730535844206387,-1.908937066971441,-2.3176888940029685,0.062026325269261606,-0.12191045546961582,0.04736557883582174,0.9914102797463512
0,0.5261666482264165,0.8500402076979169,0.024089491257827035,2.9730535844206387,-1.908937066971441,-2.3176888940029685,0.062026325269261606,-0.12191045546961582,0.04736557883582174,0.9914102797463512
0,0.8524338748662135,-0.5228009415429824,0.005971976251127759,0.41967175718147826,-2.0674478517871817,-2.567179260429903,0.09495880678034417,-0.5201735583200533,-0.8468881819890431,0.11045305079511179
0,0.8599965635948066,-0.5102529779643882,0.006914411153356117,0.45946565553398544,-2.041602315986986,-2.5392817981741196,0.09100139100120588,-0.5077800237412519,-0.8543265787019217,0.11084017507566003
0,0.5053128515253971,0.8626062289806007,0.0238624350211713,2.964735870050675,-1.9047556232404526,-2.3228686545005277,0.06213095447380187,-0.13404489174464487,0.05114621105807958,0.9896545013738729
0,0.5148779792540377,0.8570294517783211,0.020029609627480457,2.9681145915784355,-1.9061074069537924,-2.3195864311824472,0.06250874815323311,-0.12180396138858286,0.05000873002067755,0.9912935599053226
0,0.5115930350071902,0.8589112350566401,0.023325025693640304,2.96561468213462,-1.9053430524481312,-2.319581973628814,0.0626181767604756,-0.12960582636653323,0.05030429895086651,0.9902887494447818
0,0.5082626177175499,0.8609751830876962,0.019769813757634987,2.9650347052300194,-1.9047927069058825,-2.3207885679806073,0.06280202896285604,-0.13059205879709318,0.054361658821169355,0.9899447076616691
0,0.5082626177175499,0.8609751830876962,0.019769813757634987,2.9650347052300194,-1.9047927069058825,-2.3207885679806073,0.06280202896285604,-0.13059205879709318,0.054361658821169355,0.9899447076616691
0,0.49734554925680385,0.8672512494561145,0.02286208540917589,2.959359732160995,-1.9023386389917387,-2.3230528340434153,0.06256629576485256,-0.13666918086743368,0.05229837105160366,0.9892352679642864
0,0.854770371659042,-0.5189606362788877,0.006889827637564105,0.4308241992014103,-2.0502586841865136,-2.5455604852727935,0.09151014908911731,-0.5165109698414099,-0.8492854449084636,0.10922751987534583
0,0.8577761502171134,-0.5139797573070736,0.0066996414284666165,0.44671785947750037,-2.0382584830067025,-2.531328752225358,0.08954471617048698,-0.511537831319724,-0.852275607216164,0.10934046127135501
0,0.5102651499217801,0.8596868539245058,0.02383253999657779,2.966093831538212,-1.9052560937604421,-2.3210659596057264,0.06217748291911711,-0.13106932166209037,0.05034816436504343,0.9900938820445816
0,0.508797382131396,0.8606064628138955,0.02194857847772627,2.9657899797272567,-1.9044584155103894,-2.321817976470272,0.06219229603950117,-0.11863183072264594,0.04483839478654991,0.9919254039948564
0,0.508797382131396,0.8606064628138955,0.02194857847772627,2.9657899797272567,-1.9044584155103894,-2.321817976470272,0.06219229603950117,-0.11863183072264594,0.04483839478654991,0.9919254039948564
0,0.5191661406252398,0.8544287197356456,0.020447036880671145,2.9637859736693555,-1.9053322798291012,-2.3125106832598545,0.062286537573251394,-0.13221550042216468,0.05665471026223603,0.9896005786433326
0,0.5141200273936686,0.8574754440580128,0.020407358188830726,2.9615138482727508,-1.9040093590991356,-2.313650403228154,0.06242368445598608,-0.13064679827773698,0.05477310146873962,0.9899148051490447
0,0.8629187519061865,-0.5052815238127742,0.007861889092986876,0.4754876284441983,-2.011161730689463,-2.492287836895725,0.0857994903192158,-0.5028956649586998,-0.8571071470289496,0.11163910012017329
0,0.871118861807485,-0.4909750827342129,0.009767125235430264,0.5186770509277197,-2.0074707381965804,-2.5036489462089815,0.08593369280166102,-0.4889461661105802,-0.8653270901922175,0.11018472499958742
0,0.479726888626917,0.8771179387807271,0.022939786297752677,2.944854667599785,-1.8969222664983971,-2.321547010693594,0.061922027445988057,-0.15824093353923477,0.060772461842987464,0.9855285459245583
0,0.49250206207790437,0.8698910575688401,0.02704194535859247,2.957728053297287,-1.9035031329301968,-2.324308110080384,0.06086858080722108,-0.1498399711340449,0.054144673505953075,0.9872265886712546
0,0.4843413939770704,0.8744908720902269,0.026060098027875855,2.953469625468184,-1.901470003625334,-2.326036411081773,0.060959722105320385,-0.15171151503983218,0.05461586057461907,0.9869147501056069
0,0.47341499700985545,0.8805139170483819,0.023947494404928785,2.947579857992698,-1.89907591139037,-2.328177513533359,0.06112793765102976,-0.16289052321481096,0.060796381976205266,0.9847692508315887
0,0.46180507370046703,0.8866104365662785,0.025651660263207185,2.9402346826198302,-1.8963110081697125,-2.330309652343703,0.06113524231816292,-0.16952593239797545,0.059839368027295156,0.9837073793952605
0,0.45285770282749127,0.8911754166644811,0.02694954026873454,2.9350934936175164,-1.8936338354946762,-2.3330891129725835,0.06103397213158977,-0.15225555371632793,0.04751652699641195,0.9871982708770987
0,0.4861034175553038,0.8735206505238066,0.025790318872002303,2.955085706714634,-1.9021254901523719,-2.3262707800438354,0.061633970242639294,-0.16705208880424838,0.06391395525655116,0.983874283609243
0,0.8808392319140027,-0.4732650201096143,0.011936006861429914,0.5723064497469958,-1.9569817433596737,-2.4311926280027873,0.07384529615408733,-0.4717968320265644,-0.8754653131015026,0.10472934089254066
0,0.887110936962185,-0.4613686093505789,0.013160236547544226,0.6069209718858155,-1.9535356165870836,-2.4386284685082464,0.07410308255837011,-0.4601159580425637,-0.8817323551454586,0.1041218470937624
0,0.489366066447911,0.8717031780954834,0.025581679099172177,2.9584329407636774,-1.9052445555964461,-2.3260784340292813,0.06172606834843504,-0.14468917353114846,0.05222967411591614,0.9880977199663089
0,0.47576888034542086,0.8792427713883799,0.02400253016133441,2.952236771587412,-1.9023620622410695,-2.3299970094829385,0.06169869222493268,-0.15000749912042535,0.0542212879965804,0.9871969419186971
0,0.47576888034542086,0.8792427713883799,0.02400253016133441,2.952236771587412,-1.9023620622410695,-2.3299970094829385,0.06169869222493268,-0.15000749912042535,0.0542212879965804,0.9871969419186971
0,0.47576888034542086,0.8792427713883799,0.02400253016133441,2.952236771587412,-1.9023620622410695,-2.3299970094829385,0.06169869222493268,-0.15000749912042535,0.0542212879965804,0.9871969419186971
0,0.44784421673806607,0.8936922496322183,0.027381024078238975,2.9367365671306325,-1.8956798898824045,-2.3379931694020533,0.061322889996364406,-0.14460287930976795,0.042174407215746994,0.9885905758550023
0,0.4874062809699149,0.8726536123590484,0.03017929929239951,2.9611119714657534,-1.903615698339212,-2.332163809403079,0.06274000360315052,-0.12371905497401395,0.034804680754418955,0.9917067256159554
0,0.47617909307934386,0.8788145565001397,0.03063407572616577,2.95580962008873,-1.900109376046814,-2.3360306206502286,0.06269009789763844,-0.10011846903667415,0.019571892224739384,0.9947830080929689
0,0.47617909307934386,0.8788145565001397,0.03063407572616577,2.95580962008873,-1.900109376046814,-2.3360306206502286,0.06269009789763844,-0.10011846903667415,0.019571892224739384,0.9947830080929689
0,0.47617909307934386,0.8788145565001397,0.03063407572616577,2.95580962008873,-1.900109376046814,-2.3360306206502286,0.06269009789763844,-0.10011846903667415,0.019571892224739384,0.9947830080929689
0,0.5304186016293795,0.847219555024513,0.029582640646157583,2.9821453891603813,-1.9138672151763274,-2.3239083112104937,0.06307578088114069,-0.09869580537627709,0.027056465169514713,0.994749760337573
0,0.5304186016293795,0.847219555024513,0.029582640646157583,2.9821453891603813,-1.9138672151763274,-2.3239083112104937,0.06307578088114069,-0.09869580537627709,0.027056465169514713,0.994749760337573
0,0.5304186016293795,0.847219555024513,0.029582640646157583,2.9821453891603813,-1.9138672151763274,-2.3239083112104937,0.06307578088114069,-0.09869580537627709,0.027056465169514713,0.994749760337573
0,0.5304186016293795,0.847219555024513,0.029582640646157583,2.9821453891603813,-1.9138672151763274,-2.3239083112104937,0.06307578088114069,-0.09869580537627709,0.027056465169514713,0.994749760337573
0,0.5304186016293795,0.847219555024513,0.029582640646157583,2.9821453891603813,-1.9138672151763274,-2.3239083112104937,0.06307578088114069,-0.09869580537627709,0.027056465169514713,0.994749760337573
0,0.5304186016293795,0.847219555024513,0.029582640646157583,2.9821453891603813,-1.9138672151763274,-2.3239083112104937,0.06307578088114069,-0.09869580537627709,0.027056465169514713,0.994749760337573
0,0.5304186016293795,0.847219555024513,0.029582640646157583,2.9821453891603813,-1.9138672151763274,-2.3239083112104937,0.06307578088114069,-0.09869580537627709,0.027056465169514713,0.994749760337573
0,0.5304186016293795,0.847219555024513,0.029582640646157583,2.9821453891603813,-1.9138672151763274,-2.3239083112104937,0.06307578088114069,-0.09869580537627709,0.027056465169514713,0.994749760337573
0,0.5304186016293795,0.847219555024513,0.029582640646157583,2.9821453891603813,-1.9138672151763274,-2.3239083112104937,0.06307578088114069,-0.09869580537627709,0.027056465169514713,0.994749760337573
0,0.5695520824126863,0.8214294548215472,0.02939517254497003,2.993082250500981,-1.9218278298635862,-2.3134368118169544,0.06204866219400364,-0.09623921234136007,0.03112723446429975,0.9948714033886586
0,0.5695520824126863,0.8214294548215472,0.02939517254497003,2.993082250500981,-1.9218278298635862,-2.3134368118169544,0.06204866219400364,-0.09623921234136007,0.03112723446429975,0.9948714033886586
0,0.5695520824126863,0.8214294548215472,0.02939517254497003,2.993082250500981,-1.9218278298635862,-2.3134368118169544,0.06204866219400364,-0.09623921234136007,0.03112723446429975,0.9948714033886586
0,0.5695520824126863,0.8214294548215472,0.02939517254497003,2.993082250500981,-1.9218278298635862,-2.3134368118169544,0.06204866219400364,-0.09623921234136007,0.03112723446429975,0.9948714033886586
0,0.5695520824126863,0.8214294548215472,0.02939517254497003,2.993082250500981,-1.9218278298635862,-2.3134368118169544,0.06204866219400364,-0.09623921234136007,0.03112723446429975,0.9948714033886586
0,0.6576414491430859,0.7527700578698838,0.02906827035711076,2.985541486484924,-1.9254874784718181,-2.2863745777999447,0.06375379009751111,-0.08870941710987988,0.03906584315121247,0.9952911630336674
0,0.6576414491430859,0.7527700578698838,0.02906827035711076,2.985541486484924,-1.9254874784718181,-2.2863745777999447,0.06375379009751111,-0.08870941710987988,0.03906584315121247,0.9952911630336674
0,0.6576414491430859,0.7527700578698838,0.02906827035711076,2.985541486484924,-1.9254874784718181,-2.2863745777999447,0.06375379009751111,-0.08870941710987988,0.03906584315121247,0.9952911630336674
0,0.6576414491430859,0.7527700578698838,0.02906827035711076,2.985541486484924,-1.9254874784718181,-2.2863745777999447,0.06375379009751111,-0.08870941710987988,0.03906584315121247,0.9952911630336674
