timestamp,dist_error_mm,angle_error_deg,est_dist_param_m,gt_center_dist_m,visible_gt_tags
1766222460262927312,2.037754977749051,3.2314331113057944,1.0054140488936627,1.0045735265792797,4
1766222460283619073,0.17569693293317812,3.5647257944186257,1.0032056197768129,1.0046674086312428,4
1766222460309498965,0.5566392491194172,3.2372828962647078,1.004000579911958,1.0045015463444407,4
1766222460385184708,0.04540319016932415,3.5820192579561034,1.003210202917243,1.0045293413257186,4
1766222460412256070,1.9881105210326488,3.0974172281107406,1.005376065615239,1.0045603384898913,4
1766222460457715723,2.8465302500064738,3.3697285669984725,1.0059211339000103,1.0045851931352814,4
1766222460483886121,1.5327754324616638,3.3639677855301966,1.0047426079234878,1.0044311728610285,4
1766222460557432082,0.7912177264339793,3.48883138090914,1.0038421639360848,1.0043476860860172,4
1766222460610118658,0.251208694630245,3.4327916029951346,1.0035265033271488,1.0045457833025704,4
1766222460657343829,1.2664806990791977,3.025560527073928,1.004882242568157,1.0045978786075387,4
1766222460680572358,10.133807071843304,5.126791659318651,1.00777625204966,1.0045977702839897,4
1766222460705542791,0.0032696411000898706,3.2987410806583504,1.0035617061661803,1.0046210631868009,4
1766222460758303696,0.994963430134943,3.20938312939691,1.0044544121289143,1.0045834274835683,4
1766222460780544579,2.2401370483455807,2.9362666903780195,1.005797526255328,1.0045916457930866,4
1766222460805549446,1.4805168606137897,2.895601168979414,1.0051955893084001,1.0045865411374924,4
1766222460880542147,0.3985557716361665,3.286170848090336,1.0036940832468824,1.0043730964779825,4
1766222460905537546,0.7892541939955589,3.329021780614089,1.0041391315195483,1.0045108535055187,4
1766222461005545404,1.5682393261655658,2.9865094540934254,1.0050917877243357,1.0045484841791943,4
1766222461080549967,0.3837141134002131,3.2974560335847314,1.0038272523999454,1.0045464217738536,4
1766222461105539265,1.3281991755822453,3.011844842103295,1.0049349978839694,1.004623771076013,4
1766222461157404327,0.718569835038041,3.036137607534034,1.004442937232281,1.0046500603646644,4
1766222461180535743,0.4894861990019095,3.211448974495488,1.0041523014766027,1.0046949770276334,4
1766222461205544638,0.6102450845200114,3.2294671540745967,1.0040506267128626,1.004487211139234,4
1766222461257648359,0.7352829824491813,2.933831664341548,1.004341176230184,1.004449054869461,4
1766222461280545033,0.46685019149794726,3.1921285671437483,1.0039665802623392,1.0044973481198651,4
1766222461305557956,0.04711455208927795,3.1028986502936444,1.003524257916332,1.0045154279531245,4
1766222461358026973,1.2213155619626992,3.4751627732183423,1.0022700803845188,1.004546420103202,4
1766222461380545397,1.153020098305868,3.135842806120192,1.0046909184236026,1.0046163292577643,4
1766222461405540746,0.14623506396493902,3.2710256297907807,1.003290552287601,1.0043929541282053,4
1766222461457478244,0.6448449228142472,3.300786224270553,1.0040796414128599,1.0045452750620585,4
1766222461480547714,0.5968361684773882,3.2060947166288627,1.0040754837339905,1.0045658859389748,4
1766222461505552251,0.4981695618917481,3.593759122973874,1.0036023771379414,1.0045145595867426,4
1766222461557885362,0.5315847585118938,3.627119849777752,1.0027094393208038,1.00455849905541,4
1766222461580547727,1.2706882932957964,3.016135502931254,1.0048574009101585,1.0046086671207757,4
1766222461605542846,0.40216827006500644,3.232697967856919,1.0033862401860247,1.0047749365995218,4
1766222461680775598,0.5838628101859644,3.034727766982749,1.0044204429760466,1.004732113268724,4
1766222461706036717,2.0411260539521248,3.2081990696616476,1.0053803170409397,1.004561631171599,4
1766222461780525029,1.126561812033744,3.329435830094208,1.004516589933904,1.004606578217072,4
1766222461805543432,0.9870941407892353,3.215170455524686,1.0044389051106042,1.0045151706740834,4
1766222461857357749,1.8038553835246773,4.075878910192139,1.001084741423773,1.00454225524762,4
1766222461880540752,0.5466364919275435,3.313318305752102,1.0038721319023733,1.0045086698914434,4
1766222462105863702,2.6810269541059917,3.3489063324079384,1.0056851937448725,1.0044058231107527,4
1766222462161773857,0.7473232850867539,3.1937486620917994,1.0041838942763444,1.0045146388862738,4
1766222462205546779,0.05710078251941475,3.090650822803129,1.0037197171539853,1.0045546333385935,4
1766222462257621916,0.3062972224081584,3.3133029310397615,1.0036213329301134,1.0044855961130819,4
1766222462280548046,9.836222665883799,5.006325839338499,1.0076211274052063,1.0045485361419402,4
1766222462360823806,0.08720780772053516,3.57238367997852,1.0031059834477745,1.0045089724060896,4
1766222462405550161,0.9672017251223242,3.1502919204739186,1.0045018851321525,1.0045801764924993,4
1766222462458491525,0.13272836684707912,3.198756202910913,1.0037476009679198,1.0045877967696737,4
1766222462505542369,9.415031678648322,4.966935900298392,1.0075118291637668,1.0046847007211126,4
1766222462580544257,0.6451924280965748,3.096767151807464,1.0042475552841126,1.004537968015435,4
1766222462605543383,0.014928127353375231,3.285772994168405,1.003708241201263,1.0047310759484651,4
1766222462658838202,1.6665874043537698,3.3457822972794142,1.0049798521447182,1.0045940462004326,4
1766222462680841157,0.8359903472716645,3.0752374764673345,1.004464333348146,1.004568603216295,4
1766222462705546011,0.668596317068948,3.2889169357669563,1.0040029333402996,1.0044622379006072,4
1766222462805553948,0.1881043938574134,3.225635851828654,1.0037570347487237,1.004601381040282,4
1766222462858069863,0.40078373375007637,3.2795304224734005,1.0030098932560905,1.0044298796340951,4
1766222462880798392,0.5915946241823455,3.150380763961602,1.0040911811051494,1.004493681322901,4
1766222462905556064,0.7491986009366958,3.1644543629829336,1.0042884413304847,1.004596080917697,4
1766222462960957282,0.9607491390075662,3.099970256037074,1.004644510394768,1.0046590421107795,4
1766222462983243750,0.2584998022003848,3.177862299556919,1.0033911021993627,1.0045923962283425,4
1766222463081290792,1.2446012277722573,3.107469561353069,1.0047525297129771,1.0045840196078695,4
1766222463105554296,0.8640572962554938,3.1669087032077723,1.0044222298292338,1.0046303709999147,4
1766222463205561482,1.5533316712856848,3.54469433427629,1.0046062488582275,1.0045073205816282,4
1766222463259373323,0.11641264637840543,3.160812752787013,1.0037473163137332,1.0046128537217294,4
1766222463280621810,1.4735480876608698,3.1406169379349307,1.0050159575382773,1.0046214967561515,4
1766222463305566604,0.8956845022465298,3.112578803936776,1.0043826238768936,1.0044748909847139,4
1766222463358153062,1.610452469057,3.0139826837263253,1.0053251734639808,1.0046448411068267,4
1766222463405554554,9.386224370854567,4.913274640471609,1.0073647477204575,1.0045646028696704,4
1766222463459428531,0.8551497545117304,3.120426828039108,1.0042777788645554,1.0043921808072152,4
1766222463481309668,0.07153299291462467,3.2946215920930837,1.0033906565004898,1.0043560829635632,4
1766222463505563854,0.17677626371459532,3.341047131459308,1.0038240098748732,1.0047726719853014,4
1766222463559104916,1.3858197255787186,3.122883303256754,1.004749773773566,1.0044604489251157,4
1766222463581679134,0.13354018667199874,3.135387008704999,1.0036630448078527,1.0044754378912806,4
1766222463605556292,1.665127458513549,3.058803134986773,1.0052566683184279,1.0046701927214352,4
1766222463681223460,0.9972636616613073,3.127369157478785,1.0044431990625862,1.0045552666081372,4
1766222463705555563,0.17618612705261327,3.0885757263791973,1.0038301253407902,1.0045747916953651,4
1766222463759035880,1.867913777926944,2.9945110063713773,1.0053113896644779,1.0044393059988814,4
1766222463858171187,9.983723949496092,4.918656686928313,1.0079076154380175,1.0044376403124335,4
1766222463958528431,0.400026589693514,3.397482196274758,1.0036166869853005,1.0044384632214396,4
1766222463981279282,0.4093768700625944,3.2765557571508785,1.0037465504156233,1.0044449043330592,4
1766222464081357491,0.41194393101351423,3.1735663418787268,1.0040486632952743,1.0046773347834048,4
1766222464105566903,1.060135017475483,3.064781150823203,1.0045472135705689,1.0044562818612532,4
1766222464158626741,0.9164550792586379,3.121599770137927,1.0046026637083325,1.0047057294854915,4
1766222464182404401,0.34195867052355666,3.271953222863225,1.0033695554255104,1.00471995705868,4
1766222464205559311,0.5040403744749344,2.9559795775409214,1.004276102972383,1.0046126013658627,4
1766222464261284438,0.5047241724478457,3.4851542251398957,1.0038182324999991,1.00460414159385,4
1766222464306037102,0.5997256287542108,3.956858314355956,1.0024364072768661,1.0046591937121598,4
1766222464361606536,0.9012727430808276,3.210428928766016,1.0044179112105203,1.0045774582847098,4
1766222464405663502,0.36295466241109686,3.177290360694397,1.0038523276388418,1.0045289208684716,4
1766222464459203522,0.23854774912002163,3.719732671936291,1.002861830763225,1.004538724420457,4
1766222464481932030,0.3990682587902139,3.363758356448688,1.0030999483089782,1.004600139753661,4
1766222464505563226,0.5403877768068721,3.0212675451374036,1.0043009776942176,1.0046622486925538,4
1766222464563065422,1.7395472331369621,3.4108131934793118,1.0048710465053559,1.004492407810752,4
1766222464581590411,0.9950877732631813,3.1664205971489534,1.0044687398549446,1.0045408266230484,4
1766222464605566394,0.35259611750704245,3.2402035139037686,1.0032388520469622,1.0045748120240845,4
1766222464658874768,1.8595614454361975,2.9686221488346036,1.00551555181047,1.0046649540864003,4
1766222464681852515,1.0578274530526066,3.1748576084368763,1.0045600598047895,1.0045656405674621,4
1766222464705562358,9.930294647507388,4.963125675763088,1.0078034472885378,1.0045607892674195,4
1766222464758455813,1.435158775465517,3.2181706779846486,1.0048172092618228,1.0044665258334973,4
1766222464805557541,1.0269714843322841,3.3665504326853575,1.0025616047618708,1.0045750050853857,4
1766222464861598862,2.1175711296059774,3.361506619835607,1.0052134617106394,1.0045319829983523,4
1766222464885159725,0.9731933553589478,3.1879657507226833,1.0044239797561,1.0045516822778828,4
1766222464905559046,0.12727496021391893,3.482567528779881,1.0031598544023612,1.0044588283980118,4
1766222464959459473,0.7665076051319719,2.9470736220893,1.0044071780068409,1.0045315760560527,4
1766222464982029574,0.7473808050777464,3.0888373799050117,1.0042966209012816,1.0045640448991373,4
1766222465005555812,0.31893229139368096,3.2820478839739717,1.0038949495360139,1.004675719219796,4
1766222465059988390,0.9218726965150026,3.005075331461885,1.0046359854909457,1.0046200741053959,4
1766222465081191301,0.43163813480595614,3.17824002495537,1.003994674904916,1.004535932235411,4
1766222465105577716,0.4088422566042027,3.680550302932449,1.0036225315543783,1.004667824976825,4
1766222465181893894,0.23370862657356994,3.3619363732516105,1.0036479931952926,1.004552548047562,4
1766222465205552350,0.19220807985620425,3.1545216496766733,1.003532055761981,1.004594976460466,4
1766222465259944071,1.0528602815438326,3.167512413459008,1.0046651012782184,1.0046560713635095,4
1766222465281641652,1.2068702785139607,3.229297978913643,1.004746368616389,1.004642425235871,4
1766222465359502443,0.7151212274016938,3.0189828162035957,1.0044120535125487,1.004619466128225,4
1766222465381888438,0.39672671827784,3.194989629534551,1.0039206726156158,1.0045113886776096,4
1766222465405562012,0.8486693399167855,3.187374560551439,1.0044059487251147,1.0046384698081243,4
1766222465481664779,0.25096207003016957,3.40619828503104,1.0032262734901,1.0045951914135072,4
1766222465505564529,1.3317562321855103,3.0131525827067227,1.0048709543519547,1.0045245260291646,4
1766222465581495333,0.07201511949306294,3.324545035044005,1.0034021279753937,1.0045168546786776,4
1766222465605575362,1.431001617510974,3.154100764094915,1.0047762472991921,1.0044302128024738,4
1766222465662568311,0.6371333580179606,3.452473248861735,1.0027540129136199,1.0044695317902175,4
1766222465685244532,1.4980975675245034,3.119026304058196,1.004890920455802,1.0044827298360999,4
1766222465705569833,1.7004078848190662,3.490091280448665,1.0048346577517153,1.004603252486052,4
1766222465759884409,1.9845064124826006,3.3110818644667597,1.0052821138626808,1.0046214974429883,4
1766222465781550551,0.42453659438890234,3.1697517793678625,1.0041191097938786,1.0047039176930905,4
1766222465859873951,1.4515671167758537,3.40372466988074,1.0046721201568172,1.004573433774976,4
1766222465882501380,0.7070381159641759,3.266019968800391,1.0040801059314717,1.0044708016170267,4
1766222465905557855,1.284956726291142,3.0230976886556116,1.0048350443616643,1.0045538788797739,4
1766222465982522562,0.5422327566531049,3.352473481537162,1.003916182794836,1.0045080543247147,4
1766222466005579247,1.1007068246124962,3.080885693294087,1.0047587658397852,1.0045699226673306,4
1766222466060268977,1.2360170341643162,3.045912163622304,1.0048143471030158,1.0046108973224328,4
1766222466081999681,0.7059091853405253,3.2210732953446186,1.0030231941313423,1.0046422371326829,4
1766222466160355051,3.127279991594234,3.4042920529970466,1.0059035118166888,1.0043832131265533,4
1766222466182446302,2.487307030593522,3.0362295132399137,1.0057615098209132,1.0044755676549721,4
1766222466282218346,0.7275684266563331,3.2007152602880975,1.002929131446512,1.004541126802409,4
1766222466305564215,1.1661556800366402,3.529476365568194,1.0042954005274445,1.0045235838582542,4
1766222466363702336,0.8945803913449346,3.3121500054451034,1.0029236981633887,1.0047804360225054,4
1766222466405585567,0.6701325529765434,3.5354430527215643,1.0038988043186945,1.0045642625482374,4
1766222466505567675,0.9508661603192525,3.099835010570764,1.0043588686826557,1.0044277994010138,4
1766222466560037712,0.005542774934141903,3.2159897380190934,1.0034695040505077,1.0044490160453223,4
1766222466582306166,0.7713503374060515,3.245236407223725,1.0041381880894036,1.0045076588630095,4
1766222466605578988,0.15334303416514317,3.302493076234145,1.0031672291835136,1.0044144305201113,4
1766222466630595868,1.6185575474789715,3.4779202337719366,1.0047849320236426,1.0045799709590904,4
1766222466684489171,0.4978616115343115,3.2546099388203698,1.0039176271540806,1.0045183805546547,4
1766222466705573019,1.0765975366651137,3.5385259535517806,1.004076877125986,1.0043803469387513,4
1766222466760916478,0.020938901983402758,3.670634708672655,1.0031574546813344,1.0045312802420236,4
1766222466782847057,0.546244466471002,3.4537978948178907,1.0028259461540743,1.0044881303587254,4
1766222466860126715,0.6197705946573429,3.279573299993089,1.0030641507714981,1.0046595721337508,4
1766222466884142443,1.318797829398699,3.396016692813074,1.0023256995997543,1.0046138095647317,4
1766222466960122178,10.242393467655319,4.864324350020563,1.0083214526528335,1.0046076523573557,4
1766222467083069630,0.8242946638736814,3.267094258076286,1.0042778147051785,1.0045555563976716,4
1766222467160698736,0.7195758231333116,3.2798360627243692,1.0041339297743082,1.0045994846827273,4
1766222467182977789,0.6736744860260657,3.309114760436825,1.0028820884986231,1.0046088198616805,4
1766222467261864679,1.0667990057975363,3.3184936027338026,1.0025087853871406,1.004554733819772,4
1766222467305843888,1.7430327090361963,3.501301701702101,1.0049579656368004,1.0046351899347914,4
1766222467360766837,0.46413080399498874,3.3859661405049675,1.003121324862629,1.0046624311851318,4
1766222467382494024,0.3856875683014849,3.225358746450201,1.0033627875522466,1.0046791427008377,4
1766222467405852176,0.534124831419458,3.638848126936046,1.0036739461544484,1.0045714088346187,4
1766222467482930526,1.866681324945274,3.1134946355585083,1.0052282410583622,1.004509964104889,4
1766222467505576399,0.38636656459400953,3.3569315304064333,1.0030993706021447,1.0044954398867125,4
1766222467605581100,0.897825257265783,3.1349167516342487,1.0042853381105172,1.0044858804657402,4
1766222467660436421,0.35340730472799287,3.360783730250717,1.0031178566152068,1.0045495656539267,4
1766222467683652346,0.538683758164682,3.282709443030365,1.0039603527218197,1.0045254329621816,4
1766222467782940410,0.5176796878514356,3.241914764554289,1.0040654876918307,1.0046126865551492,4
1766222467805580762,0.6918236787172294,3.173741700987153,1.0042277045731356,1.0045255597037206,4
1766222467863250664,0.5426038621885176,3.3846731322548282,1.002729606517619,1.0043334052539794,4
1766222467886869766,1.3027441059838551,3.1421572156098097,1.004678696788673,1.0045092474832846,4
1766222468061809849,0.6817960969169867,3.208376940299883,1.0041342738999905,1.0044608709479004,4
1766222468161432822,0.113093309668022,3.2781973405642786,1.0033212198113413,1.0044428129949685,4
1766222468183401633,0.035066447606535434,3.366036594626866,1.0033851371066007,1.0044605216885112,4
1766222468283140564,0.7125917344688038,3.1541575187689506,1.0041959887594818,1.0045183191730434,4
1766222468305567245,9.784046523570122,5.224353928898407,1.007022870885199,1.004570208082039,4
1766222468360522815,1.368219929669845,3.238696748783782,1.0047384032050641,1.0044886318257786,4
1766222468405579740,1.4904303411784614,3.1926304032598685,1.0049046060502902,1.0045442379212852,4
1766222468462231558,0.25521200307587755,3.7065088114079763,1.0033335952112576,1.0045196193158357,4
1766222468462231558,1.3534431682007408,3.080109435130914,1.0048252305668153,1.0045071746975551,4
1766222468505590232,1.319428022332314,3.464844676047496,1.0045057115768727,1.004573893140269,4
1766222468560655548,1.1748664154465072,3.121797680877124,1.0049272457915406,1.004786083912771,4
1766222468583482401,0.523703488906957,3.08965049741381,1.0043096124139124,1.0047953516679238,4
1766222468683252601,1.1634643909470554,3.031409515795107,1.0048340422025834,1.0045719112567986,4
1766222468705579915,0.10200273547344985,3.3560441671463193,1.0034934694252502,1.0045310341672506,4
1766222468760776317,0.03922425954239195,3.400134627581092,1.0032910782610593,1.0043901845210994,4
1766222468783680456,0.7541814108440459,3.174201782672839,1.0041683662511414,1.0044461911086717,4
1766222468805588312,0.017761561494689104,3.2518536717017126,1.0034272520070777,1.0044834900693784,4
1766222468883765568,0.7788772600043625,3.1793867509150866,1.0042177914261685,1.0045642822289076,4
1766222468905579467,0.11898737208948518,3.2432527637427317,1.0033366460348772,1.0044394528053688,4
1766222468983304883,1.3026582805277798,3.1421787884742574,1.0046833331365637,1.0044712936012654,4
1766222469005574880,0.029729067944739285,3.214510599699784,1.00361140668189,1.0046458090566983,4
1766222469085611290,0.14105093683580705,3.237039222709333,1.0036331889692216,1.0044811506480233,4
1766222469161524840,1.915160319993614,3.4856023304993875,1.0049639472168665,1.004528001620987,4
1766222469182961300,0.9837063386188838,3.2553651498644536,1.0043603760218343,1.0045143598383317,4
1766222469205591464,0.6704378498165742,3.214442770646184,1.0040711662496151,1.0044884151407432,4
1766222469255586200,0.4865872735677623,3.34564494423769,1.003891526487855,1.0045890079347144,4
1766222469284534779,0.5487734894542573,3.142826274249484,1.0031999588636025,1.0046297988255914,4
1766222469305575856,1.1192776891970624,3.1967597724318937,1.0046781895831456,1.004618962721508,4
1766222469383229427,0.11180935557009164,3.210405288576961,1.0034402005005054,1.0044676692937646,4
1766222469405588141,1.8312411225758218,3.4341997849553056,1.0050488225315246,1.0045719445089611,4
1766222469461366567,1.2044141467018044,3.4481451129401335,1.0046514097345027,1.004702743999131,4
1766222469480591511,0.8656510349873692,3.326201265384084,1.0029334728770103,1.004785477136851,4
1766222469505578644,0.04952951296965935,3.3488423356850503,1.0036490746944022,1.0046908074788652,4
1766222469583396163,0.44753135412767264,3.1603013613749935,1.00393021418045,1.004505780386156,4
1766222469661475925,0.7542566203067036,3.167242904021582,1.0042231533851707,1.0044611208141374,4
1766222469760783345,0.11076132158494012,3.202290981535481,1.0034799167153912,1.0045765519805971,4
1766222469783855339,0.7879916284521116,3.214799463185369,1.0041107941264498,1.0043480538034255,4
1766222469805590290,0.3200808293293278,3.050675408500885,1.004012347453765,1.0046463428344585,4
1766222469884494451,1.0215159380897454,3.270927694378978,1.0044754426957343,1.0046147765103877,4
1766222469962497730,0.02345728013031234,3.310748973611719,1.0035339771802128,1.0045431026094578,4
1766222470084195111,0.319675404993891,3.2395602154033285,1.0037769705694302,1.0044834931755822,4
1766222470105587268,0.39483808450846425,3.5041533371623848,1.0036204999506226,1.0045126748869462,4
1766222470161481402,0.4229285031607244,3.278021747576608,1.0039115234208864,1.0046204992750594,4
1766222470205589985,9.83497891523144,5.165615823791476,1.007358686412622,1.0046274552680379,4
1766222470263537908,0.7168331551370422,3.579133034933927,1.0037098733718517,1.0044938224161462,4
1766222470285165708,0.7922414445402648,3.286781519616036,1.0040511914892092,1.0044843845415246,4
1766222470362376497,1.2001492456366059,3.141369296375103,1.0046737109444444,1.0044966193601632,4
1766222470383814460,0.14300657593535604,3.2280746332788355,1.0034827744018455,1.0046406988769738,4
1766222470405578125,0.43300674492718905,3.1314767536430343,1.0032178086158057,1.004508785591579,4
1766222470462012905,0.3164721555501959,3.553589234903032,1.0035891779087451,1.004557522651019,4
1766222470505577054,1.6915341518082272,3.3229559478706823,1.002088236838759,1.0047473008024976,4
1766222470562139364,0.9758675435951325,3.4295452257236985,1.0027238504026446,1.0047496382822643,4
1766222470585069020,0.2667000370639716,3.30012290608497,1.0033532112982044,1.0047067506262048,4
1766222470661924230,0.4766979296877416,3.256897609921828,1.003845891702113,1.0044955475346165,4
1766222470705590181,0.25243980980405034,3.0811287591971204,1.0039612272747764,1.0046394783242636,4
1766222470761828442,1.0009372664772087,3.155018640888868,1.004483790190308,1.004512470953872,4
1766222470805591274,1.8806033075837725,3.379854839618483,1.0049751067348403,1.0044042814320515,4
1766222470984538467,1.0845142799067453,3.2021227300716073,1.0043880349935022,1.0044038072216859,4
1766222471005591066,0.35114676112546483,3.2051245801175865,1.0038458104008476,1.0045333529795046,4
1766222471061851047,1.7522758415216,3.5082881925151623,1.0048156528494165,1.0044938279601756,4
1766222471084392825,1.4639153557716167,3.183511701517168,1.0049314465966184,1.004600963583639,4
1766222471105591598,1.878401283097686,3.2432120091751027,1.005411339988435,1.0047506850451513,4
1766222471161504928,0.9605280110520642,3.492201694384556,1.004214806410952,1.0045972454760639,4
1766222471184215923,0.17428300580712985,3.2594496489789715,1.0037541710497575,1.0046313652678764,4
1766222471205592070,1.0856116415662864,3.176962329779879,1.0046164355328173,1.0046095099915813,4
1766222471284427192,1.1919747547763926,3.186941294258308,1.004773529948693,1.0047086394596172,4
1766222471305591961,1.3625682621989377,3.3980003476591225,1.00459516796236,1.0044943219097946,4
1766222471362338497,0.11795111443424489,3.141101863162182,1.003490274171495,1.0044642296490227,4
1766222471384990772,0.9001773861396778,3.0251992158688754,1.0045547457640145,1.0045348218146082,4
1766222471405595158,1.0868954932019559,3.5107230205412945,1.004240215184904,1.0045703068983456,4
1766222471455582991,0.24234466068118188,3.4027728643306077,1.0035613626376663,1.0044640895905415,4
1766222471484857453,1.0804182165216059,3.1462328787029086,1.0045758236082272,1.0045965346281631,4
1766222471505605308,1.9053987539412454,3.4999616553883772,1.005108632374754,1.004671244814059,4
1766222471561893523,1.7873321353982785,3.196363560937801,1.0050358276051143,1.0044509263368242,4
1766222471584324432,0.2951703778668602,3.1695124054447,1.0038752844312824,1.0045456345616042,4
1766222471605587005,10.222497651564687,5.0225878433649696,1.0080086442082699,1.0045984941903305,4
1766222471661692035,0.19689330792815873,3.1577847112593127,1.003636402628631,1.0044267593416125,4
1766222471705635908,0.16424019402117018,3.567581253083761,1.0034774799933506,1.0045356565533865,4
1766222471761936676,1.5345053933133457,3.3332172572389327,1.004628224866308,1.004419562924481,4
1766222471784485326,0.7663362576733057,3.1549507540450885,1.0041873813900308,1.0045017322713556,4
1766222471805589251,0.4868965645850043,3.030042461048097,1.0042928864325735,1.0046970274014388,4
1766222471880597991,0.45701700423994573,3.241304937114091,1.0039656039586027,1.0045360377204693,4
1766222471905603789,1.4787506435254283,3.791248250678697,1.0017559076148428,1.004597426287787,4
1766222471962162773,0.8046683640121621,3.5897378742912713,1.0039174350598665,1.0044831658233748,4
1766222471984599783,0.07675899325820801,3.3825261247604983,1.0034497866068528,1.004508995819524,4
1766222472005601937,1.0340062811289297,3.3657637722909945,1.004357479790275,1.0046120484560255,4
1766222472085064207,1.4442564318293272,3.1295479168820393,1.0048719874842218,1.0045365987139032,4
1766222472105599854,1.4410972003287004,3.405504058364328,1.0047363130621254,1.0045758921218828,4
1766222472162192019,0.19756366063639064,3.338472435679084,1.003146648067331,1.004397175974979,4
1766222472280598505,0.7295443054036177,2.947938885294059,1.0045558431122088,1.0046344765039232,4
1766222472305589586,0.9822316125398523,3.4201292135426677,1.0041713997417965,1.0045109192949375,4
1766222472405595659,0.9055366471593107,3.466866679940728,1.0041082608446672,1.004484705335804,4
1766222472455601145,1.2605552664817221,3.2406398946281105,1.0045984734752742,1.0045473194295917,4
1766222472485039474,0.030413061474332537,3.3519378653909757,1.003322119221885,1.0044884148674378,4
1766222472562610981,0.7439911986308889,3.2010002824888137,1.0041949352616633,1.0045444504868373,4
1766222472662796861,0.2417180370635208,3.597404940350716,1.00303674022952,1.0046377097470116,4
1766222472680592277,0.30576603614318465,3.3845187421989835,1.0032285752516754,1.0046857951768298,4
1766222472705595591,0.9783423231701782,3.1561690772978395,1.0043547261362422,1.0044140833060629,4
1766222472755608320,0.1829889465156942,3.295853297960197,1.0037243775670455,1.0047008324550533,4
1766222472805589981,0.5313606507328927,3.5573189814817856,1.0036872370462282,1.0045231696757848,4
1766222472862324975,1.144612580817439,3.0436270220745687,1.0046763934681309,1.0045218046419042,4
1766222472880592790,0.3938335386679537,3.366400223571482,1.003787992804853,1.0045809750081653,4
1766222472905591565,1.2882613062190629,3.283089083284759,1.0045562387883014,1.0044919938299284,4
1766222472955603323,0.13775975999030798,3.278874248402944,1.0036661093769839,1.0045876090582688,4
1766222472985195501,1.1262613646059183,3.19278373353949,1.0045823403118765,1.0045782161816639,4
1766222473005597227,1.4165713002678437,3.1992969775807083,1.0048566928333038,1.0045876033098036,4
1766222473055597813,0.2523659769086972,3.247414446440462,1.0038798496737478,1.004653743185904,4
1766222473084840755,0.8156734636328711,3.2900214632816684,1.0042965669558526,1.0046204899021018,4
1766222473155604246,0.7574902559892571,3.050611006405619,1.004201092125759,1.0043872622106924,4
1766222473180586520,0.4804984745343521,3.12896182599715,1.0041196554498073,1.0045817686826084,4
1766222473205586979,0.1634494039646217,3.1395644938964584,1.003706547979783,1.0044874231706509,4
1766222473305586679,0.5584175286330595,3.5709820155452423,1.0037376788523062,1.0045439977534232,4
1766222473355582256,1.1038319838809763,2.9750017115965166,1.0046085400261247,1.0044135812098154,4
1766222473405585067,0.6854158128257737,3.5000376522928014,1.0038400884612242,1.0044584843616846,4
1766222473455600742,1.3874804949138841,3.4450956043549827,1.0020891151974651,1.0044886134741018,4
1766222473480589388,0.5180492780951784,3.247341153724527,1.0040091315510142,1.0045802220952447,4
1766222473655598158,1.1435535224464388,2.9620621692146907,1.0046448878726046,1.0043647374862361,4
1766222473680597455,0.29655405545181424,3.1775314174239533,1.00382701233998,1.004539409619379,4
1766222473705606870,0.06382006912919458,3.1882299997860684,1.0037218909039174,1.0046227691379486,4
1766222473780603156,0.8535633609354498,3.2835317791730705,1.004187159764823,1.0044848141005613,4
1766222473805604135,0.5664035382864085,3.479950984445633,1.003886397784684,1.004610828236055,4
1766222473905607051,1.9860857029896373,3.4720170650813422,1.0047954116454982,1.0042629534850607,4
1766222473980586656,1.9408707312671414,3.197921777899573,1.0052900610786903,1.004531628360447,4
1766222474080601815,0.7470445977790785,3.0954545937487747,1.0042544499414954,1.004515562013459,4
1766222474105605019,0.9035039105185216,3.5565020759318786,1.0040877512414097,1.0045579234973088,4
1766222474155593933,0.5093691038637882,3.150811638116248,1.0040823332750155,1.004550326791667,4
1766222474180595925,0.8792608853052108,3.070430010456576,1.0043893081353903,1.0044738322744888,4
1766222474205596994,0.45966391624219227,3.3905377367714222,1.0037708054465297,1.0045019733653924,4
1766222474255601458,0.07357710497801762,3.2032588645542748,1.003496617644606,1.0045570602430196,4
1766222474306543674,0.018603508648240563,3.8457132918590853,1.0028924939050357,1.0044441064778171,4
1766222474380600294,0.30840572416312995,3.1687518783308732,1.0039108118317437,1.00457830527057,4
1766222474405596204,0.29699671337168887,3.451918776596645,1.003616186757823,1.0045509135685102,4
1766222474455603393,1.0210358279632015,2.9425351798218977,1.0046410338340563,1.004485771708201,4
1766222474480607879,1.16383299195566,3.04555680438935,1.0049034928023834,1.004732835857242,4
1766222474505606765,0.9875521468669657,3.1727681203491276,1.0045263952055028,1.0045548648336091,4
1766222474605614830,0.7455217144252124,3.043152848525662,1.0044100207647602,1.0045593859927902,4
1766222474705717343,2.516891386734166,3.29571355894559,1.005591797013808,1.0044858574503164,4
1766222474805609842,1.88926526535238,3.139037561760315,1.0053072864909665,1.004535283362347,4
1766222474855592414,1.9535508501591359,3.050464153927796,1.0052622069665393,1.0044315982178624,4
1766222474880594355,1.0074917836873087,3.187646625704339,1.0044060147165286,1.0044517532300419,4
1766222474905600264,1.5767711816618846,3.043798507842671,1.0051171373200913,1.0045861427416563,4
1766222474955592024,0.4509219686581467,3.2828963189119937,1.0038522953551614,1.0045222030176977,4
1766222475005603851,1.581454972731322,3.341159059727677,1.0046453335840957,1.0042933970708636,4
1766222475055595230,0.3630080876406705,3.2430666623904605,1.0031024021749069,1.0044496387878972,4
1766222475080608282,10.320502370195218,5.124700821023101,1.007753244716963,1.0045511392632214,4
1766222475105607749,2.0682546995953732,3.4500155882428145,1.0052149502986458,1.0046310346984213,4
1766222475155605811,0.48536519457553773,3.2733776602946136,1.0039267394820377,1.004509639988664,4
1766222475180600268,0.5029828645410905,3.2102017154669773,1.0031778066603698,1.004570606266906,4
1766222475205598121,1.5338488456930754,3.2483350755709024,1.0046654119898093,1.0043354441010999,4
1766222475255611812,0.09234929684232007,3.2681451865439874,1.003528757638363,1.0046308211369668,4
1766222475280609636,0.9714215195470999,3.162916805424625,1.004301927873234,1.0043409633046898,4
1766222475305614062,0.8293964685182065,3.5095902007924282,1.002596843865145,1.0045374751992515,4
1766222475380603054,2.0876142551455867,3.4646128650133283,1.0050438992971171,1.0043895995058845,4
1766222475405604775,1.1236575832491713,3.3363763043658583,1.0045136666378325,1.0045433344859787,4
1766222475480597444,1.0346947221648861,3.1718413967745223,1.0044782047396281,1.0044687549767173,4
1766222475505595778,0.5665816907496346,3.244878442707637,1.0040281094435,1.004489810175743,4
1766222475555599921,1.6656459974970783,3.427287442401323,1.002082137984757,1.0047387265563614,4
1766222475580607804,1.5346985724327133,3.1240161087243683,1.0049317651261465,1.004530759334406,4
1766222475605903838,0.3914962583790871,3.6388302525775544,1.0035523990180193,1.0046236661650214,4
1766222475655604630,1.1127752651913791,3.1324394698786087,1.0045515170127284,1.0044370124054482,4
1766222475680612924,0.4233136077569366,3.2613514328489623,1.003789917959134,1.0044699909918535,4
1766222475705600698,1.3017654632101472,3.372247978282993,1.0046572637433628,1.0045959792677028,4
1766222475755601916,0.03268524269506301,3.0708305359938746,1.0037116994835016,1.0045250576262716,4
1766222475805692060,1.2828851375927819,3.6127606972950286,1.004247089444726,1.0044967301541168,4
1766222475855606975,0.008125933328217982,3.12488833777051,1.0035751775247757,1.0044409894855513,4
1766222476005644050,2.112580544649356,3.3764348299599294,1.0052768466978943,1.004561710252208,4
1766222476055604912,0.9040116856640079,3.2264771642823087,1.00427040926693,1.0044348337188085,4
1766222476155619870,0.8227214240954517,3.2242147436948136,1.00417802990145,1.0044009370626013,4
1766222476180613075,0.17503142699681895,3.1100201805373215,1.003864650384257,1.0046209858621258,4
1766222476255605323,0.8147260613926566,3.2675827920570217,1.0041253376777368,1.004419530166978,4
1766222476280602616,0.6539326843015836,3.0867471470563617,1.004170351377536,1.00448957378037,4
1766222476380600011,0.0793489242905121,3.128174547194933,1.0038374630517812,1.0047014175350086,4
1766222476455610223,0.34674594570160977,3.052156913313405,1.0040197129218307,1.0045819602044752,4
1766222476505622631,0.9827006535179095,3.4426898686549148,1.0042552889324574,1.004572895546465,4
1766222476555611536,1.1512017937651553,3.01155417621604,1.0045956203502935,1.004348416652474,4
1766222476580608488,0.441383655368055,3.1748736284256793,1.0039389297944425,1.0045426722855435,4
1766222476605605640,0.4228413546714105,3.4903275116173296,1.0037527368292225,1.004600269350828,4
1766222476680605302,1.5127358057454021,3.0931653810191087,1.0050112464311296,1.0046242343915464,4
1766222476705612813,0.23394800114284742,3.5737097225598706,1.0035334782906378,1.0045888334584825,4
1766222476805623904,1.3637981725667103,3.421552793935128,1.0045634883037444,1.0045385175431547,4
1766222476855612197,0.2064573628348665,3.366049759787412,1.003346736191417,1.0046634861548067,4
1766222476880612996,0.3277544305246849,3.1903070883942206,1.003941975945898,1.0046163342226504,4
1766222476955607028,0.5381284871357472,3.1914185217400526,1.0041341153797272,1.0046174658003104,4
1766222477005610339,2.4731314279984318,3.416176780135989,1.0055471538594956,1.0045392541494191,4
1766222477180606384,0.15347628332240681,3.3648897098227737,1.0032146285996228,1.0044822648088105,4
1766222477205606562,1.4493368948871321,3.42675388707535,1.0047045667390326,1.004594234028419,4
1766222477255605024,0.6003087427348675,3.398078852018526,1.0028538022770583,1.004465247372294,4
1766222477280598530,0.49809592403593506,3.180453867126083,1.004171822513621,1.0046934944785424,4
1766222477305615539,0.2741520933091657,3.455377502824207,1.0036818088139885,1.00465791512608,4
1766222477355611517,0.5893269543681967,3.1092948010395243,1.004278671709583,1.0046133908782322,4
1766222477380614520,0.7512888043899046,3.114295301543105,1.004183375685747,1.0044898671348776,4
1766222477405615730,0.42241311809232407,3.5369035611546167,1.0036021438750018,1.004494904631209,4
1766222477455612348,0.8067673718057389,3.307639258221228,1.00411506026871,1.0044848485807374,4
1766222477480606845,0.02501040844071767,3.4166698438438283,1.0034530969235962,1.004546461587243,4
1766222477505615770,1.9252858059206623,3.2998349529302833,1.0050367718005053,1.0044466757567454,4
1766222477655622548,0.011224464072201457,3.439016611524883,1.0033473158743649,1.0045386900357802,4
1766222477680623206,1.5642643269648815,3.0368349289254786,1.0049898997228797,1.0045222909325637,4
1766222477755616226,1.3763101185868543,3.2685273709242897,1.0046462632722992,1.0044484528750832,4
1766222477780615361,1.2724192402724377,3.222678312927851,1.0046306894330288,1.0045372771333376,4
1766222477805624196,1.876202996551113,3.280845042373835,1.0051670456322468,1.0045347289151638,4
1766222477855612388,0.05567353537183628,3.304413379276695,1.0035749614573524,1.0046305272359004,4
1766222477905737138,2.628120554987179,3.3709213275476513,1.0057762091192821,1.0045739704615173,4
1766222477980820938,1.478412185408562,3.5921531029816043,1.0045039623530558,1.0045077044984285,4
1766222478005609237,0.6426166294353219,3.53400278871246,1.003748551541118,1.0044382805306873,4
1766222478055613701,0.957564400323685,2.981569565738414,1.00448867826786,1.004485641977399,4
1766222478080612095,1.2018233524020427,3.21163819673082,1.0045683872969566,1.0044547062334435,4
1766222478155613580,0.3855684493736522,3.1810228076094136,1.0039368395649262,1.0045320336506371,4
1766222478180630079,1.2859553291297843,2.895976643232184,1.0049758703975262,1.0045943118484246,4
1766222478205797741,1.6607313382004385,3.4815550046443344,1.0047466981756639,1.0044713099596814,4
1766222478255612809,1.008412167440964,3.105923337355653,1.0046931504553986,1.0046498496970604,4
1766222478355622928,0.8363268879161279,3.051872851572098,1.0045506465644805,1.0046647763584262,4
1766222478405622772,1.992271926057887,3.3205765070329183,1.005313670506838,1.0045901559991153,4
1766222478456280123,0.18592042467147074,3.2383322937021717,1.0038655912985963,1.0046743304819934,4
1766222478505626009,1.9900074202892082,3.242323581018376,1.005138416192129,1.004405447950713,4
1766222478580627384,0.8870978878674496,3.339052146427608,1.004138038697392,1.0044268525454,4
1766222478605622973,1.388509482036504,3.3717684413559206,1.0046543725996862,1.0045385243685,4
1766222478705720646,0.5357246679305039,3.518037434495401,1.0037738842347057,1.0046181396212372,4
1766222478755620984,1.9071217015171893,3.028013453466527,1.0053771062863501,1.0044976520509314,4
1766222478780617414,0.0604740982630414,3.378291567554135,1.0034731352613848,1.0045070706682566,4
1766222478805619395,1.4039224639310621,3.403039565918087,1.0047084078822865,1.0045906375335667,4
1766222478855621915,0.45200946489165617,3.303005487921153,1.0039921822167124,1.0046552830362103,4
1766222478880621592,0.11506118550297373,3.224629314799557,1.003561568841573,1.004628701608764,4
1766222478905634734,0.34833697702230104,3.4567749860022134,1.0036965203581993,1.00457973107088,4
1766222478955720630,1.1290201175975234,3.2113171634901625,1.004438507547658,1.0044475082064421,4
1766222479005633722,1.340923705357655,3.3686057087100685,1.0047628440814194,1.004653747005292,4
1766222479055617947,0.7127297341509298,3.1421592754026655,1.0044090714395764,1.004666203853036,4
1766222479080624367,0.27137125813436747,3.1603369306884743,1.0037994189455286,1.0045415839350311,4
1766222479105737006,0.7266937695398212,3.537190639991051,1.0040174167895266,1.0046092540847138,4
1766222479156961753,1.2178248877281472,2.9928300289694953,1.004744088219651,1.0044608933888697,4
1766222479180635768,2.448212717432119,3.357586804950278,1.0057136143512317,1.0047045783781319,4
1766222479205637759,1.457433048093204,3.356128335819923,1.0046694267452023,1.004466182703579,4
1766222479280633864,1.3980961282227256,3.099117719651646,1.0050416162604177,1.0047081955535433,4
1766222479355627424,0.03836962905867658,3.1661494843001727,1.003688953152331,1.004656168852116,4
1766222479380620669,1.40289129288651,3.0435170963095834,1.0048844657711031,1.004472757214635,4
1766222479405722828,1.7788622271890375,3.428243098369193,1.0049152770837744,1.0045639086242937,4
1766222479480623524,0.0009019423108380664,3.288723859749208,1.0035109207836783,1.0045915628140534,4
1766222479555629017,0.211019240832222,3.1685731680189155,1.0037454035460858,1.0044983688286324,4
1766222479605715294,1.9474027295529606,3.4667684028831425,1.0051382313260377,1.0046606198089292,4
1766222479755635248,0.2050536725834995,3.243370717120764,1.0039197383760827,1.0047296451759185,4
1766222479805759296,1.8343221859633552,3.4096127123957083,1.0050287028983171,1.004519895838861,4
1766222479855624607,2.263839411208224,2.9645830093384222,1.005761833020721,1.0045842073905298,4
1766222479880633872,0.19905595272051713,3.0644525849048105,1.0039287856908512,1.0045508529308098,4
1766222479906212868,0.06858758745131865,3.6086078162227246,1.0031840811530175,1.0045204733055728,4
1766222479955614939,0.5385806770878965,3.1344971751130255,1.0041935340053703,1.0046493677471793,4
1766222480005633308,2.75499306305238,3.280633298315395,1.0058321109523156,1.0044180509773497,4
1766222480056267856,0.6305975637173056,3.1843273255584634,1.0040960528937732,1.0045238746840235,4
1766222480080624163,1.0018793292265737,3.324181172943578,1.0043456549025722,1.0045700645762088,4
1766222480105624842,1.7508286592260447,3.4278329195292216,1.0048998595909149,1.0045486601887084,4
1766222480157414100,0.37409677184196966,3.3143528367333426,1.0037027164916403,1.004453681010069,4
1766222480180909629,1.265286944293731,3.5261630803299715,1.004319146829468,1.004362720306053,4
1766222480205623248,1.563103972967328,3.3380643866352906,1.0048270127625123,1.0045103828708735,4
1766222480255620328,0.1504000790342186,3.4085805947436034,1.0035673476733502,1.0045943847134828,4
1766222480280615967,1.740595514118981,3.0489943563778796,1.0053336298700593,1.004640492821521,4
1766222480305665778,0.2439282162876033,3.387913671364703,1.0036795478152503,1.0045820602508293,4
1766222480380617990,0.6938308315647124,3.135432738256376,1.0042466250961706,1.004488267250148,4
1766222480455765941,0.5915759731349723,3.2425410914449277,1.0041049475669113,1.0045730210505175,4
1766222480480626526,2.782582401589684,3.3280328407578517,1.005775340388365,1.0044066606802613,4
1766222480509364459,1.8674805480469736,3.256328573755298,1.005047470510323,1.0044013207945195,4
1766222480555636096,0.7434196801778814,3.368527384500195,1.002734767508448,1.0045934251400555,4
1766222480580626395,0.6607515915564299,3.21895740668956,1.0028945048977664,1.0044800169867132,4
1766222480605630611,2.4988541480763793,3.62926693203234,1.0052768037657476,1.0045379923735671,4
1766222480655941690,0.4592586502858431,3.13837296486763,1.003236706901722,1.0045729920779074,4
1766222480680622007,0.5769130350155027,3.4430237795605656,1.0029705606670123,1.0046718095936418,4
1766222480755619404,1.0955635221365778,3.0539571135110095,1.0046806737782281,1.0045390703925416,4
1766222480880627666,0.35453772887428237,3.091252154769314,1.0038935933606257,1.0044255954395414,4
1766222480905629236,1.9717403616870133,3.259762656843537,1.0053845442857277,1.0046373214824482,4
1766222480980626543,0.2178837719872817,3.291399858140343,1.003177906520876,1.0044183948029564,4
1766222481005622844,0.8788351395685456,3.5767036008590236,1.0037347570517878,1.0042750982464954,4
1766222481057318526,0.15916679361605013,3.2854120820707475,1.0033371432568898,1.0045489911189012,4
1766222481080626252,0.9056499864663614,3.5528183457206235,1.0039400868612687,1.004395757298059,4
1766222481105626470,2.5372487355619366,3.3755718188551516,1.0055213168983737,1.0044279123879145,4
1766222481155803768,0.11354603082747161,3.173120185713832,1.0035583983159744,1.0045996692757286,4
1766222481180629137,0.8281236781115808,3.280975958257882,1.0042057977136598,1.0045426995717286,4
1766222481255668333,1.4167292832270029,3.0068592525459454,1.0050375710562511,1.0046403010084615,4
1766222481280641700,0.8183405539667898,3.151121985950299,1.0044284433052713,1.0046397904215787,4
1766222481305853125,1.5672901889924873,3.290382277571993,1.0048109441129196,1.0045152165209883,4
1766222481356532446,0.22752070550113856,3.2016085386398316,1.0038521352079588,1.0046025093190172,4
1766222481380625469,1.7139767903147085,3.153092643185352,1.0051654403358432,1.0045635507776587,4
1766222481405635866,0.9243669622451822,3.425597748393716,1.0042276706585416,1.004534439106267,4
1766222481455729056,0.2840771670207243,3.0738314269477076,1.003926569113119,1.0045483330046956,4
1766222481505666172,0.5078279756733917,3.541627650235655,1.0036340578487142,1.0044850375345022,4
1766222481555633395,0.588305731159311,3.224232100015514,1.0040436044429197,1.0045298963002016,4
1766222481580626259,0.0051569414767360655,3.1995664813480253,1.003617088991847,1.0045805940917867,4
1766222481605631887,1.6728291481946655,3.4249652965359645,1.0047955345561221,1.0044918855788154,4
1766222481656509301,0.015007412930367892,3.3287386793339606,1.0035365471201572,1.0046626967817602,4
1766222481680625648,0.3790901733042862,3.261241505346465,1.0038558548844003,1.0045291448532594,4
1766222481705635664,0.09883077097994075,3.663235780721155,1.0032246999541856,1.004519196746048,4
1766222481756207543,1.7980682413656357,3.140485820885569,1.0051279364348418,1.0045141998948803,4
1766222481780633952,1.0683914205917855,3.109803773877479,1.0044395992547945,1.0044152252439806,4
1766222481805631756,0.1875646312472501,3.578447330569634,1.0033787816108835,1.0045266869564409,4
1766222481856997507,0.08514062490849739,3.2538603098933527,1.0034949897055065,1.0044315058873372,4
1766222481905647094,2.7929339078893722,3.2040463303790707,1.0059325511308117,1.0044533888271792,4
1766222481957164360,0.003017060656862469,3.2905759883454153,1.0033271786458238,1.004397128835007,4
1766222481980629613,0.4760202132751967,3.39060405030575,1.0037888336384342,1.0045312605081231,4
1766222482005630562,1.9514994305103173,3.5166242502810587,1.005091193552228,1.0045834182111437,4
1766222482055651356,0.22081502894333305,3.2733851472747735,1.0037740804746607,1.0046411265610666,4
1766222482080620655,0.5368350709247238,3.116425961913414,1.0033340049397357,1.0046977318003896,4
1766222482105629399,0.6960738947605627,3.489709492081111,1.0037969952050507,1.0043767849724698,4
1766222482180626475,0.6965865488202105,3.3419634981509376,1.0026954886724921,1.0044033698633992,4
1766222482280629380,0.7725286794286745,3.319459371419283,1.004224784741816,1.004618239641278,4
1766222482356951146,0.14494621229554916,3.174326855701028,1.0034273669823321,1.004487571452839,4
1766222482380628778,1.0181029000884134,3.328665300509808,1.004365584143715,1.0046238880345617,4
1766222482405631360,2.5463867177693,3.304540863506524,1.005767164679577,1.0045048668387246,4
1766222482505634025,0.5396533094486067,3.3796833233606325,1.0037417646504738,1.0044086954884064,4
1766222482556331480,0.874669395636074,3.037317587344907,1.0044017446532927,1.0045156276288363,4
1766222482580643825,1.2022639472077934,3.0924603391829995,1.0048045089867834,1.004631286149883,4
1766222482655996530,1.2353687453066087,2.993714272711792,1.0049057710933158,1.0046190885525998,4
1766222482759760083,0.34193015041927843,3.3297950722062,1.0031099018827638,1.0045097428937222,4
1766222482780629406,0.036849235079072784,3.2868734608807726,1.0034627461392398,1.0045105549033049,4
1766222482855773309,0.8246064420005528,2.988430473236778,1.0044423687434767,1.0045213565002593,4
1766222482880627782,0.08023282779978658,3.2421239573544565,1.0034196522239756,1.0045392875555677,4
1766222482957198226,0.6721529485693711,3.0120683566994715,1.004307918490144,1.0045307060154207,4
1766222483005883209,1.7526234194769064,3.348643739650177,1.0049616413075007,1.0045422495468266,4
1766222483056299526,0.21788289892787915,3.330929511977112,1.0038298529437333,1.0046896255248905,4
1766222483080630315,0.9317245938942342,3.20837622448993,1.0044416380962635,1.004667561376241,4
1766222483180642898,0.11482341967017362,3.2368949597127843,1.0034808302454734,1.00461108322457,4
1766222483205648646,2.390982393090546,3.133044563115533,1.0057644434544095,1.0045534416542719,4
1766222483256035287,0.15374585305050203,3.289453345897529,1.003656353773036,1.0045336900451567,4
1766222483305637384,2.365994487095735,3.1772127466893227,1.0055566061460874,1.0044142007623773,4
1766222483380650150,2.225359897870982,3.325111748110054,1.0053184337299668,1.0044775286978609,4
1766222483405665867,1.7256672819219165,3.219429515073848,1.0049227299437877,1.0043515733227124,4
1766222483480645630,1.7720336383173496,3.200310534300048,1.0049429547789934,1.0044889321557338,4
1766222483505661558,1.545992901433424,3.3834627486812066,1.0048435950076315,1.0045361593142184,4
1766222483557860225,0.1908474859999565,3.2878599500754135,1.003313083546334,1.0045804919025418,4
1766222483580629029,0.6336089125977828,3.1505537467999734,1.004123077380038,1.0044850648295716,4
1766222483680644647,0.8583306383005418,3.280313160401955,1.0042179884099682,1.004521103322283,4
1766222483857075356,0.24472855692092566,3.4303045348700807,1.003539176780916,1.0044257579912306,4
1766222483880639405,1.119262809214261,3.1920529753695734,1.0046117032722794,1.0045908927418419,4
1766222483905647547,1.2374353668447302,3.5362118316887408,1.0042675503675393,1.004538900616007,4
1766222483956711011,0.1337486938730592,3.31377610435371,1.0035178830125289,1.0044629260283648,4
1766222483980634174,0.07005563404982595,3.276601785405499,1.0035644320470545,1.0044600249178253,4
1766222484080642849,1.1505029132783395,3.1011619284916745,1.0046867283652043,1.0045887467161085,4
1766222484257289394,0.6863203609683843,3.17462275010889,1.0040870190014408,1.0044191343373237,4
1766222484280629963,0.20873931315290584,3.309259324485707,1.0032803402638049,1.0045270268088562,4
1766222484305646491,1.796529432019467,3.4921469216530467,1.0048495599658351,1.0045094565319879,4
1766222484380651612,0.1787161591755293,3.3785201116031307,1.0035387116938759,1.0045049798290941,4
1766222484480641673,1.1955348066945426,3.160054682801787,1.0027448114150892,1.0047663025102838,4
1766222484505778988,1.6254097828585223,3.479331447051112,1.0045945668761669,1.0044094743832388,4
1766222484558294581,0.4366500199703971,3.2060228595017835,1.003832283501001,1.0044267591528255,4
1766222484580648485,0.3934929134383758,3.2571547839826054,1.003710259493685,1.0043751676737016,4
1766222484605831766,1.3927968487865705,3.4974347680719684,1.0044382586212914,1.0044751287091809,4
1766222484656865403,0.26515368738810885,3.1100930437085847,1.0039500312867269,1.0046143064111293,4
1766222484680641300,1.5385102012319685,3.198455620679003,1.0047163670950094,1.0043160600745256,4
1766222484705659070,1.2232593850458606,3.2917944417018847,1.0046878209366235,1.0045923054953987,4
1766222484757140880,0.5245014819177385,3.269496800072656,1.0040130175227462,1.0046088777084736,4
1766222484805662957,1.7722431621280954,3.3493055796547977,1.0050008123337417,1.0045006480365704,4
1766222484880663329,0.7516335224713178,3.06799777109921,1.0042883683504231,1.0045176121367947,4
1766222485057300757,1.0899648215034752,2.996264075643085,1.004599039209191,1.0044663613894795,4
1766222485080647907,0.4633125780253433,3.2354576815533393,1.0039825822449093,1.004620626939869,4
1766222485105684553,0.7756892701260565,3.453782835221644,1.0039534393239498,1.0045117327540654,4
1766222485157608684,0.7524255908104571,3.09069445616359,1.0044810301670077,1.004671109865026,4
1766222485180654989,1.1383576465964218,3.3944607791493357,1.0024799205837738,1.0046173901382318,4
1766222485205670977,1.740205194281863,3.5399570096725297,1.0045628341606208,1.0043163680549116,4
1766222485257128871,0.4984281466928753,3.2051693891645794,1.0041086015771912,1.0046330807365202,4
1766222485280646743,0.17428711316069823,3.284556873417532,1.003188632095074,1.004418535059725,4
1766222485305669432,1.7517384646048573,3.3480062863016644,1.0048912626243438,1.0044470952000977,4
1766222485357846980,0.5357731977566615,3.499461257554869,1.002715095794934,1.0044627214031512,4
1766222485380642544,1.3447239640416164,3.410928491341015,1.004488489953967,1.0045031610438417,4
1766222485405655154,2.1706104323153674,3.256966380564924,1.0054499003190505,1.004558282193963,4
1766222485557712595,0.5464946740976195,3.138074614370675,1.0040392300511436,1.004449130543395,4
1766222485580657710,0.30980385453482917,3.4242224539215296,1.0031568272048939,1.0046025317053058,4
1766222485605653038,0.7020033387425961,3.35104307606752,1.0039994804535988,1.0044769863594367,4
1766222485680642460,0.3067887336485331,3.35462034846394,1.00360624780396,1.0044697621964809,4
1766222485705658928,1.3590810753580929,3.355156461410278,1.0046111503249018,1.004511128948278,4
1766222485759129575,0.6347987702737257,3.179315780415215,1.0041203528001938,1.0045491718308799,4
1766222485780651645,1.018639714303271,3.1039796345452966,1.0045999214459636,1.0046091152643843,4
1766222485805658425,2.8423934949597385,3.3101815485476394,1.0059628386975474,1.0044979257139834,4
1766222485861053590,0.5235402438072967,3.38322145862856,1.0029555225823967,1.004519356314694,4
1766222485958317506,0.7654081460437556,3.22005597739229,1.0042884604429465,1.0046454971794996,4
1766222485980647765,2.3639192800353204,3.0724874221114855,1.005841494493613,1.0045826270478335,4
1766222486005643985,0.4158173297699186,3.3564992746083173,1.0038200753694237,1.0045406582885756,4
1766222486057205785,0.1240124335795123,3.304108882388622,1.0035059105697932,1.004642617955878,4
1766222486080645840,0.5278754192881152,3.2742994754771604,1.002964809335488,1.0044609643872313,4
1766222486105656247,1.6943918858574047,3.4643092628263736,1.0048643569225033,1.004536077542363,4
1766222486158121855,0.13695178964212573,3.037188358029997,1.0038924298299927,1.0045873518950073,4
1766222486180664474,1.0788767078679928,3.385193796005163,1.004388177082407,1.0045922793586233,4
1766222486205651407,0.7004003076902521,3.550878353770951,1.0037445214828526,1.0044333127913416,4
1766222486257632144,0.44833155939572045,3.21638665222311,1.0039955961813032,1.0045795978476957,4
1766222486305658448,1.3974134993453013,3.4734878874915327,1.0043891968673135,1.0043869079568357,4
1766222486380657067,1.3791375769616199,3.1629847409994896,1.0046232690825208,1.0043549666241869,4
1766222486405668296,1.2307194903353746,3.5738108490086145,1.004216641980502,1.0044112450339855,4
1766222486457622032,0.34010195925171516,3.3869011913796396,1.003741127938914,1.0045823574706083,4
1766222486480657657,1.1284268539044628,3.0821079877413453,1.004673864685788,1.004541429533269,4
1766222486580655983,0.7783766075635246,3.2493323286654814,1.00271672738033,1.0044011091085177,4
1766222486605669275,0.6751358271308572,3.5381801551416814,1.0038872085357766,1.0045198823786907,4
1766222486657996483,0.16815705928441282,3.3018319361351507,1.0036216729026288,1.0045695062391888,4
1766222486705652642,1.3010152137120645,3.294462506471073,1.0045763541534793,1.004431967320531,4
1766222486759205273,0.23820009698671818,3.1281352618496046,1.003736081510308,1.004370373721429,4
1766222486780689613,0.1632381192397947,3.266220672199444,1.0033414289796443,1.00451613026047,4
1766222486805680994,1.8636038271002686,3.416213066247923,1.005085156813304,1.004591117003135,4
1766222486858223176,1.8004084953706645,3.206776889370881,1.0049982650046463,1.004434468512247,4
1766222486959131772,0.32656108986128807,3.2846056235699,1.0031255747058627,1.004544759545871,4
1766222486980616743,1.0086562530633447,3.1949914214922988,1.0045137278265077,1.0045818933250144,4
1766222487105670679,0.1202156647654995,3.521739950958274,1.0030525386883922,1.0043990250027657,4
1766222487158157458,1.6699794821470881,3.0221834176473736,1.005118936208049,1.004532334535648,4
1766222487205643497,1.9067301808670667,3.406458582345772,1.0049382225779613,1.0044652955793674,4
1766222487261573366,0.8583601303824295,3.4340858845856923,1.002623833380064,1.004508792944694,4
1766222487305831198,1.5681226276726967,2.9727713212106606,1.0051128115803263,1.0044981813847265,4
1766222487405730137,0.8930991214948225,4.015859932108931,1.0019422201228378,1.0044657080888473,4
1766222487459032367,0.5403408115891573,3.202515501150642,1.004054373441496,1.0044824263829142,4
1766222487480648064,0.2625763124257663,3.112755326036556,1.003859460910327,1.004611461914463,4
1766222487558252460,0.43019452591575025,3.203852324919508,1.003961245792302,1.0045499178030233,4
1766222487580648433,9.634036599040495,5.134727577253184,1.007224541488994,1.004595167648122,4
1766222487605659511,1.570913946516539,3.3972468291897497,1.0047912283114744,1.0045630987229637,4
1766222487658760122,0.471059713964328,3.2824197338486147,1.003883299126217,1.004500369436516,4
1766222487680651837,0.4093598108316776,3.23451781246081,1.0032642205506566,1.0045601380344602,4
1766222487705665410,1.181058796073886,3.49993215797917,1.0044212191190711,1.0045823537176302,4
1766222487759192073,1.8701992909551102,3.2487207092844645,1.0050591221343526,1.0043528749086963,4
1766222487780665902,2.8820555373159085,3.4988001120470424,1.00580909393391,1.0044893853579329,4
1766222487859165130,0.528037716578611,3.3056181602706687,1.0039607902390832,1.0045691862117627,4
1766222487880664688,10.279521648822175,4.921742114323798,1.0081423796806697,1.004445781248825,4
1766222487906126914,0.9486529414564071,3.469669222318877,1.004068342885798,1.00449069264899,4
1766222487937824950,1.7799496786194968,3.294410268562318,1.0051569568421501,1.0045930473435873,4
1766222487980653556,0.5763407568555312,3.316720258377605,1.0030717036277976,1.0046703573694555,4
1766222488007005684,0.3877000216767623,3.2787919244684907,1.0030717036277976,1.0044802635710588,4
1766222488059053667,0.7830998401709977,3.2464408967276825,1.0041852748526034,1.0044498075073085,4
1766222488080664044,0.1895930335329421,3.1839300960270327,1.0036764767959885,1.004470511439011,4
1766222488105857645,0.13255162138592347,3.6730375070330323,1.0029950885070529,1.0045539314943432,4
1766222488159846566,0.23799032580895663,3.2086535862975,1.0033159483549605,1.0045142101303868,4
1766222488180652310,1.1016174638251996,3.0652721549271504,1.0046481513988708,1.0044899761476118,4
1766222488205655142,1.4868011874711318,3.4023106971396047,1.0047201893616562,1.0045306234000924,4
1766222488258714536,0.035286254398858574,3.1027683487031994,1.0037571924691004,1.0046374307260637,4
1766222488305665199,0.40583422844941985,3.8184352572553557,1.0027551482895836,1.004611486968794,4
1766222488355666326,0.3160585154533546,3.2308462911707347,1.0038724771463077,1.0046057898798533,4
1766222488380661313,0.5400588178716692,3.6572729662091437,1.0033491645538797,1.0042850488895299,4
1766222488458718961,0.5309415912913007,3.3687214264505143,1.0039017935144423,1.0045290731598038,4
1766222488480657124,1.0647158950465307,3.109342853811515,1.004609274769796,1.004564473913166,4
1766222488559886264,0.12124906428168103,3.2529743335045773,1.003560279057784,1.004438439612122,4
1766222488580649768,0.8860142180044939,3.089633452169616,1.004495635512087,1.0046345863308839,4
1766222488605818292,0.2568995231384541,3.5494379658250352,1.0035048472946306,1.004556680166234,4
1766222488661931175,0.4700605443153094,3.262794537340963,1.0038528446209598,1.0045486536876198,4
1766222488705938817,1.5248469797537467,3.444301639204527,1.0046551882602512,1.0045515116541162,4
1766222488759110502,0.49823459665443437,3.27198248978095,1.0031334571133164,1.0045698819218474,4
1766222488780649474,0.22071403662859979,3.151216534126824,1.0038236404990302,1.0045219937199876,4
1766222488805660852,0.4203410056722312,3.505234925162194,1.0035188035727314,1.0044508375669312,4
1766222488905682702,1.8498110943721002,3.435023776461778,1.0050016193899827,1.0045248275463852,4
1766222488980654910,0.29299787357239815,3.611528989483887,1.0028422309676515,1.0044139340800586,4
1766222489005655689,0.4696126301233505,3.4025159986665923,1.003882033449549,1.0045533364643568,4
1766222489059136094,0.29767074848963126,3.308521773359298,1.0037412690059844,1.0045484492879027,4
1766222489080654398,0.26470407074663527,3.2378104615407746,1.0039187913455578,1.0046624355340983,4
1766222489159247301,0.196742026229213,2.9316445253546672,1.0039511636992036,1.0045287446924034,4
1766222489180667400,0.8189810690784061,2.9196737828285957,1.0045112574769473,1.0045441024899688,4
1766222489259469207,0.4883510736113372,3.297196197309145,1.0030420573341774,1.0045152214084152,4
1766222489280668049,1.260211782075915,3.2030364533326576,1.0046370534645561,1.0045275361747563,4
1766222489305684257,1.7886822364425736,3.3003292086003104,1.005009503062929,1.0044539196885822,4
1766222489405662324,1.1065595079711166,3.485601725789494,1.0042196233391452,1.0044611496824436,4
1766222489437246546,1.3755478299291024,2.9133948458358367,1.0050971522025811,1.0046849217246763,4
1766222489505725691,2.300396731723442,3.420277947852729,1.0053875290437333,1.0045372872708644,4
1766222489559689535,0.6443056110017054,3.2962408099163363,1.0029043515690144,1.0045359198007418,4
1766222489580653897,0.3251872956109292,3.303308361029327,1.003623701772578,1.0044491775119357,4
1766222489659415779,0.003275410189296224,3.2796662909502676,1.003480398510684,1.0045035024875804,4
1766222489680662471,1.8894028487839165,3.4986643401241966,1.004942688826268,1.0045658334595151,4
1766222489805684017,1.2029592292517322,3.2973555008564603,1.0045115705161396,1.0044956183708151,4
1766222489859320956,0.9841643185886095,3.206500473224497,1.0043064972296483,1.0043915036485185,4
1766222489880670482,0.475363781949234,3.3320633803309363,1.0038384318989604,1.004538744208907,4
1766222489959759268,0.38966329491540996,3.4004194554446854,1.0031009928080046,1.0045749822342616,4
1766222489980661253,1.2469940613342168,3.3966070766727983,1.0021733147642542,1.004436313653529,4
1766222490005681939,0.35426067258947924,3.6145251281796624,1.0034161858041868,1.0044271894634524,4
1766222490080702849,1.2511399476744511,3.394519974040794,1.0045603766759603,1.0045679695405871,4
1766222490105664825,0.93639829698966,3.5982820976530143,1.0038626546823355,1.0043847523649319,4
1766222490159885631,1.017616715683678,3.3744423345545553,1.0042711164258187,1.0044906313823467,4
1766222490259548075,0.9078460205635963,3.1700352436809958,1.004288725551795,1.0045501701766444,4
1766222490281004792,1.3003045446831063,3.3869244101699585,1.0045779639605774,1.0045963093972874,4
1766222490305662386,2.118000746066606,3.3781094025251677,1.005243141389402,1.0046161439729082,4
1766222490360125639,1.5459754493860611,3.071066253521854,1.005054861365065,1.0045990372480564,4
1766222490380732589,0.41620765311134456,3.1710000362529276,1.0038360405639484,1.0044295858287222,4
1766222490405667183,2.344368832879695,3.3726804315686536,1.0052523840248901,1.0043400444240005,4
1766222490459757575,0.11154032188009921,3.379462560020779,1.003352198591139,1.0045469478360993,4
1766222490505670127,2.9878897022317386,3.4314907619552577,1.0058027223173476,1.0043937434305104,4
1766222490559646354,0.1791940363469191,3.2271370676221887,1.0035811371305885,1.004486300234101,4
1766222490605676456,1.5345860918070109,3.537501968911747,1.0044828354837347,1.0044561990440186,4
1766222490659526676,0.1555180136714185,3.2167238438423076,1.003367414378988,1.0044974895270895,4
1766222490680664394,0.38496092900563994,3.248785824273571,1.0032735628637877,1.0046115412727088,4
1766222490706003449,0.2751776159806152,3.269794228631234,1.0032735628637877,1.0045024030940561,4
1766222490760658321,0.39145520241867793,2.9870099759926196,1.0034448990319023,1.0046109700261598,4
1766222490780713745,1.172551285974155,3.5811782544229334,1.0040708566159104,1.0043252511670187,4
1766222490806314852,0.8982365565057826,3.463489898190564,1.0039967230832676,1.004461952628905,4
1766222490859752096,0.5460697451535879,3.1860531683345625,1.0041302983154934,1.0046420631733355,4
1766222490880679318,0.43578335055460826,3.038193826434836,1.0040561315960423,1.0045300414359242,4
1766222490908585657,0.4663939219231583,3.015516563408359,1.0040561315960423,1.0044974381199854,4
1766222490938474834,1.6975221354360581,3.5022703135656577,1.0046311914507102,1.0043617076217182,4
1766222490980685658,1.319451716798259,3.359477538295482,1.0044107440847885,1.004401833365218,4
1766222491005839003,0.06293243792421244,3.481700326073943,1.003225090351933,1.004483601566879,4
1766222491105669843,1.6184618420216346,3.4201609431653326,1.0048353298784214,1.0046540228803833,4
1766222491180678740,0.2949185562082235,3.1643771036194974,1.003628332705076,1.0043674424306832,4
1766222491205690750,0.22982978336560933,3.408216288051411,1.0033961807243506,1.0043691067482285,4
1766222491255680965,0.5769810848450518,3.290361994587056,1.0039012534022158,1.0044782912647123,4
1766222491355671235,0.09171343181946234,3.2640956828437684,1.0036416733459304,1.004545866018621,4
1766222491380681141,0.17791030287517273,3.2002516592300627,1.0037779662688842,1.0045843335191589,4
1766222491406379119,0.48577361105306416,3.221390760129549,1.0037779662688842,1.0042762521061834,4
1766222491455685850,2.60974283944182,3.2149549049127644,1.0057497242167102,1.0044660970410038,4
1766222491480688793,0.11948146982576624,3.749255059749291,1.003033424521128,1.0043944824217053,4
1766222491580706574,0.6784712882141886,3.435119757399543,1.003892091533248,1.0044258170782732,4
1766222491605746506,1.8256485204832806,3.1309757608452626,1.005127025088238,1.0044279179732873,4
1766222491655659226,0.29495497503129187,3.3198672634692836,1.0036480633579155,1.0044810222570806,4
1766222491705756252,1.2009222160367372,3.351014424765328,1.0044202727293754,1.00443356531578,4
1766222491780690409,0.0693823777875302,3.4882450385438775,1.0033862777365665,1.0045241168079597,4
1766222491805671240,1.185561131974655,3.4136871035695893,1.0044724450641427,1.0044902247475058,4
1766222491855665663,1.1161837851552114,2.998254862988884,1.0046409684495055,1.0044707173925422,4
1766222491880777180,0.7410245091503675,3.67511584384839,1.0037179334124924,1.0044919984182252,4
1766222491906406710,1.5717822410168392,3.423740194498374,1.0045726939071074,1.0043566791332488,4
1766222491955680829,0.0364224653883749,3.1166879124018942,1.0035940534911052,1.0044381273843923,4
1766222491980743193,1.1544720125276076,3.3352507934974267,1.0043740762518907,1.0044674612231126,4
1766222492005691293,1.2231948488479194,3.4730102579445394,1.0042641533532402,1.0043745940185447,4
1766222492055669365,0.4199209284065919,3.367572807259333,1.0030369648027726,1.004532624152427,4
1766222492081328130,1.8754353565295645,3.5408182924604645,1.004790397193964,1.0043835952180142,4
1766222492105751123,1.1096581504987935,3.4013433652761074,1.004314741238533,1.00445761339616,4
1766222492206298119,1.8721297979940044,3.3611673665239032,1.0049638447180322,1.0044650995304327,4
1766222492255686242,0.6980474707656281,3.2127671317883313,1.0041264856329721,1.0045074649436805,4
1766222492281014296,1.0895071772276665,3.853668203914331,1.0019936313596587,1.0045296025627493,4
1766222492305963006,1.3277290564364108,3.3196760006057677,1.0047215328268901,1.004601188880897,4
1766222492355668647,0.5907449183475411,3.2573965117028325,1.0030120360585593,1.0045739781830805,4
1766222492380686688,1.260410648793453,3.629150479602271,1.0042102768262435,1.0045083268635853,4
1766222492406322630,0.8069571921158758,3.51201950409127,1.0040724507384944,1.0046205421480843,4
1766222492455687901,1.4697494608237882,3.053888885155632,1.0049619080533958,1.0045627171605334,4
1766222492508660852,0.6541388454488484,3.8559895981487955,1.0023297344603228,1.0044537538309386,4
1766222492580736687,0.7357564071110989,3.4049547926363144,1.003899891100628,1.0044267129523536,4
1766222492655690982,0.06375212902964833,3.1114737690525773,1.0036358601359523,1.0045185929759062,4
1766222492680707470,1.3716923236823941,3.409909490938457,1.0045489010455992,1.004504636372865,4
1766222492705809919,2.570773016096206,3.4234491702274696,1.0054453867906672,1.0043604475265868,4
1766222492780699131,1.259480275307867,3.636877190918749,1.0041966491490284,1.004506734676857,4
1766222492805724676,1.652456408367975,3.4095992228789567,1.0048316442391276,1.0045711994607587,4
1766222492855683513,1.9793901562317195,3.0401268856802357,1.0052617350748154,1.004375897873665,4
1766222492880697265,1.8969353209217221,3.196059509168631,1.0051498221866435,1.0043820208976186,4
1766222492905793273,2.31969033647883,3.2045073914043445,1.0055756229088424,1.0044267566566791,4
1766222493005700105,0.7897278202202429,2.991311174021477,1.004370900960188,1.0044819789252435,4
1766222493080678164,1.4904478746236016,3.4550142935678756,1.0046049285318228,1.0045173962285148,4
1766222493109534048,0.8037720544988858,3.347806209182736,1.0040701487015828,1.004488156745441,4
1766222493180956585,1.9505404215804933,3.266167611896124,1.0051072577993125,1.0044542941672374,4
1766222493206136991,1.0391118633954477,3.4633205141087497,1.0041060039131753,1.004372916398432,4
1766222493255687640,0.5728341114930036,3.1296579835872205,1.003886067534699,1.0043075588280077,4
1766222493280684221,0.18814631156138795,3.0578129139734447,1.003393931826078,1.0044015145827823,4
1766222493355667159,0.8135429335065503,3.156746319442476,1.0043872605749404,1.0045553413353772,4
1766222493380797872,2.4679860303906676,3.27655162440678,1.0056093931724104,1.0044168346578766,4
1766222493455699517,0.9673149683249171,3.0410620247730273,1.0044533258426476,1.004439341898877,4
1766222493480704053,1.497046290409143,3.2863998990716707,1.00488487471981,1.0046956943764611,4
1766222493505684543,1.5677393448692012,3.4898292509828077,1.0046763916574881,1.0044845833129805,4
1766222493606010654,0.10686981772645154,3.746342431816018,1.0029764366502374,1.0045549282668258,4
1766222493655693671,0.429464792997436,3.1503316569252604,1.0038871506260085,1.004402249994083,4
1766222493680712674,1.4953935591255352,3.2438308818594566,1.0047306205212083,1.0044077900788448,4
1766222493706433405,1.2751575839422546,3.250586778148532,1.0047306205212083,1.0046293484229458,4
1766222493755680163,0.4258177740470437,3.747715395528208,1.0027524475424554,1.0045447708805177,4
1766222493780694768,0.5237137218383481,3.4332337902680883,1.0037340421683076,1.0044420588606728,4
1766222493855680612,1.5457413155013366,3.0588746042693407,1.0051499064059095,1.0046235751073533,4
1766222493955688313,0.7630461787309084,3.2808713069624016,1.0040927913687558,1.0044517226837986,4
1766222493980695524,1.1880361085154778,3.3147453822530766,1.0046143875285962,1.0045770545242774,4
1766222494055748935,0.07446313845527186,3.1692435828100356,1.003368326327779,1.0043968644138836,4
1766222494080696743,0.25323815737121613,3.671297647837527,1.0029887796272245,1.0046303521460809,4
1766222494106526930,0.5787230757277051,3.4811325200709264,1.0026440792214375,1.0044126264027564,4
1766222494155695782,1.1428212905457702,3.035316054511429,1.0046599125848896,1.0044838772293587,4
1766222494180916704,2.05619735721263,3.4563783100941783,1.0050352346128946,1.0045030366635233,4
1766222494255745382,0.4735023200537203,3.2916228352494312,1.0038263949628865,1.0044391683592466,4
1766222494280877658,1.770425604671555,3.343388853186724,1.004909505298127,1.0043708605359296,4
1766222494305944200,1.874321056198669,3.464469270140803,1.0049413352730496,1.0044955026658124,4
1766222494355730652,0.35982614531482326,3.2706161556418545,1.0032410879841076,1.0045443213345338,4
1766222494405743530,1.5817244144604725,3.3945384275658768,1.004837411986826,1.0046045938557517,4
1766222494455741029,1.0098665713000887,3.2491207484381524,1.004603592951533,1.0047584583019742,4
1766222494505694896,0.7819663467512061,3.4075315191216666,1.003965568275354,1.0044468501171724,4
1766222494655694506,0.7412635892778408,3.137453006828894,1.0042075994657775,1.0044395084039528,4
1766222494680706205,0.6952239372781666,3.600887581787876,1.00388804404068,1.0046236316759156,4
1766222494705699208,0.7477230308090554,3.520653630684312,1.0039933321957655,1.0045424065795119,4
1766222494755694112,0.459724761642466,3.2439632253194963,1.0039065889899728,1.0044959220052592,4
1766222494780712674,1.528810361917321,3.3238206937845183,1.0047909160056487,1.0045302669286793,4
1766222494805852524,0.9462222990341829,3.56636046799965,1.0039553065564593,1.0044651191931198,4
1766222494855686114,0.6138629305247889,3.10846985986738,1.004139615355685,1.0044908513100912,4
1766222494880916414,1.287981804727556,3.37100086938514,1.0045944204648798,1.0045857438341526,4
1766222494905752283,1.0611726493579,3.4533465629232616,1.0041281691725832,1.0043692087875318,4
1766222494955778445,0.8207359791048141,3.099654743665743,1.0043778376042505,1.0045011269060986,4
1766222495006410146,2.018260032025543,3.3962331391907785,1.0049887137459157,1.0043573662730916,4
1766222495055691509,2.010347801346013,2.9186290650439557,1.0055583236509544,1.0044614485761307,4
1766222495080699771,1.2233329671327287,3.4123230405388374,1.004275222333813,1.004372771815611,4
1766222495155691105,0.36601504018185516,3.303928418996057,1.0030175673630302,1.0044216247933988,4
1766222495180765101,0.2920616459229919,3.537092507660878,1.003489091010458,1.0045051152956603,4
1766222495208059150,1.169165686489615,3.565718002267469,1.0041639053242464,1.0044299162272075,4
1766222495255699368,1.012129397917061,3.2818014303278424,1.004361809520474,1.0044746302397147,4
1766222495380719951,2.0514409296918945,3.4307180470405454,1.0050030444078466,1.0043644366803455,4
1766222495455690536,0.7299811813441526,3.1685811766387753,1.0042897764535175,1.004585783129774,4
1766222495506131228,0.8351807682880352,3.166322437867707,1.0043117498966259,1.0045555730176614,4
1766222495555684482,0.5109336655173546,3.088215241106843,1.00415009901031,1.0046022496889395,4
1766222495580700338,1.2690150342606898,3.4631797235462245,1.0042781370472669,1.0043823780532763,4
1766222495605863061,0.8113204725270773,3.501638953789037,1.0039942375362907,1.0044508525956903,4
1766222495806313251,1.229528285352277,3.5376773316505465,1.0043147330032798,1.0045350293234296,4
1766222495855698399,0.4212518005375365,3.1476062234664033,1.00396641768854,1.004554371542576,4
1766222495955688637,0.5627061581279236,3.3285974758277814,1.002924575161977,1.0044791769848038,4
1766222496006749805,1.6004963614477674,3.3495787060604334,1.0048368372636445,1.0044717259728049,4
1766222496055697461,0.3661665086047705,3.278508906414501,1.0038981207807696,1.0045756982726581,4
1766222496080870944,1.3662219783814322,3.4709129998495087,1.0044257461041146,1.0044005506891631,4
1766222496155700914,0.05031356538864884,3.165929130148014,1.00377704608664,1.0046769983116832,4
1766222496180791832,1.4720898340065958,3.5074680699268543,1.0045497207910605,1.0044748871795464,4
1766222496206251282,2.4476673836815177,3.2382824843621707,1.0056941801309132,1.0045673046381394,4
1766222496280705597,1.7446794228008766,3.3016017734868264,1.0050128581694446,1.0045775661396612,4
1766222496355702762,0.004246793613660316,3.155962288527907,1.0035435646127477,1.0044320135450024,4
1766222496406222262,0.2535296509160734,3.259981493317266,1.0035663588626895,1.0043440316820345,4
1766222496508132960,0.19069478849420562,3.3427407610783146,1.0036148864989625,1.004520496583623,4
1766222496555689200,1.331813880839361,2.8681668013601658,1.0049711637249272,1.0045013458835153,4
1766222496606536907,0.3839224521404727,3.3134533098434837,1.0037808123632141,1.0044476674600478,4
1766222496706775963,0.1186763468912222,3.244884303428042,1.003364300387634,1.0044266847596937,4
1766222496755709062,0.09054153186793812,3.182159921402253,1.0036312384468076,1.0044900364389326,4
1766222496781124739,1.2603157648487517,3.4306784731255435,1.0044240770800974,1.0045242051534018,4
1766222496880717050,1.6986164473460352,3.3297462179450714,1.0050008912409438,1.004584331569517,4
1766222496955696381,0.6262130040897151,3.2247879048700208,1.0040626465903286,1.0045088235888893,4
1766222496980711046,1.0118642536027789,3.3972038845557018,1.0041973234927815,1.0044999143533924,4
1766222497080704570,1.935231635225465,3.431498659715051,1.0049585028043306,1.0044748383535214,4
1766222497155686657,0.621126894960744,3.1026832484311013,1.0041523434696817,1.0044753488367681,4
1766222497180805236,2.094149634882081,3.2403053040198895,1.0054090322081644,1.0045414796210197,4
1766222497207320481,2.11487767379559,3.5234883563082984,1.0050291163567107,1.0043932390518515,4
1766222497280770929,1.8074206494205214,3.214012806618107,1.005008967196946,1.0044480118888515,4
1766222497380727915,1.3121653328371785,3.915083304083601,1.0016238246255045,1.0044185108691994,4
1766222497407166335,0.5612694468342116,3.5252093298192544,1.003766354149718,1.004493458065149,4
1766222497455709300,0.3819580593309446,3.188193322991947,1.003124098390314,1.0044503513335374,4
1766222497480706551,2.0090475147025444,3.1428442635287515,1.005433865641198,1.0045512792465907,4
1766222497508023032,0.899537439202458,2.9000998075214115,1.00450948934779,1.0044393106761984,4
1766222497555698777,0.2512491609967249,3.2696553641862383,1.0035650344971063,1.0043797985496337,4
1766222497580703883,1.1864628826363521,3.423265269627483,1.0045292551351424,1.0046461097681325,4
1766222497607357989,1.6148882437665435,3.293381010841331,1.0049045212782142,1.004479175749376,4
1766222497707706961,0.3588482133070059,3.2041127862844845,1.0036516435627807,1.0043184933779956,4
1766222497755711725,0.8429987168985242,3.0790415495980916,1.0045685834528524,1.004653022602673,4
1766222497906810420,0.8078687267145668,2.9575630456307462,1.0045905198118261,1.0046488998461636,4
1766222497955720785,0.14270738158828067,3.258216036298158,1.003238827390474,1.0043601951435888,4
1766222498007928948,0.3846466816075367,3.2522624722238995,1.003730188456274,1.0044452126776104,4
1766222498055699742,0.5437079606021022,3.209317038141671,1.003961458267981,1.0045266155504764,4
1766222498080710218,2.4589610120697714,3.2566767944751454,1.005511025541386,1.0043971922714636,4
1766222498155709186,0.5260900495804854,3.4847258679973323,1.0036434631955153,1.0043942009692832,4
1766222498180718501,0.3923908620979688,3.669305613749272,1.003439756652719,1.00442643198073,4
1766222498207596537,0.16464208935285107,3.3481563795539167,1.0032561005621645,1.0044232208705304,4
1766222498280729188,0.5893326463832782,3.8671426436154506,1.0024658271534415,1.0046225682706653,4
1766222498407788351,0.5391134916454821,3.0822706112739584,1.004119520059493,1.0045448019540872,4
1766222498455690982,0.8195195761744323,2.9983169906232994,1.0044410031458388,1.0045445580452312,4
1766222498480703302,1.28999181800582,3.538698118213311,1.004358929352332,1.0045470461716168,4
1766222498508033318,0.9185278949306319,3.3224416987688787,1.004068236609707,1.0043573810072435,4
1766222498555693353,0.3756910058456686,3.2376212042169485,1.0036465342925682,1.0044012153631248,4
1766222498580735169,2.0749239554933574,3.540760925567095,1.0050886145465638,1.0045484251964019,4
1766222498655701666,0.6768850557643535,3.081982075080386,1.0041452084217366,1.004417674850123,4
1766222498680738852,0.803190110005847,3.806560080163456,1.002207471830434,1.0044785652273087,4
1766222498755697695,0.1182624091824458,3.018675144171054,1.0037642089290788,1.0044870150463694,4
1766222498808446514,0.5594846066241388,3.457399489663957,1.0027599352270853,1.00436628884385,4
1766222498855693313,0.5985352290016621,3.013577440298978,1.0042937320326373,1.0046009185657667,4
1766222498908800125,0.3080248951450315,3.2994048192820333,1.0031082652198464,1.0044189034349573,4
1766222498955699491,0.7150328039537968,3.11424011959213,1.004359390864295,1.0046600382315611,4
1766222498980704998,0.8842774215394034,3.672987654986352,1.0037492445839058,1.0043699486961588,4
1766222499055718173,0.5934231490338782,3.139384564984398,1.0030393721579969,1.0044700346949251,4
1766222499080736203,1.5764934347386461,3.4609012776220642,1.004706393593059,1.004495199169131,4
1766222499107834213,0.726765457863987,3.1736804331868127,1.004304993506797,1.0046069330720266,4
1766222499180820318,0.7729341590132499,3.755244098222466,1.0024190697270652,1.0045777311438995,4
1766222499207647909,0.2585714627743041,3.347953694262217,1.0031254341094291,1.0044536483211943,4
1766222499255699140,0.6701075063801909,3.318744976081812,1.0028150541462106,1.0044864337304262,4
1766222499280720948,0.8142780975797237,3.826062020003624,1.0021713796111091,1.0043928585600024,4
1766222499308700494,0.11629696488135721,3.251329335050369,1.003680998962016,1.0045822698357245,4
1766222499380713731,0.5859614816647873,3.3963288244013086,1.0039263960533633,1.0045441706166267,4
1766222499455790745,1.389909977598025,3.557289724890649,1.0044654486231475,1.0045467500346343,4
1766222499511261130,1.3772286857611782,3.3883149841058806,1.0046281660016643,1.0045329460305787,4
1766222499607176449,0.4639717593533099,3.6092774933745537,1.0026861119581685,1.0044194864231843,4
1766222499655705167,0.025502145027278544,3.217379771351834,1.0035683128053599,1.0046229071064703,4
1766222499680715654,1.0378580264585047,3.586276886194736,1.0041727073611886,1.0045584052795773,4
1766222499707640678,1.0871035001023266,3.282991931024041,1.0043867235879738,1.0044567405896478,4
1766222499807932603,0.6365488793875773,3.1997981318460202,1.0042193275924312,1.004652837293619,4
1766222499855707094,0.1358351625129206,3.2792097629604333,1.0036299814303467,1.0045516075134293,4
1766222499880971728,1.7615962256667395,3.435703967258202,1.0048633424405844,1.0044897028524782,4
1766222499955695158,0.5414120768385544,3.3447310629789033,1.0039254669022306,1.0045187942849216,4
1766222499980705203,1.7065081979086294,3.513373504753718,1.0047671112513568,1.0045743098048303,4
1766222500010070304,1.6435733125659269,3.497500585813034,1.00478166836897,1.0045935149818706,4
1766222500055700103,1.0329260593207046,3.3143441396687248,1.004271813756639,1.0044352532585195,4
1766222500108307998,0.07876040824772446,3.3369588898219793,1.0035361061539936,1.0045260041676523,4
1766222500180974702,0.612743856909459,3.4999139619888737,1.0038176315012397,1.0044474076767773,4
1766222500280746530,2.317189751806392,3.3949013218915356,1.0053276689523807,1.0045062594796617,4
1766222500308701149,1.0938908305284656,3.216250671802463,1.0045348992469045,1.0045622055554553,4
1766222500355701024,0.10654357917871948,3.2556802744420033,1.0034882852591123,1.0044554983041902,4
1766222500408700635,0.6555584075802479,3.2919679772788406,1.0040234010623874,1.0045292517135778,4
1766222500455711600,0.8340533464754607,3.4305171739161864,1.0026108516175944,1.004505838145092,4
1766222500480850137,1.667087497135622,3.505801112062,1.004594238141687,1.0044466544069575,4
1766222500508594181,1.2227115446059589,3.4236676724607675,1.0043794629800142,1.0044853929703008,4
1766222500580832170,1.3514984955660392,3.5094473803233273,1.0044255692600108,1.0044525888502713,4
1766222500608642138,0.3811361696295368,3.3416946019239537,1.0037115134403938,1.0044159500183654,4
1766222500655703668,0.35606373724705875,3.2553909684154507,1.0039281799179907,1.0046285267243251,4
1766222500680719334,0.9496698948028293,3.4531271558474983,1.0041427944382622,1.0044545806499632,4
1766222500710831218,1.4433488694511887,3.5726564316079052,1.004638114542446,1.004677492580002,4
1766222500755709084,0.04931060062340897,3.2505604209006314,1.0037462089658766,1.0046927654010034,4
1766222500780720282,0.5509984528642153,3.4528521939715824,1.0038288374346582,1.0044783597864047,4
1766222500810315415,2.060999734111668,3.1913868560281373,1.0053238727369245,1.0044270503572246,4
1766222500855702468,0.02810523849849922,3.3346214369121983,1.0034651464943205,1.0045422816264316,4
1766222500880893123,1.1982178153413514,3.5916695946798316,1.0042073251673624,1.0044258086271252,4
1766222500955704278,0.20700648543603428,3.295649362356832,1.0035922962169757,1.0044794590259505,4
1766222500980764888,1.5139153573959785,3.3866271197481073,1.0046118007899831,1.00445860204111,4
1766222501080717876,1.82886152437578,3.4821723077289217,1.004759606622668,1.004424107780317,4
1766222501112076844,0.7584886494103049,3.50091087458451,1.0038907621483966,1.004444771630971,4
1766222501155716142,1.6169824348748474,3.4328581549707327,1.004833156656877,1.0045841548330083,4
1766222501180769239,1.4550243530122575,3.5237866882285718,1.0043974164538119,1.0044061271428557,4
1766222501309221009,0.2007274763593525,3.4274519771439276,1.0031672721431633,1.0044864182054045,4
1766222501355714682,0.5412034904328511,2.9980311574624556,1.0041085862286647,1.0044242493007325,4
1766222501380714438,0.0599728776935482,3.6060734147769478,1.003201226057758,1.0046300935027683,4
1766222501410020317,0.06569259024025165,3.2930412325104585,1.0033233834654283,1.0044698306190771,4
1766222501455701233,0.4981300122577359,3.2816861922692904,1.0038183516812365,1.0044899917292167,4
1766222501480883432,1.511523567517381,4.138887049540802,1.0013543779727054,1.0045428578928803,4
1766222501555726356,0.16573407738840196,3.19898432519007,1.003665369094277,1.0045349380261404,4
1766222501609624466,0.13714539774323242,3.732219194765872,1.003206993343573,1.004529601762292,4
1766222501655723617,0.7644198165788207,3.215836918568715,1.0042702367533725,1.0045860192692377,4
1766222501680742379,0.1318950209669989,3.570860471235671,1.0032168939089083,1.0046235322278312,4
1766222501709369122,0.634975615542599,3.2940887439829063,1.0029003128019818,1.0045322115792064,4
1766222501780730743,0.3860621292144373,3.4592502460896886,1.0036206355386699,1.0044248787181407,4
1766222501808491839,0.7680875506024254,3.2767123349848006,1.0026368956373877,1.004324663940097,4
1766222501855721365,0.2967779198261855,3.167065250227075,1.0038264123018792,1.0045115220893615,4
1766222501909967328,0.9847557892730396,3.1037539070932683,1.0045368137119026,1.0045529322347764,4
1766222502009004665,0.5326184891274455,3.2279459976475713,1.0039163105407163,1.0043995839699846,4
1766222502055727879,1.0801768966273162,3.036692419856592,1.0046029442446167,1.0045012248807124,4
1766222502155709581,0.7913833151336203,2.9762587845863537,1.00444261592305,1.0045269954704783,4
1766222502180711802,2.090363268733686,3.408255059854513,1.0052435220355478,1.0045198723406084,4
1766222502208983157,0.9880438476330689,3.1296663277198076,1.0045035101725197,1.0045115668132332,4
1766222502255727501,0.4849559895030442,3.1711209391030977,1.0040172602215724,1.0045350173721617,4
1766222502280729411,2.0945384051014315,4.047371111386882,1.0008848271764295,1.0044993156452304,4
1766222502309251607,0.6802522014635048,3.3311913908083257,1.0029028964660183,1.004596902811755,4
1766222502355714072,0.4836775874668131,3.1226490823644544,1.0040992274785125,1.0045603349024868,4
1766222502380711002,1.6865099590392951,3.3363645951230274,1.004822327324402,1.0044463000598245,4
1766222502455714599,1.0147829497526573,3.1588634038929597,1.004498168436227,1.0045684217409458,4
1766222502509531756,0.47936623832045555,3.3968235726425453,1.0037675931394479,1.0044643594224674,4
1766222502555704826,0.300497028670188,3.1603642638477596,1.0037144864054997,1.0044306788680175,4
1766222502609320385,0.199747017005647,3.7868312213470636,1.0028350338980054,1.0045260890612127,4
1766222502655696827,0.20271713053521268,3.2063772333330833,1.0037992656785286,1.0045773660222483,4
1766222502680717633,1.6225575801840364,3.544142569549329,1.004553864080306,1.0044161537186,4
1766222502709178273,2.401766933629146,3.3786562473867825,1.0055412266914225,1.0045420113076735,4
1766222502755712302,1.0064808849328255,3.13210984091081,1.0045561780445509,1.0045413512356722,4
1766222502780789253,0.27188424205082384,3.673029302669427,1.0028612338805833,1.0044685002035356,4
1766222502809474135,2.4812144606531916,3.3377441422361307,1.0054665379576666,1.0044086608760519,4
1766222502855699985,0.6193458527445905,3.077728170099751,1.0040980473467807,1.004479436907108,4
1766222502882075667,1.0223177425159324,3.4949764614438275,1.0041463557880594,1.0044730317609294,4
1766222502912722987,0.4791220191961987,3.5115914181098606,1.0037788614070058,1.0045283552087927,4
1766222502955953587,3.5608619778526585,3.201965971624157,1.0066013976385182,1.0044409311075086,4
1766222502980733019,1.7817055821796046,3.3790256661404157,1.0050977379409238,1.0046058041622998,4
1766222503010011176,0.48099468563744807,3.2691997669791037,1.003808422906491,1.0043787223018923,4
1766222503081379260,2.2716505388109542,3.4806005186110074,1.0052643893422435,1.0044860039637968,4
1766222503111023405,0.008450993551400998,3.438549665203515,1.0033683700926763,1.004533239720078,4
1766222503180761725,0.3927661239531144,3.6468935124074875,1.003445339239785,1.0044133643161892,4
1766222503209820961,0.15758301250157203,3.321482344645495,1.003539727919453,1.004432762183419,4
1766222503255714275,0.7842055598679121,3.1040991811098126,1.0041656053107022,1.004455485825174,4
1766222503280725002,1.3610983301239887,3.310274357865457,1.0047033753074692,1.004524240826654,4
1766222503309979024,1.9003839604676553,3.259083239262246,1.0051104717035924,1.0044556300910135,4
1766222503380791673,0.6333589869913503,3.5809945327233654,1.0038828913982054,1.0046380331974882,4
1766222503409627619,0.18169195038075792,3.6022131505111252,1.0029195701612132,1.0043887179655735,4
1766222503455700511,0.6917907521122313,3.0968862701514692,1.0041314322273867,1.0044198846271946,4
1766222503480726557,2.276260113389439,3.473753490109072,1.0051377071475278,1.0043527372451744,4
1766222503514493059,1.486404771207539,3.5534251136511568,1.0044584786458775,1.0044002025083538,4
1766222503555700918,0.032581817957844095,3.6133397378089214,1.0031957800184572,1.0044861841832349,4
1766222503684471136,0.990888596148487,3.1893527252804583,1.0043034558117037,1.0043957430591317,4
1766222503713621092,2.0554674016088903,3.296710880237437,1.0052065692080465,1.0044425015297005,4
1766222503880782154,0.044528195260351566,3.6417156221148197,1.0032251850053147,1.0045643893042464,4
1766222503910029734,0.4165334088390704,3.41782331563038,1.0030279007569094,1.0045513458152413,4
1766222503955708194,0.0414771278025583,3.288983942015929,1.003433020161312,1.004472440089428,4
1766222504055711907,0.6495352053625947,3.2258301540648007,1.004032413923071,1.004452959731142,4
1766222504080732262,0.9643840445923146,3.345435557424772,1.0043860513973106,1.0046710847111837,4
1766222504155751597,0.8157563019659531,3.2055563794401944,1.0029230154094915,1.0046309796590815,4
1766222504181155854,0.7620486423078887,3.899575217420143,1.002152301290381,1.0044456350476247,4
1766222504209813434,1.2368081483231652,3.6100078775660926,1.0041648795709075,1.0044105863329955,4
1766222504255708943,0.3034195857016808,3.3553226853173364,1.003512340795163,1.0043358682081598,4
1766222504280749536,1.5986945124641938,3.4965538941425027,1.0047332561053568,1.0045263695439635,4
1766222504310026440,1.429617471940814,3.4330285758272323,1.0045042609821326,1.0044614063266086,4
1766222504355713547,2.3273718293392864,3.0034658733298385,1.0057364156168147,1.0044945645197345,4
1766222504380725136,0.9741365238324917,3.3817998539674874,1.0043976010642464,1.0046421777191352,4
1766222504411868879,1.11498511259156,3.4178272659366495,1.0043853057560943,1.0045764421281946,4
1766222504455711369,2.073229578683611,3.3096199935132553,1.0051409591664433,1.0043886476014965,4
1766222504480713539,1.381294919500231,3.462202325957645,1.0044649118691023,1.0044254066715952,4
1766222504510435100,0.7275803681199289,3.192192352116502,1.0041377313303177,1.0044812796577276,4
1766222504580726460,2.0442215327922675,3.3578537606526475,1.0051831103937685,1.0044901901717644,4
1766222504611204452,0.9787588110958811,3.516506466368315,1.0040769388261441,1.0045188826459082,4
1766222504680722047,0.23630982363198605,3.590492994100595,1.0033346188654957,1.0044307185011336,4
1766222504780856776,1.0728587238471032,3.4124357699030257,1.0041285612413227,1.0042851917461686,4
1766222504880716107,1.5815989238945338,3.2967477030788634,1.004728892292039,1.0043429137215694,4
1766222504955708261,0.37467607009178394,3.297997068154953,1.0029557256397883,1.0042717972170094,4
1766222504980712025,1.1132400481552729,3.523850909196683,1.0041497033208693,1.004464856876854,4
1766222505010417535,2.002072123802323,3.4052954447259474,1.0051494427595165,1.0044567274723586,4
1766222505055764362,1.0086561939686156,3.9789805031939025,1.0019841007986654,1.0045848097779229,4
1766222505114533606,2.5508292741318606,3.3892802091896796,1.005477401051507,1.0043758709796597,4
1766222505157806345,1.5330065201026866,3.424531343961954,1.0045523763549744,1.0043603653391873,4
1766222505180723447,2.14871747636014,3.2982458547930538,1.0052515265767537,1.0043848870702041,4
1766222505210739391,0.5813702194394921,3.047547398826823,1.004214094725346,1.0045316166032938,4
1766222505255726753,2.0622500728844084,3.403938427064102,1.0051578814702413,1.0045292768303853,4
1766222505280736537,0.8715900930067466,3.451615859472701,1.0040446565331982,1.0044878666153794,4
1766222505311837240,0.7562434855294953,3.4718877362144207,1.0039408490392492,1.0043673795599823,4
1766222505337843517,0.6022851149578567,3.3671322888337905,1.0029059991992313,1.0044672855694554,4
1766222505410806278,1.153624962949129,3.4058808976091566,1.004502100047781,1.004660297582654,4
1766222505455700434,0.10375999275424874,3.1119372649179082,1.0035810912700138,1.004391031501594,4
1766222505480732130,1.6727169005334996,3.386716280978799,1.0047835319843261,1.004476818835475,4
1766222505510807165,1.5319034487091265,3.4976139803355046,1.0045856016109163,1.00453536370309,4
1766222505555711210,0.17417084742676892,3.172441435495614,1.0035811958711078,1.0044239274303235,4
1766222505611143022,0.6308814753133163,3.479394042741775,1.0040248630836819,1.0047074790220574,4
1766222505680739345,0.9987281063517095,3.4386233862669253,1.004193491640058,1.0044268705437662,4
1766222505711098984,1.9299584376695211,3.3129704629431056,1.005104849393339,1.0044444490329716,4
1766222505755930353,0.6898517907312218,3.535092251866876,1.0039811350889176,1.004606586862311,4
1766222505781812227,1.771996014706012,3.3193683559595306,1.004994848712134,1.0044514909864182,4
1766222505813824733,0.8709278355918393,3.162093102374418,1.0043531614782935,1.004456727673354,4
1766222505855705856,2.3955471549130802,3.2787689955590578,1.0053879394457406,1.004346988504811,4
1766222505889729713,1.0884948660430105,3.55755385673997,1.0042648719070437,1.0045315305268576,4
1766222505918094232,1.6067966312376392,3.4779927391354755,1.0046251742005627,1.0045099745487716,4
1766222505955718175,1.8224459776223778,3.1216322602755837,1.0054076739562428,1.0047715581071712,4
1766222505980792190,2.0697236404130237,3.305684705490735,1.0053500793886527,1.0045651832301643,4
1766222506055721296,1.0866874731796372,3.372348164001542,1.004302551398685,1.0044251290655677,4
1766222506081072853,0.9404412125686434,3.438986207894106,1.0041234828404753,1.00449028179113,4
1766222506181218322,2.103946788930555,3.404429776014488,1.005328327304144,1.0047023402368338,4
1766222506255712941,0.4270559799417484,3.1521995818307094,1.0031691518092576,1.0045001293145805,4
1766222506312310814,1.107657769161996,3.0724297125874096,1.0045482049964634,1.0044509568227944,4
1766222506355852990,1.3861001374415594,3.3234783921905486,1.0046506116524785,1.0045187839893062,4
1766222506380712682,0.35817826642881023,3.866816991804615,1.0023906031397365,1.0042710699313646,4
1766222506410764023,0.7050642474608626,3.4344299311770223,1.0039508075697006,1.0044952051259322,4
1766222506455711289,0.2865308192026017,3.3004440446436396,1.0037718769332842,1.0045982338307426,4
1766222506480762582,0.9699052424383403,3.584259580635857,1.004147624482414,1.0045289160628803,4
1766222506555745689,0.316379234264641,3.172783118585672,1.003158777375776,1.0043438994159575,4
1766222506580726139,1.2764235655315925,3.295121778633312,1.0045437925074436,1.0044558764746103,4
1766222506611630041,0.028312424115162216,3.169450468749441,1.0035443494123881,1.0044119994033465,4
1766222506655709166,0.5676494468045412,3.3360299535957085,1.0039502923338683,1.0045238674590284,4
1766222506683526116,1.3041817121086652,3.410078991213668,1.00442186040373,1.004526968741903,4
1766222506711129075,0.39154463041612964,3.261216450567979,1.0037100491743787,1.0044050898682209,4
1766222506755719881,0.011385069907499101,3.0458493420730797,1.0037444324427582,1.0045601944778815,4
1766222506780716972,1.330324152378326,3.635757532880274,1.004330539491892,1.0045316993064768,4
1766222506811070189,0.5068498370917052,3.429783090281326,1.003751353093647,1.004518312354796,4
1766222506880741113,0.3209373022514672,3.6433625406250085,1.0033851698948462,1.0045517790060272,4
1766222507055722051,0.8042773343650556,3.0649209432476945,1.004479910150785,1.0045510830022848,4
1766222507155719682,0.4260773752140512,3.5617098253818757,1.0036075190999065,1.0045323931839982,4
1766222507180754453,1.6378712630287229,3.2387828572780486,1.0048700088639462,1.004502005900952,4
1766222507255712604,1.0453755985058155,3.3307652946668056,1.0043441703597893,1.0044692528791632,4
1766222507356341912,0.7623149169004861,3.6262423367215533,1.0037727155846494,1.00451936962489,4
1766222507380734877,2.2778929789470936,3.384393888990687,1.0053403178509193,1.0044088841211471,4
1766222507413787027,1.04517344169186,3.0483755079409134,1.0046070676922498,1.0044823534501421,4
1766222507455707354,0.02648652682535335,3.2069585226554698,1.0034356797383417,1.004441888633164,4
1766222507480732979,1.5693658974142988,3.2059996179098182,1.004933751951941,1.0044664203608817,4
1766222507512055137,0.6108232598671659,3.553161415663496,1.0037402074612327,1.0044704199059935,4
1766222507611097823,0.15272070505112367,3.1811761388472726,1.0036416685724028,1.0044697251490617,4
1766222507655723906,0.3918024254754293,3.13081262467464,1.003817613925752,1.0044035043110306,4
1766222507680718933,1.4678440844664298,3.3194532480781564,1.0048150149891983,1.0045913862988722,4
1766222507711610041,0.05520248627766122,3.1522914265702737,1.003590246586194,1.004463478917282,4
1766222507755736514,0.14227212272999168,3.2311189462578,1.0033521160728247,1.00448982132107,4
1766222507780736741,1.6716591259611224,3.3770808443558824,1.0047557280417538,1.004430091424464,4
1766222507855726841,1.0521172490340902,3.400256595739121,1.0041874543146003,1.0043884568742671,4
1766222507955712660,0.1312707548730696,3.1645050367604917,1.0036366098946197,1.0044511740436441,4
1766222507980710903,0.12189279943486397,3.198945623859262,1.0036366098946197,1.0044606692685965,4
1766222508012326563,1.4208642857602705,3.5000310616154247,1.0042873886868644,1.0043644651567878,4
1766222508156896806,0.703604752736231,3.290032840977646,1.003989814030974,1.0044074445242328,4
1766222508182570258,2.1673501965244757,3.3148379120582963,1.005126220873399,1.00429710179907,4
1766222508205742679,1.1709783347382263,3.073957304888348,1.0045339330461107,1.0043720778717413,4
1766222508255719077,0.6752973560102404,3.077523506251044,1.0041501001848956,1.0044458429673877,4
1766222508280722289,1.104731850302354,3.4377289507024846,1.0041688944339267,1.0043474412379987,4
1766222508355724543,0.16069980943167472,3.4058160930798884,1.0031823847327217,1.0044400866010186,4
1766222508380768632,1.1907110879449956,3.422704417736189,1.004252890847479,1.0044257186086718,4
1766222508412187943,0.14630142291260917,3.22250720257468,1.003288426720672,1.0044693768994057,4
1766222508456942767,0.2951029975295505,3.700704947316212,1.0033334474572817,1.0044651423908701,4
1766222508481732899,1.9614343729030814,3.2383178654475215,1.005188065257847,1.0045085241645233,4
1766222508511458517,1.9614343729030814,3.2383178654475215,1.005188065257847,1.0045085241645233,4
1766222508555711448,0.24677809960294006,3.1721018206066502,1.003327916121443,1.004489218964221,4
1766222508580714901,2.33600941326495,3.293636553767221,1.00561618841556,1.0045496201643178,4
1766222508655708518,0.6854402630676049,3.006314535601904,1.0043705976543689,1.004663820321457,4
1766222508680706620,0.7406844265356316,3.515525409889849,1.003885760048785,1.0044716055914213,4
1766222508780859883,1.0519488834765944,3.7053501589744307,1.0021808042760925,1.0044778354629074,4
1766222508805713695,1.3680176620309847,3.3886272424863586,1.002235201818535,1.0045473676503687,4
1766222508855725359,0.13058100919582927,3.5385619053104875,1.0030772544081679,1.0044125888547162,4
1766222508880768817,1.516968523950002,3.4869974310700624,1.0045002507932133,1.0043753121823185,4
1766222508912217604,0.8765157035544036,3.8549791182955144,1.002182876246675,1.0045920477693646,4
1766222508955706909,0.5975334792969189,3.2245634338726976,1.0039799838533539,1.0045155353467652,4
1766222509012347412,0.9563032793979964,3.651333399175395,1.003931116027108,1.0045233908387003,4
1766222509055713046,0.3136207697320703,3.7202280538101116,1.0028180511464435,1.004531053704986,4
1766222509081651937,1.1551050969249577,3.344680448543115,1.0044620884130069,1.0045031190596645,4
1766222509112102687,2.1149179334178925,3.3556211601169026,1.0052962461502453,1.0045107252672882,4
1766222509180775524,0.4338155822141143,3.4422486727284154,1.003659400973253,1.0045038975307101,4
1766222509205703836,1.1819615735400024,3.113316178013478,1.0047087504217063,1.0046224557519925,4
1766222509280715286,1.8333994309520651,3.3372439670209184,1.0050283890042815,1.0045063813036834,4
1766222509313341255,1.343865349193507,3.109829266424794,1.004662811849436,1.004338058407371,4
1766222509355719844,1.916206289000577,3.2899180916187243,1.005130227308208,1.0044829736776368,4
1766222509405700600,0.2286876799102444,3.2236678574047053,1.00332261918038,1.0045456779383373,4
1766222509455700632,1.250297320150029,3.071667171015074,1.0048696449867474,1.0046145281094148,4
1766222509480716939,1.3998423612844313,3.031869187163905,1.0048696449867474,1.0044636709984922,4
1766222509505701517,1.060769508802073,3.1010809554096648,1.0045500166649919,1.0044876668430738,4
1766222509555711027,0.781610914288855,3.257557802297892,1.002680800130824,1.0044276069834468,4
1766222509580701665,0.8095909785663657,3.2688275741734434,1.002680800130824,1.0044561170947308,4
1766222509711830215,1.1480397841812096,3.201165051045841,1.0045212540080002,1.0044852457743558,4
1766222509805701621,10.127150325887957,4.916523996058487,1.008134741801232,1.004585595044592,4
1766222509855704699,0.14991338133940602,3.1752207944957744,1.003367470794092,1.0043998786065504,4
1766222509880778825,1.3116952155272088,3.4872689956497576,1.0044616661454435,1.0045114574072154,4
1766222509955719131,1.4144750758304792,3.470028387446798,1.0045185003923207,1.004399232172159,4
1766222509980761978,0.012125020812048248,3.282945232194861,1.0034594557465926,1.0044553207986078,4
1766222510055705220,1.2520695182347552,3.0113540213152095,1.00474899734712,1.0044698930872962,4
1766222510180701714,1.3498243722980252,3.3144930041744054,1.004632330645353,1.0044817954430856,4
1766222510205709445,0.8721324924323426,3.0941808381650446,1.004440782641226,1.0045488260262165,4
1766222510255706311,1.6438851561049184,3.3782830755985667,1.004888919356845,1.0045284464978046,4
1766222510280734220,1.7502574448524655,3.406276118925012,1.0050422043303227,1.0046617661560269,4
1766222510380717013,1.1024000852861704,3.5094047090026885,1.0041788972663341,1.0044416112128947,4
1766222510412729488,0.4239975270736718,3.328764450527448,1.0038560724110912,1.004526769145509,4
1766222510480765378,0.8002509317053264,3.4970554365085564,1.0039546846878054,1.004446394802892,4
1766222510655709697,1.5358854417004686,3.4699377066769683,1.0045228702795943,1.004449653958636,4
1766222510680714412,1.0418483671981171,3.217993345340123,1.0044312005470142,1.0045441725450228,4
1766222510712815524,0.8733085536212215,3.3434775321616876,1.004055311485177,1.0043414056595001,4
1766222510755726553,0.7206124956171678,3.0538847567721414,1.0043654964236135,1.0045601300088098,4
1766222510780719897,2.7666265256054423,3.215995315153426,1.0059265870090335,1.0044667149113382,4
1766222510855708794,1.2144198665857697,3.225648765222197,1.0045714330436997,1.004474548099967,4
1766222510880724941,1.988103344855885,3.465577036786685,1.0050731943499893,1.0045198503123602,4
1766222510912866820,1.2466820424561487,3.308067819305392,1.0044557699789765,1.0044562253688498,4
1766222510955711324,1.4474808714577403,3.359757145633997,1.0046912742981686,1.0044900996663149,4
1766222510980726589,0.8822434712729699,3.126764896295172,1.0042552277879169,1.0043302276766475,4
1766222511012796332,0.7016725100705834,3.197521052230791,1.0040470277349616,1.0043788271249907,4
1766222511105695050,1.3098463758582923,3.273182890698653,1.0044978012327517,1.0044018221742086,4
1766222511155808385,0.2740745653684318,3.4718204963405577,1.003490634473806,1.0044272871594242,4
1766222511180740554,1.0585892182790602,3.4691907630285854,1.0042398227324443,1.0045307693840675,4
1766222511205717116,0.695832493549764,3.071542186536409,1.0042483527794903,1.0045166810256672,4
1766222511255740733,1.0507408111690708,4.074936768912423,1.001640980440757,1.0042841257246196,4
1766222511281252180,2.1364978058984185,3.439222717048551,1.0051013573746839,1.0044255845499936,4
1766222511305713113,0.9862701119693895,3.233965009335442,1.0043133836576192,1.0044739671247565,4
1766222511380852394,0.2152609663652605,3.2262621605506077,1.0036483139080807,1.00441494958252,4
1766222511405725411,1.3503418642286658,3.234796755426426,1.0047170205240379,1.0045274208188648,4
1766222511455706518,0.5889621878589768,3.365426779144398,1.0039643622160315,1.0045366809595302,4
1766222511505697533,0.2427527541453145,3.3918570702885464,1.0030224755274932,1.0043316330970191,4
1766222511555697075,0.6248945132707462,3.103639441002569,1.004005988615113,1.004350475457917,4
1766222511580949756,1.233999294367516,3.265227968956204,1.0044883981196382,1.0043650487520086,4
1766222511605710542,0.48137393590974575,3.0385175031237024,1.0041025421168412,1.00447393039964,4
1766222511655708190,1.614941570151407,3.510401564220802,1.0045309230323864,1.0043224137775963,4
1766222511680725950,1.2525446701803222,3.3841435819818595,1.0043310589394225,1.004410514376248,4
1766222511705713322,0.6890911337489314,3.1328674082124626,1.004016075141124,1.0043554152030936,4
1766222511781945326,0.9647610550711505,3.5379121827531255,1.0039696301624739,1.0043851657016574,4
1766222511805708047,0.36133583213815434,3.090293828844834,1.003937361890346,1.0045137474912198,4
1766222511855702979,0.16646015675836345,3.195864275855155,1.0036600434995089,1.004522097511479,4
1766222511905695357,0.3668728857773029,3.150707599642905,1.0038594609827436,1.0044640931251088,4
1766222511955702813,0.7041481062193267,3.5872559450777937,1.0037089499941865,1.0043847773014185,4
1766222512105698783,1.1321321397255169,3.4629068672978245,1.0022037009148466,1.004418381621132,4
1766222512155700348,0.2980707322615128,3.2168036905990287,1.0037391776055649,1.0044706007559998,4
1766222512255719158,0.29837207696847834,3.5159237809437327,1.0033660286609583,1.0044055713236408,4
1766222512355757274,0.6328041707812648,3.4086378065991196,1.0038799951636257,1.004471901994012,4
1766222512380845516,1.0232409261610176,3.391484334614719,1.0043383183124974,1.0045666576220886,4
1766222512405757196,0.32493412689449386,3.1923445700204636,1.0038814416594724,1.004553695670905,4
1766222512480721938,0.9372889712475629,3.3081368873210932,1.0040897476992292,1.0043331464253284,4
1766222512514968011,0.9551099516409423,3.187281892118683,1.004182668306874,1.0043178002696125,4
1766222512581480949,1.1428976457537043,3.2798940715931697,1.0044850022893026,1.0044871441749992,4
1766222512655712513,0.6597209980865326,3.244619408970587,1.0039397653123552,1.0044098014256402,4
1766222512755764916,1.666688127551108,3.4121650470441316,1.0045471704077777,1.0042909331562224,4
1766222512805763806,0.697520305132926,3.316530387351128,1.0040805214504538,1.004494086659093,4
1766222512981514088,2.148094711868609,3.393247585396168,1.0053143254818249,1.0045925817503096,4
1766222513105748129,0.9144190005148101,3.3958208898412465,1.0025020951178127,1.0044558066949465,4
1766222513155753852,0.2886026523221119,3.545300306151439,1.0034024389909282,1.0044275975457093,4
1766222513180758447,0.6599970048712933,3.4010494628491,1.0027731083522895,1.0044857836348893,4
1766222513205748855,0.440476314454763,3.169691224743656,1.0040107325193361,1.0045070946599526,4
1766222513305758477,0.635003914681187,3.1030000905205406,1.0030704927520655,1.0045039020719946,4
1766222513355795239,1.87355065092909,3.2383618170836495,1.0051732803836675,1.004504814434136,4
1766222513405765314,0.6089906851465265,3.0548860174654004,1.0039010479065542,1.0042270497145624,4
1766222513455761770,0.39715618814128995,3.162124897945781,1.0038538963599408,1.0044307852040169,4
1766222513481439079,1.6182587513748903,3.5638966067901907,1.0047184855604763,1.004544950835621,4
1766222513505752905,0.967276301803377,3.3551924544606475,1.0043427683921597,1.0045544865029565,4
1766222513605767136,0.6516976480392955,3.4667724396291497,1.0025576051727052,1.00431263665852,4
1766222513655767008,2.1423064350141185,3.363902073622048,1.0053592520559202,1.004565933520357,4
1766222513755760380,1.9179478644222314,3.3134147600862165,1.005180876065901,1.004543519366897,4
1766222513905754004,0.2873857217542408,3.2472478675478653,1.0037617299898003,1.0045527328628823,4
1766222513955756701,2.0092852947339868,3.3318323421927376,1.0050234195062802,1.0043708679423087,4
1766222514005761332,1.1583221657254228,3.1613940274742593,1.0046306775992058,1.0046072646525048,4
1766222514055759401,1.0311104168490015,3.465614887265801,1.0041445621301506,1.0044538409878263,4
1766222514081010338,0.6941874920427527,3.5967642596384986,1.0039680185438353,1.004700986629828,4
1766222514105768159,0.6207637367101615,3.3837832096978477,1.0040134997479973,1.004605503218416,4
1766222514155894739,1.5087021730890715,3.2261403052843733,1.0048190756916378,1.004452095472791,4
1766222514181866692,0.46614098830932704,3.1207254113026943,1.0040775760486522,1.004524873150107,4
1766222514205756692,0.40229727488005906,3.2027640510111537,1.0038598584067757,1.0045269959178071,4
1766222514255765310,2.0227283710192445,3.3220905174229323,1.0052592536855591,1.0045633832471996,4
1766222514283908023,1.1133543069328233,3.5524374710438327,1.004188010421077,1.004449400191446,4
1766222514382003006,2.2121297034682907,3.218369103897379,1.0054405752729867,1.0044957414758349,4
1766222514455760089,2.3818250962948095,3.299318739662234,1.005595570035238,1.004552632914168,4
1766222514505769358,0.1383380260653322,3.314341083201687,1.0035255384212092,1.004492431819486,4
1766222514555779329,1.7495091084240855,3.258841768946281,1.0049539956466202,1.004420441152542,4
1766222514581120196,0.5875650486326656,3.4779512911261117,1.0038553516123845,1.0045045726080137,4
1766222514705769086,0.9924258309041978,3.2181522582309947,1.0044948065930261,1.0046016844895973,4
1766222514781238787,2.68466704703596,3.200503780899181,1.0059443474116732,1.004556240362553,4
1766222514805767697,2.1924910363906314,2.95901381037709,1.0056760730708958,1.0044992901278342,4
1766222514855771186,1.0441522032027528,3.627249942351385,1.004015359991889,1.0044885092060307,4
1766222514881409832,1.3366961572407465,3.3485917217272263,1.0045226002189687,1.0044327522828995,4
1766222514905761840,0.3819724155593729,3.1792573035879563,1.0038250005505311,1.0044236136820115,4
1766222514955820472,0.9347429432982057,3.398501715399135,1.0042801943106543,1.0045580009122699,4
1766222514981262790,0.22343212809938784,3.279029375781887,1.0033724408723375,1.0045648032588799,4
1766222515005762455,9.833191220509852,5.311535659160292,1.0070103060178703,1.0045480152713202,4
1766222515056179992,0.9670810653799045,3.4292093606655727,1.00413250978784,1.0044109745079088,4
1766222515081218070,0.6876757261848887,3.610247628807142,1.0037258145787977,1.004526733314152,4
1766222515155765287,0.888138266051941,3.240714164019619,1.0042182107569186,1.0044921767724417,4
1766222515181508038,1.0860642948289367,3.5610674663289217,1.0041740261080123,1.0045371279876063,4
1766222515281933512,1.1162673114755162,3.486056403794491,1.0041452990594704,1.004368347858573,4
1766222515305756316,0.5282869963310066,3.2666157526731303,1.0038198810279273,1.0043558520939018,4
1766222515355825658,0.49596166799092956,3.4430087093718926,1.0037109545226952,1.0044449975821403,4
1766222515381653630,0.903852085513579,3.484741982229503,1.0042414713232952,1.0046404850593988,4
1766222515405770717,0.07552395700494152,3.2961322541165354,1.0037181551382854,1.0046830180833495,4
1766222515455783413,1.1756561529117082,3.412662369836916,1.0044285614679869,1.0044295368258176,4
1766222515481500937,1.5133128447191169,3.375380852736086,1.0047534746640145,1.0045068081134865,4
1766222515555785761,1.716419473096753,3.576194737371684,1.004710496605187,1.0045207777265586,4
1766222515581905622,1.5990512847610105,3.3102212322259277,1.0048235980977847,1.0044953891347006,4
1766222515605770615,1.1137985293285801,3.0522524496448757,1.0045466298908143,1.004411106720495,4
1766222515655845998,0.3366072683899102,3.495468745254079,1.0034848650086599,1.004411636897896,4
1766222515683930081,0.2888437745185435,3.3025145189937946,1.0031117376526095,1.004439090322382,4
1766222515706385654,0.37346441988295176,3.412086409479566,1.002979174768736,1.0044623138398625,4
1766222515755927645,2.5076687663136976,3.4274084174775505,1.0054633507596076,1.004485022785229,4
1766222515781588543,1.3179071375402085,3.2397316091034565,1.0046210679664282,1.0044940274569305,4
1766222515805765623,0.028953131289366496,3.2954447341121385,1.0034079345335252,1.0044333159055,4
1766222515855898414,1.5502317740343496,3.5287121706765867,1.0048002872848454,1.0046472895921759,4
1766222515881293793,0.6614767960444468,3.2663685360085988,1.004019735559417,1.0044167179671022,4
1766222515905802556,0.3047399536748596,3.32434092462098,1.0036045153654798,1.0044114327508857,4
1766222515982115592,1.2324446225802088,3.6722254861143724,1.0041043575454032,1.004476974258597,4
1766222516005767504,1.62286935413114,3.2814904849982245,1.0048125223193813,1.0044925986287125,4
1766222516055776613,0.7528348823115927,3.2783420618184156,1.0040633434355157,1.004440596071664,4
1766222516105778218,1.3614107620809612,2.9621459392766627,1.0048840252668243,1.0044926125862672,4
1766222516157541464,1.141376128101168,3.6092483069572694,1.0041767604339917,1.0045752066344706,4
1766222516205760679,1.503733224337278,3.1205725523902514,1.0049724696750024,1.0045369270344457,4
1766222516255767744,1.5044074316172829,3.4783636003120577,1.0045936348383853,1.0044518562440916,4
1766222516305766023,0.7333411243082288,3.88065475457887,1.0020670164081864,1.0043473194846562,4
1766222516355785020,1.910003840368768,3.2909882997089306,1.0050806978639102,1.0044233224066432,4
1766222516382438174,1.2998470889888925,3.4592922380792217,1.0043908862897921,1.0043631485841094,4
1766222516481936034,2.071498685000117,3.126758650382815,1.005485587402488,1.0045687132744694,4
1766222516505761663,0.5943760194559999,3.159840373139317,1.0041318775908854,1.0045872270560947,4
1766222516555767826,1.321782450538933,3.637956437970649,1.0041945706269277,1.0044359707750203,4
1766222516582307666,0.8382309157384249,3.4485315467111226,1.0040688001858349,1.0044562308125213,4
1766222516605906689,0.8382309157384249,3.4485315467111226,1.0040688001858349,1.0044562308125213,4
1766222516655763652,0.7750687067806794,3.306497896335966,1.0042923826406087,1.004680019861978,4
1766222516706221755,0.9993431553141363,3.0527853063668564,1.0044954768591137,1.0044379442478173,4
1766222516755786799,0.5485851893856086,3.499289510764933,1.0037610233603305,1.0044413639182708,4
1766222516783333201,0.09416628088620982,3.246917711985628,1.003502531617238,1.0043992535622852,4
1766222516805765010,0.12289687586308773,3.350678665306924,1.0034136729277523,1.0044486093250202,4
1766222516855775461,0.7455628195318642,3.529604932010139,1.0038328708469282,1.004395377567269,4
1766222516883311644,0.09537547439841809,3.2881982620625023,1.0034324469351152,1.0045358504404545,4
1766222516905775584,9.910985186026178,4.9820499748176585,1.0078192185778565,1.004635870159345,4
1766222516955932600,0.05341573534112243,3.695276846930873,1.0028475648964803,1.0043139133759977,4
1766222516982190210,0.6099392296652351,3.2137341511552946,1.0039613581323186,1.0043736283330142,4
1766222517005781388,1.4042368951252548,3.343382907465596,1.0045553282198545,1.0044062854080602,4
1766222517083601155,1.7434168341536882,3.3281941518376055,1.0049992730505246,1.0045194750070656,4
1766222517105802001,0.4080852485865982,3.1437041675896102,1.004066385858554,1.004628305679787,4
1766222517155782486,0.0067679226132266734,3.8649574158912614,1.0028381439949394,1.0044116274775952,4
1766222517182853073,0.3303488946377886,3.4058871055501063,1.0035912749347464,1.004431787967196,4
1766222517255868842,1.526664849879289,3.407937537328724,1.0046224058674462,1.0043915205276988,4
1766222517355774638,1.4514204538429443,3.474643453811422,1.0044869855265721,1.0044153356027348,4
1766222517382390121,0.4824689145337402,3.2239872528095987,1.003876960146313,1.0044707343940036,4
1766222517405772957,0.5011399669492267,3.2099869852628182,1.003986800163501,1.0045093521212254,4
1766222517455776375,1.8549586278000518,3.24399277422161,1.0051153043628178,1.0044382833003236,4
1766222517482291529,0.691117970587074,3.076137073470408,1.004135407747755,1.0043009453095577,4
1766222517505775446,1.5055908946113306,2.9986402434616117,1.0048496408071868,1.0043001303314434,4
1766222517555780477,0.8950595400329941,3.4344614084549443,1.0041745656301295,1.0045167292258679,4
1766222517582565417,1.3410448324866486,3.5466733586528862,1.0043726542868696,1.0044666939723752,4
1766222517607616099,0.5615726533236831,3.325215249812879,1.0039974459015184,1.004596531061813,4
1766222517656393703,1.7748542427156178,3.363089797933921,1.004817588409228,1.0043869959694762,4
1766222517683198771,1.3329929290271103,3.499556718832182,1.0044886566837348,1.004486506213629,4
1766222517784855448,2.1979065770583173,3.3415117020489262,1.0052614367008432,1.0044384787412082,4
1766222517806167173,0.771078282505222,3.132903100560303,1.004253173312604,1.0045115872924497,4
1766222517855776861,1.043437456333507,3.4125407298203085,1.0042773029486458,1.0044851730502822,4
1766222517882986950,0.2474203266233932,3.5086737810165256,1.0033729302744858,1.0043974221049328,4
1766222517983721404,1.070342166704208,3.0977928586210437,1.0043902761700438,1.0043549470901918,4
1766222518007520914,0.5154663674138416,3.1880148113688613,1.0039786221230387,1.004452737421596,4
1766222518082936603,0.5374444369543596,3.195568986539516,1.0040208371206287,1.0045493734523872,4
1766222518105774705,0.09511162046926813,3.2965909083053155,1.0036234957267107,1.004606624202949,4
1766222518155983079,1.5057885671956317,3.2684012338051587,1.0047189053012924,1.0044590538404032,4
1766222518183444731,1.4483976611734395,3.4076884323372396,1.0044791444281882,1.00435012957634,4
1766222518206364117,0.38421521521914137,3.1523586940645414,1.0038492543752833,1.0044449129116007,4
1766222518255793847,0.8174939567191508,3.490344853603216,1.0041482330474856,1.004609238385475,4
1766222518282240291,1.3891380989923263,3.4031741364164048,1.0045624216583136,1.0043918782611938,4
1766222518305778139,0.47249739066224095,3.241523534347779,1.003918784292746,1.0044288576947964,4
1766222518355785494,1.1098014803943013,3.8958012281928047,1.001904035776152,1.0045441228103438,4
1766222518405801687,0.5718268014898165,3.15314004735093,1.0039920342237225,1.0044271332656312,4
1766222518455979342,0.7742532541692437,3.835081195550079,1.0023629414239041,1.0045839430957146,4
1766222518483209911,0.37628918263310496,3.6510652883237236,1.0033663655130531,1.0044281872520746,4
1766222518505814925,0.5309241189153102,3.2398749079247233,1.0038616153385194,1.0044223724720287,4
1766222518556057964,1.5372181001147567,3.4542871141597176,1.0045665691096646,1.0044116707521382,4
1766222518605793068,1.3303785915383948,3.0019422462994396,1.0049509216206296,1.0045977975490266,4
1766222518656056154,0.2979091231996023,3.4852751442765153,1.0033653722380687,1.0043019739083325,4
1766222518755789626,2.7744134030029954,3.505932054363849,1.005548703036185,1.004396290409108,4
1766222518783003924,1.2775244239258132,3.203333182730785,1.0045583123544648,1.0044439390283963,4
1766222518806286943,0.9096731335840325,3.1576256798746516,1.004420701232776,1.0045673834883138,4
1766222518855782596,2.2743351795389,3.4784515251878556,1.0051098117111559,1.0043692027247644,4
1766222518884112461,1.2428607153056603,3.0976089003246425,1.0044605328984084,1.0042863102652768,4
1766222518907068094,0.4617414594492164,3.151440760668349,1.0038417086299039,1.004325200479122,4
1766222518985547371,0.05191877366605979,3.678069546720639,1.003122717334619,1.0044461181018622,4
1766222519006265589,0.05191877366605979,3.678069546720639,1.003122717334619,1.0044461181018622,4
1766222519055782303,0.8947678769850587,3.375139758083766,1.0040893693295865,1.0044119839394121,4
1766222519084482232,1.9640640426272782,3.33430621226375,1.005105445634697,1.0044191192317848,4
1766222519106021474,0.5270164234385533,3.133650108546228,1.003999442955922,1.0044167741771832,4
1766222519155839133,1.783975933481452,3.208118108440528,1.0050212366444158,1.0044409763456785,4
1766222519183988007,2.4143535011231787,3.376035879640263,1.0054763307216301,1.0044832468140794,4
1766222519255794392,1.314084605571475,3.479996067412654,1.0043866259460459,1.0043783382484388,4
1766222519283887251,1.1948741489304915,3.428877246072783,1.0043130841118029,1.0044319006298719,4
1766222519355794335,1.4496033116524476,3.3693815915472203,1.0046954555989414,1.0045940956104469,4
1766222519383410127,0.7728618247342389,3.437806607870669,1.0039476173774342,1.0044775789574925,4
1766222519455786434,0.26758485760014494,3.7043090924009126,1.0028878074392376,1.0045870878700582,4
1766222519555781879,1.6044302180802106,3.374902811863382,1.004636673472821,1.0043672776170818,4
1766222519583759892,0.5234939499483282,3.183297714867476,1.003827866806872,1.0043309338355204,4
1766222519607242946,1.0003235056783577,3.173763109611113,1.004270340530965,1.004324736790391,4
1766222519683117928,1.4424903430689806,3.3635154808566528,1.004670499251897,1.0045050869247114,4
1766222519706979224,1.4424903430689806,3.3635154808566528,1.004670499251897,1.0045050869247114,4
1766222519783428074,0.020106878957371066,3.2446996019334584,1.0035481128097716,1.004590906527019,4
1766222519806731682,0.1900081102137463,3.2968565726069814,1.0032866565917933,1.0045316145606729,4
1766222519855779945,1.4955135968999222,3.4468524335627286,1.0044772875698007,1.0043097072595455,4
1766222519884999130,2.228556269545656,3.4289291225983276,1.0051218032633553,1.0043449187320779,4
1766222519956487849,1.9476019696322844,3.4832380178438673,1.0049109719051217,1.0044096902368849,4
1766222519983818845,0.43891325350520205,3.5975311981405604,1.003410793373526,1.004362045868708,4
1766222520007027735,0.7335597945044015,3.4477231709271656,1.0025204001938524,1.0043716766518969,4
1766222520055993483,0.8931218355925363,3.47293555679751,1.0039796207803255,1.0043933768053552,4
1766222520083791768,1.1217987361764603,3.565397142657742,1.0041519753636088,1.0044134256549524,4
1766222520155791486,1.1495051912431276,3.369377048228474,1.0043968841941475,1.0044898677342453,4
1766222520183994612,1.6122456785576667,3.5261094631727072,1.0046052216931882,1.004542344739543,4
1766222520255793844,1.1773394330478748,3.6105083668081033,1.004094250531784,1.0043820476777034,4
1766222520284422429,0.25655151038028734,3.2878070016435346,1.0036382822589405,1.0044982662633206,4
1766222520305862034,0.9795825306231354,3.0417534091033986,1.004500087626487,1.0045038915614828,4
1766222520355783107,1.834603383055633,3.4775479531790863,1.0049537425477402,1.0045222481144793,4
1766222520455785485,1.2632013238755846,3.2598848231909665,1.0045876365847703,1.0045383720057375,4
1766222520483843688,1.348379162696256,3.415454396804009,1.0044229340364748,1.0043424377071242,4
1766222520506721425,0.2829444438057216,3.170743675989224,1.0037331420243467,1.004403211319432,4
1766222520555795737,1.646010841298562,3.5311285216766684,1.004638633066369,1.004442586052401,4
1766222520606312550,0.33186570594123666,3.300805622285407,1.0037342996217804,1.0044716813610979,4
1766222520655896810,1.483850891887073,3.4385956927375956,1.004747081464075,1.004640648218242,4
1766222520684031908,2.048987742720998,3.3298611692386273,1.0051738718505376,1.004437142039728,4
1766222520706229557,1.0281469659552123,3.0926059671478545,1.0044645868931217,1.0044123690385065,4
1766222520785169429,0.9578478573462057,3.5380123657631293,1.004029838390551,1.0044607227803721,4
1766222520808083545,0.4615080306837882,3.2441711733940997,1.0038012916319599,1.0044055706771837,4
1766222520855791499,0.09656762697773935,3.6823469777868647,1.0031278142889537,1.0044319471475185,4
1766222520883525382,0.35675390890399505,3.1647364844676646,1.0038479251641284,1.004466659850307,4
1766222520955823782,1.9896707299535965,3.3687294669370496,1.005079614654915,1.0044305388421557,4
1766222520984685596,0.9610786771825364,3.1528534703862356,1.0044111856330469,1.0044856923264447,4
1766222521006679863,1.2238567067586192,3.8678329976878763,1.0018481656141025,1.0045161892091226,4
1766222521106593453,0.10458810078062264,3.166734998285871,1.0036384527413187,1.0044454669717484,4
1766222521184170795,0.9409225805681043,3.526519718903384,1.0040071793116905,1.0044521580545909,4
1766222521284098291,2.021275252134247,3.284773898397923,1.005029667314744,1.00438101103476,4
1766222521384149651,1.277932911372126,3.0756348201351695,1.0046777907143063,1.0044480004810892,4
1766222521407047035,0.23450643211719857,3.3051372212925827,1.0036159878130708,1.0045137461976492,4
1766222521506654440,0.918829252284814,3.1282964950693364,1.0044271781546703,1.0045428148395834,4
1766222521606497048,1.5774082010124868,3.0099093722840538,1.004885286242578,1.004358902260346,4
1766222521684075942,0.8795440794262532,3.484528159996113,1.004056757422058,1.0044757305232492,4
1766222521755793179,1.4790377923765696,3.128536217101376,1.0047905610699124,1.0043961551150133,4
1766222521784441562,1.323288214629903,3.4160640397999895,1.0043363785213502,1.0043048316119252,4
1766222521807057116,0.2633775085176815,3.2118887938549636,1.003651980023029,1.0043917845053887,4
1766222521884662300,0.042792614524778116,3.4005684203371263,1.003431539961953,1.004494961043987,4
1766222521907498980,0.8612346886780475,3.0177130317918097,1.0044939989779107,1.004543754639365,4
1766222521955799777,0.19665519425227096,3.338584555525195,1.0035468682976358,1.0044667289134221,4
1766222522007197446,0.4233693126411975,3.064709357916128,1.0040270961271827,1.0044608182730754,4
1766222522055803738,1.2934616393904808,3.5545989323703835,1.0042304065806504,1.0044223713809326,4
1766222522084667756,0.7998903657970846,3.176875887147331,1.004128490044654,1.0043936905527526,4
1766222522108004205,0.8257585228983455,3.381943718209939,1.0040432656974163,1.0044120424313259,4
1766222522155795645,1.2369724165226526,3.5803608831629856,1.0041744215312591,1.0043790146560214,4
1766222522207361630,0.3207746216788987,3.192917540725949,1.0037589232246331,1.004447617580797,4
1766222522255801049,1.9670488662852925,3.4954786998057514,1.0048840731761752,1.0043414121624,4
1766222522308410765,0.5823359769054903,3.1533611380146067,1.0031106633213236,1.0045678945225214,4
1766222522355803917,0.44317578777408606,3.445621346441193,1.0037225516350117,1.0045106659872063,4
1766222522455809721,0.9878940404204339,3.721340204634437,1.0021097136600845,1.004448553648809,4
1766222522507407655,0.6395303540807085,3.122099232600153,1.0039202259578814,1.0043260045541096,4
1766222522584864931,1.180034628683213,3.3341908551475368,1.0044758169791212,1.0045163045202463,4
1766222522607361542,0.030618210986377292,3.1861573755869315,1.0035999291411617,1.0045697856915585,4
1766222522655882674,1.4404305336710443,3.450989169314226,1.0044119365622564,1.0043728898645579,4
1766222522707382364,0.025852745559662438,3.2857469916046025,1.0033696555654938,1.0044364821361076,4
1766222522755817163,0.7399585724614521,3.714864818861216,1.0035717805384352,1.0044881311517984,4
1766222522786412505,0.20133672232369726,3.7495848672069885,1.0029198936093457,1.004612371516136,4
1766222522808901341,0.12314191945250741,3.293406349227517,1.0033987006149825,1.0046083355984163,4
1766222522855968270,1.0914865178532906,3.4951231010373904,1.0042797906582368,1.004531723487004,4
1766222522908167595,0.8648087188076747,3.0964448037389474,1.0044131233733324,1.00458547801385,4
1766222522955798213,2.6769290585981764,3.3506272444709597,1.00559854091869,1.004467474305117,4
1766222522985761627,0.08175359835260743,3.6689907248980838,1.002969291524184,1.0043586848778046,4
1766222523008686944,0.2429487245985129,3.2240446201938657,1.0035832783507055,1.0044398160450532,4
1766222523055813885,0.8106811756096732,3.5181197862842284,1.003966200737607,1.0044075240041113,4
1766222523156126065,0.911470639435974,3.3094102586270995,1.0042337194749094,1.0045122398578277,4
1766222523186796498,0.5656769475956835,3.6188916208655297,1.0036589216629495,1.0045000977381007,4
1766222523208351469,0.48872893798024286,3.2606916263621666,1.0039200100507488,1.0045137120994188,4
1766222523285279079,0.36530495836584187,3.45685559836886,1.0038098054969553,1.0046755382444572,4
1766222523307317188,0.40327214937763145,3.1864144112755692,1.0033071978115133,1.0046495797395152,4
1766222523355795139,0.8801927309669555,3.6399111483819713,1.0037284761359642,1.004342543348256,4
1766222523407071118,0.6023576328204605,3.3593552895831333,1.0029142034479057,1.0045358969932772,4
1766222523455808827,1.5756248140126328,3.4694048359922327,1.004656202165376,1.0044696418223416,4
1766222523508479839,0.9823355424927183,3.533134598127221,1.00238362035222,1.00450215633144,4
1766222523585015011,0.11149121563369668,3.2041378794013045,1.0034095890150827,1.0044270263387276,4
1766222523607418466,0.13199725369728021,3.25050052509767,1.0033638236455147,1.0044905819856067,4
1766222523655802180,0.3866501282838719,3.381557922743237,1.003715720955311,1.00450036444661,4
1766222523685631853,0.36999729348607957,3.187846227338897,1.0031376773853282,1.0044276973712127,4
1766222523708160183,0.5425030461054803,3.1978923713144765,1.0039527671679178,1.0044766826777434,4
1766222523755801692,1.138441162878312,3.548728262567996,1.0041850919121276,1.0045233148221537,4
1766222523785557345,1.1212024246192165,3.3216689572236606,1.0044423129704505,1.0045769150635437,4
1766222523807784520,0.23899074912692164,3.13723140095647,1.0038491800704497,1.0046098366782101,4
1766222523885013155,1.3861163967960888,3.1076305570093163,1.004600191059143,1.0041971118659083,4
1766222523907604985,0.8988542947889755,3.1525926839103846,1.0041342962859179,1.0042910544799586,4
1766222523985606132,1.7137621472933517,3.6123451063535037,1.0047093636668423,1.0045038012395975,4
1766222524008126888,0.6198467234568295,3.3558805733470445,1.0039474550073881,1.0044538937513878,4
1766222524108369838,0.7354685416092188,3.1070342004744953,1.0040977365229413,1.0043682803064955,4
1766222524155820488,1.3552559500407124,3.42963746836053,1.004590612365152,1.004515484722593,4
1766222524207358760,0.25694986824609245,3.0669480939316696,1.0037668330376,1.0044440570297348,4
1766222524255803629,1.7138001007759307,3.5144859622137137,1.004735806563201,1.0044433724053565,4
1766222524286071475,1.1152293654366208,3.2054232997834253,1.0045345102616918,1.0045200557853682,4
1766222524408209314,0.13645530414985174,3.2442875195598746,1.0035569678837868,1.004478639554099,4
1766222524455811689,2.5096861580742313,3.271196481687161,1.0056032043698544,1.0044583005467693,4
1766222524485993694,2.452079025497822,3.283066759885457,1.0056032043698544,1.004515647166502,4
1766222524508651768,0.7735505187091984,3.582529303906303,1.0038638440290326,1.004515647166502,4
1766222524555915737,2.0280562843446592,3.556150090416098,1.0048220750882866,1.0043182565367879,4
1766222524708328836,0.8705494417311499,3.0373479882986842,1.004256999819358,1.0042920520276786,4
1766222524786758539,1.1858098958035246,3.448987385419587,1.0043413094017655,1.0045747352927232,4
1766222524808239931,0.482416013746656,3.2002552625833065,1.003930224707921,1.004560302935867,4
1766222524908568892,1.2136629305721236,3.2047339032180844,1.0044891269681735,1.0043769566785006,4
1766222524955807594,0.7355093019425496,3.3837681196368847,1.0038896548182947,1.00437518557653,4
1766222524986032309,1.4928232495399207,3.295738574415225,1.0047952995848137,1.0045149483388245,4
1766222525055795503,1.7650557272921308,3.3884318399069278,1.0049916775060452,1.0045591115054913,4
1766222525109768001,0.09516821999899783,3.2077932206856072,1.0035359460069952,1.0044394969398833,4
1766222525155802108,0.3455421722777796,3.253756355642723,1.0036391678590633,1.0043946734004894,4
1766222525188384675,0.6391453639298383,3.118483365197584,1.004200444831063,1.0045390945451327,4
1766222525209302719,0.8637575546701637,3.210025389482535,1.004400631632185,1.0045727632022614,4
1766222525255813653,1.2917869480322253,3.473554197380389,1.0042921482626899,1.0044117928801373,4
1766222525287330666,1.087584322223556,3.3456561175771333,1.0042319165049545,1.004402070009389,4
1766222525309572719,0.20276983860489928,3.156445371691226,1.0035849319760888,1.004365729595515,4
1766222525355809848,1.2942324743843159,3.4518791264295148,1.0044431964372391,1.00454316414801,4
1766222525386385222,1.572028280725446,3.5907723787071637,1.004589360433388,1.0045148560866755,4
1766222525486087225,2.3075919627402186,3.361160495822266,1.0052971919865727,1.0044150508797585,4
1766222525555811476,0.9432065552985591,3.5327643847653474,1.0039559216255873,1.0043649087512816,4
1766222525585904263,0.4626997322141335,3.3846033859804328,1.003779068948179,1.0044373388154844,4
1766222525655907789,1.0274791247677495,3.3687037504998507,1.0042852075283792,1.0045029828045349,4
1766222525708748429,0.12325993086448328,3.1152395567490707,1.0035484947704336,1.0043160237223003,4
1766222525755957605,0.9727978435347673,3.643511047657206,1.0039164296624825,1.0044124165812436,4
1766222525808652221,0.34012475670675,3.1776415946884606,1.0037062375919443,1.0043719888497358,4
1766222525855846058,0.37813685871679326,3.496899713035427,1.0035290801418717,1.0043892703218003,4
1766222525886207019,0.6093707205443444,3.3100219978033922,1.002852904322072,1.0044470663955267,4
1766222525908389399,0.44849804107816027,3.2985795853536932,1.0030422614995695,1.0045454642904852,4
1766222525955808740,1.720214673966991,3.2896621662063006,1.0048168135605728,1.0043338325131295,4
1766222526056310285,2.2197879314529434,3.2704995087860813,1.005416248268984,1.0044570074143564,4
1766222526186366776,0.2870384414195293,3.2702986970318904,1.0035983163429218,1.0043685079154485,4
1766222526255821221,1.14410345511895,3.4444919269795458,1.0042960868240651,1.0044954107345092,4
1766222526309736961,1.2112180963665953,3.0610128967281813,1.0046577667632626,1.0044504668893883,4
1766222526388301136,0.3652490671459674,3.1809045818655592,1.0032470285931105,1.0045104840909644,4
1766222526409777169,0.03881397621618987,3.2009740977420558,1.0036572108879058,1.0046206260640198,4
1766222526455821546,1.6803654368693355,3.4328503885803343,1.0047295778593341,1.0043796178237558,4
1766222526487803473,0.9130406742010599,3.1811105046911083,1.0042028692391625,1.0043466627669209,4
1766222526508690860,0.3423758895220175,3.3703335753217574,1.0029788834345006,1.004440014810179,4
1766222526586585467,0.13176855617458294,3.2177660114665567,1.0034904278094332,1.0043960196486177,4
1766222526609430362,1.2935489205747608,3.067538299175192,1.0046297669744741,1.004377738919908,4
1766222526708826499,0.00037351798676255044,3.164575611948574,1.0036031776869876,1.004537288014414,4
1766222526755820781,0.9799182603396073,3.3613326311134903,1.0041690791964113,1.004420890469431,4
1766222526888213884,0.06502085394211043,3.1463003230462885,1.0037729661315837,1.0046639031252314,4
1766222526908955065,0.2252827892195164,3.282331026922857,1.0034113566708713,1.0046565935471958,4
1766222527009378974,0.41672285868488146,3.156101263075201,1.0039977833782099,1.0045923131613717,4
1766222527086515276,10.270715820471343,4.994032481867039,1.0079553423203342,1.0044332286016406,4
1766222527109870690,0.5079186002685532,3.2509640350133164,1.0029626700018788,1.0044098601786369,4
1766222527255953982,0.9957711376455958,3.416618554237392,1.0043778099290814,1.0046449931560602,4
1766222527286768235,0.8445473532210368,3.138872391307764,1.0043071207452774,1.004460351999201,4
1766222527309536787,0.24067683310957655,3.1212478625309417,1.0037908548692327,1.0044562779097723,4
1766222527356206910,0.8788682993321473,3.377014787002344,1.0043202443938988,1.004686798418603,4
1766222527409257444,0.8013239178097376,3.0509678823973716,1.0043088455169296,1.004405776970247,4
1766222527487141581,0.9415569412711822,3.2430761731236126,1.0025558477435144,1.0044063179661173,4
1766222527588077122,0.2948032577279047,3.170536031915789,1.0037881165309845,1.004513524309006,4
1766222527608969858,0.746631524763286,3.1719811916748673,1.0043131591984273,1.0046303459349004,4
1766222527655837783,1.3656081798323338,3.352498833482253,1.0044130963325868,1.0042821447544468,4
1766222527709988935,0.210698623599459,3.2523282148973647,1.0036547404337022,1.0044092450924607,4
1766222527755834729,2.2350965513577847,3.303981012558197,1.0052669154207077,1.0044337551482654,4
1766222527787364897,1.2456230203514718,2.988078120144543,1.0047030506039514,1.0044762688109776,4
1766222527809859674,1.0134511698338677,3.1586318676225233,1.0043914954433575,1.0044511276152315,4
1766222527855824241,1.304730837427659,3.4490199676164988,1.0043214235520428,1.0043770665785268,4
1766222527887377533,1.0090480273587943,3.169657170779557,1.0042050796755508,1.004273419267439,4
1766222527909797029,1.6380136704188253,3.1297901764942826,1.0047721766887976,1.0043230492597524,4
1766222527955820075,0.8224813324781977,3.4801944435379997,1.0041179038528707,1.0046376560169628,4
1766222527987133346,0.18593659483800984,3.19168565145769,1.0036595653000513,1.0044976260175689,4
1766222528009547031,1.0131565999484948,3.374588345769031,1.0024533570536152,1.0044494189761781,4
1766222528056053696,1.6765619270846521,3.473254469965079,1.0046255584749628,1.0044284254883131,4
1766222528155836861,1.5409502530541186,3.4015030972785656,1.0045797825283682,1.0044019342420167,4
1766222528187592012,0.9848288939258154,3.118564000042203,1.0044505451453172,1.004507836007595,4
1766222528209999826,1.4323809381264763,3.298665120260664,1.0047083617186552,1.0045837993404674,4
1766222528287527974,0.36603908550048025,3.3672559070792243,1.0030110172976419,1.0045083600103135,4
1766222528310075099,0.12554861449443067,3.280285611303393,1.0035024541282322,1.0044385765900443,4
1766222528455881180,2.2623748650298925,3.4010840213030495,1.0053194590185826,1.0043805887069384,4
1766222528480817546,0.28149034761582037,3.203650298179044,1.003820954647981,1.0044868994792373,4
1766222528510053703,0.1795071162848938,3.218516828563481,1.0035636171818554,1.0043968552011338,4
1766222528555835086,2.1032989490310516,3.2801054776202894,1.005271282964387,1.004391139487605,4
1766222528655848773,1.514588955946694,3.434639108790765,1.0045171175060033,1.0042902143313,4
1766222528687934706,0.32565517182692183,3.174806038780057,1.003900541790897,1.0045411380826372,4
1766222528705828225,0.9123072619856565,3.3467860871898263,1.004290454875555,1.0045949874548654,4
1766222528755900592,1.3071743581380968,3.505873610725106,1.0043625870347097,1.0044468250787741,4
1766222528857632650,0.18494844068883687,3.3604986156517866,1.0034561864565994,1.004348472640948,4
1766222528887101374,1.6157087702239892,3.4854198631416637,1.0046651047956945,1.0044857482905833,4
1766222528910197130,0.7322171746431128,3.250388122067971,1.004127908636672,1.004499688950948,4
1766222528956164823,0.26732386156713694,3.4731128084291316,1.0030774985445627,1.0045669896547793,4
1766222528980815512,0.23229483658870898,3.4783490669510098,1.0030774985445627,1.004532238956044,4
1766222529005834793,0.21869803650820252,3.0790209955834413,1.0035524095908261,1.0046308207185088,4
1766222529080819601,0.2930445804711912,3.30904871755767,1.003635163056015,1.0044485594575847,4
1766222529105820829,1.4281432996092747,3.1968248363183527,1.004886401290237,1.0046039742444755,4
1766222529180842346,0.3167083638606627,3.3020107730736266,1.0036000390960333,1.0043775621545632,4
1766222529211078342,2.1312068691001773,3.176449672674851,1.0054319321478873,1.0044925040302086,4
1766222529255923164,0.039061232609105545,3.162963910294328,1.0034541682911187,1.0043742075884716,4
1766222529355984151,1.292529646193863,3.3999640589776714,1.0044298997694214,1.004441156740575,4
1766222529380830678,0.018381172714354577,3.3044162954016234,1.0034308931934222,1.0045048410794413,4
1766222529411790885,1.2346809715968465,3.1330715883392606,1.0045889863476942,1.0043977148879344,4
1766222529459574781,0.7100802405377582,3.4569709777582944,1.0040872152519387,1.0046126850398975,4
1766222529505913631,0.669330741952523,3.0290090540594226,1.0041392174288304,1.004435125053738,4
1766222529555895398,2.0751361692530335,3.3417647637862395,1.0052428131004394,1.0044979105389005,4
1766222529605834594,0.8153672899680053,3.1857777117173267,1.0041223756909343,1.0043360118384028,4
1766222529705834917,0.7550171684869156,3.164013848021262,1.0041086065091218,1.0043835990988452,4
1766222529755893107,0.15277705657346097,3.3572898770040824,1.0032244966951986,1.0044949380213999,4
1766222529805835008,0.3055547606241049,3.1722209958152896,1.0036659467463105,1.004332966448787,4
1766222529856702029,0.9233494883269522,3.364913598222047,1.0041325081907053,1.0043874598914118,4
1766222529905835591,1.9683138636439335,3.0519631511832372,1.0053095882465695,1.0045390784235362,4
1766222529957072757,0.5524699400361044,3.0251998062718974,1.00419553956799,1.0045073278084775,4
1766222530005855079,0.4548418975498514,3.390261987820381,1.0031232109634984,1.0046479065446272,4
1766222530080831231,0.3015403264983174,3.3441447301536775,1.0031348108888247,1.0044746007445366,4
1766222530105833571,1.9164953628194592,3.056392026424985,1.0052566714745736,1.004377725139106,4
1766222530155840375,1.5741762383461033,3.436020394118654,1.0046857716405428,1.0044395597502187,4
1766222530187710973,0.761903057828972,3.261775930048775,1.0041203202161935,1.0043797224812978,4
1766222530205838331,1.1076390375035494,3.1268246380586273,1.004384622773292,1.0043016701662704,4
1766222530256261057,1.507597637420588,3.455637442233885,1.0046362916719616,1.0045853153340787,4
1766222530305845236,1.0401992498292323,3.5126007041670086,1.0041883945236354,1.0044655892342143,4
1766222530355962648,2.0054650449092826,3.4728245771542157,1.0049322337656705,1.0044616394423056,4
1766222530405825761,0.4742969953999143,3.2809048483312084,1.0037832352680016,1.0044111445686263,4
1766222530456624373,2.11211450202331,3.562656662699199,1.0050906208035193,1.0044895643730116,4
1766222530480832069,1.299805128205378,3.279191836692873,1.0046105409453299,1.004463869577582,4
1766222530506000181,0.5630046004723166,3.2474281176839073,1.0041189420153498,1.0046556197524992,4
1766222530562011930,0.5017687719661712,3.6606588896762244,1.0034058418526848,1.0043827419521554,4
1766222530580847330,0.1737124202938478,3.2034098733829692,1.0035565723254418,1.0044131861011536,4
1766222530655980226,0.5414156693523964,3.1663719240607193,1.0039205315111506,1.0043574363849055,4
1766222530680946428,0.44356604642370456,3.281052432700634,1.0037666031642303,1.0043958561533426,4
1766222530705827790,0.5767429211378516,3.1801551426152543,1.0039922280161142,1.0044718929185805,4
1766222530780838927,1.5162336377572139,3.0914945635654756,1.0049760538866659,1.004531766376593,4
1766222530805843291,1.196758439353962,2.99106041787999,1.0047313426566742,1.004441458432974,4
1766222530856016988,0.38683730692845586,3.4585710818199153,1.003536680687902,1.0044359777763179,4
1766222530880835272,0.12517739980144604,3.232314990509599,1.0035278866449255,1.0044669298806903,4
1766222530911382803,0.36997269988225945,3.187408218940569,1.003826892298992,1.0045193633693486,4
1766222530955868160,0.5172241944599865,3.2548271232921677,1.0038804396260763,1.004430426741839,4
1766222531005858382,0.27017611532209607,3.5085042207865844,1.003453493052913,1.0044413106647856,4
1766222531105881247,0.2143079411134341,3.3881618257680346,1.0031029815100627,1.0043942854255856,4
1766222531180834195,0.5145426566237621,3.460295194089975,1.002930420812547,1.004650102446679,4
1766222531205840742,1.7704223269179309,3.054424111876661,1.0051218270048683,1.004393260418028,4
1766222531256022705,1.4017943981747827,3.145717083297766,1.004746219259935,1.0044601153104353,4
1766222531305897350,0.4548817163734231,3.2878867593866508,1.0038586717593714,1.0044868341541786,4
1766222531355883285,0.19114829477984152,3.2403175202981394,1.0036173308963243,1.0044611474187704,4
1766222531455907913,0.8819924817136116,3.556310064661119,1.0038929862687644,1.0044295373158727,4
1766222531505838924,0.9668154474400392,3.2465466339780455,1.0041065294716112,1.0042291528392098,4
1766222531605842392,1.3605479824811972,3.4507012258417693,1.0045215456377894,1.0045630453889556,4
1766222531656048099,0.8273335823305583,3.1731160641184992,1.004310026721748,1.0044835726818888,4
1766222531680831127,1.0585234086331052,3.182033638589616,1.004515442147541,1.004564504445799,4
1766222531705828828,0.1395425980836862,3.0295639652576662,1.0037347216869894,1.0044555070664312,4
1766222531782618657,1.1028649202764473,3.3443304864429804,1.0045099251729075,1.0047184691947826,4
1766222531805847895,0.7486574346209363,3.0734916062646946,1.0041523119903968,1.0043089837628607,4
1766222531856421594,0.17476043791120333,3.0932323709468306,1.0038144148033261,1.004551057029085,4
1766222531880828134,1.0468000189711724,3.1617514009089294,1.0045597500979604,1.004585069001428,4
1766222531905824873,0.6875824994492241,3.180638723410843,1.0040816743885053,1.004386960140224,4
1766222531955955970,0.3824789019784003,3.155229335799215,1.004037011336954,1.004634315589734,4
1766222531980836571,0.512776700619666,3.1253129848872763,1.0031714708108328,1.0045271076388902,4
1766222532005846134,0.6378235927984033,3.1991655070729252,1.0040189159361204,1.0044389508221967,4
1766222532080847814,1.3443667572010654,3.019085027861952,1.0048544624277485,1.004525439498067,4
1766222532105845144,1.2160139500831946,3.2069134292401626,1.002365597412559,1.0044484331316372,4
1766222532155972905,0.6621537546906975,3.4436479036888312,1.0026924638469357,1.0044565418453917,4
1766222532205834125,0.6292542011305802,3.2434982000447965,1.004016931558079,1.0044898777360625,4
1766222532305848493,0.6186472979399227,3.130927182266218,1.0041097819770315,1.0045012397631927,4
1766222532355929326,0.04761053087753986,3.1604932757371715,1.0034547895711485,1.0044993517189311,4
1766222532380867765,1.0464704717465523,3.07763931743965,1.0044959023637146,1.0044288261585834,4
1766222532405845359,0.631267832762461,3.1729363774361006,1.004021983776806,1.0044096208951463,4
1766222532457798490,2.3317254904293705,3.1544137167555766,1.0054473786777767,1.0042803544960344,4
1766222532505841232,1.5097057634940736,3.427808674944514,1.0045172660269712,1.0043244479110442,4
1766222532556670792,0.2595441262720488,3.1586056286114355,1.0037258356370808,1.0044523408044945,4
1766222532580836269,0.6078101828435045,3.1690657353924343,1.004074814165013,1.0044223325843518,4
1766222532656071948,0.6706072746331948,3.2905156638836592,1.0039321116907147,1.0044039038919452,4
1766222532680835629,0.08003180372662122,3.221707318385896,1.0033033600250387,1.0044611637640113,4
1766222532705854710,0.6616169322790633,3.005300620037713,1.0042023798355804,1.0043881162073278,4
1766222532756613818,0.046242468539903214,3.2210016496857072,1.0034608785291055,1.0044992214395032,4
1766222532780848825,1.0858777106741435,3.282328127296945,1.0043657661059884,1.0044842894834909,4
1766222532831019476,0.21875710578456165,3.144336352014722,1.0037126890772887,1.0044532722007604,4
1766222532880836744,1.6355971631918376,3.2672941710867893,1.004859314894608,1.0044455417131528,4
1766222532980847846,0.10362845234190843,3.2576091088520087,1.003424168286043,1.0043024069996092,4
1766222533005897705,0.10872516765991769,3.660040156556468,1.0030712088986644,1.0045167429707738,4
1766222533057897113,0.11359570441471512,3.241354146356004,1.0034351547103986,1.0043134657555424,4
1766222533080855752,0.6617724375979073,3.3077036564892306,1.0039289397744204,1.0043739544654258,4
1766222533105876997,0.6697311602377187,3.162576096061416,1.0040386817726692,1.0043541047268758,4
1766222533157494959,0.8954944217018923,3.1524899044722217,1.0042519331463204,1.0043868950542345,4
1766222533180840595,0.6951929966649839,3.3828832178682204,1.0039231210006012,1.004368087694085,4
1766222533256051297,0.7037305279684603,3.262181415152183,1.0039470329689766,1.0044226852320306,4
1766222533280830597,1.0653675146461428,3.2693315097194495,1.004303451102985,1.0044682484037395,4
1766222533305839840,0.7012405893127571,3.187958648705236,1.0041407735199537,1.0044427314585516,4
1766222533380838984,0.6956995058025051,3.168740260006369,1.004146857285222,1.0045248123419677,4
1766222533406262506,0.3925546336795982,3.3816333187343544,1.0037176164327442,1.0044908228942442,4
1766222533456458895,0.4346395510448353,3.5164075469214873,1.0028777243833311,1.004562795268941,4
1766222533480833034,1.1007352951708516,3.358200305655716,1.002605553212209,1.0046932693360482,4
1766222533505835865,1.5250237423289903,3.27536820949233,1.004694202878571,1.0044337022056604,4
1766222533557971780,0.4344794869879376,3.235520716223349,1.0038593176249835,1.0044204974965472,4
1766222533580839468,1.2155193328109437,3.2532044706470544,1.0044465263042728,1.0043874676723104,4
1766222533605842870,0.19267213276696893,3.2685734374084916,1.0031607979182153,1.00435284846624,4
1766222533680842014,0.6626061383463444,3.324418386359685,1.0040405738180171,1.0045389061394825,4
1766222533781110630,0.2586359505529767,3.366583747843439,1.0031675697638203,1.0045324324023122,4
1766222533805838003,0.03858852182725414,3.226271059820126,1.003359519585575,1.0044255256386945,4
1766222533856992563,1.0226334589023,3.0595501038154858,1.0045556860770222,1.0044834835276317,4
1766222533880841595,0.14440122838310643,3.4350175600877084,1.0034418372899043,1.0045330395517948,4
1766222533905851419,1.1081933639829344,3.0249024189963847,1.0046266799125787,1.0045076355863198,4
1766222533957520957,0.11368502496655886,3.090623867205067,1.0037305406146522,1.0045327514531004,4
1766222534005839658,0.34023622971357526,3.4045529400632715,1.0031443680200631,1.0045638460757436,4
1766222534056330291,0.8405918723481953,3.5153959159972294,1.0023960933829343,1.004357752735823,4
1766222534105856140,0.04406602225137668,3.165967940023834,1.0034793186415538,1.0044744287096035,4
1766222534156286239,0.6122423777148445,3.1299426080879384,1.0040893123262322,1.0044238100099196,4
1766222534180835838,0.532850758581116,3.1429409329441023,1.0040668119854586,1.0044618229986295,4
1766222534257153179,0.7465869142566639,3.2464310774723115,1.0041220726049345,1.004486304680426,4
1766222534280837923,0.4108708728225441,3.288329539818594,1.0031469667209225,1.0045568127788493,4
1766222534405852857,0.8768302211044077,3.3913375651198314,1.004078156569557,1.0044990315717248,4
1766222534480856861,0.2585374660204476,3.1386420204889247,1.0038766623692392,1.004582092591775,4
1766222534505852388,0.4305938707660495,3.297274028895876,1.0032064955208317,1.0045926761518846,4
1766222534580843076,0.42113073449545624,3.2303862859058645,1.0037420975215627,1.0043486712549001,4
1766222534605854583,0.3911059443366671,3.146153701544949,1.0039754843025244,1.0045327244743942,4
1766222534656526446,1.4549614996171023,3.5917646353687585,1.0043269363778102,1.0043370965518064,4
1766222534705840006,1.7582163517810834,3.1100426426557988,1.004984536569862,1.004316631274799,4
1766222534757514814,0.7013786678322642,3.115282380413234,1.0041166681807998,1.004389358860911,4
1766222534780852135,0.6254698654590829,3.2969528452257655,1.0039605965860652,1.0045374555704902,4
1766222534857349374,0.3583897641508127,3.408689301203703,1.0036330734624757,1.0044995972569926,4
1766222534905849747,0.7056647031824514,3.2345494889064104,1.0040347105234186,1.0043591706554202,4
1766222534956797839,1.3781857006607279,3.645194965582773,1.0042276787920683,1.004414680266599,4
1766222534980853609,0.43389132691018517,3.508371605015616,1.0036628999034058,1.0045497334533087,4
1766222535005856711,9.854022212544834,4.871931101611409,1.0078943525059612,1.004585547741172,4
1766222535080850785,0.029747202946017737,3.1514438892278593,1.0034615578989137,1.0044272071062263,4
1766222535105851642,0.06721145828136876,3.1919450303436427,1.0035147781538374,1.0045689719691688,4
1766222535156844178,0.8664265405495808,3.175716408910164,1.0040828119250347,1.0042808708852191,4
1766222535205838859,0.2130864616147754,3.1982996022544197,1.0036167163117007,1.004390711755317,4
1766222535280843984,0.29493596494889474,3.332799303788229,1.0031850520580476,1.0045278637820332,4
1766222535305843869,0.3795965164232751,3.3956890020942336,1.0029923978493487,1.0044509069484513,4
1766222535357178799,0.8162152057100691,3.5334110736216258,1.0038033564386708,1.0043296322140234,4
1766222535405862035,0.7129699475976192,3.222267539488364,1.0028524629270683,1.004464341253282,4
1766222535480846501,0.8626981700008418,3.2729292686142055,1.00409054320827,1.0043647862937062,4
1766222535580848446,0.20599745675742298,3.1468745158350875,1.0037273298015439,1.0044479390473329,4
1766222535605845075,0.0751685640154598,3.3449777066908877,1.003389605312145,1.0044329980759845,4
1766222535680907908,0.6562187844816325,3.1105447326993794,1.004148518194968,1.0044383239961168,4
1766222535705857469,0.17645091756923748,3.1699516161765966,1.003565866390483,1.004336754375605,4
1766222535757252251,0.674402631092974,3.2145036506527718,1.0040222195190904,1.0044226202259388,4
1766222535780840172,0.913016060506644,3.137864140213594,1.0044251782145646,1.0045941340463105,4
1766222535805854554,0.5493368184812386,3.237483690971302,1.0030902052894464,1.0046161195021384,4
1766222535880930282,0.6449652242268566,3.229463713550102,1.0040725059263624,1.0044721508106047,4
1766222535905854705,1.2587305480411537,3.077400384071729,1.0046111180711728,1.0043762153518645,4
1766222535957516338,1.0382619620206146,3.277802146350127,1.0025503466164756,1.0045162668800987,4
1766222535980861814,0.05122677806457254,3.335046310067253,1.0034640633506822,1.0045310433413082,4
1766222536005858152,0.6579077458122029,3.3093509441171816,1.002963896876957,1.004620737110833,4
1766222536058065171,0.782605516558732,3.0504768094978916,1.0042093272740356,1.0042812020231513,4
1766222536080850383,0.29291178112256233,3.219293594554021,1.0035079719560356,1.0042545828600786,4
1766222536105849898,1.5159489587988073,3.063706706598188,1.0049378513506884,1.0044455932999674,4
1766222536157531639,0.5922984870443404,3.5005805905030316,1.0036049812783951,1.0043548294408322,4
1766222536180853791,0.6548603537510633,3.0774375234015126,1.0041158091574374,1.0044417272774533,4
1766222536258043522,0.730691510354653,3.21779754931069,1.0040225330813968,1.0044254043915084,4
1766222536281972744,0.31796728690514087,3.161147834808161,1.0033424805653641,1.0045705217523322,4
1766222536380854233,0.697847667381124,3.3608109784814313,1.003887682303574,1.0043772169564076,4
1766222536458087296,1.3044122292700244,3.2738859291529705,1.0045138367350648,1.0044262552204015,4
1766222536480841029,0.5360275013173155,3.061886689738487,1.0040428717374,1.0043702621058344,4
1766222536657414002,0.1541673265434973,3.326686612875293,1.0033923713025257,1.0043433595725475,4
1766222536681298791,0.8361541175017084,3.1983196543818324,1.0040766150152025,1.0043157074114955,4
1766222536757831768,0.39546849228200287,3.033368875940745,1.0039439890530117,1.0043914134783387,4
1766222536780852833,0.23359873906114714,3.280251759859624,1.0031714880386007,1.0044023208344275,4
1766222536805859221,0.6544135153525588,3.210307775796626,1.0039805331154277,1.004393502199115,4
1766222536857667329,1.5440323222157826,3.3928127254176252,1.0046533473578982,1.0044020542006704,4
1766222536880891807,0.5170056085113117,3.2119421382648197,1.0039717217817068,1.0044902067053196,4
1766222536957694962,0.1744165550499055,3.3847091365586146,1.0034538775287232,1.0043677881724837,4
1766222537005845947,0.7707503851648312,3.1620875287435553,1.0042345860761277,1.0045447908375806,4
1766222537057585206,0.7699585811489218,3.1136218759247085,1.0040574773287194,1.0043228928681418,4
1766222537080850331,0.1430157083257555,3.2180294590854492,1.003489838262822,1.0043813395559271,4
1766222537158306883,0.13500917665143497,3.323237421569553,1.0032920553539566,1.004499052134117,4
1766222537180924581,0.12431981636962242,3.1848061285436637,1.0034046598047912,1.004473619225509,4
1766222537206043390,1.4025356396907274,3.111373377878812,1.0046765417150822,1.0043284570544473,4
1766222537258394659,0.7027883728460971,3.274096334037711,1.0039577034408307,1.0043923610603303,4
1766222537305872419,0.6914080208386686,3.1837594463827825,1.00406263285373,1.004368612413517,4
1766222537405861299,0.27276857942037935,3.2554614768335637,1.003080822157748,1.0044090189615706,4
1766222537480874138,9.849818317069548,4.985217229620736,1.007638021712461,1.0044816886285803,4
1766222537505856270,0.7230003235791926,3.1548667133027513,1.0041530194148083,1.004436948007898,4
1766222537580863048,2.3165864688228233,2.9658361120622354,1.0056735163011312,1.0045389665639533,4
1766222537605869505,0.1571147812879925,3.1651356016493404,1.003545509845802,1.0044312744974142,4
1766222537658226024,1.080763290253639,3.180173894977841,1.0044005463395649,1.0043826225318337,4
1766222537680875011,0.2407771095862543,3.014319422870387,1.0038456855086098,1.0045010353279358,4
1766222537705860589,0.27366895843305983,3.37633057037084,1.0030691206575477,1.004465337916056,4
1766222537758222999,1.24216585200565,3.319859656691384,1.0043761202055221,1.004361229616077,4
1766222537805852805,1.0247603924491422,3.48983293328816,1.0043310225353825,1.0046768142467866,4
1766222537858189297,0.708924917486975,3.099956862272745,1.0042592310078717,1.0044885151078833,4
1766222537880867498,0.12521824646083424,3.2465102523107014,1.003317581397067,1.0044172629272548,4
1766222537959139713,0.3293577998597641,3.446084828587583,1.003557356107432,1.0044723211809023,4
1766222537980857600,0.28867822381895003,3.298155402187764,1.003726631803637,1.0045254363198937,4
1766222538005859038,1.301292053359715,3.308310912518094,1.004409244283777,1.0043851240863841,4
1766222538058851753,0.1794134221018151,3.2531174557758225,1.0035967967637829,1.0044374635554258,4
1766222538081890031,0.840757076269405,3.259929578385626,1.0041514667546974,1.0044244027458462,4
1766222538105864008,0.12051435349302864,3.1898297155838655,1.0036888464080511,1.004559277377649,4
1766222538160640104,0.2833965010300421,3.21225971083812,1.0035734071151747,1.004298690912841,4
1766222538182439634,0.1219583867038132,3.3402373239887853,1.0031797902817605,1.0043590966048066,4
1766222538205878435,2.7615214619174377,3.4573496820021763,1.005672779254852,1.0044939207338022,4
1766222538258523387,0.5297151773688835,3.2111371355707194,1.0029202443047869,1.0043845919105872,4
1766222538305859981,1.1571001513228651,3.145429310944681,1.0047053642098123,1.0045593453300172,4
1766222538358480276,0.5118262436054621,3.2128708358747087,1.0037956421717558,1.004339321150291,4
1766222538380874534,1.3081058974258042,3.093076973626773,1.004662365467301,1.004349681642297,4
1766222538405867756,0.3427075292428139,3.2057185909943122,1.003947581618103,1.0046147088422008,4
1766222538481797559,1.2869887278328385,3.188020992577638,1.0045799513848461,1.004389657050213,4
1766222538505866905,0.9456776479650486,3.3009733739460376,1.0041288377704911,1.0043814883862383,4
1766222538558963475,0.8198436934871989,3.437685234061107,1.0040300424180555,1.0044598174720887,4
1766222538581061086,0.6761463206108598,3.157152894459331,1.004148725733485,1.0044924467145881,4
1766222538605845716,1.3576739088076994,3.452124628408863,1.002121961730347,1.0045659761298311,4
1766222538658536674,0.4685005876114978,3.3080508458517137,1.0036857221870366,1.0043246199774114,4
1766222538681408699,1.485315201577908,3.1047175342911153,1.0048118221748845,1.0043485747507956,4
1766222538705854613,0.7361150286060436,3.3510462251008093,1.0040022749583757,1.0044541492267771,4
1766222538783124695,0.2456380809323644,3.331939470208089,1.0036747824978796,1.0045331366140664,4
1766222538862336215,0.9442928733636169,3.1967425248664902,1.004262919845185,1.0043928612610267,4
1766222538981430301,0.8206446986342986,3.1196307973260593,1.004331885341269,1.0045513400648802,4
1766222539005860616,0.12410259127704215,3.247010171792795,1.0032158100303863,1.004353843166565,4
1766222539059028560,1.007187388398334,3.110294622044914,1.0043510474820805,1.0043322653495288,4
1766222539081690901,1.9790038333415971,2.970777869206989,1.005332081318214,1.0043619712997527,4
1766222539105872598,1.949771588734217,3.2454497302368495,1.0050403928990064,1.0043392543369378,4
1766222539181618165,0.02548225668053128,3.272280150389047,1.0033797457292513,1.004406704984552,4
1766222539205865646,10.410128129799023,5.174715922481704,1.0076825342410798,1.0044430472244266,4
1766222539260277758,0.6230030281735299,3.237523471720593,1.0040376179989121,1.0044753467217586,4
1766222539359334826,1.3754313792548878,3.273013736239492,1.0045292168594375,1.0043098824855183,4
1766222539405861509,0.01472650041978163,3.280717110093871,1.003464982755896,1.004530942705683,4
1766222539605870566,1.2063597842084661,3.1036034590288653,1.0046854104359486,1.0045073719050912,4
1766222539659244518,1.1255493125919003,3.165525349965673,1.0044386967974603,1.00441139643934,4
1766222539705869775,0.25200813005943346,3.202527641118149,1.00388522101805,1.0046054254324877,4
1766222539759328866,0.45917967826092365,3.202859278737761,1.0040427682959274,1.004620968404973,4
1766222539781879658,0.10555095586806118,3.209447096044073,1.0034888903319263,1.004584795578272,4
1766222539805858254,0.7703964156087206,3.2578365816788826,1.0041018805485198,1.0044014674479493,4
1766222539858977196,0.7386878002124675,3.35944545063652,1.0038700642139393,1.004268330315186,4
1766222539881698117,1.2927478367124046,3.058308502087723,1.0046813884483565,1.0043269706794173,4
1766222539959190948,0.28523906794686305,3.231782149899433,1.0037735573654971,1.0045976207208567,4
1766222539982043547,0.32925676081729804,3.1548236819861817,1.0034312850974076,1.0046494022778836,4
1766222540059775486,0.002194897724461242,3.2374648807966353,1.0035142070612046,1.004500263112549,4
1766222540105878803,0.24052203059721222,3.1794055767885134,1.0037965341876984,1.0044737644267143,4
1766222540159364094,0.2505732947226669,3.2919611606591737,1.0036824102900335,1.0044893384481013,4
1766222540181351737,0.7002412514043321,3.1805690890598393,1.0041790836710527,1.0045129950623048,4
1766222540205870458,0.18501077862875803,3.221532502486078,1.003588371174075,1.00437450439465,4
1766222540260161312,1.0693159734398439,3.299537003402193,1.0043000151504,1.004420267439857,4
1766222540305864397,0.3563964691599697,3.215233462590987,1.0031729107178873,1.0044713491691089,4
1766222540381955001,0.7999214993914538,3.010312097133136,1.0043357714107468,1.0045013297996352,4
1766222540482124320,0.46560566410280835,3.120883269424759,1.0038524625280865,1.00434871398731,4
1766222540505862864,0.4220125380500761,3.201335367243527,1.003121866090881,1.0044288727303028,4
1766222540582009114,0.42345898016371564,3.365843831738363,1.003581939777786,1.004356809052575,4
1766222540605889995,0.40173566809365013,3.01350936016533,1.0040224045024433,1.0044936282971535,4
1766222540660287209,1.6362553570201666,3.662450966011659,1.004493029619543,1.0044272831022156,4
1766222540681634950,1.5504027107025031,3.2486399031224837,1.004798260877627,1.0044368387732359,4
1766222540705880708,0.6426066838627342,3.2860830027847694,1.0028149068947023,1.00435427649967,4
1766222540759097474,0.5173265692681728,3.0981278665768404,1.0039607210613415,1.004369476344336,4
1766222540805862534,0.34900844528040764,3.2081344372605693,1.0037696728239418,1.004480851786201,4
1766222540882267189,0.2731299824996203,3.370628675876473,1.0031446357089804,1.0044898948686343,4
1766222540905873915,0.4316294469566273,3.080002711739115,1.0039677931943998,1.0044436180738159,4
1766222540959976826,0.09021981649204314,2.9860275692891403,1.0037773142003805,1.0044611828277963,4
1766222541082347390,0.2266340235583808,3.201914582981866,1.0032631084858048,1.0044550206930252,4
1766222541105878935,1.565324748207697,3.2532902518562206,1.0048763053940828,1.0045338339901566,4
1766222541182959029,1.1639367142370904,3.252097374140461,1.0043951652944088,1.00441373519427,4
1766222541283227103,0.4871571551530174,3.5595645611895494,1.0035876944654714,1.0044720232136501,4
1766222541383758913,0.03353758064728041,3.1709030133723215,1.0035894982301667,1.0045189998864004,4
1766222541405868035,0.017059194711954717,3.12509808891934,1.0034850515577485,1.0044503028664813,4
1766222541561649751,0.9002737490788615,3.680420745543996,1.0037751483111705,1.0044359165368852,4
1766222541584742842,0.8361902372799879,3.2989433524371576,1.004077228193302,1.0044413788565243,4
1766222541605890397,1.7190748833455505,3.510836386253615,1.004597246196812,1.0043278540203366,4
1766222541683545121,0.8540232779785661,3.150421127811679,1.0042901291706627,1.004481912616114,4
1766222541705886169,0.37793878576963813,3.039242914769387,1.0040016997890038,1.00454822564179,4
1766222541782797145,0.2273119652094202,3.1195002659323476,1.0037678147319642,1.0044611464393667,4
1766222541805873605,0.1459115910769082,3.283091766347257,1.0035484463601103,1.004469885759646,4
1766222541860553430,0.6815072668402422,3.572749314567311,1.0037008270583707,1.0044497470773517,4
1766222541882696927,1.302151181828748,3.2525054318178013,1.0045491523447774,1.0044606710167527,4
1766222541963003846,2.919613014383593,3.387106555043118,1.0059505422491126,1.0045524423008627,4
1766222541984623047,2.919613014383593,3.387106555043118,1.0059505422491126,1.0045524423008627,4
1766222542060644141,1.2126420087972267,3.5545139396806027,1.0041275921332034,1.0042547797656658,4
1766222542082943270,0.44421507431402496,3.2981827253848306,1.0037630003370066,1.0043552354983,4
1766222542105878254,0.49312336642781673,3.072872502612036,1.0040446370755634,1.004473264140052,4
1766222542160450066,0.9062662443499736,3.2087593638557803,1.0042225156380247,1.0043970639244921,4
1766222542260552659,0.46391835622894284,3.183846786864589,1.0030501608876008,1.0044349980581473,4
1766222542282452006,0.38563720304485294,3.4016785345760034,1.0028650212995056,1.0044035934918745,4
1766222542305876240,0.15094968494056005,3.1927588093123833,1.0036529375403185,1.0044631579137875,4
1766222542360147297,0.04065844366452076,3.239000039081111,1.003612298970449,1.004573040410106,4
1766222542382811532,0.15705658599496353,3.173385342135706,1.003837584597614,1.0046125420297232,4
1766222542482473637,0.3374582374879864,3.1750549420708976,1.0038626940448607,1.0045292263574308,4
1766222542505872423,1.1798570173486844,3.0392078504826356,1.00481144037165,1.004542446749653,4
1766222542560578046,0.4155353765615821,3.233496029281873,1.0039063493252047,1.0044998555854143,4
1766222542583522759,1.1007692571769478,3.209788254425405,1.0044892226457605,1.0044219984241123,4
1766222542605881780,0.7112971646849875,3.279530404967254,1.0040361548398866,1.0044287847076407,4
1766222542660961467,9.840382824384598,5.110083211319561,1.0072304253256945,1.0044310650468584,4
1766222542682857598,0.082264474751792,3.2704605980847026,1.0033021626108962,1.0044176482055156,4
1766222542705882401,0.19593378149296292,3.3004345638936785,1.0035437797145015,1.004410660365164,4
1766222542761089627,1.8075001363118126,3.013140942232889,1.005157906716821,1.0044225169815821,4
1766222542861001201,0.5110688471900993,2.9932966154819742,1.0040447126687577,1.0043978224572703,4
1766222542905883753,0.9133642676391052,3.015727981014821,1.0044577006612088,1.0044410448640024,4
1766222542983082160,0.6367357449368338,3.210175324241877,1.004152272390152,1.0045723602851269,4
1766222543061392145,1.821131448996871,3.510955001454331,1.0048600166601906,1.0045436262848524,4
1766222543106492276,1.1713030552600312,3.382919784493327,1.0044205045414727,1.0045703599679905,4
1766222543183042695,0.7228635503648828,3.331937458879596,1.0028668344582448,1.0045700349385738,4
1766222543262642445,0.4576194598040484,3.086198355120403,1.0039069884375889,1.004361085707211,4
1766222543282850724,0.938070077094233,2.9415411541068037,1.0044233850228423,1.004377391321401,4
1766222543361043980,0.5192677098384557,3.364201480733979,1.0028653353468098,1.0044713037029664,4
1766222543405887429,0.8127102352060156,3.2334130097442793,1.004227245171474,1.0044484796439788,4
1766222543482653734,0.9069588032712961,3.0944241320344505,1.00446108327632,1.0045500897560307,4
1766222543561544030,0.6900618995602237,3.127976287079798,1.004086032596761,1.0043885430479162,4
1766222543605893139,1.3680405923190975,2.9848753167591267,1.0048044159425986,1.0043972830453207,4
1766222543705888100,0.46225072686723045,3.7126155322683547,1.0025684890592335,1.0044004455725406,4
1766222543763466132,0.4472972963991406,3.5878866435327668,1.0037307209368913,1.0045819657827748,4
1766222543783481037,0.4472972963991406,3.5878866435327668,1.0037307209368913,1.0045819657827748,4
1766222543805888079,0.13622749981023752,3.8935569893766457,1.002719646574622,1.0044587805799345,4
1766222543861519332,0.41983120578326094,3.6431413886219874,1.0035492926899174,1.0044723992808404,4
1766222543883883994,0.3322704006616384,3.286018799977118,1.0038118475494133,1.0045040748765612,4
1766222544061805610,2.0429902523848575,3.3236550262198405,1.005151255931292,1.0044425267871084,4
1766222544155878881,1.0786086543825846,3.1215259207960546,1.0044350710182015,1.0044061791328045,4
1766222544183388933,0.16709036547402079,3.2218949296639643,1.0031986901480723,1.0043584282154114,4
1766222544205899559,0.22302204827284733,3.3178523492159315,1.0032723382217719,1.0045202053926525,4
1766222544283663158,1.2658521151913682,3.0346711871378864,1.004591477680701,1.0043389536492489,4
1766222544305899719,1.356410294268029,3.360692537799112,1.0044071938740284,1.00430520921751,4
1766222544384840741,0.9131798505583877,3.338218483408829,1.0024671984849571,1.004389714463962,4
1766222544405891093,1.7848548774115347,3.336286048396738,1.0049147955128328,1.004431311881684,4
1766222544462696863,1.0841604157223461,3.2520697629758537,1.0043914355664914,1.0044230888127645,4
1766222544483932644,0.12951722605381022,3.4093943370103674,1.0031654262525862,1.004439966185199,4
1766222544505895400,1.6865625079203195,3.3539030419120746,1.0047587032143184,1.0043452558116175,4
1766222544562521714,1.1478303386773803,3.212344517343436,1.004451368029703,1.0044591680569,4
1766222544583874464,1.1139855357542583,3.242472925185528,1.0044389262636058,1.0044591680569,4
1766222544605888337,0.8329951383965195,3.465043382128118,1.0040080971757428,1.004441451704779,4
1766222544661950630,0.09881724844640338,3.3286075212414334,1.0032915943770178,1.0044437249780478,4
1766222544686241693,1.266192033938518,3.1902876054715668,1.00464307211469,1.0044805309443445,4
1766222544706107428,1.4668742710626237,3.539911724820604,1.0043896767050258,1.0043483262012192,4
1766222544805889829,0.06010524497179759,3.4330834827034664,1.0031646343907772,1.0044214527487942,4
1766222544862882240,0.22870894975435263,3.3664932439546718,1.003054400782084,1.004347348064779,4
1766222544884234960,0.22798540679813684,3.312502060798989,1.0035565046973527,1.0043987058657782,4
1766222544905885771,0.9099323622259181,3.3882059430067613,1.0040341981466916,1.0043607555735368,4
1766222544983894820,0.4241402880695855,3.21282102766264,1.0029978698536692,1.0043682973830672,4
1766222545061493248,0.8162821386665797,3.6310608964495863,1.0038041134082771,1.0044563331056786,4
1766222545084128349,0.334906879626784,3.3214254110263752,1.003673557192388,1.0044719669128257,4
1766222545105895388,0.18346390186918526,3.2629548940795026,1.0035789005300693,1.0044311775307488,4
1766222545163170881,0.777818977178546,3.211968102523538,1.0042560575609232,1.0045735694010753,4
1766222545306003320,1.557334030045876,3.4755495917688837,1.0047953150078441,1.0046413923197828,4
1766222545331908395,1.2108743116225895,3.5319886381354424,1.0042851727154787,1.0043865352045065,4
1766222545385736991,0.21497718024265922,3.4304051125486525,1.0030854702828342,1.0043589498409213,4
1766222545584240758,0.2926718108726689,3.274401883608312,1.0031224313329594,1.0044156230502332,4
1766222545605865248,0.6065112416411278,3.3117422878728844,1.0040083680683727,1.0045877899887385,4
1766222545655891107,0.036004671437606106,3.2461102002098814,1.0034835479694326,1.0045232825035648,4
1766222545767127975,0.9458428439528266,3.457618017443509,1.0040956206567926,1.0044818048719328,4
1766222545781256598,0.9458428439528266,3.457618017443509,1.0040956206567926,1.0044818048719328,4
1766222545805907406,1.371487697095608,3.434164361994062,1.0044668750424248,1.0043621905275386,4
1766222545884503720,0.56978617676684,3.2650940306253,1.0028755319839842,1.004385351935726,4
1766222545905897147,0.8989368223908389,3.194663469399999,1.0043458710162874,1.0044706652591409,4
1766222545962780062,0.7141870531841565,3.6585549205758885,1.0034885456986973,1.0041915066159892,4
1766222545985206259,0.20425819903935327,3.419588353356641,1.0032936930366745,1.0042407933104782,4
1766222546061876774,0.6794607599218683,3.070098369229542,1.0042447482722623,1.0044663730968693,4
1766222546084259109,0.335984271728762,3.423933949060541,1.0035394408224125,1.0044542112864139,4
1766222546105905751,2.2014235407636917,3.160169192866002,1.0054717566662872,1.0045208765636646,4
1766222546162139657,0.4049308146976127,3.248009463547919,1.0036800968755608,1.0043748174664624,4
1766222546185037661,0.03624407324953616,3.144657866652786,1.0034455367201172,1.0044188880940117,4
1766222546205891714,0.10256835940802844,3.201776861437772,1.0034811981934817,1.004346023632321,4
1766222546255889740,0.12524892820042766,3.2437358146051816,1.003241566293805,1.0043648972350439,4
1766222546280900756,0.358985481353713,3.102364550963298,1.0037932695132261,1.0043210192180057,4
1766222546305908205,0.5698675638396988,3.836178729343627,1.002361803850983,1.0044015624885405,4
1766222546455900379,0.8226928851693405,2.9524351872880996,1.004401240874427,1.004439710140743,4
1766222546484782019,0.6568821339241193,3.3801256848304906,1.0038195195833488,1.0043719596888987,4
1766222546505917351,1.0232660252773584,3.1967345751944127,1.0043081977396164,1.004390528343944,4
1766222546563110058,2.169238336366064,3.293282801176905,1.0053379646935354,1.0045550299661723,4
1766222546584911842,1.4800536522328045,3.005556028956443,1.0048903225165051,1.0044447879834977,4
1766222546685121365,0.059091952166800965,3.364610593158242,1.0033652595094806,1.0044378337745294,4
1766222546785047656,0.7555449494098809,3.35763275589847,1.0039807735252706,1.004394480316236,4
1766222546805914052,1.6393160218304281,3.669856545297829,1.0045151165020436,1.0044810593532711,4
1766222546884826900,0.14019984100333005,3.1324411460629698,1.0036727811968231,1.0043959260755724,4
1766222546984895929,0.2596765303488624,3.309625147121448,1.003241364752505,1.004537578618056,4
1766222547005890496,0.0951189982414391,3.1360227619990555,1.0034197695732097,1.0042191717313176,4
1766222547105897829,0.7668965923401938,3.1645501574716137,1.004220631195048,1.0044812586823382,4
1766222547155893531,0.8058617696258263,3.016239763115769,1.004213096961168,1.0043221063853045,4
1766222547185581967,1.028583082595791,3.0936013404468214,1.0046312854643136,1.0046378900825628,4
1766222547284878995,10.187325057107511,5.01177410749853,1.0078739580062595,1.004498005367089,4
1766222547405906293,1.0832809135112864,3.557568156196637,1.0041098500988643,1.004433305052047,4
1766222547463201563,1.0835321623663408,3.5028520278478665,1.0041732497750893,1.0043751699149335,4
1766222547485111490,0.09723853031862184,3.0966480668581307,1.0038329915844426,1.0045886469667886,4
1766222547585128542,1.2899085877997596,3.1097657320476872,1.0046127397332134,1.0043364366352454,4
1766222547605893577,1.2241030967217181,3.242114068439266,1.004486850280611,1.004432561555423,4
1766222547662683327,0.9471702516452574,3.534131565427947,1.0038852368124995,1.0043178024060484,4
1766222547705951646,1.4504236969064,3.4635633026513704,1.00452036355903,1.0044518068634432,4
1766222547755902352,0.9714048266462605,3.0503818261982008,1.0042719670434421,1.0042864822347604,4
1766222547863206338,1.4196136531561265,3.13856908514245,1.0046980640470473,1.004360703955624,4
1766222547885167903,0.9997569922102212,3.0354507114623828,1.0044941487289947,1.0044451134180779,4
1766222547955913281,0.2286336267776079,3.1353370860621466,1.0035934115742375,1.0043744972518547,4
1766222548005901679,0.6226390931507453,3.2098977214311675,1.0039350702265748,1.0043686712726618,4
1766222548055903812,0.43006838704418016,3.2299342891354454,1.003590570700723,1.0041942081154394,4
1766222548085118097,0.3725119657407294,3.0755939236462426,1.004039981123736,1.0046089952160009,4
1766222548180898757,0.9706479451125904,3.2391839411879997,1.004184345427205,1.0042681505577924,4
1766222548205895155,0.1952907041287144,3.434201666684346,1.0033611766704034,1.0043473187893794,4
1766222548280912902,1.7765908504203676,3.0004715798846737,1.005083695742792,1.0043863131953437,4
1766222548305910202,0.21437105318566907,3.351318794711135,1.0034390283145906,1.0043545658236002,4
1766222548362559057,0.46341773007307907,3.152212441871514,1.003052160882137,1.0043701435230759,4
1766222548380900228,0.18711693545969688,3.3197353309760995,1.0035746292565293,1.0044065549684476,4
1766222548405904971,1.487662901639819,3.2279083927919645,1.0048845493580763,1.004539495224546,4
1766222548455904490,1.049992265550248,3.1106098473759975,1.004452344780491,1.004418225822685,4
1766222548480902691,0.55897328763721,3.239491135891963,1.0030083582731197,1.0045266352437658,4
1766222548505912164,0.08595616934004013,3.699124934022788,1.003053340020103,1.0043466453677592,4
1766222548555907615,0.38738689732542575,3.2275004581519546,1.0036931421690372,1.004295843230573,4
1766222548580896088,0.9946252552075485,3.132122859898862,1.0043417977009113,1.004341445209143,4
1766222548605897906,0.10276524789887276,3.348397623964035,1.003171650025519,1.0043445806992493,4
1766222548705909637,1.5382248264130816,3.3420574267414005,1.004660234350928,1.0043813235245307,4
1766222548780905914,0.5795176927638757,3.183504898390674,1.0039012512102532,1.0044016322917642,4
1766222548880902226,1.3728024576695752,3.1871129072803503,1.0048949099060338,1.0046443425825144,4
1766222548980914568,0.5973575341304826,3.032657040752022,1.0043320623690286,1.004640270124983,4
1766222549005897691,1.487875431448904,3.393974893641955,1.0045822591256823,1.0043946857430734,4
1766222549055912168,0.6223402167377934,3.1754526274839776,1.0040820775801256,1.0044758021558329,4
1766222549080906152,0.2898282350332071,3.1489093867418685,1.003876848426917,1.0045145455491573,4
1766222549155908320,0.48535385472403547,3.289310689173493,1.0029870178693403,1.004482465305129,4
1766222549180910198,0.6255637447825091,3.1874840527404875,1.004072495722024,1.0044450153734712,4
1766222549255897408,0.808804407915753,3.1872908649767218,1.0040138224110258,1.004310172314192,4
1766222549280905238,1.3327839806733799,3.216031978633827,1.004583490729014,1.0044123220668,4
1766222549405906073,0.7977431596124518,3.4086785704960243,1.0038538894006166,1.0042977578255103,4
1766222549455905852,1.2243470506625442,3.331301086228975,1.0020167809229203,1.004163943760318,4
1766222549480911407,1.3120245703392985,3.133837086849753,1.0046984313532337,1.0044327881755772,4
1766222549505905801,0.6993619014130648,3.257283489561107,1.0041039572199062,1.0044901383022626,4
1766222549555901593,0.29685151216840566,3.220673580943179,1.003710231361928,1.0043970720336393,4
1766222549580907348,0.3737161989354476,3.184736523914711,1.003681161863634,1.0043617880243767,4
1766222549605898536,0.8013746160753232,3.2035034127374744,1.0042467746996457,1.0044878562035287,4
1766222549655897654,0.77589734074901,3.0414547870899815,1.004312763792497,1.0045336434192078,4
1766222549705907372,2.306267412526708,3.229279724107535,1.0054947426117253,1.004459423799705,4
1766222549780910141,1.2964877574883626,3.0425396416711235,1.0046141433705398,1.0042937058804675,4
1766222549805901880,2.2007796599929907,3.378715797817087,1.0052226921372152,1.0044066365739992,4
1766222549880910491,1.2146843776479344,3.6575076265413284,1.0040298571877782,1.0043275761607506,4
1766222549905914623,1.9960101601450564,3.3876588970766366,1.0050476478851706,1.004397526242841,4
1766222549955904093,1.5848142250931563,3.08499955878017,1.0049941908120161,1.0043600323606037,4
1766222550055902288,0.29103725163515115,3.3754542630715787,1.0030845743415597,1.0044247451247934,4
1766222550080902182,0.91530660733663,3.0862487618598227,1.0044866579045413,1.0045535503992868,4
1766222550105908048,0.8921853949950265,3.3768163198159713,1.0042396373342035,1.0046506545624867,4
1766222550205904711,1.298740251744368,3.333200920219058,1.004434722865452,1.004453601640506,4
1766222550280906398,0.28702356682308583,3.1842348184089984,1.003710406893522,1.004415147451822,4
1766222550305909018,0.041312581769092915,3.181804284807481,1.0035042366388458,1.0044303800834684,4
1766222550355908065,0.8214586076913388,3.1960714396288155,1.0041837310548936,1.004503870471157,4
1766222550380905966,0.12423511390236008,3.3601858918008403,1.0033503693486139,1.0043598850593507,4
1766222550405902384,1.763608603799982,3.4488271267043316,1.0046164116819185,1.0042702758225486,4
1766222550455905539,0.9277626791734939,3.118576085168383,1.0043623516064895,1.0044336193958807,4
1766222550487737103,1.5007018572146258,3.0349580198592294,1.004898485525316,1.0044733415136111,4
1766222550505939893,0.25560826759796207,3.104874120199733,1.003839476455286,1.0045392576226029,4
1766222550555898996,0.5363486889313762,2.9675465746450893,1.003937932991285,1.0042522778903449,4
1766222550580901685,1.645497588979472,3.0970078652714674,1.0049244799605745,1.0043363436010941,4
1766222550705912128,0.36647448547855177,3.589569388253148,1.0035081088225897,1.0045550158173369,4
1766222550755905014,0.8578038367634822,3.145530320307662,1.0040802542945249,1.004237220885255,4
1766222550805923769,0.680750168119193,3.5017477475992056,1.0039250035796345,1.0045884068392605,4
1766222550880932710,1.1620412216521991,3.246994192481027,1.0045389574507329,1.0045489437537793,4
1766222550955905032,0.8100552500762692,3.243886065515059,1.0041379254197473,1.004474013216465,4
1766222550980983995,2.1423088782406285,3.359024751153593,1.0051907627614258,1.0044077645424048,4
1766222551055910971,0.0422317467223543,3.2241562416974157,1.0034403484952494,1.0043587180042461,4
1766222551080910806,0.24662213353798812,3.194706315453601,1.0035735569424518,1.0043117512110717,4
1766222551180923428,0.23321649409058232,3.397843507232632,1.0035871497852449,1.0045294270273208,4
1766222551280916033,1.188216128128472,3.056571996070264,1.0046358323583426,1.0044420681297013,4
1766222551455916056,0.5119371137234374,3.4585597164491166,1.0028691821614601,1.0045529191643783,4
1766222551505921976,0.8308428712395788,3.456143298518933,1.0039978876500217,1.0044987026508172,4
1766222551555926153,2.2556306471106513,2.9592921485931005,1.0056301653390516,1.0044459298313342,4
1766222551580927581,0.22718872159632753,3.191824970605572,1.0032506473473524,1.0043899275726569,4
1766222551606060295,1.7337348876707015,3.4356590530897124,1.004857615533668,1.0045730589818,4
1766222551705935078,1.1150503216326157,3.3685109671427527,1.0041491105606402,1.0042579642073213,4
1766222551755886526,0.8019190751515914,2.9922416506217626,1.0041109490283586,1.0041833896978483,4
1766222551780917138,0.06689499971224144,3.190137412157745,1.0034513080550866,1.0043383814940505,4
1766222551805945826,0.27738128299992226,3.2663524754256357,1.0034185560490154,1.0047040471875792,4
1766222551855914166,0.3109608962250654,3.063979664354621,1.0039682138921953,1.0045645156124148,4
1766222551905928061,0.7605969828463621,3.4336810177955246,1.0037988292276254,1.0043395035347018,4
1766222551955923923,0.05303578700255329,3.207152756621741,1.0035144116872838,1.0043801024565218,4
1766222552055918942,1.9750719830227137,3.0571344760591757,1.0052833032971142,1.0043496499437174,4
1766222552105912219,0.253436392098072,3.167642472346105,1.003140804666267,1.0043334173633034,4
1766222552255910563,0.5875611685717264,3.019053530543807,1.00416379007518,1.0044432314425638,4
1766222552280908364,0.024423637561499234,3.155881026160202,1.0034122772393106,1.004421320897325,4
1766222552380906469,0.2998653049224309,3.0545819415643116,1.0032884588023614,1.004452328240595,4
1766222552406034865,1.8568396169793555,3.558960811916579,1.0046843348716556,1.0043751775891887,4
1766222552455928785,0.6239274154966612,3.226337710959899,1.0029327969107797,1.004475946292285,4
1766222552580907718,0.2578423296653032,2.9401213504674852,1.0040124058723598,1.0045031373491926,4
1766222552680914068,0.5828718832656676,3.2954780319659656,1.0041446174273423,1.0046903457001424,4
1766222552805932105,2.058934057619588,3.4208114815631467,1.0049331569639988,1.0043831140285295,4
1766222552855911295,0.804348411061584,3.2309301678430686,1.0027146314273128,1.0044374676398744,4
1766222552880919625,9.889540975197786,4.855935561264075,1.0077086305451404,1.0042820341029086,4
1766222552905916214,0.983754797500902,3.441113693115575,1.0041368089674572,1.00439384596859,4
1766222552955918718,1.3175833901331035,3.4087266908466343,1.0021228717736779,1.0044447476783693,4
1766222552980933139,0.4646416355276184,3.160862745919951,1.0038279439049254,1.0044436479528718,4
1766222553005920390,1.8731007963677104,3.5022261040703415,1.0046979946360644,1.0043067719246095,4
1766222553055909799,0.49924111167620744,3.4201325515103784,1.0029960351672595,1.0045810971371971,4
1766222553080917388,1.00140791505976,3.178691047969575,1.0043596437203481,1.0043634716157517,4
1766222553105923955,0.7329290904667385,3.684355265693107,1.0036770731396887,1.0044666155387278,4
1766222553180910564,0.5938316575033742,3.24524131355897,1.003067648427264,1.0045843195520274,4
1766222553206253533,0.4680687370126613,3.573346176977733,1.0034558600844188,1.0043302721162624,4
1766222553280912055,0.3663944450915668,3.192505433934605,1.003914362025211,1.0045737823708976,4
1766222553305955110,1.5799818783155395,3.4230581482109836,1.004603377012609,1.0043791149439238,4
1766222553355921917,0.797895710198393,3.109191273814855,1.0041847233163859,1.004321096551133,4
1766222553380914969,0.6103917436892647,3.248263310605383,1.0029345227376205,1.0045171715839303,4
1766222553405922598,2.4447891053331894,3.421695618822072,1.005168356753334,1.004175622978705,4
1766222553480913053,0.17936986417566025,3.3202728913094037,1.0035655693662968,1.0044527292532324,4
1766222553555924088,0.15683240913566543,3.2732382970914005,1.0032843534703093,1.0044843303662023,4
1766222553580982532,0.3705507546769571,3.113897163534425,1.0038953930143308,1.0045339209025053,4
1766222553606015399,1.4734892487426876,3.4073165147990334,1.0045125319686738,1.004399173486656,4
1766222553655923595,0.39611726760835353,3.066081715048883,1.0037919271198206,1.0043393289510159,4
1766222553680929962,0.6908128445846096,3.315068724500778,1.0040090234624033,1.0045145420656592,4
1766222553755939072,0.9833893158279761,3.017901841513693,1.0044075627173832,1.0043459607138119,4
1766222553955934350,0.980773730235196,3.082041715419376,1.0043971283534285,1.0044316032822664,4
1766222554005955158,0.657906599646596,3.4709656039882097,1.003675365308406,1.0043210069802662,4
1766222554055937634,0.7975989574062758,3.099250880771304,1.004223952899608,1.0043232179269779,4
1766222554106044464,0.946034503388038,3.4497920702766733,1.004028865415531,1.0043837443681456,4
1766222554155924367,0.704006772096033,3.3262409236066595,1.003752926378935,1.004204846178474,4
1766222554180920866,1.266477174491909,3.0237783132315394,1.0048883656805385,1.0046536437712323,4
1766222554205927923,0.6842243774223267,3.3576464983296743,1.0038143647166886,1.0043459506209802,4
1766222554257608721,0.5546575902559692,3.3207816245122816,1.0039217845008337,1.0045477560241767,4
1766222554280921144,1.4686843745013167,3.099914123535739,1.0047531272562464,1.0043889902265266,4
1766222554355987332,0.6871856429198075,3.1745631070737024,1.0040696639668103,1.004454539165554,4
1766222554380922846,0.1798081285788733,3.3779161249466214,1.0031726421180975,1.004418143301979,4
1766222554405929052,1.4721400916817284,3.75361233622732,1.001633935036729,1.0044924200312,4
1766222554455922449,0.5182874796247905,3.24810164832148,1.0040215635172693,1.00458819362609,4
1766222554480940647,0.5013530864310667,3.166172185022879,1.0039896161578,1.0044714973122333,4
1766222554506142281,1.69268394661648,3.448026840375141,1.0046544871751335,1.0044355325895113,4
1766222554655932414,1.1086658503449698,3.431375016961093,1.0022955865830063,1.0044327501713568,4
1766222554680933240,1.6615340027901215,3.0725285975078087,1.005018754547175,1.004432739906168,4
1766222554705969312,0.9301003884929493,3.7153255273681363,1.0037619282093668,1.004368876487577,4
1766222554756088635,1.2424600596983026,2.993188209912127,1.0046786729326942,1.0043675613354484,4
1766222554780924641,0.9496575198764123,3.0632677195656233,1.00439311917663,1.0044102117270024,4
1766222554806009826,2.342148355669371,3.484130509702219,1.0053918031533828,1.0045595127161167,4
1766222554855925507,1.3105764823975186,3.2049052041427015,1.004628295672509,1.0044298441231492,4
1766222554905929694,1.1118745736065083,3.1674098736917284,1.0044977406320446,1.0044049299014206,4
1766222554958278898,1.197401508686191,3.1542572920107914,1.0025222980337816,1.0044799173113657,4
1766222554980941730,1.323074466791585,3.4101705423965676,1.0044889877549477,1.0044438994413953,4
1766222555055939038,0.5996931660778859,3.58432894571066,1.0035628109543788,1.0043563377376727,4
1766222555155950298,0.05996985366452101,3.239409808900681,1.0034666959858816,1.0044334490691853,4
1766222555180933120,0.6927440995678769,3.148333873323227,1.004084964482243,1.0044077167734078,4
1766222555205933405,0.714666885728299,3.5585106676825977,1.0026194509267556,1.0045417855441834,4
1766222555255948522,0.19692889485112275,3.3509916204156656,1.0030702261987365,1.0043759588125358,4
1766222555280943718,0.6069983912955212,3.0287955751999016,1.0041350422710817,1.0044856608194386,4
1766222555305943151,0.6074432457001677,3.3159756613907,1.0038457035537387,1.004410154730593,4
1766222555380948064,0.3826727622102677,2.9859226478983536,1.0039568971147912,1.0044289621572164,4
1766222555505934441,1.2314580254608742,3.39886870263061,1.004406043114512,1.0044654032236062,4
1766222555655922986,1.057934911598224,3.1084253540530136,1.0045587877885662,1.0044973059567854,4
1766222555680936286,0.26033619370746663,3.3999397014718813,1.0031380082845924,1.0045033517710777,4
1766222555705942171,0.4998652457770536,3.3550897504375072,1.0038557483597705,1.0044926979884252,4
1766222555755982887,1.4324587210898798,3.3058528528691795,1.0044552937099172,1.0042919363777134,4
1766222555780935793,10.037039963150196,5.013271750229204,1.0076876917572801,1.004446367533191,4
1766222555880933727,0.12768316910527489,3.2681604993613385,1.0031546052694,1.0042547802998945,4
1766222555905935465,1.3837585359255389,3.4384946965608325,1.0044836889482138,1.0044522740664348,4
1766222555938186276,0.19068099575281217,3.2303754273416128,1.0035868703861435,1.004434163879385,4
1766222556005941534,2.0722805880295514,3.441142750129576,1.0050121041413036,1.0043498658089718,4
1766222556055957152,0.016305232991786767,3.241717787261314,1.0033222102003188,1.0043262720533874,4
1766222556105947313,2.2076419797130153,3.407582183357459,1.0053821836134755,1.004597189936503,4
1766222556155972870,0.8646368742630806,3.3193380511105612,1.0040280388866938,1.0043520137553332,4
1766222556180939231,0.719560088566773,3.1975409711245977,1.0039694510950896,1.0042918744249905,4
1766222556255990441,0.07267988262249503,3.16267195689386,1.0036862911845252,1.0045615951705615,4
1766222556280938838,0.48006750045170854,3.278849208617442,1.0028270451269499,1.004261090551073,4
1766222556305944353,2.24751438895221,3.3811419045352413,1.0052141629208176,1.0043006305554538,4
1766222556380978270,0.00013897727302314422,3.243444040349207,1.0033824624507073,1.0043874376610016,4
1766222556480937131,0.3838780786464824,3.241212514910363,1.003174719967611,1.004561049077859,4
1766222556505945782,0.6346216419739203,3.4376958037549192,1.0038581031974685,1.0044285774189718,4
1766222556580928923,0.9332189185895512,3.125085777447802,1.004166279075832,1.004241893555389,4
1766222556605927705,2.401198634484736,3.4651762400765462,1.005273267591054,1.0044561187723424,4
1766222556657212128,0.3698824556959135,3.337800905276742,1.0036450491794495,1.0043864803303917,4
1766222556681112857,0.9972417303283354,3.475601614344365,1.0041396508875067,1.0044460544757352,4
1766222556760117266,0.8221491486632981,3.1968926201127297,1.0041531363842005,1.0043446520940464,4
1766222556805932480,1.9598530529487679,3.208362591250469,1.0052466869851029,1.0044440902226843,4
1766222556880933966,0.2686291501139415,3.2502234713331313,1.0037113985949,1.0044589843376872,4
1766222556905943068,2.409760098557756,3.2955063510805283,1.005506164574692,1.004355461285353,4
1766222556956033276,0.5027530469581265,3.208615142479543,1.0039042894343746,1.0044215822985443,4
1766222556980934214,1.1374361689557855,3.1789815332060947,1.0044703748643578,1.0044815743792879,4
1766222557057132780,0.3061639353465484,3.188069213252574,1.0039638422389596,1.0046124395192277,4
1766222557080944802,0.09086624711840408,3.5071015630761444,1.003018132887771,1.0043612085707418,4
1766222557105946379,0.9767773228515075,3.469422096939524,1.0041421000731123,1.00443470297056,4
1766222557156816353,0.40329770474145654,3.2792799584489005,1.0037709290383703,1.0044652016961317,4
1766222557205986443,1.3708051212213412,3.4361076560774144,1.0042888178380711,1.0042553994729648,4
1766222557257288368,0.7142343742083668,3.019087733650252,1.0042214026189002,1.0044214709323025,4
1766222557280936001,1.2237806874768609,3.133655396349778,1.0044769257112138,1.0043002363335387,4
1766222557356707063,0.5315569385471175,3.299995951896812,1.0028080383328124,1.0043347321899991,4
1766222557380949995,1.3121426966142824,3.38661964973016,1.0045243168803366,1.0044588913382735,4
1766222557405953977,0.7523934957387457,3.5733476520992364,1.0037169544947444,1.004335878877469,4
1766222557505933516,1.547156554049245,3.3158517229394744,1.0046319151142629,1.0043025117389615,4
1766222557557615857,0.5162483913030425,3.1694292614914548,1.0038869573311777,1.0043628311108186,4
1766222557580941354,1.217549894556802,3.199014608810415,1.004510045632138,1.0043214362552437,4
1766222557780938745,0.8313869178246946,3.3054114717563094,1.0026607683558229,1.004496196324634,4
1766222557805947936,0.9190853342888605,3.427979587743502,1.0039571209816855,1.004329432681196,4
1766222557856453285,0.10221625173723048,3.234015046651473,1.0036112801761985,1.00446335035046,4
1766222557880938121,0.26870187450800387,3.2827410160074404,1.00325803793552,1.0045457504578004,4
1766222557956602172,1.0709075708399407,3.0319743931257546,1.0046056200592446,1.0044371558158494,4
1766222557980940984,0.8577145962318511,3.0441102625393763,1.0042031986359237,1.00430568084945,4
1766222558005949034,0.3337813666410838,3.483431347257361,1.0036563751790821,1.0045492342096276,4
1766222558057948520,1.2168053411361068,3.0430225341828603,1.0045110270703224,1.0042361675874367,4
1766222558106580699,0.21456249922291448,3.7113524236941084,1.0026751997337098,1.0042807039566732,4
1766222558157830997,2.238276296531838,3.5912100693169404,1.0048405497231807,1.004187724310926,4
1766222558205946705,1.3018561620283808,3.576658942481068,1.004220252239426,1.0043685529234376,4
1766222558257238531,0.14375801629817886,3.10004282151616,1.0034223792105366,1.0044603581887732,4
1766222558305961460,1.6433086140588138,3.4486483345752847,1.004547146824213,1.0042465169226737,4
1766222558356706138,0.14950341075548046,3.2058338872985486,1.0033425910900515,1.0045073112191636,4
1766222558380936917,0.4482170570685451,3.2385403988046586,1.0038989713611866,1.004526483513788,4
1766222558456631766,1.5658760129289018,3.2116803372645637,1.0046843628562374,1.0042848342689248,4
1766222558481387682,1.8982190666245735,3.2889571276791147,1.0050174690206777,1.0044196105498324,4
1766222558506189424,1.6591857134937715,3.5374730364449816,1.0047683543685613,1.0045784326342884,4
1766222558556620613,0.008537021989996063,3.233626899378024,1.0034239869219683,1.0044795220283358,4
1766222558580951550,0.08517885864978147,3.1642222236715787,1.0034490053871796,1.004368810682213,4
1766222558605961253,1.8269289386840804,3.520001721334718,1.0048391487686485,1.0045365019441952,4
1766222558637797725,0.6689073231853637,3.6119598826619987,1.0037682996155732,1.0045084200358312,4
1766222558680951527,0.7864405885271708,3.041091234396084,1.0042401930992473,1.0044035922171433,4
1766222558705958034,0.3118822128234111,3.487924560396444,1.0034846220199796,1.0044110419189267,4
1766222558780938440,1.5735525061797428,3.1499914721307407,1.004852623723343,1.0044502748125541,4
1766222558806065333,1.1382367867098786,3.3292615572133357,1.0044231771624823,1.0044777072506743,4
1766222558857519234,0.6234007455792057,3.0223479316115727,1.0041957881402446,1.0044820702017858,4
1766222558880972021,0.7386782682439197,3.46323944158525,1.0037963807822565,1.0043089182754255,4
1766222558905944794,0.9993673410140236,3.4676439974222117,1.0041509112631983,1.0044629311799682,4
1766222558956311041,0.13426338441635544,3.1885322915857865,1.003535067336805,1.004590297224184,4
1766222558980944206,0.38268511134065264,3.3479872870537664,1.002951757264508,1.0043682811628785,4
1766222559105949919,0.6487132775463422,3.560405812420673,1.003828336661697,1.004513529530626,4
1766222559157112863,1.6475726807072544,3.411617247179069,1.0047729170613915,1.0044515304256991,4
1766222559180942318,0.5495454396264865,3.5460541976387225,1.0036942190952407,1.0044515304256991,4
1766222559257140132,0.033782634814905066,3.21132484041451,1.0034081926678808,1.0043731461304726,4
1766222559280954358,0.011900226298156014,3.3125010040777436,1.003261431467902,1.0043399571452172,4
1766222559305951537,0.466956669050278,3.437287908999052,1.0036436652580485,1.0045232593351752,4
1766222559480951858,0.5265486276204712,3.259674662430998,1.0039401755959474,1.0044852419713124,4
1766222559506249702,0.6838034904042001,3.443013539815241,1.0038991597262452,1.004389018633224,4
1766222559557331774,0.5654713889977625,3.2196641582597096,1.0039838299310595,1.0045218151622894,4
1766222559605943384,0.814505732373183,3.5129843884630128,1.0040629248843194,1.0045642815940112,4
1766222559657253485,0.9394792302117594,3.1202084457082546,1.0043332117203,1.0043634792055913,4
1766222559680941343,0.4896503800295715,3.308660725741933,1.0038460536593756,1.0044594273483225,4
1766222559705980751,0.8704285054177419,3.5322550916375755,1.0039624680782147,1.0044445135823132,4
1766222559756768360,0.8425579818258644,3.1089532595871736,1.0042791519925307,1.0044023106444566,4
1766222559780941511,0.4733177779243647,3.1580026380534747,1.0038085045321221,1.004361967879595,4
1766222559857749742,1.0109414348598023,3.1449122457524448,1.0044786031262707,1.0045123001912606,4
1766222559957747635,0.3886114868130175,3.186751262598386,1.0031993412966862,1.0045221322675006,4
1766222560080957252,0.2535025520986611,3.177131600882315,1.0036197480063098,1.0043642047329076,4
1766222560106794250,1.4875606402284802,3.5397989074671887,1.0045073943396716,1.004480533374337,4
1766222560157238874,0.38865553102485073,3.2918858370521225,1.003550611870794,1.0043036791944724,4
1766222560180939927,0.97872962947676,3.047158661043578,1.0044442364434811,1.0044281132347628,4
1766222560205949900,1.9467402160444625,3.4462735930866373,1.0049242001944358,1.0043998569596417,4
1766222560257405144,0.21929719335544995,3.330486952383486,1.0036471008535683,1.0045302673685728,4
1766222560306757205,2.574145010423523,3.333200353264488,1.0054891876382368,1.0042499479226497,4
1766222560357752684,0.20806926833638606,3.2075113466838103,1.0032098609271634,1.0043424336362343,4
1766222560405963841,0.34542024314410114,3.4797316401376803,1.0035139291529176,1.0043659726164127,4
1766222560457966073,0.9624375251373607,3.2086842714572086,1.0042166598245241,1.004339532245662,4
1766222560480949367,0.10768017323292689,3.2614075762988324,1.0035877286057244,1.0045354894086076,4
1766222560505962736,1.2142595688964253,3.5082427023934386,1.0040982047625397,1.0042489964137282,4
1766222560557266535,1.285380204733677,2.923484563099891,1.0048517072248913,1.004534767067684,4
1766222560580944265,0.9787253021802389,3.066230406225294,1.0045365055179696,1.004557043491498,4
1766222560605945511,0.8060417777722151,3.582472832021602,1.0038913839167507,1.00449854623319,4
1766222560658583357,0.7508375151357161,3.194477083572882,1.0041380343145265,1.004454803534016,4
1766222560680954221,0.001624855133552927,3.2052954827024553,1.0034341555211719,1.0044149719289528,4
1766222560705950488,1.4589576043235741,3.4824491481833193,1.0043784257342128,1.0043425372330719,4
1766222560757882287,0.13063995147843954,3.229882750874699,1.0034721243222502,1.0043563191543363,4
1766222560780948818,0.5501732054769004,3.1440696339988463,1.0040373453684497,1.0044926462015444,4
1766222560805957518,1.590289037293191,3.4533675522943517,1.0045902109184228,1.0044010425796521,4
1766222560857705322,0.058012267739382395,3.1160728623477665,1.0036607295595492,1.004528710901765,4
1766222560880958964,0.44437141369613187,3.2744989030031535,1.0029169801822269,1.004384778388422,4
1766222560906143295,1.7296419321877199,3.5349804566174576,1.0046829472955427,1.004423446721175,4
1766222560959475185,0.6857349741291596,3.2730339222939584,1.003963015969326,1.0044375812544335,4
1766222561005945049,0.08333095464552187,3.754778839503385,1.003029453826047,1.0044731497496189,4
1766222561080955472,1.2159642922127123,3.0679068401999183,1.0044827300684183,1.0043455185222716,4
1766222561106047329,0.4864771357344644,3.529117314696121,1.0035917798516667,1.0044685564936766,4
1766222561158029012,0.9105713147492533,3.116050468412441,1.0042729960806807,1.0043839831551398,4
1766222561180960508,0.9828827898685777,3.0453383711148607,1.0044181724183892,1.0044307594637716,4
1766222561205970622,1.3673592263847567,3.4184852978164804,1.0044301360785217,1.0043807304267558,4
1766222561280954114,0.23292446657530164,3.257614257057636,1.0036093524512333,1.004390025711087,4
1766222561305960179,1.0473571824316519,3.5469390833114347,1.004026144777913,1.0044072213030628,4
1766222561338366122,2.1756365652267906,3.4213834999384893,1.005011976416992,1.0042212772512997,4
1766222561380957748,0.06870050354979007,3.3787523817264717,1.0033246347543245,1.0044699293534927,4
1766222561405965046,1.5090115125067083,3.8485977679160865,1.0017478859425475,1.0046539794201796,4
1766222561458320170,0.9839885464117959,3.2662365500498236,1.0025376212600896,1.0044031740346115,4
1766222561480957474,0.08777134308779466,3.1110154609559113,1.0036165463202593,1.0044341149656821,4
1766222561580965026,0.6664705452790187,3.222552618646181,1.0040194375487779,1.0044663952867514,4
1766222561680963169,0.5609047371080145,3.2688010829314202,1.0039566130407933,1.0044690489768457,4
1766222561757991194,1.2556288919161052,2.975752532308711,1.0048004819039262,1.0044674357176837,4
1766222561780971652,0.43274760439970805,3.1623724277478775,1.0039653186477229,1.004492978188564,4
1766222561805970585,1.6718068792267449,3.553453366303499,1.0045472075969482,1.0043720043994973,4
1766222561858854172,0.11553077517212351,3.330508217451079,1.003383109454372,1.0043983352342032,4
1766222561880954928,0.7548509588040098,3.178726491568581,1.004154010874114,1.0043779042571381,4
1766222561906720471,1.2406120742043392,3.4733728196139517,1.004354989954429,1.0044308961288653,4
1766222562058790196,0.4730242480175395,3.2260933782026244,1.0038964056751072,1.0045009913922458,4
1766222562080960292,0.7630526953843475,3.3666108326090756,1.0026314625330748,1.0043671882744554,4
1766222562105987578,2.364386991324352,3.3364076783891994,1.0053644589944501,1.0043572787669306,4
1766222562238031307,0.8365694880536623,3.3190790454124994,1.002740070927899,1.0045533294207007,4
1766222562305954139,1.533716466890933,3.5337216606903676,1.0045291693998384,1.004404799140533,4
1766222562358649503,1.4206808367314139,3.1094117505199255,1.004704366684358,1.0042682618699055,4
1766222562380948561,0.5852908790042743,3.277200376774441,1.0038461791348086,1.004340385114917,4
1766222562405967421,1.173293913434792,3.270504814432501,1.004355878416394,1.0043660885329744,4
1766222562437840582,0.025382703138898677,3.1408775046002573,1.0034330061251235,1.004368476414198,4
1766222562481055660,0.1376654692124557,3.205401157823338,1.0036809570804324,1.0045037636426033,4
1766222562506110537,1.3815326863768629,4.038031752444351,1.0012796425838009,1.0042522309878565,4
1766222562558330227,0.2506902837822178,3.223528941306145,1.0032084898013425,1.0043977312557302,4
1766222562580953274,1.3256220446298261,3.1663405084585627,1.0046012751029405,1.004374383109369,4
1766222562606004084,1.393257132631609,3.417127764912345,1.0044702656474267,1.004389639934107,4
1766222562659259190,0.4516055338390501,3.1568319982779327,1.0037194307255746,1.0042648516217887,4
1766222562738876671,0.31583686881386797,3.808051533871699,1.0027456720182233,1.0046074260417688,4
1766222562860112528,0.4818120278273774,3.2880948579721125,1.0029745256403249,1.0043971652171073,4
1766222562880968514,1.7737881335493366,3.3532728081193772,1.0048952258298511,1.0044036302033823,4
1766222562906075048,1.2271345565419978,3.4196457793344766,1.0043264004885457,1.0043716785124295,4
1766222562959509742,0.29169564054654096,3.253477063904007,1.003476654792642,1.004245930309011,4
1766222562980967048,0.7469390762724348,3.0403291052147225,1.0043367025593917,1.0044876052305154,4
1766222563005990156,1.3272292571291366,3.4432682569111424,1.004436670821575,1.004484287447899,4
1766222563040143462,0.7871001612003159,3.6469828520926146,1.003729770196633,1.0044347850470996,4
1766222563084800860,1.9369297944897834,3.4809338423654066,1.0049269581907512,1.0043607347029986,4
1766222563112537858,0.5088155947297057,3.4676628592478167,1.0037409330404836,1.004420756539748,4
1766222563205958710,0.5966916321074045,3.6435779198529747,1.0034667950513976,1.0042923831715744,4
1766222563258678691,0.09352884677960027,3.306511811627124,1.003177723924979,1.0043409183025602,4
1766222563280967880,0.13120820370482456,3.0927596647963247,1.003660740739366,1.0043243731900817,4
1766222563305973575,1.662843957272342,3.356840370157611,1.0048784355081344,1.0045451022062584,4
1766222563361304783,1.540172103356774,3.100972174444723,1.0048824540157846,1.004416913713441,4
1766222563380961916,0.9717204506483057,3.165404446057543,1.004372101377225,1.0044243755998319,4
1766222563480969397,0.7834276462626022,3.4252335837993346,1.002656051701274,1.0044678993132072,4
1766222563506045624,1.5681750022087382,3.5215718154743674,1.0045113897542417,1.0043979603513105,4
1766222563558979437,0.47393402261364237,3.2161033541293973,1.003857670938209,1.0044319533428685,4
1766222563580966679,0.9050306417035525,3.086213608843891,1.0045347521172887,1.0045957427933387,4
1766222563605983414,0.2573094102655826,3.6245261385996788,1.0034532703079364,1.0045787826090207,4
1766222563659105130,0.7050220604309931,3.194313800456746,1.0040113649035258,1.004364455661745,4
1766222563680970262,0.06143177068729244,3.321646302498597,1.0032206209944283,1.0043490589140183,4
1766222563758560803,1.2662515750287984,3.0161870180026646,1.004573891677846,1.004271280844494,4
1766222563780998472,0.7060418987643313,3.3986211616900306,1.0025290995321217,1.0043331236013815,4
1766222563805979881,0.480914748454353,3.370432089690963,1.0038112107247374,1.0044846696958871,4
1766222563880964705,1.2092691273424272,3.562599704970043,1.0041147032184687,1.0042694728742914,4
1766222563905961393,1.4890353337708717,3.5150121105885828,1.0044461152511235,1.0043765436257963,4
1766222563939345925,0.7843574085879546,3.3499791831804098,1.0041130588006384,1.0044885887384687,4
1766222563980968740,0.32771317463531346,3.0704326543302196,1.0038139449484897,1.004397648689952,4
1766222564037940491,10.462515988058808,5.081489446178572,1.0077565592575937,1.0042607509928223,4
1766222564180969886,0.924249809441724,2.863752749851407,1.004355015647733,1.004225928903652,4
1766222564205973987,2.21389361729174,3.2106048734149617,1.005446001608496,1.0044159155504997,4
1766222564259344450,0.004223835688543787,3.092201945225698,1.0034830511177066,1.004423924147026,4
1766222564280974521,0.2131119481643129,3.346709121378702,1.003539723371735,1.0044197118331422,4
1766222564306025381,2.7642431720997784,3.271683986854039,1.005683409204309,1.0042880255874085,4
1766222564360278262,0.6216108814676158,3.10338188883632,1.0040925782054402,1.004399752737142,4
1766222564440355817,2.113171372365441,3.2540546730382585,1.005206404778574,1.0043276111885926,4
1766222564505967726,1.0948203452283423,3.521876882593897,1.0040480530412608,1.0043642857298274,4
1766222564559203556,0.2087453165002806,3.401019018779608,1.0030419515387345,1.0043311965802337,4
1766222564680959540,1.4879774698983717,3.4086474223384555,1.0045762222637311,1.0044217374440019,4
1766222564705966627,1.701063225707955,3.3782587026997772,1.004735596916682,1.0043335163395843,4
1766222564780974805,0.86202230125898,3.1881066915268534,1.004101908344288,1.0042734968038132,4
1766222564805978637,0.4569291374860729,3.78239136503158,1.0022596506918457,1.0041712223270938,4
1766222564859935211,0.3951321599313662,3.12730540463707,1.0039268820216174,1.0045489940404608,4
1766222564880981194,0.274207305973162,3.2354774718591495,1.0036201152776083,1.004382180555261,4
1766222564906001586,1.178484089009224,3.473602882284555,1.0043133323922262,1.0044508138904265,4
1766222564980969729,0.6924555129930177,3.1822288384099147,1.0040362509606895,1.0043750560910676,4
1766222565005975855,0.8341096788182512,3.556706450758349,1.0039916829135742,1.0044602504079339,4
1766222565055973148,0.1718232077183579,3.1735697054750895,1.0037408890534407,1.0045751233126974,4
1766222565106024352,1.2338719244855412,3.2047762580326906,1.0044948898985668,1.0043470153952232,4
1766222565155979647,0.22229580813593053,3.337530320802371,1.002992647125007,1.0042642421956696,4
1766222565180979962,0.5149108713671247,3.0506992045422723,1.0041261827213903,1.0045389768600432,4
1766222565206235095,0.6976170176669072,3.0352493257373605,1.0041261827213903,1.0043563673006777,4
1766222565280978516,0.23000778042847614,3.214832644852033,1.0033780243348316,1.0045338140510973,4
1766222565305979672,0.6911765385131385,3.41676032694128,1.0038850199400928,1.0044094646519794,4
1766222565380983742,0.8533083106534445,3.613620743475099,1.0038780267014928,1.0043878796805175,4
1766222565405981141,0.1318678375168414,3.4253197316058945,1.0031363588913844,1.0043763335599716,4
1766222565460013708,0.40769569557808083,3.2649313989139825,1.0030678230390941,1.0044947989413617,4
1766222565480996212,1.1170584353012991,3.279156470686584,1.0043024040107018,1.0043274727275053,4
1766222565506249152,0.45537868942258086,3.428814793501095,1.0036068842986048,1.0043724323453165,4
1766222565580981802,1.621055701980012,2.94213989037361,1.0051113792382955,1.0044402425832235,4
1766222565605971456,1.6924736720786981,2.979580907479264,1.0051113792382955,1.0043705721487377,4
1766222565683457391,0.9450660798562271,3.3994183895271566,1.0040707471156225,1.0044186650253828,4
1766222565705980069,2.037460052387141,3.3877554190221595,1.0049324031387514,1.0042599790592353,4
1766222565780992825,1.8204209754615341,3.3931141371012576,1.004865823484751,1.0044057256086851,4
1766222565807940420,1.3096134360468525,3.1427682285104304,1.004510913409404,1.004303063424232,4
1766222565880989305,1.0696755830224003,3.0950522755540977,1.0045950735730917,1.0044754230783057,4
1766222566006146822,0.7834733948934858,3.443402137287842,1.0039144499836559,1.004412620696899,4
1766222566059718923,0.33694925892446825,3.287317595738274,1.0036186472036581,1.0043854614799446,4
1766222566080976053,0.26841614722461493,3.1662303991485325,1.0038030642624223,1.004466347899679,4
1766222566105983562,0.34174623446880936,3.147598826269548,1.0038030642624223,1.0043932898647085,4
1766222566161967335,0.7407595624715491,3.1188220371388855,1.0042079331915457,1.0044461027111247,4
1766222566180972563,0.5956389112340421,3.0628237200978425,1.00416796923809,1.0045546520001147,4
1766222566205979290,1.8036696611842817,3.3091580176985347,1.0049203364502584,1.0043149627903976,4
1766222566280979403,0.47137140052844195,3.2907507060382533,1.0028845033055935,1.0043741731807405,4
1766222566306043918,0.2569513460271011,3.3655629037590895,1.0028845033055935,1.0041634515820541,4
1766222566360491996,0.48241486168776326,3.2373694652711684,1.0036850423653292,1.0042782807431065,4
1766222566480985427,1.1443738867891184,3.406329784794009,1.0043935550552618,1.00451202971558,4
1766222566506005940,2.177190657000061,3.286294132279672,1.005270454172899,1.004357341069086,4
1766222566561027325,1.3618129554571201,3.2502359144442305,1.0047412043513277,1.0045703718672543,4
