timestamp,dist_error_mm,angle_error_deg,est_dist_param_m,gt_center_dist_m,visible_gt_tags
1766225264335505273,10.265886972214089,1.7813205451988037,0.7826708523968028,0.80826851000018,4
1766225264365299583,10.323926240586978,1.7727817950763023,0.782557284651241,0.8081860303766415,4
1766225264387416798,10.652497117351611,1.7636332725668484,0.7830691579392635,0.8082564120232321,4
1766225264435722248,10.52522522066479,1.7423339683650052,0.7830313127089553,0.808264933550076,4
1766225264462027583,10.458745220104703,1.7882989196693797,0.7826939912968982,0.8082063962293697,4
1766225264484632456,10.7409845183547,1.7635698104871926,0.7831230074791895,0.8082747715071487,4
1766225264544721597,10.604307633817701,1.729244810658435,0.7830724135148406,0.8082183227382701,4
1766225264560942027,10.451562501738398,1.7350060619251166,0.7829012150946046,0.8082578063157398,4
1766225264587937340,10.144128454184775,1.7181317067130533,0.7826894204459709,0.8082832347241581,4
1766225264656833653,10.88390267394923,1.8207124465977396,0.7829757250191133,0.8082029505575938,4
1766225264681939983,10.567333149825387,1.7747793661458944,0.7828689760792836,0.8082558513353041,4
1766225264731837739,10.852936585401762,1.8082369529072149,0.7829057638060407,0.8081651118184046,4
1766225264756847366,10.572988818420503,1.747469875093288,0.7829967173494401,0.8082646733923706,4
1766225264808562381,10.489732904454542,1.7376459864157408,0.7830231149700873,0.8082714309859995,4
1766225264856852162,10.537865535627411,1.7860715236300393,0.7827333056185787,0.8081923637106204,4
1766225264882052247,10.594404493443509,1.763033133318948,0.7829456607807698,0.8082402662726739,4
1766225264931898086,10.575397199286352,1.795561582462121,0.7826859244805447,0.8080945978745319,4
1766225264982157232,10.607881193945401,1.7681015765462813,0.7829320862238147,0.8082212404447153,4
1766225265031836066,10.754031692891687,1.7642985690628876,0.7830623578866343,0.8082009905196953,4
1766225265131956799,10.677701541911278,1.8548154109492567,0.7826666712697128,0.808178270352836,4
1766225265156865797,10.539209133446526,1.788285642662781,0.7828512954896486,0.8083003242227633,4
1766225265181883159,10.39592482144458,1.7595098522659804,0.7828005373649448,0.8082612847913013,4
1766225265256869340,10.513920305278756,1.8091044891178651,0.7826537530470655,0.8082324090796861,4
1766225265332267927,10.67084877219071,1.8282890551813094,0.782731257869356,0.8082589846163349,4
1766225265356850641,10.855805010656084,1.7887292533792534,0.7829836721391318,0.8081854418068264,4
1766225265382529507,10.425958759270104,1.7937360664673494,0.7826583865907769,0.8082444661651165,4
1766225265431841901,10.677824651182721,1.7797164508737984,0.7828363453306232,0.8081759450999623,4
1766225265582018989,10.306211165281965,1.7445223399879617,0.7827369900181087,0.8082415873451033,4
1766225265631842194,10.628714655408157,1.8047402613314238,0.782821140123011,0.8081830929550106,4
1766225265682621018,10.286881520001568,1.7936097703668459,0.7825381457845375,0.8082690213602044,4
1766225265732068776,10.702192282961875,1.835136013266054,0.7827296844886785,0.8081340256402132,4
1766225265856850110,10.720156131547975,1.837494438363868,0.782800608285377,0.8081680949237117,4
1766225265881884053,10.674456142440114,1.7743187501863378,0.782912110292847,0.808133376087049,4
1766225265931847442,10.765284179836021,1.756381503018647,0.7830601308637457,0.808194097378666,4
1766225265956843554,10.420220342827413,1.8031623911645218,0.7826189635483708,0.8081906960800901,4
1766225265981849554,10.542762907742365,1.733712347989884,0.7830261471155554,0.8082163074338911,4
1766225266056836697,10.532866308722411,1.798269678340914,0.7828060574536374,0.8082219723894459,4
1766225266082521385,10.558833203001438,1.7552765410957913,0.7828709013402775,0.8081832147334614,4
1766225266131853656,10.585738797698973,1.7830938952381863,0.7828890902909628,0.8082506680074152,4
1766225266156842945,10.831322825490597,1.7892534628251566,0.7829980280251188,0.8081508688522653,4
1766225266231856246,10.6754554051115,1.790734704452569,0.7829007290811998,0.8082188934320963,4
1766225266256850755,10.713273524475376,1.8218037182755014,0.7827785263578947,0.8081930735145951,4
1766225266281976250,10.837110619227763,1.795416258640585,0.7830743260060338,0.8081611435651795,4
1766225266381874033,10.781498069649341,1.7477346056019274,0.7832414785955055,0.8081567211100509,4
1766225266431857720,10.517774909726608,1.7736242990631963,0.7827860958941997,0.808165348042577,4
1766225266481860914,10.689807166671784,1.788121024752894,0.7829681952700713,0.8082758624199423,4
1766225266533511507,10.774204340543768,1.77570908815017,0.7830357391471235,0.8081877927870417,4
1766225266556857704,10.58944851796273,1.813393094424178,0.7827001266427421,0.808175917577965,4
1766225266656850847,10.711684754987294,1.8273792424560182,0.782777920004001,0.8081842321943341,4
1766225266681856937,10.397093221983011,1.7174324593246366,0.7828963094612392,0.8082595775969419,4
1766225266731852136,10.749477357129944,1.7732133066282043,0.7829208768654028,0.8081177254425455,4
1766225266756851243,10.612050738876944,1.8029353246330044,0.7827281630032384,0.8081804573381943,4
1766225266881872498,10.691183982392438,1.757731123237186,0.7830910532762753,0.808246742498136,4
1766225266931854021,10.644386354880409,1.8286127961015763,0.7827727344327747,0.808253420576107,4
1766225267031939617,10.559346812954562,1.8513777581069524,0.7825931116303829,0.808222290055081,4
1766225267056851821,10.454167218827637,1.8300476641303913,0.7824952810279678,0.8082109130527956,4
1766225267081869363,10.789893528123983,1.8336121225906152,0.7829123327135818,0.8082192329975619,4
1766225267156879769,10.53129671556363,1.7823751923490165,0.7828546542877337,0.8082157834484047,4
1766225267181865481,10.241445301510721,1.7888823715726285,0.7826371190573821,0.8083384309991104,4
1766225267231870989,10.790805894105748,1.8058835004115674,0.7828931458870729,0.8081508636397803,4
1766225267282011801,10.956463943602612,1.7357592128213717,0.7833855364261023,0.8082370624160269,4
1766225267332890792,10.853674079276177,1.7493669580967626,0.783197330594382,0.8081921561858397,4
1766225267356856074,11.041767727273166,1.8513626897019035,0.7829987929389836,0.8081498294618991,4
1766225267382092528,10.509249437331114,1.791500238223001,0.7827349395152665,0.8081895493323741,4
1766225267432542242,10.748972811728152,1.8049672298083654,0.7828086216879943,0.8081392978602162,4
1766225267456828487,10.388456854930839,1.7918236060797739,0.782448670417785,0.8081672583677427,4
1766225267532996331,10.61615763023016,1.7330763253186803,0.7831151246694404,0.8082246642688165,4
1766225267581851995,10.694163552013691,1.7472498071831148,0.7830753969936223,0.808213944216101,4
1766225267631848586,10.826690928944727,1.7817005673530086,0.7830896371500363,0.8081656546463999,4
1766225267656850278,10.748462191244146,1.8343953068017043,0.7827753948046232,0.8081642770837939,4
1766225267731942799,10.709935641030954,1.7889018695678849,0.7828057428526844,0.8081298255949775,4
1766225267756881772,10.721599682064653,1.7616824742368704,0.7830910161874686,0.8082695934457912,4
1766225267856858924,10.628239910672853,1.8062432425596817,0.7827695130303968,0.8081339933236603,4
1766225267881860396,10.419025604856635,1.7796207955074448,0.7826965292501771,0.8081942637777423,4
1766225267931896071,10.892867868104062,1.8164414000622322,0.7830286308332701,0.8081462199912809,4
1766225267956885439,10.677398730220112,1.8135008598532527,0.7828232063932246,0.808143898305128,4
1766225267981960419,10.75664385591024,1.7806831181542742,0.7831180538125847,0.8082788383618509,4
1766225268033750565,10.379856951518217,1.8922442332194103,0.7822156936429397,0.8081353984006086,4
1766225268056866779,10.591659425230437,1.8170022602713911,0.7827118198081942,0.8081735071142254,4
1766225268081947359,10.554508966336694,1.7520684146384014,0.7829777526386483,0.8082419799908743,4
1766225268156872805,10.747015588547292,1.814149800868139,0.7828254503078926,0.8081668778330898,4
1766225268181890728,10.701246489260296,1.7349380085190917,0.7831569511096458,0.8082529032016296,4
1766225268231883661,10.67034024851965,1.8240618969094566,0.7827557427887475,0.8081711333622773,4
1766225268281869382,10.238696317262042,1.8025020850536588,0.7824510476154949,0.8082238766047827,4
1766225268332191806,11.01103958167904,1.7803735247256396,0.7832437065658321,0.8082558794806897,4
1766225268356852596,10.61010572184129,1.7967091987882935,0.7827273463981537,0.8081839259894453,4
1766225268381873925,10.61236064709703,1.792024411734749,0.7828688448335338,0.8082513571939463,4
1766225268431875194,10.545146012418405,1.7882401390655156,0.7827876246120623,0.8081716853861144,4
1766225268456855275,10.832697650892896,1.8325295320747548,0.7828654885442332,0.8082030431383185,4
1766225268481863289,10.547924786659003,1.7656948108123998,0.7828223936572047,0.8082028732338806,4
1766225268531885759,10.532698739061818,1.8161908232158641,0.7826552662453538,0.808207439745723,4
1766225268556858526,10.5366938537228,1.8402253605809131,0.7825324075023116,0.8082082290693705,4
1766225268632010337,10.721547661534991,1.812139673807118,0.7828719804758405,0.8082292466907031,4
1766225268656857518,10.452314475123403,1.7959753431132217,0.7827381033034269,0.808204524746277,4
1766225268734094744,10.629144273958001,1.8589593700016165,0.7824988273715675,0.8081897085881078,4
1766225268756868243,10.633611468432335,1.774013082142196,0.7828715241971194,0.8081763612707982,4
1766225268782487417,10.691037612039045,1.7868357560542383,0.7828753281309772,0.8081666900510527,4
1766225268832284512,10.56723054656128,1.8146645226643727,0.7826448162592571,0.8081375758386384,4
1766225268881857526,10.896743379305128,1.7524842033986643,0.7832262772579137,0.8081644176421224,4
1766225268956857842,10.525826689943063,1.8386065088278176,0.7826599397061205,0.808197456024867,4
1766225269034142597,10.835680724789354,1.7618629256279816,0.7831436250593566,0.8082308884079736,4
1766225269081866131,10.378328731738605,1.7808633749157747,0.7826667556030158,0.8081936467954547,4
1766225269156862189,10.966359615242173,1.792493132475296,0.7831115002764656,0.8081212136018199,4
1766225269233290001,10.575286908391712,1.818318798447407,0.7826409393455885,0.8081413012212527,4
1766225269256869196,10.503391096365554,1.863537610901735,0.7825997707455846,0.8082199626951149,4
1766225269281924258,10.635694406286644,1.778503215920513,0.7829557489946188,0.8082460913275491,4
1766225269332149389,10.597305335433681,1.804436075586193,0.7827458603332361,0.8081706910735145,4
1766225269356862928,10.531292111615297,1.779297965655113,0.7828711276775119,0.8081839380840099,4
1766225269482005398,10.638322263107236,1.785948782785701,0.7829042212635382,0.8082231887666405,4
1766225269556868035,10.638026747336493,1.7684638493220532,0.7829113149820696,0.808230747321885,4
1766225269581881489,10.707116502659652,1.7433059585157487,0.7832015830621297,0.8082300421691214,4
1766225269632018975,10.50736184497203,1.8148311693493542,0.7827101627313664,0.808273788131399,4
1766225269656866516,10.742210476067605,1.788370383034747,0.782918338952977,0.8081935124310706,4
1766225269732676315,10.67854251288125,1.8467889697657103,0.7826843037913556,0.808206655685615,4
1766225269856867706,10.693092644166736,1.7787042088519651,0.7829080183712639,0.8081837937764964,4
1766225269881879677,10.787934925032605,1.800275025060124,0.783008851058847,0.8082067741142805,4
1766225269932916304,10.78231319429901,1.7759665203144657,0.7830274435275842,0.808205214814095,4
1766225269956884101,10.70890545394687,1.847850125856958,0.7827213213390956,0.8082161568004907,4
1766225269981881665,10.695043783867764,1.745383532517588,0.7831342356826603,0.8082629406433114,4
1766225270033963929,10.479782115049186,1.76839365368646,0.7826798989660317,0.8081530619657681,4
1766225270056868135,10.625327760328762,1.8383009150136587,0.7825797488869018,0.8081106464379971,4
1766225270081872191,10.626199931072055,1.6983676805849528,0.7832389689996426,0.8082479803705932,4
1766225270132785386,10.474693536346225,1.8294003980616964,0.7824860336944238,0.8081894310730922,4
1766225270156874390,10.838502060129152,1.7658636073266978,0.7830338637567418,0.8081403082534956,4
1766225270182508942,10.602336385235333,1.8166449926891708,0.7826756370830936,0.8081701239592087,4
1766225270233117514,10.716916056667692,1.7909923736489555,0.7829055380428395,0.808181718522598,4
1766225270256873111,10.763376645960388,1.7784392691747108,0.7828856943549198,0.8080913738416452,4
1766225270332458377,10.588018537137312,1.8358497201098234,0.7826648561113753,0.8082035103605723,4
1766225270356865570,10.798242471075191,1.8401576379126556,0.7829136755559729,0.8082441644917973,4
1766225270482001447,10.489733033662517,1.7662774793000042,0.7828343153635272,0.808210331886524,4
1766225270533127492,10.907120933054015,1.821271707399089,0.7829126180722931,0.8080829672514316,4
1766225270634617960,10.333199311275521,1.7773983159502522,0.7826713911414823,0.8082404785251835,4
1766225270656876350,10.816248513846993,1.8228300984056731,0.782918155381753,0.8081997825491988,4
1766225270735889746,10.405742139330986,1.7837443046828403,0.7826467734442025,0.8081955665189547,4
1766225270756876083,10.673163870729919,1.750038660401388,0.7830569184647036,0.8082319018827496,4
1766225270833546130,10.727100631100717,1.7747727975285514,0.783097488615435,0.8082277411619357,4
1766225270856871357,10.775487848551201,1.819913097302843,0.7829492918758088,0.8081983520543073,4
1766225270881875904,10.326436095671077,1.7672460076709502,0.7826878350011048,0.8082393561891167,4
1766225270933272699,10.572882553971708,1.793489639665013,0.782859313854542,0.8082025313307609,4
1766225270956881219,10.419979512152345,1.805734149080144,0.782543945039721,0.8081628589529176,4
1766225271056877686,10.824935074935427,1.7831171729551027,0.78305223085456,0.8081541207621737,4
1766225271081880870,10.444146141846634,1.8155911209882742,0.7827337855675358,0.8083051119908622,4
1766225271156892346,10.59868429479982,1.7808127473115398,0.7828247223849946,0.8081658360458543,4
1766225271182000147,10.728471266957197,1.774023581201323,0.7829760840574741,0.8082538726395947,4
1766225271233301903,10.290405202570408,1.7898195299390456,0.7825472963870783,0.8082235271585123,4
1766225271334709895,10.690269768846349,1.8222025874100516,0.7827874769193847,0.8081789199563177,4
1766225271356878055,10.427451589769765,1.8192953105124112,0.7825323247073708,0.8081983290487869,4
1766225271382242218,10.518643656709736,1.7771922150056059,0.7827950601570594,0.8082051006944122,4
1766225271433724413,10.742335492088696,1.7658743969245323,0.7829868390158824,0.8081486936648397,4
1766225271481884658,10.443425317238631,1.7535545693450372,0.7827828614309159,0.8082196602380796,4
1766225271533347066,10.770279249202485,1.7912638984092564,0.7829637919698653,0.8081876710388134,4
1766225271556872770,10.806759098105356,1.8105274477032764,0.7828113166574472,0.8081146673341857,4
1766225271656893562,10.558952914142218,1.7918398243155682,0.7827222461296854,0.8081296416179791,4
1766225271681908218,10.424017819475107,1.759776435073962,0.7827143902843873,0.8082683593277631,4
1766225271733779104,10.680046353884087,1.8397759013587938,0.7826728420589826,0.8081830805884433,4
1766225271781879346,10.850908309251949,1.7517730232913922,0.7832522633835927,0.8082592621981349,4
1766225271833822478,10.53216846798033,1.861994845508146,0.7823868666725321,0.8081847121151985,4
1766225271856887296,10.797835669572153,1.8515140669914563,0.7827313622361469,0.8081889974885353,4
1766225271881897894,10.40145739754539,1.7272271312973597,0.7829104999683572,0.8082727573959521,4
1766225271956889422,10.413713339998743,1.8306105974308338,0.7825588763778669,0.8081848720737527,4
1766225271981985762,10.7831129601621,1.7543439933201483,0.7830883127761713,0.8082001766791141,4
1766225272056889425,10.67565877411325,1.7971666623196372,0.7827886598413025,0.8081672505343196,4
1766225272081903910,10.77441074604113,1.770340554527033,0.7830984430395982,0.808213262572914,4
1766225272181879988,10.92941973676631,1.790675901337969,0.7831589626380839,0.8082372017504279,4
1766225272234385438,11.03185171659149,1.7854686528115669,0.783142989238653,0.8081128993525327,4
1766225272256893267,10.846438105453494,1.827528934520036,0.7829428487403962,0.8081868313132924,4
1766225272281901150,10.417872384675842,1.762686944185462,0.7828093474301574,0.8082465350915934,4
1766225272381973869,10.48709407600823,1.7943909064618522,0.7826687867477843,0.8082279663309232,4
1766225272434248645,10.364933257059338,1.822289193351739,0.7825286498690781,0.8082159342464068,4
1766225272456893512,10.517532682244202,1.8381992639398332,0.7825225863335545,0.8081863330880726,4
1766225272556894876,10.909178870163071,1.7922652616478436,0.783045731426214,0.808129047625795,4
1766225272581917427,10.612827957650616,1.7663639038020984,0.7829373679492747,0.8082370026492594,4
1766225272634054875,10.665138851157053,1.781330540145388,0.7828993686289827,0.8082036483555928,4
1766225272656895780,10.812365725215823,1.8138037460108505,0.7830240681138093,0.8082285842101703,4
1766225272682131151,10.670197846758157,1.780719126926977,0.7830431354392635,0.808275479331053,4
1766225272756887537,10.62032177871519,1.799866906662432,0.7828244442136664,0.8082118656184277,4
1766225272834017338,10.528098720576029,1.8457341062890706,0.7826668995673554,0.8082752959178273,4
1766225272881897215,10.995008611815017,1.7862948073244187,0.7832096143528787,0.80820124387342,4
1766225272933744717,10.491640867968389,1.8158819882184398,0.7825215189584864,0.808163956367225,4
1766225272956881850,10.8489487030462,1.8313202419095747,0.7828518010135824,0.8081080745212993,4
1766225272981908288,10.392933945772231,1.8093096880576773,0.7825600222528256,0.8082620123461811,4
1766225273034081714,10.732337090702426,1.7620132045322583,0.783018838562038,0.8082054260187046,4
1766225273056895127,10.523724712149685,1.779979704942703,0.7827288814337657,0.8081715617591245,4
1766225273082280451,10.718187769534481,1.7559631052556348,0.783029424556699,0.8082327070157188,4
1766225273134328881,10.849981426388823,1.83196476884822,0.7828084627877003,0.8081257668443519,4
1766225273156898906,10.829548227356378,1.80923371879093,0.7829426776655353,0.8081813116795201,4
1766225273181922719,10.632739418124926,1.7452228005274575,0.7831186178209338,0.8082828089754738,4
1766225273256887486,10.568014037240392,1.8078844909257765,0.782790141209712,0.8082036821653563,4
1766225273281901761,10.882114427547606,1.7863126160009706,0.7831255980320431,0.8082680547779737,4
1766225273356903037,10.540718887930067,1.8625030291923437,0.7824977601079522,0.8081971213355666,4
1766225273381918835,10.403369940462204,1.7475906216265606,0.7828015172425927,0.8082414334971726,4
1766225273434116315,10.943803735669832,1.7828860812806997,0.783154232274611,0.808189388227747,4
1766225273456900494,10.678117000630927,1.7949752808371824,0.7829155322609399,0.8082390445280089,4
1766225273482839509,10.649026234761717,1.8113050650971882,0.782718797930097,0.8082030939947745,4
1766225273534300674,10.55280863993746,1.7488294455544184,0.7828456543699168,0.8081625853951846,4
1766225273556893422,10.694851906212111,1.8011652984004767,0.7828824845334819,0.8081875780555537,4
1766225273581948233,10.461312608827544,1.7814294500499395,0.7827171789271118,0.8082317338984744,4
1766225273634258977,10.758512050269008,1.81751320517099,0.7828564457632421,0.8081641659259542,4
1766225273656900397,10.674047121388197,1.8109860741969612,0.7828003153849085,0.8081401050910079,4
1766225273681909382,10.647714927767616,1.7928970348784894,0.7828080334830161,0.8082331277558348,4
1766225273756898856,10.77126109823634,1.8206686932291212,0.7828884679033496,0.808146165779741,4
1766225273781912239,10.578053913510077,1.7178223972371678,0.7829560193652159,0.8081955798338076,4
1766225273834501607,10.654057472913593,1.8017494400664982,0.7827964690482677,0.8082477164116957,4
1766225273857116507,10.847487473233276,1.76651951836712,0.7830396142170283,0.8081413682580644,4
1766225273882946386,10.682383385168137,1.7670424917315368,0.7830403563566097,0.8082393772235319,4
1766225273916036937,10.46141777438181,1.8069296994231032,0.7827526298622928,0.808254845632734,4
1766225273981926409,10.75116333698678,1.7479065986500733,0.7830751690527777,0.8081858250958249,4
1766225274034289811,10.654076546744218,1.8190425976516669,0.7827793110039202,0.8082450514087612,4
1766225274081966536,10.684927801399514,1.7908575535680422,0.782982816717136,0.8082599012294984,4
1766225274156895796,11.046282889547122,1.8124742285442992,0.7832415194833395,0.80819367388137,4
1766225274181900112,10.812765859749106,1.7729456365707754,0.7830727527365081,0.8081768720063033,4
1766225274234631767,10.902195950218019,1.8194697732362792,0.7830025515519983,0.8081815754395494,4
1766225274256887622,10.584332922962458,1.867213246380962,0.78258133026235,0.8081894506271369,4
1766225274488129947,10.63876780950701,1.7846678625132562,0.7829057976371785,0.8082136837564433,4
1766225274534996406,10.85563458411487,1.8228969799407495,0.7830755641278191,0.808221843753973,4
1766225274556899227,10.475741649279557,1.809576396373857,0.7825872359505739,0.8081669963971968,4
1766225274581906398,10.695553128329593,1.70423102099627,0.7831852318524594,0.8082224148142492,4
1766225274634817811,10.52559847140655,1.806483101477429,0.7826918317751264,0.8082294859666355,4
1766225274656903526,10.658280076086823,1.850666490086532,0.7826636255326673,0.8081421065290167,4
1766225274734442857,10.362414986074931,1.7872537017622514,0.7826648165275674,0.8082337786598333,4
1766225274756911121,10.747656234233682,1.8289092390373316,0.7827760762207622,0.8082023507796626,4
1766225274781904546,10.510099330761303,1.7537615036382226,0.7829048930267043,0.8081898072756839,4
1766225274834727243,10.786090479665278,1.819510845478372,0.7828754288729379,0.8081626458908279,4
1766225274856911423,10.664590656675244,1.8031909886869142,0.7827796033291035,0.808204764677518,4
1766225274881952438,10.808805333008763,1.793292096895838,0.7830091184538513,0.8082202612309315,4
1766225274934688311,10.824500493089806,1.7835485024515447,0.7830258244537853,0.8082190307484426,4
1766225274956894041,10.615978444097118,1.8024087661520547,0.7828385164473799,0.8082036274444063,4
1766225274981901643,10.541906077791818,1.785347211669464,0.782790513603948,0.8082521796461654,4
1766225275056903830,10.481162058101233,1.8200914974092277,0.7825985477622576,0.8081951323314217,4
1766225275131893224,10.68092513954355,1.7875394488425982,0.7829028924211164,0.8081887615902142,4
1766225275156895446,10.642839018324079,1.7767968563538583,0.7829794416985616,0.808211491353758,4
1766225275181965705,10.666594011474517,1.7886428347096854,0.7828297204926102,0.8081769758243145,4
1766225275335263866,10.500481144014696,1.7874158622770127,0.7827060441847887,0.8082221019820985,4
1766225275356914312,10.877550455179685,1.778672670756913,0.7830564390321413,0.8081274908505718,4
1766225275434460946,10.426049770492662,1.8153399011333635,0.7824729885773435,0.8081743181871173,4
1766225275456913270,10.630474827722058,1.819799614805394,0.7826793398698013,0.8082036457274853,4
1766225275481987698,10.254213917722632,1.7863911059247708,0.7825621009488138,0.8082280601035232,4
1766225275581927405,10.551076605439857,1.7501991313431995,0.7829664201713411,0.8082309593401907,4
1766225275635627853,10.605224903530441,1.79170072066582,0.7827852923434996,0.8081994085526849,4
1766225275656903272,10.707108955567257,1.8327484655957094,0.7828335316022806,0.8082668723383457,4
1766225275681936322,10.725913747729244,1.765737225010457,0.7830751654491201,0.8082193274257023,4
1766225275734959596,10.776237502040708,1.8160474046585915,0.7828414734119674,0.8081634713347299,4
1766225275756909414,10.529012669029836,1.8053786025544563,0.7826370893308382,0.8082364003428479,4
1766225275781977460,10.699426467192907,1.745963767663871,0.7831511059572329,0.8082631642048725,4
1766225275831920618,10.297439931243435,1.8146324926885518,0.7823265833194911,0.8081455949691022,4
1766225275887018505,10.176282096006407,1.7524812692185614,0.7826096267200081,0.8082928298477337,4
1766225275937291835,10.890090314791934,1.8147919779658235,0.7830616757917068,0.8082440031843146,4
1766225275956918803,10.693193733531059,1.767240477057882,0.7829543177743389,0.8081722753234962,4
1766225275982467313,10.47258096813064,1.7851521989450392,0.7826814755660373,0.8082258282932925,4
1766225276035536402,10.877392814231946,1.790856928213075,0.78304415084816,0.808166392357876,4
1766225276056915457,10.734226864896668,1.8180776671308938,0.7827325467800491,0.8081339633708409,4
1766225276136586679,10.692095911383536,1.8110180374320928,0.7827999858356605,0.8082041680768463,4
1766225276157037898,10.797736473762697,1.73660043597233,0.7831903679186358,0.8082302296728333,4
1766225276235822772,10.612591425268935,1.8056764397519718,0.7827990616695931,0.8082261210222348,4
1766225276256986481,11.01898580643834,1.7892656797420368,0.7832959879902074,0.8082192880332484,4
1766225276381913822,10.710321671608124,1.7897788962947705,0.7829486103355465,0.8082408532831336,4
1766225276456915958,10.650993882803107,1.7752264183430433,0.7828693156281417,0.8082176475835757,4
1766225276482770944,10.467757878051987,1.7526129424204369,0.7828349307526119,0.8081945867763335,4
1766225276515196323,10.515019498612554,1.775615465132661,0.7827221484249318,0.8081861587080889,4
1766225276582114519,10.745123733075456,1.8020488252796332,0.7829641232139358,0.8082740098482881,4
1766225276635625791,10.662239954035257,1.8158506136346222,0.7828012402444705,0.8081851414818835,4
1766225276656905689,10.726532605500383,1.7809963129324549,0.7829004832940071,0.8081368983210897,4
1766225276681925804,10.805045039213756,1.8013584665259006,0.7828467391728986,0.8081384404723501,4
1766225276735550699,10.88941246079822,1.8229601316020054,0.7829404824573241,0.8081429942973626,4
1766225276756916659,11.001919741768118,1.782299434286195,0.7832272281324901,0.8081486466799268,4
1766225276782014360,10.76786993050749,1.7411077526495955,0.7831876114420806,0.8081946754802825,4
1766225276836041332,10.68035408597179,1.8206277748521469,0.7827935344816856,0.8081581352836223,4
1766225276856924424,10.763181984769222,1.7849009479480862,0.782932810611653,0.8081648383378968,4
1766225276884766458,10.689330163461408,1.7549343529789505,0.7830056416972232,0.8082439313888139,4
1766225276936005074,10.583540935464208,1.820972971888782,0.7826573225824401,0.8081507747698952,4
1766225276981924732,10.87502540870977,1.7810621835917615,0.783166141370911,0.80821979434933,4
1766225277082046481,10.529882031172665,1.769479157877783,0.7828303116338887,0.8081369901232504,4
1766225277135867965,10.488368907412116,1.8142642046916124,0.7825921933001777,0.8081459679495369,4
1766225277156916949,10.7639659206612,1.8023004443316737,0.7828007629247433,0.8081196049362559,4
1766225277182129566,10.705690186184613,1.8068894203432118,0.7828007629247433,0.8081878620692461,4
1766225277236544327,10.84819027745343,1.8013337992301115,0.7829987692422202,0.8082084629469094,4
1766225277256926005,10.80996740318807,1.7173462849520733,0.7834174561679976,0.8082683810317538,4
1766225277282678669,10.737029509269359,1.7730959029629694,0.7829257306012498,0.8081620121341674,4
1766225277336111182,10.62568064977365,1.7930999744695373,0.7827274352094029,0.8082011457434793,4
1766225277382072378,10.534842229276254,1.7607589070779803,0.7828422989230748,0.8081694783214148,4
1766225277435979874,10.685002229715135,1.8442054178814342,0.7827793316717588,0.8081754775874359,4
1766225277481926502,10.714650074598264,1.721806251091795,0.783183379916864,0.8082316741524491,4
1766225277536135386,10.71654599477756,1.7813149918061983,0.782868514591799,0.808186523118607,4
1766225277583292823,10.511281775482551,1.748605186217677,0.7830226266979398,0.8083054908231163,4
1766225277616407057,10.72246638799157,1.7919572680849292,0.782967817026515,0.8081754126247229,4
1766225277656931223,10.610855238441296,1.7849091944474662,0.7829283634022743,0.8082323907658913,4
1766225277681942381,10.545497153538474,1.8080794010745393,0.7827538208615673,0.8082809263651499,4
1766225277735817416,11.043970470611896,1.773945774981694,0.7831845892753314,0.808165911631272,4
1766225277756931212,10.686868009426863,1.7806563603994887,0.7829207887526115,0.8081987312664732,4
1766225277835895032,11.010881853327437,1.802064949325767,0.7831619530702087,0.8081750338910839,4
1766225277856929438,11.026928420349137,1.7617766720384098,0.7832000939465696,0.8081393665782752,4
1766225277882324859,10.852929005591761,1.8121802396233575,0.7829578522973304,0.8082318024805241,4
1766225277936249909,10.582819166336076,1.8220753468859623,0.7826383848950702,0.8081798138223613,4
1766225277982245369,10.681102036129264,1.74835663303869,0.7831100926723966,0.8082380842791206,4
1766225278036242735,10.904450555617395,1.831871204684858,0.7829799944333419,0.8081750369771856,4
1766225278131927074,10.770443702972198,1.738767791041004,0.7831402203542271,0.8082421100495265,4
1766225278156924176,10.646112208390734,1.781036942316982,0.7828869965616634,0.8081837099338596,4
1766225278181978295,10.696384750486843,1.7812813247590191,0.7828869965616634,0.8081263938748539,4
1766225278231935268,10.825128287378472,1.8006804928140039,0.7829681786873335,0.8081395781767916,4
1766225278256940996,10.693789467035032,1.8398895471025594,0.7827106942611523,0.8081656330182844,4
1766225278356886302,10.57252707048406,1.7280572640236807,0.7830107446165033,0.8081907684871041,4
1766225278456927138,10.775273928538498,1.818906351574433,0.7828374122357682,0.8081901912376794,4
1766225278531938160,10.53582498052863,1.8311773634399318,0.7825434236691198,0.8081057818354794,4
1766225278556934711,10.849453448854574,1.7055944574457946,0.7833723424871223,0.8081715283791675,4
1766225278584076919,10.681217607461214,1.7988710069371026,0.7830126140881727,0.8083226025863639,4
1766225278631943699,10.693751813760866,1.8030369539396809,0.7829041835852945,0.8081801405994069,4
1766225278656932195,10.481611403125646,1.767727116600084,0.7828263992372961,0.808179899764036,4
1766225278682133952,10.791556370046695,1.727921421975182,0.783247818101276,0.8082751943769273,4
1766225278731932617,10.999086133984704,1.8415596901753797,0.7830010246249224,0.8081544425340821,4
1766225278831933197,10.455679973665033,1.8570676526564835,0.7824324397632213,0.8082532762322635,4
1766225278856928846,10.54450344657354,1.7691780904612977,0.7827563187687636,0.8081623171087655,4
1766225278931951059,10.700116092944413,1.80574284409293,0.7828247863245128,0.8081698454129699,4
1766225278982146101,10.606679506249051,1.7501350742969735,0.7829277531974599,0.8082361691725227,4
1766225279031950097,10.741482721479901,1.8420954610544131,0.7827300436506827,0.8081495006212484,4
1766225279056934033,10.824722201480451,1.81546776902746,0.7829071795233407,0.8081520254100825,4
1766225279131934195,10.57044504884852,1.8064942263037798,0.7827233799897575,0.8081604782543858,4
1766225279256925795,10.580227552409283,1.7421313331014259,0.7829722566141641,0.8082153613419413,4
1766225279282159181,10.541096385179971,1.7618238770350665,0.7828326010133696,0.8082605149500517,4
1766225279356921194,10.744217254271549,1.7371379763853536,0.7831798508626352,0.8082187159520543,4
1766225279382032280,10.673672965955783,1.7559220682339807,0.7830415541391362,0.8082365999353944,4
1766225279456903700,10.608649604576303,1.7584984073895422,0.7829717206881056,0.8082499251977151,4
1766225279482086601,10.731407836668039,1.8208405859829362,0.7827960531960572,0.8081478979806102,4
1766225279556901113,10.915784754741086,1.6959653271685087,0.7834388117894417,0.808160976406314,4
1766225279583182711,10.74449346556705,1.7575925451598402,0.7830428327625165,0.808238425970947,4
1766225279657757963,10.519587198188907,1.7676359672855202,0.782802253111365,0.8082247773077345,4
1766225279682090274,10.50110467962384,1.7929741971189732,0.7827249648090062,0.8082011025168445,4
1766225279731932502,10.752316491468793,1.8121847500893804,0.7828462010478291,0.808192652497188,4
1766225279756959309,10.86758647952979,1.7614645961358464,0.7832002424623926,0.8082692743137191,4
1766225279782520332,10.703685766722536,1.731038656412434,0.7831345097954462,0.8082557308641872,4
1766225279882370658,10.616851943100247,1.7669959096009424,0.7828049606651903,0.8082611024292283,4
1766225279931923421,10.597716888407716,1.8083568792174618,0.7826149190336851,0.8080762686720306,4
1766225279956939598,10.52802336522296,1.8501316637346013,0.7825906538566929,0.808208159115956,4
1766225279981926371,10.678023264165448,1.763467678093031,0.7829439893559549,0.8082119694582247,4
1766225280031941844,10.826403582679056,1.868005042722802,0.7827927959722907,0.808185069743835,4
1766225280082253073,10.80263448548735,1.7969355558376048,0.7829254388788877,0.8081753862126483,4
1766225280131930240,10.684452829338277,1.8904938153377897,0.7824727623840203,0.8081976253690698,4
1766225280156969471,10.724904163223137,1.7312437416978002,0.7831433383676407,0.8081756502767073,4
1766225280182571019,10.659170275430174,1.715187693180265,0.7830862050885778,0.8082246849746426,4
1766225280231931019,10.39285221915387,1.8498953828515685,0.7823485079123369,0.8081129102361636,4
1766225280256949651,10.81655992971864,1.7929061311535048,0.7830409467296535,0.8081830143900771,4
1766225280331946035,10.84003886601348,1.8509115615011147,0.7827344825293233,0.8081770187680156,4
1766225280356943086,10.758415254902843,1.7834126001033102,0.7829521115061816,0.8082042233052512,4
1766225280382804474,10.758415254902843,1.7834126001033102,0.7829521115061816,0.8082042233052512,4
1766225280482798641,10.749144148322841,1.7760557214444925,0.783045363558229,0.808175507789015,4
1766225280531936513,10.883499136504437,1.7762906814846053,0.7832121182554806,0.8082356092602281,4
1766225280556941950,10.520498058632421,1.8405178216930649,0.7825276674949584,0.8081719907929498,4
1766225280581962836,10.44231746388169,1.8246310214324324,0.7825276674949584,0.8082567343043492,4
1766225280631935078,10.764121833055086,1.781231508766026,0.783000170652172,0.8082221244841205,4
1766225280656982604,10.611543333291952,1.7813012251182159,0.7829433706254525,0.8081938868102604,4
1766225280681949168,10.732369728854053,1.7579439484007733,0.7829418121442082,0.8081833671595199,4
1766225280731937450,10.554810244532309,1.7945856569518417,0.782660193476244,0.808171661787355,4
1766225280757012378,10.543302893082029,1.805122620667196,0.7827799807295609,0.8082350594180959,4
1766225280782083208,10.623198650070997,1.7872134272018578,0.782833561810345,0.8082378606942796,4
1766225280856936713,10.644594463317002,1.7661203550592772,0.7829925324712277,0.8082808246825526,4
1766225280881963620,10.601862088719049,1.7924013054359027,0.7827797393398496,0.8081883030248438,4
1766225280931939078,10.9891379961512,1.836085399668414,0.7830694994400563,0.8081263905572982,4
1766225281031946800,10.476925834258743,1.8529550912106727,0.782481409193546,0.8081785873333467,4
1766225281056970141,10.725926211777924,1.7428098033583428,0.78316696126172,0.8082216298849263,4
1766225281082523660,10.729190471398976,1.7806138535947267,0.7829734392863904,0.8081899316424521,4
1766225281157022156,10.721623648253464,1.750079087687465,0.7830585316968511,0.8082197537495044,4
1766225281183517016,10.69649071838974,1.8008573743636216,0.7829178031234477,0.8082627417685446,4
1766225281231930645,10.609294338366215,1.822284897381955,0.7827100159813143,0.8082667467512177,4
1766225281331935641,10.552087266675002,1.7928107846285595,0.7827238293842058,0.8082004821661568,4
1766225281381955222,10.743028248605736,1.7365390156478873,0.7831517865893203,0.8082104848040739,4
1766225281431939195,10.725840289163568,1.7630147005526897,0.7830534829888166,0.8081676279631864,4
1766225281456962355,10.7379976661659,1.7552030131871739,0.7830549896446898,0.8081646572261914,4
1766225281482358377,10.548051581100726,1.8044111507104352,0.7827690459905152,0.8082508353904669,4
1766225281531935565,10.280879079396566,1.8428706300233035,0.7822480308900503,0.8081877965503127,4
1766225281556936764,10.816319433147425,1.73629339409089,0.7832927524164377,0.808214528368467,4
1766225281582206208,10.669521530960457,1.7287481074695146,0.7831988585132884,0.8082876942477077,4
1766225281631936865,10.646189629282322,1.8394144456016923,0.7826427117742163,0.8081099783416936,4
1766225281731938275,10.400802469597515,1.773057266391595,0.7826500286543064,0.808213779894878,4
1766225281782190012,10.719891060715469,1.7885342400778212,0.7829430429171355,0.8082185523112969,4
1766225281856950732,10.666674404659847,1.7882398236566561,0.7829291428500708,0.8082118387413444,4
1766225281931940072,11.129602209155486,1.8180186667214804,0.783237336099675,0.808205443273201,4
1766225281956952723,10.78920784893822,1.7641520049560995,0.7832163510369294,0.8082700437556868,4
1766225281982198031,10.419304655243987,1.7378299788278804,0.7827966240360483,0.8082128009779764,4
1766225282031941492,10.753753217097373,1.7963014955691277,0.7828976902170965,0.8082025523433924,4
1766225282056947190,10.425478354767037,1.7438957034934428,0.7828516234922545,0.8082092200918578,4
1766225282082480169,10.433984387079875,1.8058860659811855,0.7826720351589991,0.8082132253993148,4
1766225282183196995,10.56782108481691,1.87182508446759,0.7824979481676367,0.8081813518280503,4
1766225282331966760,10.768752340280518,1.8009968018316989,0.7829617725519568,0.8082063506583593,4
1766225282356969011,10.836252463040319,1.7487187372952469,0.7830974654674216,0.8081740044692594,4
1766225282382980370,10.747965195791242,1.7516438966658348,0.783113630317024,0.8082720299374903,4
1766225282456948048,10.655396396747175,1.7723998092907856,0.7829273689178876,0.8082298306791992,4
1766225282482958526,10.687189025741283,1.7936819314384171,0.7828139045831654,0.8082204682843049,4
1766225282531940784,10.604880812789542,1.7401528803361457,0.7829011378835068,0.8081665426096734,4
1766225282556939949,10.820931293019642,1.772560814072448,0.7830162213115557,0.8081594338888883,4
1766225282582742005,10.856269266631081,1.7883455408211248,0.7830263954980177,0.8082165785752597,4
1766225282631948836,10.637455762057769,1.8312073295014368,0.7826914304896309,0.8081650689029918,4
1766225282657119053,10.526259937857718,1.7589444435716668,0.7828549467118724,0.8082329843350731,4
1766225282685331584,10.526079422392144,1.7949433113535427,0.7827231046855834,0.8082661487107892,4
1766225282756944711,10.736508334861838,1.823041841199362,0.7828447745137221,0.8081665321015866,4
1766225282782978794,10.664334154889655,1.7838160198823785,0.7828447745137221,0.80823975962828,4
1766225282831944802,10.812473327300065,1.8073045472687865,0.7829306288907745,0.8081947389836851,4
1766225282856944728,10.626568741294417,1.723823444788386,0.7830915154298677,0.8081984915032272,4
1766225282882745982,10.624558423611541,1.7312689700405977,0.7830785534384935,0.8082707362998888,4
1766225282931940169,10.881581496657965,1.8292253456173317,0.7830003533037762,0.8081832505069092,4
1766225282956965283,10.717673066715117,1.8369217704532868,0.7828374463478492,0.8082515233591372,4
1766225282983175166,10.689815046129759,1.8485913883012017,0.782630917095604,0.8082462386512572,4
1766225283031958981,11.03269014637942,1.8370993560990978,0.7830363342188061,0.8081861004078641,4
1766225283056956934,10.745690995024093,1.801486038068402,0.7828997063952101,0.8082063558777683,4
1766225283082428899,10.699356055861365,1.8353398814844604,0.7827377733160741,0.8082102283472554,4
1766225283131943729,10.635112514837509,1.8174422973895452,0.7827383318658674,0.808189121723635,4
1766225283183074830,10.8484963774087,1.80178059750885,0.7830197176970671,0.8082120310638187,4
1766225283256950024,10.575273500354921,1.7596490501515651,0.7828522174654146,0.8081700651743552,4
1766225283357042203,10.523254703880491,1.7567051835666108,0.782879845786719,0.808187202613495,4
1766225283383244822,10.559482402748177,1.78969621439631,0.7827317690441475,0.8081855394498706,4
1766225283531958491,10.831175207152043,1.7896957682692285,0.7829638813097894,0.8081578476969651,4
1766225283557099172,10.826543202931859,1.7395975111937507,0.7831551397927521,0.8081375594329215,4
1766225283682700626,10.583800017492706,1.766429565936218,0.7828441281320623,0.8082040977413557,4
1766225283731953273,10.434145105229664,1.7792232730875348,0.7826533654203572,0.8082056658414257,4
1766225283756980000,10.38408944095137,1.8079183972017654,0.7825201140826946,0.8081963956534906,4
1766225283831951576,10.886077247915683,1.8596666784169005,0.7827484718383865,0.8081370216643095,4
1766225283856952184,10.580464463152751,1.8403798136044411,0.7825839104828685,0.8081329035881547,4
1766225283882824792,10.561951205125375,1.850903891248035,0.7824942442964488,0.8082222679872336,4
1766225283931951251,10.776875819204722,1.8544113028416414,0.7828343307369005,0.8082371258056587,4
1766225283983871788,10.757090291832693,1.800228746941881,0.7829562003665766,0.8082417539465759,4
1766225284031945527,11.088479189042989,1.8364605280802577,0.7830497817363061,0.8081555591359266,4
1766225284057092911,10.775425098888958,1.7094305571384296,0.7833279120720674,0.8082572023620225,4
1766225284083455310,10.770195814738926,1.7745165587280778,0.7830597751618018,0.8082066574687792,4
1766225284131972153,10.767825309214384,1.8138207610693455,0.7828025397233062,0.8081247455239128,4
1766225284156971638,10.673137822714729,1.7661679621226196,0.7830033637706744,0.8082004118518421,4
1766225284231978400,10.754016075993245,1.8298354246228727,0.7827073467060532,0.8081621657889598,4
1766225284284072002,10.431497556958046,1.7875064105207226,0.782689839651361,0.8082198041947795,4
1766225284331971292,10.673169245725923,1.833420916133765,0.7827982745738442,0.8082292899386424,4
1766225284356973533,10.52133553950052,1.8086785266441836,0.782647621197458,0.8082552595692944,4
1766225284431953935,10.803368357569454,1.801291930307202,0.7829182880557014,0.8081624808875908,4
1766225284532030955,10.8482283741691,1.7847348169517667,0.7831104288436193,0.8081691939863268,4
1766225284631966890,10.793246246573297,1.8215842482234341,0.7828619171233282,0.8081825299306648,4
1766225284683468087,10.75333742845952,1.788043843944922,0.782954022205139,0.8082393954152896,4
1766225284731956025,10.598705651601481,1.856670481422527,0.7825016084803943,0.8081672986529882,4
1766225284756958326,10.298792110148835,1.8034197108853187,0.7824400625724878,0.8081546734295729,4
1766225284783771674,10.23497346788249,1.8292368556538592,0.7822387573006879,0.8081954077869347,4
1766225284831962072,11.010868690298214,1.7895825714388212,0.7831320833775656,0.8081787118947089,4
1766225284931965434,10.690903560316546,1.830616295296707,0.7827954643664817,0.8081964424885125,4
1766225284957026165,10.761796310719717,1.7894902075143992,0.7828594816626444,0.8081462822600325,4
1766225284984808526,10.729226861456942,1.8114799609981282,0.7827389576407774,0.8082195556167046,4
1766225285031970970,10.63774934369155,1.8123051778468857,0.7827186656159965,0.8081882079750098,4
1766225285057216739,10.618257176131184,1.7732504359703054,0.7828835443843514,0.8081888633372456,4
1766225285085835233,10.479650211753121,1.7989795054894735,0.7826316250935736,0.8082449645907681,4
1766225285156975039,10.49072930646644,1.781824203900031,0.7827668823552444,0.8082414071855505,4
1766225285231969868,10.700702130137628,1.753995458977472,0.7830776050914806,0.8081990962035355,4
1766225285257265240,10.438848659436228,1.7652639493070028,0.7827395002672743,0.8082454395746791,4
1766225285283087604,10.371150830608244,1.8187723055323228,0.7824826477234041,0.808277552813354,4
1766225285331976876,10.606466656539414,1.8077777505862973,0.7826999716938553,0.8081218341518318,4
1766225285356981672,10.48315830235802,1.7876027591181851,0.7826820811596386,0.8082260767076944,4
1766225285383082088,10.431035429294798,1.8506781604508704,0.7824926831154736,0.8082377386449094,4
1766225285431971651,10.505499722936019,1.8197253414921866,0.7826431148782838,0.8082019436324224,4
1766225285484955117,10.716931380018835,1.7567548280873333,0.7830303775111687,0.8082436078963753,4
1766225285584022147,10.6426017796154,1.822339775700855,0.7828013342294637,0.8082722171914812,4
1766225285656977869,10.82148485590917,1.7589887485581845,0.7831664057922311,0.8082180552076169,4
1766225285731959133,10.685780523612909,1.8353894286286152,0.7827136789861423,0.8082113056021138,4
1766225285756965581,10.84261914033824,1.7852838663252895,0.7831040235857314,0.8081836670322786,4
1766225285783808134,10.716928667298454,1.838596550556562,0.7828415361366192,0.8082162906994665,4
1766225285831979857,10.72143623200883,1.8201572088443572,0.7828590426600147,0.8082224678378002,4
1766225285883800224,10.542527558870862,1.8022643497950837,0.7828091678814273,0.8082653883992634,4
1766225285931978258,10.8523381045752,1.8293810654391809,0.7828460408177675,0.8081346386478441,4
1766225285957008121,10.635359927473997,1.74228295051287,0.7829541052201611,0.8082135966203827,4
1766225285983703828,10.599555839903797,1.8378792719341102,0.7826796538848023,0.8082233022886651,4
1766225286031982582,10.866200177458985,1.8348310468095839,0.7829643352935124,0.8082179569441684,4
1766225286056974543,10.770050520728326,1.735816113594922,0.7831082579529085,0.8081791118552152,4
1766225286084193975,10.705278378596915,1.7972196240826606,0.7829355087640237,0.8082507226287238,4
1766225286232021444,10.803823146828929,1.808491157160093,0.7829099387369239,0.8081485921230592,4
1766225286256979050,10.588387962103262,1.7570255385705538,0.7828461967740036,0.8081907863900097,4
1766225286332029493,10.820167950423066,1.7432560849514407,0.7831817429521105,0.8081812091663275,4
1766225286356974987,10.426740750170804,1.7861442855268668,0.7826568703627534,0.808212261042906,4
1766225286385530362,10.350964289967512,1.8205992604090764,0.7824775311348522,0.8081883758678626,4
1766225286432040098,10.904862703096875,1.7716179414674402,0.7831172366121112,0.8081758388391239,4
1766225286531980159,10.558651844337463,1.8243941620385522,0.7826088820035557,0.8082222923878233,4
1766225286556978933,10.823610816229067,1.7509936037622633,0.7831568584842242,0.8081806168217698,4
1766225286584506545,10.75169593721692,1.7757231397016142,0.7830464481346837,0.8082465343574333,4
1766225286684641734,10.668008043372978,1.8201003691252926,0.7827539277177664,0.8082067458215456,4
1766225286756991125,10.661684624716505,1.7951250040701723,0.7829087966189956,0.8082252807035479,4
1766225286856970040,10.71157684850499,1.762793721655185,0.7830312987633735,0.8082388279122391,4
1766225286885165889,10.829958864428612,1.799711484410138,0.7829452716416415,0.8081895824305146,4
1766225286931981009,10.560172215939412,1.8228302419449918,0.7826110035670968,0.8081387434633592,4
1766225286956973601,10.466183686233421,1.778409560603215,0.7828122253959231,0.8082824800019331,4
1766225287083923089,10.636570317216876,1.804188364635694,0.7828053847119476,0.8082290833719318,4
1766225287131966550,10.730091978724655,1.8156001026748143,0.7828803623766875,0.8082140638420043,4
1766225287231975300,10.653827425882056,1.8314990886439295,0.7827410800064452,0.8081477363508967,4
1766225287256992469,11.183962435807437,1.7862608556046202,0.7833011735499998,0.8081299658080046,4
1766225287356980460,10.535854840369785,1.7498595498378202,0.7828906318977321,0.8082270005082717,4
1766225287385790915,10.569488506544378,1.7867054131284092,0.7828079521374857,0.8082370135148411,4
1766225287431985106,10.903980494456732,1.8486922689890164,0.7829060554482302,0.8081771553879803,4
1766225287456997135,10.90570304393179,1.7293573243451328,0.7833590772590152,0.8082018518424275,4
1766225287484929698,10.912070925709894,1.7576630818649963,0.783220936630196,0.8081625735837984,4
1766225287531989549,10.648298814363244,1.8045265361702703,0.7827458580707087,0.8081937881880323,4
1766225287584553515,10.486708386105438,1.790944711844029,0.782655056977989,0.8082362230712465,4
1766225287656994768,10.555591461440361,1.7406279841315793,0.7829509958615497,0.8082143033650045,4
1766225287685771209,10.556517469448966,1.7692085857917337,0.782846862278909,0.8081986406561371,4
1766225287731981551,10.902628147115179,1.7915619768344155,0.783149216006148,0.8082003527347822,4
1766225287757097706,10.435551284643463,1.7319786999709852,0.782853946642344,0.8082369247266511,4
1766225287785582228,10.475376350120747,1.8053474607018267,0.7826625787131385,0.8082144610684786,4
1766225287856996680,10.496170682426476,1.769549267953841,0.7827174453926226,0.8082199786585532,4
1766225287956993798,10.764189690402159,1.7920461846679125,0.7829210792629405,0.8081722311702135,4
1766225287986312469,10.695728983265983,1.8086939765374155,0.7828203912503007,0.8082736632047173,4
1766225288031983026,10.805952635679406,1.7971485557011448,0.7830039428236424,0.8081611388712423,4
1766225288056988792,10.521246319328824,1.786229356776186,0.7827335623119565,0.8081988748834251,4
1766225288084652380,10.455779835610857,1.8178793997478793,0.7826130310858933,0.8082749086598511,4
1766225288131980244,10.619476484854506,1.7973620040655478,0.7827011185597154,0.8081550142046247,4
1766225288185295734,10.605203344700275,1.7313844511017946,0.7830769591691693,0.8082836785198179,4
1766225288231988693,10.755379794581078,1.8331602760191767,0.7828281296216454,0.8081754730837574,4
1766225288256995061,10.81593064273234,1.8004062708707258,0.7830345541532382,0.8082003433496571,4
1766225288357084553,10.711292921207981,1.764461728774024,0.7830452336993124,0.8082290200959144,4
1766225288385263630,10.616504303668005,1.8079089561741666,0.7827900772531675,0.8082847875551528,4
1766225288456999837,10.709353860268278,1.7565631537673756,0.7831998486557068,0.8083315235947736,4
1766225288531990136,10.816763572983445,1.76660168705587,0.7829860436909393,0.8081627668565058,4
1766225288657003069,10.494573503244009,1.778222029495868,0.7828178218923144,0.8082404674447503,4
1766225288731998578,10.622273963209139,1.776131977377691,0.7828385526100681,0.8081439554903539,4
1766225288831991739,10.663967600794466,1.8264472787158765,0.7826782460153762,0.8082156568142028,4
1766225288856989050,10.783209654932403,1.769450207398643,0.7830167957675012,0.8082000322935605,4
1766225288885877441,10.680789857743122,1.8306304583891848,0.7827931372882558,0.8082512928577333,4
1766225288931985941,10.71561376494956,1.8224451342996755,0.7828765329573926,0.8081933362783545,4
1766225289031986596,10.693249276527816,1.8385137161888458,0.7826586173124204,0.8081695118526863,4
1766225289157195908,10.631982567064991,1.784651713616423,0.7828335765094838,0.808171892515573,4
1766225289187307471,10.589743850899946,1.8070921986044934,0.7827767880293128,0.8082864898850037,4
1766225289231996210,10.77809499584892,1.7494231662309296,0.7831394869094153,0.8082045762238902,4
1766225289256991827,10.717109875040487,1.7596631523769424,0.783012780346945,0.808175347406272,4
1766225289285793996,10.664089309469604,1.7727554926480975,0.783012780346945,0.8082359331250338,4
1766225289357002159,10.544173074421792,1.792874855986396,0.7826965495900482,0.8081793743068817,4
1766225289431997337,10.689942975846133,1.7883027545399521,0.7828816130379973,0.808159820253752,4
1766225289457187842,10.463996172261014,1.780020477047455,0.782731463457777,0.808222183138699,4
1766225289557035047,10.659948619100135,1.8196303048324705,0.7827656916214861,0.8082362737478874,4
1766225289593285008,10.759211819113546,1.7703329166307553,0.7830104052497171,0.8081672578898462,4
1766225289631993255,10.527551083343244,1.7941251345460036,0.7827527912282698,0.8082253439636646,4
1766225289657092097,10.754710562881353,1.772185318489314,0.783013659229538,0.8082607805818508,4
1766225289685934612,10.87824883289812,1.8391632886352192,0.7828950790402062,0.8082324886880949,4
1766225289757297346,10.673229250673488,1.7955719143303313,0.7828942262004472,0.8082538326033841,4
1766225289785821692,10.831300222845952,1.8504944354792465,0.7828439753580342,0.8081896849903494,4
1766225289857112000,10.873324998951993,1.7586892445948628,0.7831709195188429,0.8082271884811805,4
1766225289931997061,10.684358642670698,1.7738906582962592,0.7829019617649232,0.8081620635578239,4
1766225289956996696,10.564827496554742,1.779970558483935,0.7828446197997203,0.8082005574813195,4
1766225289986513990,10.667284899206987,1.8155590457078632,0.782775691599073,0.8082305387710422,4
1766225290032013554,10.967374921841078,1.786545662825153,0.7832494582648545,0.8082059897737055,4
1766225290057011967,10.705256622217775,1.7784046684863042,0.7830478843068791,0.8082525492923014,4
1766225290086956456,10.808170678871853,1.822118006762642,0.7828412418121254,0.8081637103339765,4
1766225290188637080,10.540157499133063,1.7676427856585177,0.7828596775310078,0.8082373587637072,4
1766225290257004448,10.80380841386619,1.801814444042653,0.7829508784735437,0.8081676765644945,4
1766225290332008542,10.635295032524695,1.7734125816624866,0.7827981075889716,0.8081412511986864,4
1766225290357093718,10.262130426904603,1.8074470258265907,0.7824077484811256,0.8082205034419663,4
1766225290386460810,10.193962885742259,1.8347275458553556,0.7822993224822726,0.8082524496147473,4
1766225290432016840,10.512003948860983,1.7868210043821013,0.78282386615438,0.8082031750405415,4
1766225290457105703,10.535022699286301,1.789121407521642,0.7827283380402676,0.8081764000696976,4
1766225290489631838,10.654389133530117,1.8100222051824069,0.7827708199127982,0.8082090978022883,4
1766225290532961129,10.47299559705339,1.7683777632828415,0.7828546164195079,0.8082390255425806,4
1766225290557781286,10.77587400507818,1.8093167117018079,0.7830181656784897,0.8082532753958528,4
1766225290582351433,10.822717779005675,1.8704541670280792,0.7828147112003054,0.8082091600775695,4
1766225290632014119,10.751292375350662,1.8443106439879648,0.7827415079859609,0.808198255417321,4
1766225290757010500,10.568642119700765,1.7825451490808641,0.7828811069206871,0.8082519223320959,4
1766225290832029503,10.464044551507845,1.8381372665549005,0.7825260278306472,0.8081792953570326,4
1766225290857057651,10.952981930585914,1.7377950707881233,0.7833346221380475,0.8082448638723959,4
1766225290886242951,10.84987289286321,1.7882936925584905,0.7831234277187794,0.8082544867281489,4
1766225290932030096,11.059641334784098,1.8314361632969112,0.782992053898327,0.8081354272202848,4
1766225290986196706,10.796161394640013,1.8279401205450052,0.782895508380608,0.8082460069508575,4
1766225291032352465,10.678660010664087,1.7655133960406832,0.782974951285374,0.8082161415564348,4
1766225291058869945,10.736502954524552,1.799691810348523,0.7829365477038107,0.8082073755409732,4
1766225291086965355,10.754312793696542,1.8011927888942576,0.7828794881283737,0.8082219721307204,4
1766225291132006736,10.810122740233519,1.824321939163705,0.782825206525788,0.8081368279802217,4
1766225291157015889,10.932124620489203,1.7127294817209981,0.7834186071795106,0.8081975614746437,4
1766225291186476958,10.931916274168895,1.7426834067320556,0.7833118954456838,0.8082311474952515,4
1766225291232002119,11.034738944883049,1.7995426731172177,0.7831669611534302,0.8081392481415002,4
1766225291257029376,10.8013174281677,1.7801208030912599,0.7830657385675585,0.8081605863948824,4
1766225291287527756,10.769993774401465,1.8100173011547778,0.7828854759397819,0.8082277261015486,4
1766225291357050277,10.5693255856526,1.8050631104951524,0.7826691719477122,0.8082221475127149,4
1766225291390446549,10.529298437401469,1.866286339598207,0.7824807600126198,0.8081807842018076,4
1766225291457057632,10.97247549847502,1.7553433619343546,0.7832169216010322,0.8081468601944529,4
1766225291532009458,10.759684281841153,1.7769924659681766,0.7829663459531854,0.8081980137250331,4
1766225291586965163,10.58178064207993,1.8265866688599401,0.78270602452437,0.8082591928282883,4
1766225291657024704,10.986336620731896,1.7546164289451303,0.7834224868017623,0.8082477449414385,4
1766225291685887607,10.924189462517052,1.7758891031476443,0.7831872654222918,0.8082236221815166,4
1766225291732012377,10.710295748542876,1.8056625250588025,0.7828532514803058,0.8082015233926377,4
1766225291757011891,10.520886414097097,1.7579716793576543,0.7828427898598083,0.8082124439721119,4
1766225291786426523,10.653382099381936,1.7856478757353738,0.7827918048947868,0.8081783989012491,4
1766225291832013000,10.845017285260328,1.8358337392952842,0.7828567277860947,0.8081250529611207,4
1766225291887504883,10.566880815874423,1.7253386937074666,0.7829734372180891,0.8082403108933192,4
1766225291957031592,10.712091064575935,1.790285088143048,0.782999277688606,0.8082213686436135,4
1766225291986785081,10.70020773199043,1.80256062546952,0.782809791581795,0.8081828987843271,4
1766225292032017471,10.839364829275944,1.8166205139349407,0.782878162675954,0.8081741556224089,4
1766225292057029099,10.542560176246663,1.7832740884001645,0.7827976710237163,0.8082466626492445,4
1766225292086201484,10.510213011052594,1.8122846122590799,0.7826203188850032,0.8082413998859228,4
1766225292132006783,10.512729327805559,1.819796002995943,0.7826689214467393,0.8081984350418748,4
1766225292157020113,10.871918398506653,1.6929221397387875,0.783330077544374,0.8081579547873579,4
1766225292232018246,10.608621364973981,1.8097055219854923,0.7826938546958615,0.808181745613127,4
1766225292257006980,10.635561358140588,1.742864949031251,0.7830441143378513,0.8082460261316154,4
1766225292332013528,10.49153916837553,1.8412065954498325,0.7824598896986467,0.8081359165728438,4
1766225292357013814,10.684821734070372,1.727123951522552,0.7831496460549873,0.8082301131279832,4
1766225292386492375,10.658031288533154,1.779688689707572,0.7829038544325144,0.8082011643070599,4
1766225292432098158,10.736071624691924,1.7899340900718343,0.7828569705380736,0.8081742269992214,4
1766225292457296988,10.704576285162082,1.8070213473013508,0.7828569705380736,0.8082159810518332,4
1766225292490030202,10.720518068416895,1.759773010305929,0.7830901908172528,0.8081863437578128,4
1766225292557029946,10.596914765942822,1.7710067810630064,0.7828424970004287,0.8081988145374284,4
1766225292632014543,10.749613369740452,1.7924206719264442,0.7829342345509347,0.8081500406449379,4
1766225292632014543,10.654828521990067,1.774129528070513,0.7829215602715236,0.8081500406449379,4
1766225292687045028,10.674034112154839,1.8122938084717484,0.7827849436606175,0.808224479811011,4
1766225292732004636,10.50251692373061,1.8888853391249139,0.7824115523743426,0.8082427084376387,4
1766225292786474266,10.826548160814298,1.7985928230488277,0.7830731275223975,0.8082050917341376,4
1766225292832008564,10.51670017696904,1.8394408472657073,0.7825984639420566,0.8081769036872019,4
1766225292857011305,10.771910436610854,1.8071216936131003,0.7828852243586409,0.8081931857744036,4
1766225292887409035,10.810349797490403,1.8296628039567184,0.7828079709999171,0.808223594170532,4
1766225292932016360,10.642958965772277,1.8186318845877183,0.7828027479976667,0.8082420807461349,4
1766225292988188733,10.750968694604346,1.8182705019239214,0.7828480886867982,0.8081842299679559,4
1766225293032012574,10.67666272076806,1.7378103200030426,0.7831429217248427,0.808294591410935,4
1766225293057015194,10.94134079237119,1.7805053179913595,0.783243480020225,0.8082194713592978,4
1766225293087577204,10.792006037979029,1.8204673327576775,0.7829580985627518,0.8082227502938917,4
1766225293132019067,10.844348027254092,1.7254397826428434,0.7832994756051518,0.8082484771216149,4
1766225293157142174,10.874121835645623,1.7606485683056867,0.7831829578596449,0.8082519208730032,4
1766225293187307507,10.841047117103653,1.8018360176198998,0.7830152192806235,0.8082211158299248,4
1766225293232014760,10.623978595563743,1.8314280180851061,0.7826394368831429,0.8081631701918784,4
1766225293260459937,10.63972923452383,1.7703529319190863,0.7829113832830985,0.8082334939139807,4
1766225293283085354,10.770296348223795,1.8015925214515045,0.7828797447252139,0.8081847206020274,4
1766225293357044952,10.605296310347345,1.7699787834697356,0.7827504884490706,0.8081934575111475,4
1766225293432012717,10.847283955124132,1.7980876687911578,0.7830492143939054,0.8082055066483808,4
1766225293457021008,10.683658000278594,1.7710036191804455,0.7830483764098182,0.8082728215320535,4
1766225293488637291,10.583596207356493,1.8142343650978803,0.7827272765112646,0.8082380923154371,4
1766225293532021464,10.756494692403805,1.7772216747218326,0.7830011143186436,0.8081598947545685,4
1766225293557038461,10.937656883999836,1.7200578683931786,0.7833966041561616,0.8081942613817359,4
1766225293587996085,10.805354945968904,1.7659282716363656,0.7831562324812527,0.8082201607789866,4
1766225293632024000,10.541296282980838,1.8542114020861131,0.7825355616633897,0.8082489425119291,4
1766225293657024335,10.720271065660757,1.732098551986258,0.7831238040343789,0.8081399486430645,4
1766225293688339923,10.556403871157084,1.8048538518593855,0.782841776948232,0.8082727529496455,4
1766225293732019532,10.548620522426443,1.746727298825337,0.7828585291376898,0.8081187906024454,4
1766225293757070443,10.57100439211245,1.750096365993602,0.7829540895562404,0.8082468459540614,4
1766225293887279509,10.59883724531363,1.7920703535321518,0.7828641698859705,0.8081922574461688,4
1766225293932021587,11.004758821266169,1.8292367567406325,0.7830284266414808,0.8081192238695708,4
1766225293957559634,10.563105381469207,1.7699100047621947,0.7828384276307623,0.8082068748034548,4
1766225293986978373,10.403958197511166,1.824087838938714,0.7825462883765658,0.8082541794602286,4
1766225294057048183,10.730579353685265,1.8018412159087107,0.782876605700486,0.8082097016812787,4
1766225294087436205,10.645174548345349,1.8587996816867354,0.7826454674525278,0.8082491280511597,4
1766225294132027128,11.009393246779297,1.7861034915887501,0.7831974915183535,0.8081332032716988,4
1766225294157035669,10.435394996448078,1.7277969440175391,0.7828219447111218,0.8081479306158285,4
1766225294187844403,10.408279771688456,1.7863238696555788,0.7825859469838724,0.8081863952147752,4
1766225294289816373,10.704042732415541,1.776461747170749,0.7829463246204118,0.8082395084838511,4
1766225294332028802,10.780598151765908,1.8369668104236236,0.7827901771456082,0.8081223057709466,4
1766225294357027865,10.361245248148299,1.7895664937814493,0.7826018693760742,0.8081864897398741,4
1766225294387403714,10.407226833100358,1.805423795548291,0.7825640231617041,0.8082308943985785,4
1766225294488599253,10.58860352464286,1.798363822726714,0.782845244144556,0.8082586575920121,4
1766225294590666893,10.776566929297292,1.8361000542508306,0.7827421868522293,0.8082033168183195,4
1766225294657045188,10.647366616493791,1.7823350597182916,0.7828774248566741,0.8082301404078361,4
1766225294687286784,10.757326963642843,1.821624294404479,0.7828223692850155,0.8082084522961799,4
1766225294732020686,10.456146037685965,1.8144186805967044,0.7824826610905277,0.8081469786422866,4
1766225294787613359,10.749837361034409,1.8138359317003385,0.7828317314349211,0.8082102640159394,4
1766225294832018452,10.595806177341792,1.7663453283929285,0.7828096243108226,0.8081444610343567,4
1766225294857041090,10.730989063900243,1.7378927892967282,0.7832207991176376,0.8082506360510306,4
1766225294889070360,10.736511296302709,1.7359347627644692,0.7830322216789273,0.8081709836215284,4
1766225294932045744,10.490715776210969,1.8927400531983614,0.7822505184301008,0.8081347473700518,4
1766225294957175894,10.712031329263016,1.7577233655552604,0.7830870841960448,0.8082404807760888,4
1766225295032054731,10.359741250097088,1.8166119729093668,0.7824488130094154,0.8081764451451089,4
1766225295057035880,10.668551854712828,1.7818407718964662,0.7828484038954671,0.8081716522649657,4
1766225295087812053,10.630644740948213,1.8287208805392525,0.7826808160679728,0.8082144734573997,4
1766225295132032238,10.804788693580146,1.7787849317037288,0.7830942745136185,0.8082165767453312,4
1766225295182068005,10.854090846758147,1.7962606512591268,0.7829825569569241,0.8081517972335847,4
1766225295232020576,10.613978923477818,1.8265466041590768,0.7827267332054916,0.8081238987519828,4
1766225295257057741,10.696782789106575,1.763724680476846,0.7829054618961504,0.8082043860481001,4
1766225295289133047,10.782573364270242,1.795975638635327,0.7829076140406812,0.8081565724084496,4
1766225295357228421,10.771381741550012,1.790789285550348,0.7829789782844245,0.8082048972003676,4
1766225295388825408,10.74696903044936,1.810807229318425,0.7828778162107135,0.8082027581609859,4
1766225295432032517,10.882177659080394,1.7826527106044499,0.7829801943814202,0.8081010468550869,4
1766225295457057189,10.663611464604926,1.7652280776573308,0.7829483659649533,0.8081983101118989,4
1766225295488916639,10.597173693620455,1.8014375598882333,0.7827233779845035,0.80819475571083,4
1766225295532024622,10.746129049047038,1.7971191702815426,0.7830306173364125,0.8082507856631715,4
1766225295557025859,11.001378182568743,1.7174129200211667,0.7833972263606677,0.808188562958744,4
1766225295587950481,11.074934437789064,1.746330756575316,0.7833024268994646,0.8081189005230885,4
1766225295657031329,10.986389358612293,1.7606928108975868,0.7832834063584384,0.8082341637989214,4
1766225295682022067,11.02073154030936,1.8076218767199086,0.7830831470256348,0.8081818957024861,4
1766225295732026585,10.484696774019419,1.7731414583903438,0.782739993622304,0.8082437273147729,4
1766225295762265015,10.51270933133408,1.8211429085594195,0.782535786776906,0.8081798673126017,4
1766225295857035055,10.51900364677827,1.7846686044463902,0.7827726087893294,0.8081884277863942,4
1766225295888798735,10.54725814577273,1.7942206798059848,0.7826429192864184,0.8081818433566871,4
1766225295988844871,10.664276671316198,1.7253649557123407,0.7831030324305842,0.8082491087412056,4
1766225296032030961,10.490537241115817,1.8647963027850316,0.7825411230905588,0.8082163552714008,4
1766225296057159548,10.588476384066126,1.786899103701295,0.7829518128940426,0.8082285057708714,4
1766225296088928057,10.562448581024286,1.8022292273453016,0.7827304205629868,0.8082296898288095,4
1766225296132044807,10.767671764152054,1.8421049095386137,0.782685757098776,0.8081000140401771,4
1766225296157055983,10.678877864649273,1.814097092422044,0.782685757098776,0.8081915959437997,4
1766225296232032343,10.84672104492379,1.7947248247905099,0.782969703656447,0.8081877966012104,4
1766225296257240910,10.84123398301806,1.8165974124767965,0.782969703656447,0.8082029125300909,4
1766225296288916013,10.700245483553195,1.778276098267453,0.7829659893419136,0.8082028962659472,4
1766225296332035948,10.47692188408389,1.807465617999256,0.7825951765521694,0.8081645847451037,4
1766225296388729150,10.466602374308964,1.7997462800126636,0.7826251035396294,0.8082344425226097,4
1766225296432034144,10.80497585179363,1.8273044667782308,0.7828591326136549,0.8081830978500435,4
1766225296482027331,10.736223174996784,1.8010641692541192,0.782744382725062,0.8081490617250499,4
1766225296532029284,10.860329252722067,1.827569106662857,0.7828679173213319,0.8081638875098214,4
1766225296557030200,10.718981538137108,1.745578268092711,0.7830221129995311,0.8082021308334005,4
1766225296588293559,10.69749952611998,1.7788942189377908,0.7829128134241496,0.8082302445669335,4
1766225296682026767,10.475028113940077,1.7975555517873194,0.7825632002033363,0.8081590821575284,4
1766225296788806532,10.781738716866606,1.770522453760608,0.783129558243771,0.8083022974557919,4
1766225296832045692,10.93305020603852,1.833750356207135,0.7829869546761,0.8081912430957127,4
1766225296857079780,10.733713125412269,1.8090777762135182,0.7829449618394694,0.8083010376467695,4
1766225296932072401,10.692960198513513,1.81456746322109,0.7827440959214228,0.8081691616089166,4
1766225296957083056,10.630804859421694,1.8259016006940654,0.7827440959214228,0.8082426370326472,4
1766225297032046461,10.702419815602493,1.8262859987623907,0.7827905920445877,0.8081588529186154,4
1766225297057216716,10.564630770615867,1.7814371755968819,0.7827792426557352,0.8082445413120212,4
1766225297089602867,10.581900109664533,1.8357403984443792,0.7825541554928693,0.8082120192934895,4
1766225297132031431,10.863820648039479,1.7988002522151205,0.7828961745347948,0.8081196282384515,4
1766225297157106137,10.501422416822393,1.7617823571911115,0.7828245715009202,0.8082162410822857,4
1766225297232042140,10.775543130179033,1.8126385449459237,0.7828416304967927,0.8082127011588327,4
1766225297257051643,10.757887647196874,1.7567083877378353,0.7830966701031488,0.8082114402215851,4
1766225297332034865,10.743326265652442,1.8555366744228112,0.782641021122116,0.8081696593300602,4
1766225297360243155,10.733631343820992,1.843486315229749,0.782641021122116,0.8081769956008575,4
1766225297388362899,10.663308851770914,1.7412061879310161,0.7830816571190355,0.8082267631465969,4
1766225297432033501,10.821169889266624,1.813627727212164,0.7829620026781665,0.8081643689313763,4
1766225297457063562,10.772955481017977,1.782925561418074,0.7829620026781665,0.8082134789041561,4
1766225297557088016,10.633644755681848,1.8128872508046194,0.7828539421977646,0.8082190808432225,4
1766225297632053966,10.704722163806913,1.739778469322237,0.7830177902939235,0.80820186966224,4
1766225297657061244,10.595899057498803,1.8232821258601708,0.7828467869505865,0.8083022816571107,4
1766225297682052813,10.589595412111684,1.8512377298597062,0.7825497075531839,0.8081959309097251,4
1766225297732053624,10.571344050980924,1.8095577268972898,0.782750904675603,0.8081722573203645,4
1766225297757092692,10.589547328945127,1.7978842650893583,0.782750904675603,0.8081493374283466,4
1766225297782030930,10.761532082520953,1.790181028802706,0.7829709720671082,0.808192719895375,4
1766225297832073179,10.689773463562036,1.8008274190407363,0.7828178396861647,0.8081373129864625,4
1766225297857043969,10.95811101263633,1.7130786039698547,0.7834459816382306,0.8081450631292156,4
1766225297882041629,10.91191728932217,1.7683803908489917,0.7831540613148904,0.8081102051468562,4
1766225297932044434,10.75909484924409,1.8529245530507663,0.7827930322674314,0.8081399945175621,4
1766225297957070848,10.66975830834005,1.8186047792990292,0.7827930322674314,0.8082341032392744,4
1766225298032042528,10.874891100519868,1.7707261093723838,0.7831855983087131,0.8081850171261504,4
1766225298132054289,10.597419347270876,1.7783353586609596,0.7828083617598249,0.8081785825356204,4
1766225298157055165,10.48344727355155,1.7965306936435452,0.7827326009562569,0.8082236292365308,4
1766225298188997360,10.64366691434493,1.7118275237822576,0.7830675418433322,0.8081643917560918,4
1766225298232047223,10.836006085820472,1.822364030377209,0.7828865976026598,0.8081846005736467,4
1766225298257127759,10.477501361008335,1.7699128889461744,0.7827886738516999,0.8081928966005921,4
1766225298282043075,10.51960833457466,1.7982612120945491,0.7826820286278172,0.808162627875117,4
1766225298332054806,10.85543502318853,1.798872282850267,0.7829305663286356,0.8080981609728926,4
1766225298357482425,10.753877804050793,1.7710992842301179,0.7829305663286356,0.8082036931462493,4
1766225298382059313,10.82266749464078,1.8448646218607743,0.7826728152886175,0.8081483938240023,4
1766225298532043881,10.87081696837966,1.8403115906924037,0.7828842388337968,0.8081908677246,4
1766225298557630429,10.66318768322283,1.794567253679704,0.7828590070643553,0.8081468075046514,4
1766225298582044942,10.714766807974119,1.823058960427035,0.7827408579206866,0.8081209984194588,4
1766225298657270660,10.531444059939222,1.7000864073213444,0.7830058449451681,0.808157312592214,4
1766225298682068544,10.585155180982353,1.7703316233461348,0.7827726866415982,0.8080951683141357,4
1766225298732060257,10.80323581932019,1.7239862769494603,0.7831745410320943,0.8081733644915035,4
1766225298757142898,10.768339398057547,1.7819289348863032,0.7830302298677446,0.8082425490877293,4
1766225298782046681,10.858943138022381,1.799016579504436,0.78297623834928,0.8081912035913982,4
1766225298832057120,10.612722766688565,1.813221704943378,0.7826872828649903,0.8081611595127846,4
1766225298857069848,10.551126541022748,1.8037071191227425,0.7826872828649903,0.8082270283387236,4
1766225298882055876,10.787370704288701,1.7945301006371162,0.7829835119558135,0.808187854124048,4
1766225298932241755,10.6947147877815,1.7853951729476034,0.7829991271280881,0.8082399894249617,4
1766225298957675235,10.80356448683506,1.8055390280730463,0.7829155476550631,0.8081917522129711,4
1766225299032044411,10.769117537178353,1.7913620730795428,0.7829313628637048,0.8081539068158561,4
1766225299057067199,10.780813482255347,1.7908786854722234,0.7829313628637048,0.8081383190209059,4
1766225299082039782,10.898541649256522,1.8154222865445986,0.7829711761486767,0.8080933784088404,4
1766225299132046633,10.599568157021345,1.7782456290215019,0.782908222658452,0.8081369752117563,4
1766225299232052362,10.69143415576701,1.7623058381380874,0.7829702384061064,0.8082331284793312,4
1766225299282054635,10.6689620687489,1.8201011184834255,0.782588535337145,0.8080893878906776,4
1766225299432049962,10.68649514675235,1.8313684606817198,0.7827565869854947,0.8081924015134251,4
1766225299457193596,10.713504734847668,1.7554186198856743,0.7830707648495869,0.8082648390283108,4
1766225299482073825,10.747753290104134,1.8047179814500554,0.7829011840660973,0.808227842308465,4
1766225299532046433,10.488056793986456,1.7989951534439157,0.7827740910333258,0.8083171693725225,4
1766225299559531041,10.707414675918624,1.8042889912214848,0.7827411025668767,0.8081425724463215,4
1766225299582046111,11.02708598288238,1.7542916570472877,0.7832647501197302,0.8081233276079729,4
1766225299782099566,10.552456107522312,1.8609089258304816,0.7824785468380405,0.8081287854057873,4
1766225299832050653,10.976966571861869,1.7975547566362156,0.783064921033587,0.808128702105066,4
1766225299857839160,10.939616389297191,1.7922753641615656,0.783064921033587,0.8081675067566206,4
1766225299882049519,10.544721462301343,1.810853603705723,0.7826459212807177,0.8081562249801834,4
1766225299958071295,10.528699172563272,1.7835934778402125,0.7827255648922273,0.8082136418859978,4
1766225299982081958,10.650167228376306,1.8132986427132785,0.7827082188490774,0.8081716858103958,4
1766225300032064413,10.764930629241555,1.79426384782018,0.7829022742787434,0.8081470185226048,4
1766225300057207928,10.355415753706797,1.7458823786017708,0.7826684156883567,0.8082111841811395,4
1766225300082054313,10.430694466922796,1.8154677136438666,0.7824728066179882,0.8081476372318598,4
1766225300132062056,10.972205377541622,1.806743068468624,0.7831008278119089,0.8081567510212107,4
1766225300182062816,10.670736086567878,1.803330843963034,0.7827634692404312,0.8081224038709622,4
1766225300257101822,10.61291599476133,1.7794134175513345,0.7828719752212592,0.8082054755273815,4
1766225300332072289,10.946957737296925,1.7768293270664834,0.7831188438263297,0.808157306144934,4
1766225300358410491,10.934355493392278,1.8189318445517229,0.7830357068658323,0.8082008391660096,4
1766225300382064423,10.521219025871332,1.797516437777282,0.7826419173847619,0.808132808479823,4
1766225300457564156,10.62173314312076,1.8509764331829508,0.7826900957022107,0.8082346611320653,4
1766225300482076302,10.619813115394727,1.8180927519999717,0.7827409943183755,0.8081639342575936,4
1766225300532075439,10.952550986029319,1.7388842989856172,0.78326324581513,0.808100595694958,4
1766225300557094188,10.554372751572117,1.7446844615731143,0.7829637625868578,0.8082331015620347,4
1766225300582124309,10.71842667094758,1.7878138900149358,0.7829765048461479,0.8081924541660276,4
1766225300657164527,10.89536333732588,1.7571870613295337,0.7832688474767278,0.8081974752454042,4
1766225300682056338,10.549606400395817,1.8187551708820118,0.782629870357827,0.8081468156731757,4
1766225300732481927,10.367223302731654,1.774995430561602,0.7826832956161375,0.8082026315225643,4
1766225300757350013,10.39524563597638,1.810667715030522,0.7826223428189061,0.8082706633310835,4
1766225300832055832,11.085983721940472,1.77135386119969,0.783395353843944,0.8082184036331916,4
1766225300858167839,11.05112818802545,1.7637477811060787,0.7832359667462094,0.8082285451703116,4
1766225300882060960,11.088243124141805,1.8054266273869617,0.7830740324250175,0.8081702882070821,4
1766225300932061480,10.738799993445403,1.8127263231938042,0.7827681426719771,0.8081649030440085,4
1766225300957078496,10.349306298810369,1.7841852941914906,0.7826320772602708,0.8082293279109438,4
1766225300982106773,10.418075462922838,1.82033675032317,0.7825120442176438,0.8082075443698505,4
1766225301032064603,10.601548317428433,1.7272590139933919,0.7831127790535578,0.8081560681701871,4
1766225301057923964,10.479620639352039,1.748005321598326,0.7829114489248307,0.8082532769304713,4
1766225301132056754,10.733772256597106,1.7617863904458795,0.7829607421500715,0.8081876491356864,4
1766225301182064076,10.784785800831532,1.8154085481830295,0.7829673757867353,0.8081787124562846,4
1766225301257069860,10.554228519792709,1.7883235099800299,0.7827759662805523,0.808235289344815,4
1766225301282064433,10.632236569406484,1.8262493126300814,0.7827195881590617,0.8081860689831891,4
1766225301332066806,10.579072782689547,1.7831186763685591,0.7827925389665525,0.8082351056006564,4
1766225301358830719,10.544118088363641,1.8358567770495393,0.7824886813971842,0.8081893818209701,4
1766225301382084417,10.668249355305193,1.785011877763808,0.7828212502305082,0.8081470460762931,4
1766225301432479880,10.5948068609375,1.7477256324456893,0.7829956951966534,0.8082041211375529,4
1766225301482051271,10.912478884098743,1.7602123447587261,0.7832307748579391,0.8082190621669469,4
1766225301532067891,10.724673335622882,1.8028076945766547,0.7829816160736445,0.8082321772857738,4
1766225301632077465,10.408036138669253,1.7924374032511674,0.7826443247125301,0.8081930694163398,4
1766225301657738723,10.391302616501118,1.8450048875592164,0.7824823027404305,0.8082581027150557,4
1766225301732070528,10.515203688023501,1.7668651368075425,0.7828050346075397,0.8082282520597038,4
1766225301757836874,10.524793404578014,1.7971014878735816,0.7826859642116694,0.8082372118905623,4
1766225301782072580,10.739309625243054,1.7463972059007242,0.7830646894260873,0.808169922518337,4
1766225301832067459,10.66261568657001,1.7571864504686896,0.7828804984222609,0.8081377017691592,4
1766225301858183252,10.64610636973451,1.8179897980580375,0.7827257736977178,0.8081941367712251,4
1766225301932183744,10.784975036790101,1.7946452903883974,0.782973188113929,0.8082158273724629,4
1766225301963393000,10.556809371469189,1.7775680577600708,0.7828544087304481,0.8082032944343689,4
1766225302057917214,10.623280558966886,1.7532805460212115,0.7828368160844514,0.8082075469478296,4
1766225302132291539,10.59520912441636,1.7179433337341794,0.7830668092299301,0.8082503464780565,4
1766225302182628010,10.455862649723313,1.7769707114366193,0.7826740225178024,0.8081440887440037,4
1766225302232090036,10.785613680250773,1.736629781433649,0.7831449273277183,0.808168819709661,4
1766225302258945180,10.7886494617625,1.7722500857723604,0.782994734969744,0.8081760683332695,4
1766225302282077981,10.825439222119758,1.8235416819694512,0.782822081118712,0.8081310561148615,4
1766225302332177396,10.587740687182713,1.7417981724635831,0.7829954916958083,0.8082217050184387,4
1766225302382067898,10.57607851932596,1.8240243827864997,0.7827337429368809,0.8082134914824239,4
1766225302432091069,10.694559858664299,1.772179492415059,0.7830265644918166,0.8082021034580167,4
1766225302459154996,10.64241076217176,1.7734677817151556,0.7830241028747682,0.8082313754418513,4
1766225302482070238,10.721940440201916,1.830452815698712,0.7828071111304561,0.808160106645959,4
1766225302532258410,10.852120086333517,1.7903767311046326,0.7831559107788684,0.8082576852746108,4
1766225302632160161,10.861969905279656,1.7407556668957023,0.783257234129937,0.8082341322393479,4
1766225302658321901,10.962484974728625,1.798425719628909,0.7831269923561126,0.8081873082708739,4
1766225302732169635,10.63662055513448,1.740926048906532,0.7830166371443752,0.8082099405734632,4
1766225302759099489,10.913970357845916,1.783434749913878,0.7831475125185197,0.8082065057931276,4
1766225302782176505,10.840358911311409,1.8408520047892274,0.7828101817623143,0.8081396169235153,4
1766225302833095593,10.4483210307873,1.7965953273703619,0.7826687471663925,0.8082404204771556,4
1766225302932075729,10.725654951376118,1.7679738369316327,0.7830533571769108,0.8082435053719985,4
1766225302957799906,10.42148190314174,1.7700691594717746,0.7827464630049235,0.8082412417278713,4
1766225303058967268,10.56718390009781,1.829740712873652,0.7825967342625852,0.8082323031196261,4
1766225303232259201,10.584257759421845,1.7660695679255431,0.782861913005565,0.8081983563940384,4
1766225303258126707,10.798589953964433,1.7502268995558525,0.7830708267638181,0.8081932621658647,4
1766225303332079990,10.735562987129853,1.7508578281095293,0.7831025060656597,0.8082157126642696,4
1766225303382305942,10.765199413081405,1.7995813357510273,0.7828622766777734,0.808224238848539,4
1766225303458596822,10.558018540746673,1.7851113020431224,0.7828231216348542,0.808253170256753,4
1766225303482079431,10.684615384095931,1.8195350913699577,0.7827623787991037,0.8081991265378541,4
1766225303532075191,10.594234149473024,1.753546147283926,0.7828529962400037,0.8081889566982214,4
1766225303662058716,10.462961565512963,1.7812072402158574,0.7826741279364738,0.8081701882642005,4
1766225303682818112,10.600848851340272,1.7980942443336263,0.7826829232971052,0.8081288483753695,4
1766225303858848366,10.726892723659343,1.764185108623959,0.7830205828128601,0.8082413126144741,4
1766225303882112274,10.82358564078001,1.8057625075810426,0.7829372202999813,0.808167677449719,4
1766225303932338988,10.564689189011212,1.7780318764570737,0.7828429366680465,0.8082656356784457,4
1766225303958747853,10.678477312469514,1.8403709146372689,0.7827645247551527,0.8082285453308384,4
1766225303982085279,10.686135882290948,1.8388867319335627,0.7827767436491276,0.8081998353006784,4
1766225304032093451,10.873110063050916,1.7742395428719266,0.7832120996548109,0.8081954120280501,4
1766225304132097053,10.483020824822553,1.8215859844415756,0.7825325413940291,0.8082360883928325,4
1766225304182073176,10.711861934026622,1.808658212680717,0.7827970344680479,0.8081489900491798,4
1766225304232157452,10.647969276012192,1.769946295324373,0.7828467115788156,0.8081757962799772,4
1766225304332085381,10.59711022826082,1.788485674714052,0.7828112992229436,0.8082337635267396,4
1766225304359530334,10.698461507501534,1.8194521517291296,0.7828278943516636,0.8082201747359814,4
1766225304432094643,10.434526382877563,1.7470027919331994,0.7828425758689485,0.8082989778091257,4
1766225304460614759,10.698939510829897,1.768047971728152,0.7831118298912182,0.8082944524224439,4
1766225304482080143,10.674844133896745,1.833026895003856,0.7828078965140298,0.8082417271744599,4
1766225304532092343,10.471938919392244,1.768532619727899,0.7827386529704448,0.808205645896433,4
1766225304583016079,10.691502154773435,1.802536844095604,0.7827288750620176,0.8081267106446212,4
1766225304659494561,10.543650551397388,1.8389063336706168,0.7825739336129237,0.8081904464711978,4
1766225304760870184,10.66916851797206,1.7677870285923034,0.7829661559178474,0.8082210861927971,4
1766225304782424435,10.674623567410668,1.8073399595100328,0.7828070211584005,0.8081810362005295,4
1766225304832090865,10.674356115338735,1.7958421516177334,0.7829478697201199,0.8082475949720536,4
1766225304858241533,10.815955130742294,1.738668036172929,0.7830767958412804,0.8082172674434609,4
1766225304882095501,10.854909237536848,1.790283229531298,0.782933097183499,0.80818236530853,4
1766225304932124132,10.902317969038066,1.781682024527652,0.7831403494092011,0.8082390446540901,4
1766225304959926689,10.867709281630166,1.8186150676908621,0.7829452061079544,0.8082308212071584,4
1766225304982710342,10.499710245393757,1.8177183426641423,0.7825992719610071,0.8082083373793468,4
1766225305032095112,10.557740713961206,1.7750850173732327,0.7829959060019627,0.8082723137205542,4
1766225305059013946,10.613184054019452,1.8133399055223594,0.7827488113429691,0.808231606423038,4
1766225305082097234,10.996693800297663,1.776016998723996,0.783248498102795,0.8081433537255218,4
1766225305132098583,10.67332554860978,1.7799956959271732,0.7829663918940133,0.808255902055139,4
1766225305158996457,10.84520676375844,1.8139094783320202,0.7830618058118773,0.8081879496118703,4
1766225305182089353,10.805424708040023,1.8536252951211116,0.7827888120338494,0.8081272027587011,4
1766225305232094239,10.845866683717675,1.7939651841295954,0.783040129102691,0.8081972451174679,4
1766225305359007747,10.877739734968529,1.7709090511440169,0.7831475719455558,0.8081896907739273,4
1766225305459218077,10.908215166598456,1.7424687366484146,0.7832547134711704,0.8082654841100424,4
1766225305482100947,11.095982704744877,1.7730777100737916,0.7833214389575105,0.8082150897934535,4
1766225305532262629,10.720219736569225,1.7655632446458212,0.7830602540861218,0.8082452080476009,4
1766225305582099088,10.424527198470312,1.7931738449893089,0.7825786959041781,0.8081325133278897,4
1766225305632091301,10.552533997035706,1.7751644611398218,0.7828927363498847,0.8082696474346691,4
1766225305659191996,10.35608220357831,1.7756079151749486,0.7826646438096366,0.8082166794406326,4
1766225305682150900,10.550224716323054,1.8250409000939916,0.7825815943790891,0.8081534388579251,4
1766225305707356139,10.948522031782094,1.752817493754886,0.7832616448655152,0.8082425931968418,4
1766225305762675113,10.490274584383563,1.771778325759371,0.7828409932987598,0.8082351832970553,4
1766225305782553602,10.620692100160145,1.8155018340069544,0.7827725321773642,0.8081720233522224,4
1766225305832098633,10.695831715320846,1.7663235886335664,0.7829034050747112,0.8081442849111652,4
1766225305859361243,10.628174876632922,1.806136285494437,0.782795357217966,0.8082467872027603,4
1766225305959195165,10.804722971579306,1.7750128301727577,0.7830734310891132,0.8082255761752719,4
1766225305982171792,10.804722971579306,1.7750128301727577,0.7830734310891132,0.8082255761752719,4
1766225306032098862,10.562890610047116,1.7496540968383678,0.7829953614186871,0.808311337482318,4
1766225306059093167,10.657639589577773,1.790970413565244,0.782876730066135,0.8081456727974741,4
1766225306082100592,10.768254866938998,1.8492175866652047,0.782767205409469,0.8081112260015163,4
1766225306132153438,10.668949655859405,1.797254485976208,0.7828843379561413,0.8082230339920919,4
1766225306160610155,10.651934735011581,1.819377717076069,0.7827464835526634,0.808224831490717,4
1766225306182533921,10.453526736696084,1.8049829333174998,0.7826121444184749,0.8081892164775707,4
1766225306232128986,10.424585590958934,1.8076279180766224,0.7826300988828605,0.8081900298561561,4
1766225306260241946,10.454694735633874,1.846081064027037,0.7824347793309914,0.8081583695629976,4
1766225306282647669,10.768104813388968,1.7933726575775764,0.7829748584612509,0.8081469295986394,4
1766225306382099301,10.557367970166709,1.8185151978237843,0.7826144360307795,0.8081804283409892,4
1766225306460067325,10.652654767345005,1.7601874412533671,0.7829188244486465,0.8081783564183217,4
1766225306482114253,10.652900105200702,1.8156009166523321,0.7827399305137754,0.8081590668621914,4
1766225306532282095,10.784339522707187,1.788262067642695,0.7830121591428372,0.8082271459270047,4
1766225306582117482,10.96330540980861,1.8490954701472693,0.7829062792771251,0.8081797777093584,4
1766225306759504898,10.648652525525492,1.7653518198745075,0.7829235589804944,0.8082420620867614,4
1766225306782131977,10.620508855849199,1.8196265596181942,0.7826672934486374,0.808176732970281,4
1766225306832092660,10.985758721485883,1.7555234684627528,0.7832445623644388,0.8081651908889836,4
1766225306960582422,10.649370652100698,1.7112633149121939,0.7830302494120847,0.8082022789117674,4
1766225306983491061,10.611584777301953,1.8220403439272512,0.7825114065274881,0.8081368722680412,4
1766225307032108878,10.82208978028798,1.8100276789698477,0.7829383901393335,0.8081561282897015,4
1766225307061166264,10.87328739634974,1.8488877505238714,0.782765302017091,0.8081393766434799,4
1766225307132111406,10.40291997481968,1.8233428955893753,0.7825038907017736,0.8082040056441323,4
1766225307159839261,11.057680593069442,1.776996334804723,0.7832726206717382,0.8081853709839263,4
1766225307183544659,11.020113533265373,1.835929115347377,0.7829687517829442,0.808122566677283,4
1766225307232174368,10.389674430277607,1.7726952049935483,0.7826323017339082,0.8081817082062598,4
1766225307260564449,10.447774836048529,1.7809846636954723,0.7827140416368659,0.8082598470342103,4
1766225307282277418,10.426870350916717,1.833791989796423,0.7824847231704711,0.8082200477170406,4
1766225307382406324,10.593286321699203,1.8371756195914721,0.7825778831504274,0.8081447067947999,4
1766225307460201232,11.011110383538858,1.7971474339524767,0.7831235121473787,0.8081449390698585,4
1766225307482438087,10.705406322898735,1.7687039282666883,0.7830003974004774,0.8081611579554989,4
1766225307560530855,10.630302942517321,1.7879203836982778,0.7828351782433641,0.8082646096952371,4
1766225307582520244,10.616783814231034,1.8400857153844796,0.7826141546934934,0.8082358993775587,4
1766225307784027637,10.802136729172073,1.7874560097442698,0.7829127053496194,0.808138419169902,4
1766225307832100247,10.916510023821324,1.762647494090078,0.7831586179359203,0.8081346328840737,4
1766225307861516529,10.577526600444198,1.7461286475320827,0.7828658988328564,0.8081646593271246,4
1766225307883498655,10.666398924287446,1.7669278398695099,0.7828197625218422,0.8081142229923264,4
1766225307932119346,10.823166047977617,1.7595561813341567,0.7831846832902857,0.8082118643460214,4
1766225307960146705,10.469155929404561,1.7683405024973662,0.7826914215786186,0.8081438960612117,4
1766225307982854756,10.486713288849536,1.8044421443728549,0.7825850098169219,0.8081171140399481,4
1766225308032107257,10.557544013008012,1.785153910969909,0.7827702306358854,0.8082642715567095,4
1766225308061324243,10.707426893810545,1.819574039297336,0.7827155304715407,0.8081819389145166,4
1766225308132111528,10.482257593267818,1.7860088706080721,0.7826603030932118,0.8081866539949718,4
1766225308360272974,10.560770869650016,1.8116530632404586,0.782714853806211,0.8082131603105955,4
1766225308382392037,10.676470724089949,1.7916257633655597,0.7828637561928224,0.8081821455405294,4
1766225308432114190,10.672517686072469,1.7369697578550138,0.7830682010484756,0.8082072104478042,4
1766225308460791732,10.636464884414165,1.7613558413945631,0.7829384784757489,0.8082316192737403,4
1766225308560600766,10.737841545870541,1.8076803714618095,0.7828766413560673,0.8081988701334208,4
1766225308583699722,10.732950993853741,1.8532113543294404,0.7827216727741629,0.8081332308329878,4
1766225308632117682,10.715347240421004,1.7536272522276068,0.7829885621249663,0.808223747639708,4
1766225308683363532,10.799488774125399,1.8113329138801053,0.7829067048332449,0.8082000666277628,4
1766225308732248601,10.633636660476897,1.7901245443211842,0.7827920628581767,0.8082278378524604,4
1766225308760831225,10.59332746077024,1.8389157902124822,0.7826227490168183,0.8082256597603024,4
1766225308860929141,10.582064143428106,1.859591491370159,0.7825211458471597,0.8082040738087154,4
1766225308882632492,10.903655862219974,1.7814547275833388,0.7830938464658552,0.8081676997341088,4
1766225308932381677,10.638602040038748,1.7600282610822784,0.7830391932879807,0.8082533929950263,4
1766225308960293939,10.713397412654091,1.8057239662682298,0.7827610421857227,0.8082119489488019,4
1766225308982797916,10.734547724777666,1.8517427049435355,0.7825768630219343,0.8081493285354405,4
1766225309063378264,10.679670093339478,1.7887075260901513,0.7829306238609043,0.8081981887945885,4
1766225309132119419,10.64465021608596,1.7515044711728118,0.7828970864076894,0.8081690241587389,4
1766225309160917758,10.623211413869349,1.796964804461269,0.7828370402121595,0.8082660048770532,4
1766225309183002095,10.52784035707155,1.8167346831847566,0.7826172615230728,0.8081803934736047,4
1766225309232118619,11.005481435536923,1.76139415741604,0.7831603892905269,0.8081547086619152,4
1766225309260672729,10.641845025800013,1.76904696630069,0.7829304565089784,0.8082395046067383,4
1766225309283288406,10.726701357331114,1.8367803552995146,0.7827084495628984,0.8081571277489931,4
1766225309332123721,10.870395022057888,1.7304375655194872,0.7832088649560838,0.8081633320546252,4
1766225309362812246,10.762390669846745,1.7848517048734902,0.7830224110096003,0.8082367139582326,4
1766225309383320999,10.750048405746004,1.8135131615227675,0.7828573849036007,0.8081997722729783,4
1766225309460727786,10.739734688207548,1.7898762706487483,0.7829578871022134,0.8082115170239262,4
1766225309532167227,10.986531279053358,1.783641006112811,0.7832379065953212,0.8082461316754892,4
1766225309562758399,10.47793200499858,1.7718527683659366,0.7826988107044088,0.8081941422745136,4
1766225309584679339,10.54240450337851,1.8198724222034048,0.7824854306047184,0.8081297024049463,4
1766225309632122415,10.715212083914349,1.8105636490501908,0.7829642300646064,0.8082353752219945,4
1766225309683377542,10.774784206275644,1.824475268509011,0.7826816443224345,0.8081360040908353,4
1766225309761236149,10.40949991786,1.8036469118880263,0.7825351806959411,0.808232296286075,4
1766225309783353228,10.59177598294314,1.8079944171822158,0.7827235023210827,0.8082286914482641,4
1766225309832117981,10.480452267693007,1.7693622854837479,0.7828045142752513,0.8082384798837161,4
1766225309861529944,10.555170002340187,1.7588571757029419,0.7828594386543615,0.808209399139501,4
1766225309932107994,10.708723159601806,1.8462883967246013,0.7826873531446454,0.8081890919252147,4
1766225309961793091,10.739352024619286,1.7933026311390403,0.7829631356669917,0.8082197569651777,4
1766225310064833563,10.645236139610104,1.811613249922337,0.7828330886465442,0.8082061758462884,4
1766225310084156366,10.840216162767868,1.8536937526568396,0.7828374132109706,0.8081607862273685,4
1766225310132120662,10.719712506741196,1.7360117782012465,0.7830870456118514,0.8081891733644708,4
1766225310232121756,10.529379343719448,1.7845923881404246,0.782772510952147,0.8082359815094208,4
1766225310261481450,10.831695539545327,1.7345801691554894,0.7832938478434607,0.8082035165778912,4
1766225310283419372,10.881471565443391,1.7802608914199811,0.7831286936602937,0.8081431677575344,4
1766225310332219661,10.813284464253115,1.7981743138103627,0.7828874057443593,0.808155375043833,4
1766225310360950834,10.586881156463335,1.742587004761657,0.7830326257970188,0.8082173109014108,4
1766225310462625656,10.494637383390515,1.784880540774927,0.782659996066963,0.8081850549219861,4
1766225310484976335,10.825511360632367,1.8383802990459093,0.7827226901004425,0.808101615021748,4
1766225310532222750,10.694451796983806,1.7496095316950808,0.7830810220639112,0.8081828654052147,4
1766225310584067797,10.46850128235144,1.8872754863470655,0.7823338697202356,0.8081676103895884,4
1766225310632123435,10.637209459263275,1.8073678053462878,0.7827813278901649,0.8082156683109905,4
1766225310662016243,10.795725636729259,1.8025712627472512,0.782894441832127,0.808168890615741,4
1766225310683859427,10.844565810613439,1.8219700178802272,0.782779539082947,0.8081312664020945,4
1766225310761539788,10.83217977833284,1.7537204283122536,0.783149748925643,0.8081571585856565,4
1766225310783627542,10.790620252940752,1.8008821294945585,0.7829329660847939,0.8081317493662755,4
1766225310865820142,10.703670223822792,1.7305889709930122,0.7831805489093123,0.8082411640462979,4
1766225310932135993,10.798001865023664,1.7968917168001828,0.7828913968028984,0.808131049067663,4
1766225310961637976,10.793807596715887,1.7832144335704085,0.7830024592453665,0.8082140365624412,4
1766225310986634562,10.922183653820916,1.8188574244173485,0.7829859826532145,0.8081846447444112,4
1766225311032209463,10.803643431985588,1.7460484345961913,0.7832134655663718,0.8082935224288318,4
1766225311083958740,10.813492829057193,1.843235813117972,0.7827736237886632,0.8081117611034141,4
1766225311132610409,10.620090553644879,1.7383702132321583,0.78304651504987,0.8082768016563371,4
1766225311161357441,10.675336904176213,1.7712780327815838,0.7829687903762779,0.8082386171529206,4
1766225311184057347,10.502423665607164,1.7858545388885552,0.7827030975300996,0.8082098884957609,4
1766225311232338929,10.503259260064679,1.7536218160882262,0.7828620846211947,0.8082016434135634,4
1766225311261616459,10.59821050592802,1.7740043060559891,0.7827424999791162,0.8081513461813056,4
1766225311332128885,10.884003730812442,1.768132769450511,0.7831377212287124,0.8081618872644336,4
1766225311361664591,10.46779490666827,1.735698088601954,0.7828285881687993,0.8081772970081276,4
1766225311432125570,10.80787535902994,1.803396738771009,0.7829335079629965,0.8082233844294175,4
1766225311484070655,10.780966656446012,1.7600195010452702,0.7830247628703693,0.808153276993555,4
1766225311532165096,10.625287311556097,1.7225674911429523,0.7830222839970126,0.8082395882197039,4
1766225311562322511,10.400550467295488,1.762808762534273,0.7827345099883193,0.8082176354905724,4
1766225311632314998,10.584352540926712,1.7874594036384412,0.7828630563006813,0.8082277848776017,4
1766225311664008474,10.507305484873442,1.7556911157963917,0.7828390729937732,0.8082176162018904,4
1766225311685582080,10.605844745516846,1.7549056733647768,0.7828758732940574,0.8081597741087395,4
1766225311732150540,10.666078026069448,1.7833550443728179,0.7829122488699445,0.8081660908523506,4
1766225311761988905,10.610659248275422,1.8029934554481035,0.7827291095011876,0.8082371296264917,4
1766225311832152124,10.301320039514671,1.7773156255370648,0.7825619918266686,0.808190825205075,4
1766225311885341941,10.890737086744595,1.8189299545124895,0.7829135967230318,0.8081033454512204,4
1766225311968099684,10.699374172451703,1.7720370118693558,0.782873854921842,0.8081630672677591,4
1766225311988446673,10.699374172451703,1.7720370118693558,0.782873854921842,0.8081630672677591,4
1766225312032756884,10.661096491327848,1.710823251838665,0.7830939424754466,0.8082430292167437,4
1766225312062901135,10.672806991135154,1.806601519262481,0.7828271416520838,0.8082065634128857,4
1766225312132144954,10.703829143986376,1.74559154930167,0.783002542120298,0.8081603942622905,4
1766225312162456910,10.560287934231805,1.7815509161360525,0.7827911751829308,0.8082390606197397,4
1766225312184737186,10.778910460205404,1.8066323513705016,0.7828928132269716,0.8081530482796228,4
1766225312332320736,10.257567290880342,1.7459083740333161,0.7826953481033418,0.8082593513888858,4
1766225312362070073,10.701199143884566,1.8055791484166468,0.7828534241316243,0.8081936548542265,4
1766225312432202604,10.566501067797219,1.7260374887689485,0.783025802385826,0.8082519145183802,4
1766225312484522694,10.559742252174376,1.7909339471979897,0.7828025717782409,0.8081991195171359,4
1766225312532132332,10.654634591685141,1.7925764121587906,0.7829372024729069,0.8082290001888305,4
1766225312562211500,10.723335268121525,1.8022902912931165,0.7828307873854217,0.8081940123607502,4
1766225312684652249,10.791884368880233,1.8337015664560412,0.782877004457999,0.8081911445870908,4
1766225312762027024,10.562608994669652,1.7462180226481154,0.7829092801781204,0.8081624186058051,4
1766225312864652023,10.605768940906701,1.8257927980360344,0.7825674962262906,0.8082162023531594,4
1766225312886194191,10.720501501825574,1.7799009695514967,0.7828441749382323,0.8081587612679051,4
1766225312932306492,10.9154853009249,1.7623255460452085,0.7830954932753312,0.8081244585767051,4
1766225312962680204,10.732801722181605,1.812271524673626,0.7829215282399195,0.8082658198083998,4
1766225312985280202,10.725478023102086,1.7863387874338825,0.7829411636204011,0.8081957718152059,4
1766225313032136643,10.645135260437755,1.8175942276861932,0.7829015462022368,0.8083057164422349,4
1766225313062984998,10.847380378067095,1.6994419644625656,0.7831640630711165,0.8081719593170059,4
1766225313132197237,10.774446089128364,1.7812238125753106,0.7829624889470502,0.808225576406855,4
1766225313184803506,10.900129643264812,1.8136856109195862,0.7829526624515216,0.8081776034096212,4
1766225313232594084,10.768353147569076,1.76180257518177,0.7830260283457345,0.8082160268104562,4
1766225313385104071,10.49954759667482,1.8184204956968102,0.782643998828419,0.8082513772035002,4
1766225313432138357,10.944091915949695,1.7774401980426913,0.7832766787846018,0.8082615862956367,4
1766225313462896532,10.984461654512945,1.8305392689869624,0.7830749622959271,0.8082027317377092,4
1766225313532137535,10.629731778125763,1.7749989790938887,0.7828753194209744,0.8082317546178244,4
1766225313584753011,10.973047444886252,1.8255984760061852,0.7829531037285706,0.8081301381697193,4
1766225313685148865,10.728737135254573,1.765453482857707,0.782956202551994,0.8081481791195485,4
1766225313732160759,10.721215573151422,1.751301995309617,0.7830155462404604,0.8081443001694412,4
1766225313762384218,10.629700124250462,1.7672651936988306,0.782835060149766,0.8082100656587364,4
1766225313785081409,10.564976130523096,1.8017796624345725,0.7826401605612875,0.808197646303833,4
1766225313832149999,10.93020382107801,1.7686028789038046,0.7833070621746067,0.8082525648404121,4
1766225313862775915,10.947083534958214,1.8005579295336207,0.7831179663296297,0.8082156765724681,4
1766225313932144939,10.678708845587526,1.8002631350451805,0.7828489935521715,0.8082065103303475,4
1766225313962906180,10.352231962139747,1.7394232533006877,0.7827639695375839,0.8082043677080396,4
1766225313985706445,10.409144190470677,1.7881075523203849,0.7825943091314443,0.8081479567184722,4
1766225314032139429,10.854408552532945,1.7475802290823899,0.7831786602196492,0.8082134733886269,4
1766225314062616155,10.74821379997104,1.754175412071969,0.7830888457272368,0.8082156311186582,4
1766225314132151472,10.705396000947665,1.7433246642759999,0.7830191489611869,0.8082318559985338,4
1766225314162911370,10.747439237424272,1.7930840029812498,0.782867999025712,0.8082101149025397,4
1766225314185863830,10.645131401359142,1.817590711871285,0.7826368415527382,0.8081477762790046,4
1766225314232143326,10.502813102941765,1.760983824853341,0.7828490595705003,0.8082020230516717,4
1766225314263115423,10.719491561619442,1.7818421170648184,0.7828784583511103,0.8082326301583546,4
1766225314332156500,10.819103977265044,1.744327409751112,0.783053787019442,0.8081710800642566,4
1766225314363316962,10.762526098126667,1.7958434554625105,0.7828383529839188,0.8081664679730681,4
1766225314432166599,10.829529949227146,1.7943630191210116,0.7830238190744735,0.8082215960014102,4
1766225314462916148,10.839438607879837,1.8136100748597657,0.7828337812250207,0.8081680520362426,4
1766225314486082781,10.877825248244989,1.8096650289835587,0.7829485035345326,0.8081303022166642,4
1766225314532136311,10.911949617933292,1.781263343429589,0.7830802205905432,0.8081542043270488,4
1766225314562983794,10.724690220998756,1.7900143720652963,0.782886266793574,0.808163800059456,4
1766225314585308824,10.800062780945474,1.8346002298299464,0.7827813266561495,0.8081204170976392,4
1766225314632147491,10.608385760883742,1.7498867909144278,0.7830095916523417,0.8082879432221419,4
1766225314688110364,11.029802586209891,1.7701185819414502,0.7832237603528821,0.8081410452615437,4
1766225314732263008,10.433710195322131,1.7583036734696347,0.7827974299084506,0.8081964623659916,4
1766225314763425384,10.398527964120108,1.770101203125129,0.7825938488641028,0.808187126307846,4
1766225314832246046,10.867655543966737,1.7827436605373594,0.7831424649942553,0.8081956653539932,4
1766225314863474276,10.689705315443332,1.779351126183063,0.7829450058443911,0.8081923792567712,4
1766225314885860511,10.730763497320716,1.833126717893895,0.782770391011274,0.8081430003058157,4
1766225314963495094,10.988639939492506,1.8177960488084635,0.7831084404853186,0.8081731486361954,4
1766225314986066127,10.999892477678186,1.8445915494140932,0.7829682028015973,0.8081299434579858,4
1766225315032178207,10.746700809123876,1.7631439733622047,0.7829443634241046,0.8081582298016214,4
1766225315063057260,10.725822943279395,1.8276898833065913,0.7828242184333404,0.8082379160408313,4
1766225315086284738,10.75303310487985,1.8328502196390928,0.7828142195213421,0.8082153426966522,4
1766225315132170202,10.74355726538656,1.7804652064346866,0.7829948022101898,0.8082119283836487,4
1766225315163841474,10.669402669325923,1.8161707033256946,0.7828011304557738,0.8082382631269942,4
1766225315187729465,10.785640207106152,1.7834966728629837,0.7830025938907021,0.8081835497750225,4
1766225315233633774,10.77808857390805,1.8076623175597097,0.782928142219037,0.8082131640794447,4
1766225315268000327,10.615249005616722,1.7507519288880709,0.7828916969356331,0.8081512710491393,4
1766225315332587274,10.821501327330175,1.7744138458444403,0.7830463824973362,0.8081977899524607,4
1766225315363983690,10.350871191996402,1.7742710657369911,0.7826330049203571,0.808215171142878,4
1766225315387929519,10.419908375085107,1.8285177892587852,0.7825101196201812,0.8081793450747847,4
1766225315434650635,10.677098046514288,1.7866239116599227,0.7829099966689848,0.8082151012865262,4
1766225315457158920,11.034479363603467,1.8203812717026142,0.7830825069367634,0.8081437843647236,4
1766225315486182381,10.779046194906439,1.8254397614946367,0.7828507261239398,0.8081959223886315,4
1766225315564197801,10.655367324894138,1.7998244704263415,0.7827049714976339,0.80824100634985,4
1766225315664565662,10.828913245950922,1.7760530044714486,0.7831522509343766,0.8082366702943509,4
1766225315686382436,10.824157583941396,1.8176351748630921,0.7829989968369097,0.8082278553346057,4
1766225315735183354,10.675934366699003,1.7620942478680075,0.782938325490473,0.8081595483636776,4
1766225315763779201,10.980448061514437,1.74677960918326,0.7832611413326798,0.8081973421860265,4
1766225315786431407,10.949601577637246,1.7498040893496596,0.7832611413326798,0.8082318004293312,4
1766225315832157010,10.71693372502336,1.76085355811262,0.7830514372936865,0.8082415298991422,4
1766225315933440023,10.700034796178759,1.777045240218612,0.7829084735630558,0.8082161275968969,4
1766225315986859099,10.557621859412558,1.7738961134285651,0.7828289671752077,0.8081778559369687,4
1766225316032235285,10.894072030638524,1.7747853605154549,0.7832470354943195,0.8082943956269661,4
1766225316057169323,10.886890279975582,1.8109493232925589,0.7830617733083872,0.8082492633347343,4
1766225316089316982,10.586270299626555,1.8263385082637638,0.7827165860766727,0.8082057161447096,4
1766225316132392730,10.639414278329706,1.7679935116319312,0.7827683966667227,0.8081710794125563,4
1766225316163985024,10.845487143084643,1.7168474913959535,0.7832864497549026,0.8082067976642412,4
1766225316232284745,10.744970065661551,1.759775058727485,0.7830378507345359,0.8081864842121733,4
1766225316263915622,10.697087364508583,1.7998144053428626,0.7828354188491525,0.8081419792806237,4
1766225316286410822,11.07221304441397,1.7989776613893882,0.783092019149302,0.8080686291107052,4
1766225316364145914,10.884158978095137,1.7436713774272963,0.7831401659976944,0.8081472047949502,4
1766225316382166897,10.799140083942781,1.8060976261124677,0.7828917588889428,0.8081385753225667,4
1766225316457166662,10.80285714110829,1.7964348726212773,0.7828992571486657,0.808181815963493,4
1766225316482160473,10.612964115239155,1.810747953527918,0.7826748869693363,0.8081803882322521,4
1766225316532154506,10.54321437251049,1.7684821381520117,0.7828717054900765,0.8082514559740249,4
1766225316589826032,10.596036307290557,1.8331332599857162,0.7826422054466727,0.8081937038120944,4
1766225316634750879,10.583629598697296,1.7844956834532213,0.7827827413715327,0.8082359587293948,4
1766225316664239385,10.516451579783759,1.8073032846374693,0.7826944451023349,0.8083198188526283,4
1766225316732165093,10.927366084850899,1.7707081781106555,0.7831213458250657,0.8081979224510247,4
1766225316757162620,10.5489319558415,1.807152066166541,0.7825687837937657,0.8081479076804936,4
1766225316786821076,10.614526755429953,1.7869211404885208,0.7828891610648665,0.8081753743718174,4
1766225316857171606,10.740475798037942,1.8410612759699942,0.7827255459919631,0.8081578179811629,4
1766225316882175034,10.678737618661005,1.801225531158406,0.7827705039013685,0.8081964667027828,4
1766225316932634042,10.437807080151519,1.7553100072133256,0.7827108004487779,0.8081934717313956,4
1766225316957161335,10.333335203897676,1.8061021147585605,0.7824016298182016,0.8081756645188232,4
1766225317032313197,10.735995196395454,1.7394628344259118,0.7830362149673276,0.8081681657010354,4
1766225317057176762,10.798475045034174,1.7844658953777344,0.7829286559725093,0.8081462610816336,4
1766225317082171895,10.773234806287002,1.79072485109905,0.7830176045381496,0.808211459024984,4
1766225317132245428,10.866476926861157,1.7438300467061056,0.7831864630291526,0.8081859053514596,4
1766225317164187800,10.846501518025132,1.7950343564879858,0.7830544202273857,0.8082000949381793,4
1766225317182186340,10.946606529788628,1.8732081591572747,0.7828491779205022,0.8081578909179424,4
1766225317232913202,11.076523101354319,1.7278359218973214,0.7834868714180738,0.8082372760056152,4
1766225317257134248,11.127528811848752,1.7942580672489932,0.783305361882009,0.808166393687479,4
1766225317282172072,10.884792280779653,1.8278241879561823,0.7829077978283011,0.8081675035730528,4
1766225317357298305,10.863772596917398,1.8033302550628496,0.7829923243343908,0.808159167588415,4
1766225317382161480,10.915589474950416,1.8282888381097333,0.7828691328664784,0.8081311344966192,4
1766225317457170783,10.713670774775807,1.7871655644110185,0.7830038336333619,0.8082076143237439,4
1766225317482174412,10.852156897754096,1.7915513266150145,0.7830068696799788,0.8081506278841527,4
1766225317534719644,10.476009149462229,1.8305066182613081,0.7825353536902622,0.808204336877271,4
1766225317582157398,10.38362660152281,1.8253161497833212,0.7823663174083626,0.8081318869411849,4
1766225317657170098,10.855244659846331,1.8296196979320807,0.7828170357703752,0.808104883961755,4
1766225317782159007,10.704148981447226,1.836711579623935,0.7827512890687035,0.8081724407544371,4
1766225317832817970,10.564529282307667,1.794265322829422,0.7827447220827188,0.8082123967311767,4
1766225317866966624,10.798730670871892,1.789106974910451,0.7830670079251087,0.8082398593637372,4
1766225317882222113,10.875087883904122,1.785445276114712,0.7830670079251087,0.8081567819687633,4
1766225317932165581,10.886535541678843,1.7903150494542306,0.7830754761670371,0.8081590002376627,4
1766225317957192794,10.960682065322747,1.828552007415111,0.7829653406785778,0.8081305506150916,4
1766225317982184210,10.745869539307007,1.7885539840552414,0.782796280435342,0.808129797203625,4
1766225318032636826,10.720248049367997,1.7682949812620186,0.7830505562650167,0.8082061711474918,4
1766225318082168248,10.84718785748462,1.7790753764270828,0.7830420568330615,0.8081810636248816,4
1766225318133703410,10.529961723027114,1.7897278382072694,0.7826523498593414,0.8081745616501297,4
1766225318157157564,10.82661949289565,1.8032785605702633,0.7828422751553228,0.8081230541932813,4
1766225318182159930,11.051339949378235,1.7634953453639683,0.7833215865333294,0.8082020762149031,4
1766225318234786405,10.807787428443572,1.7781926843513247,0.7829486803449879,0.8081960469797371,4
1766225318257893135,10.722107225523692,1.8073052793929925,0.7827728375525379,0.8081828380455273,4
1766225318282163153,10.70512451706751,1.8357443562586937,0.7827316173404703,0.8082039228269644,4
1766225318432659308,10.651527557754337,1.8514802816686315,0.782628492897543,0.8082092083575692,4
1766225318457186891,10.41839739902828,1.8369002555405913,0.7824945183892157,0.8081658410968656,4
1766225318482224905,10.541335991445134,1.7936777181090156,0.7826561760179869,0.8081637203915449,4
1766225318532211513,10.698226428572543,1.760479392335003,0.7830535432083319,0.8082574877539462,4
1766225318557168334,10.82395106513423,1.8055801392757889,0.7829198191408537,0.8082025359682495,4
1766225318582168716,10.876430001793057,1.8336064625670183,0.7828101409979247,0.8080983255232316,4
1766225318638017673,10.572424806938653,1.7832329632686097,0.7828144776318205,0.8081835926288486,4
1766225318657258160,10.64643195720838,1.8264261681971756,0.7826307895723219,0.8080848099434926,4
1766225318682178392,10.72416697908496,1.8339924453760765,0.782694780638096,0.8081644727872089,4
1766225318782175223,10.646915206840468,1.7807458780115513,0.7828715808696299,0.8082766975543779,4
1766225318832175538,10.804422403387083,1.7696805218200289,0.7830081131976746,0.8081817098543231,4
1766225318934369703,10.693567980975205,1.789896496554277,0.7828311303817224,0.8081624334663956,4
1766225318957736703,10.758983515040121,1.807014087157056,0.7828311303817224,0.8080918390467156,4
1766225318982179005,10.800012767740785,1.7458202153587798,0.7830076230697849,0.8081408402297092,4
1766225319057178871,10.902956520625228,1.821856973600859,0.7828867922643372,0.808117486795994,4
1766225319133072477,10.66606061887876,1.76787610867674,0.7829932289039337,0.8082344440441616,4
1766225319157168188,10.663143234778794,1.8047854597127764,0.7827837490757723,0.8081749166570786,4
1766225319232221002,10.748892261493893,1.7519347753500618,0.7830127331931214,0.8082144011474194,4
1766225319257183393,10.802992578057502,1.7915735939532793,0.7828982646853441,0.8081503318414512,4
1766225319282169960,10.630606399371079,1.80028046088223,0.7827027433949129,0.8081195924755465,4
1766225319357177389,10.621345351899736,1.8076801004448424,0.7825919427696961,0.808085513337541,4
1766225319382181228,10.655557565275032,1.879678181087757,0.7825321502567807,0.8081614716779526,4
1766225319457175132,10.546514135406749,1.8232480244267064,0.7825878930923598,0.8082063096144149,4
1766225319482176155,10.801052529296197,1.8331060686027867,0.7828152167075411,0.8081879154431852,4
1766225319532268182,10.786452686292968,1.8061292450991193,0.7828423387331663,0.8081967473270236,4
1766225319557173486,10.76537134620914,1.779450550193545,0.7829551673154854,0.8081813458674899,4
1766225319582180340,10.761515698764047,1.8373651675012286,0.7827079312018916,0.8081441260631168,4
1766225319632202265,10.56368548601727,1.7402084263129436,0.7829658210085766,0.808249205624623,4
1766225319657191847,10.618564109071581,1.789397830383093,0.7827906149313024,0.8082147958030327,4
1766225319682188603,10.920833497580883,1.8142520137007476,0.7829508916677737,0.8080927098847469,4
1766225319757193236,10.824920778923053,1.834308433432075,0.7828628825333086,0.8081435585072099,4
1766225319782186175,11.11988877884329,1.8301992871836108,0.7830817690706281,0.8080997669067795,4
1766225319932771617,10.521130352987962,1.8065432668818808,0.7826584873606843,0.8082095346963344,4
1766225319957180977,10.4794297866585,1.8625830833703088,0.7823892147349923,0.808158066489275,4
1766225319982165810,10.80285073923326,1.809031891882281,0.7828677439645803,0.8081335554552603,4
1766225320032373485,10.946209240315973,1.7895197549500046,0.7831201486583665,0.8081813628385384,4
1766225320057172098,10.998764844106557,1.8339892053943179,0.782979295189276,0.8081353086425335,4
1766225320082181447,10.664164927015939,1.7929330578263314,0.7828115454553678,0.8081359270318258,4
1766225320157186912,10.817782436156387,1.8468566376759552,0.782709492549845,0.8081360622890557,4
1766225320182196712,10.659360369324355,1.7640525017864042,0.7829555354457378,0.8081571464487788,4
1766225320234927633,10.707118615979393,1.7843017092629831,0.7829082864126627,0.8081731199499639,4
1766225320257350576,10.74055901987958,1.8344752207762751,0.7827794594325993,0.8081481876931508,4
1766225320282368702,10.653859048753933,1.7115668415238146,0.7829794108861987,0.8082387808053865,4
1766225320382203017,10.56001712169008,1.8055821203401434,0.7826752181660928,0.8081640227293748,4
1766225320432372068,10.703645652476501,1.8770477426621448,0.7825841870867726,0.808213878619693,4
1766225320457193374,10.92327468156884,1.8320557683942236,0.7828689806261214,0.8081603486749805,4
1766225320533503122,10.635334425309395,1.8236803893801339,0.7826732669241706,0.8081984926032468,4
1766225320557189503,10.789303096257473,1.8415227766233433,0.7827460312039835,0.8081259309949383,4
1766225320582185176,10.766357087149125,1.7597307136610687,0.7829472173981342,0.8081212739715404,4
1766225320632925612,10.576747534508435,1.758111181482394,0.7828611399191544,0.8081865302556253,4
1766225320657184329,10.52545590628917,1.782902546840437,0.7826705863384278,0.8081443858862052,4
1766225320732812396,10.65312785323902,1.7903833445364088,0.7828032885134635,0.8082033418722794,4
1766225320782190399,10.693170917723481,1.8165003332201606,0.7826780563032312,0.808103228380034,4
1766225320832622976,10.316976490495122,1.782520463068856,0.7824913209123796,0.8081566607891041,4
1766225320857171939,10.349726451213126,1.812816208249942,0.7824217229273958,0.8081636264584792,4
1766225320882176359,10.596318844542596,1.8084058338345437,0.7826107070505289,0.8080923843101389,4
1766225320933931674,10.609555803237969,1.7575040808196678,0.7828567419198167,0.8081303900808579,4
1766225320959797144,10.804655507745231,1.7484863281523424,0.7830743385035616,0.8081303900808579,4
1766225321033372108,10.911551636372142,1.7369529056573916,0.7831726991286558,0.8081717554376966,4
1766225321057172603,10.98071558958269,1.7795104197982752,0.7830170828512278,0.808138292927225,4
1766225321082183415,10.993564341148065,1.8773423405620566,0.7828108142039489,0.8081196594897538,4
1766225321232603564,11.064609552280391,1.8219535111619065,0.7832108921686917,0.8082439989017606,4
1766225321257187914,10.935768482042917,1.8163855384761143,0.7831078893792096,0.8082084375802507,4
1766225321282181243,10.812503457811818,1.7543658207154356,0.78296862826146,0.8081112918269477,4
1766225321333435185,10.747072983486872,1.7785906683548343,0.7828767039831892,0.8081527655226904,4
1766225321357185054,10.957785579786217,1.7980757153150342,0.7829846325341339,0.8081331607774845,4
1766225321382184675,10.83644988299659,1.8517162995238103,0.7827925448546124,0.8080725529457496,4
1766225321457178298,10.744171454460606,1.8099392062371342,0.7828943652055582,0.8081877295566018,4
1766225321482193097,10.600428190636224,1.799747598349764,0.78276559972883,0.8082262277518992,4
1766225321533977146,10.846234597436721,1.8196587488542308,0.782981039663659,0.8082798779567679,4
1766225321557203561,10.607979244330767,1.851180063586038,0.7825830380323939,0.8082096844953247,4
1766225321582187352,11.092223757705465,1.7927238336778952,0.7832619113650249,0.8081423475079653,4
1766225321634185274,10.776689594066081,1.854844734316305,0.7826174152224384,0.8081372959793064,4
1766225321657182187,10.884335556203828,1.7778840575206571,0.783008748909091,0.8080747010926238,4
1766225321682193129,10.76762329240999,1.830824802817662,0.7827152626167662,0.8081911885630918,4
1766225321733627260,10.694962272289498,1.8025196804037924,0.7828455236989048,0.8082222196162193,4
1766225321757190068,10.548721694698116,1.8205841730465688,0.7826602822460518,0.8081787284838895,4
1766225321782184509,10.948223741331532,1.841257792937873,0.7828853568547851,0.8080926113677431,4
1766225321832920196,10.89142259420428,1.7751208792903022,0.7830325486697975,0.8081789529925563,4
1766225321857182750,10.91092279284367,1.8159715063256012,0.7828756283215825,0.8081262472576991,4
1766225321933377472,10.542369524562222,1.7584939098376884,0.7828704892909318,0.8082067012034211,4
1766225322033853463,10.567442776295511,1.7572994006519893,0.7828473846957625,0.8081874340434868,4
1766225322090119003,10.555874523948127,1.8406185452464223,0.7826139482034813,0.8081842981529888,4
1766225322133878917,10.83833903447462,1.7717292115380985,0.7830003466501332,0.8082005477190795,4
1766225322157184891,10.64833495745965,1.7973906394092314,0.7826807459666238,0.8081380881589987,4
1766225322233674167,10.57289496591196,1.7750675031377225,0.7828906510766638,0.8082244185899959,4
1766225322282190278,10.449343009157008,1.7974052734280275,0.7825393548770172,0.8081556722971103,4
1766225322357184922,10.979947541893132,1.800657009776868,0.7830303441400953,0.8081381126659404,4
1766225322382182148,10.51846260505207,1.7618823045735987,0.7827627583299984,0.8081837740300659,4
1766225322434611641,10.60534024519022,1.7789352008023191,0.7828656600666204,0.8082286982755806,4
1766225322457182984,10.586830617597132,1.815454018831423,0.7826672442337579,0.8081808903272958,4
1766225322482187764,10.69734341857076,1.8528330193653924,0.7826766867685395,0.8081161232843604,4
1766225322533821580,10.827397559106444,1.8287019545115446,0.7827945590920955,0.8081365171594885,4
1766225322557184342,10.9064710410125,1.7959533410106199,0.7829850421191555,0.8081105639793468,4
1766225322633801047,10.400032474986777,1.7660350119895987,0.7826614736950314,0.8081691961008741,4
1766225322657182784,10.406501657929335,1.7897259515773887,0.7825066691769621,0.80812817133626,4
1766225322683188678,10.750597082784807,1.808089231682995,0.7826995113902497,0.8081131399312168,4
1766225322733533429,10.768247076382021,1.7904366255065411,0.7829347016835791,0.8082332213063381,4
1766225322782183592,10.939663679321754,1.7725415701992322,0.7831757273153388,0.8081451169920355,4
1766225322832768696,10.686237620407212,1.7392363048412565,0.7830039148327205,0.8082446467019067,4
1766225322857194848,10.703291268582827,1.7776665066825472,0.7828324261425963,0.80820689358866,4
1766225322882193146,10.62153364037921,1.8153446356700516,0.7826748680094082,0.8081414501344478,4
1766225322933613651,10.599325907544642,1.789360116140367,0.7828178548132312,0.8082545364249718,4
1766225322982202248,10.731630407190274,1.7839110893838634,0.7828547723305118,0.8081272812906888,4
1766225323033086464,10.606550570714912,1.798955711118146,0.7826630481704225,0.808147960535554,4
1766225323082189079,10.718656984673336,1.778559318373298,0.7828463193478927,0.8081456827262398,4
1766225323133153245,10.57389634171535,1.7871675516619183,0.782803007279847,0.8082277874100439,4
1766225323233649604,10.537979931783736,1.8009387382040536,0.7826413666366991,0.8081740653970664,4
1766225323333573225,10.709445984278698,1.8028486337348106,0.7828104243780973,0.8082001918074938,4
1766225323382190857,10.65481474208263,1.7760591302087236,0.7827578838702429,0.8081095914246973,4
1766225323433339010,10.7421650847781,1.7851763235985187,0.7828019418020337,0.8081869201953831,4
1766225323457186402,10.974387296895593,1.7434880925149867,0.7831814446681259,0.8081330227948034,4
1766225323582201577,10.839226225864973,1.822453851043943,0.7828171651989095,0.8081997600189395,4
1766225323682226168,10.628837889100073,1.8043881274631461,0.7827348335891078,0.808133479106513,4
1766225323733242372,10.443934797276345,1.8094500008075551,0.7824757418981011,0.808173549287569,4
1766225323757193791,10.651146927396882,1.8009733121626288,0.7826771351843069,0.8081124437788093,4
1766225323833508187,10.731266649771975,1.7728583366400286,0.782984434915262,0.8081873693779534,4
1766225323883263399,10.675508296260183,1.8398944309952592,0.7827125559954122,0.8081949507605478,4
1766225323957202627,10.71163122836316,1.815887853883796,0.782743480758801,0.808180357410617,4
1766225324034315255,10.304944412488194,1.7597360206201824,0.7825742840613468,0.8081706406289861,4
1766225324057732219,10.513237272142595,1.8173839697607341,0.7824997329798432,0.8081262416785323,4
1766225324082198045,10.655443012133059,1.8642780356159394,0.782663204632198,0.8081958473057831,4
1766225324157199792,10.955538074107762,1.8062387863615643,0.7831412103507875,0.808195885961765,4
1766225324182198510,10.755129090600612,1.8473941400894507,0.7826875643804948,0.8080976403311568,4
1766225324233986226,10.682814539610286,1.7811824391605509,0.7828505714740803,0.8082291247449628,4
1766225324257204174,10.723892317788808,1.8213741412812454,0.7827063084946179,0.8082014277336185,4
1766225324334121424,10.526065499757987,1.8013003524980238,0.7825474126720793,0.808180033126354,4
1766225324357201023,10.867255920967377,1.7622543363331724,0.7830408052074972,0.8081390611010145,4
1766225324382204300,10.626598884791672,1.8071787130400265,0.782649594543075,0.8081587706601561,4
1766225324435455659,10.772639498932035,1.7714642134775767,0.7829360445195502,0.8081400296311139,4
1766225324457531409,10.916362885402208,1.8095721664440156,0.7829232430156586,0.8081078186175157,4
1766225324560181599,10.491594569909113,1.819057880207873,0.7825075245241885,0.8081660530331444,4
1766225324582200351,10.960486562316852,1.788548843643103,0.7830941283408929,0.8081707664072486,4
1766225324657517401,10.65387779898086,1.821538776798924,0.7826756239261734,0.8081696637561717,4
1766225324682201057,10.64133828068259,1.7696681914825743,0.7828252781307854,0.8081200048285971,4
1766225324782204067,10.745718174798524,1.7934435863669267,0.7827997044504973,0.8081233316505729,4
1766225324882220172,10.855711225191467,1.795372877139714,0.7829518033129084,0.8081662013056309,4
1766225324934270050,10.901878536994092,1.7257456496815267,0.7832470023100925,0.8082147122134159,4
1766225324957330172,10.916414748191382,1.7664131546833826,0.7831157578548343,0.8081991975609311,4
1766225324982218894,10.819833225161446,1.7766243701052054,0.7829129344130328,0.8081837035908056,4
1766225325034825279,10.804702899273488,1.7626735717543434,0.7830941122104441,0.8081993911957821,4
1766225325134699797,10.72163244460922,1.8100450727470523,0.7828576707993353,0.8081971796179748,4
1766225325157320963,10.900013722870305,1.8361531676686145,0.7828990822566677,0.8081285092639672,4
1766225325182213141,10.798573956624868,1.8278466990767746,0.7827316215069532,0.8081413541952512,4
1766225325235392985,11.009094643220529,1.8173734631737466,0.7830848759462881,0.8081779959007984,4
1766225325257212914,11.013381366579145,1.8615608448646115,0.7828827715934371,0.8081156665948332,4
1766225325335641737,10.761043540229775,1.7343272977468367,0.7830285029843337,0.8081655612175733,4
1766225325482199818,10.77143494645516,1.829533549084746,0.7827588335293306,0.8081700148157143,4
1766225325534447218,10.638616230509768,1.7711412994899065,0.782965163755898,0.8082553327743583,4
1766225325582212636,10.675283433618233,1.822949873251297,0.7827373426253004,0.8081713703187499,4
1766225325682226015,10.642897899247439,1.7728224909723278,0.7827881196632728,0.8081347561918313,4
1766225325734892754,10.810683994593951,1.7802147207896368,0.782941592805959,0.8081373005575829,4
1766225325757409433,10.847660750605726,1.8088965060315016,0.7828373095111234,0.8080789510255721,4
1766225325835322476,10.784110611189446,1.8228169545247577,0.7827964173306122,0.8081936261998826,4
1766225326034782177,10.637245946381269,1.8374606881249242,0.7827663461762229,0.808279147106794,4
1766225326057205721,10.523150970768281,1.827835553349599,0.7826029244122995,0.8082302371337192,4
1766225326134895604,10.448315423266852,1.797948017294613,0.7826264728874733,0.8081373885220168,4
1766225326157819860,10.495115142049372,1.8465016548156732,0.782487670516324,0.8080924340546546,4
1766225326182212158,10.768426613056548,1.8130745622701878,0.78283743850915,0.8081769560965275,4
1766225326235499454,10.648052031205113,1.8080057732234713,0.7827813452264742,0.8082654648007427,4
1766225326257545427,10.638738879388931,1.8104731235955738,0.7827799125276652,0.8081989595852327,4
1766225326336685448,10.657592462367415,1.7240722817283356,0.7830705243758578,0.8081712080998011,4
1766225326434793723,10.41514773369756,1.8305187971485886,0.782434144578012,0.8082335592743561,4
1766225326457323196,10.654984875757556,1.8203756046778479,0.78259457087983,0.8081549187517759,4
1766225326482204243,10.697978895141791,1.8241458998454527,0.7827869912378014,0.808165327368644,4
1766225326536703138,10.916319127346807,1.7485367691089966,0.7832239665529738,0.8082249277964733,4
1766225326557282793,10.961055321604295,1.7928541946010679,0.7830466867751493,0.80815231336269,4
1766225326582210749,10.801030010002544,1.7934335924539155,0.7829574483145909,0.8081677646058103,4
1766225326635153807,10.331781246364912,1.7727654930846104,0.7825157572610432,0.8082314693498076,4
1766225326682218767,10.661912448191813,1.794056336990651,0.7827951129930427,0.8081648521933045,4
1766225326759345190,10.563354803085456,1.7697937380290611,0.782747470711029,0.8081815244216317,4
1766225326782220133,10.871391791623664,1.8206200368944114,0.782949497800114,0.8081490402956124,4
1766225326835628747,10.708080423711518,1.7562676747410715,0.782968421654206,0.8081829030792026,4
1766225326857946162,10.796291364077447,1.8112755556071125,0.7828236206462372,0.8081040754422891,4
1766225326882217752,10.717939784689602,1.7923189211077122,0.7828068014779959,0.808141519847116,4
1766225326935547257,10.279648202352497,1.72850216854781,0.782768868613045,0.8082935312516892,4
1766225326957927480,10.318957419076735,1.7574816639595348,0.7826222329150208,0.8082464729608986,4
1766225326982219519,10.65095692035789,1.8127318011189,0.7827125484074525,0.8081926733831558,4
1766225327082214573,10.929820202493445,1.771470648170319,0.7830362118756077,0.8080452476569431,4
1766225327135581268,10.584256951044146,1.817579536264016,0.7827408078444396,0.808269304080461,4
1766225327157666676,10.694499143982906,1.809398047523806,0.7828639048951734,0.8082108519899674,4
1766225327182210458,10.868048348101622,1.7741185720607755,0.7830417511398475,0.8081613161792767,4
1766225327235844907,10.736641059135632,1.8102505537888272,0.7829080321236548,0.8082189050134357,4
1766225327257424493,10.798553984676662,1.858616031864803,0.7827452353944305,0.8081788441768157,4
1766225327282244555,10.706434192946368,1.808528535487665,0.7828320173268078,0.8082168242877538,4
1766225327357744067,10.820210367177063,1.81922380080777,0.7828877292275002,0.8081429689502879,4
1766225327382241612,10.981061265227133,1.8072868226270657,0.7829675797174689,0.8081109839442355,4
1766225327434743981,10.84968380592166,1.8195142148743346,0.7829609442160207,0.8081826504781184,4
1766225327458468172,10.807304406236229,1.830202482996594,0.7828451473407594,0.8081425920103923,4
1766225327482239201,10.679386510740407,1.7984638295823052,0.782861195494008,0.8081434042597633,4
1766225327582249453,10.956182987918783,1.8225950062152494,0.7829839956285404,0.8081550922288969,4
1766225327636522713,10.676492584017483,1.7420426683444583,0.7830517968618852,0.8081763462238286,4
1766225327682215472,10.794104554911922,1.7537371649461435,0.7831085561892481,0.8081888591559162,4
1766225327736873897,10.682888167630189,1.7877681145656992,0.7828279116536607,0.8082014684146658,4
1766225327782219602,10.760599851512897,1.7756461841954436,0.783014565645847,0.8081390933811875,4
1766225327836210361,10.70665542688487,1.7642484280573514,0.7829801917814713,0.8082503654156165,4
1766225327859079584,10.576486922131423,1.8209286996517593,0.782622679395781,0.8081999936635751,4
1766225327882227721,10.65454932931187,1.7937192010791236,0.7828342179808939,0.8081553768765642,4
1766225327936624523,10.509838595707643,1.801545528170091,0.782687609941286,0.8082160538875837,4
1766225327982219899,10.944440952428302,1.865597403263877,0.7827483842083047,0.8080760830626846,4
1766225328039013751,10.837324567604224,1.7825284182517478,0.7830785578646223,0.8081883575515785,4
1766225328085655645,10.774858995243886,1.7729764776220034,0.7830627707409316,0.8082309099807845,4
1766225328135977171,10.871893226443996,1.7888362121730672,0.7830979848054169,0.8082512415994754,4
1766225328182222239,10.839220599573874,1.7836279445736318,0.7830628146167241,0.8081719546481904,4
1766225328236347631,10.815885504857793,1.8254146860253222,0.7829095916472061,0.8082221281212244,4
1766225328258774380,10.843598052485692,1.8160676141545593,0.7829270165661906,0.8081480797861114,4
1766225328282237720,10.773888764207594,1.826595973229987,0.7828579889729199,0.8081095556120532,4
1766225328337364305,10.599010181642887,1.7798921785384918,0.7827747374555861,0.8081260008622755,4
1766225328359774103,10.622685651912267,1.81471580747687,0.7826512942873858,0.8080986525720107,4
1766225328382214749,10.882495098409994,1.8447883036362271,0.7829023626120719,0.8082374709394137,4
1766225328436524468,10.772772390970742,1.7401202583389748,0.7831669569059321,0.8081822687823852,4
1766225328460870508,10.84917150256115,1.7676287604150074,0.7830621768970306,0.8081403580537031,4
1766225328537146571,10.607674139469946,1.7809201971286734,0.7828344507977636,0.8082469712595175,4
1766225328560058703,10.810703865381743,1.804066169022046,0.7829014817392353,0.8081910412157413,4
1766225328582267994,10.651441283242802,1.8589944387246393,0.7826624056723904,0.8081751246854004,4
1766225328743845958,10.484749850165676,1.738382550217621,0.78283115535963,0.8082449509487317,4
1766225328758633477,10.484749850165676,1.738382550217621,0.78283115535963,0.8082449509487317,4
1766225328882236832,11.141577286826742,1.7744045732875593,0.7832997922589381,0.8081140857677387,4
1766225328982225924,10.573555133537639,1.8286032078492365,0.7825582366030687,0.8081945148845087,4
1766225329036783219,10.955756484003487,1.7978839054619062,0.783029835272655,0.8081749301947635,4
1766225329136384771,10.88496116137061,1.8275662338966587,0.7829103116480398,0.8081549069012947,4
1766225329162871589,10.824977918458822,1.821366591040121,0.7828547237191512,0.808086088352319,4
1766225329182263890,10.617098751073971,1.8228018737912592,0.7827528958364226,0.8082289611302239,4
1766225329236618663,10.74200492369215,1.814062298020552,0.7827761722549029,0.8081475275862808,4
1766225329282226311,10.77489269721088,1.8045835210060048,0.7828287818779869,0.8080942080539578,4
1766225329338908563,10.622361248473823,1.7472161694680106,0.7829038078017154,0.8081569300358551,4
1766225329361316748,10.633386813005519,1.7955000649119572,0.7827111130575838,0.8081142853506512,4
1766225329383511260,10.54839103688343,1.7954347464089935,0.7827111130575838,0.8082095886375535,4
1766225329482250961,10.775178912027283,1.7790198811855717,0.7830097860322328,0.808174046932112,4
1766225329537078183,10.505505009760885,1.8262904114496463,0.7825574717339765,0.8081792251901022,4
1766225329558892751,10.557829192604839,1.8638284995941112,0.7824429705232046,0.8081698127716163,4
1766225329582261183,10.972537774365465,1.7569822839568598,0.7831839550948961,0.8081392306161812,4
1766225329636497904,10.64225880190972,1.754254395587641,0.7829232710305833,0.8081560885360767,4
1766225329736812527,10.615860340410954,1.81058193614036,0.7827763383180119,0.8082073680987097,4
1766225329758631023,10.74896004822168,1.8451441066328549,0.7826946147645201,0.8081422810736398,4
1766225329782254654,10.734199627988271,1.8294257404921843,0.7827616659155832,0.8081440330159071,4
1766225329837026933,10.753663240201883,1.739875410230121,0.7831638639866508,0.8082077944991318,4
1766225329859893009,10.901509026133184,1.7742660864159514,0.7830849316937986,0.8081657133904863,4
1766225329937929402,10.51564058472887,1.7674276631959434,0.7827429154785239,0.8082148249393593,4
1766225329962049287,10.575494130046659,1.809360209402988,0.7826083848508929,0.8081640362518909,4
1766225330059140827,10.662153068927594,1.7683735985040632,0.782998078146781,0.8082767281068536,4
1766225330082247887,10.707290047827666,1.802624386758717,0.7827782735295423,0.8081258652185328,4
1766225330136974269,10.670850355187223,1.7689586656571825,0.7828950674169266,0.8081949804155965,4
1766225330237201378,10.48015955085324,1.8004941415042146,0.7827058942097493,0.8081991273870484,4
1766225330259249685,10.47290876646989,1.8404818240840675,0.7825175177238862,0.8081832634308364,4
1766225330358991491,10.827375286199148,1.7969933108816656,0.7829102049926611,0.8081557332123808,4
1766225330382249304,10.494480846409694,1.78566308352263,0.7826714995877704,0.8082085877467264,4
1766225330437272855,10.849708861338403,1.750410641841799,0.7832576872658285,0.8082622031896995,4
1766225330459199724,10.758838651695136,1.789567214027863,0.7830194698804497,0.8082197849230858,4
1766225330482259394,10.411185834698022,1.8022268806170316,0.7825107767259443,0.8081209423345905,4
1766225330537538406,10.812243492246187,1.8300197629099546,0.7828381787583835,0.8082056387993615,4
1766225330561068360,10.639990348440653,1.8454827627349581,0.7826407519438975,0.8081641408638227,4
1766225330582250569,10.531711549745527,1.7933582473975271,0.7827809923986198,0.8081977461204738,4
1766225330660748410,10.600494718616904,1.810122030310649,0.7826972620648709,0.8082315586562324,4
1766225330682256732,10.670392403510863,1.8191422369685664,0.7827400953617254,0.8081716185335768,4
1766225330737770054,10.548193525926397,1.781221123860884,0.7827850959864082,0.8081868061267867,4
1766225330760425744,10.663457868099968,1.8274918926203232,0.7826913662771311,0.8081394646885851,4
1766225330782248337,10.634522962661542,1.7655998335741818,0.7829125837516958,0.8082369822341596,4
1766225330843906830,10.63201035125083,1.7636233739883476,0.7829293151445876,0.8081719834688075,4
1766225330862971465,10.720791089578686,1.803855991665795,0.7828177838493681,0.8081092737370652,4
1766225330882253348,10.683682520452265,1.6998057913930744,0.7831629753744724,0.808205559414856,4
1766225330937520067,10.561569924514401,1.7844606037946666,0.7827699435957726,0.8082132529315245,4
1766225330982282034,10.741075188793637,1.7794948477269577,0.7829302166713277,0.8081307023525808,4
1766225331038479623,10.673267190112634,1.774206986500027,0.7828795803383298,0.8082113441739158,4
1766225331059600927,10.746675718129485,1.8171908571514614,0.782724539517082,0.8081360621405002,4
1766225331137633483,10.841208345982455,1.7458209780748397,0.7832229297608879,0.808200808396406,4
1766225331237326797,10.849570808660447,1.7899379565213098,0.7829697628846681,0.808165839387635,4
1766225331261686813,10.830884490789728,1.8382292936654199,0.7827224059934025,0.8080732918694473,4
1766225331337343138,10.928992848484587,1.7964242884410502,0.7831053157990765,0.8081891221054829,4
1766225331360687654,10.960311485336494,1.8242136668951758,0.7829401728901597,0.8081114643653606,4
1766225331382265186,10.892178683269638,1.8085507254500266,0.782964958100145,0.8081185354174871,4
1766225331437401739,10.803404822265827,1.7672722220803938,0.7830660229016803,0.808205059672411,4
1766225331459847695,10.90282568775569,1.817903834775389,0.7829905726625628,0.8081648201590668,4
1766225331482262882,10.61636220207074,1.7866275391400974,0.7826831910898618,0.8081095182704208,4
1766225331538437148,10.811062900544123,1.7626406976507527,0.7831702395917643,0.8082482435869006,4
1766225331560915394,10.80873385765624,1.823709920308194,0.7828827796499959,0.8081940207403007,4
1766225331638504055,10.60619049961864,1.801454501702391,0.7827274759658415,0.8082124679048405,4
1766225331682265639,10.714068837311741,1.794452081792206,0.7828929951130832,0.8081227827732845,4
1766225331738520597,10.89346616971798,1.76079417331045,0.7832176290882228,0.8081771822586113,4
1766225331759904254,10.899977077338807,1.8014653423339129,0.7830031132311017,0.8081067913017401,4
1766225331782251624,10.744757546199857,1.8142298047840675,0.7827579350340497,0.808132476138311,4
1766225331839585060,10.782576154324097,1.7211349135919272,0.7830378224326774,0.8080674619104228,4
1766225331860090124,10.82309784620261,1.7576573839625798,0.7829658886829057,0.8080519310410491,4
1766225331937833936,10.49995911218915,1.787889436972173,0.7827537614851259,0.8082572728917722,4
1766225331960480700,10.525228992166014,1.82680430910256,0.7825683955749154,0.8082167481522792,4
1766225331982326867,10.529469108069067,1.7443946933069479,0.7829188722408537,0.8081947676939211,4
1766225332059927921,10.777471535979966,1.8235736171594956,0.7827914266437047,0.8081388046187128,4
1766225332082248340,10.677296703602845,1.8551598672808272,0.7825968136652981,0.8081388875672205,4
1766225332140133073,10.608384215281541,1.79219807280161,0.7828161297255949,0.8082132647142,4
1766225332161116678,10.74250166358981,1.868010791124429,0.7826770847478453,0.8081735144849517,4
1766225332182319955,10.724771067509021,1.8057136191379832,0.7827810894503348,0.8081341866448842,4
1766225332239421275,10.705074814202021,1.8054110314332068,0.7827658600075643,0.8081562024568995,4
1766225332262094057,10.786677221226615,1.8349544023786684,0.7826814372002919,0.8080938805120932,4
1766225332338864327,10.676231574257343,1.8270081921490668,0.7828226823209385,0.8082430495122089,4
1766225332359724960,10.837607388274106,1.8398022627270711,0.7828528392043528,0.8081437611511783,4
1766225332382252840,10.866167301005202,1.787450496236975,0.7829666413147969,0.8080999417532538,4
1766225332559770286,10.684342225329324,1.818858429302475,0.7826959377363975,0.8081305355744144,4
1766225332638045808,10.705910448076118,1.7633338456161207,0.7828921544438356,0.80816128620557,4
1766225332660827836,10.705081407736072,1.820615646915413,0.7826501487172018,0.8081028860078983,4
1766225332682256107,10.652398848697619,1.7565947118874279,0.7830155589693704,0.8081833940827974,4
1766225332737543634,10.810881377427695,1.7797668893919116,0.7829873144215028,0.8081733135809838,4
1766225332760237125,10.853464630960596,1.8067948438284585,0.7828991180671198,0.8081537518710162,4
1766225332837464365,10.640312623622862,1.7990484317467967,0.7828152413082159,0.8082125727294952,4
1766225332860470114,10.653904309015694,1.7898342444051303,0.7827674090838896,0.8081551015341812,4
1766225332882257350,10.53485312478697,1.8329944118227084,0.7824794205568384,0.80809931527251,4
1766225332938271494,10.709285283375669,1.7531081854290795,0.7830617274198097,0.8082199338700808,4
1766225332960684898,10.87365246144123,1.7931467890436976,0.7830572906297318,0.8081750085875737,4
1766225332982271437,10.81088524412943,1.802774171209881,0.7829071240502841,0.8081406758430922,4
1766225333057250959,10.782434512895843,1.7771298922793148,0.7829624477654408,0.8081386891075886,4
1766225333157259695,10.822391303838664,1.8439346246274524,0.7827609320364707,0.808125384909301,4
1766225333182298298,10.873790672914051,1.7931477781427396,0.7830653292497525,0.8081894908829023,4
1766225333261551308,10.457780528139505,1.806637255730497,0.7825013981001072,0.808124534255192,4
1766225333282258303,10.853688560591767,1.8209447111382364,0.7829440755187415,0.8082313082106639,4
1766225333438504733,10.701917330292353,1.7434858853138886,0.7830752730508593,0.8082593928209657,4
1766225333460228199,10.786676949348205,1.7928826290364348,0.7829299559540553,0.8081915788356029,4
1766225333482267369,10.774564016468592,1.8492246077407903,0.7826724138768694,0.808187311505549,4
1766225333560428055,11.024194215626615,1.8163219342531371,0.783033368989903,0.808133702485373,4
1766225333582263963,10.662278576659578,1.8666606126480518,0.7825264179485101,0.8080898824719916,4
1766225333641165769,10.666156212899235,1.7601730220295317,0.7829845917838476,0.8081958290839554,4
1766225333682255316,10.769493470216718,1.8481331320167445,0.7827086954831797,0.8081595258019458,4
1766225333760457801,10.815925428066308,1.8534074950410504,0.7827905566380583,0.8081596896334284,4
1766225333782265215,10.635484993880894,1.7969747538225314,0.7827457720327236,0.8081229995314756,4
1766225333838246136,10.707015055688828,1.8212094952671105,0.7828633774093017,0.8082748318622325,4
1766225333861087485,10.595254790395913,1.8528905508539988,0.7826369198209312,0.8082158392055435,4
1766225333882261818,10.837267400824246,1.8177309476815444,0.7828072595234714,0.8081441284775147,4
1766225333937922076,10.745268973837096,1.7625229599832866,0.7830760594688767,0.8082269186652755,4
1766225333982259965,10.634009303581827,1.8177245627556506,0.782674761945233,0.8081890710960415,4
1766225334038462453,10.68695107196116,1.830768859925588,0.7827404218471514,0.8082297323025353,4
1766225334060780828,10.654840628869234,1.8055920974448687,0.7827902017476891,0.8081258625947999,4
1766225334138633624,10.802458621264833,1.794394674888999,0.782962672164994,0.8082374852134117,4
1766225334160632128,10.963999222093456,1.8058179635360465,0.7830705476148738,0.8081906677114131,4
1766225334182265975,11.06878517822263,1.8211427531203486,0.783100713549534,0.8081082721503425,4
1766225334260901023,10.8877599745848,1.814896662639028,0.7829161418333063,0.8081422366599662,4
1766225334282264352,10.501748546964397,1.8237776780156216,0.7825070472370695,0.8081471057075913,4
1766225334338395986,10.836131299237328,1.819265821260047,0.7828318808152055,0.8081730929536474,4
1766225334361183854,10.576447643404485,1.7780305196260093,0.7827018633706472,0.8081240613515493,4
1766225334538929899,10.456397166807129,1.801356623946763,0.7826363027889712,0.8082966805156995,4
1766225334632274549,10.881127673497026,1.7640202273187995,0.7831892571376862,0.8082322500704902,4
1766225334657267545,10.540144512437234,1.8192464288968762,0.7827304565443066,0.8082045493371455,4
1766225334682270861,10.839012450857055,1.7902577879888384,0.7829636706730414,0.8081333583062352,4
1766225334739017563,10.710688260738621,1.8101504405917823,0.7828359875840567,0.8082395449793184,4
1766225334761451014,10.5869815545373,1.839807475995427,0.7825410625551832,0.8081797125465742,4
1766225334838722066,10.785272227952225,1.8001744888910902,0.7829713262319513,0.8082339985439542,4
1766225334861683691,10.792910468569449,1.807017930246474,0.7829135391162375,0.8081604392490709,4
1766225334882303642,10.561401909077617,1.7954151366535507,0.7826276933162888,0.8081451580597899,4
1766225334939462268,10.528430396945065,1.8171501741482161,0.782583644284458,0.8082191199391265,4
1766225334982309041,10.91254668838637,1.8342921728724197,0.782848489061368,0.8081499628405283,4
1766225335082263254,10.548524375190826,1.8346332810598909,0.7824791245771342,0.8081490853601017,4
1766225335132289413,10.805050238068215,1.8580973622504833,0.7827780509723489,0.8081658468449922,4
1766225335161082018,10.69743655317068,1.8177467193059273,0.7827344010228224,0.808155037213668,4
1766225335182270547,10.658037433452726,1.8306534317533982,0.7827327919207894,0.80818376904863,4
1766225335238460902,10.890589439320642,1.8101859701510468,0.7829785682064374,0.8081442006507541,4
1766225335261309604,10.705205013067376,1.817163459231565,0.7827226614358384,0.8081079455042122,4
1766225335282256980,10.770018688996297,1.8396798569463273,0.782691242668927,0.8080863197093934,4
1766225335338903032,10.723693658737155,1.812331606725103,0.7828029468228346,0.8081647051044708,4
1766225335382264033,10.744127543733327,1.8136326918654955,0.7827748061076649,0.8081354792832144,4
1766225335438511725,10.808442673004626,1.7958882305952837,0.7828957741261808,0.8081881198042697,4
1766225335461695188,10.669935778813588,1.8201583588933758,0.7826705087716848,0.8081343996311636,4
1766225335482268169,10.643340619291951,1.8610725017905574,0.7825141832920649,0.8081335144333939,4
1766225335532264181,10.83239707888961,1.7847857762737993,0.7829248922941942,0.8081303826288191,4
1766225335561483699,10.611824885330634,1.7792382837774066,0.7827956940057048,0.8081663143434886,4
1766225335582300950,10.788766504986501,1.8630794992199506,0.7826923656367473,0.8080864769071127,4
1766225335657306249,10.99589138429613,1.8606088227422515,0.782918862649685,0.8081690912397513,4
1766225335732277233,10.741536881807011,1.8058035935313776,0.7827714945461781,0.8081665068492148,4
1766225335757270541,10.871006777851132,1.807991830801481,0.7829194191286117,0.808113352374549,4
1766225335782295678,10.552700931368175,1.8217049438070254,0.7827226227235676,0.8082094928368444,4
1766225335857251253,10.783230482667939,1.7478334411227512,0.7830316196816823,0.8081203426938779,4
1766225335882270329,10.576412454981199,1.7486883125841342,0.7828980298926647,0.808125498148629,4
1766225335939990391,10.88670858633989,1.7716241036253397,0.7831173541317633,0.8081514882404917,4
1766225335962088492,10.926006424607614,1.8246628803139358,0.7829233671630998,0.8080892740994431,4
1766225335982273433,10.721440665952041,1.7499616252109405,0.7829838796083323,0.8081066716666514,4
1766225336038805190,10.677342410944867,1.8277613172730867,0.7826678128852983,0.8081548205031868,4
1766225336057295504,10.521788410159715,1.769703281249378,0.7827618657351594,0.8081960942345222,4
1766225336082267361,10.792647493541917,1.8559226035241752,0.7827049710396095,0.8081480282925957,4
1766225336157263633,10.790370009508997,1.8471592660116347,0.782677652455227,0.8081377770122727,4
1766225336182274673,10.749662636073577,1.82750742969036,0.7827390975207791,0.8081250301323248,4
1766225336232279732,10.813439529546942,1.8029455359105562,0.7829228251292006,0.808115742409562,4
1766225336282258120,11.093048643036173,1.8041010983542916,0.7832647527144608,0.8081562019093252,4
1766225336332260614,10.76229484389013,1.852393399800553,0.7827000125081922,0.8081419396087115,4
1766225336362510350,10.820920058920214,1.8127417130463739,0.782816918600218,0.8081394272448382,4
1766225336382275802,10.779517838366171,1.8124442286844975,0.7828194338479207,0.8081012349121863,4
1766225336439721418,10.728193516832519,1.855603797937943,0.7826364811069566,0.8081984568469033,4
1766225336482273506,10.792676962600666,1.8370123891569776,0.7827558119465027,0.8081620020003544,4
1766225336532268526,10.851684085858682,1.8415731024963513,0.7827289842854092,0.8081729519096457,4
1766225336557280538,10.756196364792526,1.771339454447804,0.7829480891141678,0.8081838174009457,4
1766225336632253085,10.763133132416947,1.8123585606681896,0.7828843516499934,0.8081734424832501,4
1766225336732271829,10.661755317542987,1.805208334658199,0.7826681631576318,0.8081044301357578,4
1766225336757262411,10.640741717486414,1.843611013197394,0.7826069652797215,0.8081753041540463,4
1766225336882261587,10.601027034135901,1.7511233398589026,0.7829384864508273,0.8081546321947399,4
1766225336957275362,10.78293359992777,1.7861571851983067,0.7829554950624861,0.8081366491419302,4
1766225336982405316,10.769636074419054,1.7663447013815772,0.7829401770878067,0.8081296739289485,4
1766225337032259581,10.564354925936104,1.8505937284763303,0.7825510016962928,0.808199880770732,4
1766225337082261093,10.895384483788018,1.7651970014454004,0.7830453925700526,0.808128009727794,4
1766225337157238689,11.042120873253069,1.8069526252410917,0.783125213105182,0.8081837888429685,4
1766225337182260560,10.852855309103182,1.8130791973317117,0.7829930263880104,0.808174867352471,4
1766225337257262091,10.682997099113356,1.8548358243617447,0.7826878944460455,0.8081522867717663,4
1766225337282265247,10.546265424731027,1.8106535979204705,0.7825289718652886,0.808147069198213,4
1766225337332264314,10.813086726112697,1.7991289936374013,0.7829233382204814,0.8081340276224515,4
1766225337357272529,10.62653257295787,1.7782358648675531,0.7827712962699983,0.8081568751228478,4
1766225337382277307,10.794645802000735,1.815011647425246,0.782769463776186,0.8081050008833628,4
1766225337432268199,10.909960620902881,1.7793354900620446,0.7830716493236691,0.8081337647918875,4
1766225337457261817,10.700779285860328,1.7923425055787545,0.782851601154641,0.8080690298762152,4
1766225337482359520,10.743522384683013,1.7650817531498038,0.7829780741423117,0.8081526099765889,4
1766225337532259551,10.768531327202124,1.7780276719448158,0.7830141232714612,0.8081582526119774,4
1766225337582506734,10.634575026421844,1.8019336828180923,0.7827622679835529,0.8081546154880038,4
1766225337682272331,10.286714034621225,1.7772438459858242,0.7826277360933384,0.8082123568285077,4
1766225337732263334,10.55393026383844,1.8044066197634987,0.7826986291000284,0.8082124162585588,4
1766225337782757031,10.334682542607831,1.8080777166053257,0.7824902374142114,0.8081791380961227,4
1766225337832257741,10.887595149441598,1.8065321015987355,0.7829411329737763,0.8081027150483576,4
1766225337857265866,10.729600443103449,1.8234590449227337,0.7827757753691453,0.8081645998618988,4
1766225337882302324,10.63260415076761,1.770083370788965,0.7829617555288779,0.8082613949519091,4
1766225337932274460,10.717312692130054,1.8032814532124064,0.7828341426330485,0.808183148718821,4
1766225337982279569,10.80867809684294,1.8016096566564694,0.7829888487231491,0.8081796460598388,4
1766225338082274086,10.493437382961934,1.844740125397174,0.7824745598090532,0.8081621362113414,4
1766225338132266862,10.471779631028411,1.7838926783159796,0.782659316244366,0.8081876305643894,4
1766225338182268714,10.845258412853887,1.7586226402147291,0.7830688366476151,0.8081720489030242,4
1766225338257261729,10.787038371274704,1.8459817478370384,0.7826490764743242,0.8081049804559282,4
1766225338382275952,10.890619035652914,1.819161679168774,0.7829009538728673,0.8080763179109747,4
1766225338532264256,10.937295549375614,1.8320228982504185,0.7829184829997139,0.8081115033477688,4
1766225338557264396,10.846039165400722,1.829889260297104,0.7827887826062159,0.8081372087963324,4
1766225338582271819,10.663260140148623,1.7741353969548759,0.7828835805982244,0.8081479635975068,4
1766225338632277669,10.50560219775043,1.7679353392506438,0.7827880665197614,0.808184451209382,4
1766225338657260275,10.511924222563307,1.8075846914937759,0.7826212025953069,0.8081320592026158,4
1766225338682260685,10.85464076441367,1.81944920896244,0.7829292145783078,0.8081541076504837,4
1766225338732276584,10.620074156916125,1.8699613952192546,0.7824192324331479,0.8081495866686318,4
1766225338782271654,10.562865301309676,1.7593038667175918,0.7828295817869048,0.8082133845994802,4
1766225338882279676,10.56678712266601,1.73477956453547,0.7829860886520044,0.80820586179525,4
1766225338932277310,10.856315216425049,1.7739793501147256,0.7829757376004605,0.8081185303188027,4
1766225338957272831,10.861622055743592,1.828252660210329,0.7827988491202468,0.8081106089543045,4
1766225338982283110,10.617617013766289,1.7747010021103875,0.7827736173309667,0.8080657428021107,4
1766225339032265976,10.476539156218156,1.8040689587375351,0.7825544087626448,0.8081095432576618,4
1766225339057297034,10.725165154396032,1.8258781883987483,0.7827407424247999,0.8081393736111514,4
1766225339157298404,10.834522286381043,1.8240661497685737,0.7828686572788387,0.8081053193494966,4
1766225339182295518,10.620713806264837,1.7958012744269147,0.7827351754910565,0.8081567089656156,4
1766225339232272843,11.100522665784428,1.818427632764331,0.7832761305620976,0.8082038948575101,4
1766225339257267102,11.06389229433935,1.8312626115476516,0.7829725043897541,0.8080522497460333,4
1766225339282384822,10.595380049756464,1.7765332168309305,0.7828808540962523,0.8082451814992998,4
1766225339332257872,10.861876692042083,1.8452654147976362,0.7827815585040666,0.8081600399428441,4
1766225339382269753,10.631557441097673,1.8159700405979784,0.7826869514005756,0.8081533997820692,4
1766225339457273157,10.539881001004447,1.7711178869530109,0.7827546392059435,0.8082457145827909,4
1766225339482292152,10.866010632322066,1.7714467526503774,0.7830816221808932,0.8080916681813077,4
1766225339532276651,11.03669151408415,1.8756203930799353,0.782800643847433,0.8080888607288149,4
1766225339582285126,10.849980795479608,1.806955327473877,0.7831106948178467,0.8082227927772201,4
1766225339657282057,10.803418013417442,1.869092645761411,0.7826533580602427,0.8081808054991471,4
1766225339732255385,10.849818285031398,1.7982744069762664,0.7829101802060072,0.8081354646305935,4
1766225339757291242,10.54274417537815,1.8440984967814948,0.7824726223086883,0.8081363088751705,4
1766225339832265020,10.769916654947309,1.8136724657490608,0.7827829468810682,0.8080848558561518,4
1766225339857289405,10.806473249868498,1.8030814972618714,0.7826761753872049,0.8080673796176492,4
1766225339932279574,10.752644643586606,1.858454107255227,0.7826460019085042,0.8081036047604634,4
1766225339957274083,10.689452328428217,1.8223636266888588,0.7827484043797073,0.8081767002317116,4
1766225339982286195,10.845017335066265,1.7388544645028772,0.7832102462393721,0.8081729793714348,4
1766225340057300069,10.805309583060918,1.8872651395712687,0.7825377570319414,0.8081395979031,4
1766225340132272625,10.548782325549123,1.8531469625803245,0.7825804716096944,0.8081533562424649,4
1766225340157278274,10.640479636303324,1.7835647937303905,0.7827614887659975,0.8081843768747067,4
1766225340232271579,10.762989568602887,1.829801219282065,0.7827212780836295,0.8081109207085697,4
1766225340257280786,10.60558788971544,1.8507516913405613,0.7825027223998321,0.8080828737640883,4
1766225340282301413,10.653618882099703,1.789088645192678,0.7828285644083799,0.8081400719094235,4
1766225340332277407,10.759628427286616,1.8633124956643563,0.7827527150440923,0.8081976771418174,4
1766225340382648012,10.969336593373736,1.755223384436453,0.7832442870394949,0.8081617740451502,4
1766225340432262395,10.531090352948635,1.8599404632589378,0.7824724791821237,0.8081410923765465,4
1766225340457294093,10.630380660462846,1.804933662963174,0.7827148622085459,0.8081382492338486,4
1766225340482266180,10.776547139068725,1.7675113849028088,0.7830353184597064,0.8081489822637963,4
1766225340557259304,10.710317234372546,1.8303239229831603,0.7826341839911936,0.8080776832632559,4
1766225340582262930,10.79535028267431,1.76055182963402,0.7829598804254384,0.8081322908148902,4
1766225340632278498,10.672405800569829,1.8343558246896894,0.7825649737246408,0.8081279470297368,4
1766225340682258518,10.712787996375539,1.8104766279288456,0.7828146106152462,0.8081516561079092,4
1766225340732265540,11.156827125076596,1.8764129661014115,0.7828866549701877,0.8081340589228241,4
1766225340757280527,10.990911960832461,1.8142155905039803,0.7830400879890189,0.80818845245214,4
1766225340782267922,10.817019535243722,1.735078896524043,0.783110050123288,0.8081576169391256,4
1766225340832261369,10.74230312287472,1.8221269539113798,0.7826647208470535,0.808057874825395,4
1766225340882264523,10.864432081680086,1.786431633413363,0.7830071664408333,0.80813828313369,4
1766225340932266334,10.456408863781963,1.836821582665382,0.7823872633355897,0.8081945355009903,4
1766225341032264587,10.771444735548696,1.8058564930412122,0.7829395885621544,0.8081494492264343,4
1766225341057366408,10.644707963877176,1.8171865640807103,0.7826847152295037,0.8081486718351094,4
1766225341082326111,10.920265841934285,1.7554792653924531,0.7831774487007859,0.808134978798194,4
1766225341132266577,10.66026392710484,1.8133868360020569,0.7826802338808917,0.8081416594252624,4
1766225341332282579,10.66857562695278,1.8011649940846182,0.7828210267469239,0.8081763723028226,4
1766225341357310030,10.938202164223142,1.7906700634140866,0.783049128138429,0.8081308295811963,4
1766225341382363700,10.532339660441647,1.833382936223537,0.7825707154464167,0.808213679037319,4
1766225341432316058,10.71598366682569,1.8080720826940113,0.7828074688102747,0.8081152141714306,4
1766225341532264968,10.707458612861487,1.8165374433300652,0.782645681683443,0.8081799448426535,4
1766225341557277330,10.656906557778733,1.8159184872189293,0.7826564001465383,0.8081386607708808,4
1766225341632271296,10.613893437760535,1.838415546025406,0.7824906771286804,0.8081426209599912,4
1766225341657314566,10.592713842718204,1.8235057050427985,0.7826650883661034,0.8081796742674409,4
1766225341732263908,10.678206951115321,1.8132044603409163,0.7827168600302377,0.8081024886254455,4
1766225341757262093,11.005723868757755,1.8168340269755516,0.7830349324131887,0.8081022522004717,4
1766225341832282098,10.826456966272492,1.8480270955033986,0.7827768056178881,0.8081791957541856,4
1766225341857270776,10.826350291581743,1.8144087584506903,0.7829157623569218,0.8081241607570434,4
1766225341882639418,10.643020743643095,1.74136616719521,0.7829071734950642,0.8081185089303021,4
1766225341932276523,10.71599824226066,1.8296454656661978,0.782623308979662,0.8080904919466867,4
1766225341957284136,11.014761982692246,1.8329870153413994,0.7828735464985869,0.8080852014887743,4
1766225342032270107,10.68157890931143,1.8152055525003394,0.7826398183954435,0.8080696683793156,4
1766225342082883499,10.592013657004129,1.7702080752356357,0.7828057422173463,0.8082078920605031,4
1766225342132270093,10.817209037253361,1.7839938931830561,0.7829806113404065,0.8081446377235217,4
1766225342157262698,10.672883457246595,1.8652427673028302,0.78256837195712,0.8081603032976513,4
1766225342182423790,11.121966523399141,1.7649620018118775,0.7833588278130349,0.8081516809813815,4
1766225342232262123,11.2100635570348,1.8017065982389626,0.7832619406791462,0.8081336034094345,4
1766225342282874563,10.392037232828333,1.782106559377315,0.7825824123112666,0.8081721841839733,4
1766225342332265094,10.788469657455725,1.7864750681524568,0.7829180352017459,0.8081421364309368,4
1766225342382426716,10.660698003746361,1.7767089889363474,0.7829334747308313,0.8082695207773055,4
1766225342432268606,10.444142599657535,1.7555473434564557,0.7825391613769049,0.8081333747640688,4
1766225342482288241,10.56821883899206,1.7569134842030696,0.782866595308733,0.8081663676047319,4
1766225342557272588,10.756100320238104,1.8462088153165281,0.7825877568574049,0.8081280293498895,4
1766225342582308534,10.730727826953945,1.7959939687571478,0.7829230266733544,0.8082328224684833,4
1766225342657277793,10.745126496111146,1.7416710905810266,0.7831182419545111,0.8081768277589702,4
1766225342732269204,10.68176914685437,1.8501252616614248,0.7826037361487543,0.8081682877734577,4
1766225342757285764,10.426069501430879,1.806422151031201,0.782602995320053,0.808217406779958,4
1766225342832322149,10.946746588493372,1.8563781255825718,0.7828471085690363,0.8081108474190822,4
1766225342932276859,10.48312820896069,1.8584133536523242,0.7824908704098672,0.8081605312305578,4
1766225342957273632,10.826788794258135,1.812478001637009,0.7828748723804789,0.8081172690491669,4
1766225342982458118,10.670117772708544,1.7980582133913727,0.7829074995850134,0.8082393797596169,4
1766225343032268809,10.498122451359283,1.7889505530369223,0.7826253210347751,0.8081650700022767,4
1766225343057281612,10.62955414613298,1.7713421102883837,0.7829330251230143,0.808220472151286,4
1766225343232269841,10.595933380817435,1.7768705922201804,0.7826805288103765,0.8081155988673169,4
1766225343257291631,11.02822538665038,1.8231353019114946,0.782950066369007,0.8081179516279188,4
1766225343282353206,10.759399289448135,1.748130159674555,0.7830867932873828,0.808202526073229,4
1766225343358305453,10.8146565360141,1.7908038813290472,0.7829117062209684,0.8081330134033999,4
1766225343433207906,10.437084716197532,1.8096225134669637,0.782641345746175,0.8081807064481984,4
1766225343482404472,10.99322668781344,1.7496032754739532,0.7833104323734656,0.8081874292730831,4
1766225343532304351,10.816766137891843,1.8224474689637549,0.7827902486710054,0.8080760180961896,4
1766225343557305752,10.634763520328882,1.8101491382556962,0.7826280758968597,0.8081109736342583,4
1766225343582318134,11.120543226878166,1.7526501356712505,0.7834072016339253,0.8081984097470817,4
1766225343632325746,10.71233665421567,1.857105854821624,0.7825247085730433,0.8081207184091651,4
1766225343657322840,10.966932136628692,1.787460996504034,0.7831137213252598,0.8081139319268879,4
1766225343682323810,10.871743237915176,1.7948110057968971,0.7830368683791522,0.808172746613862,4
1766225343832359089,10.770600490043192,1.847570877641177,0.7826689310285095,0.8081192476065155,4
1766225343882705428,10.510063681990921,1.738509342186001,0.7829178130986035,0.8081758699340058,4
1766225343932347642,10.69941037360367,1.8034035486891555,0.7827014600694367,0.8080926145359668,4
1766225343957329537,10.711385329579603,1.8152768964887358,0.7826989199722377,0.8081489931653051,4
1766225344057339731,10.717380943059629,1.7936501918034728,0.7828815911517983,0.808182507201728,4
1766225344082340741,10.68786441504388,1.8166830437879007,0.7828667791473022,0.8082067516920993,4
1766225344132528392,10.799171738307134,1.8194568060161402,0.7828430803648808,0.8081248645498816,4
1766225344157325599,10.46256144164337,1.8122039117249773,0.782434700813141,0.8080987954472804,4
1766225344182499405,10.781971494392529,1.756466615981165,0.7829704494373393,0.8081562242888926,4
1766225344232315897,10.684392495168172,1.7939764091130677,0.7827516614342943,0.8081188578268707,4
1766225344257331575,10.588078478775632,1.7824782653446787,0.7827777709044117,0.8081427383512654,4
1766225344357335276,10.895688083872535,1.8461565837768894,0.7827649150883775,0.8080981741136635,4
1766225344383953649,10.709299039040499,1.8071190324872228,0.7826867141673814,0.8081247166468486,4
1766225344434445532,10.808627154821892,1.774633102738311,0.7829049551488522,0.808134176053364,4
1766225344457323168,10.608680756591827,1.8152295890973298,0.7826227723138914,0.8081504940537939,4
1766225344482393970,10.716169716184055,1.8078143552307153,0.7828300219862957,0.8081909817446449,4
1766225344532311081,10.754997659252918,1.8758162883521698,0.782574998915766,0.8081826307904263,4
1766225344657311415,10.455343883924106,1.7766243145712797,0.7827385658816076,0.8082415968027025,4
1766225344682313387,10.90467845559495,1.7815272018448916,0.7830530794289066,0.8081736506913766,4
1766225344757318182,10.80623942016079,1.7886583456900398,0.7828789416331668,0.8081084209069691,4
1766225344782519088,11.06842415614362,1.7226951177738108,0.7834318367424778,0.8082007134156315,4
1766225344833829400,10.811177597732758,1.845529793896524,0.782775744193635,0.8081061972275472,4
1766225344982329771,10.585800012956614,1.8095408168991833,0.7828183393403164,0.8082142825181067,4
1766225345032516269,10.573577184144533,1.7556911528761885,0.7827256119428451,0.8081257787780419,4
1766225345057317383,10.476055554370479,1.8301194942332255,0.7824504898472657,0.8081515528840028,4
1766225345132474154,10.631872525772913,1.8169623792115548,0.7826437308188797,0.8081364680193156,4
1766225345157333198,10.799369707097828,1.8214996737387912,0.7827655827376067,0.8081760633509514,4
1766225345182445748,10.6887989147072,1.7892310266928328,0.7828908483002219,0.8081447109454232,4
1766225345232753884,10.80975950220342,1.8131220182781986,0.782863480979225,0.8081210092433061,4
1766225345257324315,10.723085534080079,1.788885498535117,0.7827684320630681,0.8081165102808275,4
1766225345282334112,10.608898619608787,1.7748596778738501,0.7828360975334232,0.8081803650065048,4
1766225345332320653,10.668029676424663,1.8248759355394053,0.7827176171027095,0.8081658885631201,4
1766225345357343144,10.721200125987874,1.8168386104919572,0.7828010930131403,0.8081337279288194,4
1766225345382325349,10.943973318390698,1.7708243590255963,0.783163631696443,0.8081694487978235,4
1766225345432335946,10.960380616025112,1.821570429003006,0.7829499780987501,0.8081240454344546,4
1766225345532470854,10.89228099388906,1.7768139672088705,0.7829678420692235,0.8081313202169754,4
1766225345557332923,10.704451254796577,1.8454894589678854,0.7825659535305073,0.8081483439708164,4
1766225345632608717,10.75056972811228,1.8171651470301335,0.7827956580138736,0.8081765480316004,4
1766225345657320654,10.807963099654373,1.7786310750535619,0.7829572216421211,0.8080862707992815,4
1766225345682319690,10.812432590662668,1.7337886018782276,0.7831901355212083,0.808182053206043,4
1766225345736271000,10.679141369374868,1.7854927585496392,0.7828658155754081,0.8081875852536041,4
1766225345782808794,10.591342983874208,1.8299760646554057,0.7825790390370572,0.8081642154390691,4
1766225345857333626,10.812548077242967,1.8284703349980453,0.7828155488977545,0.808140848593048,4
1766225345882336550,10.555584983878209,1.82751053329284,0.7826746530888049,0.8081859388102562,4
1766225345957333009,10.749804897010717,1.82509533809116,0.782814061376881,0.808156005585628,4
1766225346032867109,10.903364957196903,1.7938719845636635,0.7830542523230543,0.8081440063016124,4
1766225346057328023,10.63153391254934,1.8673333563284085,0.782548594308389,0.8081734996788106,4
1766225346082340655,10.922051427206814,1.7833422412882571,0.7830745904584857,0.8081466991046993,4
1766225346132528886,10.92473611525846,1.8421041481908986,0.7828061909783564,0.8081035985612457,4
1766225346157329360,10.666228124883492,1.8302356992286626,0.7826131720641081,0.8081364515800338,4
1766225346182339938,10.59071963023095,1.7841654421894264,0.782882210173746,0.8082281441460439,4
1766225346282418779,10.651410345224765,1.8246607932202838,0.7826717003038512,0.8081643266773868,4
1766225346357326351,11.006743695822552,1.7910619869599393,0.7829903102101475,0.8080851387062592,4
1766225346432980006,10.99974739053511,1.8257368709135327,0.7829975695146935,0.808144216302575,4
1766225346458338228,10.903233736113904,1.8193428593945942,0.782921136328095,0.8081300701629015,4
1766225346482384071,10.74667053566436,1.7895467728792471,0.7827618088281516,0.80811696296878,4
1766225346582483061,10.749961799462525,1.7746018881717474,0.7829153811483078,0.8081519259036095,4
1766225346632596201,10.700097294871757,1.8128797440330282,0.7827457634955086,0.8081064962308083,4
1766225346682334174,10.956230904702435,1.7391306388389227,0.7832603889572174,0.8081510951259964,4
1766225346733309386,10.573969182402276,1.7995821167933315,0.7826693530239064,0.8081556605286476,4
1766225346782334418,10.825959686890707,1.7687197716359804,0.7830408861842821,0.8081189918607595,4
1766225346832677039,10.575086432045634,1.8369655816733967,0.7824632326606431,0.808133882413089,4
1766225346935315827,10.96729005403374,1.7840376223677612,0.7831871217933754,0.8081670427760498,4
1766225346957328786,10.750700329752005,1.7405316586509185,0.7830495197026636,0.8081797796902982,4
1766225346982344123,10.680034043091812,1.7981414186903253,0.7827813739776464,0.8081340455127132,4
1766225347057334440,10.513573827416135,1.8073807630635046,0.7825347361209141,0.8081117844736322,4
1766225347082454084,10.562165493077757,1.738847371974937,0.7829716413155956,0.8082010346941353,4
1766225347133426269,10.946632966897463,1.8272286977010666,0.7829027400272904,0.8081722453802199,4
1766225347157332420,10.698279952260359,1.8012460129848902,0.7826180839069973,0.808116277331456,4
1766225347182484013,10.797827351080148,1.7523925787787178,0.7830455364745483,0.8081890613852767,4
1766225347233263546,10.71349140773592,1.8192907262656604,0.7828627690919722,0.8081480879752625,4
1766225347257335378,10.48388632864472,1.814337735004985,0.7825159251215044,0.8081633785917259,4
1766225347282469278,10.542888114709935,1.794589585263698,0.7827272135261938,0.8082196659813614,4
1766225347357331965,11.107225856616608,1.8319825226393833,0.7831192501383999,0.8081017176778682,4
1766225347433543028,10.925442384925654,1.8481440555217832,0.7828156068991314,0.8081272073327219,4
1766225347533844307,10.830289304194164,1.784969526233179,0.782921280210478,0.8081381085702458,4
1766225347557335067,10.890508796194908,1.8017338034359185,0.782993139866162,0.8081450425274302,4
1766225347582341687,10.831413251862653,1.7716527495550634,0.783097582837123,0.8082254175862444,4
1766225347633573671,10.809894487121664,1.7970637473024733,0.7827965499427325,0.8080837056863068,4
1766225347733511237,10.92083883674755,1.8564142126304028,0.7828287158666957,0.8081208729259736,4
1766225347757327448,10.710087544330559,1.862590269233393,0.7825209278255925,0.8080746211010855,4
1766225347782330853,10.649225586742306,1.795469709617622,0.7828226673726449,0.8082088227094549,4
1766225347833683544,10.718836597381376,1.84161780013999,0.7826323059093129,0.8081602614510102,4
1766225347882329133,10.538772006257414,1.7931338997529351,0.7827016108712881,0.8082118080864755,4
1766225347933487318,10.725701614306526,1.8378462821419153,0.7826746930084204,0.808147895706544,4
1766225347957332614,10.932984819251423,1.8390473372430978,0.7827630590301411,0.8080790783830442,4
1766225347982335698,10.726872839094348,1.8172559710436307,0.7828888111655411,0.8082777081279127,4
1766225348082333116,10.80181223230159,1.7400148629565715,0.7832303473142135,0.8082342060315624,4
1766225348157338841,10.742777843753547,1.8359796859113309,0.7827247509488088,0.8080542917738245,4
1766225348182520351,10.707820431119842,1.8094695600669048,0.7827274364295304,0.8081093982410362,4
1766225348234916274,10.720438409116294,1.8408003966323225,0.7827073289065628,0.8081401253816686,4
1766225348282358519,10.873012491980361,1.7314847800478412,0.7832154978840925,0.8081801799550257,4
1766225348333821858,10.449413665615136,1.857269298269292,0.7824712010987898,0.8082206673596793,4
1766225348357349366,10.718658781065592,1.8433918362935735,0.7826378616441569,0.8081353722581046,4
1766225348382356017,10.516413798559942,1.778932125706112,0.7828078282285652,0.8082500595648534,4
1766225348433961102,10.497090120231478,1.7852007413522544,0.7825637295541319,0.8081277323795321,4
1766225348482474793,10.827216922896344,1.7835678445140346,0.7829445236547664,0.8081606460202015,4
1766225348582377652,10.538091111656822,1.7456443512055406,0.7829315753421761,0.8081866066878048,4
1766225348635244922,10.941407022426187,1.808903910160827,0.7829230321891233,0.8081013106141637,4
1766225348733448596,10.825357345015107,1.804496378759319,0.7828566964674368,0.8080980533317283,4
1766225348834181938,10.52841614622524,1.8218124722526263,0.7825645658765282,0.8081598993823558,4
1766225348882355208,10.990445964378036,1.7731123955365256,0.7832186386107288,0.8082062927899045,4
1766225348933787368,10.78519510270537,1.8169555109581028,0.7828597906851703,0.8081334801204793,4
1766225348957357967,10.836566100516865,1.7552827529388384,0.7829953473845159,0.8081096543155423,4
1766225348982473603,10.90244282318209,1.792145887465316,0.7830186630073414,0.808143781068363,4
1766225349033769587,10.729324111252714,1.7994893619084218,0.7827846200225295,0.8081271107500122,4
1766225349057343763,10.87368666557742,1.8258794247863195,0.7828782958163863,0.8081334929495888,4
1766225349157343304,10.622072044915054,1.8049241817144408,0.7826997885669128,0.8081423054503668,4
1766225349182341819,10.557977482885782,1.7536155574910994,0.7829148488353802,0.8082378747695763,4
1766225349233806771,10.856137480204753,1.7634936263753296,0.7831037374133761,0.8081692323711618,4
1766225349257335471,10.564690548790834,1.7937272532724915,0.7826169733975008,0.8081188243235945,4
1766225349282404990,10.723066381824854,1.7444454270746845,0.7830431113970273,0.8082239965390615,4
1766225349333767159,10.615432664963787,1.8423792115960123,0.782577499315531,0.8081562269986861,4
1766225349357342847,10.91260590664711,1.7715975896035785,0.7831070622239347,0.8080923900437085,4
1766225349382354187,10.691826270697646,1.8059558413175703,0.7827302015621972,0.8081421406237611,4
1766225349434006431,10.648335657233776,1.8398268615868183,0.7826058570823472,0.8081642571372267,4
1766225349457343170,10.831408237220618,1.8063716828766665,0.7829503052672337,0.8081438876535704,4
1766225349482358817,10.616616550340963,1.801877848716917,0.7826952924678215,0.808163508856663,4
1766225349534049604,10.791117699322172,1.8422650239449878,0.7827320626456746,0.8081529495304501,4
1766225349582352648,10.9396934021323,1.8003154393449636,0.7831142206318934,0.8081948716838128,4
1766225349634422938,10.827270715321635,1.7415182796524684,0.7831461227712174,0.8081569764955371,4
1766225349657337243,10.626987937022104,1.8178860151792409,0.7827338735903795,0.8081505595165375,4
1766225349682353632,10.603260149603999,1.7618754766870912,0.7828666098397263,0.8082051426903697,4
1766225349757345010,10.663339162782059,1.7843689073241549,0.782721834421497,0.8081074889741258,4
1766225349782343034,10.769973762889018,1.7857444275152852,0.7828501073397698,0.8081231536295831,4
1766225349816730751,10.9517572723149,1.8045831784416717,0.7830831665431107,0.8081355637197611,4
1766225349882347965,10.74124026688683,1.759417876608529,0.782935860936786,0.8081695714715877,4
1766225349934645132,10.81206695950543,1.7711793708956418,0.7829762618492558,0.808148448530156,4
1766225349957344663,10.782843427039722,1.824130291463319,0.7829115179754333,0.8081748742084435,4
1766225349982352175,10.794583877147822,1.7651990802621462,0.7829535625282699,0.8081201076790124,4
1766225350057344625,10.764381717467518,1.7945391057081017,0.7828153221029818,0.8080807329660971,4
1766225350082358960,10.72079263167669,1.7912804741329285,0.7828153221029818,0.808120649628234,4
1766225350157353634,11.013696106853432,1.8247426299785,0.7829850876696816,0.8081113132113933,4
1766225350182442919,10.471204063490891,1.77463832796067,0.7825816367543783,0.8081128028925217,4
1766225350235204680,10.687995265329153,1.807298440772176,0.7827788302640698,0.8081368565545705,4
1766225350257358564,10.8196107130214,1.8272158729920647,0.7828315587691903,0.8081512372141816,4
1766225350282363131,10.81977646918686,1.7991973211260257,0.7829033620523914,0.8081624842419901,4
1766225350334318685,10.885294518677258,1.8044465457574959,0.783014680113608,0.8081119887236613,4
1766225350357348828,10.77576888477294,1.8196972129918534,0.7828489515338043,0.8081066515013339,4
1766225350382907216,10.842152251124615,1.744750595277382,0.783126689436191,0.8081733623075171,4
1766225350434813397,10.72923858556829,1.8102408307575737,0.7828233377652962,0.8081494193256598,4
1766225350482372231,10.561778799626275,1.7843479848949055,0.7827468574220843,0.8081694791328953,4
1766225350557365893,10.649250666817544,1.8581522778153836,0.7825649538967266,0.8081983138469552,4
1766225350582526843,10.736073088462694,1.8229317712213624,0.7828048840545244,0.8082329078512005,4
1766225350635382240,10.72653828265835,1.802532565972801,0.7828390877614195,0.8081788450245668,4
1766225350657337090,10.547001074369344,1.8246103070493618,0.7825759554033475,0.8082096031317035,4
1766225350682955311,10.90130092022823,1.769320256222206,0.7831757184745763,0.8081858754986372,4
1766225350736287996,10.764457227021683,1.7573467716639901,0.7830071496276356,0.8081669465005995,4
1766225350836278469,10.825457803589234,1.7846545904317013,0.7829151368485591,0.8080920108091817,4
1766225350857362681,10.605010763071409,1.8501370073928436,0.7824802011912207,0.8080489467478617,4
1766225350934895519,10.950757792524746,1.8364117574242687,0.7828216046696552,0.8080589764400744,4
1766225350982367239,10.891656221126755,1.776240266608623,0.7830542140853555,0.8081520170406618,4
1766225351082375987,10.908951426374491,1.7593204409024263,0.7832567033258167,0.8082128316529102,4
1766225351134957930,10.657923089767873,1.7948455277892408,0.7827746490749934,0.8081344722240825,4
1766225351235767093,10.673715229608582,1.8127751344949126,0.7827132064743562,0.8081272235054389,4
1766225351257358849,10.879915473387847,1.8265167059609964,0.782986617513313,0.8081294749179695,4
1766225351335589029,10.857953135382514,1.8175542457832983,0.7830017280240976,0.8081952443683844,4
1766225351357373508,10.55283615154934,1.8222420455568074,0.7825549078165293,0.8081235706923762,4
1766225351383104251,10.833014145575582,1.747140467589069,0.7830254955214735,0.8081490606891885,4
1766225351457355926,10.514949010939635,1.8077114343707374,0.7825492490027266,0.8082069373249163,4
1766225351535056740,10.693669999030542,1.8190899502153524,0.7826761422835401,0.8081147329046261,4
1766225351557510869,10.710550671462094,1.7728354353530946,0.7828807680487091,0.8081437170774847,4
1766225351582413443,10.580797060839364,1.7314017993431792,0.782934038270283,0.8082120674764315,4
1766225351657369584,10.839139733222925,1.80283911998215,0.7828966226562076,0.8081100267339577,4
1766225351682390611,10.428679410960594,1.7601916697469318,0.7826130760053831,0.8081910666415906,4
1766225351735517008,10.707769363140551,1.8256835570874517,0.7826916803048618,0.8081286664078722,4
1766225351757367250,10.815251978317786,1.856012845659441,0.7826748551384137,0.8081201551190934,4
1766225351782373480,10.474647198250198,1.8153016854909316,0.7826532900429973,0.8082117276120365,4
1766225351835170868,10.832555737330885,1.8261580006379021,0.7828159623161021,0.8081343220864696,4
1766225351857378783,10.724841632846926,1.8049922260967877,0.7827265250185763,0.8081053570337384,4
1766225351935408516,10.646938314141208,1.8127506083864315,0.782688445307542,0.8081413493347503,4
1766225352182419771,10.70519456978869,1.7889854127413667,0.7829465496647092,0.8082379392634873,4
1766225352237449858,11.0463840203201,1.7711886476258658,0.7831580139675423,0.808042573933161,4
1766225352257364500,10.978280886010051,1.7839455333333787,0.7831586813426492,0.8081630968993327,4
1766225352336254901,10.616930260253898,1.8262643030371872,0.782643253716386,0.8081625045498407,4
1766225352357355864,10.757909529631405,1.8024835735841032,0.7829144537858611,0.8081879602687996,4
1766225352437470989,10.863047717848406,1.8677076436556996,0.7825787401475982,0.8080094663640268,4
1766225352536993742,10.697588421660132,1.8225142098150962,0.782677005256187,0.8081084137844731,4
1766225352637375040,10.865406277268953,1.8164844019758228,0.7829210419743718,0.8081622850676141,4
1766225352682363969,10.776466369320726,1.718933291861237,0.783162653615173,0.8081977481293791,4
1766225352735679301,10.958432281846896,1.786090311207317,0.7830674310005773,0.8081296183285224,4
1766225352757377778,10.539817523542162,1.8339541826435346,0.7825284276462476,0.8082052541032826,4
1766225352782364791,10.650188779325998,1.7184320495334218,0.7830302142389166,0.8081928823430158,4
1766225352835905276,10.673259823765324,1.7876808067188033,0.7827470423481208,0.8081104857032669,4
1766225352857362560,10.7063640220868,1.7859200033381069,0.7829338936449777,0.8081600743417541,4
1766225352882359331,10.853750269688046,1.7741363287007985,0.7830189225609611,0.8081426147041678,4
1766225352957363953,10.939028125280137,1.8566555205808932,0.7828143741399327,0.8081368773183153,4
1766225352982672831,10.90970834064553,1.8412599234753484,0.7828143741399327,0.8081674125322734,4
1766225353037732264,10.846823738729249,1.8409018906450045,0.7828048284065582,0.8081477661776812,4
1766225353057365426,10.71914123544615,1.79483805153386,0.7828837838388549,0.8082131650290743,4
1766225353084071193,10.67131627675655,1.8135788953023684,0.7826669042269344,0.8082005502423222,4
1766225353182360665,10.674735295920335,1.7740514155624405,0.7828937741661958,0.8081790919963543,4
1766225353282501660,10.643230584804208,1.7726546596964228,0.7828769343901235,0.8081831825822674,4
1766225353357384362,10.98640084615743,1.780086345374583,0.783159423114103,0.8081686175639241,4
1766225353382374351,10.587109324151633,1.7873539368353268,0.7827700166585775,0.8081530227864283,4
1766225353457362040,10.713665571115193,1.8181899800949068,0.7827702409581203,0.8081014228359429,4
1766225353557382288,10.821152011329826,1.8103733826381645,0.7828859442196864,0.8081140400617647,4
1766225353582466625,10.544812143525428,1.7741938535370214,0.7828027331369766,0.8082056085395304,4
1766225353636293769,10.71195401926861,1.8463653380010998,0.7826290317599583,0.8081484933689043,4
1766225353682371235,11.024562524748816,1.7528281204870084,0.7832485479623645,0.8081104684061887,4
1766225353757369464,10.677152605537366,1.8155271683485297,0.7827412653822114,0.8081355474372632,4
1766225353782377026,10.635828945103064,1.7922205642728373,0.7827412653822114,0.8081811868230853,4
1766225353836527168,10.914627659077137,1.8093237953977794,0.7829282504769975,0.8081541788118732,4
1766225353857387589,10.645648485854696,1.8009163748848127,0.7827250388602232,0.8081234606289035,4
1766225353936124571,10.473213015492089,1.78694087595864,0.7826534392215767,0.8081173854130159,4
1766225354036164125,10.72096663145583,1.778676181992553,0.7827992806897702,0.8081208338966731,4
1766225354082860746,10.701531981635926,1.741330614894117,0.7830301211245945,0.8081857552380147,4
1766225354157369134,10.544293398389248,1.8217080447521736,0.7825299016622418,0.8081347697705251,4
1766225354257374033,10.7419348745732,1.7879180023608598,0.7829681443558156,0.8082504836540999,4
1766225354282565871,10.76438418626735,1.7431615733141204,0.7830391128084311,0.8081495904735022,4
1766225354315199538,10.833303968813546,1.7646697369297102,0.7831153106180262,0.8081983763347838,4
1766225354357374824,10.781126611230096,1.7801607574551657,0.78293806841209,0.8081532622743895,4
1766225354382452017,10.622697923768465,1.7985712644013898,0.7828439735628935,0.8081759710318117,4
1766225354457379392,10.775809919463587,1.7901824132836544,0.782914307654048,0.8081605218739423,4
1766225354557387236,10.811036068335444,1.823788354112421,0.78293594900628,0.8082102410477975,4
1766225354586795186,10.806604246375585,1.8714603303373716,0.7827266437560884,0.8081515442672494,4
1766225354617672870,10.677671966739076,1.8122376548872143,0.7828155549226289,0.8081543482958328,4
1766225354657387657,10.698797905564383,1.7710096161531441,0.782848039589659,0.8081216267477828,4
1766225354682807644,10.655056609229607,1.7956392186945827,0.7828474868043048,0.8082162242011078,4
1766225354736713947,10.855497812835457,1.8277137366106264,0.782764285272678,0.8081113426496226,4
1766225354783113730,10.735047435223134,1.798394364605883,0.7829182524503377,0.8081686700055977,4
1766225354957375042,10.8874963547545,1.810857992580755,0.7828928947205528,0.8081182647496479,4
1766225354982516415,10.55694656950612,1.8138162519649992,0.7827151718404561,0.8082181407068164,4
1766225355032387077,10.973508673727594,1.7944566845692598,0.7830135305247479,0.8081083975036925,4
1766225355332351047,10.769864941282403,1.797463634014028,0.7828870827482968,0.8081296107469211,4
1766225355436744240,10.83820361197696,1.8097987019396986,0.7828933859773711,0.8080625807453153,4
1766225355457424000,11.065710357344605,1.8106466187360681,0.7830865184424627,0.8081257276881378,4
1766225355532375752,11.01356408522447,1.7991869346669984,0.7830612925977234,0.8080931126746722,4
1766225355657516242,10.878868325347124,1.8344660301742606,0.7827884330061434,0.8080969051219585,4
1766225355682736734,10.905655728902563,1.7406997947244744,0.7832615450157387,0.8081951301270208,4
1766225355732349961,11.00620984911016,1.7672380070650955,0.7831621586434273,0.8081257964189125,4
1766225355757370517,10.6544141876459,1.7666459531784515,0.7828796890270567,0.8081400615238988,4
1766225355782386104,10.674228547995268,1.8165490999737541,0.7828164689764935,0.8081727844714603,4
1766225355857386847,10.719542441828377,1.8169470584054475,0.7827192780604604,0.8081521136111037,4
1766225355882618600,10.719542441828377,1.8169470584054475,0.7827192780604604,0.8081521136111037,4
1766225355982392274,10.86862048010373,1.8220167049524303,0.7827893688769164,0.8080974187514587,4
1766225356057383519,10.682190809337966,1.7644314286159462,0.7829172792834713,0.8081779255949203,4
1766225356082460732,10.708916562052973,1.7552884468414438,0.7829172792834713,0.8081417392825543,4
1766225356132383681,10.71200624382862,1.8416853555995834,0.7827234591804847,0.8081400407226309,4
1766225356183153173,10.553856751612688,1.7565964012571462,0.7828235974780382,0.8081446880609641,4
1766225356232395662,10.748134480724424,1.8517631119946807,0.7825827013092658,0.8080710516357761,4
1766225356258582783,10.666289985475697,1.8471771993637491,0.7825827013092658,0.8081659027243993,4
1766225356315108993,10.765939346788489,1.792725629537168,0.7828410218413193,0.8081095493692544,4
1766225356332393247,10.715177599203818,1.8190147866502944,0.7826738768714185,0.808127523065355,4
1766225356357437657,10.830410037933614,1.7469395140397104,0.7831422122302771,0.8081566294488057,4
1766225356382479193,10.51449274565497,1.7702483484790563,0.7827323023034063,0.808203061965763,4
1766225356432511979,10.753862566357132,1.785276628758302,0.7828257188279861,0.8080970390096242,4
1766225356457525661,10.771026025637397,1.762500096338312,0.7830355682544222,0.8081170691781334,4
1766225356582393499,10.583662801978422,1.7414237378782498,0.7831111347065984,0.8082608037798521,4
1766225356657386377,10.921085009485076,1.8108099186147848,0.7830121279747083,0.8080985381629695,4
1766225356682428804,10.855675443127932,1.811076706211951,0.7828699570168747,0.8081952427088989,4
1766225356732388252,10.949586226500996,1.814233598963424,0.7829439601561748,0.8080865479234722,4
1766225356757481995,10.654296832961485,1.7970638300930453,0.7828520683229703,0.8082333114424962,4
1766225356832389693,10.579843385854604,1.8207793021900296,0.7826822043092381,0.8082212262423423,4
1766225356857420168,10.686682286976556,1.7915869167516483,0.7827924862458114,0.8081699554815268,4
1766225356882649356,10.75031717753605,1.8431779984757453,0.7827047541841298,0.8082118491738014,4
1766225357132391352,11.053541110470078,1.8498959549378957,0.78302206914428,0.8080942037000974,4
1766225357182747747,10.643021263226915,1.8206099748817821,0.7825910347714358,0.8081611767902933,4
1766225357283859165,10.7884276220217,1.7720239028043914,0.7830192786929068,0.8081386703350303,4
1766225357357429667,10.888851947419397,1.791501040693606,0.782982743161315,0.8081139010780085,4
1766225357457410229,10.694896099331054,1.7965710398781236,0.7827720157580984,0.808145971533821,4
1766225357582881220,10.839076528643353,1.725931380751579,0.7831553049267659,0.8081335490629645,4
1766225357632612940,10.733572654565759,1.8570382376947945,0.7826343474266251,0.8081239109769599,4
1766225357683508769,10.709497046640926,1.8006108722686032,0.7827587603809092,0.8082111346053015,4
1766225357732401009,10.796784161960836,1.7589454558663642,0.7829636850211322,0.8080695983542423,4
1766225357757643302,10.77070850520634,1.7932235376944086,0.7829928404726307,0.8082141961625805,4
1766225357782813489,10.672186634619884,1.7857321379914706,0.7827884254733631,0.8081550524749171,4
1766225357832439790,11.048656745778928,1.7885698375217731,0.7830577832694022,0.8081134245907148,4
1766225357857398279,10.889838356209825,1.791442383214297,0.783079993017079,0.8081551637798081,4
1766225357932401066,10.805715373398472,1.7743912903024714,0.783084522335382,0.8082569247546979,4
1766225357957427022,10.559328327860108,1.7632142417163037,0.7829009979291994,0.8082159978613239,4
1766225357983199151,10.936559562858994,1.7841812189698951,0.7830871357870445,0.808189620832505,4
1766225358032385685,10.605349782234153,1.8151904211273728,0.7826893727409577,0.8081539357758482,4
1766225358082517667,10.798136850751927,1.7678390241940054,0.7830303017353822,0.8081854466482254,4
1766225358132405901,10.865441926753206,1.8179919628399404,0.7828362578501674,0.8080807160198509,4
1766225358157400157,10.611237318640665,1.8262671435125448,0.7826463818007476,0.8081421969767429,4
1766225358182639304,10.534446419602661,1.7893549450389439,0.7826463818007476,0.8082199845694398,4
1766225358257396758,10.858902066728904,1.7497618504072627,0.7832002192940044,0.8081476007394993,4
1766225358332394465,10.952805356386097,1.851551860237858,0.7828095044772629,0.808087257993372,4
1766225358382441287,10.814817713953872,1.823231402500134,0.7827830694136901,0.8081582981213655,4
1766225358457557156,10.858236004472666,1.7443302283964512,0.7831508876307827,0.8081589856150226,4
1766225358482928852,10.7788278713411,1.8028002474968543,0.7828423831005651,0.8081874203429816,4
1766225358532402696,10.672141214241648,1.8424537085567771,0.7825844424664185,0.8081438263060152,4
1766225358557414004,10.71896522928839,1.7654560582745364,0.7830924705640069,0.808248280342779,4
1766225358632390441,10.634359954450057,1.8000074923172424,0.7826753219661292,0.8080638581817244,4
1766225358657449499,10.812587525417916,1.7422299126948861,0.7830812234038614,0.8081301562056328,4
1766225358682880646,10.814794451784238,1.7613782270524645,0.7830501023866842,0.8081959569229662,4
1766225358783010899,11.245724658715206,1.7703226852470013,0.7834338432130682,0.8081737165463858,4
1766225358857414648,10.729042871884364,1.7832271680503817,0.782943530971152,0.8082148285802698,4
1766225358882652382,10.873852489174052,1.840212136393356,0.7828536478298946,0.8081636680833058,4
1766225358932430890,10.772218091199882,1.8469357761348784,0.7826748883727845,0.808085471771165,4
1766225358957465802,10.79446904915038,1.8158670428756811,0.7827639574218537,0.808105879471806,4
1766225358982985216,10.702303935907654,1.8975082232504807,0.7825099890927706,0.8081841840888873,4
1766225359132415175,10.995981906506081,1.7517216834831602,0.783147264619555,0.8080729252400182,4
1766225359158245254,10.776238312119268,1.784453450757195,0.7829731199825473,0.8081549296553694,4
1766225359183011912,10.784193488377781,1.8158037598706824,0.7827581850997725,0.8081277110058462,4
1766225359232403621,10.927062786018071,1.8334604165259762,0.7828795266325972,0.808123487985883,4
1766225359257499228,10.653452183415402,1.7945971484538374,0.7828152022981482,0.8081419315309653,4
1766225359283190124,10.559915778082573,1.8311131625361574,0.7825706681679271,0.8081446044314224,4
1766225359332418516,10.791668205156647,1.8332946318273489,0.7826874384810067,0.8080649003506784,4
1766225359358868130,10.761605400889774,1.7986828312639962,0.7828419246122582,0.8080874638737683,4
1766225359382863377,10.731813594244134,1.8005949373162937,0.7827730650921075,0.8081167655006743,4
1766225359432401521,10.669377150776649,1.8154677748300576,0.7826414081681334,0.8081404285552215,4
1766225359457472392,10.597771201202866,1.808134974396923,0.782700294983431,0.8081958846565062,4
1766225359483854077,10.773484649931998,1.8299478576819252,0.7827284815954008,0.8081681600056658,4
1766225359532414403,10.599742269171486,1.820351613506655,0.782581272884091,0.808122270517052,4
1766225359557467349,10.905664200161592,1.7340767879118304,0.7833783642109001,0.808238581411908,4
1766225359582937841,10.975857993772543,1.829872956940995,0.7830618009842261,0.8082139649291188,4
1766225359732477165,10.881852466789299,1.782700499356834,0.7830605997304615,0.8081231485606161,4
1766225359757442697,10.547765454547386,1.7668930474461881,0.7828069494251704,0.8081691051905351,4
1766225359787086409,10.58477572348082,1.7891709116454868,0.7827093749410805,0.8081437281993129,4
1766225359832474698,10.960117113338995,1.825605485446626,0.7829550423477892,0.808154192495548,4
1766225359857409712,11.019069817592264,1.7591410736429756,0.783220434044415,0.8081251935546302,4
1766225359882592293,10.901143450189332,1.7999749054137781,0.7829832510629334,0.8081977994801659,4
1766225359932400906,10.705159238076245,1.8314481960943567,0.7825917135650614,0.8081036013670874,4
1766225359957413457,10.819073968358573,1.797610787303786,0.7829631105215905,0.8082096075971182,4
1766225359982802546,10.778080602198647,1.8324028052441481,0.7827442090545311,0.8081693693346869,4
1766225360057418934,10.552507722150217,1.7932776319708887,0.782732426852245,0.8081813987128406,4
1766225360084155979,10.534448804324303,1.8255398658413804,0.7825444191544402,0.8081688969524201,4
1766225360132474529,10.85125439247603,1.8433838883330123,0.7827797027542068,0.808138625381141,4
1766225360157593530,10.531513284904538,1.6969082158648594,0.7832838867252424,0.8084451988176925,4
1766225360182980284,10.600696565757461,1.7714788972001063,0.783091091615805,0.8083585610047456,4
1766225360232404534,10.3730694767461,1.727519284774056,0.7829075032004551,0.8083601592827322,4
1766225360257430069,10.851655046581921,1.7021466556730673,0.7835078860562876,0.8083625626918844,4
1766225360332413708,10.738648804312746,1.7494316182523986,0.7832506054894586,0.8083543381782787,4
1766225360357723047,10.75394351194159,1.6826092734132085,0.7835096030467342,0.8084058949901867,4
1766225360383951214,10.68684309810708,1.7283451901885414,0.7833131305637773,0.8084708906662361,4
1766225360483253318,10.742329377491755,1.7104964643111191,0.7834284446563389,0.8084446530196079,4
1766225360532418992,10.941723841207729,1.6919541571084535,0.7835753697459258,0.8083133201203846,4
1766225360557407206,10.659432941638958,1.7388350485918063,0.7832509596520906,0.8084328958720126,4
1766225360632405894,10.978221688556777,1.7456566272973482,0.7835011910320743,0.8083723608246483,4
1766225360682816249,10.636000886700803,1.7223319943318964,0.7832539178527168,0.8084484337202176,4
1766225360732414337,10.703426040469033,1.774539021704251,0.7831820698121501,0.8084178060936665,4
1766225360784524780,10.724446794518006,1.7020189557464518,0.7833985171608304,0.8084206805848269,4
1766225360857419690,10.663901628894523,1.6918785339241744,0.7834623165884453,0.8083965761784593,4
1766225360883819700,10.615308672789038,1.69292205924319,0.7833697554211758,0.8084706685416884,4
1766225360932417295,10.651650476014352,1.7751755563203635,0.7831711235551658,0.8083694058441676,4
1766225360957425868,10.757406287623228,1.6689980076642554,0.7836662332945044,0.8085080474580278,4
1766225361032420448,10.758122069452813,1.7082498124285754,0.7834120595026591,0.8083719686249209,4
1766225361057421407,10.813551439524115,1.6474019557366772,0.783659296461652,0.8083844073109988,4
1766225361232404872,10.734527018901098,1.7052078747150343,0.7835009718802964,0.8084184531689234,4
1766225361257571722,10.676042323352398,1.6763566500441311,0.7835528890324749,0.80841838251568,4
1766225361384591895,10.675778172097306,1.7534393871069502,0.7832178112636055,0.8084266248049916,4
1766225361457476406,10.695184555688297,1.694204221143862,0.7834836821324628,0.8083803915331951,4
1766225361557440184,10.722807372756549,1.6926802556081284,0.7834914126840673,0.8084640475987209,4
1766225361584536864,10.659292040640644,1.7258441317670827,0.7832008488292725,0.80840182116566,4
1766225361657965859,10.708750426988267,1.6885045135150958,0.7835041652749185,0.8084128593988393,4
1766225361757421982,10.786125594231756,1.7283589712118752,0.7834761734086341,0.8084563415364017,4
1766225361883891429,10.504965154452206,1.7437338102316031,0.7830968416023204,0.8084433075206294,4
1766225361932437267,10.734659301000704,1.7265285399453594,0.783395446287652,0.8084282266005967,4
1766225361989236750,10.48485642082342,1.723914488741727,0.7831254612319476,0.8084371207446984,4
1766225362032415883,10.699534505745678,1.7335500294815263,0.7833277480455236,0.8084112552125287,4
1766225362083963407,10.958688625366197,1.6763878795376779,0.7837913144824419,0.8084141817592994,4
1766225362232411487,10.661250016063107,1.7554886681244644,0.7832229424703475,0.8084465305367123,4
1766225362257426181,10.72088082383904,1.726991581303702,0.7833545955086619,0.808395124945227,4
1766225362283967947,10.703187042322536,1.696004205474385,0.7835055836073823,0.8084487110103417,4
1766225362332445466,10.806358916505388,1.695031375145622,0.783631285718741,0.8084106517396906,4
1766225362357424744,10.88271059292989,1.7063190536885569,0.783492743532476,0.8083787889938822,4
1766225362432411558,10.59151710162931,1.7154274436015948,0.7832017211615337,0.808335185477363,4
1766225362457522834,10.675302139304454,1.6828781181568138,0.7834981019879415,0.8084515076560297,4
1766225362532421353,10.65674446685727,1.747653372338124,0.7832426710326905,0.8083873697155469,4
1766225362557431167,10.74306712637252,1.675532983283105,0.783548669980724,0.8084567410721542,4
1766225362632428161,10.76378001802869,1.8075629645049942,0.7830519060852754,0.8083646439206309,4
1766225362657419682,10.605964247167199,1.7218261810239028,0.7832438540188733,0.8084236779361796,4
1766225362685430542,10.52230812610777,1.766419269294686,0.7830394392185243,0.8084897498131146,4
1766225362757445356,11.068808701378607,1.6561337908064713,0.7839058163992545,0.8083886714336208,4
1766225362784481021,10.955461465970263,1.6928782868282293,0.7837612606270765,0.8085451173829648,4
1766225362884210649,10.992530360213193,1.6439333587456164,0.783956618320298,0.8084676259658412,4
1766225362932431866,10.701075285395989,1.715773751134262,0.7833582890059324,0.8083998503135532,4
1766225362984923796,10.541012176653041,1.6675809232705407,0.7833128714103857,0.8083978302984529,4
1766225363057430806,10.676383236189025,1.683880094061773,0.7834893925484929,0.8084111927019467,4
1766225363132430895,10.681059288751072,1.753652216873819,0.7832855515631627,0.8084586474999695,4
1766225363157438145,10.65114086207586,1.7041145817468684,0.7834777866647848,0.808475520892479,4
1766225363185764388,10.702897661982401,1.7084812959502833,0.783261366293052,0.808390235964761,4
1766225363232433746,10.553981803061774,1.7338794694672914,0.783114794201889,0.8083859206911563,4
1766225363285326550,10.868508707078007,1.7080855029519668,0.7835344045898378,0.8084366739384357,4
1766225363485085107,10.89310795594467,1.7391847914627538,0.78360574059668,0.808479712772753,4
1766225363532434564,10.995476106858359,1.697427294435095,0.7836172700230957,0.8083702866095073,4
1766225363557452263,10.688131956360092,1.6934391411796412,0.7835742857266529,0.8084736082961584,4
1766225363607443620,10.671571399439085,1.727747528110203,0.7832541903628574,0.8084186030988214,4
1766225363632427586,10.69977093034602,1.697610385813518,0.7833837910227474,0.8083897918341121,4
1766225363657444464,10.676024447024757,1.6781812312138547,0.7835333305305223,0.8084878270657208,4
1766225363857579348,10.698278929471282,1.6493815613159601,0.7835435318082861,0.8084254204239332,4
1766225363884768843,10.603377780019517,1.728374266457535,0.7832678001208426,0.8084390305799297,4
1766225363932443362,10.666524801913768,1.7344097347730538,0.7832228724785296,0.8084185791192895,4
1766225364057439185,10.750552777680777,1.6609406765145402,0.783726770244692,0.8085021316384967,4
1766225364086610348,10.793389704933043,1.689515216726482,0.7835772282700276,0.8084506330708996,4
1766225364132425048,10.700569223724532,1.7158897276647163,0.7834537029107698,0.8084499579607317,4
1766225364157436275,10.95865076502356,1.6232339134441789,0.7839592149191185,0.8084070176583262,4
1766225364187411630,10.908923301583995,1.6656729037796265,0.7837769743737176,0.8084209027244561,4
1766225364232426385,10.662260967556293,1.7488271572669836,0.7831256831566562,0.8084052356847491,4
1766225364257435228,10.803215298621716,1.6822394403709502,0.7836019896272264,0.8084692476182168,4
1766225364285171822,10.722983513717367,1.7374682457613888,0.7833154066085801,0.8084663556423556,4
1766225364357430243,10.667533771916094,1.6714670481821614,0.783499536860559,0.808453942260659,4
1766225364385924162,10.646363165422779,1.731554459394349,0.7832525093929252,0.8084619323750404,4
1766225364432424130,11.023418627512992,1.712039721197588,0.7835710058902048,0.808286819290128,4
1766225364457435188,10.890852440318287,1.6573934944068025,0.7837905148856362,0.8084121828439341,4
1766225364485531248,10.88408738098745,1.6969983869990228,0.7836015224267627,0.8084392663716294,4
1766225364585345443,10.758375735080094,1.7320244032052035,0.7833312908231577,0.8084822327529055,4
1766225364632436744,10.9390770095259,1.6995344712901241,0.7836339317594987,0.8083609919042565,4
1766225364657444635,11.098268615601704,1.708950760556328,0.7838470748871236,0.808464320677357,4
1766225364732426960,10.856388775902893,1.7050636562935508,0.783486445242991,0.8084052918448353,4
1766225364757437276,10.631283871726183,1.6839996735459664,0.7834078512607006,0.8084189598995615,4
1766225364785509110,10.547807454475478,1.7498462366848018,0.7832046066562458,0.8084824042640353,4
1766225364857436540,10.715660828283902,1.6605123822877956,0.7836181178637699,0.8084365893588513,4
1766225364885361498,10.686330100277086,1.6948915993829614,0.7833662834396589,0.8084193896494587,4
1766225364932457407,10.672846148153114,1.7318448668320718,0.7832516443088907,0.8083929695756746,4
1766225364957449869,10.75694574081265,1.701601990278885,0.7834878322166857,0.8084079192602681,4
1766225364985847898,10.584612863977604,1.74111400080935,0.7831342509107558,0.8084658432018164,4
1766225365032436233,10.8291459182972,1.7848335988861659,0.7833471910179568,0.8084151060068994,4
1766225365085420999,10.5984546088016,1.750631596831653,0.7831784146724587,0.8084215554423628,4
1766225365157454307,10.773360083980442,1.7049586029068116,0.7835114387121214,0.8084543634712118,4
1766225365185738351,10.67191744592444,1.761563006999539,0.7831658548318611,0.8084171242291065,4
1766225365232440409,10.579052035918245,1.704907745172987,0.7832814435963089,0.8083668336892895,4
1766225365257445936,10.350615925347029,1.701917222835037,0.7832562181844152,0.8085292602699744,4
1766225365332442137,10.487761200709379,1.7338759908510644,0.7830247521670737,0.8084117071617992,4
1766225365385275679,10.588245451907841,1.7658041806441889,0.7830421011658046,0.8083971470280502,4
1766225365432438354,10.892842992145546,1.7016400260065072,0.7836074947209578,0.8084154286675143,4
1766225365457450473,10.619730976585974,1.6288665430861775,0.7835464978377835,0.8084094278887239,4
1766225365485756238,10.596360633694179,1.691456508709072,0.7833656858051221,0.8084914939677192,4
1766225365532452135,10.574690877913074,1.7678215482849682,0.7830729170424429,0.8083893736878004,4
1766225365632447571,10.711181657712787,1.7056824002131261,0.7832903504420301,0.8083297003081797,4
1766225365657471191,10.572651498222285,1.7051731233213474,0.7833446970211364,0.8084899806781936,4
1766225365757444395,10.717644695598993,1.7333326381072947,0.7833952137034053,0.808520229284918,4
1766225365832450976,10.742703788087503,1.7660988416047285,0.78316826392709,0.8084039200387527,4
1766225365857572080,10.837690454796988,1.717764473369135,0.7836096036326684,0.8084794534847732,4
1766225365889051845,10.788208553092371,1.739859571249751,0.7834219258673267,0.8085068617316703,4
1766225365957465654,10.390831282870883,1.6242289759156445,0.7834754073954048,0.8084516088098248,4
1766225365989735515,10.363949613293455,1.678735850553057,0.7832875076037336,0.8085034300815754,4
1766225366057441643,10.618090658562117,1.659758487723299,0.7835544254785517,0.8084377075420064,4
1766225366086130638,10.612148130199618,1.6977396253049404,0.7833979748704701,0.8084693613178429,4
1766225366132443375,10.86163145931951,1.7150028760611749,0.7835475083496091,0.8083705133240634,4
1766225366186618881,10.788717341797538,1.71870919287594,0.7834063313131768,0.8083860349461608,4
1766225366232451684,10.716834503751382,1.6820180724878004,0.7835165088548692,0.8084112358344608,4
1766225366257452802,10.69091377339204,1.6535520436681856,0.7836461593147693,0.80847857265293,4
1766225366332446549,10.806769903512926,1.7483938128568144,0.7833493575824414,0.8083944445678104,4
1766225366386342900,11.004838315239795,1.6924520078931462,0.783770696936822,0.8084348688803662,4
1766225366432434680,10.86598492137336,1.779161008906002,0.7832544887942853,0.8083541525446192,4
1766225366457444434,10.853072874398961,1.6300640958732304,0.7838900327772187,0.8084952521216136,4
1766225366486531659,10.963325377610689,1.6835332319362528,0.7836550980513456,0.808393230692483,4
1766225366532437950,10.539571077904931,1.7487631357235702,0.783155756109148,0.8084564148490813,4
1766225366632439918,10.44453726527772,1.7365153422251136,0.7830631942126036,0.8084158669330148,4
1766225366657445534,10.854569515000744,1.7178536312387964,0.7835647391970628,0.808433932711373,4
1766225366686078885,10.733946447649467,1.7444798958418597,0.7833631658240148,0.8084430172557534,4
1766225366732444631,10.663065176117371,1.7002875363677517,0.7833892489794017,0.8084145167033643,4
1766225366757463592,10.555837722469263,1.6345179315521268,0.7835121589104729,0.8083673870939224,4
1766225366832449283,10.902679725200315,1.6956542082755959,0.783579287718057,0.8083709690948033,4
1766225366857601265,10.812028893072645,1.663773832104523,0.7836912430916663,0.8084126376583327,4
1766225366886221912,10.852870471095066,1.7202907215149192,0.783476766714097,0.8083576288568506,4
1766225366957456306,10.898517996800416,1.6962661053357508,0.7836597638067382,0.8084782187986136,4
1766225367032441957,10.878852271638205,1.7123879054283215,0.7835087291918388,0.80834072626213,4
1766225367086431263,10.891313079187448,1.6914219225725051,0.783707552558274,0.8084235018474525,4
1766225367132445418,10.681104639160054,1.6744599086920395,0.7834895710956169,0.8083822122141208,4
1766225367157489897,10.626241419723126,1.6644539973636125,0.7834630399055954,0.8083927090688549,4
1766225367186357889,10.509376348758481,1.6981534751342497,0.7832327169521799,0.8084516189049732,4
1766225367288868224,10.652388301045645,1.6767798456946166,0.7835304174355758,0.8084195053504821,4
1766225367332439904,10.700262476625477,1.775449219514834,0.7831855578759949,0.8083850517943822,4
1766225367357458746,10.773136420280217,1.667633306411318,0.783675491532402,0.8084282889149192,4
1766225367387213586,10.772906401459338,1.7131414017175441,0.7834902827442578,0.8084292426464238,4
1766225367457477444,10.868987150823294,1.670906224988252,0.7836193023435178,0.8084184288970063,4
1766225367532450050,10.596927451539507,1.708558576592587,0.7832600103232327,0.8083652286283973,4
1766225367557449565,10.81228756786945,1.6953239628709733,0.7835922549811812,0.8084567881571336,4
1766225367657468054,10.65437624917076,1.660710384222321,0.7835736633830597,0.8084649822581097,4
1766225367732451079,10.951482382148159,1.7231088106621608,0.7834511669822745,0.8083634633127651,4
1766225367786783771,10.737395598573007,1.6977884848928568,0.7834331363356769,0.8085005584767705,4
1766225367832456483,10.634971613179612,1.677493879219522,0.7834435251941397,0.8084137073540273,4
1766225367932450856,10.786425646152287,1.7311892396544202,0.7834246921316983,0.8083971660341698,4
1766225368057481633,10.727800511025954,1.6840904767916611,0.7833950128181301,0.8084307963684653,4
1766225368086647946,10.825034713958681,1.7291564072215637,0.7832819714138148,0.8083509102869137,4
1766225368132450933,10.712255877275535,1.741043283358542,0.7832361879106469,0.8083728212428661,4
1766225368187881820,10.62721590366056,1.731084499944905,0.7833111026751401,0.808422805774477,4
1766225368257472312,11.042364998173904,1.6686324542894555,0.7839417493960391,0.8084338144699215,4
1766225368287148423,11.063977513344202,1.6957313462113557,0.783780553826953,0.8084381802829697,4
1766225368357460513,10.751097344046222,1.6606597740072195,0.783554655602881,0.8084059571590517,4
1766225368387562876,10.77576192154317,1.717506978232845,0.7834750555198953,0.8084475636748171,4
1766225368432451272,10.700565563500186,1.7138918058074537,0.7832551608866984,0.808379787085581,4
1766225368457463681,10.705214708613408,1.6869677647795893,0.7834605650062852,0.8084315236041337,4
1766225368487439337,10.72834320941418,1.7252344764270546,0.7833733335372615,0.8084744573015212,4
1766225368586835935,11.022560370481326,1.6620711876128316,0.7839482463995071,0.8084342941224135,4
1766225368657476812,10.91967657754289,1.6949768774862395,0.7837048336755607,0.8084209649636332,4
1766225368786913557,10.535630379815197,1.7884019121972767,0.7826545306208753,0.8081614671791707,4
1766225368832458889,11.012872464004953,1.8594931264423473,0.7828607359462728,0.8081024651117734,4
1766225368886739723,10.777509934505325,1.7987993307927626,0.782918824267748,0.8081484745587997,4
1766225368932464743,10.501718918293324,1.8038770854122466,0.7826339816305936,0.8081597827547374,4
1766225368957464478,10.949819879982448,1.7684798009720426,0.7831598487584651,0.8081031799328989,4
1766225368991949846,10.863858367746616,1.8233077412026732,0.7828294902290266,0.8080454073760616,4
1766225369033865711,10.58561964471394,1.7431020285208754,0.7829028339442694,0.8081373918228169,4
1766225369057477035,11.070745734043097,1.7589281679658444,0.7831875159559777,0.8081329534215322,4
1766225369087581652,11.034492582741917,1.7666608135533157,0.7831875159559777,0.8081697547035673,4
1766225369132492140,10.654245784591065,1.7326631899370277,0.7830560378977469,0.8081591950112507,4
1766225369157764628,10.702103361359573,1.7492940736831122,0.7829820290271782,0.8081791127693062,4
1766225369187768466,10.665920448881593,1.7998701219583102,0.7828432963802147,0.8082176417086379,4
1766225369232462377,10.93381042357544,1.8196986915626086,0.7829784953047545,0.8080831629724506,4
1766225369258868908,10.862410297164281,1.7651255533008379,0.7829678112699766,0.8081202822327731,4
1766225369288085175,10.842531681894974,1.837880285109608,0.7828119564869006,0.8081332641407981,4
1766225369322984772,10.808788115925893,1.759335993895424,0.7831369946457198,0.8082142684179365,4
1766225369357480289,10.737105680974635,1.815964300629445,0.782730712323327,0.8081419805019501,4
1766225369387410168,10.745422455020858,1.8275498863089898,0.782730712323327,0.808137735139017,4
1766225369432472801,10.768776236428245,1.7836311321500864,0.7828494774596066,0.8081136283110415,4
1766225369457532550,10.783533921324917,1.8195534191992808,0.782904690696838,0.8082016070405771,4
1766225369486818778,10.956211619908895,1.8027335836995733,0.7828568378279608,0.8080589784490079,4
1766225369532506277,10.934467496899082,1.7632119642593072,0.7831303875734561,0.808120679653316,4
1766225369588978913,10.86889276431724,1.7948075885996386,0.7829699955456355,0.8081475369381882,4
1766225369632836831,10.976736166424583,1.721253209507924,0.7832884774567,0.8081271876082335,4
1766225369657479675,10.752852181528327,1.7460766520951716,0.7830110919641995,0.8081623023880641,4
1766225369688227272,10.651918731583777,1.7976349448171658,0.782749849790805,0.8081787511210378,4
1766225369732472448,10.892991661996865,1.8312049273116662,0.7828385986748623,0.8081247499439269,4
1766225369757502020,10.940226322236125,1.7800453599642045,0.7831421462058986,0.808122477134741,4
1766225369788329828,10.906704648577016,1.7887074701036516,0.7830095188644273,0.8081502484004988,4
1766225369832481037,10.696040168420073,1.7826116468639115,0.7828218007802362,0.8081125174174019,4
1766225369887883761,10.729949118727934,1.7419056896818612,0.7829971455268331,0.8081483505529095,4
1766225369988083589,10.830094048437267,1.8010870214865704,0.7828347659079358,0.8081640328047627,4
1766225370032474169,10.730549066729655,1.7917701558505215,0.7827763186980835,0.8080638971690686,4
1766225370057473674,10.956929713610286,1.7240565882045924,0.7833591019688323,0.8082167593102303,4
1766225370087910547,10.958887649053395,1.7855884833558708,0.783116264318793,0.8081159691404801,4
1766225370132461758,10.894558408465427,1.8317741527093494,0.7828479778085757,0.8081477955082369,4
1766225370157468887,10.833067250436867,1.7646454035307009,0.7830346037473432,0.8081188710240456,4
1766225370188116316,10.752383003156286,1.789874247284657,0.7828456485994205,0.8081460538085344,4
1766225370232477189,10.678293245628412,1.801423534946151,0.7828000626621632,0.8081566078573864,4
1766225370257477806,10.49957757684905,1.7960608196589063,0.7826554484162774,0.8081590968614817,4
1766225370287956267,10.513809945123409,1.8303105778362714,0.7825401531365815,0.8081999681710504,4
1766225370332477733,10.75428207063267,1.7862709496573268,0.7828711334422345,0.808139597586357,4
1766225370357488218,10.821263023791383,1.7668765395924564,0.7829645558520829,0.8081542013593588,4
1766225370389297502,10.749948791427432,1.8466588924653202,0.782726994915938,0.8081706351838835,4
1766225370432481502,10.447382935877659,1.7990484912632085,0.7825266387347896,0.8081076692217316,4
1766225370458118776,10.669021278385316,1.7848610011502952,0.7828307532879674,0.8081958645848633,4
1766225370488018438,10.681451105447826,1.8241423219349988,0.7826324135110835,0.8081371046026371,4
1766225370532480452,10.819771463493776,1.7654606555934973,0.7830238828389641,0.8081157414026032,4
1766225370588822823,10.677285177223549,1.786127569290108,0.7829357721635303,0.8082241296305196,4
1766225370632478971,10.937895017571474,1.788024119462718,0.7830940669582805,0.8081388749026596,4
1766225370657469008,10.793254793431739,1.7600738012284207,0.7830505609590271,0.8081962966026414,4
1766225370732485295,10.727552271475037,1.824875653709799,0.7826622051881722,0.8081487016889722,4
1766225370757925569,10.890082618903229,1.7679560679016981,0.7831109539370983,0.8081503884224137,4
1766225370932480801,10.8409959512481,1.7727728144457084,0.7831116801203533,0.8081276541482599,4
1766225370957519269,10.692538683876208,1.7424266243941504,0.7831406068224794,0.8082276079393041,4
1766225370988347687,10.719854683711283,1.7688334056547852,0.7829596951131559,0.8081754474053112,4
1766225371057468806,10.73390287121101,1.818636645346528,0.7827677826988197,0.8081608833204265,4
1766225371087697677,10.609647164834257,1.8582953914553302,0.7826146001772615,0.808284229928482,4
1766225371132663949,10.675134448217328,1.7720035818424609,0.7827748750797393,0.8081567778999128,4
1766225371157552144,11.014938233234073,1.7888170946349058,0.7831177310566299,0.8081583634647241,4
1766225371182491886,11.05227280279597,1.819905374880196,0.7829331224964627,0.8080601612463583,4
1766225371288013845,10.942951058209527,1.8151154171002415,0.7828965613326644,0.8081364956069805,4
1766225371332470378,10.821463227500661,1.8585152955655468,0.782697015583448,0.8081320110665653,4
1766225371357486163,10.52604094748444,1.6259006009439037,0.7834955371678096,0.8084390406528107,4
1766225371432479838,10.747111334318049,1.6701552620827822,0.7835564589073448,0.8083921113161991,4
1766225371457478270,10.549906846622491,1.6778562009855322,0.7832825998582005,0.8083931693030347,4
1766225371532482023,10.727728060361596,1.6875968555849301,0.783502759855705,0.8083978351381146,4
1766225371557479755,10.683212822806375,1.7168562835275105,0.7833746528025689,0.8084223241122297,4
1766225371589576730,10.749324505870295,1.7295350678168455,0.7833036829028814,0.808453008001531,4
1766225371632474341,10.659500457558924,1.723651138983534,0.7832382242822061,0.8083201760125208,4
1766225371657524691,10.830485756604613,1.654521514839874,0.7836971994476422,0.8084396188835012,4
1766225371689270205,10.826954289464785,1.715247467320344,0.7835127467026167,0.8084334519245309,4
1766225371732474072,10.785368770056536,1.7502032600534947,0.7832804695594291,0.8083773985094531,4
1766225371757471282,10.805869093635124,1.6910643099675737,0.7835794683679463,0.8084324452419629,4
1766225371788779643,10.825281665437391,1.7455175075795926,0.7834490042354151,0.8084455125460012,4
1766225371832481067,10.882712496973145,1.669503827043038,0.7836770616536779,0.8084443667655444,4
1766225371891788104,10.918861639542254,1.7350688430241656,0.783475412486543,0.8083841612428205,4
1766225371932519801,10.788247557777408,1.677083798956641,0.7836536157251273,0.8084499679290809,4
1766225371957477306,10.72782224954727,1.6515590481446043,0.7836567465243774,0.8084338402138213,4
1766225371988842405,10.779378889057556,1.6538446875673949,0.7835952388881087,0.8083923069137559,4
1766225372032486861,10.942401147082448,1.699800674888225,0.7837103289888031,0.8083942893204559,4
1766225372057588658,10.787924216807298,1.6755650133793925,0.783675345695471,0.8084606063312822,4
1766225372089046420,10.831996423649958,1.721468180544384,0.7833949813626219,0.8084127983920036,4
1766225372132620363,10.690843699852849,1.6304398406920588,0.7836683252635952,0.808448780544352,4
1766225372157523046,10.70399690937096,1.6498734823352943,0.7836953641236429,0.8084793369089053,4
1766225372232483126,10.809648456236332,1.7490501836869334,0.7833005323556648,0.808413281044093,4
1766225372257483953,10.708737989258754,1.6385855792230988,0.7836684904437587,0.808434783669959,4
1766225372332479461,10.818743038336077,1.7530029785949295,0.7832292462624681,0.8083666080238343,4
1766225372357518760,10.962832614925478,1.7042644624287946,0.7837075876726648,0.808408227514933,4
1766225372389707938,10.977206753755354,1.7339572080728938,0.7836139942019382,0.8084175718604142,4
1766225372432483079,10.900758003519417,1.715972627794242,0.7835126817199244,0.8083522550822937,4
1766225372457501579,10.601407285968921,1.677085908113921,0.7834425776956482,0.80847069794236,4
1766225372488927802,10.561455449103029,1.724929950974285,0.783251765584041,0.8084979799541578,4
1766225372557494166,10.730249555956807,1.6694648434672736,0.7835855982016061,0.8084854902010888,4
1766225372589266891,10.732000493153148,1.7162838244538139,0.7833511969447563,0.8083977970246555,4
1766225372632491366,10.905284152100236,1.7034323867408216,0.7834754683708938,0.8082838686149058,4
1766225372657528381,10.66053562551328,1.6861792619826341,0.7834731284313375,0.8084593161574184,4
1766225372688420660,10.652149585525184,1.725314797327355,0.7833054256277953,0.8084797447361969,4
1766225372732490416,10.549956340226597,1.78283747904262,0.7829570156364055,0.8084193699162037,4
1766225372857484912,10.694325116703652,1.6963136462234443,0.78345281651689,0.8083689770317879,4
1766225372888355129,10.686684385921685,1.7352782256141233,0.7833026074935393,0.8084351359701574,4
1766225372957494501,10.623059710093363,1.6752271698519092,0.7834082993102058,0.8083842660364842,4
1766225372989120901,10.625653058401019,1.7219983951281688,0.7833575139510007,0.8084566078468569,4
1766225373032481132,10.73777665572717,1.7170383335310848,0.7833598795036664,0.8083993999917791,4
1766225373057511244,10.663538593248866,1.7242366273432084,0.7833598795036664,0.8084803268166825,4
1766225373082498695,10.620293637240486,1.7057192584461325,0.7833307073335942,0.8084503194991848,4
1766225373132475021,10.754326209089559,1.7676688174852941,0.7832144660993982,0.8084370762735598,4
1766225373157567811,10.745958163955184,1.7709212900396374,0.7829803585864719,0.8081652466979935,4
1766225373189484667,10.763212121106536,1.7957475827565175,0.7828289762075958,0.8081336538687449,4
1766225373232477447,10.829162102594548,1.799879332242195,0.7829609258024852,0.8081260045868155,4
1766225373257483954,10.919733114194363,1.784380826957331,0.7830928222733899,0.8081582208060788,4
1766225373282492796,10.907581472964335,1.8359498933264335,0.7828630102945081,0.8081372195822598,4
1766225373332495251,10.863022106036402,1.785240032959478,0.7829742461175656,0.8081337606558391,4
1766225373357497881,10.89662957996862,1.7386676384000883,0.7831243669677082,0.808138327636931,4
1766225373457496148,10.491023092361385,1.8179103288478786,0.7824935993838595,0.8081256021634962,4
1766225373482478631,10.586441627781662,1.8517307096961504,0.7824352663514701,0.8080836782595452,4
1766225373532501905,10.614559972649262,1.827585371823777,0.7825602608576111,0.8081050054383021,4
1766225373732490264,10.888451093715501,1.7533612793692115,0.7831646535750378,0.8081473600265516,4
1766225373757536116,10.828314019551089,1.747851910461498,0.7831165026782607,0.8081693195383082,4
1766225373832488902,10.850715399237764,1.785702160191932,0.7828796188340594,0.8080324323441506,4
1766225373888825802,10.82354744142988,1.7772919954213628,0.7830723770640471,0.8081680012709503,4
1766225373932492259,11.077314898936041,1.8058262576682609,0.7831855480019903,0.8081874890639311,4
1766225374082477262,10.32549085243084,1.8187419551857067,0.7823842592675071,0.8081414026222598,4
1766225374132482783,10.770127195414148,1.8654152046083923,0.78260270114678,0.808121121001093,4
1766225374189559875,10.94741249020148,1.7909625894886139,0.7830797545359603,0.8081741689953464,4
1766225374232484907,10.646972333711924,1.7578833046242173,0.782790515359567,0.8081270805734333,4
1766225374289557120,10.727024214653436,1.7712511894815552,0.7829583672107285,0.8082073085990873,4
1766225374357485634,10.674092737233742,1.7924342186043085,0.7828085640803577,0.8081417773185338,4
1766225374382487382,10.720179561383603,1.8380905249597446,0.7826672566280447,0.8080867281017466,4
1766225374432479577,11.082487865599177,1.80384878124864,0.7831282782291406,0.8081087625177742,4
1766225374457747597,10.993624844529815,1.792738007787873,0.7831282782291406,0.8082062347406308,4
1766225374489276472,10.80720198470475,1.8134531515292072,0.782894146078457,0.8081766038322585,4
1766225374557493268,11.150905161891767,1.7669460033189297,0.7833310650924717,0.8081177157110475,4
1766225374582484256,11.143455275163694,1.8077052384770658,0.7830846459842007,0.8080718505057162,4
1766225374682483806,10.788031383124231,1.8335328737011012,0.7826773354916676,0.8080833741221845,4
1766225374832493104,10.333838056705623,1.7788592336285194,0.7824402464584567,0.8080810112842826,4
1766225374859323852,10.289107147366195,1.7850753145647926,0.7824402464584567,0.8081276292975185,4
1766225374932486111,10.59895883461126,1.7862150109565247,0.7828006790354867,0.8081645211679064,4
1766225374957680682,10.710576450182474,1.814842762674815,0.7827357393541562,0.8081390908138087,4
1766225374982490619,10.760172646514853,1.7809743604351123,0.7829358250573897,0.8081390908138087,4
1766225375032490800,10.971239262342557,1.8370948750837652,0.782856665600333,0.8080814300246352,4
1766225375058823281,10.859520414918332,1.8210227875103446,0.782856665600333,0.8082002334320192,4
1766225375082490670,10.664791848835286,1.8084722004340485,0.7827218249554747,0.8081345868852055,4
1766225375132503003,10.729508047252923,1.783678050230951,0.7828012324206294,0.8080958561521187,4
1766225375257493199,10.590714932232515,1.7611107094773562,0.7827489023953055,0.8081815027042044,4
1766225375282486171,10.59870106704186,1.8115086035818413,0.7825784666263453,0.8081176918511396,4
1766225375332486131,10.841187160990362,1.8318145413836944,0.7828005874515495,0.8081007979658602,4
1766225375357492878,10.809646392268558,1.810683265968723,0.782852573661824,0.8081451212994409,4
1766225375532506759,10.85516884916482,1.7710269083921415,0.7829412803609047,0.8081472591858673,4
1766225375582493985,10.910718536629949,1.8196785941171245,0.7829313783879229,0.8080976426503633,4
1766225375632499806,10.651794406561166,1.8204547487956515,0.7827162851054934,0.8081468757609774,4
1766225375657567708,10.710110882235613,1.7961295958691939,0.7827794400677154,0.80814428671994,4
1766225375732488204,10.585728998451227,1.8093564932237332,0.7826791557479449,0.8081290359118404,4
1766225375757530348,10.579489973084666,1.8154304131580994,0.7826791557479449,0.8081377796351895,4
1766225375782510415,10.677047687458142,1.8258879110505544,0.78267320789988,0.8081164110475656,4
1766225375832502781,10.827476129501413,1.8560076467063307,0.7827636308508931,0.8081187887953188,4
1766225375857513526,10.7798395786719,1.8064455374669524,0.7827636308508931,0.8081639074349145,4
1766225375882492051,10.777860511765214,1.8192652174907713,0.7827088465357398,0.808101656914569,4
1766225375932490307,10.733381858892388,1.7900112606508942,0.782857932488701,0.8080556750804379,4
1766225375957761693,10.781195113308883,1.7746480556608646,0.7827746300678399,0.8081013245979684,4
1766225375982489486,10.82784816450122,1.7459742664775924,0.7829360157506621,0.8080529827768334,4
1766225376032498903,10.76590698038915,1.8376867903864722,0.7825949037547905,0.8080639849141835,4
1766225376058138030,10.920999554929312,1.7483887209441162,0.7831740849099759,0.8081701576163686,4
1766225376082505425,10.903167856438746,1.7745400741828563,0.7830600280094223,0.808166374211647,4
1766225376132514081,10.47650844214376,1.7573803003647546,0.7827959161790226,0.8081989525707929,4
1766225376232523458,10.808788639129041,1.7713386295064546,0.7830351620567367,0.8081671147891522,4
1766225376257910231,10.852743766447848,1.7208721354317582,0.7832316378335548,0.8081284757407226,4
1766225376282492500,10.844331165567379,1.7710602131627418,0.7830483929729807,0.808109299968551,4
1766225376432495815,10.711851553546703,1.8474919513496306,0.782692570170841,0.8081373599526122,4
1766225376458339947,10.712187709404631,1.8125062285068672,0.782692570170841,0.8081356030796548,4
1766225376557549069,11.012730671238868,1.8097371122279238,0.7831670125344748,0.8081488300371411,4
1766225376582495934,11.102677660024153,1.8517222695248075,0.7829913241435779,0.8080811321984882,4
1766225376632499661,10.518908680347106,1.7757425455673483,0.7826078693841171,0.8081380408556331,4
1766225376657612688,10.51830342533333,1.8030833777448068,0.7826078693841171,0.8081461249174061,4
1766225376732494751,10.882312970341811,1.7817522806796389,0.7830387090252996,0.8081381559937197,4
1766225376757574456,10.800810086272538,1.7612640018870642,0.7831206781948612,0.8082078311250263,4
1766225376782506713,10.8882962201724,1.774114627521128,0.7830708124367198,0.8081506693740779,4
1766225376832512954,10.902497101511589,1.784707775492725,0.7830318306336123,0.8081429610979678,4
1766225376882507444,10.758337119221363,1.7433413849629746,0.7829912651905946,0.8081227525909225,4
1766225376932521420,10.64881738825607,1.7795950518927108,0.7828168331070543,0.8081095697049363,4
1766225377082512071,10.790086928508913,1.7752629274261365,0.7829922749706214,0.8081623317597414,4
1766225377132510618,10.61689527697174,1.8127641476402674,0.782657690370831,0.8081912513023197,4
1766225377157522485,10.855685375771195,1.8432560940565266,0.7827425253948164,0.8081441431189671,4
1766225377182523391,10.754845314940088,1.840531732455799,0.7826204415112861,0.8080470851775249,4
1766225377282511758,11.043078997374112,1.825890172767566,0.7829660999118483,0.8080358315870965,4
1766225377357531580,11.024924046706076,1.799144471175592,0.7830696125246588,0.8081632500410854,4
1766225377383045251,11.050865414094613,1.8651378823422315,0.7828015084017286,0.8080924780554243,4
1766225377432519641,10.681606830694301,1.7702145933735267,0.7829074688195636,0.8081563516790216,4
1766225377532523648,10.717407184196892,1.7432848895257607,0.7830850484845672,0.8081832299644105,4
1766225377557588494,10.725117700414732,1.7407441968986588,0.7830313881366396,0.808169604954681,4
1766225377582508288,10.857136545239676,1.7808386996545453,0.7829644067316349,0.8081138624761594,4
1766225377682510451,10.936695199037283,1.842254985961106,0.7828417772570264,0.8080654122102421,4
1766225377732519858,10.811598355092155,1.8265463772411936,0.7827467581328473,0.8081259558413018,4
1766225377758143756,10.549247598322765,1.747774158041004,0.7828639210680696,0.8081650817877192,4
1766225377782517193,10.493809357650207,1.7724038583122192,0.7826779682956058,0.8080994500924825,4
1766225377832523183,10.806925408976653,1.8290086751120818,0.7826896159317004,0.808082520212223,4
1766225377857869660,10.72654798410333,1.8116712390635359,0.7826896159317004,0.8081677889477409,4
1766225377882503887,10.690669061917069,1.7828369728803153,0.7827713020304558,0.8080944566499509,4
1766225377932527581,10.685991686063101,1.7615010957849966,0.7829493017237629,0.8081140324744576,4
1766225378057631189,10.96109939691081,1.8574053800468944,0.7827607673876061,0.8081178425048795,4
1766225378082504335,10.510647933185012,1.7972808998100316,0.7826165186260954,0.8081252255217796,4
1766225378182515334,10.924061585334988,1.8161317998762831,0.7828849379354069,0.8080839938607629,4
1766225378232522226,10.505391495588935,1.7889241692931483,0.7825692995160288,0.8081552742912762,4
1766225378257970935,10.580796107988345,1.8351525472533963,0.7825742732369425,0.8081851620536588,4
1766225378282508560,10.77121092804456,1.8367127005550754,0.7826930886535358,0.808111604697959,4
1766225378332523207,10.744628316253003,1.8040287558254038,0.7826788952082977,0.8080379955012459,4
1766225378358427472,10.554604194499827,1.7860925350388301,0.7827483337474873,0.8081909246563787,4
1766225378382518307,10.516349656421674,1.81373303131194,0.7825569973178211,0.8081513438704241,4
1766225378482502495,10.919854043139665,1.7750194439799987,0.7830294699664513,0.8080949217058165,4
1766225378558041513,10.857165703767713,1.7507952239956779,0.7831184917515982,0.8081851496890895,4
1766225378582514176,10.91662777303981,1.7920820968403042,0.7829768335285017,0.8081208900622332,4
1766225378632516088,10.640711528261292,1.7827896441547044,0.7827747253934871,0.8081383843873958,4
1766225378659350654,10.723724174971693,1.7563526393619422,0.7828958289159402,0.8080837747235139,4
1766225378682520967,10.709239168317009,1.796954197334653,0.7827255380341464,0.8080659978966662,4
1766225378732523942,10.498325822082876,1.7672924327282928,0.7826106898379661,0.8080676865575229,4
1766225378759721169,10.406405850630907,1.8227567195108725,0.7824967793484171,0.8081876718335997,4
1766225378782510786,10.848186195939746,1.844053302125794,0.7827559302625183,0.8081200028826097,4
1766225378882516575,10.709362787468478,1.78743518227348,0.7828000598173458,0.8081327269393949,4
1766225378932521965,10.744303708185798,1.8041121779788345,0.7828169702223383,0.8081046043878047,4
1766225378982509681,10.758642781385275,1.8528242231280712,0.7826444725839737,0.8081148613290472,4
1766225379082510471,10.816320396124567,1.7808878110346438,0.7829763932366504,0.8080752344457877,4
1766225379132513115,10.766899852672541,1.8069783689297731,0.7827816856944466,0.8081341515580398,4
1766225379158297014,10.714770902216507,1.7907945235967788,0.7828450897797392,0.8081674237987787,4
1766225379232509035,10.60244769755425,1.7582956486451449,0.7828022236701235,0.8080764937911803,4
1766225379258091776,10.567974937311764,1.765238910926525,0.782620061877709,0.8081136667472302,4
1766225379282516438,10.901427532730157,1.7989234103787624,0.7828744983902646,0.8080781569900786,4
1766225379382508110,10.852448397289383,1.8536250711323674,0.7827749884976081,0.8081446812627854,4
1766225379432517116,10.996439654727407,1.7847083629955152,0.7830781434332911,0.8080769386860404,4
1766225379459043792,10.853806849043357,1.806818854931472,0.7829231035368396,0.8081615209813707,4
1766225379482520121,10.825086767468184,1.8334630233839437,0.7827346224141822,0.8081027593288242,4
1766225379532511994,10.588991867148344,1.8025005700986185,0.7826061771515923,0.8081393722036718,4
1766225379558357930,10.466356727569902,1.8585990584637497,0.7823201418000897,0.8081545530341429,4
1766225379582513877,10.417606435348947,1.804453734169857,0.7824922604538713,0.8080993071196523,4
1766225379658519292,10.741880788026958,1.786356642253699,0.7828824153792656,0.8081508268924205,4
1766225379682517191,11.058361892091973,1.7860797363110494,0.7831642684180741,0.8081372822497718,4
1766225379732678984,10.641189125594197,1.749153202240103,0.7829757635631243,0.8081012662340836,4
1766225379782527779,10.723641486371616,1.7606003304305242,0.7829106659454468,0.8080922485664469,4
1766225379832529261,10.774233543931144,1.7886265615711798,0.7828547230783429,0.8081290215090376,4
1766225379882511837,11.016975635610438,1.8447669922058596,0.7828588365695025,0.808091428852649,4
1766225379932518017,10.828526488174006,1.7614501288495794,0.7830264870673903,0.8081548666959134,4
1766225379958429456,10.794625693075211,1.7573069200587306,0.7829972267575501,0.8081699621633724,4
1766225380132528373,10.38776406406594,1.7453394330370886,0.7827319643589384,0.8082227490102163,4
1766225380232522209,10.698860578609803,1.8281387182658093,0.7826836896093585,0.8081524333330456,4
1766225380258678288,10.659800356815241,1.8370540010780998,0.782515930930344,0.8081795824684807,4
1766225380282514874,10.872372634046279,1.7940029802348494,0.782875643002876,0.8081256363216447,4
1766225380332519020,10.788101448200305,1.8093117358543211,0.7827928732222756,0.8081218166176969,4
1766225380432517695,10.783002573309997,1.8055934823778952,0.7828613880142775,0.8081334840737433,4
1766225380458602710,10.718677122699361,1.7841449828810405,0.7828508160319104,0.8081517791224299,4
1766225380482532001,10.743606503764603,1.8206129288213295,0.7826622938756621,0.8080980522028958,4
1766225380532527120,10.477345561460183,1.848662326716981,0.7824553468258059,0.8081409432620779,4
1766225380559445022,10.883699164296768,1.7339156639441395,0.7832853368241726,0.8082026593350012,4
1766225380662011377,10.85805216982305,1.7730135151757784,0.7830792138655226,0.8081849556066847,4
1766225380682530403,10.85805216982305,1.7730135151757784,0.7830792138655226,0.8081849556066847,4
1766225380732676296,10.792012824608065,1.8068309462404677,0.78284198537351,0.8081137265937836,4
1766225380760164180,10.790781233745994,1.7852674822293189,0.7829248610057196,0.808169204538608,4
1766225380782529308,10.789706734443127,1.8297548446213534,0.7827025689877412,0.8081191065680657,4
1766225380832537152,10.744946789853383,1.851101771804437,0.782712163760495,0.8081981530732748,4
1766225380859243816,10.955023835109824,1.7628346385421096,0.783158586332427,0.8081513980574396,4
1766225380882528725,11.022360337248461,1.7968353384480407,0.783062299297192,0.8081080653623315,4
1766225380932537349,11.090712351293774,1.785786683817439,0.7832040406302886,0.8080745294197074,4
1766225380982668365,10.841675628385673,1.8248496159384482,0.7829314863961714,0.8081544148299759,4
1766225381032591719,10.891651982076645,1.754266836431951,0.7830507131177105,0.8080907684737101,4
1766225381082533879,10.935124292919207,1.807519352086681,0.7829364311511705,0.8080761163701669,4
1766225381134450593,10.891948490716953,1.7746412898274508,0.7830136075692871,0.8081752767469738,4
1766225381134450593,10.772551315731071,1.7621106864225329,0.7828933495953037,0.8081335077182712,4
1766225381182549536,10.569249764204148,1.7867362580603774,0.7827530628326146,0.8081813395603354,4
1766225381332673755,10.73942363372138,1.7965665534689976,0.7827416163766459,0.8081103289804188,4
1766225381359516706,10.806395420862147,1.784276038614418,0.7829224519043599,0.8081350990587997,4
1766225381382538299,10.756113427017432,1.828225960325234,0.7826149440295441,0.8080750838307135,4
1766225381460584902,10.927299286438208,1.7553437688381313,0.783199176395721,0.8080946633821239,4
1766225381582535207,10.94738915771054,1.8068984802709327,0.782938348312582,0.8081327837709229,4
1766225381632545755,10.862645571826924,1.773940339133374,0.7830208237696435,0.8081616688109862,4
1766225381682528471,10.783175763206865,1.7962218520945505,0.7828199406065504,0.8080598890838624,4
1766225381732734938,10.70875309960362,1.823573550832986,0.7827757915714918,0.8081869875337739,4
1766225381759844070,10.796847876740735,1.727893326344161,0.7830635945568188,0.8081743048405688,4
1766225381861247947,10.872356000297568,1.7841330811512144,0.7830572659409447,0.8081653169346614,4
1766225381883016924,10.886044787230098,1.831586195099809,0.7828148618597714,0.8081097420476422,4
1766225381932553751,10.556900886553478,1.7797927817667518,0.7826768032293501,0.8081670951676213,4
1766225381983066615,10.929189958335472,1.8347934295195902,0.7827742969541247,0.8081145679510681,4
1766225382032539792,10.61799500284355,1.777536988943842,0.7827918691295694,0.808154241799102,4
1766225382132542695,10.554000884353986,1.8255058405353148,0.7825661077962625,0.8080957219313666,4
1766225382332540494,10.582778768349343,1.7692749485315673,0.7828578510390775,0.8082064094144005,4
1766225382382535182,10.521700318714577,1.8483889295188412,0.7823058745333832,0.8080743926149306,4
1766225382432611514,11.080412546209729,1.792036629799632,0.7831471021755152,0.80813760575563,4
1766225382461533796,10.511448489781916,1.7565466677582116,0.7828224729748661,0.8082099935040047,4
1766225382532554643,10.948349844337457,1.7940179022170084,0.7830443011275818,0.808140811082709,4
1766225382559934163,10.90954687750012,1.7819659261492324,0.7830443011275818,0.8081836247346608,4
1766225382632818226,10.769962796388754,1.7516754075251983,0.7830036604949842,0.8081122474545506,4
1766225382660114339,10.692117990972028,1.7851126175827667,0.7828616344487854,0.8082096802191405,4
1766225382732647100,10.867336420850137,1.756859736006022,0.7831330096171846,0.8081549439352786,4
1766225382760186281,10.921668153118125,1.7784968525342058,0.7830661713930335,0.8081110254522845,4
1766225382782714235,11.084026080061872,1.864523979224894,0.782837415090437,0.8080502255378875,4
1766225382882850879,10.86905764172763,1.7854421659160833,0.7829259817464266,0.808070416227813,4
1766225382932731001,10.7330205914683,1.7865183206723911,0.7829130601519148,0.8081712213090234,4
1766225382960800018,10.931733718271941,1.7553823425168396,0.7831331821777765,0.8081511991164421,4
1766225383032635749,10.958531954894823,1.8038472291523517,0.7829529794996591,0.8081245087677725,4
1766225383060131537,10.848723323679366,1.8375328458205114,0.7827643950686405,0.8081595992298599,4
1766225383082832317,10.662820270466721,1.767746629423248,0.7828221844335709,0.808103413568957,4
1766225383132549293,10.856287036085988,1.8103699041132086,0.7828282650524442,0.8081127628768653,4
1766225383160762110,10.838851634377033,1.7769679506842517,0.7829457165450147,0.8081045367746941,4
1766225383183049992,10.893834334892327,1.8310354968734635,0.7827787653028059,0.8080588981193744,4
1766225383260251446,10.706599880494494,1.7973831312332513,0.7828629174748131,0.8081604666048242,4
1766225383282556019,10.796361119987719,1.829544886929585,0.7827841639179284,0.8080961050402384,4
1766225383332633393,10.802168397161083,1.7832983720322384,0.7829897942951843,0.8081621506292496,4
1766225383360151464,10.595861507883386,1.8126818425582267,0.7826624609993783,0.8082116687185521,4
1766225383383969514,10.523582893173566,1.8002426236065714,0.7826443258827824,0.8081545064222359,4
1766225383460390900,10.904028908658603,1.790947952732576,0.7829679106926771,0.808066115574637,4
1766225383483019463,11.015291503979952,1.8230976648295083,0.7829305072861121,0.808020060356011,4
1766225383561211309,10.853680129716437,1.7881036530058272,0.7829712190816044,0.80811043530936,4
1766225383583740195,10.978690693839166,1.7291790390988833,0.7833941665112796,0.8081485901479691,4
1766225383660925217,10.943124239896406,1.7681668735605904,0.7832556086867126,0.8081529558119378,4
1766225383732550622,10.748857652356335,1.7696941896176548,0.7828157753442256,0.8080924748302974,4
1766225383862768096,10.701082640603211,1.7845012637406636,0.7828023353500311,0.8081065629205149,4
1766225383982834085,10.480946489616393,1.8352810985253318,0.7825258197676837,0.8081433633882401,4
1766225384061593198,10.699846772107113,1.83405261718693,0.7826812709239985,0.8081819801155193,4
1766225384082550458,10.744077665585161,1.8253377852119768,0.7826386846200091,0.8080841962481108,4
1766225384132561366,10.825475963942456,1.7912648474866557,0.7830165636290518,0.8081607684586466,4
1766225384183426261,10.904419817736155,1.7616125021053874,0.7830661343998091,0.8081255207590939,4
1766225384232661000,10.816426505302012,1.7345696595347193,0.7832357977798432,0.8081778950260005,4
1766225384307807046,11.044395968642927,1.8317383619763763,0.7829696807111615,0.8081195442977334,4
1766225384362605329,10.504538737947211,1.8075916979737372,0.7826023888139813,0.8081022401458628,4
1766225384432620425,10.620748014315119,1.7790790080638332,0.7827377952243411,0.8081515979241316,4
1766225384460812212,10.611857323413965,1.8184723071631443,0.7825653351037282,0.808138738166655,4
1766225384561268205,11.05804939267141,1.740683246236711,0.7833320984747713,0.8081485324527568,4
1766225384632560042,10.759614008811758,1.7869409084633265,0.7829125587104658,0.8081491305771812,4
1766225384661353131,10.704420452463115,1.7730654252022773,0.7829670747444298,0.808160859641072,4
1766225384683007742,10.738678381304823,1.818239534212025,0.7828004685602332,0.80810504734286,4
1766225384761109639,10.824957718059913,1.7502968706899804,0.7831494249423325,0.8081619183449015,4
1766225384783176986,10.997894318190093,1.7969166918804653,0.7830932385993907,0.8081016952035807,4
1766225384834456601,10.58490313012972,1.7987325351490027,0.7826831145093791,0.8081692588961519,4
1766225384860585148,10.560752925644179,1.781498447200918,0.782798541925411,0.8081859862682664,4
1766225384883659900,10.560752925644179,1.781498447200918,0.782798541925411,0.8081859862682664,4
1766225384932561452,11.042534061560193,1.7658841500257159,0.7832241731983661,0.8081292261172359,4
1766225384983857538,10.660753329922002,1.838528739337054,0.7825247433361072,0.8080697950307679,4
1766225385032572979,10.703342282038175,1.7708341830358236,0.7829374642854402,0.808155235263337,4
1766225385083342435,10.708952231296864,1.8123589379109943,0.782705298261004,0.8081597807209231,4
1766225385162912512,10.606183711645567,1.8230072281551373,0.7825436709241046,0.8080845121400362,4
1766225385232563252,10.89396246999752,1.793275399732105,0.7830085508910469,0.8081505537915217,4
1766225385261004148,10.654495480439063,1.7584361658801426,0.782881554717713,0.8081601254291837,4
1766225385284332036,10.712782012665567,1.814643997524689,0.7826842506798763,0.8081107046763318,4
1766225385332564139,10.92429369884762,1.793184283312364,0.7830319403001582,0.8080903486359242,4
1766225385360748562,10.868432851134147,1.8146686378415449,0.78295195308599,0.808234166012633,4
1766225385385821814,10.723981810752402,1.8228747060297252,0.7827243601519513,0.808159734000599,4
1766225385432737741,10.759617125466914,1.7760117026311208,0.7829913597875802,0.8081406373328059,4
1766225385485320566,10.842057411307614,1.833392595693964,0.7827686128221277,0.8081223242076331,4
1766225385561796384,10.814071086725608,1.8397596064865305,0.7827535688162245,0.8081387584903031,4
1766225385661106361,10.736255833651342,1.7625786937335208,0.7828752484736388,0.8080920665830614,4
1766225385683225446,10.788205721529387,1.8217702567521565,0.7826850972566779,0.8080504535301465,4
1766225385732558930,10.691725387936613,1.7817423875404563,0.7828560086422613,0.8082048348270966,4
1766225385784520707,10.754770564970983,1.7755129529201323,0.7828816996630742,0.8080471518220745,4
1766225385832558705,10.965222698938625,1.7645666245962108,0.783192259020115,0.8081520827704705,4
1766225385883132051,10.865903490650975,1.8562503517854134,0.7827055654068601,0.8080871942008963,4
1766225385932566344,10.983611841378305,1.7792741263347436,0.7830580439688245,0.8081489904127707,4
1766225385961603492,10.482132144810642,1.760215655016797,0.7827391964839757,0.8081557057012645,4
1766225385983418865,10.630175976928612,1.8028027821583625,0.7826552530465447,0.8080891632096369,4
1766225386032581257,10.892249350862304,1.816465295792112,0.7828824371835258,0.8081565531325249,4
1766225386132745391,10.664453347185688,1.7725310803803074,0.7829507246815935,0.8082228796215325,4
1766225386161718108,10.699915164203988,1.8161432269529332,0.7827602008833576,0.8081301887845542,4
1766225386232575537,10.585067783009606,1.769052696590243,0.7828673319347168,0.8081572308159723,4
1766225386263026624,10.652725991675993,1.7804647768545234,0.782718899192691,0.808114151785965,4
1766225386332559421,10.954941814296237,1.784684735363202,0.7830506536265708,0.8081668899257253,4
1766225386361105695,10.990321012872784,1.8209135348053787,0.782941220067443,0.8080980756293925,4
1766225386432582469,10.559320600635136,1.8270652038169908,0.782663317302267,0.8082172633475032,4
1766225386461438606,10.691130365302005,1.8198710036365708,0.782621762924993,0.8081478211056333,4
1766225386532566464,10.653159779308584,1.7283552045629769,0.7829279993977764,0.8081354553822432,4
1766225386562824909,10.63311069705486,1.7952285591334498,0.7827783205948935,0.8081680376863276,4
1766225386583792247,10.69408836074015,1.8260160844975204,0.7826868287247372,0.8081078052422062,4
1766225386632574674,10.472766520652875,1.7668573177659344,0.7826548789161383,0.8081250259139731,4
1766225386661478601,10.3665206782253,1.812997538177135,0.7824538282031375,0.8081723862887266,4
1766225386732698131,10.663831665289724,1.7852661442487172,0.782728200367076,0.8081328229410686,4
1766225386761182990,10.800236471739444,1.8007777654574268,0.782905123007832,0.8082232576826519,4
1766225386784827614,10.89913606820514,1.8388487183345636,0.782763415243731,0.8081299990458178,4
1766225386832554626,10.889358826011053,1.827460802718599,0.7829387176874507,0.8081979983323312,4
1766225386861271661,10.904849732673917,1.8277697920923663,0.7827158311128206,0.808119674916861,4
1766225386884225957,10.776810120050495,1.7786861428812568,0.7828052840925125,0.8080884746983668,4
1766225386962757741,10.71355597548207,1.7919877178953172,0.7828241622267017,0.8081203160001131,4
1766225386984162142,10.780094386605432,1.8147831270304797,0.7827221256628337,0.8080533918164061,4
1766225387032571026,10.934361407159198,1.7946727628595676,0.7830162210022609,0.8081202275957527,4
1766225387183724047,11.021112511761299,1.8674960314382127,0.7828327214702181,0.8080341282342994,4
1766225387232578540,10.823712029583877,1.7370946126154554,0.7831473309253435,0.808198359737831,4
1766225387261535586,10.906752442221057,1.7454527691467059,0.7831412731152092,0.8081668707282695,4
1766225387332580758,10.861396003903788,1.7812644789288765,0.7830073312705355,0.8081650511745102,4
1766225387384087179,11.003764881463152,1.811920383086765,0.7829112382979091,0.8080966168634593,4
1766225387461178353,10.866758521603014,1.7904193052195085,0.7829877015088696,0.8081099784526176,4
1766225387484854647,10.914050574271084,1.8202671748238908,0.7828850442817124,0.808072384169492,4
1766225387532600554,10.617517133042709,1.7792928014664744,0.7827932697955292,0.8081709245262876,4
1766225387563747580,10.791727081522428,1.7449925087399245,0.7831672575835564,0.8081864108362344,4
1766225387585439381,10.757329548794603,1.7937927674083636,0.782916306731422,0.8081272085484054,4
1766225387732583170,10.789279896232017,1.7917645726914997,0.7829522524194485,0.808147202677137,4
1766225387761583918,10.691137180819489,1.79024291854172,0.7827718328469933,0.8081822908166039,4
1766225387783878654,10.615693934020399,1.856138907792377,0.782460240694588,0.8081469211104665,4
1766225387832584837,10.708177740365144,1.7950516502618477,0.7827224964830845,0.8080933012002803,4
1766225387864946688,10.537019496083433,1.8069018756892208,0.7826507505897319,0.8081873672353611,4
1766225387886174376,10.748967080201567,1.8359670365264678,0.7826550766928703,0.8081263872356174,4
1766225387932589250,10.870583229261488,1.7954148400376673,0.7830218517879535,0.8081565333259484,4
1766225387962354106,10.760463179631197,1.7833788329731783,0.7829342978592438,0.8081581320442082,4
1766225387985395696,10.89748862371287,1.813284177005566,0.7829094939736756,0.8081192324570664,4
1766225388032675446,10.719365434566864,1.7811692241504133,0.7827184727875864,0.8080831992147988,4
1766225388062205901,10.679571850543912,1.8031977448101761,0.7827558094112956,0.8081870032880579,4
1766225388084424864,10.819828924428565,1.837265852001035,0.78274135505999,0.8081127228419259,4
1766225388132572126,10.944439774158488,1.7888636487272758,0.7830267504125767,0.8081472947513378,4
1766225388164876208,10.926145196880288,1.8515564836252163,0.7828768241188702,0.8081982446214498,4
1766225388186712030,10.728874657661368,1.8370448065870277,0.7826966002168979,0.8081521625166026,4
1766225388232575506,10.5735177359646,1.7744032596212347,0.7827947141881358,0.8081633789874063,4
1766225388262836776,10.560444472127006,1.8118641286594441,0.7826485960074858,0.8081939616699624,4
1766225388432581195,10.864891952165113,1.7868832927201435,0.7830805999419131,0.8081798847958109,4
1766225388462462600,10.782809073354493,1.85501328991856,0.7827907172460309,0.8081862938038427,4
1766225388532566601,10.778473843736647,1.7880912176032355,0.7830815549555851,0.8081987225691094,4
1766225388562600283,10.706560000960597,1.7651170280872697,0.782947264617312,0.8081341103777337,4
1766225388632576634,11.004113279534211,1.7467284858031318,0.783309719458669,0.8081804517949689,4
1766225388662037438,10.772093043338039,1.8003528492583862,0.7829136447705355,0.8081519115475932,4
1766225388785052913,10.63949379951412,1.7793619533460285,0.7827754768296495,0.8081568095688424,4
1766225388932613846,10.535097324193664,1.7815137542557875,0.782747246934977,0.8081377447911159,4
1766225388962894061,10.495021281641371,1.8062559663256115,0.78255109267187,0.8081156601117709,4
1766225388985401045,10.557421380079202,1.8316254269625258,0.7825051001023066,0.8080810090931524,4
1766225389032577802,10.711337065254845,1.7569153349921978,0.7829183082892802,0.8081417246960076,4
1766225389062437957,10.743881649115771,1.820764401414801,0.7827644448128656,0.8081487678060526,4
1766225389185442731,10.797452197926383,1.8020356289711068,0.7828422620370632,0.8081347919446299,4
1766225389362641931,10.728426145071968,1.7848495937927473,0.7828634737085015,0.8081448668639291,4
1766225389385224758,10.897688946112872,1.8154523975517425,0.7828699347326442,0.8081101239670713,4
1766225389432600428,10.728128380865787,1.7524996625720854,0.7829275875378007,0.8081707801297897,4
1766225389462525325,10.78373147100342,1.8452226555231923,0.7827406072776442,0.8081645747182399,4
1766225389485211887,10.8097296455697,1.8769982768279188,0.7826085186274087,0.8081080878038767,4
1766225389562534235,10.556464051465264,1.8053231475333629,0.7825566752491246,0.8081564686782456,4
1766225389663053525,11.116722681097645,1.8133282429982867,0.7830227242037489,0.808073207852646,4
1766225389732580341,10.874281655352425,1.793211436439083,0.7829339456745104,0.8081539210621117,4
1766225389763060803,10.82184021399668,1.8534776091708585,0.7826437010000095,0.8080851622116504,4
1766225389786291739,10.949628566692127,1.8083699652417196,0.7829457711154143,0.8080816341823512,4
1766225389863412117,10.989406409452783,1.7717086549580292,0.7831496668438236,0.8081552508502133,4
1766225389885289697,11.02187533952781,1.8191427687847084,0.7829720466863243,0.8080919546927999,4
1766225389933803639,10.812637791358437,1.8457895110996227,0.7827292716330365,0.808144618900067,4
1766225389963179022,10.889851928223448,1.7717541155602983,0.7831364936684198,0.8082088953086021,4
1766225389985901041,10.941375541497322,1.8142173980524388,0.7829873473120089,0.8081249922132806,4
1766225390032597564,10.821952843404702,1.794942058384276,0.7828332985533707,0.8081180756844591,4
1766225390088006164,10.621322898265229,1.8259198375070653,0.7825370858667715,0.8080353570895655,4
1766225390132693918,10.811995915437024,1.7679737893131056,0.7828754846314989,0.8080541013538357,4
1766225390163687685,10.844239662145094,1.777565514731212,0.7829807490536891,0.808125593914619,4
1766225390363219100,10.565911850253794,1.7968171852733783,0.7826457467012904,0.8081660553203351,4
1766225390386304502,10.630565820971327,1.8324796716830234,0.7825476624670727,0.8081004498414214,4
1766225390432575404,10.82834800175625,1.7963866582084023,0.7829706562032516,0.808149188577675,4
1766225390462584078,10.838406539727119,1.779594059791798,0.7830082837571504,0.8081849642631183,4
1766225390532578363,10.7114251954179,1.7331083450623463,0.7829589938263174,0.8081644171448337,4
1766225390564096787,10.662640180946536,1.8035144376159022,0.7827467408968816,0.8081756072480784,4
1766225390585813725,10.732343269485355,1.8268752323998025,0.7826739956444124,0.8081092440951358,4
1766225390632574759,10.67081469900466,1.7802576281219775,0.7827868967223864,0.8081228336467446,4
1766225390663293338,10.775547130949526,1.8256976986901858,0.7826628933135183,0.8080687265318289,4
1766225390786303862,10.786846496693258,1.7972484334494614,0.782895466406363,0.8081185944268314,4
1766225390832591887,10.641142045569318,1.783709823965423,0.78270690900166,0.8081718233284373,4
1766225390863476168,10.525558941668622,1.839735008581841,0.7824111583373342,0.8081996125830792,4
1766225390885771043,10.686799984450435,1.813534110746637,0.7826815847308995,0.8081452736632583,4
1766225390932604163,10.750731386289235,1.7850100577452,0.7828092552547702,0.8081779848431929,4
1766225391032586182,10.816578368742281,1.795854718434154,0.7829176797779358,0.80812838240799,4
1766225391085948704,10.846514240965831,1.848726269849739,0.7827240875809142,0.8080990515694001,4
1766225391132602145,10.818807800444198,1.736401474615266,0.783181796962238,0.8081624927788554,4
1766225391163795017,10.653232372382249,1.7470171954930847,0.7828774618778092,0.8081324386337236,4
1766225391186276002,10.68409417090177,1.7929199038172003,0.7826576591622642,0.8080713854376543,4
1766225391232602579,10.663543772952423,1.8156801915134775,0.7827384774727124,0.8081646225852377,4
1766225391257596811,10.535500533012222,1.845043281890032,0.7825373735769371,0.8081312368349447,4
1766225391282582477,10.794297902135042,1.8098715011077267,0.7827309924397965,0.8080811877972898,4
1766225391332668856,10.704193018773012,1.788156199101798,0.7828329507762563,0.8081682311206412,4
1766225391463507243,10.80398238935254,1.79544035582498,0.7829441495255148,0.808191673431804,4
1766225391485629924,10.569946123258012,1.8569749901375372,0.7823697116075241,0.8080981263404052,4
1766225391532578240,10.713427734106219,1.767268556350796,0.782966979869049,0.808208046366684,4
1766225391563811308,10.689459189942795,1.8011078160733918,0.7828007140052896,0.8082285331935317,4
1766225391586291491,10.646748094700342,1.8598758829009039,0.7825298673811559,0.808181182256854,4
1766225391632594323,11.037609481857501,1.7800402273697917,0.7831783787911439,0.8081726224589099,4
1766225391663288477,10.93242014728224,1.8416947876223422,0.782947010503195,0.8082037620750496,4
1766225391686077020,10.821650166208062,1.8570869497629647,0.7826964083264275,0.808120953165299,4
1766225391763744898,10.913500130045438,1.8096380512335566,0.7830652729972994,0.808168491323596,4
1766225391786218288,10.907720376379771,1.7726973511683668,0.7831436966248405,0.8080976715548163,4
1766225391863872921,10.973485913218784,1.7913849922038392,0.783101406236178,0.8081314192834644,4
1766225391932743251,10.915200317136552,1.7525778631903768,0.7831100614411385,0.8081250613281838,4
1766225391986862916,10.740875096044821,1.8270139039852729,0.782750284389639,0.8081389957819276,4
1766225392032834215,10.64712250261568,1.8338966231901501,0.7826195907571464,0.8081780372310227,4
1766225392086915257,10.72539917795934,1.8432138788238475,0.7826541461006734,0.8081489538510983,4
1766225392164442410,10.732209087684797,1.8020683650538527,0.782893417256465,0.8081691276178752,4
1766225392232595891,10.403337014880387,1.7862980499472616,0.782433860215831,0.8081108264206578,4
1766225392266494752,10.380329870802285,1.8440398822798363,0.7823653771517938,0.8081471160524956,4
1766225392287054724,10.75740466357722,1.80473617331088,0.7828082510868889,0.8081096619198144,4
1766225392332596063,10.6944015127165,1.7365212692678116,0.782998757432594,0.8080970742389435,4
1766225392363766513,10.34114791769758,1.7866876715069377,0.7824588966065278,0.8081385681450011,4
1766225392432587730,10.938081650236908,1.790209155735365,0.7830073891537195,0.8080947128482463,4
1766225392463860591,10.43575481162562,1.8243211253273115,0.782385916291806,0.8080898864730225,4
1766225392487389277,10.454879489669056,1.8738598651501623,0.7821744052293449,0.8080435535589952,4
1766225392586792036,10.592990134372759,1.8523950936185412,0.7824915668709145,0.8081931872097224,4
1766225392632622760,10.918053667668515,1.7799239448168314,0.7830457914999234,0.8081303425274557,4
1766225392665506241,10.674024993729603,1.8035013390609622,0.7827296799753573,0.8081312528010541,4
1766225392682585796,10.512298957326639,1.833508825426822,0.7824534944424623,0.8081061410544504,4
1766225392732650404,10.66711680389265,1.8102003142895629,0.7826556968575821,0.8081102446392208,4
1766225392786668437,10.798138893198361,1.7688498161411923,0.7829616144091771,0.8080641655352777,4
1766225392932604331,11.343371476226105,1.7770680030790535,0.7835027871102231,0.8081671037567413,4
1766225392963848920,11.317810692164866,1.8414027832064523,0.7832043239133798,0.8080534739634362,4
1766225392987180194,10.971687032061418,1.811607427619223,0.7829342108058244,0.8080011677559097,4
1766225393087012611,10.787533004466443,1.797790879888223,0.7828448758022459,0.8081201350560713,4
1766225393164101389,10.62644411652347,1.7626834658230992,0.7827596522094176,0.8081023570124555,4
1766225393186839367,10.94445829527202,1.7895420638769037,0.7829934609329883,0.808030345361572,4
1766225393282597350,10.892408293028177,1.7439199391019469,0.783101104223043,0.8081039270702204,4
1766225393332812681,10.891992903118929,1.7458645949646803,0.7831273079139799,0.8081197771853205,4
1766225393365910405,10.698861343096722,1.7819362671361392,0.7827840362987148,0.8081578413298772,4
1766225393386770781,10.795476690608542,1.852741226861641,0.7826043917476913,0.8080969086669317,4
1766225393464463234,10.724451374819587,1.8182321875824128,0.7828310690492915,0.8081867319999676,4
1766225393482597884,10.634983610348758,1.865082877715873,0.7824798847219788,0.8081425680448632,4
1766225393533372076,10.660823782545847,1.7953550187687752,0.7827303749268252,0.8080997651344469,4
1766225393582595201,10.729192638578745,1.8504500632369076,0.782656422033986,0.808138388969588,4
1766225393632608732,10.668614890722683,1.7982595268834463,0.7827816819957887,0.8082087097807841,4
1766225393665035714,10.855266781946149,1.7716597698446395,0.7830073497784386,0.8081512716823183,4
1766225393732853935,10.848318102247623,1.7550665376376517,0.7829913199594758,0.8080604293643657,4
1766225393782608499,10.59431667688826,1.8177581598912458,0.7826623564068204,0.8080904594093822,4
1766225393832594008,10.973792466334785,1.780254585085793,0.7830556273553073,0.8081118026305877,4
1766225393857601905,11.148408285532208,1.8274314637423104,0.7829872871593,0.8080448774657161,4
1766225393964473943,10.78878215048884,1.7782647207517106,0.7829050485744401,0.8081220820805372,4
1766225393982613211,10.782348936207665,1.830355323418893,0.7826002945433383,0.8080455695245017,4
1766225394032814626,10.70489007829023,1.7527461597498548,0.7829822550376923,0.8081530573507483,4
1766225394057601678,10.832262760433586,1.8167228743413821,0.7828650479010814,0.808093310125443,4
1766225394232613009,10.941694053140605,1.760921996350989,0.7830625004758518,0.8081090656163873,4
1766225394257600168,11.046386230399442,1.824347310947254,0.7828706070886464,0.8080510242569211,4
1766225394282599389,10.814122592020192,1.8094313508313027,0.7828060241522053,0.8080906341683188,4
1766225394332644199,10.516428551300748,1.778578695509016,0.782677512698279,0.8081870527074319,4
1766225394364921520,10.71266845079899,1.769607290896047,0.7829068895460932,0.8081578462400767,4
1766225394382599210,10.729637262204438,1.8106870144992342,0.782725677689671,0.8081069766152291,4
1766225394433066845,10.735215795548815,1.8547354425724865,0.782706739453216,0.8081554167127465,4
1766225394457616611,10.832323415414624,1.8409802450985773,0.782776974450914,0.8080950880952784,4
1766225394532618744,10.784058146051546,1.7778445161865584,0.7829411307474937,0.8081421542866524,4
1766225394557618366,10.925763836301726,1.8113594915471032,0.782878716468163,0.8080491904542019,4
1766225394582595866,10.470900455188836,1.832086207262452,0.7824020494966551,0.8080959759300536,4
1766225394633249802,10.510917147924403,1.7970861849757116,0.7825389318946863,0.8081306432235137,4
1766225394657624388,10.560658511256648,1.8450224339499266,0.7824449929686154,0.8081021690178626,4
1766225394732944168,10.670435449055994,1.7837571625226574,0.782862911835052,0.8082022112677548,4
1766225394757601977,10.747342080669299,1.8223615711828904,0.7827520488930264,0.8081514513921149,4
1766225394783384792,10.94325215652059,1.7860096147941518,0.7830692501514,0.8081294702736554,4
1766225394857606086,10.827009638687212,1.800573460396139,0.7828398414847981,0.808112737706701,4
1766225394882650853,10.572080456585532,1.748689085657383,0.7828499732880085,0.8081597487706256,4
1766225394932610072,10.717000350560335,1.7606063102979992,0.7829124146786282,0.8081413971701585,4
1766225394957628289,10.692856544227137,1.805469168752812,0.7827462115011644,0.8081152083426124,4
1766225394982606060,10.77673761581699,1.8076663141696199,0.7827615266587467,0.8080861888249408,4
1766225395057602782,10.668967588338685,1.7987644619575933,0.7826654454006474,0.8080734518208645,4
1766225395132639600,10.74627542686024,1.7686806341735302,0.7829537740078638,0.8081522917971283,4
1766225395182606313,10.55671860076879,1.8110200478541618,0.7825928367981588,0.8081127647285817,4
1766225395232756431,10.767228496469606,1.8175925472212964,0.7826740292992562,0.8081073280702438,4
1766225395257603996,10.648612646541821,1.7780687918912805,0.7826835760214823,0.8080664057008747,4
1766225395282609850,11.036744204940607,1.7972287520596,0.7830744836606881,0.8081445976663277,4
1766225395332737305,10.726654699047655,1.8324545530995666,0.7826604338203551,0.8081135744557721,4
1766225395357601823,10.725978786626955,1.8879061276018774,0.7824430393413802,0.8080859246507623,4
1766225395382610723,10.780957405313597,1.811561742178665,0.7826349573059946,0.8080388984807706,4
1766225395432792530,10.591917393654949,1.8136420214726585,0.7826576052826324,0.8081495494586868,4
1766225395457600511,10.653074756421187,1.8539993418892466,0.7825453283119799,0.8080979578647648,4
1766225395482611685,10.949584795802881,1.7943368341485149,0.7830034685439645,0.8080552901656239,4
1766225395570301341,10.755016531842966,1.8017935278212613,0.7828282625465005,0.8081396148772023,4
1766225395582603260,10.632898618309405,1.796241228263966,0.7827368268983398,0.8081396148772023,4
1766225395707626086,10.823223794221292,1.803639893092176,0.782915143545853,0.8081993708250511,4
1766225395757611955,10.544256580995558,1.8318266457920147,0.7824705260705365,0.8081108744761963,4
1766225395839384572,10.8548992089198,1.8067327360516483,0.7829426814632636,0.8081589451728232,4
1766225395857615282,10.859951669012657,1.7659836704019514,0.7831202194452933,0.8081589451728232,4
1766225396033392283,10.823819078009222,1.7824420433160815,0.7829430972832939,0.8081509932437062,4
1766225396057638998,10.984475908192293,1.8198522677594706,0.7828706164566027,0.8080731514791616,4
1766225396082638200,10.748269110603559,1.8276111814315263,0.7825649094160635,0.8081010464697488,4
1766225396133177880,10.851253091022528,1.8251089734278187,0.7828026963352518,0.8081167834870376,4
1766225396157610886,10.843088676118384,1.880355091588304,0.7825022707155301,0.8080364294372798,4
1766225396182824841,10.744339523610979,1.7805851170183553,0.782795131767585,0.8080705848098466,4
1766225396282707461,10.624105342314394,1.80228929474438,0.7826186326548259,0.8080904561768291,4
1766225396332639278,10.341507147291317,1.759470425550165,0.782523363644307,0.808139050490954,4
1766225396357617920,10.40087829277514,1.7843636438652875,0.7824443781477579,0.808112413477131,4
1766225396382635606,10.797912773798046,1.7986965902797243,0.7828619757553527,0.8081531600736057,4
1766225396482614106,10.632922854294847,1.8318356776794154,0.7826253910173703,0.8081791481630007,4
1766225396533081670,10.799870902474918,1.7153529087410484,0.7831941672864652,0.8081703284201769,4
1766225396632775244,10.450768974716528,1.85119110108187,0.7822428369114948,0.8081348368287641,4
1766225396733595257,10.652117291388707,1.7172399797750795,0.7830695844935585,0.8081991761646049,4
1766225396757634693,10.758233241890625,1.741699190637917,0.7830068764462373,0.8081625749020278,4
1766225396782725506,10.728169388555031,1.8533527413226323,0.7825710389559224,0.808119826698602,4
1766225396833383699,10.950948473505084,1.758529422403844,0.783146557651031,0.8080977089389745,4
1766225396857627830,10.977957585050602,1.8092110711789964,0.7829772878899601,0.8080778159200023,4
1766225396884042574,10.948258983654146,1.81899669589103,0.7828352421000179,0.8080506192420001,4
1766225396934278012,10.530298212491186,1.7948256123788215,0.7826686702931354,0.8081016047904312,4
1766225396957617000,10.868693947034714,1.836992702481738,0.782694189276838,0.808088087814321,4
1766225396982630628,10.59478432130534,1.8299251121604383,0.7826037872455367,0.8081131231791241,4
1766225397032897075,10.692048834947453,1.8015252630553762,0.7828211818008916,0.8082327204362512,4
1766225397057611941,10.863251600846112,1.7702689497924522,0.7830594053027531,0.8081587222612507,4
1766225397082618756,10.875801095154735,1.7825150001700552,0.7828460456019213,0.8080491659969842,4
1766225397133749137,10.775800458748819,1.806234081681504,0.7828085533316835,0.8081700302789117,4
1766225397157617721,10.824002299075097,1.7944654696045295,0.7828802619271903,0.8081116888635949,4
1766225397182609128,10.815402841661825,1.794370634960277,0.7828505874463486,0.8081274115667263,4
1766225397232838815,10.634918097689239,1.7994677185980885,0.7826401733155256,0.8081177579630023,4
1766225397282617864,10.77142919852314,1.7877778736354384,0.7827505489938402,0.8080755638610979,4
1766225397334025657,10.896522343646353,1.8306712854251384,0.7828594722768965,0.8081511314116361,4
1766225397357611289,10.636074323657763,1.791731474181774,0.7827532427830999,0.8081020173792695,4
1766225397382619908,10.899113288743267,1.7756838150170455,0.7828688677556414,0.8080466714583755,4
1766225397432643347,10.721587242398801,1.8224999640036723,0.7827420278068334,0.8081901722822287,4
1766225397457620857,10.690671234396154,1.8640173760597518,0.7825252740914678,0.8081037906345073,4
1766225397482606322,10.672968850133469,1.8271201091008755,0.7826280123654168,0.808082749006609,4
1766225397557609666,10.553998688189402,1.8132279523957517,0.7824696445342831,0.8081150487713199,4
1766225397582613605,10.615113628497873,1.8315917961009034,0.7824473012824692,0.8080879703193541,4
1766225397633734709,10.818469135982944,1.8045012569371865,0.7828616912318848,0.80812896987807,4
1766225397657612150,10.818469135982944,1.8045012569371865,0.7828616912318848,0.80812896987807,4
1766225397757622079,10.678829640023647,1.8195330799736769,0.7826681517841215,0.808103127829162,4
1766225397782637430,10.772767579133813,1.8255245502444093,0.7826963256796329,0.8081174636129841,4
1766225397833533210,10.566279252590792,1.7980382914831454,0.7827381122258091,0.8081375709165314,4
1766225397882694778,10.70090886994901,1.8188555920327552,0.7826489192080609,0.8080987593293429,4
1766225397934191408,10.769472951358217,1.7980614896346392,0.782789157311991,0.8081139485971265,4
1766225397957615235,10.915567646175074,1.7890728229769595,0.7829064578475162,0.8080754029225725,4
1766225397982633703,10.950107354103512,1.8561595689067572,0.7828110201979054,0.8080941951925805,4
1766225398057618171,10.801348320025772,1.8204298367209342,0.7827454738515096,0.8080978332141909,4
1766225398133282067,10.75185534271772,1.7487710629725124,0.782943256231673,0.8081389318656935,4
1766225398157632077,10.950858913323703,1.8086911235910048,0.7829025237362744,0.8081050234838665,4
1766225398182626859,11.173881111441908,1.7982993436261374,0.783200767876162,0.808119748295706,4
1766225398233227403,10.84537119560991,1.8000937818954392,0.7829607615910193,0.8082338133644367,4
1766225398333428811,10.566241209843398,1.847163289806306,0.7825111007417193,0.8082041563998527,4
1766225398357623820,10.535818989094059,1.8070939678105193,0.7825813904863348,0.8081188207547398,4
1766225398457642083,10.693431809766452,1.8364402547911856,0.7825398611283308,0.8081123064228146,4
1766225398482637887,10.658511753100175,1.8361407679432415,0.7824234438650252,0.8080262459506738,4
1766225398533776904,10.842225425789941,1.8431844730514204,0.7826555403550906,0.8081120032827923,4
1766225398557635901,11.091643697031085,1.8004363886287806,0.7830376448806088,0.8080804915200642,4
1766225398733017705,10.80668418438291,1.769293970930205,0.7829785192650145,0.8081398221423076,4
1766225398757624007,10.92206149544861,1.821880588413505,0.7828877262750289,0.8080977565143479,4
1766225398782623949,10.753705293019,1.8066086037439368,0.7827344273654656,0.8080417388438755,4
1766225398833515541,10.891099734796628,1.8073299325457512,0.7829242222358064,0.8081272320105626,4
1766225398882638626,10.819807668954073,1.8579922732392153,0.7827934847884679,0.8082069021851439,4
1766225398957636539,10.819964295272989,1.8110830930493536,0.7827098494883183,0.8080778122827053,4
1766225398982638686,10.774490282541294,1.8500956530623192,0.7826779870684856,0.8081026208372334,4
1766225399034114386,10.37359923083081,1.7640039741207274,0.782629830695318,0.8081645840620223,4
1766225399082633686,10.888893300136315,1.790096363596117,0.782897159629585,0.8081141413945409,4
1766225399157637710,10.913499856778142,1.8336765797100536,0.7828442025705277,0.8080759250457173,4
1766225399182643383,10.710850765690228,1.8874036709369246,0.782354650084014,0.8080685077651075,4
1766225399235113474,10.898053346613978,1.7623092009705603,0.7830928038404118,0.8081344634593399,4
1766225399257630897,10.692341862005183,1.7959363181058843,0.7826850625950235,0.8080754678386913,4
1766225399282713815,10.608873421881992,1.8109899002375958,0.7826463482751318,0.808147854712069,4
1766225399357629232,10.533609461001458,1.840868031361987,0.7824842575586052,0.8080891596658589,4
1766225399434203450,10.835813144757234,1.7396844649229617,0.7829566507595984,0.8080862154460151,4
1766225399457627669,10.890165054565859,1.779641245697932,0.7828645216147255,0.8080279637090526,4
1766225399557681509,10.675798990133378,1.8112292152404093,0.7826412949671975,0.8080345892719693,4
1766225399582643590,10.75496430627898,1.717778153042541,0.7831158098088442,0.8080938729030739,4
1766225399634223296,10.613762683859385,1.8219697954643836,0.7826094581922539,0.8081395316792475,4
1766225399657627526,10.678376013176226,1.8644285224566308,0.7825265757130961,0.8080969122374875,4
1766225399733502519,10.93316913040887,1.7904804830909293,0.7830583202560717,0.8081193210702009,4
1766225399782624812,10.915691253117865,1.8331499357752787,0.7828063741054997,0.8081060132290676,4
1766225399833645617,10.76153933932289,1.7775280458343696,0.7829371272694827,0.8081838707837369,4
1766225399857635078,10.817510850066547,1.8076377158231745,0.7828084952584017,0.8080993361476546,4
1766225399934296500,10.587486386799183,1.756746987172114,0.7827851113775357,0.8081410781726284,4
1766225400034302410,10.91443305573636,1.8238955452246393,0.7828776797201388,0.8081371045992328,4
1766225400082635479,10.914156812649956,1.8444387346727291,0.7827744157290627,0.8080614536001717,4
1766225400136896128,10.812108011195809,1.741103119537251,0.7830819910596543,0.8081341401579483,4
1766225400158174289,10.812108011195809,1.741103119537251,0.7830819910596543,0.8081341401579483,4
1766225400234143990,10.819021211239788,1.7869828238460923,0.7828472881085953,0.8081015831815415,4
1766225400282626700,10.686504852992606,1.8610103542678158,0.7824819560248305,0.8081008174824914,4
1766225400334899409,10.820415516504589,1.7771894040508143,0.7829539574207991,0.8081217932573068,4
1766225400357835329,11.052327973960384,1.8255032324989509,0.7828727669968535,0.808049229257439,4
1766225400382631648,10.828754653238736,1.8344075449163781,0.7827410405689907,0.8080637326845468,4
1766225400433912071,10.780347108055754,1.821380997707769,0.7828447387798875,0.8081967275355957,4
1766225400482638860,10.495029665953727,1.8041161304784927,0.7826520454657412,0.8081814728897634,4
1766225400534468346,10.968275679497541,1.7925940948108388,0.783079819437282,0.8081392375128809,4
1766225400557703949,10.875566108595303,1.8524268522505527,0.7827182292679827,0.808069423943082,4
1766225400582632677,10.912168557824398,1.7962837662222846,0.7829563095416657,0.8081503702308905,4
1766225400657649385,10.972933456796952,1.7849887586852928,0.7830250677052202,0.8080696962775983,4
1766225400682642134,10.807137902957397,1.8030172800839743,0.782866002704005,0.808130966628595,4
1766225400782634818,10.709633200345792,1.8083166923860796,0.782722708791618,0.8081388474527215,4
1766225400834357372,10.879657835208057,1.7740497275045197,0.7829536941559183,0.8081401063140367,4
1766225400857647098,10.874976017459126,1.8379546250464827,0.7826914377880438,0.8081043284520806,4
1766225400882639005,10.69661809176825,1.8424259870356086,0.7826444975007308,0.8081070438287357,4
1766225400934915220,10.591572968882247,1.7506484607434993,0.7828780008938614,0.8081759104712083,4
1766225400957685839,10.602859218922788,1.8208191446528699,0.7826711116964925,0.8081441987998133,4
1766225401034603663,10.292946507791111,1.8012522241587865,0.782395928091262,0.8081639076714858,4
1766225401057625504,10.414007161330785,1.852313967927455,0.7822767409968926,0.8081104029083355,4
1766225401082629985,11.247857160025854,1.8580160749109402,0.7830021866310988,0.8080391338841766,4
1766225401157644408,10.98171787975788,1.8107175327124863,0.7828902539809888,0.8080332491105421,4
1766225401182632107,10.829722626387262,1.818151597334588,0.7828164292690959,0.8081084071885922,4
1766225401234661208,10.850344919378196,1.7956776624204283,0.7828649792466709,0.8080776353998813,4
1766225401282638006,10.550342613036555,1.8196397516518605,0.7824847645655375,0.8080658946271833,4
1766225401335506566,10.649848952062225,1.8044265881541413,0.7825714189536418,0.8081137651838153,4
1766225401382649817,10.959404527915995,1.821186077460148,0.7828128243029958,0.808059739396059,4
1766225401457678096,10.964591925940791,1.8004224712539652,0.7829959822139356,0.8081106294206937,4
1766225401482649043,10.793507602527285,1.7921422394464408,0.7828399816692143,0.8080749429727362,4
1766225401557634562,10.774006338664211,1.840806699392873,0.7826805795681427,0.808153590582451,4
1766225401582634694,10.890674641615416,1.7899594089542332,0.7829539957612903,0.8080672987778611,4
1766225401634885051,10.682996163358327,1.842064499797158,0.7825914075479509,0.8081208069881788,4
1766225401657649338,10.655771125576475,1.8759439103666795,0.7824226301916398,0.80809696654292,4
1766225401682646765,10.73344659377884,1.8181466784754012,0.7827408861601336,0.8081157368140833,4
1766225401734662561,10.722320544845566,1.7992008033968176,0.7827760353390966,0.8080993694611349,4
1766225401757638867,10.750918651965534,1.8318452630288904,0.7826751689068818,0.8080695956171354,4
1766225401782635733,10.747917571325093,1.8515434070578833,0.7825302314886854,0.8080737986561362,4
1766225401835133705,10.768697917845515,1.7901087498222146,0.7827865753957907,0.8081237442630822,4
1766225401857806590,10.87950255953929,1.8549489030835453,0.7826327900993539,0.8080680037705047,4
1766225401957775229,10.971109932792157,1.8424124631629204,0.7828193249872601,0.8080090394859565,4
1766225401982638955,10.868354251174605,1.7645692716730756,0.7830390409987619,0.808142195188914,4
1766225402058454746,11.042993741142482,1.8616613452614779,0.7828441477697083,0.8080654179053071,4
1766225402082644694,11.05705170501292,1.825057358225577,0.7829508815382912,0.8080543778442048,4
1766225402135317695,10.857888601544019,1.7926261065182587,0.7829380362315204,0.8081304936163578,4
1766225402157934625,10.94707590289734,1.8480208318171285,0.7827809335823765,0.808074451700522,4
1766225402236189273,10.69132019480512,1.7874783780464583,0.7828790892674611,0.8081843027760108,4
1766225402257836017,10.783171304815987,1.814416177733518,0.782797942285437,0.808139546581555,4
1766225402282651172,10.639164057254625,1.8025105180954493,0.7826344018705341,0.8080902944760655,4
1766225402334719536,10.739912260729678,1.7943014636949774,0.7828135947584828,0.8081654974965482,4
1766225402357672147,10.953877713126836,1.8136702496131103,0.7828905902967814,0.8080832369313071,4
1766225402382654936,10.575722288134859,1.8504883949073647,0.7824471346454703,0.8081105738590636,4
1766225402435125116,10.822876348970834,1.8237507945966802,0.7828125699230316,0.8081503490555868,4
1766225402482648492,10.802861410544097,1.8692583729058638,0.7826027900139646,0.8081021099904988,4
1766225402535483558,11.081984692991597,1.7791926215428508,0.783300739328518,0.8081553958647035,4
1766225402635360805,10.723380937332383,1.7678690713053355,0.7828803326926705,0.8081208505141583,4
1766225402658605195,10.974852152999093,1.7659921358577144,0.7830807778453158,0.808071172107587,4
1766225402736162611,10.897444080385288,1.834439154753887,0.7828300930763137,0.8081000244137524,4
1766225402758930264,11.00555284450888,1.8524960980949559,0.7828353135589137,0.8080814008087177,4
1766225402835531812,10.837183540892914,1.7868751201620297,0.7828949015493639,0.8081190177577461,4
1766225402882659063,10.850577521244631,1.904273597205276,0.7824181285742523,0.8080810382802377,4
1766225402935741775,11.016427171122057,1.7040729156672234,0.7833998592780853,0.8080755376111568,4
1766225402957944165,10.925757061601482,1.7463444138996762,0.7831236396636524,0.8080387989937202,4
1766225402982660994,10.508150610500365,1.8442338299078644,0.7823564739986667,0.8080578144265689,4
1766225403035481783,10.876895209227854,1.8492658823411419,0.7827114518664366,0.8081384724090914,4
1766225403157658513,10.761257032165016,1.8127383542368847,0.7827036861630929,0.8080428261862768,4
1766225403258853808,10.681013151975671,1.8305436291703896,0.7825570325049412,0.8080889766930334,4
1766225403282648072,10.968764240582797,1.8225052726926163,0.7828594204290693,0.8080479372969596,4
1766225403335535587,10.923439909720113,1.806713458638844,0.7829182268250451,0.8080953391265084,4
1766225403382649512,10.68712311215203,1.7713299226414987,0.7827994084129072,0.8081054548552773,4
1766225403435863972,10.946380010149358,1.7683099643244258,0.7831626169455016,0.8082180642826059,4
1766225403535431866,10.55963963411366,1.787201661537185,0.7827058221863301,0.8081451935046982,4
1766225403559487872,10.488457717597655,1.8285536243047211,0.7824378854617878,0.8080749508295542,4
1766225403582656730,10.8899170920147,1.8134067526735789,0.7827896944764466,0.8080682757584994,4
1766225403635223642,10.747649501803846,1.8377609012696896,0.7826593841487992,0.8081030864404772,4
1766225403658432435,10.779253257123589,1.8259811683916511,0.7827214272961047,0.8080815232308357,4
1766225403682760352,11.076718604757673,1.8842217564637995,0.7828622612904462,0.8080795022745962,4
1766225403782658428,10.69156989413056,1.7923015029084588,0.782743634449341,0.8080919322215785,4
1766225403840307418,10.92759106549346,1.9071203636282497,0.7825772350241034,0.8080691628809901,4
1766225403882658074,11.073808399203688,1.7880885710957246,0.7830272130077862,0.8080464185776275,4
1766225403935970158,10.965382930144706,1.794625970597407,0.7830307656311064,0.8081759509571641,4
1766225403982644436,10.73396216748046,1.8478873923042756,0.7825896661291347,0.808107216231445,4
1766225404036383422,10.508079999851926,1.8054728734876613,0.7825464631235715,0.8081828217262286,4
1766225404058152537,10.383042310929236,1.847750457729669,0.7822451320338569,0.8081052045779047,4
1766225404082649322,11.021235768889138,1.797459000637859,0.7830297282940534,0.8080687151638172,4
1766225404158182400,11.203042651303452,1.803582393044121,0.7832247862438089,0.8081250158032856,4
1766225404182666141,10.797925748821434,1.795136610297193,0.7828147890287581,0.8080557717414445,4
1766225404258206984,11.114262899347915,1.8288797037723934,0.7830214083635602,0.808089459056185,4
1766225404282658473,10.921197392369741,1.7927155801346293,0.7829950746272996,0.8080948924017641,4
1766225404335271191,10.655644044800683,1.8547882601490617,0.7825637943735558,0.8081480721171344,4
1766225404359033405,10.697432179929244,1.8154724435811962,0.7827036461515123,0.8080879822641932,4
1766225404382665514,11.096640839355686,1.830914756459003,0.7829977986501325,0.8081022202444074,4
1766225404436953743,10.70192595477415,1.809432987453351,0.7828275707418932,0.808188966047245,4
1766225404459334147,10.725189259896739,1.7877806313859188,0.782845494263335,0.8081219159053746,4
1766225404482652776,10.813939731745158,1.7991387244634338,0.7828482929578627,0.8080766031293314,4
1766225404537316031,10.85238885578066,1.862146169579099,0.7827752688813393,0.8081564394853197,4
1766225404558640379,10.884068708822303,1.831009844965337,0.7828844131106415,0.8080790569413948,4
1766225404582648315,10.676477011252295,1.81006726386329,0.7826644288332605,0.8080817812822405,4
1766225404636730817,10.953190245815868,1.80658205300501,0.7830402269093371,0.8081524334413072,4
1766225404659022915,11.03114135934835,1.843363193067911,0.7828689204691152,0.8080604706842038,4
1766225404682663580,10.477429866491473,1.794501638411956,0.7824986440322217,0.8081018749972734,4
1766225404735901263,10.685005181513606,1.8396654905834189,0.7825370061504815,0.8080800765471803,4
1766225404782677253,10.924445947271376,1.806127361987305,0.782882404674748,0.8080533232466067,4
1766225404837553327,10.677047041903531,1.822806416701188,0.7826605084458217,0.8081139050354725,4
1766225404882667932,10.837170528367967,1.7962700007661554,0.7827878121904266,0.8080661757136632,4
1766225404958482750,10.487182982216513,1.8107559693130355,0.7825034822402529,0.8081109404533952,4
1766225404982664953,11.002783028861707,1.811795901319024,0.7830727740824395,0.8081559541758148,4
1766225405036410021,10.665582223550519,1.79341991751516,0.7828011886782452,0.8081280053913943,4
1766225405059138510,10.660752166021691,1.8391441866625697,0.782601290898152,0.8080814491650989,4
1766225405182660569,10.837431014038778,1.7894502424329897,0.7828961220050062,0.8080959597654301,4
1766225405236974315,10.568196904813254,1.8372038473242513,0.7824682109184002,0.8081575862796971,4
1766225405259819424,10.954519580579802,1.8259110354845134,0.7828775369606564,0.8081147790759006,4
1766225405282668530,10.931931997938072,1.7600215330704294,0.7830181562256738,0.808033619361071,4
1766225405336277431,10.819900611535482,1.7977229505019763,0.7828882715907802,0.8081205952609253,4
1766225405358999147,10.815782923932481,1.8417888742969806,0.7826806712756434,0.8080749399950439,4
1766225405382651915,10.80291266415745,1.782782269759905,0.7828815740298632,0.8080705331261404,4
1766225405437201535,10.730601051669453,1.7562942834497202,0.7828579713364512,0.808138156050336,4
1766225405458785211,10.738810418793431,1.8144542123379699,0.7825923401028168,0.8080767265364256,4
1766225405482666759,10.983997178752647,1.838969831622028,0.7828231484012652,0.8080518655238812,4
1766225405536843839,10.9385728206437,1.8302266135867626,0.7828042638557671,0.8081246958385973,4
1766225405559002516,10.94153195634362,1.858572716748925,0.782648689200511,0.8080886093336729,4
1766225405582660855,10.872588795582505,1.7918931864428813,0.782818054259987,0.8080282889766449,4
1766225405637974662,10.982842163164808,1.7893472512897266,0.7831052590615588,0.8081625671491259,4
1766225405859107142,10.831416141714234,1.805748404752674,0.782815786170251,0.80801433510137,4
1766225405882673107,11.018190260968176,1.8161989277302517,0.7829165905621024,0.8080272242793898,4
1766225405936850066,10.919070108575625,1.8252979051129061,0.7829309638383571,0.8081816651268452,4
1766225406065470624,11.002454484209556,1.8319512647065266,0.7829371178815275,0.8080554368805979,4
1766225406082662470,10.797177299406325,1.7834151896840624,0.7829698328270811,0.8081524516826704,4
1766225406136639142,11.047425437253121,1.8061416952234202,0.7830867301183664,0.8081479027917703,4
1766225406182673076,10.71689739093662,1.8312122932450272,0.7827017557113062,0.8081368701961422,4
1766225406260348352,11.048508769168519,1.78541464034878,0.7830154892118921,0.8080527328270946,4
1766225406282662181,10.715574222218915,1.8066420121648659,0.7826655708536688,0.8080288670316144,4
1766225406337014991,10.92021547236277,1.818692992273177,0.7828860362382764,0.8081363503855657,4
1766225406382675672,10.706001279754961,1.7989037073797987,0.7826737701492796,0.8080689422976053,4
1766225406437224221,10.795205665154906,1.7989883414441976,0.7829125651355735,0.8081588231543411,4
1766225406459735611,10.96646933439005,1.816804482811912,0.7830166149531429,0.8081015906845758,4
1766225406559113107,10.761264565703588,1.7876411388256597,0.7827734842701962,0.8080826576663563,4
1766225406582729095,10.490122285320647,1.8349309079733676,0.7823295742271065,0.8080766619375332,4
1766225406637137690,10.810194960446552,1.772957660072073,0.7829617169459621,0.8081618318704461,4
1766225406659682523,10.807735201441293,1.7984427316929716,0.7828226141988065,0.8081132838742431,4
1766225406759734417,10.843691010327227,1.8062188275111841,0.7828381550636644,0.8080382792930719,4
1766225406782671549,10.792957380585499,1.8437438828277166,0.7825742611607708,0.8080260982826036,4
1766225406837186303,10.740704907975518,1.8110990934903988,0.7826496649716389,0.8080761678755247,4
1766225406982668344,10.716675524151897,1.7886740014395128,0.7827422856198802,0.8081050719840606,4
1766225407037167951,10.66565538636599,1.787186948203719,0.7827909927217035,0.8081543634496497,4
1766225407059723444,10.860906876204556,1.8434950027590744,0.7827278109551639,0.8080728854131914,4
1766225407137625297,10.792108502908683,1.8085796775584337,0.7829256740893303,0.8081921711078327,4
1766225407260991390,10.568255735155962,1.8041417071648636,0.7826576339210525,0.8081898202189047,4
1766225407282787876,10.660643584302187,1.8340649545875738,0.7826235995166442,0.8081199364164602,4
1766225407338235736,10.41208142508443,1.8469063996058432,0.782262988042159,0.8081474288713374,4
1766225407360476898,10.519404590177528,1.793334937817583,0.7825800110570913,0.8081347126084297,4
1766225407382671663,10.934938619884482,1.8738790982091706,0.7827241284968209,0.808094024926684,4
1766225407438122078,10.880970487664676,1.7237638175399135,0.7833171341834487,0.8081105924457219,4
1766225407459823826,10.907521706022717,1.7623792211163305,0.7831019492512957,0.8080352563232917,4
1766225407482671038,10.796032505891784,1.8405107364391977,0.7827314334037185,0.808073995582047,4
1766225407538519681,10.587076760670055,1.84696731533733,0.782586923944391,0.8082211321169249,4
1766225407640024146,10.721565411574097,1.812564416788438,0.7827010036984401,0.8081335355096998,4
1766225407759801961,10.830366385182643,1.815395367882714,0.782915049129932,0.8081613636814456,4
1766225407782680602,10.782873000706905,1.8076556541116862,0.7827227033964828,0.8080897849651757,4
1766225407882668144,11.02320093377196,1.8715983203939217,0.782768256599662,0.8080784618875897,4
1766225407982689650,10.619865438109999,1.778426644741753,0.7827681374056131,0.8081101058166996,4
1766225408037850570,10.638106306881557,1.7283320544400531,0.7828804841202692,0.8081427874813434,4
1766225408061715477,10.638106306881557,1.7283320544400531,0.7828804841202692,0.8081427874813434,4
1766225408082684055,11.025267631788015,1.8164136130474116,0.7829004375058565,0.8079928084711927,4
1766225408160106195,10.720499361212998,1.8002361397843443,0.7828118452144132,0.808138612138267,4
1766225408182675274,10.793742571864051,1.7970506269476885,0.7827437711401745,0.808067214464286,4
1766225408260312588,11.042619539849419,1.8061746002939425,0.7830254836894328,0.8080458484745929,4
1766225408338164356,10.784161078323805,1.789095602949329,0.7828822680144154,0.8081539915916706,4
1766225408382696885,10.580417868490954,1.7583029370183387,0.7828829953012951,0.8081696752376313,4
1766225408437524818,10.548202916480953,1.8076778480391251,0.7827274871105218,0.8082129107691983,4
1766225408460792231,10.804848754744967,1.7961822237331364,0.7829337905811561,0.8081363961440681,4
1766225408537953169,10.739727816931776,1.7887859196741795,0.7828598233124825,0.8081237825036832,4
1766225408582684833,10.80798809843586,1.758155057858665,0.7829757113862328,0.8080519767828674,4
1766225408642324566,10.52253368925804,1.7687244576920953,0.782712610019071,0.8082111489649181,4
1766225408663401108,10.572882677074237,1.7732528758721346,0.782712610019071,0.8081549458237507,4
1766225408682708392,10.497309014460775,1.783594253947041,0.7827207352606335,0.8081909014165818,4
1766225408735288147,10.64855331828085,1.7836205594785925,0.7827387135024307,0.8080716037047576,4
1766225408762491582,10.462794368928385,1.8316142535266098,0.7825172822247907,0.8081750811733978,4
1766225408782834073,10.607666559967699,1.767765035524224,0.7828244268142969,0.8081506983579332,4
1766225408837495844,10.853241344513599,1.7997021713480192,0.7829248580948869,0.8082007234203528,4
1766225408882685709,10.978682346711398,1.745601046087133,0.7831724940389916,0.8080781222256371,4
1766225408938376435,10.91345044123615,1.767772086304251,0.7830429222779118,0.8080717022082213,4
1766225408960576991,10.902869902007284,1.82368831969042,0.7828183689315806,0.8080090849031117,4
1766225408982707796,10.762038715542044,1.800994667110636,0.7827846238377694,0.8081098564940428,4
1766225409064851256,10.882075002832782,1.8078360692160178,0.7828366152019371,0.8080429259149567,4
1766225409082694156,10.669845199507977,1.826472018679204,0.7826240263239759,0.8080561767291055,4
1766225409137716454,10.781096703197491,1.8605176038762528,0.7826570880303854,0.8081428207522428,4
1766225409160640731,10.926920204318957,1.8096050656312994,0.7829763013912511,0.8080980751582557,4
1766225409182690744,10.941060883842834,1.785533717857577,0.7830006691827844,0.8081118516769669,4
1766225409344993721,10.761310252004442,1.8082863066173576,0.7826955399398434,0.8081184928232348,4
1766225409368042051,10.846927332406553,1.8395086577841697,0.7826018867417467,0.8080420292546836,4
1766225409382694580,10.786231843626592,1.808331179651956,0.7828196005751724,0.8081183684296842,4
1766225409432707086,11.03041376531333,1.787800812902757,0.7830479625283937,0.8080274228543283,4
1766225409538154587,10.65447709338696,1.8233240269339166,0.7825752415820888,0.8081251897456505,4
1766225409582685763,10.898045613530138,1.8061459182845137,0.7829009231593101,0.8080755199852012,4
1766225409660963301,10.791445470210604,1.7714196359739636,0.7829433156798823,0.8080937224271582,4
1766225409682728689,10.760741289952858,1.7820788573473765,0.7830582079827232,0.8081932897749188,4
1766225409742082714,10.827899946603715,1.7758578324664045,0.7829780765560932,0.8081733098305124,4
1766225409761515064,10.832665017503462,1.8144070148600366,0.7827889421637256,0.8080902318298256,4
1766225409782691694,10.738698713685269,1.7817582620690848,0.782805008993742,0.8080907261992651,4
1766225409841512557,10.890514319336742,1.7462637815098585,0.7831583188123773,0.8081768604789636,4
1766225409941092972,10.829908254345488,1.7602887484120069,0.78292063988637,0.8081013307314286,4
1766225409961378687,10.952265578764608,1.8060596978116659,0.7828430539753584,0.8080539396097358,4
1766225409982908381,10.579675059533278,1.782534926060923,0.7827823252765573,0.808139966004371,4
1766225410063057749,10.607974425147493,1.7628660687157658,0.7827580557709695,0.8081481040161623,4
1766225410082689474,10.758503301260935,1.7560295165288637,0.7829015644313067,0.808119962282069,4
1766225410161108618,11.01511171608427,1.8338182098869569,0.782825007187063,0.8080614919394807,4
1766225410182908911,10.776587445083251,1.7985266235621278,0.7828573187273747,0.8080904112132894,4
1766225410240727418,10.7420225216438,1.7460826038272053,0.7828879026803711,0.8080242502163258,4
1766225410361165513,10.937791292239151,1.779065562569798,0.7829762216292939,0.8080775121779652,4
1766225410382691260,10.490675050474184,1.7863553389307507,0.7826286336316696,0.8081391805091065,4
1766225410439416962,10.77794136672161,1.7757856457684553,0.7830333559624107,0.8081444720933527,4
1766225410461215662,10.861780784404473,1.8116174168772254,0.782897873124925,0.8080924078323923,4
1766225410482690553,10.890645634900608,1.8084190414145531,0.7828388253987398,0.8080099687057929,4
1766225410561107623,10.927739310996,1.828510580097891,0.7829321837052516,0.8081407313733222,4
1766225410582697981,10.818552133916803,1.784329030786269,0.7828153915439386,0.8080207156848065,4
1766225410638782076,10.748962494486204,1.7848254983172045,0.7829532398008109,0.8081765364835205,4
1766225410661477012,10.77696294559316,1.8153947407983966,0.7827516012757503,0.8081174125247187,4
1766225410682695480,10.850731221759613,1.7906766705417574,0.7829091751134603,0.8081270634915402,4
1766225410732695833,10.848512455467919,1.7967268523138957,0.7828652372528234,0.8080682776441115,4
1766225410762767213,10.900767002430145,1.769065688132513,0.7829766464206609,0.8081028053429541,4
1766225410782704351,10.470301998851351,1.7967623992730049,0.7825081130179705,0.8081415219032199,4
1766225410839300169,10.593153220932571,1.8231891691590878,0.7826107391008813,0.8081587133992021,4
1766225410861120430,10.547062326928591,1.8598128903920697,0.7823627260356802,0.8081251127430373,4
1766225410882688145,10.919348346463021,1.8129924173215306,0.7829406828218695,0.8080574742494624,4
1766225410938808899,10.881372501583385,1.7341161784998929,0.783194268090957,0.8081259060738006,4
1766225410961822614,10.903568529688545,1.7702649030934352,0.7830578245933761,0.8080812636849697,4
1766225411038940691,10.669694616192714,1.7937408170240698,0.782668243230485,0.8081336718869891,4
1766225411161254544,10.847674566780373,1.826846332914513,0.7827534779352022,0.8080474070669307,4
1766225411239563341,10.884009342295942,1.790513544694536,0.7829832163958285,0.8081337624627353,4
1766225411261293331,10.954923165705566,1.8213385951931644,0.7829059043991488,0.8080559061749092,4
1766225411340351086,10.846928666556233,1.7798042700486285,0.7829032665450356,0.8080479886029536,4
1766225411361495345,10.898554854156917,1.8173491052078568,0.7828090594209637,0.8080247959426222,4
1766225411382696140,10.864295241890808,1.785089696384351,0.7828974287077365,0.8080937011026509,4
1766225411482706423,10.874042696037867,1.7921676517370915,0.7829196055577524,0.8081000852305003,4
1766225411539322689,10.837936751104117,1.7886003735837244,0.7829119325620336,0.8081379253024711,4
1766225411662739576,10.9778861699249,1.823297729208688,0.782943996183455,0.8080948346038563,4
1766225411682693797,10.905245697284016,1.8144996840529781,0.7827113029430508,0.8080212311075763,4
1766225411739946720,10.813337673830858,1.8119857996766577,0.7827806236253976,0.8081377344602121,4
1766225411782698329,11.132515407885514,1.8023241119660804,0.7831413662819824,0.8081110054469517,4
1766225411839778808,10.853474920915707,1.8429564512359562,0.7826553975883085,0.8081040818045648,4
1766225411939798819,10.954910311072986,1.7578336528001146,0.7831240000914981,0.8081272387551112,4
1766225411962313486,11.013705233488658,1.8048450390060304,0.7829691502461711,0.8080811059240076,4
1766225411982689129,10.912009378441834,1.8584076117161428,0.7827643520929376,0.8080922225522799,4
1766225412061887378,10.753485527692286,1.8583778249974707,0.7826194723864273,0.8081048496339914,4
1766225412083182661,10.840529733340599,1.7938430165288364,0.7829300563388313,0.8081434958880185,4
1766225412139128045,11.188147381586354,1.8164893613571087,0.783277177112113,0.8081810038414226,4
1766225412162088681,10.97822375360713,1.8527100744649312,0.7828530930443304,0.8080985780942943,4
1766225412182705056,10.825491951070521,1.7577248836595498,0.7829085340045031,0.8080412069533396,4
1766225412239581341,10.591575340682446,1.7812101673400695,0.7826079569255624,0.8081158475393492,4
1766225412261868480,10.758682489575788,1.8247684123255723,0.7826054517778547,0.8080785439905221,4
1766225412332710231,11.07691290984214,1.8301130771864507,0.7830213146187117,0.8080627546818075,4
1766225412357717716,10.783387958626545,1.8691628641746516,0.7825576154772467,0.808097696128615,4
1766225412382724309,10.794124653434212,1.8293081599579253,0.7826776706951626,0.8080363775207139,4
1766225412432718210,10.589980278204681,1.866358238973605,0.7823844171197207,0.8080622414731504,4
1766225412457706348,10.88971663940319,1.8097849331133122,0.782835647574557,0.8081043506545955,4
1766225412482705427,10.640758859958964,1.7879569741833607,0.7827613916138471,0.8081287913405897,4
1766225412532705239,10.804739558457953,1.8190436627345774,0.782673543287852,0.808106246034191,4
1766225412563842953,10.93859835800426,1.8374515653557268,0.7828571046778261,0.8080940959523696,4
1766225412632692718,10.762086523650073,1.7914181905259134,0.7827013894675656,0.8080460751287671,4
1766225412665256566,11.097829013602233,1.807893670990305,0.7830828225567563,0.8080398329947401,4
1766225412682708149,10.697947584411228,1.7276796849214566,0.7829912887368932,0.8081191496419687,4
1766225412732706628,11.05170544587697,1.8112122769889578,0.783076246089333,0.8080607001388971,4
1766225412782706459,10.844803586814056,1.8053243419258342,0.7828846088781988,0.8081041479680919,4
1766225412839507152,10.939296679071342,1.7485694044147524,0.7830938867866647,0.8080899420259215,4
1766225412857698036,10.96643342411352,1.8010434791572756,0.782900165707298,0.8080532699206657,4
1766225412957666380,10.914340290544168,1.7952776418241487,0.7828826731151248,0.8080867894462489,4
1766225412982756610,10.711875672758332,1.8479468185179417,0.7825862544026725,0.8081058021397167,4
1766225413032701108,10.82428680935088,1.8511314986397165,0.7826602879294782,0.8080565639095078,4
1766225413057703854,10.93244152701789,1.8293453388206602,0.7828934183735295,0.8081139439900493,4
1766225413132708876,10.923744170489913,1.8233473452047206,0.7829004256527394,0.8081225956400372,4
1766225413232701234,10.700315116702107,1.8252587122541868,0.7826360149086422,0.8081261632115253,4
1766225413257712947,10.518100473002502,1.8137343999485702,0.7824568587092914,0.8081212692543975,4
1766225413282699252,10.926971520427763,1.7551770921660885,0.7831412345156085,0.808073471438386,4
1766225413332718219,10.620403341814688,1.8451327793159469,0.7825805744206005,0.8081119183729178,4
1766225413362018749,10.618255534714184,1.7618036339125671,0.7828325512373394,0.8080613090200374,4
1766225413382704715,10.988942583394557,1.7845856026375884,0.7830404174040048,0.8080861035582253,4
1766225413432716219,10.643738633495104,1.8561835848651667,0.7824605616732183,0.8080753751798274,4
1766225413482714487,10.873508931609766,1.7879234900576504,0.7829017162142436,0.8081176975330165,4
1766225413532714007,10.637022431669862,1.8650609044053807,0.7824088206810993,0.8080887245233144,4
1766225413557721783,11.030606253140785,1.8120492101206276,0.7829978769455082,0.8080493925474695,4
1766225413582702968,11.084961900693969,1.8416597027896393,0.7829717236973369,0.8080677094043646,4
1766225413657741453,10.62719858179384,1.8390162650384414,0.7825402050775682,0.8080827009409661,4
1766225413732716047,10.875610876290853,1.8309283746751746,0.7828236131737856,0.8080966146643739,4
1766225413757710878,10.701454751077865,1.8338765781211317,0.7826424377433042,0.8081187907444768,4
1766225413832709908,10.720189745912268,1.816301286138266,0.7827056193131641,0.8081241625891807,4
1766225413882722073,10.573307814193967,1.7826490501964183,0.7827135562170466,0.8081900333196211,4
1766225413932717295,10.639762068477832,1.803324908938501,0.7826405463373537,0.8080659652061881,4
1766225413982728318,11.051191656025194,1.8299117828056253,0.7828813824445957,0.8080148174650409,4
1766225414032706809,10.711130236409016,1.8106892499107459,0.7827564022884296,0.8081200349842006,4
1766225414057714173,10.718179137346295,1.8075790122317819,0.7826722200629009,0.8080275368679096,4
1766225414082706089,10.759144398431285,1.8562538302017502,0.782545124775381,0.808074830257118,4
1766225414182731960,10.93746715260302,1.8022589252316088,0.7829529355907426,0.8081010820248404,4
1766225414232720931,10.930193368499541,1.7771942134840228,0.7828963557861675,0.8080546049519401,4
1766225414282734036,10.951880442219174,1.7987275323461906,0.7828152286831769,0.8079825776185133,4
1766225414332729780,10.883000516076603,1.7934163553773748,0.782953709193439,0.8081264387324584,4
1766225414382730021,10.856255513629343,1.8278604726091643,0.7827481117151007,0.8080283723547944,4
1766225414457725325,10.646913541062176,1.837649735560337,0.7825221535352925,0.8080951911637637,4
1766225414482763186,11.021491625577863,1.805034749843272,0.7830009620026083,0.8081386589618651,4
1766225414532720087,10.97329193719121,1.8553200175936837,0.7827200258930016,0.8079504940121559,4
1766225414557726499,11.152473059447775,1.8064044634797087,0.7831019064295923,0.808065584509165,4
1766225414582729185,10.627017614302181,1.79937129831652,0.7827803237651465,0.8082249600944105,4
1766225414632704961,10.608478785347764,1.834825308698816,0.7824424302823402,0.8080582680305824,4
1766225414732713078,10.731172752732054,1.8077645138024196,0.7827529643315513,0.8080944643000275,4
1766225414782712909,10.907644439685171,1.8402243601816755,0.7826662860465772,0.808037417119574,4
1766225414832710676,10.857964048479385,1.761378237680318,0.7830299371547361,0.8080900709959624,4
1766225414857705938,10.938695654736819,1.8309732078745846,0.7828977876449623,0.8080905586058414,4
1766225414932707222,10.852602198602955,1.8337037260690252,0.782693752742549,0.808044855508837,4
1766225414982710099,10.861229291086016,1.811738564268628,0.7828221949889401,0.8081177921490353,4
1766225415032710882,10.744937320335879,1.8026079060770812,0.7826987006901812,0.8079981185076186,4
1766225415057706394,10.994141671445634,1.8038635855682619,0.7830499214990131,0.8080489898132326,4
1766225415082708158,10.984822087328872,1.7985954382731886,0.7830065614902413,0.8080656353401032,4
1766225415132709141,10.891137468639789,1.879632527792512,0.7826454063560685,0.8081134905314556,4
1766225415182716566,10.82268467828773,1.7685519769736988,0.78294994103439,0.8080764941352874,4
1766225415232715154,10.827550720414635,1.8432635492107912,0.7826296044802761,0.8080948213869598,4
1766225415257712720,10.762736058410493,1.7723448466194351,0.7829446819833018,0.8081512810238649,4
1766225415282721287,10.853727240635491,1.7554498071447706,0.7830985712181388,0.8081715148802925,4
1766225415357706471,10.990648636325485,1.8064135017373062,0.7829499295244727,0.8080781610300792,4
1766225415382717672,10.855366422724334,1.787006261402486,0.7828872225666178,0.8080655135262469,4
1766225415432714177,10.813199626737212,1.7860523062241358,0.7827895555266814,0.8080949620967729,4
1766225415482713146,10.738972942111346,1.8123925355704478,0.782726255358411,0.8080982186566456,4
1766225415532734617,10.926162153320096,1.7720992191151341,0.7830569471993155,0.8080876120493443,4
1766225415557726152,10.703536886595867,1.8610241032894277,0.7824885014535651,0.8080992672994021,4
1766225415632722387,10.818050226177988,1.8642159732882762,0.7825396779212304,0.8080945660221269,4
1766225415657714953,11.008519100901948,1.8212199821487949,0.7829626405115188,0.8080497194167335,4
1766225415682718280,10.892289486052253,1.754755865336466,0.7831086247499979,0.808122005437184,4
1766225415732725064,10.781870428182462,1.8071474565532564,0.7828504099642155,0.808111664009451,4
1766225415757719684,10.94566328287705,1.8097471403548027,0.7829698130632174,0.8081191664663998,4
1766225415782717290,10.68310281939544,1.8022341426907003,0.7826749822158658,0.8080788025339608,4
1766225415832726949,11.050493342330103,1.851471415826952,0.7828965127165562,0.8080392120464259,4
1766225415882725027,10.884683621389502,1.7785725485003547,0.7828836590185685,0.8080387686355409,4
1766225415932719107,10.738080904701297,1.858794963073723,0.7825405105899577,0.8081083998051599,4
1766225415957724327,10.580362372152763,1.8726198782625627,0.7823451209235278,0.8080901803666697,4
1766225416032710152,10.720320533919804,1.8273958943289097,0.7826542692624952,0.8081063808452429,4
1766225416057713929,10.438034030619603,1.7828470745079805,0.7825677311970155,0.8080768430786679,4
1766225416082715373,11.055479755145203,1.78281381174374,0.7831179977824877,0.8080941000366413,4
1766225416132724280,10.870062994747576,1.8344888115207902,0.7826121159660235,0.8080284041485982,4
1766225416157722768,10.45165886554511,1.8552094225189488,0.7822467642299463,0.8080692631755972,4
1766225416182722328,10.796808678899318,1.830256269179584,0.7827968207798293,0.8081002513771653,4
1766225416232713111,10.487040680003279,1.7835363535260598,0.7826371614790655,0.8081110141377293,4
1766225416332727310,10.797236062878524,1.819436611579846,0.7828189342493922,0.8081048433269314,4
1766225416357725256,10.854659998468573,1.804350175206955,0.7828571802321274,0.8081174178774503,4
1766225416382725156,10.614209702096922,1.8113651272260276,0.7826869707399179,0.8081095600656729,4
1766225416432726630,10.901583947314663,1.8241926109242401,0.7827327677746322,0.80805990014822,4
1766225416482744745,10.703803881818574,1.7557990132737125,0.7828696213653124,0.8080968178203934,4
1766225416632738536,10.914657551289398,1.7981752534846123,0.7829037329286855,0.8080914319888546,4
1766225416732729591,10.873581396900311,1.8016536288708087,0.7828830065381733,0.8081016942685045,4
1766225416832735453,10.759745356024641,1.840456923191252,0.7825738535549139,0.8080107062269123,4
1766225416882731827,11.13783291325554,1.788052383405375,0.7831632449967039,0.8080122875191325,4
1766225416932736226,10.997227114727949,1.810052279944821,0.7829774987241176,0.8080775997665115,4
1766225417032727492,10.92740766157807,1.8156920011947382,0.7829200970111863,0.8081221205080368,4
1766225417057737541,10.70914675994139,1.776357475371164,0.7827358772346629,0.8080149019180939,4
1766225417082734546,10.98142786133549,1.7717552276448139,0.7830224126117915,0.8080791863537222,4
1766225417132730820,10.8868506595039,1.7559884529700334,0.7830934229474493,0.8080752704840417,4
1766225417157738645,10.986989446040818,1.8152053165206616,0.7829297566711737,0.8080959928012219,4
1766225417182758182,10.76187094450387,1.7854559910192747,0.7828809165376498,0.8081116593928931,4
1766225417232737093,10.911285639931489,1.8093110939642323,0.7828904436548537,0.8081007289020488,4
1766225417257733977,10.750756250780702,1.8103490181666273,0.7827423359950566,0.8080777051620196,4
1766225417282890662,11.133648016369735,1.8351930083001224,0.7830525290837149,0.8080235393158839,4
1766225417357729189,11.028650479564138,1.8452136894310824,0.782829499280633,0.8080324791461195,4
1766225417482743728,10.667779675415767,1.781820935645816,0.7828261767364384,0.8082057466133379,4
1766225417532735694,10.685242351264336,1.8532797466317275,0.7825833809679154,0.8080524861996341,4
1766225417557728150,10.656251690562502,1.8342229443841749,0.7825282647075621,0.8080914344049969,4
1766225417582741084,10.700655962308513,1.7398226500966303,0.7829280330426927,0.8080580682057423,4
1766225417632735835,10.704890499213526,1.8421907102989692,0.7825094153858368,0.8080360367473781,4
1766225417657738921,10.971547989882758,1.793876514277707,0.7828605684968497,0.8080311966509528,4
1766225417682750033,10.948842717363295,1.764375396850745,0.7831533230489539,0.8081694422740542,4
1766225417732736728,11.128016621682612,1.8497326749289118,0.7828641237891012,0.8080542408117823,4
1766225417757731839,10.888518900165177,1.8657349259278406,0.7826527412329914,0.8081131897200865,4
1766225417857744033,10.574989246157184,1.8282670969214039,0.7824301686322849,0.808111741233057,4
1766225417882733584,10.549693216704847,1.8232284562559975,0.7825997256793593,0.808090001369651,4
1766225417932721121,10.859604859050132,1.7920856881309275,0.7827978328685398,0.808026687504013,4
1766225418057722816,10.890032802567063,1.775401623423154,0.7828191116643227,0.8079945987654937,4
1766225418132740931,10.751616861267355,1.7918777479585424,0.7827367204510699,0.8080508224274394,4
1766225418184202781,11.09275417420752,1.7777118855846796,0.783248875319162,0.8081304746602449,4
1766225418232739489,10.650713207409733,1.8345662772929858,0.7826053916726475,0.808141884226412,4
1766225418282733087,10.96887480330977,1.8233708003687548,0.7828981647197767,0.8081032281767819,4
1766225418432732367,10.898852435192508,1.7968008858698457,0.7828846569969207,0.8080135600277054,4
1766225418457735213,11.037986431773227,1.8006538943417985,0.7828549494224658,0.8079929587404788,4
1766225418482743028,10.620884402472663,1.813334468125366,0.7825907168477723,0.8081176129881258,4
1766225418532738380,10.896313372143807,1.8169563249932839,0.7827717713456651,0.8079876143980251,4
1766225418557736166,10.838537891669997,1.8264910966174666,0.7827637553395805,0.8080965409506197,4
1766225418582760452,10.629271552630936,1.7740955720668914,0.7828099878158539,0.808204844829612,4
1766225418657744522,11.117957457988492,1.822493158900771,0.7830004263875981,0.8079882715441881,4
1766225418682811458,10.873793877623328,1.7757585184535332,0.7830108614690303,0.8081164121335421,4
1766225418757743832,10.791951118027221,1.8431756640502421,0.7826638124181763,0.8080474071991025,4
1766225418832730307,10.960903042385727,1.8415955712372083,0.7828615159218145,0.8080584379738944,4
