timestamp,dist_error_mm,angle_error_deg,est_dist_param_m,gt_center_dist_m,visible_gt_tags
1766227150293488114,3.742754373537105,0.7617829389251523,0.9058892578676684,0.9025525903854211,4
1766227150342373163,2.4851031383170685,1.3139138510038602,0.904827612312758,0.9026107838984248,4
1766227150391378318,3.249740140400692,0.9810676272745996,0.9053726160142955,0.9024695921801545,4
1766227150466522448,2.7133855160691445,1.212830372108322,0.9050156105082489,0.9026164543610986,4
1766227150496820274,2.695698295967053,1.1632078443801506,0.9049950009187,0.9025872848760654,4
1766227150543971854,2.2885407740684816,1.1044660877283419,0.9046446206933604,0.9026008553091921,4
1766227150641359102,3.2337941292166494,1.028734230818529,0.9054550491282848,0.9026006373842371,4
1766227150698624281,3.7966221654576193,0.5569872805329651,0.9058686439432878,0.902550316391283,4
1766227150741378321,1.40336024652854,1.197869522788173,0.903875782438795,0.9026278838701661,4
1766227150766373424,4.152758138758039,0.8943522095807825,0.9062949595169006,0.902661388182198,4
1766227150798503796,2.760915128020791,1.2145642798568523,0.9051216938214498,0.9027069173130279,4
1766227150841353476,0.9475347626399788,1.2720164916030177,0.9033694229825264,0.9025472679687944,4
1766227150866360342,3.306544489450447,1.0662358496570878,0.9055284443260061,0.902575158199384,4
1766227150898148240,2.8009819817612636,1.2258308635970743,0.9050917190479206,0.90262194662676,4
1766227150998169382,2.2879065121176323,1.2068511550820138,0.9044885064013009,0.9024394726555968,4
1766227151041349383,1.1277178153180634,1.2525130562069937,0.9034438804579418,0.9024535609348988,4
1766227151066391385,2.992067764843842,1.2555499244185788,0.905132687763854,0.9024752022101694,4
1766227151141353753,0.42313805245630665,1.4682559018101096,0.9029643137023838,0.9026388101919067,4
1766227151166411655,1.1263636301305224,1.328982345132857,0.9036029352649515,0.902633565659559,4
1766227151241356150,2.6679571830960924,0.9457826079686693,0.9049268252476574,0.9025901790032811,4
1766227151268230267,3.366979563618755,1.041072616838619,0.9055543222130198,0.9025608750946347,4
1766227151298123862,1.327711641644691,1.1089175668136275,0.9037028139407854,0.9025321129647239,4
1766227151366761246,4.442171397594619,0.7201372413871104,0.9065215391555016,0.9026507821124533,4
1766227151398307619,2.962584365164722,1.0739181280764827,0.9052612610073433,0.902654433460453,4
1766227151441385458,3.3373501745540546,0.8951118719384145,0.9053948415255779,0.9024416311754994,4
1766227151498259290,1.318656693493514,1.0625441110842613,0.9035637866672344,0.9024064088969856,4
1766227151566428664,3.338840675229604,1.000631346622976,0.9056025370407441,0.9026433544119246,4
1766227151591359818,1.2615288687553017,1.175414915836788,0.9036938519638371,0.9025808000607413,4
1766227151641352620,1.0003767309416656,1.2312197399505402,0.9035625421280407,0.9027170456978698,4
1766227151666410612,3.8377711164977457,0.7753372991246659,0.9058861437306713,0.9025339201461829,4
1766227151691363606,2.2605071677404,0.7241438989900366,0.9044935749934109,0.9025157393478519,4
1766227151741355587,1.5788226915380843,1.0039807428086465,0.9039743883517388,0.9025927374825756,4
1766227151766681102,2.417402813959857,1.3433827752803869,0.9046593393317738,0.9025801145971308,4
1766227151841359226,2.621664379539701,1.1490038558403048,0.9048692254327501,0.9025529378331996,4
1766227151891362488,2.005054650270899,0.7578426434123563,0.9043082769319194,0.9025698393956202,4
1766227151941364427,1.0963693013436027,0.9596654579325162,0.9034633935688263,0.9025465768257238,4
1766227152066376986,1.193521147705101,0.985393967829722,0.9036198953398735,0.9026125052101119,4
1766227152141361986,2.5856598650819684,1.1135809053142947,0.9048168456803618,0.902549354288509,4
1766227152166494078,3.217096675718345,1.0596661274978265,0.9054151638351912,0.9025902874436963,4
1766227152241363501,4.1168787344258995,1.1214338798803554,0.9061747595708026,0.9025758188470577,4
1766227152268159251,3.7414016073398226,0.8143607606385279,0.9059399692845456,0.9026491396291314,4
1766227152291359649,2.1086984784720597,0.7698763994836201,0.9044651102749978,0.9026167748170537,4
1766227152341365115,3.1599967405259166,0.8997109736030486,0.905394343751021,0.9025926541808504,4
1766227152367302130,1.8128375247032924,0.9386066533071823,0.9042129081016199,0.9026131799725294,4
1766227152391367074,1.7806336093981745,0.9609659853316845,0.9041615183820751,0.9025638865333221,4
1766227152441377520,1.4937331095037365,0.9793640226061084,0.9038864260908707,0.9025742048992789,4
1766227152466382923,1.3795302736013815,1.036044083248201,0.9038864260908707,0.9026886526097655,4
1766227152566417940,2.802351810142323,0.8871473287054654,0.9050075552482215,0.9025265601319405,4
1766227152641378875,2.7314758340477585,1.134302128313399,0.9050450983507927,0.9026422917828362,4
1766227152666893726,0.5167708478084343,1.2900353730618688,0.9029184316976474,0.9025081990935059,4
1766227152691364183,1.2175509576192178,0.9836013985988457,0.9035694774966656,0.9025322664823683,4
1766227152741366403,3.4548249182727586,0.8667942311222855,0.9057774963941927,0.9027306184996775,4
1766227152841432940,0.3986548612096019,1.3116993706269913,0.9029623684041335,0.9026588594191263,4
1766227152866417143,0.47723777976893533,1.3023713105355876,0.9029623684041335,0.9025806000866027,4
1766227152891356041,1.6677166462047976,0.8980505640867921,0.9039987286950567,0.9025334471490473,4
1766227152966530978,3.524354989071554,1.1139869627694006,0.9057530872061034,0.9026657618417948,4
1766227153066396777,3.951032494567741,1.1408895481291053,0.9059817254990185,0.9025390650144789,4
1766227153166378414,3.425549467850675,0.8051346635973491,0.9056876157280664,0.9027014458659975,4
1766227153191376554,1.4153532017211479,0.9406902811067711,0.9038770804765239,0.9026655655005325,4
1766227153266367825,1.992754145893505,1.2436570735757284,0.9044576448953479,0.9027551971681054,4
1766227153368063726,3.060358789622075,1.0035366910044774,0.9053092522467862,0.9026248298781713,4
1766227153391461726,1.2299710479244386,0.9867126949706168,0.9036895030030991,0.9026482910722524,4
1766227153466497601,3.56349618168994,0.9269068839104442,0.9057458892485069,0.9026199162340275,4
1766227153541614409,2.75716752318822,1.035663006487464,0.9050046318269234,0.9025410836807009,4
1766227153566455734,2.9572899071654835,0.871746854854337,0.9053210222785594,0.9027209901738797,4
1766227153591365216,0.4321558409025039,1.2362732271520578,0.902904674711498,0.9025851641879881,4
1766227153641377675,0.39898500390533886,1.2504383701179067,0.902998015523346,0.9027207791045992,4
1766227153669608644,0.5361778342906076,1.219871291912315,0.902998015523346,0.9025841325040317,4
1766227153691364576,0.3006157498416373,1.319738611401103,0.9027658062171414,0.9025638381778515,4
1766227153891375489,1.5625715379858907,0.918568242778947,0.903935766523345,0.9025653073954804,4
1766227153941631546,3.0932455715217966,1.0542439745966503,0.9053473564328482,0.9026384667867968,4
1766227153966391808,3.6781933700101854,0.6413787308521474,0.905772165738319,0.9025472900483934,4
1766227154041377088,2.452103834550745,1.1810701181370078,0.9046704007881451,0.9025237490621822,4
1766227154066438436,0.43163291881243016,1.2586350805169813,0.9029641094870084,0.902652838745325,4
1766227154091365432,0.6084385299476303,1.2420672709799094,0.9030245954437586,0.9025376401479581,4
1766227154141375857,3.5075752602375943,1.2027095071550842,0.9056632259084596,0.9026304847042452,4
1766227154166500574,1.5451647838565785,1.1839691520959958,0.9040204040064158,0.9026725905280503,4
1766227154191377596,2.039175761161305,1.0256904033745629,0.9043763394224802,0.9025779895755295,4
1766227154291366616,0.9014897399555188,1.080685145956992,0.9033511579610916,0.902604782234933,4
1766227154441397380,3.251018981184739,1.0532401664525737,0.9054174589264061,0.9025239919940099,4
1766227154541376321,3.098010687136221,0.9134791702987801,0.9054745305187553,0.9027782518575058,4
1766227154641377053,2.899545654603819,0.905654747112942,0.9051566242222939,0.9025919904446884,4
1766227154670347742,0.9941551788565928,1.0584028481591805,0.9034173501776115,0.902577272159419,4
1766227154691380334,0.5278740516567737,1.256211514407822,0.9030685802197629,0.9026546325470668,4
1766227154741399446,4.071253941588915,0.9760667585720011,0.9061431781029522,0.9026129626451364,4
1766227154766576832,3.919222554649271,0.7121061923926022,0.905987384681631,0.9026195681735625,4
1766227154791420060,1.9979298707953896,0.6232462639696568,0.9042821286383135,0.9025926262322238,4
1766227154866957008,4.738269785545701,0.5990716517918204,0.90675981440882,0.9026842627478394,4
1766227154891426122,2.495414382553629,0.5167614867866445,0.904799558818479,0.9026541015533728,4
1766227154941476312,2.503554377926931,1.2435285577590738,0.9048831945342418,0.9027071711724464,4
1766227154992348848,3.254588212408649,0.8213094828499251,0.9054723477074915,0.9026278857112218,4
1766227155041384359,3.3697213912982082,0.8065162985654715,0.9055836309117551,0.9026504227763521,4
1766227155068629243,3.316061520434288,0.8322881357553792,0.9055836309117551,0.9027045283962429,4
1766227155091377582,2.3644553061115126,1.1897488595797467,0.904742969456532,0.9027045283962429,4
1766227155191376040,1.1741412158572384,0.9169860231177511,0.9034999693745328,0.9025211778652334,4
1766227155291377252,1.4369549215504929,1.0572476024135717,0.9038192761764737,0.9025648889733331,4
1766227155341387587,3.487051208521885,0.9762033463582649,0.905602113769982,0.9025729744605024,4
1766227155468846944,3.529851261623973,0.8361453169391274,0.9057030956223345,0.9026231258726402,4
1766227155491391269,3.529851261623973,0.8361453169391274,0.9057030956223345,0.9026231258726402,4
1766227155541395091,3.338101134908622,0.5110860860756823,0.9056447182709259,0.9027393014995896,4
1766227155591377734,1.6840016363919297,0.8731455351229414,0.9042788409945312,0.9028332008361224,4
1766227155641386425,1.7327605374863886,1.3255137278408426,0.9042081472180422,0.9027081964486663,4
1766227155741399621,3.1280880407716927,0.8827578962346045,0.9053791027238751,0.9026696701685634,4
1766227155791608970,0.5613769195037532,1.1774129234668893,0.9030552946679371,0.9026286642247378,4
1766227155841453252,3.3935374223429404,0.6508654479745363,0.9055841384357309,0.9026093852461505,4
1766227155866944699,1.4044354660073255,0.8108232959717285,0.9038943511384248,0.9027254136953342,4
1766227155891380410,1.3762617615090678,1.07954287976913,0.9038928156172422,0.9026805333153738,4
1766227155941541498,2.41034849366506,1.2624673786915046,0.904806838164146,0.9027287570810998,4
1766227155967214717,2.175521865111607,1.3050533289973587,0.9046600386387096,0.9027842224971808,4
1766227155991390529,0.45431235681459015,1.2958233085264295,0.9030523062144181,0.9027110602851518,4
1766227156041961889,3.613059390386697,0.9846029932387705,0.9058497782671339,0.9026556484293772,4
1766227156091839624,1.384821749223497,0.8365315555432182,0.9038703026832853,0.9027066826888756,4
1766227156141428286,3.578891387749916,1.051698645595003,0.9057583983950438,0.9026128715715289,4
1766227156168937076,1.137234599797421,1.1581938532568614,0.9035849140844784,0.9026034488080851,4
1766227156191537797,4.502236112021829,0.7081088575284359,0.9065368888300837,0.9025996934920574,4
1766227156268125670,2.1671686183252215,1.080729673302624,0.904568998298844,0.9026561709634701,4
1766227156291381904,2.1671686183252215,1.080729673302624,0.904568998298844,0.9026561709634701,4
1766227156391381623,0.040955251941920956,1.442401677502302,0.9025230038286675,0.9026645740321557,4
1766227156441382860,2.46800741931974,1.329251580696256,0.9048018141175166,0.9026529142835409,4
1766227156467596846,0.6734899049221088,1.3325207619190766,0.9031737149420693,0.9026256562415135,4
1766227156491390470,1.9805823604307493,0.8512533955883549,0.9043994829295269,0.9026776929161932,4
1766227156541576565,2.5800028679447973,1.167754105459056,0.9050681726477601,0.9028254209371427,4
1766227156568087018,1.8158215063771577,1.1836071158623658,0.9042224789516117,0.9027031727085557,4
1766227156641389102,2.130883663777783,1.4060361606378056,0.9044954124352345,0.9026742468089619,4
1766227156668439059,2.7203474728306754,1.024379283277504,0.9050792234774203,0.9027307427735232,4
1766227156741469433,2.4785686572843524,1.0639908006583638,0.9047930152104859,0.9026278125806916,4
1766227156769277055,2.917021547809928,1.030885835947449,0.9051130571971379,0.9025309986709908,4
1766227156792974528,1.2069665224881954,1.05928267482262,0.9035717101241572,0.9025225448746692,4
1766227156841763857,3.0135706379631477,0.9448848518162531,0.9053894078530503,0.9027165219624417,4
1766227156867413461,1.0652731474500854,1.093899275360206,0.9036110162312744,0.9027013184197201,4
1766227157041389743,3.3705880737199267,1.042071697459009,0.9055674371315289,0.902672507319977,4
1766227157070417680,1.4578588166069828,0.9563999048970349,0.9039164085933653,0.9026827823077145,4
1766227157091386943,1.4149026178288393,0.8765154055966247,0.9038791151940765,0.9026846315709163,4
1766227157141388581,2.9454300657730803,0.9068764084818917,0.9052328687050311,0.9026246335604855,4
1766227157168036192,1.1714612401038105,1.0258333436587226,0.9036510824911548,0.9026487822544375,4
1766227157191397893,0.6324952719789501,1.4001175930197003,0.9031309711256343,0.9026460518747974,4
1766227157241405763,4.031034837990166,0.6419369545205026,0.9062076981658309,0.9027022427093961,4
1766227157291394316,1.3163858590981015,0.9658521730565776,0.9037211228120535,0.9026164484662187,4
1766227157341399972,1.920138773702229,1.2041189168920423,0.9041759456633526,0.9025493164436696,4
1766227157367467662,3.484056158140736,0.9402637307805471,0.905640340745915,0.9026580047062884,4
1766227157441390403,2.0467855214004738,1.2134226430651862,0.9044280897290639,0.9026573703474865,4
1766227157468917668,0.32086282637777686,1.3262386425966772,0.9027481891664733,0.9025346869334093,4
1766227157541388038,3.2586056967924826,1.0463809659368892,0.9054155430945288,0.9025927300912124,4
1766227157591382573,1.420201262006704,0.9730939920684657,0.9037915483836236,0.9025799656694178,4
1766227157667517474,2.252902825677916,0.5103818203217624,0.9046004351617867,0.9027078902179649,4
1766227157691476068,1.0456933136313573,1.0558782504880295,0.9035444888303593,0.9026673369284717,4
1766227157741389079,3.041482586186639,0.9051448050086826,0.9053858478304719,0.9027861134035883,4
1766227157769106181,4.173750200473059,1.0187680023065266,0.9062807089175895,0.9027466787525691,4
1766227157791497688,1.6333679717793759,0.8442612329004286,0.9040916944348305,0.9027196518662066,4
1766227157841394269,2.4173897450049386,1.0777484525643861,0.9047417583407861,0.9026193567490469,4
1766227157868425581,0.5719300293784979,1.250610494290402,0.9031937332414517,0.9027537839973626,4
1766227157891395506,0.7799647018754685,1.2365377992659468,0.9033361647737882,0.9026964257634618,4
1766227157941391924,2.5830904423445045,1.0267850691044886,0.9049334672859849,0.9027033195473594,4
1766227157968109095,0.31636024284387165,1.2491903442567087,0.9028837685486811,0.9026996771378379,4
1766227157991401126,1.669297939475567,0.8049930477226931,0.9040524635443126,0.9026269758179833,4
1766227158041398005,2.494865999866147,0.9762518610885196,0.9049658561571822,0.9028314410645901,4
1766227158068815403,2.162281787203235,1.1767679305177254,0.9046053081034029,0.9027508809227015,4
1766227158091395455,0.4158422360560632,1.2584549861341943,0.9029765579882925,0.9026866141503401,4
1766227158141646051,2.795402815177872,1.2760808988808081,0.9052189095699429,0.9028192458783727,4
1766227158168815944,1.2034894639961768,1.2005818892672604,0.9038423804954465,0.9028192458783727,4
1766227158241453969,2.7934237344869883,0.8364646613590676,0.9051139366834675,0.9027022395465997,4
1766227158267654689,0.9748642759855874,0.9043374676636663,0.9035159781403899,0.9027481033075416,4
1766227158391858874,0.7037645904326428,1.099169308431655,0.9032755507771842,0.902733837653319,4
1766227158441391971,2.438918336057583,1.0639334475404074,0.9048057449289285,0.9026396795392754,4
1766227158541406778,4.751876906096686,0.40350692614864464,0.90670972175163,0.9026925321118535,4
1766227158568178131,2.8335718796808074,1.0821495628251796,0.905239353399711,0.9027767873836521,4
1766227158768142132,0.7834180780161848,0.9418777969266061,0.9033098436837438,0.9027147464369768,4
1766227158791387855,0.8805130003398665,1.0664137078122624,0.9034057682798728,0.9026923753305673,4
1766227158868205701,0.9016295805354124,1.1093874795745278,0.9033532215146295,0.9026062898521748,4
1766227158891394978,1.9812049953289446,0.8453668541795518,0.9042863955846486,0.9025575031032201,4
1766227158941404691,3.4174687829618966,0.9959812333116287,0.9056313970929067,0.9026486717969423,4
1766227158969736850,2.8419020453555044,0.8808271619612041,0.9051186539940725,0.9026915058783935,4
1766227158991616554,1.230147320242514,0.8509261106958312,0.9035662060133025,0.9025541296198168,4
1766227159041514637,2.673226610829693,1.0916687632958646,0.9050294048603987,0.902745935072051,4
1766227159068665855,2.2502824132704102,1.0993910670903528,0.9046210691137498,0.902705022171974,4
1766227159091430674,0.6636912164668107,1.1245483853676377,0.903148576103185,0.9026406339682967,4
1766227159169487168,0.8648698164046564,1.1294971127396138,0.9035761736368302,0.9028604131598579,4
1766227159191389365,0.392951371937067,1.2378369449268656,0.9030797109707571,0.9028161391571955,4
1766227159241390712,3.3647693412898194,0.819414205702905,0.9055580269045092,0.9026585751902224,4
1766227159268760892,1.2075571143997932,0.9116898085900851,0.9036861344949763,0.9026935137828673,4
1766227159291392290,1.519847997835777,0.8941020192531074,0.9039478459539102,0.902655015932566,4
1766227159341418694,3.177606520193277,1.0820244740613518,0.9055191143658637,0.90282076505566,4
1766227159369019497,2.9593690199348766,0.7615542455890276,0.9051253933542338,0.9025449631849992,4
1766227159391395575,2.432216655437025,0.453525354912454,0.9045921620515376,0.9025608780190179,4
1766227159441409415,4.159417108407171,0.892560428066751,0.9062636436657666,0.9026898358039002,4
1766227159491538813,0.340994745547718,1.2602994165932624,0.9028014723346602,0.9025863363880834,4
1766227159568712768,0.36514268512255477,1.2235741703584349,0.9029934217423661,0.9027583529779758,4
1766227159591525537,1.935746285783746,0.5567040939918458,0.904284462649808,0.9027011848847447,4
1766227159641560026,3.0567432899206715,0.9063669033932726,0.9052765546029073,0.9026698240845754,4
1766227159668684784,1.3102605775570098,0.8439193476362893,0.9037242928620193,0.9026551167559345,4
1766227159691394579,0.3164684469275647,1.2946516856229346,0.9028333732461385,0.9026347316020232,4
1766227159891403945,1.6095534005069467,0.7858429833541286,0.9039939401153896,0.9026340908086735,4
1766227159968649043,3.417155715881748,0.8999546486775898,0.905710055548288,0.9027631215822338,4
1766227159991406679,1.5746938676095557,0.7922079154763653,0.90408447594307,0.9027644567583983,4
1766227160041411102,3.1059749754908106,1.1298970809779114,0.9052726442539508,0.9025606978296795,4
1766227160068740424,3.6255954971272653,1.0956421314424059,0.9057590279456835,0.9025740245446546,4
1766227160091404544,1.308817144128338,1.1267423009946793,0.9037326789955227,0.9025907103752441,4
1766227160141407303,5.0995273835240384,0.7267538222301738,0.9069697768428832,0.9025954410382038,4
1766227160169076775,2.2452368704285464,0.5949503636507023,0.9046908230034413,0.9027730389153948,4
1766227160193573381,1.2352116086487008,1.016347188250567,0.9037498391925785,0.9026977844049674,4
1766227160241411700,2.9134471333043255,0.9892627223371318,0.9051998537067176,0.9026796563732234,4
1766227160269118322,1.0955534041473536,0.9365482893677443,0.9036227664459062,0.902727387388134,4
1766227160291409891,1.0318230974984965,0.9311211975300074,0.9035150552498289,0.902675084103074,4
1766227160369480201,2.9647116435667087,1.0423431754291497,0.9053383531812805,0.902763465748848,4
1766227160392322165,1.2365822553845884,1.0820880948657075,0.9037609384764131,0.9027019719207479,4
1766227160441544377,4.150820099980801,1.008932634820097,0.9062360666928044,0.9027176082672439,4
1766227160541415312,3.0593090877090168,0.8379995985935766,0.9053739462597558,0.9027929270830524,4
1766227160568672549,3.0423546256032052,1.1979738176924766,0.9052502056134664,0.9026459410693443,4
1766227160591857278,0.764806024650122,1.2316151170335454,0.9032628650606072,0.9026553019045727,4
1766227160641402387,1.6285014628614203,1.3148955992715399,0.9041827658304967,0.9028280552853271,4
1766227160668837999,0.5985873972408351,1.487451384501335,0.9020875187602438,0.9027602206833365,4
1766227160691396870,1.2220065525397894,0.8174124350185545,0.903731597546242,0.9027487179967154,4
1766227160741411302,2.6667136827182025,0.9631689149450695,0.9049718172725755,0.9026557990899985,4
1766227160769052952,0.0014366794296449825,1.2852885793798858,0.9026294704190885,0.9027388301677098,4
1766227160869113955,0.9754863646247447,0.8936759385295268,0.9035431683851322,0.9027771497820788,4
1766227160891862854,0.4395684135113376,1.2116682744192748,0.9030524081207574,0.9027503309321359,4
1766227160941414695,3.1527637169033174,0.9020581381562573,0.9054069806863572,0.9026676854765203,4
1766227160969367740,3.0855130793633334,0.884143102321141,0.9054332554495942,0.9027925192458042,4
1766227160991984491,1.4666346157383714,0.900765181899688,0.9039391171982157,0.9027052496554628,4
1766227161041423490,3.004849462952097,1.1539622185089866,0.905268459960546,0.9026782272862144,4
1766227161070703190,1.9733634957120882,0.784583353102063,0.9043840027185646,0.9027039743522147,4
1766227161092098594,1.1967028266587354,0.7562683956459467,0.9036646113438458,0.9027266732188934,4
1766227161141422767,2.1765006043227286,1.1275325272688828,0.9045979926988658,0.9027325525223676,4
1766227161193376866,0.7411618325864344,1.0181467768361245,0.9032816414390907,0.902713047940184,4
1766227161241426382,3.06831647332384,1.034773720774378,0.9054656674101399,0.9028278914280005,4
1766227161269997209,1.0655003293656984,1.045635411057534,0.9037212490538783,0.9028435518575734,4
1766227161292561211,0.1758977882796442,1.3718064848739175,0.9024933473919913,0.9027739287885095,4
1766227161341413035,2.8021049978723678,0.9603965397488268,0.9052388395823765,0.9028735392075755,4
1766227161469691240,0.8873346647397806,1.0094343355490827,0.9035802937828691,0.9028831271144754,4
1766227161541626223,2.2320695549585823,1.111711212937989,0.904791687006891,0.9028773489864752,4
1766227161569758715,3.1488404955971605,1.0720239134272487,0.905422486512546,0.9028024952435622,4
1766227161592029184,0.9648719535013672,0.8684548926685406,0.9035594481198135,0.90283114708914,4
1766227161641416116,3.3391591700466794,0.8126956370260853,0.9057243086591426,0.9028824843038781,4
1766227161669714290,1.3645920142484336,0.8260116689295335,0.9039081131446004,0.9027863957397856,4
1766227161692127648,0.17097546027611266,1.2446663247433272,0.9027834522081138,0.9027389801729201,4
1766227161741426553,2.176358216032237,1.2006674495694005,0.9045272201863548,0.9026273506852425,4
1766227161769838712,3.266642691515109,0.7017191020970044,0.9055614864736456,0.9027687335452099,4
1766227161792811602,1.049940648338743,0.8531200145164691,0.9035314555845613,0.9026991146177014,4
1766227161841456147,2.3679206758953075,1.052538113293463,0.9049620072475749,0.9029734784207114,4
1766227161871876031,3.977633517375345,0.7369606795064657,0.9061972667661433,0.9028372559489672,4
1766227161891966932,1.4765780232359749,0.7558981872346402,0.9039983562436794,0.9027910607265525,4
1766227161969695679,1.258101875065365,0.967207321821924,0.9039136333192217,0.9028928405354066,4
1766227161992146538,0.7095647346402334,1.2298461891388566,0.9033833909689647,0.9028392828363979,4
1766227162041472083,0.766966071596209,1.362723201281744,0.903326060506348,0.9027627147216225,4
1766227162069730663,4.843550652208317,0.5296772814618959,0.906817094039922,0.902819273207312,4
1766227162091979051,2.6948650425486775,0.26039930830907526,0.9049362349468992,0.9027469920982012,4
1766227162141420835,2.034614938878021,1.1699515318323392,0.9044213341412949,0.9027198887770612,4
1766227162192847021,1.392457743052744,0.9239060275355905,0.9038868833983402,0.9027035988533272,4
1766227162242559665,2.9415265388730294,1.0466516027145005,0.9053354795338496,0.9028018935027062,4
1766227162270115102,0.9805311940935812,1.0856664502404372,0.9035725840956874,0.9027720871441046,4
1766227162341417244,3.0950245693579514,1.1106407651922536,0.9055377454699726,0.9028867489284979,4
1766227162392784770,1.8736862271948596,0.6527859058793054,0.9042961711837316,0.9027180762231604,4
1766227162592681641,0.9673467432652627,0.8986219613061934,0.9035536123610757,0.902793569605475,4
1766227162641448536,3.377754284379808,0.8505269441179314,0.9056467475513044,0.9027021373715404,4
1766227162670360956,0.8448923208136394,0.9869166771789278,0.903551772621371,0.9028903587172472,4
1766227162691940876,0.6299652817393087,1.0479140281009638,0.9032907153131277,0.9028348926214974,4
1766227162741409851,0.6079661920940227,1.332976056893574,0.9032310962999335,0.9028039495786777,4
1766227162770597879,2.707778755913992,1.2048229572853963,0.9051545139072495,0.9028370419679765,4
1766227162841419047,2.8461746108755515,0.8403677614290325,0.9052304267701342,0.9028376107613703,4
1766227162874370070,1.9446177849072876,1.11068856467874,0.9044710501395334,0.9028359971035732,4
1766227162896131863,1.4156953140916917,0.8306591657360992,0.9039915434688327,0.9028306934625575,4
1766227162944349184,2.318209111071723,1.1215740047349518,0.9049054160605001,0.9029134507639504,4
1766227162992901466,1.0291196622245202,0.9384892875216599,0.9035246813309062,0.9026885656600234,4
1766227163041659865,0.5268189382009458,1.550160760587835,0.9029945646467769,0.9026317240031169,4
1766227163070120104,3.36561954099579,1.1586626831487141,0.9056392303960239,0.9027618444640476,4
1766227163141435271,3.3483071756377214,0.7832512044975315,0.9055591646349835,0.9026638875685262,4
1766227163170052274,0.44814913001856027,1.101509811883845,0.9030614138112483,0.9027635023067767,4
1766227163241615637,2.8351599896540014,0.7858491037425147,0.9052275269731592,0.9028120473973588,4
1766227163270737530,0.7429348418961368,0.9999371778207033,0.9032647335367308,0.902699646524103,4
1766227163292567241,1.0395271121342864,1.0173371609631374,0.9035433564183779,0.9026945503818501,4
1766227163341427872,2.626928581299426,1.2849518413093461,0.905018325370361,0.9027591589972523,4
1766227163369891457,0.25283763528716197,1.3727112585684709,0.9029289307329645,0.9027945899673624,4
1766227163441433440,2.339088827464697,1.1505676340929645,0.9047830588417459,0.9027751285589999,4
1766227163471020557,0.3444955808128425,1.224891770959516,0.9030211863953221,0.9028056010382107,4
1766227163492382658,1.0973338295012791,0.9681063612419171,0.9036493677559627,0.9027450207624329,4
1766227163541425272,3.406816194224893,0.8852614906403063,0.9058033685125613,0.9028867647713447,4
1766227163593451506,0.9572602018755871,1.0636790814695165,0.9034775539621522,0.9026821157341545,4
1766227163641597854,1.7246633854071103,1.1772232565768677,0.9041678634103809,0.9027055960881507,4
1766227163671074594,3.3862573054997958,0.9118276669771171,0.9056543188386543,0.9027308216599091,4
1766227163692760594,1.016613702959468,1.0398347637116305,0.9035500950671029,0.9027131730996432,4
1766227163793124486,0.6031440083963391,1.0660467756409744,0.903066171314524,0.9026269574714919,4
1766227163841426606,3.5432161414826746,0.7349295364783677,0.9057860353002442,0.9028148033412141,4
1766227163870572004,1.1866844892990391,1.214659929433145,0.9037949457294997,0.9028466275428255,4
1766227163892473910,0.649006281522202,0.9920933396436649,0.9032677046727419,0.9028029883796789,4
1766227163944308393,3.6527097139035236,0.9624674601138882,0.9058442708747086,0.9026785516120266,4
1766227163944308393,1.162615628752972,0.9386668131630838,0.9036107675719871,0.9026434418219721,4
1766227163992850295,0.20623792582397105,1.1800835075536076,0.9028673050374539,0.9027978081595718,4
1766227164041437502,2.9200996817118074,1.0670358893384286,0.9052774149185095,0.9027556206376478,4
1766227164070765162,1.8177312930606204,1.0141549161709482,0.9042626434069444,0.9027002822578849,4
1766227164093023368,1.0360173360730585,0.9043926934511981,0.9034593591795717,0.9026345070579872,4
1766227164141439212,2.2980725448359385,1.0201718549782486,0.9047876344334944,0.9028129676668593,4
1766227164194244020,0.33334773268367535,1.1450883804230116,0.9028727460923014,0.9026806652861847,4
1766227164271034753,1.6692484966404075,1.1086936114301718,0.9041554521798211,0.9027438015428046,4
1766227164293641845,1.1217276060838666,0.8908281415479185,0.9036571082427577,0.9027534454969921,4
1766227164341436983,2.7822131342178924,1.1563971535178657,0.9051340959340756,0.9027617752628283,4
1766227164393108529,0.3888487631222848,1.1328730448801994,0.9030024222423356,0.9027761069494465,4
1766227164441458169,1.2941237894894542,1.128784162623487,0.9039504872781261,0.9029148281313304,4
1766227164492915714,1.5812079154294834,0.5812313797121033,0.9040783880060278,0.9028266356589555,4
1766227164541445953,2.9303889946930006,1.0678347729087037,0.9053635636029287,0.9028108628583682,4
1766227164670762730,3.619915581961175,0.62569694096447,0.9058696412814284,0.9027666266822654,4
1766227164741439375,1.5372176606370802,1.3342829401045087,0.9041578387195889,0.9029058720837837,4
1766227164771217262,3.0136664485401754,0.8741512756320874,0.9053692338620413,0.9027929302167592,4
1766227164793237721,1.3932218054414358,0.7530213005659842,0.9038475761360204,0.9027194705782765,4
1766227164841433802,4.017319161873312,0.7327335235313491,0.9061898777520708,0.9028277317801289,4
1766227164870772943,3.6195555539347835,0.5867140883675438,0.9058307803524205,0.9028023275167727,4
1766227164894063530,1.1822343760675702,0.6773391934995718,0.9036924172237132,0.9027956159518277,4
1766227164972445706,3.023696121142505,1.0990019984110013,0.9053557457099931,0.9027992109597348,4
1766227164993725913,0.9381951050911885,0.946615106179581,0.9034781784040655,0.9027380952325805,4
1766227165041605930,3.4811664690208577,0.891148386574196,0.9056052036229782,0.9026143636652935,4
1766227165094209289,1.5704680707796514,0.7450799736815545,0.9039463734973902,0.9026454811485878,4
1766227165141441628,3.4595544216826646,1.0169372241749495,0.9057852188982652,0.9028560941917345,4
1766227165193530730,2.566502994707176,0.3805110182401943,0.9049208493014221,0.902766621896281,4
1766227165241436395,4.452498624044399,0.8852036284358945,0.9066014126701332,0.902875102868198,4
1766227165341434338,3.3526052782369975,1.0086532288220114,0.9057424273074985,0.9028850653376416,4
1766227165372180084,3.5681904320240543,0.7883163748819183,0.9057165877477881,0.9026741714673928,4
1766227165473007136,1.8653991407481252,0.8283297686911159,0.9044559443556356,0.9029194901266502,4
1766227165473007136,0.21331798918211575,1.0041205522606609,0.9028419090664346,0.9027937710895234,4
1766227165541461582,1.4698999510042166,1.2867706087378008,0.9039440231580201,0.9027405363059818,4
1766227165671382675,1.1313604886981077,1.1158712866489697,0.9037183990587595,0.9027830775991453,4
1766227165693596357,0.2112575927502025,1.2500343040274635,0.9023348473870083,0.9026455308161344,4
1766227165741442089,3.4285898766573952,1.0071937070583383,0.9056900859737628,0.9027284137044799,4
1766227165771318210,1.119070785036591,0.9616876351982303,0.9037988018902916,0.9028918657929373,4
1766227165793558883,0.3872301233710518,1.1106068195836885,0.9030320696949603,0.9028000975711906,4
1766227165841427188,3.8748254115792413,1.0868052081700352,0.906195599584907,0.9029228812849011,4
1766227165874561456,1.4095816767705216,1.1164827183768498,0.9039303022596612,0.9027692052619428,4
1766227165894520478,0.6208233758302484,1.0208062022063482,0.9031297620278138,0.9026824791791938,4
1766227165971529491,1.0270061241377526,0.9283827563813511,0.9037625644880405,0.90296996405528,4
1766227166041441669,1.6176424449164672,1.1339219063561174,0.9042270835281428,0.9028806528045353,4
1766227166074541582,4.170557175899647,0.630561117238689,0.906503449611362,0.9029795364723593,4
1766227166093631339,4.170557175899647,0.630561117238689,0.906503449611362,0.9029795364723593,4
1766227166141567793,2.9800043949126387,1.0770713721414364,0.9054540389039312,0.9029066616106846,4
1766227166171752664,1.3365877823500183,0.9545212718529544,0.9038490321210306,0.9027245940526575,4
1766227166241445068,2.463665908393864,0.822045894742055,0.9048721348989163,0.9028013300129728,4
1766227166271716663,0.09934446783876894,1.1973359273818989,0.902549797679062,0.9027853988731939,4
1766227166294437559,1.0076762785603544,0.9047158101078082,0.9035110978373775,0.9027164368158045,4
1766227166371473552,1.8950509861109799,1.2766117010215008,0.9044316863465305,0.9028117815966066,4
1766227166393875688,0.5981883909302876,1.268064667058687,0.9032028020770569,0.9027413585345502,4
1766227166541432754,2.7313999980936865,0.7647111628645432,0.9051034886478976,0.9027895992532589,4
1766227166571650898,1.3777124893088466,0.7091711919696174,0.9039330903507031,0.9028365983726494,4
1766227166593701934,0.9752056906229267,0.9648334263458337,0.9035641160143626,0.9027863050834055,4
1766227166641437149,2.80863762745609,0.8646650082126741,0.9051717115944911,0.9027826030044992,4
1766227166694885607,0.9004029068890862,0.9749064387042009,0.903572993235979,0.9028782106073799,4
1766227166741446453,1.5449407542365012,1.0915436809301264,0.9040957740218873,0.9028121076334402,4
1766227166794324278,1.1179783624738482,0.6921774577837674,0.9037149500348829,0.9028825005950187,4
1766227166941434934,2.8895926503663683,0.7597190438022566,0.9052026415404826,0.9027223091967869,4
1766227166996283264,1.161149787914928,1.0016908333007184,0.9037099199625118,0.9027411958492201,4
1766227167041506585,1.4715689693239886,0.7396153983896889,0.9039847485288477,0.902793925842497,4
1766227167072047085,0.5340158977983345,1.1622014186811584,0.903233772532359,0.9028729450615611,4
1766227167141467548,0.5788087420846022,1.4876265215346987,0.9031503878714002,0.9027430024247416,4
1766227167172233141,0.050212984473385625,1.2845255338900683,0.9026955239617657,0.9028599153271144,4
1766227167241505535,3.084258612837232,0.8135702869717587,0.9054094306481484,0.9027634872636379,4
1766227167294712138,1.0026095422330794,0.976057897601392,0.9035224003688714,0.9027115454594277,4
1766227167372428761,3.298240712935052,0.956628743692205,0.9055799936600452,0.9027462754527851,4
1766227167394446876,1.218978940049853,0.9406653740929988,0.9037732664732651,0.9027665934842979,4
1766227167441445655,1.6549306063652347,1.0786893920977463,0.9042898067000233,0.9029072593658012,4
1766227167594753244,0.26309222453968495,1.0723825628897974,0.902792255523482,0.9026874453049555,4
1766227167641573627,3.294949087205623,0.7565764700421723,0.905623093220043,0.9028386459421252,4
1766227167672135648,2.2718538365399388,1.256920160906716,0.9047377402296056,0.9028807390306696,4
1766227167694371111,0.022797020728160255,1.315641980819288,0.9027135305111639,0.9028816572363674,4
1766227167741443819,3.484663188103254,0.8296794472814782,0.9056872258975363,0.9027101967224298,4
1766227167773762584,1.374895774744922,0.7840338824484953,0.9038577269782267,0.9027375850090069,4
1766227167841441892,2.252633681572136,1.1860644566078191,0.9045570482495369,0.9026929391078653,4
1766227167871995457,0.09551044434141787,1.2233522120415723,0.9028529830831089,0.9029149705784482,4
1766227167894938650,0.6420229293795376,1.020622639527244,0.9033684719727102,0.9029067664407954,4
1766227167941444573,2.158611152548673,1.1252965169186537,0.9047042785639244,0.902877658546258,4
1766227167991406194,0.4600470100770693,1.1333117925065632,0.9030472618444697,0.9027372144673235,4
1766227168043778147,0.2053700190398633,1.2889266216893072,0.902577638327836,0.9029022577391642,4
1766227168074905791,3.434216936399226,0.761470142922397,0.9057570610777829,0.9028518889618198,4
1766227168097006932,1.5232594210446981,0.7431602102548832,0.9040421535881229,0.9028024094226557,4
1766227168141893709,3.7329356964819205,0.9576602156120807,0.9059307819856195,0.9027499054881845,4
1766227168173654344,1.9465244543861449,0.6405599762117058,0.9043429685883838,0.9027102710424004,4
1766227168194865461,0.5591494359316052,1.0070397365224502,0.9030678992355348,0.902689849263926,4
1766227168272042589,1.0300747753041462,0.7177928657870123,0.9036215603840074,0.9028667593779274,4
1766227168296583718,1.2438970284504025,0.8149064362216547,0.9038291181995242,0.9028309992189972,4
1766227168341691651,3.6426525512816,0.8619753529826052,0.9059200994359773,0.902832131021369,4
1766227168441557464,3.8876831765719544,0.8606640893746261,0.9060757456422076,0.9027929959930655,4
1766227168472872872,3.0808244805751173,0.9872047506385574,0.9055219251933454,0.9029057265103149,4
1766227168542071266,3.0840458826011385,1.1135384887194004,0.9054879183755337,0.9028587288134718,4
1766227168573221443,0.963684071657811,1.0135358359807125,0.9036767777007245,0.9029134328267614,4
1766227168641939534,3.0917124268833307,0.6899538049750242,0.9055739529594691,0.9029487237269997,4
1766227168666472968,1.203009712581471,0.7794689833052129,0.903864124976641,0.9029089357050735,4
1766227168691464223,3.0876978057839954,0.9651178441969405,0.9054526346932547,0.9028463950099982,4
1766227168774579247,1.0456229685699148,1.2586984673780826,0.9036444161520744,0.9028243392210072,4
1766227168791463227,1.0456229685699148,1.2586984673780826,0.9036444161520744,0.9028243392210072,4
1766227168895193127,1.2539535775876187,0.8683566111770731,0.9038561556691573,0.9028184162491208,4
1766227168941620491,1.1698701807018042,1.271025641460311,0.9037678095546663,0.9028306491501842,4
1766227168994935017,1.3431432480933703,0.6699762373438527,0.9038093985614498,0.902757119252328,4
1766227169095421748,0.14938396212926808,1.1035282106070832,0.9028240039974608,0.902823696698651,4
1766227169141577502,3.244846759175246,1.0891239850350993,0.9054918145570477,0.9027456292080427,4
1766227169173233249,1.0651053414973966,0.9194463351731428,0.9036854269134683,0.9028425036738303,4
1766227169196510621,1.1939319512948021,0.9857818349962669,0.9037094710176216,0.9027387265251368,4
1766227169273384328,0.7904019252464867,0.9310326016807857,0.9034738409757167,0.9028835468882913,4
1766227169291464788,0.331590791744496,1.1661802142924498,0.90299660959661,0.9028005315632421,4
1766227169373633662,1.5077854980364291,0.6841439670970482,0.9039921566119108,0.9027782550967424,4
1766227169441507256,3.182208050567348,0.8055935127867382,0.9055747725306492,0.9028319726105036,4
1766227169495917552,1.6177942955876157,0.7341880438721952,0.9040372565607689,0.902688188200875,4
1766227169541466033,0.2832476532831363,1.3406089146837108,0.9030404960378509,0.9029123482714426,4
1766227169566465343,0.33578917644183637,1.2730721256537716,0.902348577929133,0.9027883977427354,4
1766227169595583950,1.748285249274395,0.8388194623501543,0.9043059754379531,0.9028406089152471,4
1766227169641453685,1.7216294051414227,0.9824429904212372,0.9042979130352791,0.9028608413899586,4
1766227169672856767,0.5664183411734358,0.8622969574521948,0.9033277850372757,0.9029787562761306,4
1766227169695610885,0.3946022436946972,1.0979965722666378,0.9031460720484993,0.9028997733091976,4
1766227169742088915,2.809218278121639,0.9120992349162678,0.9052417512174791,0.902881082931135,4
1766227169873366927,1.2268531807348992,0.7820286195005441,0.9036947412715608,0.9027272770704711,4
1766227169941468940,1.8183681496780624,0.9068062367829821,0.9043075463477627,0.9027790629472664,4
1766227170095640663,0.8263341174830074,0.8248498010948073,0.9033730775451094,0.9027686005067734,4
1766227170173569073,2.735801050415043,0.965155933015339,0.9050066028067485,0.9027046372884334,4
1766227170195941634,0.4181207843546586,1.1214387066817706,0.9029185157864958,0.9026667099640863,4
1766227170241742009,3.919051045813582,0.6311027981015813,0.9060781852619857,0.9027309547945195,4
1766227170266469348,2.0342170770714096,0.597008985831587,0.904349938824331,0.9026444857856754,4
1766227170291447558,0.516611162940328,1.0615621001975506,0.9031772687004194,0.9028369860834458,4
1766227170345576254,2.8189550860955315,1.0080288243691475,0.9052769108244014,0.9029014350450629,4
1766227170366464544,1.0370864122126733,1.0105245620095418,0.903660552463663,0.9028328589571087,4
1766227170391452332,0.5491021300279009,0.9105063092166851,0.9030974607807565,0.9027625416125614,4
1766227170441745496,3.8937155111024024,0.8278795855290781,0.9061513144601753,0.9028410713777428,4
1766227170491425867,0.027567515383908336,1.2565202829729272,0.9027433063967586,0.9028398111781143,4
1766227170541480643,1.6183904904363278,1.085370014196808,0.9042679850279249,0.9029482188814203,4
1766227170566476566,0.07197857385399242,1.0917831061834538,0.9028151737016538,0.9028948411018848,4
1766227170595714076,0.31486163040383985,0.9975978941924308,0.9029797630691577,0.9028371236899834,4
1766227170666461964,0.20334862577131574,1.2377454891168014,0.9024790377195361,0.9028007574897177,4
1766227170691417992,0.04201813199367077,1.165782187042203,0.9025944858355595,0.9026783868060358,4
1766227170766471006,1.3673879942787126,0.7514549764619177,0.9039004432546893,0.9028065114339533,4
1766227170791458133,0.4595788749522933,1.1315081730272933,0.9031517063853998,0.9028548467624169,4
1766227170841465108,3.2322986643530394,1.2310009078024378,0.9055498806038854,0.9028266843529318,4
1766227170866459699,1.272830981042694,1.0218558706672745,0.9038358028541589,0.9027870532528784,4
1766227170891463758,0.25156053246955246,1.1138408222387806,0.9030149503510542,0.9029179438423786,4
1766227170941470964,1.0232107300207627,0.8716100113851172,0.9036646260996841,0.9028697844211545,4
1766227170966462540,0.6108620863346514,0.9509202572170263,0.9032248527305667,0.9028059875253853,4
1766227170991462972,1.1621549685745247,0.8322121620278754,0.9038529642997047,0.9029449436173106,4
1766227171066461913,1.3695066801699962,0.8690414164669146,0.9039842519626397,0.9028568504838723,4
1766227171141464492,1.3133672037418664,0.6475859160260463,0.903863322693059,0.9028478556991706,4
1766227171166463862,1.1450576126832424,0.9781758472576844,0.9037561791551908,0.9028297284659363,4
1766227171191452141,1.355505067170304,0.8703233825391501,0.9039587458020734,0.9028522230471601,4
1766227171241473133,2.560076100447173,0.8194575714528721,0.9049578383685853,0.9027859708990086,4
1766227171266456994,1.1379231715122895,0.7929921345491445,0.9036284472438751,0.9027345090546289,4
1766227171291451274,0.12575150016225223,1.226062871977377,0.9028022629811417,0.9028096044514624,4
1766227171366423525,0.08652383187490731,1.1472436458555155,0.9028169234935247,0.9028757517834474,4
1766227171441470157,1.4279603852063172,1.2883504542224942,0.9039642116062532,0.9027999886301191,4
1766227171491460080,0.43385746338475695,1.121365122927723,0.9030069789090882,0.9027409754796742,4
1766227171541743084,2.723553207473195,1.051895393830978,0.9053264048428512,0.9030231262542926,4
1766227171566459262,0.4477185650203497,1.0936562513923105,0.9032851661307434,0.9029994593307428,4
1766227171591460435,0.49040821970847137,1.0587360920726165,0.9031287083980581,0.9028067079426775,4
1766227171641467050,2.1357196455663585,0.8308152186042488,0.904596798927217,0.9028108906580459,4
1766227171666459757,0.9077001091650772,0.8106837287844805,0.9033783213396517,0.9027130992007367,4
1766227171691471080,0.6931174606540358,0.8725767228495382,0.9033688108744308,0.9029031773146099,4
1766227171791453822,0.8815185829260663,0.9381001418196037,0.9035400680667433,0.9028734696716564,4
1766227171866460067,0.4439573171305389,1.3300075888666474,0.9023097621821137,0.902853172602058,4
1766227171941485478,1.39581229837904,0.9191157714583503,0.903928169410048,0.9027814246858348,4
1766227171966454772,0.5086122665450832,1.110640329421393,0.9031251959937312,0.9027684555681111,4
1766227171991455224,0.7617273770460509,1.063541440881543,0.9032499336023949,0.9026565210894103,4
1766227172066460718,0.1511807546930033,1.2713524674867338,0.9025416316428494,0.9028164633041278,4
1766227172091456331,1.6077208852013358,0.5492133081509567,0.9041753745767911,0.902913135818923,4
1766227172141666759,3.673391802311521,0.8473401636958505,0.9058233579095992,0.9026445736748406,4
1766227172166466884,1.2791307618997827,0.8854573642194117,0.9036631720444973,0.9026008143622807,4
1766227172191470712,1.27652860946037,0.8619589952078976,0.9037874074999054,0.9027683803996888,4
1766227172241473309,0.8701327733930952,0.9463000029539779,0.9036195047584245,0.902965111451189,4
1766227172291473672,0.16360652006119913,1.3359304566258163,0.9025537578415174,0.9028162287444302,4
1766227172341466060,0.03447463730310574,1.066278986294392,0.9026611645515306,0.9027830384892501,4
1766227172391475089,1.1168677425225093,0.8684908624692577,0.9036842293825631,0.9028149345121422,4
1766227172441523382,1.5932444965782722,1.164439966315803,0.9041431975355373,0.9028673091041389,4
1766227172566457423,0.21987456483485435,1.3069383876915894,0.9024160320357641,0.9027355421359954,4
1766227172641546664,3.050633128729552,1.2209896882323732,0.9053767223859688,0.902808670135741,4
1766227172666457177,0.6072023565902862,1.2278753050245688,0.9032175263752807,0.9027746086653763,4
1766227172691471825,0.4118068121448104,1.110945720322805,0.9030738439773641,0.902835214449945,4
1766227172741593436,1.2166119839576162,1.1188904874895265,0.9039062331399335,0.9029304699181026,4
1766227172791462853,0.8433854529640294,0.8559421755953458,0.9035195525663933,0.9029001971120286,4
1766227172841487862,4.3890994867299415,0.8378745667955492,0.9063529151526883,0.9026349089756871,4
1766227172866464229,1.4209903269934987,0.7058806490170085,0.9038353456854411,0.9026973395933088,4
1766227172941470173,1.7040928396007127,1.1126332279111408,0.9043965154316368,0.9029489014902975,4
1766227172991463863,0.6436370090162624,0.8505831774166316,0.9033758474156403,0.9029662588171427,4
1766227173041855392,3.3063162219195696,0.6241326610373019,0.9057595130066887,0.9030014963599171,4
1766227173066464648,1.2043325276434036,0.6510761663684009,0.903787361506174,0.9028888036591305,4
1766227173091475810,1.1069017617479915,0.8766702672398211,0.9037354626171055,0.9028606519929295,4
1766227173141519965,2.6613236830760334,0.9235248631036016,0.9050853983279623,0.9028336389172421,4
1766227173166515858,0.29156551059394964,1.106436394207603,0.9029693506477049,0.9028370454567733,4
1766227173191480273,0.6047875265866587,1.0347157517594423,0.9032570792648087,0.9028414539189623,4
1766227173291457704,0.11875321792409466,1.0770415459018532,0.9028726095500991,0.9029113641263079,4
1766227173343033499,0.7346127994477536,1.387177242467312,0.9020464454077217,0.9028734697116856,4
1766227173366480851,0.7640503810721899,0.8923754250059864,0.9034141771205789,0.9028604929356674,4
1766227173391474409,0.079522844333213,1.1223853331013662,0.902809664894727,0.9028655380391291,4
1766227173466460947,0.6956659005467047,1.022038949949842,0.9033018986254481,0.9027906239305326,4
1766227173491461699,0.045584269115384046,1.3582632644369608,0.9028302927866896,0.9029049878265506,4
1766227173542141219,0.856077524591603,0.980820863925323,0.9035730030142652,0.902917843905781,4
1766227173566468044,0.10936670095029744,1.1683486736191901,0.9027908894568171,0.9028266579620535,4
1766227173691472487,1.4530055815361598,0.6769320250937825,0.9039463251590693,0.9027903871606139,4
1766227173791488121,0.7314645233010841,1.2343154996497445,0.9022408472561986,0.9030891262530133,4
1766227173866482724,1.0180097244493203,0.8594366836266788,0.9037114679032682,0.902922340831324,4
1766227173891476393,0.102642294375066,1.2338070051308936,0.9028568808962021,0.9028900203808394,4
1766227173941624874,0.07686969440423574,1.109328011654143,0.9028781688977319,0.9029461198080856,4
1766227173966489250,0.4638386585553711,1.0234767225994321,0.903105926744226,0.9028111579441734,4
1766227173991496504,0.0002808331576176215,1.3220122269621772,0.9027119373133545,0.9028246162210309,4
1766227174066481008,0.871809168069726,0.9513057072063779,0.9035214931814773,0.9028486645871882,4
1766227174141587301,1.1536794854511978,0.8310488183464292,0.9038910741526793,0.9029894703443626,4
1766227174166479479,0.10200429540829781,1.2098140127471382,0.9026864043362917,0.902910933221977,4
1766227174191476344,0.3546534458274131,1.1341475863631518,0.9030771393869929,0.9028863092060454,4
1766227174241945929,0.3004891180292679,1.098240355812758,0.9030347256845263,0.9028915110379917,4
1766227174266474894,0.04873767758173386,1.317657188637662,0.9026738866791041,0.9027534994200614,4
1766227174291478632,0.5691333965165413,0.9791194929702743,0.9032215201092818,0.9028406448324329,4
1766227174341809336,1.7645859770779593,1.028312251475421,0.904443737018152,0.9029677232415775,4
1766227174491477076,0.1971156205543556,1.2727930551586835,0.9025498063832087,0.9028565526459291,4
1766227174566488731,1.3727686468043565,0.9238343082409572,0.9038525686601144,0.9027161150693415,4
1766227174641799989,2.4408171410358337,0.7380135167781725,0.9048838245516022,0.9028469223312445,4
1766227174742554782,3.313939316075154,0.8678405791370436,0.9056054192825935,0.9028255705494797,4
1766227174791477087,0.09308537710173148,1.019465078140409,0.9027270576186935,0.902804647665532,4
1766227174841505863,0.588296577724079,1.2772825748873786,0.903358255897722,0.902985705702122,4
1766227174866477130,0.0054215500056020716,1.0759209313848372,0.9027942774695471,0.9029508345704403,4
1766227174942782477,3.86320555574049,0.9970485604761883,0.9059874911677485,0.9027948254885995,4
1766227174966472274,1.2755666438006852,0.7507495930543376,0.9036849773876778,0.9026824818620516,4
1766227174991481372,1.5762013475113523,0.6050639759777052,0.9041488549610245,0.9028965090660256,4
1766227175041871477,0.08814495907338848,1.2576603827043316,0.9027023377435371,0.9029217573625758,4
1766227175091483249,1.160635082951722,0.8093810566535783,0.9037604156525071,0.9028576210958982,4
1766227175143323151,1.615036424003402,1.0951645914934331,0.9042850496841344,0.902971874710273,4
1766227175166488872,0.8182866774293363,0.9166723738268693,0.9035286613588945,0.9029318412962641,4
1766227175242426969,1.471111898383226,0.6327092271608342,0.9039768737415839,0.9028096491702127,4
1766227175266480520,0.12709863427706747,1.2728039467152332,0.9025749450007922,0.9028243287836045,4
1766227175291482334,0.14664519380336305,1.1096909276461773,0.9028069431778076,0.9028042616130094,4
1766227175342573478,0.12402011104895028,0.9995188327755768,0.9028678570407526,0.9029234742353546,4
1766227175391471747,0.3009337859842809,1.1476935930818601,0.9029839830031917,0.9028336961603871,4
1766227175441935341,1.0495551734720499,1.1220696090377724,0.9036673640995465,0.9028309152808336,4
1766227175466483652,0.4863169132703904,1.0375861159574578,0.9031398501276005,0.9028223470394426,4
1766227175491481359,0.32717887420807834,0.9725425831463489,0.9030356456300288,0.9028969246503437,4
1766227175566490208,0.5110094632360118,0.9946550711054101,0.9033345668870115,0.9030348282220239,4
1766227175642824850,1.0086485262699174,0.8348946671051146,0.9035543855354519,0.9027891778822202,4
1766227175691485433,1.3913514634152913,0.7475322396391674,0.9039020523648904,0.9027806270238175,4
1766227175766479504,0.12739523288873844,1.253930847411089,0.9025801395462928,0.9028244682530517,4
1766227175842054608,2.8096366063885547,0.885004294840686,0.9052026279220413,0.9028498624766561,4
1766227175944268564,1.297814198888636,1.1540648430542333,0.903913702335012,0.9028819648500733,4
1766227175991488298,1.0742229502326284,1.3171100839194412,0.9038116008138862,0.9029683942023846,4
1766227176066476177,0.45993270348221316,1.0128898017198695,0.9031208785710853,0.9028461921246167,4
1766227176091482650,0.7142681841894039,1.0390442675354377,0.9032563185178772,0.9027277101582181,4
1766227176143307343,0.280043033043742,0.938619937300486,0.9029798989391364,0.9028982879168067,4
1766227176166954871,0.018501828242256657,1.194133043065921,0.9026898870646982,0.9028146187562355,4
1766227176242674757,0.9716994567442461,0.9115254588644536,0.9036970634176076,0.9029480051642246,4
1766227176266485621,1.153486670862569,0.9057292726850318,0.9038151150403471,0.9028908199699577,4
1766227176343359437,0.9466463498940536,1.0422173203482372,0.9035164557805416,0.9027558797665614,4
1766227176366482879,1.318949881348841,0.7544480210711165,0.9038503355988059,0.902801232134575,4
1766227176391485034,1.5260542574374591,0.6237866705691342,0.9039786275049702,0.9027789101091981,4
1766227176466482150,0.014495337980036105,1.114403147713451,0.9027813491974358,0.9029116648602112,4
1766227176491485738,0.575257114423855,1.0216760430106675,0.9032723939442325,0.9028797136907187,4
1766227176566496470,0.8266010447960381,0.880870274402478,0.9034337630107312,0.9028224653295006,4
1766227176591492814,1.5177440417131205,0.8274899839967222,0.904222327826527,0.9029919821923127,4
1766227176643361389,0.5505854518890185,0.9486920735021771,0.9033466810607047,0.9030066315685515,4
1766227176691485513,0.49128309052670627,1.0593337885694123,0.9030300380775778,0.9027039762357842,4
1766227176743312660,2.484477972234722,1.001725911233133,0.9049190772983703,0.902868758375776,4
1766227176766495434,0.23144406189512523,0.991568222218257,0.902894046679571,0.9028508076825887,4
1766227176791504051,0.3388608613463795,1.2652285420465106,0.902459876788036,0.9029166243511599,4
1766227176842572672,0.7428399709653588,1.0772875138060252,0.9033145341160196,0.9027591657404479,4
1766227176866489546,0.5249419148549705,1.0699010051602673,0.9032200581584461,0.9028603385947176,4
1766227176991488317,0.4489315766744717,1.0821364871629553,0.9031680833693373,0.9029004824703162,4
1766227177042554583,0.25094613778531283,1.1889422102995497,0.9029785064852571,0.9028750872040416,4
1766227177066488349,1.2362009444742972,0.6692535943594888,0.9038075433654825,0.9028645294397617,4
1766227177091483581,0.511062180602595,0.9693174439973329,0.9032602422032092,0.9029441691600649,4
1766227177146294539,3.4989927869375492,0.9851439105327915,0.905879639991702,0.9029881865718525,4
1766227177166491328,1.059954637742555,0.8149170630049943,0.9037935103451099,0.9029989085988883,4
1766227177191501117,1.0653487727946276,0.7793760928491823,0.9036109923340019,0.9028096014622161,4
1766227177266493344,0.41400060361740376,1.2947809407967585,0.9024161846711354,0.9029469101992885,4
1766227177291504546,0.1991106484099392,1.1777343840903136,0.9025647951062981,0.9029240176438025,4
1766227177343994920,1.1842650522503329,0.7296267248048431,0.9038673083454077,0.9029943060957311,4
1766227177366497785,0.9471229142509197,0.8588743003355472,0.903641227608337,0.9029380198133315,4
1766227177391498517,0.5896710324619914,1.1537193927001734,0.9032821096733921,0.9028641070944518,4
1766227177543196854,0.6171030545960576,1.4115804348175152,0.9032842451986681,0.9028639860203072,4
1766227177591509753,0.2295168626725852,1.0144692075238029,0.9029437401677793,0.9028903105964025,4
1766227177643426669,2.227794496735047,1.0899962857595802,0.9047371970732392,0.9028363200230621,4
1766227177666496730,0.5080797314678254,1.1215734085955933,0.9031540675905072,0.9028036058243314,4
1766227177743480182,0.3233539643443528,1.006154219865835,0.9030479417446753,0.9029205374030577,4
1766227177766501562,0.8868902460650308,1.039388060521329,0.9036015359668558,0.9029397088050094,4
1766227177791500090,1.1732354925937383,0.5855817837628725,0.9037269556005667,0.902901701778073,4
1766227177866506504,0.9003600213263185,0.9076840367675115,0.9034200446936211,0.9027419898572111,4
1766227177891499531,1.2520879110088368,0.6501747777588901,0.9038312332116332,0.9028724292876085,4
1766227177942987250,0.34015643947327145,1.025869958830164,0.9031604550659083,0.9030033579558364,4
1766227177991501618,0.5566729754324928,0.9460281019797705,0.9031583336375355,0.9027954858688513,4
1766227178043882787,1.8579998349945726,1.1349276090414424,0.9043742916304308,0.9028365275762856,4
1766227178066489817,1.1193795165408416,0.8699989058886248,0.9036894971664844,0.9028140989628796,4
1766227178091501510,0.7962637304133047,0.7531833328733566,0.9034294946215904,0.902892767017868,4
1766227178166499298,1.0782318410372804,0.7853276514531324,0.9036822591856007,0.9028472928651948,4
1766227178191491684,0.9786490264431791,0.9222151624984948,0.903543169596923,0.9027942409575966,4
1766227178243681333,0.7318269756114715,0.9694324198672345,0.9033462590643344,0.902812041188069,4
1766227178291511223,1.6847342942848398,1.1103194043010305,0.9043573826456895,0.9029929168392012,4
1766227178344398083,1.5338470503684087,1.0506217677064347,0.9041813396835081,0.9029314449987595,4
1766227178366504622,0.987700874834907,0.8389594324029284,0.9036322452870168,0.9028907683353267,4
1766227178391501988,0.5120746448322722,1.0188798663098388,0.9033057940107238,0.9029810465451369,4
1766227178466512980,1.5094706600550234,0.666696846086969,0.9040267082676912,0.9028115628119688,4
1766227178544027861,2.2535322541128444,1.238030621433305,0.9047431689488525,0.902894576094889,4
1766227178566528912,1.1768143187004254,0.9283539622214769,0.9037726690767535,0.9028536991260208,4
1766227178591503495,0.03937594115310805,1.0647492721719847,0.9028704732883815,0.9030009854549048,4
1766227178691503708,1.6904887154917114,0.7809225523588097,0.9042539741854407,0.9028556056088294,4
1766227178744178679,0.4651968092311831,0.8946369797075416,0.9031437629441037,0.9028880334423641,4
1766227178791504922,0.531082482537526,0.919150066698157,0.9031015881682408,0.9027788028312842,4
1766227178843907781,2.424803216818594,0.8101112682217787,0.9048709429067648,0.9028311167149176,4
1766227178866514211,0.8424002444780143,0.8379134969162364,0.9033913713593247,0.9027847630490365,4
1766227178891497370,0.18073960445674775,1.1196094250171067,0.9029279640581133,0.9028983017092898,4
1766227178946780305,0.9728560014976573,1.3510076272249634,0.9036768719429813,0.9029621775946188,4
1766227178991491491,3.1338844070791794,0.9387564785425163,0.9054381710562278,0.9027858527463815,4
1766227179044148579,1.1673874126930661,0.5391373150782266,0.9038253893469069,0.9030456546265846,4
1766227179144423367,0.9462848006031033,0.748294280353382,0.9036334883932379,0.9029514623787652,4
1766227179166513767,1.3845423240774757,0.5672317677028306,0.9039866425367327,0.902945590004578,4
1766227179244520752,1.2356359005728512,0.8924883447658494,0.9037737996827824,0.9027859126524164,4
1766227179267404363,1.7422548615660949,0.4767559217221916,0.9041385104859053,0.902780595295211,4
1766227179291496727,0.8340736207701482,0.7929932966625746,0.9034216786651315,0.9028311767015195,4
1766227179391492982,0.798403116669677,0.7985470417140179,0.9034554318718657,0.9028970773698999,4
1766227179443846959,1.785242967635381,1.073156493198577,0.9043808120557082,0.9029097001218018,4
1766227179466544660,1.35521282979989,0.6975146862668541,0.9039269953717609,0.9028641530124608,4
1766227179491502321,0.23811666486084349,1.0753780146187815,0.9029974411782703,0.9029274733096958,4
1766227179545193553,3.542928047247651,0.8426448176121305,0.9058917684470977,0.9029146477390284,4
1766227179566628930,0.9572523434449032,0.7771308166921086,0.9036123155692222,0.9029153507878467,4
1766227179591509767,0.26498171234978773,1.3784010979827297,0.9025159393702641,0.9028844645147781,4
1766227179644306657,1.2887764918525502,0.6093964083958373,0.9038414945041904,0.9028797825492725,4
1766227179666553500,0.43140925697449095,1.1339496858736158,0.9030409888341767,0.9027953092893227,4
1766227179691502004,1.3310172942734289,0.5918879915025175,0.9036911663581364,0.9026852373151883,4
1766227179745775932,0.462071772491246,1.0673107484261455,0.9030119245133801,0.9027157602329722,4
1766227179767064744,0.2176945700419486,1.291922016267165,0.90280177387131,0.9027211668171852,4
1766227179867548846,0.2952297695631989,1.1054891846493355,0.9029383640886035,0.902800995885852,4
1766227179891505444,0.5330328570817278,1.0920418786237738,0.9032540517841395,0.9028998030945152,4
1766227179991504504,0.1556630841845763,1.1783994096207437,0.9026292936921784,0.9029106272896718,4
1766227180066776958,1.1286743302284519,0.8199325697695707,0.9038277764130666,0.9029466520298204,4
1766227180091504957,0.3942420233762345,1.1589419729216,0.9025260997494841,0.9030623893275889,4
1766227180143877189,1.6065029583601786,1.023419418439792,0.9042075995799554,0.9028853409461687,4
1766227180191505730,0.5952763875927136,0.9140425564668928,0.9033586475219696,0.9029772562256881,4
1766227180244532703,0.20621054260316907,1.0336836766654904,0.9028726168599717,0.9028398081401539,4
1766227180266541929,0.40073104038684804,0.9558507004936775,0.9030122903971812,0.9028121535681816,4
1766227180291505391,0.07237892041811467,1.0889115279874908,0.9028931722399391,0.9029824705577023,4
1766227180345290399,0.39941717329128323,1.1473386934698862,0.9031128039690163,0.9028675835106024,4
1766227180367873174,1.0604748869194047,0.9638296187048984,0.9037325540225999,0.9028974133395218,4
1766227180444871733,0.4994366159040142,1.0826503993619014,0.9031528199002402,0.9028215578966434,4
1766227180491511115,0.4854297230347804,0.916029206206599,0.9031800139048566,0.9029084157033143,4
1766227180544917040,1.1162293418872649,0.8059788789599415,0.9036898598007638,0.9028292065441291,4
1766227180567221602,1.334587633174844,0.6186157027113437,0.9037934800082766,0.9027706251098383,4
1766227180591511767,2.9020977429178307,0.90362458936396,0.9052178992450306,0.9027911227683074,4
1766227180691520305,2.3720420274064846,1.122111567732459,0.9048818872182766,0.9029272098136262,4
1766227180791502443,0.12695694420150616,1.0135349820699444,0.9026022796118767,0.9028938866208611,4
1766227180867051136,0.5696158990015077,0.8805817507971209,0.9032906542829588,0.9029530493249437,4
1766227180891504207,0.06411615285939476,1.1922111243689957,0.9027500183434802,0.9029579475080151,4
1766227180944920302,1.2887393280054393,0.8786911502351411,0.9038967580818623,0.9028669566070137,4
1766227180967580813,1.6116307904772142,0.6790440440903716,0.9041463021523973,0.9028431167807058,4
1766227180991509349,0.4714395283624828,1.2784315814971121,0.902224287290624,0.9028095718835691,4
1766227181091527524,1.0648057329952776,0.8522765738662101,0.9035768502941804,0.9027591471356332,4
1766227181149746019,2.019711904116983,0.923639903569345,0.9045719800840593,0.9028870614106979,4
1766227181169431677,0.46149526616678926,0.9864844876363592,0.9031339382770517,0.9028654369100981,4
1766227181191507719,0.6757355815354416,0.868490616081563,0.9032950893624234,0.9028420422733265,4
1766227181245166709,0.7623354700970753,1.1264894712390563,0.9034192393406757,0.9028681981591655,4
1766227181268200813,0.05211597448762095,1.0375516201484212,0.9026150884097657,0.9028323486640296,4
1766227181291515174,0.9407240631250646,0.8194461751919591,0.9036086025088967,0.9029183776319957,4
1766227181346485961,0.5837851559292728,0.9129129432746869,0.9032721363007442,0.902913541133789,4
1766227181391515465,0.44761401439374904,0.8829664916319484,0.9031607580636852,0.9029235530818129,4
1766227181467916381,1.697365031994913,0.5724112701362309,0.9042198958073568,0.9028866081710367,4
1766227181545304803,2.577485353551179,1.3116295811524903,0.904959566852594,0.9028693349860167,4
1766227181667494930,0.6002094924252299,0.9570637327298024,0.9032567159164945,0.9028616422295438,4
1766227181691520398,1.6306992508391405,0.44978103463692454,0.9041574511204825,0.9029358200688609,4
1766227181746156486,1.1984753121475622,1.251976896046033,0.9039540246328907,0.9030260600364949,4
1766227181845290309,0.028717940993017166,1.1470046692309037,0.9026859968620001,0.9028550270478718,4
1766227181947363238,2.2183218219054,1.1203117519133927,0.9047191378204618,0.9029042331145891,4
1766227181968665084,0.5547037360011942,1.34005488172811,0.9022614039925093,0.9029328655999751,4
1766227182046181146,0.5316436655460333,0.968859288131903,0.9030761033465771,0.902745926058321,4
1766227182067862827,1.5755477224536074,0.6472130526253111,0.9039776701619029,0.9027202610192332,4
1766227182146018481,2.7103776381209865,0.9167346906662307,0.9052257179327415,0.9029955764910302,4
1766227182167490668,0.8049925588233808,0.8523593535981304,0.9035418212644695,0.9029871622944965,4
1766227182191536684,0.9213670709334876,0.8087767300730822,0.9037006782425628,0.903025009246345,4
1766227182272222837,3.1199046398785457,1.0490420920679921,0.9055346243018463,0.9029076680361646,4
1766227182291733014,2.8711817648758853,1.0271063770765805,0.9053743689394351,0.9029206687336138,4
1766227182345300733,3.635520919291979,0.7671556375636231,0.9058260461991541,0.9027816956565581,4
1766227182391521077,1.7836463363841704,0.9827555661718558,0.9044232258177286,0.9029688306056195,4
1766227182446530697,0.7285231706951611,0.8361452712421816,0.903372665783995,0.9028875346741817,4
1766227182468485892,0.23771426797347672,1.246071707267995,0.9024560053010163,0.9028169848310915,4
1766227182491527379,0.13906998443302676,1.0803865933046384,0.9026385434107054,0.902932764519068,4
1766227182546156995,0.024605228582164074,1.2471918904211985,0.9029184064307285,0.9030388793546816,4
1766227182568142817,0.026765306444520576,1.1329431979331446,0.9028668414899818,0.9029987159247003,4
1766227182591518824,0.2240733603514622,1.0171994045334998,0.9027931506993554,0.9027504066007891,4
1766227182646205868,0.09053021356675295,0.9422968214941266,0.9029186239493044,0.9030337746929098,4
1766227182745691111,0.01760124412975017,1.1470367846448561,0.9027847426985447,0.9029637822179928,4
1766227182768785097,2.0140912145450995,0.2983293838783804,0.9043940414771358,0.9028432914834925,4
1766227182791537711,2.0183972049846455,0.38455029353289155,0.9044782484010798,0.9028932463904513,4
1766227182867933797,0.4745001228356749,1.084662132575601,0.9031332452704874,0.9028480036284317,4
1766227182891530749,0.5930492489421013,0.8327009807427654,0.903256374236862,0.9028997624132472,4
1766227182946146729,0.8854381877408946,0.9271705364134141,0.9035975001636732,0.9029377156898054,4
1766227182971374527,1.4121072189050565,0.487370472124325,0.9039852717628905,0.9029709777536402,4
1766227183050037726,4.103172178636427,0.954648110998168,0.9063024887985148,0.9028996143453004,4
1766227183071752699,1.6916197262760724,0.5912644685476083,0.9041386534888832,0.902780629320461,4
1766227183091685561,1.4686079991417245,0.6001248612563158,0.9041386534888832,0.9030038944391164,4
1766227183168369428,1.0195031796149667,0.7230339111550054,0.903685440396485,0.9029586938719426,4
1766227183191523147,1.7656237228305116,0.7686875885619823,0.9042826324122814,0.9028285101176129,4
1766227183246331939,2.7932100870108334,0.6667067006711519,0.9051904324820877,0.9028509893759785,4
1766227183268037976,0.46760209492180405,0.8733497989218543,0.9031037443220024,0.9028563917887046,4
1766227183291522967,0.7833260328321545,0.8733798454118014,0.9034123298089174,0.9028577110403131,4
1766227183391533287,1.1461659222175014,0.584776994834104,0.9037937965927355,0.9029898008496621,4
1766227183446406811,0.7234637802169264,0.8538970214641939,0.9034078971925471,0.9029211920713621,4
1766227183491513780,1.1521783717194367,0.7970588414784474,0.9038359608124505,0.9029578162234179,4
1766227183546432790,0.8902056688326887,0.7801545848825066,0.9034812325579837,0.9028506580621936,4
1766227183567986630,0.27938913902048057,1.2349350550139317,0.902479653430189,0.9028847250506642,4
1766227183591520263,1.5141268021029441,0.5388697145133169,0.9040947929790517,0.9029457364620905,4
1766227183647125734,1.942692601698326,0.7307640291622983,0.9044108641630293,0.9028184278832735,4
1766227183746156552,1.3708787127073574,1.1165240575891309,0.9039957732475065,0.9028764635798613,4
1766227183768504345,0.14506425330640393,0.9976584869608787,0.9028533661855612,0.9028878593175165,4
1766227183791531786,1.4917522641101355,0.6542117689433944,0.9040028140410594,0.902821693711438,4
1766227183869503764,1.2461035923567731,0.8217805831427024,0.903853239458573,0.9028644307670397,4
1766227183891521126,1.4153197226423053,0.6718088239175741,0.9039802198430132,0.9028589923326493,4
1766227183969466094,1.0439009881092476,0.9261293083918234,0.903590038378775,0.9027736325944612,4
1766227183991524903,1.8457680640171503,0.5482381307913032,0.9044544839987725,0.9029771171368434,4
1766227184091519804,1.4053120188065593,0.628365389392939,0.9038109021087393,0.90271748772111,4
1766227184147736755,1.0898614756851277,1.138249263099832,0.9037980078799226,0.902953029017142,4
1766227184170855427,0.1330209769525581,1.1104781725766466,0.9027244644693829,0.903010107409195,4
1766227184246542519,0.2642487722238629,1.2368966568748168,0.9024861343778731,0.9028827888075773,4
1766227184268478338,1.0569081941947944,0.8229176987182849,0.9036452105646785,0.9028343049925854,4
1766227184291518653,1.294080606735304,0.533894139267306,0.9039831361752578,0.90302998864779,4
1766227184368297878,0.3809616803174265,1.0713940223437894,0.9024250092601085,0.9029642943670332,4
1766227184391522350,0.3449867685615393,1.0648051293883178,0.9030541829816696,0.9029031737120619,4
1766227184468378550,1.2218248021309552,0.7584683539315946,0.9037756204156174,0.9028364803014737,4
1766227184491522149,0.7070365272571211,0.7999043265501602,0.9033502503679234,0.9028907709717876,4
1766227184546459233,1.7165772699244686,0.44156654115962446,0.9041503979570118,0.9028510989625488,4
1766227184591525456,0.9087026828150657,0.7570386348556218,0.9036156899481448,0.9029661239841527,4
1766227184668533772,0.1875096901766682,1.1081237271295439,0.902903271101419,0.9028868937566282,4
1766227184691520456,1.5737599220871923,0.5384138814736278,0.904214133732283,0.9030043355051003,4
1766227184747830221,2.6005067085792533,0.9388538205321943,0.9050956142305759,0.9029725681929838,4
1766227184791535825,0.7193836337016091,0.9901970374204739,0.9034467996761962,0.9029364113904326,4
1766227184869807868,0.6623700587378156,0.9881936571183675,0.9034324900719304,0.9029818697492175,4
1766227184946372951,0.9832107033268533,0.9238828420613686,0.9036908903150405,0.9029415884045836,4
1766227184968470784,0.4013210785624999,1.1808045567356005,0.9023529964572504,0.9028848107139814,4
1766227184991531357,0.4971472837363988,0.9843008978582818,0.9032816181586124,0.9029870042094905,4
1766227185049332236,2.8722367218738665,0.8077657672409367,0.9053908192645002,0.9029551634859885,4
1766227185091534814,0.8610047874283433,0.6951213344245771,0.9035086819275756,0.9029357559722254,4
1766227185146668938,1.7189687561864897,1.0479919409336118,0.9043865959820935,0.902995512046238,4
1766227185191537639,1.3277057805817227,0.6322639652605384,0.9039014048499204,0.9028897054791084,4
1766227185246545987,0.4632526020602601,1.0052310495382433,0.9033133254443374,0.9030445599280997,4
1766227185291547728,2.231553353432947,0.28002294963490554,0.9047448690789818,0.9029857224099207,4
1766227185346620917,0.32357680950145795,1.042034060849315,0.9029694525291176,0.9028151462177553,4
1766227185369801286,1.2799573526978136,0.5958521676960373,0.903809829167741,0.902860075092394,4
1766227185391538410,0.4709672270951648,1.069923702279145,0.9031787773480335,0.9028871806371473,4
1766227185491527429,0.20320821625829932,0.9856215666456386,0.9029023696404489,0.9028912620923454,4
1766227185547056586,0.7468838492273866,0.7636524047686697,0.9034119960943823,0.9029422370515978,4
1766227185569737004,0.9024423470843645,0.9565333574939218,0.9036006869908212,0.9029164359501044,4
1766227185591543349,0.5479977169342565,0.8329250462086021,0.9032095056961655,0.9029006579435623,4
1766227185646828968,1.9719869488128428,0.7223643823292649,0.9046429606135554,0.9030680540861771,4
1766227185668946387,0.9287094259472495,0.6264435524985603,0.9036357287012738,0.903032235279682,4
1766227185691545362,1.5024534433537573,0.4106118732861504,0.9040035820815812,0.9029230904994663,4
1766227185747200787,3.4268561051203905,0.7904683774117894,0.9056324445978848,0.9027740483235948,4
1766227185769601108,0.9280116661226634,0.7919640846397801,0.9034905407432656,0.9028188099869637,4
1766227185791528050,0.1205130481436445,1.014824586438706,0.9028896023356132,0.9029466917228794,4
1766227185846788742,0.208453762176819,1.016272215943813,0.9025050950239984,0.9028787860749474,4
1766227185871903467,0.16008624510033265,0.9045492584670787,0.9027822652267403,0.9028241350952653,4
1766227185891546354,2.116466729003119,0.8626157985426873,0.9046565688408593,0.9028686073329213,4
1766227185948059080,1.3024333822211354,0.9483006165790817,0.9040058896427648,0.9029866217217571,4
1766227185969084096,0.2807867510217221,1.0166457575453343,0.9024760323805422,0.9029185936804667,4
1766227185991549529,0.3193250752323573,1.0028431806713927,0.9030568120639665,0.9029244806680825,4
1766227186048215825,1.16327479899625,0.6901140059309722,0.9037962139166871,0.9029337644152191,4
1766227186070734879,1.389139683775853,0.6229935197192485,0.9039560911826751,0.9028878148584597,4
1766227186091558967,1.4893069031715056,0.5456265158189596,0.9039068200446577,0.9027816500803387,4
1766227186149796797,2.1220111115202167,0.6795218753116375,0.9045823847120503,0.9029148963699093,4
1766227186170233737,0.2104751927674009,0.750564286925973,0.9029306150064099,0.902990341087458,4
1766227186191531926,1.094128442332365,0.6672973068064537,0.9037467556317423,0.9029445498682146,4
1766227186270415228,1.5132851638264277,0.5979128792818422,0.9041078335745921,0.9029335395173743,4
1766227186369933671,0.5615639183904619,0.8232002715592166,0.9033281907355826,0.9030094846825653,4
1766227186391537676,0.7486629248910637,0.8328305168796835,0.9033387596460025,0.9028160164898229,4
1766227186469626614,1.1772766462476714,0.7246859577476679,0.9038707379390979,0.9029771502814149,4
1766227186569429352,1.5731422684509555,0.48424178960070763,0.9040121485868503,0.9028118742449455,4
1766227186591535500,1.529770579851375,0.49690864660059086,0.9041329391825602,0.9029659440446772,4
1766227186647249234,0.12693520536999348,0.9503486641481275,0.9025526361626294,0.902878897514904,4
1766227186691545749,0.045650128411400814,1.1287034922339254,0.9026462668465021,0.9028369634412777,4
1766227186747833582,2.5244857528957665,0.7866069068161164,0.9050341447670784,0.9029487160036748,4
1766227186791532664,1.972933813604416,0.32077082359048764,0.9043200192108483,0.902799348382195,4
1766227186847196704,0.38209863117066867,0.8531666976380722,0.9030745030141278,0.9029163212649758,4
1766227186891535859,0.29019623772430503,1.0134445867869146,0.902978560842541,0.9028769450507173,4
1766227186947445030,0.8504164442654227,0.722850327288724,0.9035147093861654,0.9029499212220689,4
1766227186970394905,0.5251529006456979,0.9603888713114336,0.9032424073595713,0.9029222277484065,4
1766227187047310086,3.600720944342939,0.7472145124084594,0.9059040966427185,0.9028594548015076,4
1766227187091551978,2.938014042446868,0.6242498546323332,0.9052250387652251,0.902775915034643,4
1766227187148202804,2.25358286569044,0.7272545202464602,0.9047184984021552,0.9028528208932354,4
1766227187191560083,0.07852005505293302,1.2624383833740305,0.902625048130961,0.9028367439274122,4
1766227187269836142,0.9961159881606285,0.6610708788555395,0.9036770960707625,0.9029905184158132,4
1766227187291553770,0.4686428630821249,0.8455491477049029,0.9032296455020546,0.9029960424563298,4
1766227187347952171,2.2287444743438467,0.2651771750487931,0.9047363718627515,0.9030006910795296,4
1766227187369600969,0.5423821886133551,0.8605590882008883,0.9032922121371073,0.9029824835592181,4
1766227187469958120,0.675910385753542,1.0188135192730567,0.9033549307165676,0.9028731097864882,4
1766227187491532859,0.6277449553309111,0.947432404392995,0.9033399014899749,0.9029193276942613,4
1766227187547204373,0.18919802086714288,1.1516690580976097,0.9026941407994449,0.9030273475044995,4
1766227187570338605,0.10962764018940252,0.977226102388667,0.9029002222251971,0.9029806073913924,4
1766227187647875424,0.524232379301659,0.8448047549216012,0.9031359595163996,0.9028522281184018,4
1766227187669792036,0.5123092881328395,0.9835214565248607,0.9032238890188223,0.9029240958049989,4
1766227187691537466,0.7764078397243246,0.7308490991971608,0.9033694108227287,0.9028691479805957,4
1766227187748206445,3.9936819689700975,1.01008977476608,0.9062703398795245,0.902926009652758,4
1766227187770395730,1.5273297039758438,0.7203978288018922,0.9041340289873339,0.90289563773219,4
1766227187791551271,0.9127243421442888,0.6274282706282167,0.9035582023214407,0.9029634922678134,4
1766227187891534909,0.4765036689619029,0.9866251857598637,0.903177501775442,0.9029039414189417,4
1766227187970138024,1.0344579687211475,0.6943786077890333,0.9036770867893115,0.9029468218736466,4
1766227188048274581,0.17865264232530542,0.9480313747262942,0.9029702064828373,0.9029904351803089,4
1766227188070181925,0.183608714773964,0.9577102235546359,0.9029744863631791,0.902989108483088,4
1766227188091549244,0.8638307467473405,0.815978306919637,0.9034512962246716,0.9028323570066565,4
1766227188170454156,0.6274182544689921,0.7649818723511627,0.9032333187833886,0.902865871619495,4
1766227188191545536,2.624429706978959,0.8875969405571886,0.9051023765416986,0.9029110454723558,4
1766227188248830394,3.562529826073413,0.6355064901221031,0.9059115504313927,0.9029330596872591,4
1766227188270098106,0.7963987281580653,0.8059629847458569,0.9035062862922082,0.9029600789329174,4
1766227188291545936,0.22871140630109643,1.291358138179937,0.902496647875054,0.9028407917180032,4
1766227188347723642,0.10691196782930401,1.1486599435353955,0.9029934887144447,0.9030620302010713,4
1766227188391544762,1.5502373922364754,0.5801558198906546,0.9039837996953304,0.9027696744507432,4
1766227188448286388,1.6122842430114082,1.1153927465821059,0.9043233947989838,0.9030453125970427,4
1766227188491552015,2.0155973469447863,0.8419865251988325,0.9046270605525689,0.9029714990831367,4
1766227188548428334,3.5467082387365956,1.0384211334507727,0.9058746659096244,0.9029326958191228,4
1766227188572121527,1.0680254335908579,0.9175449330784574,0.9036879725416286,0.9028685367698475,4
1766227188691541192,0.08383129409694767,1.0822106663561764,0.9028627612932888,0.9029382183944235,4
1766227188748186307,1.805949508110305,0.36975954735675154,0.9042277972890845,0.902865418723067,4
1766227188770216131,0.25395061154231957,1.1038085851904056,0.9028921913041866,0.9027990929182315,4
1766227188791546781,1.5072969204826814,0.6511508664561463,0.9042037163006501,0.9030154457140716,4
1766227188874418772,4.7403135229493465,0.7272818363578643,0.9067810417540193,0.9029601883085965,4
1766227188891552240,1.8604836612928777,1.2053771649505753,0.9044039162052826,0.9028767374526937,4
1766227188949374168,1.8511458748696752,1.089074892615025,0.9044427334489007,0.9029838534685648,4
1766227188991553060,0.5545796380097556,1.254101648455955,0.9023817990184902,0.9030588196950651,4
1766227189048512165,1.2636265075357533,0.6009315908784236,0.9038897840340593,0.9029617203293671,4
1766227189070772443,0.9233772822647701,0.8989686398194829,0.9035560937401491,0.9028516999176138,4
1766227189091589177,0.8413608131526695,0.8180021789854859,0.9033863237301816,0.9027899787100968,4
1766227189171283463,0.3305978351716421,1.0585699602384562,0.9031143134418371,0.9029717792257193,4
1766227189266567373,1.0011236030778026,0.6969397605770925,0.9036923493297507,0.9029945794667485,4
1766227189291545903,1.0834889805488856,0.6566116305426407,0.9036676351268854,0.9029008939340769,4
1766227189341553817,1.2654396912878951,0.814911791759357,0.9038670426745203,0.902896828274118,4
1766227189366547665,0.38149258997433044,1.1128723378033851,0.9030855508496906,0.9028634048611345,4
1766227189391555980,2.0619307671294607,1.0023533899578612,0.9046542180130929,0.9029373816619125,4
1766227189448220671,0.7678092991616481,1.242357114055639,0.9035082735724616,0.9029410790843041,4
1766227189466545870,0.39603660107268013,1.2364814667110426,0.9024084239133973,0.9029207211949913,4
1766227189566554605,0.35790034822835715,1.322581355296885,0.9024261450012712,0.9029100145726855,4
1766227189641547239,1.2020114764332845,0.5623911185485873,0.9038172975732957,0.9029614647611471,4
1766227189691557658,3.7210086196258763,0.7825006859354154,0.9059791349450472,0.9028094485076337,4
1766227189748019879,1.15967522388849,0.5706257519011442,0.9037314536795698,0.9029165687914634,4
1766227189766553058,0.27880087940357345,1.1183294634381415,0.9030078938863879,0.9028827134033048,4
1766227189791566413,1.5236452460537508,0.6566345755846926,0.9040257670964295,0.90281156140359,4
1766227189841562174,1.2060934276948432,0.627652046441052,0.9038368064518054,0.9029519409154508,4
1766227189870980873,0.6332938572735092,0.828712686060971,0.9032966486089176,0.9029011505368507,4
1766227189891552495,1.9374741737444579,0.7396463444823803,0.9045233650440077,0.9029200645567841,4
1766227189949035906,1.340121468171751,0.8338376194743274,0.9039479887648502,0.9028713557782306,4
1766227189966533829,1.2253906946311233,0.8292362212795821,0.9037912414778235,0.902841545308717,4
1766227189991560278,0.17057361721428688,1.0529401085344148,0.9029158194690344,0.9029226995587535,4
1766227190041545850,0.2396104921134068,0.9108741769165848,0.9030293898290551,0.9029976594330462,4
1766227190066548635,0.790960339660085,0.9143421516511828,0.9035099220604818,0.9029420364301818,4
1766227190141558022,0.9405928035012279,0.833537610685905,0.9035705084454726,0.9028799126900546,4
1766227190166553072,0.9259702868511521,0.8349762801285042,0.9035145159286325,0.9028444661455859,4
1766227190191558021,2.261813384463518,0.6490680286914479,0.9047918489408714,0.9028951156372852,4
1766227190241566877,0.10414207123643493,1.040527920658085,0.9029164370296857,0.9029925904481952,4
1766227190266573148,0.6026438183113214,0.889337667702651,0.903307478561783,0.9029222223847834,4
1766227190291560404,1.2021001229096662,1.3157710788156693,0.9037687120978709,0.9028695867069729,4
1766227190341558258,0.5270049089343143,0.8497470598636181,0.9032672483873923,0.9029740558791327,4
1766227190391558668,0.5699441140765149,0.8432866149997098,0.9032342343183924,0.9028897693963126,4
1766227190491555330,1.6617510463130536,1.2142734524153171,0.9043636577248222,0.9030182409031268,4
1766227190541567372,0.339193814092309,0.9736591287368128,0.903103106835823,0.9029493353938901,4
1766227190566557663,0.18597496447914086,0.910500815749482,0.9028373436542131,0.9028664726918588,4
1766227190591569805,1.2914823739137438,1.333410438648449,0.9038385489284729,0.9028211329747056,4
1766227190641561930,1.0014686441863763,0.7492452319482565,0.903475559767784,0.9027417508930662,4
1766227190666554936,0.37252788950392635,1.0118037575369172,0.9031461606394336,0.9029655851878932,4
1766227190691558342,0.4352256561155343,0.9012307168547111,0.9030205909175947,0.9027999570019875,4
1766227190791557338,1.2573349224147545,1.2427604648904425,0.9038889215902198,0.9029192927113792,4
1766227190891554000,1.9867523937275866,1.1079048579026594,0.9046442513552003,0.9030119716220383,4
1766227190941562304,0.9286849245171425,0.8139994796210706,0.9034223923478912,0.9027465421793991,4
1766227190966559118,1.1125059691798889,0.7334724670890623,0.9037894206020283,0.9029559764349018,4
1766227190991613129,2.7798430486878356,1.0522702344047703,0.9053051495003855,0.9030289873337863,4
1766227191091566149,0.36625359873032615,0.9869998810427957,0.9030662157241297,0.9028930163007459,4
1766227191141567240,1.0399423792686324,0.8240724218052695,0.9035992451230888,0.9028124851797342,4
1766227191166558363,0.8860726460218071,0.8100367279713445,0.903558485803484,0.9029367391826416,4
1766227191266556827,0.19112501179519015,0.9899087937927787,0.9029280778101978,0.9029227410030425,4
1766227191291572186,3.261591673511699,0.8138542642369916,0.9056015248604182,0.9028504122041618,4
1766227191441563256,0.42557561914868813,0.9179329138927043,0.903090133575329,0.9028662605766073,4
1766227191541569515,2.004831150633768,0.5460390882409186,0.9043263135693939,0.9026819823509155,4
1766227191566576067,0.45981715641685295,0.8121481576192046,0.9031583270365287,0.9029457832590624,4
1766227191641610931,0.5613594781817,0.8383133056188086,0.9031118531383319,0.902777436942444,4
1766227191691557088,0.30543886432077283,0.9904086843671396,0.9029042995737299,0.9027929183520323,4
1766227191741563359,1.196210587776525,0.69603408061799,0.9038358795095572,0.90292934266412,4
1766227191791563608,0.19077663889222052,1.0393341931658544,0.9028251123237003,0.9028066291609678,4
1766227191841571792,0.49182271128378474,0.8321079534061853,0.9030466475225672,0.9027978498533148,4
1766227192041566408,0.5494649550229491,0.69770546081087,0.9031953004157489,0.9029362234941842,4
1766227192066573090,1.8275315735674091,0.3647372309078151,0.9044577979604694,0.9030612330892813,4
1766227192091607474,2.3836035935345112,1.2519679641748853,0.9049083901719789,0.9029505679154533,4
1766227192166568809,0.4327716557777084,0.8837128000788754,0.9032157246374833,0.9029998003919361,4
1766227192241557276,0.10419616361212469,1.093055652704377,0.9026940424182501,0.9029624738715833,4
1766227192291567213,1.6217356010558293,1.1244888182246613,0.9043677995001191,0.9030900789886598,4
1766227192366559487,1.2555783779883978,0.6057971403593818,0.9038906838911754,0.9029508458352078,4
1766227192391643053,4.08963190924283,0.7583361325866559,0.9062831124075468,0.902937423451163,4
1766227192441562490,0.291838979901593,0.9588010228310091,0.9030844231818145,0.9030092996763546,4
1766227192466561057,0.8491220394468701,0.8433147217891176,0.90347109835657,0.9028620508324998,4
1766227192491580353,1.135101343044287,1.0172520378724261,0.9038276236557924,0.9029486167341826,4
1766227192566557658,0.8627804762399993,0.8297196754524723,0.9035214553827947,0.9029002494375977,4
1766227192591564130,3.3515919752855616,1.0361215271403044,0.9057199966956604,0.9029792599690118,4
1766227192641560441,0.6024438852284542,0.782808552207496,0.9032644057069884,0.902924802741225,4
1766227192666561282,0.5083239165375453,0.9097626529388834,0.9031620525328174,0.9028765335806521,4
1766227192691566682,2.620904908499422,0.8824719736290807,0.90510139765951,0.9028982867196819,4
1766227192766571168,0.7579909483790281,0.7002590219691082,0.9034863778526467,0.9030156875658253,4
1766227192791656047,2.1559495738145973,1.1584038696456327,0.9046930600586104,0.9028816039817352,4
1766227192891588267,2.207135617420919,0.9175965254340968,0.9048224248917662,0.9030051553563666,4
1766227192941580070,0.911280628477229,0.8313808319185754,0.9036034666011884,0.9029440663137045,4
1766227192966565773,0.4550075340301607,1.1181411765135498,0.9031614620583424,0.9028827112636879,4
1766227192991567706,2.623211465626052,0.9791539399733775,0.9051067063225317,0.9029816963020071,4
1766227193041566312,0.1891580394295378,1.1168912208749318,0.9026783333691548,0.903032466202872,4
1766227193066565199,1.5982891301840052,0.5894880331589986,0.9040921205875343,0.9028251448380822,4
1766227193091561722,2.929665115646851,0.8269497889271012,0.9052827937710707,0.9028475722393177,4
1766227193141566019,0.6971968100973891,0.8815607484226551,0.9034034272680991,0.9029386128430789,4
1766227193166567020,1.315796705605221,0.8146387844067947,0.9037814661496623,0.9027428846139702,4
1766227193241566166,0.9253247694239741,0.7753258875351262,0.9036353310348743,0.9029787892392417,4
1766227193291567357,3.6434759175457687,0.9322901090471954,0.9060236684948104,0.903004700571054,4
1766227193441584475,0.3235695959364904,0.9754703788642513,0.9029660733206567,0.9028388083953903,4
1766227193466602939,0.23295261235678488,0.9943418505878671,0.9030371797198685,0.9030024864960908,4
1766227193491575677,2.8335538686750095,0.9263345283280973,0.9054296333273353,0.9030849789204339,4
1766227193541581015,0.34410857921962634,0.8177233919490021,0.9030149437498179,0.9029214594846344,4
1766227193591578289,1.4399504665960627,1.0792177462987833,0.9041084690056459,0.9029348914900316,4
1766227193641572276,0.3187146190990475,1.0293167396801852,0.902980352890473,0.9028476202445384,4
1766227193666573537,2.441318176896634,0.32848009968851044,0.9048072027319349,0.9028329466176932,4
1766227193691669327,1.8825496452847812,0.9631581399571877,0.9044698501074477,0.9029030809639187,4
1766227193741580669,1.302605472000229,0.6075532649894312,0.9038582009358891,0.9028826372957506,4
1766227193767010626,1.703734586002037,0.4098358301352067,0.9042004472852686,0.9029345477233557,4
1766227193791570468,0.9035325520342363,1.2028705652564824,0.9035241061532492,0.9028316593264752,4
1766227193891576005,4.186942455347675,0.9484278477916982,0.9063804215439462,0.9030296873675732,4
1766227193941586403,0.5536143063413768,0.947805822410985,0.9032224358748571,0.9028613818806092,4
1766227193966573018,1.0234909000198522,0.8167924638003966,0.9037407216839999,0.9029903971719083,4
1766227193991582655,1.678638525679177,1.2044079499358724,0.9044162450473121,0.9030742780917468,4
1766227194066575018,0.47918685936521044,0.7410399837563404,0.9031264433331144,0.9029185741029808,4
1766227194091589194,1.6972785705855475,0.7833973010005695,0.9043489641226269,0.9030256254780736,4
1766227194166578963,0.24874253576767646,1.0119025114315978,0.9029554867268108,0.9028950164951716,4
1766227194191587819,2.745033440285205,0.5244398410314695,0.9052245481021193,0.9029855152381294,4
1766227194241579101,0.32125613963152055,0.8993609821565023,0.9030656219887049,0.9029547796883236,4
1766227194341574158,0.24395881034233735,0.9064727491784407,0.9029718832356929,0.9029412458561107,4
1766227194366589937,0.24975367683288674,1.2820220135359883,0.9024354891615144,0.9028035233414851,4
1766227194391583955,1.9073480654276942,1.0233276537701896,0.904560788042348,0.9029922494808351,4
1766227194466576819,0.67801387156885,0.8073281169473648,0.9033217291513918,0.902891740349965,4
1766227194491606534,2.8911104659271603,0.8020354991070627,0.905342807034352,0.9029416987319736,4
1766227194541572268,0.5757262558102605,0.8313035530471777,0.9033452721184638,0.9030109773236455,4
1766227194566576705,0.7701808680249389,0.8747250285048581,0.903463051612075,0.9029228374732632,4
1766227194591592134,1.4941211875884042,1.17118235465226,0.9040161302936844,0.9028144087096373,4
1766227194691580198,2.295272825169059,0.8914188270961196,0.9049640831740378,0.9030713921029695,4
1766227194841591174,0.15448890122071735,0.9871824058134218,0.9030146358587186,0.9030373307621812,4
1766227194866593988,1.674287896548332,0.5162219437505795,0.9042732725776405,0.9029869957008277,4
1766227194891987287,2.0014943545559882,0.9451201741487385,0.9044903654357122,0.9028648465055323,4
1766227194941599646,0.19193250920845895,1.004846517869698,0.9030052665842146,0.903004115179491,4
1766227194966594456,0.3611194091311942,1.0217211040151577,0.9030158610120248,0.9028435259345777,4
1766227194991640842,2.4517749654940912,0.8871270256854927,0.9049958131283269,0.9029926316236437,4
1766227195042057865,0.2951790426747314,1.0924569766521477,0.9025138397927995,0.9029682117006391,4
1766227195066574976,0.43167948554256874,1.008147727637456,0.9032181509096632,0.9029734916815687,4
1766227195091592167,4.636674598089141,0.6858123328034018,0.90673529649256,0.9029450440988754,4
1766227195141579301,0.1454107388182413,1.0698275273494866,0.9028542668149945,0.9028725449453301,4
1766227195166793383,1.9631778090895002,1.0028693293357795,0.9046608317299486,0.903047424227856,4
1766227195191577757,3.8270910125091095,0.8056293380391382,0.9060018688845517,0.9028608743061721,4
1766227195291588073,1.8346618112118351,0.9647408165559359,0.9045553258327091,0.9031013800465734,4
1766227195341575587,0.6927899941738813,0.8496986550824287,0.9034117882220888,0.902955272478376,4
1766227195366573372,0.9333977165870699,0.8007722376067025,0.9035620506471174,0.9028981298706288,4
1766227195466588227,1.0838712761641611,0.8184412953143808,0.9036461119407948,0.9028208664168678,4
1766227195491810974,2.1979353554288927,0.859716616045986,0.9047136683325608,0.9028882508869605,4
1766227195566582733,1.2254523125688754,0.6014026360797698,0.9037811129455755,0.9028890525603426,4
1766227195593082111,1.374724459719201,1.0774365315091976,0.9041854372865787,0.903074153149821,4
1766227195766611219,0.9387112600629521,0.71032000537853,0.9035510377680547,0.9028954893829555,4
1766227195866595916,1.8828088647402375,0.8285364647511848,0.904482765465292,0.9029467964053624,4
1766227195966638823,0.4384929058885989,0.8667643603845565,0.903025516357063,0.9028109015535737,4
1766227196042745953,0.464145354729939,0.8687975643454703,0.9030976859005027,0.9028581408679405,4
1766227196091740921,1.598043488979739,1.0316743599497358,0.9043081276783024,0.903005795646615,4
1766227196141612988,0.625568223972639,0.9269032267722191,0.9033934028137004,0.9029740000851512,4
1766227196166689231,0.8260056575447594,0.7278404966103212,0.9034533539363805,0.9029154994036072,4
1766227196191801822,2.455566361292294,0.9933581382342438,0.9049727109089973,0.9029459441401629,4
1766227196246601876,0.23276955547446576,0.8820921982408119,0.9030045546729457,0.9029878249328422,4
1766227196266807580,1.7700908541148364,1.0277830396661025,0.9044055007376178,0.9029621434132512,4
1766227196341587443,1.487909134859633,1.1771060136536187,0.9041886257209031,0.9030098632737666,4
1766227196366691447,2.104513242166095,1.0741473072717413,0.9046464467736411,0.9028862619889867,4
1766227196441589162,0.17160849583497395,0.9238249354303678,0.9029712933939145,0.9030078174452308,4
1766227196466687055,2.239562993969879,0.24018154462770017,0.9045976523366771,0.9028819018901864,4
1766227196491802902,1.5547002355377204,0.8496255438123888,0.904267456611263,0.9030389031544883,4
1766227196566604997,0.5525573391313987,0.8515097881993664,0.9031921369061492,0.9028821229459434,4
1766227196641597630,0.788611903735803,0.7277104418010917,0.9034725307447571,0.902967092159113,4
1766227196666613058,0.8018786650413334,0.8146404207466433,0.9034207159054582,0.902873881345243,4
1766227196691680604,1.163295712761303,0.9462072960346772,0.9038059648228598,0.9028954967014066,4
1766227196741603417,0.15921374974614544,0.9859430519907987,0.9029214845600357,0.9029494601445276,4
1766227196766593838,0.0915900310830553,1.0910478413636362,0.9029203475198179,0.9029938528534753,4
1766227196841581973,1.5885938313563441,0.47669006118102003,0.9041513787988483,0.9029696337704074,4
1766227196866587041,0.12127181567112011,1.126510828176986,0.902632565347582,0.902900633432631,4
1766227196891593332,3.0163600550782155,0.7866274871413889,0.9054802964313126,0.9029655389287923,4
1766227197066714743,2.1401732301032927,0.3717783578708749,0.9045696673634428,0.9028874164056275,4
1766227197091604164,1.8978785213160654,0.9346370558508383,0.9044099410844211,0.9028549031847822,4
1766227197141611276,0.8847323123267747,0.6445788266056436,0.9034952975584047,0.9029145755521671,4
1766227197166736270,1.4278148076625197,0.4788553078906361,0.9039779799903385,0.9029213027300177,4
1766227197191615001,1.0523320008883896,1.1335845532735729,0.903644803799232,0.9028327762726548,4
1766227197241597596,1.74593163112291,0.5500864029761064,0.9042468558929349,0.9028589765381407,4
1766227197266756724,0.047984724377170274,1.1067236697650829,0.9027858042658785,0.9029011579059484,4
1766227197291605879,2.7317632762373645,0.7752344366057559,0.905025779167951,0.9027865914850168,4
1766227197342055222,1.5897516609877371,0.5211821575346187,0.9042032661662193,0.9029831855444374,4
1766227197366597651,0.6197906029372646,1.0036602776330033,0.9033369511707728,0.9029131059150772,4
1766227197442794187,1.1366606770906174,0.7258365856618378,0.9036438172115215,0.9027948615084475,4
1766227197466664552,0.6209521579508825,0.8069244364120194,0.9033026745797668,0.9029378075696495,4
1766227197491592235,0.8884346115561881,1.0534722987680567,0.9036403812353216,0.9030157404650055,4
1766227197542414289,0.7527123778688916,0.8402684708018485,0.9033406236430924,0.9028241568250346,4
1766227197566640533,0.28832758009933457,1.1063011494788404,0.9023581117582665,0.902797437255404,4
1766227197591601959,2.040771462702873,0.8664459560713059,0.9046532496409366,0.9029603362621803,4
1766227197641597178,0.9006465154446364,0.6192354428620082,0.9035315266655074,0.9029466269387856,4
1766227197666587569,0.7198790332180183,0.7865207789142856,0.9034647235980217,0.9029988968495982,4
1766227197741602914,2.08105705203121,0.316317087826274,0.904555048796589,0.9029413446276171,4
1766227197791598915,2.736854522056187,0.8948546851909391,0.9051560678774621,0.9029235187169694,4
1766227197842135171,1.2934503866842695,0.45951265068385905,0.9037994009807216,0.9029017038664167,4
1766227197866589874,0.08731512108750561,0.9856127481299819,0.9028543849072939,0.9029598744703116,4
1766227197891591867,1.4383325348569231,0.9814866315780288,0.9041739998807675,0.9030404285550094,4
1766227197942329011,0.17437813624410214,1.0502711052930211,0.9029609320284563,0.902961267042308,4
1766227198041626836,0.9729157352228457,0.6895352412888687,0.9035133253105144,0.9028296419359205,4
1766227198066605505,0.8830044026315598,0.8489367525122009,0.9035689800082731,0.9029302236819097,4
1766227198091608680,3.4116409796096647,0.7791180667320661,0.9057129059385797,0.9028842784341811,4
1766227198191597775,2.985050202204076,0.5725572444955096,0.9053443425252528,0.9028774259508257,4
1766227198241621458,0.7397256084604731,0.79534678958662,0.9033711842003247,0.9028869328537014,4
1766227198266611478,0.432586209186292,0.8322855942313124,0.903164917239442,0.9029746551909412,4
1766227198291872958,1.9596926973708406,0.9943832702276203,0.9044946946387702,0.9029010630378377,4
1766227198342861805,0.5167689666465414,0.823106270805647,0.9032326368080262,0.9029549710969224,4
1766227198366601715,0.7766878475629069,0.9186800310017509,0.9034336374714231,0.9028729607180696,4
1766227198391689779,2.077961967569597,1.051761493193098,0.9047009462677542,0.9030240750318282,4
1766227198466599486,0.7290767557639466,0.8779808900367572,0.9033564096200348,0.9028614246862195,4
1766227198591606824,1.93170685711197,0.872716239143414,0.9046464741415854,0.9030554395773163,4
1766227198644835302,1.2086745704731339,0.5900877876601915,0.9037934819161967,0.9029431437298608,4
1766227198666601450,1.0939620743070089,1.0860704256405638,0.9039855098468409,0.9031629463426881,4
1766227198691598013,1.4493092434472166,1.028751204751766,0.9041666063587054,0.9029783659647266,4
1766227198741842881,0.1699705980371391,1.1623825260761746,0.9025726895424059,0.9028837101404922,4
1766227198841603125,0.9932199259288232,0.8273061488871915,0.9035778115852043,0.9028226097442651,4
1766227198866590320,0.16635886248328458,1.0546285152715233,0.9029772567972163,0.9029893345299616,4
1766227198891641445,2.386528426760681,0.8761155528193636,0.9048647926575436,0.9028397962796084,4
1766227198941610685,1.3844303834653626,0.5215476878072555,0.9039552400682771,0.9029292828251291,4
1766227198966598331,1.1042453914749117,0.597759209416501,0.9037338527139586,0.902976759446718,4
1766227198991601806,0.6960782441449709,1.3884463432934884,0.903510828638523,0.9030322208877953,4
1766227199041768878,1.0201863378249687,0.7546188851995634,0.9036931983556514,0.9029419651566871,4
1766227199091603805,1.683648720863129,1.0673287795202893,0.9043866207720551,0.9030269414450297,4
1766227199142493957,1.1575641505208178,0.49007618574416356,0.9038511717960694,0.9030842740004612,4
1766227199166605545,1.1933108189345898,0.6467086691308255,0.9038055819365296,0.9029320423312813,4
1766227199191602919,2.0895803891642917,0.6809343622164764,0.9046854677593114,0.9029923080884388,4
1766227199241927076,1.3772531183281478,0.5619935921235348,0.9038824739148045,0.9028498600014899,4
1766227199266598507,1.2606645732750055,0.8868653422303868,0.9038495992533693,0.9028551633687508,4
1766227199341798499,0.40792254797261673,1.027532620707743,0.9030848725558798,0.9028642760213976,4
1766227199366603040,1.16275240678676,0.6360071354024085,0.9036848654429699,0.9028367759289712,4
1766227199391610503,1.9062452466804825,0.8914825870260474,0.904559014867846,0.9030177781789945,4
1766227199442224966,1.116826127369741,0.6774634451246134,0.9036278643122402,0.902795414267354,4
1766227199466612934,0.36994583943406045,0.8446021117447888,0.9031071260230402,0.9029638677536953,4
1766227199491607843,3.2081031868458343,0.6033673780401718,0.9055792077324977,0.9029371096176817,4
1766227199566597159,1.3546828543662404,0.35853544030857654,0.9038827081373338,0.9029766436843862,4
1766227199591693299,4.401399361132929,1.039320863056242,0.9066212853888499,0.9030413114389116,4
1766227199641851003,0.09404491115150293,1.072419973359986,0.9029525259868267,0.903023803574855,4
1766227199691737056,2.208794381534651,0.866124276491206,0.9047961536690652,0.9030472487691991,4
1766227199766601417,0.6922064378712678,0.7172461339855127,0.9034187326187757,0.9030222692745545,4
1766227199791612667,1.7036115042154965,0.8465905528521471,0.9043734862083568,0.9030221608330866,4
1766227199866611802,0.48347436196083393,0.8129818461795214,0.9031344451349665,0.9028960464835831,4
1766227199891617361,1.9595359277053692,1.0420422590731682,0.9046202240955752,0.9030061060834568,4
1766227200042208275,0.4801278508681506,0.9035707748667777,0.9031617481656334,0.9028936292389004,4
1766227200066601483,0.6186566784173175,0.753022520371426,0.9034082007624656,0.903056447978787,4
1766227200091602123,3.6456607881484304,0.6030108809984356,0.9058808505371938,0.902943845604575,4
1766227200142200235,1.4846071989566,0.6257755436034519,0.9040347989824845,0.9028788298956045,4
1766227200166601518,1.270699299681044,0.7298042174577982,0.9038922325495493,0.9028986339440975,4
1766227200242751827,1.1131589607329406,0.5175031776653723,0.9035271794047062,0.9028778441312164,4
1766227200266622692,0.6350751617920647,0.8416357014069792,0.9034757967362104,0.9030804255072075,4
1766227200291615427,1.8030571225542413,1.0984026168105259,0.904319108779837,0.902881442150623,4
1766227200342732565,0.23206953770404937,0.9981474217605882,0.9029810460702961,0.9029457988643003,4
1766227200366604783,0.9408710618302729,0.712029843666261,0.903459437885632,0.9028151965541439,4
1766227200391613699,2.6596201806858843,0.8373228646961427,0.9050589181452096,0.9028948951235359,4
1766227200466610148,1.4288232596260109,0.6163922907696736,0.9038892498694852,0.9027943290023235,4
1766227200491613202,2.3997009190185326,0.8543769861146376,0.9049089798087638,0.9029351806594524,4
1766227200542869372,0.9121367557995974,0.74932383562074,0.903482666696975,0.9028429287736943,4
1766227200566611886,1.0298090964870887,0.6614283717713216,0.9036626678386434,0.9029455437766163,4
1766227200666607513,0.056448223069716086,1.0095997166076947,0.9029032118459256,0.9030244875575127,4
1766227200691668927,3.379259389314049,0.8970572887159767,0.905787345008842,0.902939615882911,4
1766227200745742794,0.11104570136499792,1.0601658654459272,0.9028595293796967,0.9029308643440956,4
1766227200766606405,2.0317280411871197,0.8803398866687977,0.9045280697642958,0.9028398243941697,4
1766227200791694489,3.371148120030032,0.8145168226854502,0.9056385383247879,0.9028532890202172,4
1766227200842756834,0.4568901500402456,0.8037261783623829,0.9030758512347976,0.902873427813387,4
1766227200866799783,3.0611743626210997,0.6982957754115144,0.905401706347347,0.902877211748198,4
1766227200893167684,1.5319443488283069,1.008037459435719,0.9040694207459873,0.9028412345327748,4
1766227200943377336,1.3044824277356204,0.5729998085339877,0.904038761114651,0.9030738163533449,4
1766227200966603970,0.4691220927153239,0.9280658143254337,0.9030906332852742,0.9028251321473818,4
1766227200991610721,1.6911578380459646,1.1574140171517626,0.9044700442046917,0.9030616379611638,4
1766227201042580041,0.8497265134412846,0.7031157797090685,0.9035310869354041,0.9029614441685968,4
1766227201066610427,0.862727714633249,0.8720666365409487,0.9035702402591129,0.9029579301755846,4
1766227201243190548,0.5129553030291945,0.8913239002648571,0.9032546753073432,0.9029550459153152,4
1766227201266617579,0.9562467527023388,0.6123099986244596,0.9034771372763034,0.9028921994438315,4
1766227201343045480,1.415409084112751,0.4322670641032132,0.9040116933179015,0.9029987711829646,4
1766227201366613656,0.8314807339836472,0.6022498943989996,0.9034554974893576,0.902963996168531,4
1766227201391630246,1.4743560019349067,1.136993260305405,0.9040652027884536,0.9029141275337058,4
1766227201491618518,2.542526787635113,1.021114240718562,0.9051454478354435,0.9030931062368962,4
1766227201566609878,0.07067881585343105,1.0597744496550456,0.9027451408168716,0.9028493561426395,4
1766227201642506329,0.05979097837949254,1.1231910361182937,0.9029784594210596,0.9030990945268094,4
1766227201666607999,0.8155443745151425,0.8592058990187755,0.9035265798970636,0.9029397161117967,4
1766227201691625741,2.123388978581109,0.5038512761560564,0.9046163764485246,0.9029107325554818,4
1766227201743294766,0.16202429873390933,0.9244093393359785,0.9029997454946673,0.9030438663561055,4
1766227201766709434,1.8039658066447695,1.0425411101724513,0.904416376031541,0.9029798423003165,4
1766227201791611719,2.410149271600104,1.0082569278851192,0.9049309768036974,0.9029380237763712,4
1766227201825203633,0.9225414552944677,0.8840321347080726,0.9035969898405529,0.902928405775384,4
1766227201943193925,0.732755237111693,0.9900249398874673,0.9035104252001429,0.9029906771888547,4
1766227201991632406,1.5659495573770998,1.2196615677108942,0.9042304383594217,0.9029651207676747,4
1766227202043232462,0.7640222286529053,0.8712737311345294,0.9034659116572573,0.9029356517212465,4
1766227202066627252,0.7141658580611665,0.7855169016639876,0.9035088260287373,0.9030537205680808,4
1766227202142726575,1.3479988374893725,0.4844305896742381,0.9038556784612947,0.9028996892437589,4
1766227202191619130,1.5738896633262778,1.0265525940678633,0.9043246277241432,0.9030685896062144,4
1766227202266616851,1.5034886497437006,0.6877772126675977,0.904196995489437,0.9030199409742041,4
1766227202291620086,1.3538900920908592,1.1165400655486621,0.9039799937310107,0.9029121847099478,4
1766227202366622336,0.17115520160682074,1.059665505934212,0.9029763756454974,0.9029969455386198,4
1766227202391629347,2.224871595829403,0.7069915247442803,0.9048778065983735,0.9030710255967325,4
1766227202466634633,1.3897502061491762,0.609122276275806,0.904106434827802,0.9030498314731592,4
1766227202491635884,1.460996567356987,0.9361691526432565,0.9042163838953597,0.9030469164202312,4
1766227202543525003,0.8115792530447585,0.7178743485011736,0.9034103976225673,0.9028836882592367,4
1766227202566616813,0.29916008466990274,0.9169142032583407,0.9031417281281814,0.9030520447797619,4
1766227202591626610,2.77892348385278,0.7850076455075106,0.9052319936737336,0.9029225242609992,4
1766227202643472989,0.5646754004235977,0.8351493723568313,0.9033972245717344,0.9030730225525474,4
1766227202666630133,0.6080222445734584,0.744904318352584,0.9031723901757776,0.9028344331711421,4
1766227202743389997,0.7358899832072829,0.8167492590372701,0.9034069053407795,0.9029234277934395,4
1766227202766629145,0.49785622538434104,1.1337440961467082,0.9024193193363035,0.9030657420136244,4
1766227202792315995,2.4700652797307043,0.8945257621393751,0.9049821470305147,0.9029484060733793,4
1766227202845480182,1.1453925929599817,0.6292322564961061,0.9036249150530206,0.9028001343524398,4
1766227202866631914,1.2045339242116038,0.6697079936296372,0.9038304393744447,0.9029421093733119,4
1766227202943627672,0.06583161937867565,0.8362788548974104,0.9029091326593672,0.9030731859033594,4
1766227202966626267,0.3001908510831264,1.0617040154313486,0.9030743516016171,0.902943263031585,4
1766227202991712147,2.9043405521212984,0.9314309469689956,0.9052849633105206,0.9029047592469126,4
1766227203091635277,1.9181367842111552,0.83283959295421,0.9045321189225672,0.9029599197151676,4
1766227203166620424,0.02699662832161831,0.9866151806253903,0.9028332995493219,0.9029984855829518,4
1766227203243940242,1.0586944899524386,0.7390017783931089,0.9035617904580413,0.9027795267120566,4
1766227203291660482,1.9829319135636903,0.8659078922141926,0.9047155498736619,0.9031019681404845,4
1766227203344668795,0.6165466299015154,0.9422122517649645,0.9033962786181917,0.9029973492983704,4
1766227203391715509,2.3548047782419035,0.6349101189802683,0.9049395305160056,0.9030330565245094,4
1766227203444707261,1.7004168682709375,0.40551754553280656,0.9041359237588112,0.9028710032659653,4
1766227203466631707,0.6333248209771103,0.8775477762653651,0.9033334412741624,0.9029325362569215,4
1766227203543817662,0.7681372400644149,0.7679208978586413,0.9034385696813454,0.9029384068475712,4
1766227203566624477,1.134677284069019,0.6209113543182181,0.903747899611107,0.9029373217053185,4
1766227203591623113,1.7076664851709555,1.1730820429874587,0.9042978278330361,0.9029362749952748,4
1766227203625262126,0.2955634992526379,1.1283761430510653,0.9030130318638219,0.90290499175088,4
1766227203666616145,0.47362791163030327,0.8788541333028458,0.9031430658646136,0.9029010863893947,4
1766227203691621403,2.7350067042816173,0.7388020287472181,0.9051712497306553,0.9028992889706656,4
1766227203744595142,0.4880043711122939,0.8862085123823709,0.9031259625326157,0.9028555855381961,4
1766227203766619936,0.7075905510065539,0.829217039352399,0.9034971038896156,0.9030310939582364,4
1766227203791628320,2.868134881984896,0.9975459316024431,0.905318870289635,0.9030146603648193,4
1766227203844665067,1.1556466500460827,0.73761967233393,0.9037396896899448,0.9028754765296926,4
1766227203866624117,0.31395486476859524,1.064222496914968,0.903074701519231,0.9029491499623056,4
1766227203891836044,1.9445021015196406,1.0028297078043356,0.9045594465617135,0.903016343238352,4
1766227203944112832,0.1931986269670949,1.0795783275004727,0.9029656514281561,0.9029531019421151,4
1766227203966634861,0.7365129872241027,0.7334307519199393,0.9034065537894453,0.9029505480771427,4
1766227203991734297,2.433937722850943,0.919483136461938,0.9050911890306406,0.9031130080541376,4
1766227204043439310,1.1455174843419957,0.5655023050570688,0.9038659088113462,0.9030735117149447,4
1766227204066634775,0.006588864359335922,0.8947744688761367,0.9029164633470441,0.9031490815063346,4
1766227204143960263,1.7831564973127545,0.44190551637602393,0.9043277036180326,0.9029654515648998,4
1766227204191623606,1.4787239181087708,1.1438590204950174,0.9041872611521785,0.9029680696879854,4
1766227204245569452,1.795630554586758,0.9777523255554335,0.9042990640428582,0.9028410542059405,4
1766227204266874362,1.2639421033781018,1.1871884365899823,0.9041202128614617,0.9031702937789714,4
1766227204291639559,3.6481920334769935,0.9095897992642417,0.9059811936504651,0.9030264335207239,4
1766227204343916217,0.09693314007763743,0.9884934547132409,0.9027767758751957,0.9030633365086543,4
1766227204366626269,1.4599501822549765,0.466340860772302,0.9040701614937858,0.9029949656074154,4
1766227204391649121,1.3692889033699585,1.1221370764935374,0.903992968637942,0.9028919517512347,4
1766227204491652420,2.5673801861816337,0.8237194185209191,0.9050979260229739,0.903006731077467,4
1766227204546648531,1.1901042656813354,0.5882909399485953,0.9037442661953946,0.902887177284844,4
1766227204566622750,0.6772660961629207,0.7978150270281273,0.903390098167594,0.9029678466174105,4
1766227204644657090,1.2667509858411696,0.549088458679306,0.9040130012689813,0.903096647371015,4
1766227204666634044,1.0137242464280938,0.8232984063999421,0.9036488924192557,0.9028912374111748,4
1766227204691635144,1.8775939314937817,0.7990907680613676,0.9045300516534892,0.9029994010752407,4
1766227204744440436,0.9510580982730055,0.6869081813476514,0.9036281284390106,0.902974731967034,4
1766227204766636081,0.004843645993846124,0.942520004921406,0.9026825098123924,0.9028817373256872,4
1766227204791637492,2.7928598213616818,1.068584614085167,0.9053131036929738,0.9030239834117307,4
1766227204843778224,1.206685383815631,0.5820955552984594,0.9038269368645859,0.9029558589456077,4
1766227204866643068,0.5440375673938513,0.9662567829696954,0.9032289659936453,0.9029026278919419,4
1766227204891744808,2.419635171271639,0.5688437028929068,0.9049085244075609,0.9028991272057142,4
1766227204966635186,1.0141283297222525,0.6516111164336218,0.9036175244576373,0.9029184831073985,4
1766227204991640194,2.8232510052673687,0.9964584821882866,0.905318049578615,0.9029695869762503,4
1766227205044239679,0.6100735851222172,0.9643907681770516,0.9033165316269167,0.9029137806641426,4
1766227205166629663,1.26841665287325,0.6348002020737602,0.9038679174052947,0.9029218217087079,4
1766227205243912831,0.42098637605159084,0.760857454122791,0.9032701509796004,0.9031153956920617,4
1766227205266633042,0.061843696696595174,0.9686568767917176,0.9029211192286027,0.9030528136414807,4
1766227205291649001,2.3354810167723894,1.0958571747167034,0.9048644465089377,0.90296345779715,4
1766227205344717507,0.996988690851186,0.7426667418913698,0.903697773289785,0.9029760993046757,4
1766227205366625852,1.8611684265722461,0.39637212242912584,0.9044507867471439,0.9030190784444584,4
1766227205391642421,2.073886393160751,1.07051110920154,0.9046825345852113,0.9029967095740269,4
1766227205445178016,0.3979087451790875,0.9488107126642724,0.9031816404806192,0.9029900905476264,4
1766227205466631145,0.6314221180490076,1.2050587064681646,0.9022309788020378,0.9029899118480522,4
1766227205491638226,1.6076014112519355,1.113605839862682,0.9042875316696076,0.9030402729587339,4
1766227205525750138,2.2797017190766544,0.7600560264645264,0.904773370739645,0.9029016260686178,4
1766227205644557475,0.2748512953112403,0.844129582444404,0.9030300502373346,0.9030032608190734,4
1766227205691632261,2.6018527732949437,0.5040515873872549,0.9049952258445716,0.9027922131907024,4
1766227205744899401,0.8548797487381021,0.6776280862380347,0.9033505181337275,0.9028046812584888,4
1766227205844709156,0.9503063198319506,0.6286637954404243,0.9037259983854808,0.9030982213750252,4
1766227205891659148,3.0845411627178354,0.8163314112854753,0.9055103840246584,0.9029799471382212,4
1766227205944996670,0.7909133746629715,0.6705130865538708,0.9034029186668489,0.9029076059693738,4
1766227205966676345,0.5713513860684527,0.989240178377924,0.9032923430431128,0.9029252853785585,4
1766227205991653270,3.3721693240462702,0.7295709951313586,0.9057933211080559,0.9030252816716585,4
1766227206044675289,0.1218242986796847,1.0013627615467502,0.9028877592318968,0.9029463549716908,4
1766227206091652872,2.189295670650626,1.0329122134977033,0.9047821185445108,0.903015426442712,4
1766227206166648369,3.2305825429006507,0.6375576919087471,0.9057339198609334,0.9030658259276896,4
1766227206191634290,1.3391251624694789,1.1715234640168288,0.9039564267853335,0.9029078541591102,4
1766227206244578342,0.7836451717850856,0.8878395675052265,0.9035523260521218,0.9030129484360202,4
1766227206266632522,0.8394151377069115,0.7943396850817214,0.9033409613652319,0.9027603309259309,4
1766227206291635786,2.556491046873388,0.8772038725532455,0.9051578625600989,0.9030438141343897,4
1766227206345023091,0.31294968690098734,0.9337924957022765,0.903141235512087,0.9030307246660325,4
1766227206366638816,0.2833731634737102,1.0876937536199685,0.902465781739139,0.902901850838356,4
1766227206444804934,0.7608793109878942,0.8491455767982665,0.9034433690697474,0.9029198948432002,4
1766227206466649248,1.434395194430893,0.6108433434754926,0.9039895885598755,0.90287962442027,4
1766227206491666168,3.0462861661233465,0.7444277443100068,0.9055512690604184,0.9030417973234534,4
1766227206545370831,0.13410127042579045,1.0654249415583918,0.9029219641342728,0.9029857566852779,4
1766227206591663967,1.7461683550100693,1.0509867288330952,0.9044342634708513,0.903045706616791,4
1766227206666641229,0.1837655872093391,0.9628510779590306,0.9030078708075657,0.9030459761953367,4
1766227206694628614,1.4299622471158902,0.9982816929093612,0.9042770978268194,0.9031615566720784,4
1766227206766876324,3.0074027971149775,0.5176170217854554,0.9054456375544891,0.9029780969213663,4
1766227206791648543,3.251949076597982,0.772923207641853,0.9056157005446572,0.9029672186792652,4
1766227206845285829,0.21518062897663004,1.0620750321661914,0.902700912000672,0.9030893741312265,4
1766227206866661783,2.3437787174096503,0.9713816209283913,0.9047997656361576,0.9028661884325568,4
1766227206945210660,0.586409436366564,0.6856250430209154,0.9033135194582391,0.9030232576904942,4
1766227206966645345,0.9954846010356011,0.6778050532199308,0.9035703343882334,0.9028757682246081,4
1766227206991685228,2.2130033219142087,0.9847785713654561,0.9048135913052134,0.9029752049144916,4
1766227207046340688,0.1582014586454239,0.8949297623104066,0.9029871882084579,0.903046026763537,4
1766227207066803555,3.146226416902098,1.082939927135424,0.9055088329421741,0.9029360003136377,4
1766227207091657779,1.2136105502150718,0.627072668820127,0.9037868393513947,0.9029009016056427,4
1766227207141658437,1.0356198610109724,0.66098543389341,0.9037379995205695,0.9030085348938446,4
1766227207191715700,1.8838482826774028,1.0905031268718588,0.904628276346151,0.9031273463042448,4
1766227207266773103,1.8255764830518162,1.1204826586545604,0.9043051219260463,0.9028582460294917,4
1766227207291654468,2.442122629609411,1.252741467468647,0.9050521981165068,0.9031019434594472,4
1766227207345809176,1.0053924272559467,0.640873709524522,0.9035885160545076,0.9029256553587176,4
1766227207366640215,0.44445517340852003,0.9245818748838243,0.9031947143619486,0.9029610077194902,4
1766227207392068819,1.5267616232725878,1.018464695691937,0.9042890406483955,0.9030786684903366,4
1766227207426816536,0.3127655885188929,0.9824864846383826,0.9031743480949385,0.9030681098552588,4
1766227207466653603,2.447322731914836,0.7676153558724468,0.9049028383503407,0.9028877795353277,4
1766227207541652375,1.7748669776262993,0.982332289566801,0.904379278405805,0.9029621967399922,4
1766227207566665668,1.5434881030714775,0.9735817585714511,0.9041987618843533,0.902968338129032,4
1766227207666656904,2.552094727361842,1.0149593807057116,0.9050489935205077,0.9029540046091447,4
1766227207691756439,0.8524583067625047,0.7542082347534445,0.9035904997045319,0.9030219659632192,4
1766227207767069252,2.0693098361056483,0.4994800979798667,0.9046052112353874,0.9029490872253876,4
1766227207792173015,2.3840406053172725,0.9466399598528479,0.9048506386031097,0.9029164326434865,4
1766227207846878599,0.8714211235650859,0.8444138519370663,0.9036312196886827,0.9030164330223697,4
1766227207866653943,3.056064775890821,0.9355053966390615,0.905404292018714,0.9029314425224327,4
1766227207891662818,0.8787010060971046,1.1105329600753935,0.9037559412619317,0.9031491978178302,4
1766227207945659219,1.4201620262080938,0.6016727022179614,0.9041356929877188,0.9030756707560109,4
1766227207991653783,0.4632849280145068,0.8884436150227142,0.9032051533322942,0.9029787713299599,4
1766227208047016443,0.5995080262156671,0.7475725720713631,0.9032114686715484,0.9028864450887234,4
1766227208068326673,2.867099910538684,0.5466769186310213,0.9053218406501857,0.9030283312387329,4
1766227208091647614,1.2041832895915983,0.3965029249988814,0.9038469202843655,0.9030871366060927,4
1766227208145798686,0.3792096981815041,0.9825942714835657,0.9031175824862487,0.9029359904315524,4
1766227208166663388,2.556896749775661,0.5922934733762338,0.9050249604432167,0.9030251461062808,4
1766227208193325852,1.6531690508284624,0.28225036904258444,0.9041307108543354,0.9029814768721264,4
1766227208245743023,0.7349226661059749,0.7516082780948776,0.9034886930393751,0.9030288872194001,4
1766227208266718604,3.53715301389923,0.909783719914898,0.9058177859141351,0.902869900439355,4
1766227208292101382,1.3319946520432557,0.9094067502709124,0.9041128621101029,0.903051037209921,4
1766227208347345859,1.1382086150912851,0.5942768166946478,0.9037887353828408,0.9029957898365325,4
1766227208366657892,2.045219331263781,1.13424094435411,0.9046878274279927,0.9030269458906647,4
1766227208391766985,1.9531798069090112,1.0941658197940516,0.9046375911739848,0.9030542220780001,4
1766227208446193615,1.8135068457354464,0.3595344153428938,0.9043459462818998,0.90296433105893,4
1766227208466641503,1.5850664091848765,1.093144745064297,0.9042120927749355,0.9029271405682919,4
1766227208491923892,3.8116081630893417,0.7124600984348806,0.9061022011750797,0.9029492391877134,4
1766227208591672091,3.6893831254571907,0.541545491888199,0.9060323685699775,0.9030310256844137,4
1766227208666659271,0.8869891616698489,0.7989862794100393,0.9035707174279117,0.9029391781664287,4
1766227208691666472,0.8869891616698489,0.7989862794100393,0.9035707174279117,0.9029391781664287,4
1766227208746448971,1.43879356738974,0.41302169389141385,0.9040304128978262,0.9030173203730141,4
1766227208841661070,2.956980496843453,0.8725426642186306,0.9053195684519241,0.9028761847752984,4
1766227208866669304,1.9686011482232812,0.9607423818629727,0.9046361568685265,0.9030325861840713,4
1766227208893710289,1.8926081075417711,0.9297265760106663,0.9046361568685265,0.9031091367773748,4
1766227208941656003,0.9184205904790854,0.6570729921489454,0.9036009052106108,0.9029947826551138,4
1766227208966668805,2.438013851139509,0.8579403105032966,0.9049461303284294,0.9029145698744676,4
1766227208991652552,1.1420659125236376,0.7021732591597929,0.9036502858388542,0.9028039760724716,4
1766227209041671193,0.16050620477592314,0.9251510317883848,0.9028973909472905,0.9029421580097089,4
1766227209066785947,2.6080456002376406,0.8667886504848724,0.9051251726431518,0.9029767333379611,4
1766227209091721404,1.0451686617714007,0.6388396396647744,0.9037011808929749,0.9029826791372576,4
1766227209141786602,1.6062990564589263,0.38464705984477243,0.9041348343673087,0.9029676936812734,4
1766227209166664230,2.305166961413363,1.0860939545625872,0.9048088268576228,0.9029304022502693,4
1766227209191653879,1.093432313942655,0.7040654116085082,0.9037328474584854,0.902943148780499,4
1766227209241693449,2.137881036071154,0.9786690211448057,0.9046486619927073,0.9028675054187044,4
1766227209291658870,2.886596469610314,1.057819615294591,0.9052782901201019,0.902933301334578,4
1766227209346255850,0.46818542578630495,0.8184481616434145,0.9031216869044545,0.9028993555526608,4
1766227209366700692,3.1426239847568427,0.9492858608939195,0.905656221601681,0.903058628863788,4
1766227209391713074,1.2912251415859721,0.5869154282960766,0.9039311626899402,0.9029762252960488,4
1766227209441654309,1.343659844064704,0.5543269075106202,0.9039272752980887,0.9029371129939927,4
1766227209466664446,1.8354665134795445,1.0813036952149777,0.9046098340044882,0.9031457718592297,4
1766227209492481150,2.492163961134497,1.2056033187231796,0.9049636499815561,0.9029213566135005,4
1766227209566852411,2.900940595570445,0.8216465768487434,0.9053592201568887,0.9029310110497101,4
1766227209592392004,2.329326973780299,0.7069605050152719,0.905048372383217,0.9031372241582334,4
1766227209641650595,1.0785670498374422,0.6751378087782728,0.9037745118022846,0.9030023888399554,4
1766227209741648704,0.23825549704870053,0.8025774304107841,0.9030190957261853,0.9030417987494135,4
1766227209766657157,1.7209294240047024,1.1890168314748206,0.9043046032853929,0.9029243941310507,4
1766227209841649787,0.4699407605939232,0.8993201319122639,0.9032946551527249,0.9030447343096653,4
1766227209866663591,3.3783740426989173,0.947755499241583,0.9056841752784656,0.902966893244788,4
1766227209892597716,1.4967906077177906,0.4479240611293798,0.9041414560269586,0.9030745334504505,4
1766227209991882332,2.659530943955657,0.8561601971794518,0.9051440921187419,0.9029575637569768,4
1766227210041699384,0.06519370744306752,1.0782499705793978,0.9027179720135015,0.9029499970103972,4
1766227210066673513,2.517057087062624,0.6849576103323544,0.9050835884702372,0.9029814297990534,4
1766227210091864961,0.6094966319390993,0.6711824771542841,0.9035169592245023,0.9032367495888138,4
1766227210141652658,1.1040525068460871,0.595411123545565,0.9037565235968843,0.9029938493531406,4
1766227210166660030,0.6587811259576304,0.7825062199476535,0.9034437587761341,0.9030504345744568,4
1766227210191679394,0.6207521487928691,0.7924972637142419,0.9034437587761341,0.9030884844392542,4
1766227210266655954,0.5225018021827177,0.8100482958328001,0.9032677005539278,0.9029964725522933,4
1766227210292420920,0.4767891740060648,0.8545644311695844,0.9032677005539278,0.9030417113216886,4
1766227210366681062,2.2762084871714716,0.9698880448528088,0.9046769606618698,0.9027662968111642,4
1766227210391686280,1.0437102009643873,0.7379569708492147,0.9036950842026618,0.9029322884370128,4
1766227210441674524,2.224824091332289,0.3991055841762814,0.9046582335274945,0.9028564090139741,4
1766227210466676335,2.350373098151892,0.9066752762945289,0.904856361155041,0.9028933443441354,4
1766227210566664424,0.9012796812123414,0.6260311683480096,0.9036148259376885,0.9030323577662027,4
1766227210591809274,0.7795362007129158,0.673449600947914,0.9036148259376885,0.9031522369361722,4
1766227210641664968,0.7553053758474482,0.8310264671288999,0.903481324252145,0.902981951435304,4
1766227210666678592,3.4142105402614753,1.0906837476426559,0.9057207930930457,0.9028945204215699,4
1766227210741666954,0.6092872047674947,0.9313262084941291,0.9034066117465298,0.9030244764006057,4
1766227210766670779,3.7472734541365016,0.8208876468097641,0.9061305690625512,0.9030719945253235,4
1766227210793163183,1.3886657495076893,0.6425773043702613,0.9040294486662043,0.9029724188161519,4
1766227210841665202,1.1775048080449046,0.6249417568956648,0.9037881539782108,0.9029398834290486,4
1766227210866673265,2.2958684237273097,1.011197473503427,0.9047883775545464,0.9028759468260353,4
1766227210891743254,0.6113492009665045,0.8184180784023529,0.9034263879244954,0.9030728594186812,4
1766227211066673318,2.4914616586564353,0.741565612247118,0.9049983952268574,0.902975699667082,4
1766227211141670466,0.29423262599437283,0.8827690525141575,0.9030047554336006,0.902936631992746,4
1766227211166673990,2.3054301990803605,0.8211176019417586,0.9048196583559783,0.9029609935739961,4
1766227211192800386,0.526567063246941,0.7369824081374163,0.903205813744771,0.9029609935739961,4
1766227211241684163,0.48479062877127,0.6999818687501715,0.9031304198887053,0.9029471213015376,4
1766227211266659975,1.5028039114628466,1.1330032940516572,0.9041582399587027,0.9029869283814685,4
1766227211341665629,1.0455874115321562,0.6647435068520698,0.9036827708300413,0.902948641306253,4
1766227211366679553,1.2347649565951357,1.1852418308910715,0.9039887240395739,0.9030922098561849,4
1766227211391728283,0.042011373064476665,0.9386460250426226,0.9028639046610072,0.9030431567473829,4
1766227211441669648,1.5560603564925835,0.4717449464095922,0.9041507466928828,0.9029800563931091,4
1766227211491911538,0.23816623793648795,0.9688309065556047,0.9031829435526719,0.9031503744143725,4
1766227211541672204,0.8917798673118149,0.6145473067986702,0.9035797572558275,0.9030098301154803,4
1766227211741674891,0.106926596160406,0.9789379984600214,0.9029268846036129,0.9030166727046783,4
1766227211766669148,1.1876259964569424,1.016657410195279,0.9038629749885557,0.9030200960667885,4
1766227211791877207,0.1906240711087026,0.7944306206379441,0.9029170804415455,0.9029958558325268,4
1766227211841667678,0.5167108383650199,0.7580752307273578,0.9032322804857689,0.9029868888689886,4
1766227211866668618,3.010683392520974,1.0199298924370355,0.9054782919644803,0.9030070744023777,4
1766227211941671226,1.0322074711210938,0.6452059481100327,0.9037095208628426,0.9030049188487591,4
1766227211966685671,2.060949960621783,0.98153822978388,0.9045846716654312,0.9029747150657286,4
1766227212066673499,1.6816848808912654,0.8132433836215313,0.9042337767091881,0.9028919765318428,4
1766227212092410603,0.5888265706156526,0.6559000308867701,0.9032979695240031,0.9030227049987875,4
1766227212141661941,1.6024417746695052,0.43551194143210653,0.9042245156125807,0.9030425023988626,4
1766227212166670034,1.6906070595367195,1.104293563230542,0.9043588275253145,0.9029874955088886,4
1766227212241657513,0.8701262726076298,0.6831982129883737,0.9035457142727454,0.9029963425136426,4
1766227212266670906,2.0398806954130544,1.086843977484081,0.9045706475162728,0.9029106842353049,4
1766227212341669807,0.9568436905013078,0.6976157331501994,0.9035386921500751,0.9028807003525005,4
1766227212441662575,0.6494851477654162,0.6631995966386403,0.9033524096237772,0.9030106168600575,4
1766227212541662575,1.4165754269934716,0.5546801058172638,0.9040340182679836,0.9029739842475328,4
1766227212566678012,0.8546243976034207,1.2671016350722621,0.903627523906418,0.9030071574574597,4
1766227212592814306,0.6316100530755486,1.2844300039157508,0.902299804069492,0.903053371444971,4
1766227212641669669,0.2266257222263146,0.9627465242574588,0.9027008469759553,0.9031223343656775,4
1766227212666662474,2.196512697988595,0.8557005643901511,0.9047169668256497,0.9029231349840946,4
1766227212691854522,0.8532233813256518,0.6594903283349041,0.9035357935353623,0.9029942911230682,4
1766227212791698921,0.8699036073775979,0.729719643510757,0.9036006496713226,0.9030123901540978,4
1766227212866683855,2.47433385673812,0.7670686169630633,0.9050205314672624,0.9029853583200852,4
1766227212892149519,1.2313963586063625,0.59056255404569,0.9038461137980183,0.9029773222327516,4
1766227212941673990,0.8406000235867683,0.7768541958237475,0.9035459182327262,0.9029703020265022,4
1766227212966685108,3.084655911886336,0.719016353663287,0.9055425172885979,0.9030593781533467,4
1766227212992258324,1.1461069214295794,0.4544390318845745,0.9038325721356599,0.9030896039201799,4
1766227213141662971,0.4785644218753271,0.9082149193644787,0.9032733827584273,0.9030212533768677,4
1766227213166667587,1.5438304093117194,0.9838194899758849,0.9042531727064851,0.9030068443333744,4
1766227213191950326,0.44986198691521206,0.8380604315862393,0.9032697706117794,0.9030591178689813,4
1766227213241673321,0.37276066330160784,0.8790402196795126,0.9030578867936542,0.9029179933312577,4
1766227213266681564,1.646304047876801,1.1759612148176788,0.9041684159218023,0.9028373546175721,4
1766227213292302339,0.23893727206614201,1.1314356850375513,0.9026056272077889,0.9029991260790409,4
1766227213366686153,2.053358258196303,0.6491457080658369,0.9047517268767098,0.9031313837899617,4
1766227213392881658,0.9969494618607966,0.49847104009782545,0.9036246505990572,0.9030137655574844,4
1766227213441685124,0.05914055490174874,0.9842802712143489,0.9028167600047796,0.9029457562803263,4
1766227213466698727,2.651819723897497,0.9400432069433418,0.9051358494218721,0.9029991865617271,4
1766227213496197854,1.0837017183792375,0.6877193396027023,0.903882441159344,0.9031300671244312,4
1766227213541679043,1.0030630013890818,0.634179261203011,0.9036377629639363,0.9029573362002656,4
1766227213566678159,1.527461607818692,0.9128099159469031,0.9040239929350739,0.9028477508646378,4
1766227213592714385,0.0452367369128126,0.8389391964130773,0.9026823112442693,0.9029751662088445,4
1766227213641689603,0.11002291666772912,1.1362899430761453,0.902721721872246,0.9029861074806772,4
1766227213666682257,1.7062416965191174,0.9236487580190784,0.9043088555913763,0.9029262126132379,4
1766227213695510342,0.13436569167668555,0.8760771622870658,0.9029457577754479,0.9030304458021612,4
1766227213741672632,0.5963599635638861,0.72439251616777,0.9032543894694521,0.9029471968234511,4
1766227213766671697,1.7460641485097517,0.712593494163366,0.9043691738660042,0.9029998002851939,4
1766227213793672076,0.75817869089434,0.6303091052511087,0.9034227791903063,0.9030048825916424,4
1766227213841666441,1.3460833920889703,0.4718948472453194,0.9038140350363626,0.9029153793048873,4
1766227213866683590,2.3621795231996146,0.502049469641059,0.9049869362235797,0.9031006999676134,4
1766227213892325084,1.206454207305363,0.5227698218242178,0.9039078144592914,0.9030869526334088,4
1766227213941675197,0.8940769850889208,0.6763506388893984,0.9035581463111079,0.9029687157993233,4
1766227213966675976,3.9072967783606583,0.9497586646909838,0.9063755857474596,0.9032239859347408,4
1766227213992815847,1.2676891369154397,0.5469022460836332,0.9040603782996298,0.9031576983125021,4
1766227214041678514,2.506590529044339,0.8499156400307991,0.9050928599332159,0.9030965272578807,4
1766227214066675065,2.826166429353627,0.9482198516346397,0.9053264911377161,0.9030198519644537,4
1766227214093024170,0.7783898164852587,0.7868437389252936,0.9036462040674436,0.9031549366605569,4
1766227214141678665,1.7778780741116718,1.005954096673426,0.9044362007094441,0.9030359196949747,4
1766227214166678893,1.5887013107441783,1.1359192794912214,0.9042844136350345,0.9030351152388041,4
1766227214192172939,0.3227018657703251,0.9271632192922893,0.9031290737117641,0.9030260152138474,4
1766227214267295923,2.364186323878803,0.7699112865720599,0.9049783581427057,0.9030895579880056,4
1766227214357741809,0.46996830268186685,0.8112277000043707,0.9031931784266197,0.9029671273282571,4
1766227214368576611,0.3168664773722796,0.8609431712154805,0.9031931784266197,0.9031194245254379,4
1766227214395438440,0.5256080500150029,0.7948193259904843,0.9033119858343607,0.9030483312507794,4
1766227214441674167,1.6503950475161844,0.7883586380356036,0.9042127136869991,0.9029106263502041,4
1766227214466681187,1.7064250917315782,1.011919495682611,0.904360857618413,0.9029910133087302,4
1766227214492549438,0.44747087656860085,0.8101084498835052,0.9031299931956817,0.9029256168422404,4
1766227214541685659,1.1842932541226148,0.6983325750688949,0.9038122769501034,0.9029366171604165,4
1766227214566686558,3.4092761409634242,0.8056082778361631,0.9058428639341649,0.9030824813755383,4
1766227214593590094,1.6362442466602012,0.3836935216348285,0.9042100374988895,0.9030083255674615,4
1766227214641699304,1.4974930077296111,0.45018431645116547,0.9040175219675951,0.9029492128317406,4
1766227214666690936,1.8870499842109645,0.8945912659338437,0.9045947438453674,0.9031280831284508,4
1766227214693263661,0.7087819206363921,0.6319093421401777,0.9034367802947774,0.9030458086012503,4
1766227214741688184,1.7272163545319907,0.2289530177245113,0.9041864276819994,0.9029955904867589,4
1766227214841680068,0.9474365810245855,0.6635247124074377,0.9035606046587943,0.9029244077398979,4
1766227214866752963,2.2911154623420638,0.9380144835100637,0.9048762180869765,0.9029932185944174,4
1766227214993281094,0.32848031913690345,1.0335766759814171,0.9031597315841697,0.9030255764681019,4
1766227215041688164,0.2942909351881795,0.9684081483311989,0.9025785792529674,0.9030843743057352,4
1766227215093529180,2.0308332620900815,0.9258217753727994,0.9045935142711703,0.9029084192280183,4
1766227215141689086,1.0460054279148867,0.8076783340177681,0.9037700889279114,0.9030151806603923,4
1766227215193368258,0.18780476493440723,1.1135764034151758,0.9027779079406942,0.9031256100605486,4
1766227215241697441,0.8230369508818169,0.633293247375555,0.9035394754346393,0.9030309458096223,4
1766227215266712247,2.3292915270346493,0.6721057924219074,0.904991835920813,0.9031130857505989,4
1766227215293210411,0.9718389713825326,0.5134023051613172,0.9037504833626021,0.9031772538515821,4
1766227215393363759,2.4334708645772363,0.8424180481196617,0.904969357322286,0.9029836039049169,4
1766227215441682823,1.065487064738968,0.7991590337499435,0.9037708421860007,0.9029948958145958,4
1766227215492903383,1.3348167015958534,0.5554246645632663,0.90401680703875,0.9030592891971742,4
1766227215541681711,1.1542859373157022,0.5079132145885243,0.9037901991688729,0.9030094514999991,4
1766227215566685455,1.6995045019996269,1.0455553167632823,0.9043648800604857,0.9030083221402553,4
1766227215593810208,0.4203892704264245,0.9062337991774374,0.9032412604316492,0.9030605684288674,4
1766227215641685378,1.5451780329065468,0.4788781048705595,0.9041513136897571,0.903010963982739,4
1766227215696037736,0.03819287008888228,1.0070948333859573,0.9028469253744503,0.9030144890766911,4
1766227215741685378,0.7240966047674657,0.6350267208662078,0.9034924947248075,0.9031061462498494,4
1766227215794700211,1.7942635542265162,0.4700713788024773,0.9043334101272698,0.9029574276642931,4
1766227215866694973,1.6774468221055772,0.9631733130803136,0.9042171467292051,0.902884720552694,4
1766227215893967413,0.3631685415278474,0.7716858599353844,0.9031897598590581,0.9030939347195193,4
1766227215941684566,0.7538646366918034,0.5595963628920385,0.9034906283081262,0.903094765890906,4
1766227215966711774,2.527089541618621,0.5118799797402548,0.9050012977480372,0.9029474158106882,4
1766227215994058544,1.3635382371947058,0.45374850338843925,0.9038389073952661,0.9029180323614586,4
1766227216041681750,0.9466513665238319,0.4770945409261988,0.9035719018294311,0.9030251370564517,4
1766227216066692808,3.2313174388404198,0.7930885652978077,0.9055841857547435,0.902977344605923,4
1766227216141678073,0.8960996436625512,0.5467435062125346,0.9035344785229528,0.9030119525978337,4
1766227216193913451,3.385434923277364,0.8416600798649574,0.9058151218287063,0.9030336546052551,4
1766227216266828313,2.7253114374180543,1.0056558887638574,0.9052671324594102,0.9030235122548782,4
1766227216293750564,0.9273359434002204,0.8207369068067942,0.9036495826137614,0.9029952565238449,4
1766227216341689313,0.7263849471190742,0.752767644633833,0.9033262789598068,0.9028686102955472,4
1766227216366775152,2.1116876788114247,0.7899029769080851,0.9046386264018383,0.9029007062395839,4
1766227216441682540,0.5403163710370196,0.8674419880075125,0.9033173542489967,0.9030216357169052,4
1766227216493486447,4.010936523961783,1.0982033995646878,0.9062727607178519,0.9030790292968061,4
1766227216541692448,1.1501162821273558,0.6267453842995311,0.9038026945691313,0.9029853864924818,4
1766227216566822280,1.1138912657870925,0.6591703692459714,0.9038026945691313,0.9030200067493657,4
1766227216593646297,0.1973182228779402,0.9949015700600062,0.9031319564888248,0.9031416574539566,4
1766227216641691225,1.145043721566874,0.5462633410855459,0.9037532167509481,0.9029844240878625,4
1766227216666700670,2.1469706036474356,1.112377353510429,0.9048366312724644,0.9031125311976785,4
1766227216694934017,0.7478964010783073,0.7932186620041417,0.9036520132374513,0.9031836323334106,4
1766227216741686115,1.2916341011646182,0.4678939178257102,0.903918881114551,0.9030236097760256,4
1766227216766684790,2.3429044248511888,0.791788993862575,0.9049460245929503,0.9029995208517813,4
1766227216793370066,0.8530845990800673,0.670860629683522,0.903707209230554,0.903164498525338,4
1766227216841686325,2.018746674541494,0.9102086062315983,0.9047219130519526,0.9030302544031903,4
1766227216866691352,2.4916296289044793,0.8561122904566387,0.9049822925477415,0.902912361768707,4
1766227216941680243,1.429348978951972,0.5742477289316297,0.9041741161975989,0.9031079158060578,4
1766227216993715735,0.780237904217107,0.6852835133466264,0.9034032778104839,0.9029319415772602,4
1766227217066691381,0.9325596219834642,1.128031178114182,0.9036810355020746,0.902999746918412,4
1766227217093927773,0.17273155189767575,1.0284052227380776,0.9027049712931203,0.9030579788562628,4
1766227217141694739,0.9500220484327526,0.6108169266463159,0.9035725393916841,0.9029668776178296,4
1766227217166703192,2.922427437373365,0.46822155686518274,0.9054326503857859,0.9030380726600632,4
1766227217241696472,1.487473323774413,0.4504877036123172,0.9040288820553992,0.9029437468788319,4
1766227217266693654,2.9413586560644855,1.05750637036542,0.9054597482274639,0.9030863837263032,4
1766227217293562555,1.0440339096524642,0.6442607030456919,0.9036910457167308,0.9029747456212681,4
1766227217341703324,0.7619178772072521,0.7464499340670144,0.9033605813451576,0.9028728668454135,4
1766227217366836642,2.1324245080469595,1.0417479075293212,0.9047118529199156,0.9029661247582138,4
1766227217466690877,2.150787918117847,0.6146873170733111,0.9046948833088084,0.9029744725282478,4
1766227217566697619,2.055411523835038,0.7830105009693848,0.9046706611827703,0.9030034306301982,4
1766227217593830436,0.2546212641381107,0.7881851960692456,0.9030481862517811,0.9030618934434709,4
1766227217641686610,0.5417542173948853,0.6142097586066462,0.9032225444956574,0.9030040500881724,4
1766227217741694043,0.643767952071217,0.6818986860769817,0.9033471962022346,0.9030087024800494,4
1766227217766699070,2.5135182757979324,0.6434102824529785,0.9049279582990676,0.9028873814142172,4
1766227217794629557,0.5443475822971555,0.6310544840653423,0.9032636436108771,0.9030499587755587,4
1766227217841688562,1.3170267661638535,0.5049208005676585,0.904016787681765,0.9030936380957246,4
1766227217866698919,2.1007451925434406,0.8385977918718094,0.904555812349462,0.9028757843329548,4
1766227217895739884,0.36501871866967406,0.8036326957979857,0.9031232770118113,0.9030162680511302,4
1766227217941697247,1.3848919367694945,0.5346737272963273,0.9040482667171252,0.9030424068477725,4
1766227217966694890,1.9335136937798092,1.0782404194652164,0.9044605552279655,0.9029173404715284,4
1766227217994374255,0.31403460357148916,0.8893748469332193,0.9032310618590266,0.9031646090999623,4
1766227218041689772,1.0123550708448503,0.7886070922247812,0.903640968334303,0.902918596091231,4
1766227218094611901,2.0271191983355363,0.296258870552288,0.904646987363919,0.9031106172097846,4
1766227218141695382,1.8275016381860132,0.2884943836172776,0.9042371122000947,0.9029201361225231,4
1766227218166699106,2.770339587385484,1.040464716530779,0.9052745543573559,0.9030686258968504,4
1766227218266787201,2.141729320818464,0.8293753397190488,0.90468661037969,0.90293322362668,4
1766227218295046487,0.4925108772517728,0.868736226017601,0.9032930930800106,0.9030424710790135,4
1766227218341691082,2.504851113629858,0.7621754470004686,0.9051266696749078,0.9031252311314483,4
1766227218394666261,0.18134875927211525,0.8656054115684392,0.9030169827607384,0.9030730694841672,4
1766227218467570972,2.7931039192261586,1.0479366615166268,0.9053448351308107,0.9030650457851206,4
1766227218495651582,1.282243622994339,0.6715814456624911,0.9038340706740441,0.9028725663262722,4
1766227218566711365,3.427085280604092,0.7703404353328567,0.9057362008005113,0.9029329090042181,4
1766227218594578753,1.9176163472327534,0.39067246624645935,0.9044697768670521,0.9030013293535161,4
1766227218641688764,1.0020962509741382,0.6309206146923573,0.9036161134899452,0.9029600271578849,4
1766227218666694161,2.2803864304421495,0.8219395292909409,0.9048736095440955,0.9030829289372123,4
1766227218795841225,2.1487950611661644,0.7373237040039432,0.9048393313006563,0.9031415177997437,4
1766227218841692348,1.6715352732267208,0.3139639496333823,0.9041987118637678,0.9030061803640803,4
1766227218941695533,3.703681609734777,0.8946620690287741,0.9059938599120378,0.9029756203331506,4
1766227218966967522,2.8790812208057126,1.0331435343461415,0.9054390958465824,0.9031137939675509,4
1766227218994842455,0.5930963669338318,0.747770700466081,0.9034542789131378,0.9031487265808313,4
1766227219041696464,1.5741730361121808,0.5044312260484669,0.9041134653254407,0.9029144960982362,4
1766227219066759780,1.6720095056795836,0.9688922501238073,0.9043403160637326,0.9030381816305205,4
1766227219095609396,0.4263614686460526,0.7263861728320015,0.9032521742774561,0.9031159921690107,4
1766227219166705357,2.2342560911279286,0.922515745468723,0.9048981827396779,0.9030581303082429,4
1766227219194999568,0.8804273074025648,0.7194112723526409,0.9036359011837024,0.9030472171498869,4
1766227219266712969,1.583068997147996,1.1433106231337142,0.9043391877006969,0.9030865509728945,4
1766227219295348472,0.3991222099972713,1.010343013476522,0.9030719716818577,0.9028683657711248,4
1766227219366862709,1.6763043600156458,0.8497224622571201,0.9043518544071845,0.9030226103191352,4
1766227219397037437,0.17298004731902683,0.8773481085295328,0.9030094538375146,0.9030636655957018,4
1766227219441698592,1.6736489017714629,0.9008355944630555,0.9043939240353919,0.9030643850324568,4
1766227219466715381,2.9233260638519276,0.6684491856418405,0.9053912439728354,0.9029812954765337,4
1766227219496056932,1.3849291321763602,0.5108637625654784,0.9040145050625895,0.9030158873151797,4
1766227219541707047,0.03348554959869965,0.9060385205155751,0.9027569772701471,0.9029410241394382,4
1766227219641702918,0.8945276298771843,0.701340806806294,0.9035023517472786,0.9029036602030948,4
1766227219696447603,0.880466403557767,0.6226487096163548,0.9035016376950189,0.9029565385488457,4
1766227219766747828,2.158154632120657,0.8917351643284842,0.9047724866786991,0.903027954242947,4
1766227219797372180,0.8788406978855745,0.6965550765289994,0.9035914480702355,0.9030154917962742,4
1766227219841706471,2.5268291517778207,0.8657850381687183,0.9050681118267613,0.9030044812414909,4
1766227219896057196,1.2567544299302291,0.5001575279321506,0.9039673087992313,0.90310382109623,4
1766227219966706256,3.025968354625319,0.9541042602954447,0.9053889293090506,0.902925096583834,4
1766227220041716908,0.37277187945738977,0.809825470457736,0.9030984062314398,0.9029876299256685,4
1766227220066844685,2.2450595470855372,0.5813453949991849,0.9048489225107328,0.903048581797547,4
1766227220094875702,0.6903345335297351,0.6029817646898722,0.9033854099727331,0.9030627836136023,4
1766227220167418483,0.060120280744757615,0.8954212373414041,0.90284606314226,0.9030080879706112,4
1766227220197213937,1.9177057321287938,0.4247218919675772,0.9045159529485797,0.9030324181076588,4
1766227220241724819,1.774419760425694,1.0724713161747192,0.9043201980169003,0.9028690395408906,4
1766227220296322438,2.155097884101731,1.209855362651548,0.9048868269964556,0.9032051706846547,4
1766227220341716172,1.6458254008364648,1.0804970411152977,0.9043785974845409,0.9030813635596662,4
1766227220396215836,0.3312696654155234,0.9482754552728119,0.903056782955756,0.9029369733009185,4
1766227220541709135,0.9841539704371627,0.8225087586635803,0.9036774957237201,0.9029656478871894,4
1766227220566689565,0.31405315392973865,1.3026128841590587,0.9032384673695695,0.9031541603452623,4
1766227220601607260,0.9569318369272439,1.2111092646831714,0.9019852920641375,0.9030701300389634,4
1766227220696232973,0.9876794677088352,0.6089004120247072,0.9036068586829312,0.9029562730049402,4
1766227220741723027,1.527435879952077,1.256255538168202,0.9040680170831318,0.9028860140439459,4
1766227220766727703,1.8999411313368464,1.1154462954448312,0.9045123960601746,0.9030135563042401,4
1766227220841709590,2.1749655234891696,0.7220048000356866,0.9047899741353304,0.9030576170107464,4
1766227220866868456,0.9681215966845791,0.5488117044295533,0.9035160524290935,0.9029204471261678,4
1766227220896828880,1.1022466560307587,0.4996501643643086,0.9037108596991079,0.9029937191287974,4
1766227220941710139,2.44910886280858,1.000010371668711,0.9049199183949851,0.902957720263125,4
1766227220971326607,2.620928295658298,0.9708315018759431,0.9051427236552487,0.9030323684872048,4
1766227220996564982,1.261031072917751,0.5276928211844256,0.9038661162473025,0.9029862446776781,4
1766227221041909823,2.362070399538063,0.7963195673055447,0.9048733699670616,0.9029448162257772,4
1766227221066725654,2.142405287368754,0.7123762469094276,0.9047905965940415,0.9031171844833851,4
1766227221097721565,0.9421892052788872,0.47309309181238746,0.9035949710775492,0.903050889735631,4
1766227221141715255,1.9835453796798186,0.6943581325669169,0.9046153514142515,0.9030291716500922,4
1766227221166990320,1.1343921263542445,1.0705840006786722,0.9038423884282606,0.9029947298626717,4
1766227221241766460,2.6938663269477914,1.1214540928715795,0.9052300313097551,0.9030497853009971,4
1766227221296189220,0.5939487082124995,0.7596093295453084,0.9032549394389955,0.9029351524497438,4
1766227221341729969,2.07838535920013,0.23255565719612628,0.9045264574772718,0.9029639063418894,4
1766227221367250715,2.203697770204016,1.1971482616080789,0.9047046851113046,0.9029903026976368,4
1766227221397013658,0.7174273466741266,0.7569718736152105,0.9034314851020673,0.9030075245120106,4
1766227221441718044,1.4197492834886472,1.0157610393192225,0.9042200344341076,0.9031482777607963,4
1766227221466722169,1.7831349569923383,0.8191179235388305,0.9044076134000351,0.9029638111016831,4
1766227221496898148,0.5468496282844404,0.7948701231652991,0.9032299988172756,0.9029537677579947,4
1766227221541720587,2.2747738837777254,0.6453537265830291,0.9047416923874493,0.9028596492809848,4
1766227221596412042,2.0401737459806446,0.9194504450037468,0.904643413180911,0.9030008049741541,4
1766227221641855318,1.9621160123981518,1.024886501627647,0.9043686162240271,0.9027947775138458,4
1766227221696750076,0.6530280785019826,0.6538738219668535,0.9032994559218513,0.9029806875705128,4
1766227221741743396,1.538175998945679,0.7769318297308044,0.904282168294492,0.9030698139906962,4
1766227221766734516,1.4626549514213938,0.8556098717718923,0.9042148699580108,0.903064405168661,4
1766227221841732563,1.9845162353625545,0.9674080594874972,0.9046657356120199,0.9030886996542786,4
1766227221866715197,2.2740856838107115,1.086154128010682,0.9047950629954904,0.9029467212285829,4
1766227221895777903,0.3802087944516641,0.8809673043087203,0.9031071282847096,0.9029567284126081,4
1766227221970383132,1.9642607088797837,0.9835236180651644,0.9045932961151525,0.9029998422125857,4
1766227221998623642,1.9642607088797837,0.9835236180651644,0.9045932961151525,0.9029998422125857,4
1766227222041938757,1.8099627149027464,1.0095454656526441,0.9044859796963678,0.9030604529757079,4
1766227222141721796,2.8438749966301913,0.7212688153989067,0.9053062250803035,0.9029520248868194,4
1766227222166739116,2.3533650828677644,0.9024502094137649,0.9049022368968467,0.9029926129604404,4
1766227222241815821,2.8683637293762665,0.544777091590381,0.9052367345839974,0.9029102304968181,4
1766227222266722933,1.6199596630802615,0.6370003698944106,0.9042594184629246,0.9029812413523336,4
1766227222341756477,2.207220105478358,0.7127070715452386,0.9047122733937945,0.9029313700225846,4
1766227222366728271,2.376783336861088,0.9140203676315303,0.9049067745381136,0.9029698570960704,4
1766227222398369345,2.283422154620185,1.0056922153194359,0.9048367170545255,0.9029830499637852,4
1766227222441852465,2.6503823800455573,0.7827883885223724,0.9052031030748681,0.9030589546802059,4
1766227222466751662,2.3303529510557697,0.9062274481155477,0.9048938060138505,0.9030090028288529,4
1766227222496636604,0.7515515037326281,0.662744952860615,0.9035989872667899,0.9031623147434875,4
1766227222566727274,2.7078494070142956,0.784277634293369,0.9052176239748837,0.9030291564887886,4
1766227222641722947,0.22073597985849958,0.8797857842595969,0.9030696023830288,0.9030942908222735,4
1766227222666725468,3.0467761881874944,1.1066961763659438,0.9054169813156041,0.9029663316573501,4
1766227222696777184,1.299654012382745,0.6719568017811915,0.9040208821088258,0.9030731645429598,4
1766227222741723705,0.9396810925442756,0.5981546141433614,0.903520385913762,0.902925750758522,4
1766227222766739622,2.9763206869850567,0.6358743532885255,0.905473685517867,0.9030825758244083,4
1766227222797490803,2.436648367653227,0.9531234779989964,0.9050090315244649,0.9030223777428539,4
1766227222866748467,2.8695533241288596,0.6290573807505869,0.9053486092122023,0.9030203841585336,4
1766227222896647044,1.117357136094732,0.5564715483133997,0.9036792143097659,0.9029459392004079,4
1766227222966713729,2.4926280235733067,0.7398223689482059,0.9049951370082492,0.9029220602750683,4
1766227223041712177,1.5405723243434588,0.5995604953041108,0.9038853005771923,0.9028708292688858,4
1766227223096870499,0.773243026535364,0.688580989449255,0.9033995372334858,0.9029345030166525,4
1766227223167606002,2.241168535480065,1.0453489994577914,0.904827000442826,0.9030438555148519,4
1766227223200056988,1.1169988463253233,0.5770920669862111,0.9037113881922421,0.9029444959721291,4
1766227223241724905,2.2864980010190994,0.8544584570374485,0.9049107861641981,0.9030457754536861,4
1766227223266723569,2.2073354025049507,1.1853076155239826,0.9047826307506844,0.903103395470943,4
1766227223297325019,0.20319415364944415,0.8138192597449481,0.9029616946787812,0.9030190433618801,4
1766227223366730620,1.3919176139990386,0.816589321714482,0.9040154189862563,0.902948310443403,4
1766227223396816259,0.07814192112087781,0.9073310329242804,0.9027199402962672,0.903032233921197,4
1766227223467163501,1.7294426756383485,0.7916913381331865,0.9045977554182625,0.9032390899469701,4
1766227223497169390,1.5982738060337232,0.9689127096903427,0.9042814041336552,0.9030092476664342,4
1766227223541725057,0.7154327766414337,0.6314566648463481,0.9033976365843289,0.9030111209605646,4
1766227223566850620,2.3978560467451393,0.7739010976074743,0.9048689558295658,0.9029103047128865,4
1766227223597173125,1.0471916755487864,0.5919518739837085,0.9037733888869012,0.9030668979931958,4
1766227223641719805,0.2696828520907246,0.815678431068055,0.902931597462528,0.9029358433988893,4
1766227223741730863,0.2073690270113504,0.9136928337284068,0.9030157219527793,0.903022684944283,4
1766227223766729717,2.1812997313261917,0.9848985483323058,0.9047484833789277,0.903045531275948,4
1766227223797772967,0.4189354252389643,0.7126916739985815,0.9032102385645675,0.9030844823698907,4
1766227223841724047,2.1421938240210325,1.0225914986483067,0.904573340709965,0.9028468462988243,4
1766227223866731758,2.499042595294876,0.4823413149872053,0.9050027917532101,0.9030485748297854,4
1766227223898375597,0.9141647399220076,0.48609853892295657,0.9034471812655386,0.9029356009604408,4
1766227223941735466,0.3999084211459003,0.9774006844464957,0.9031419836711778,0.9029363734868672,4
1766227223966964563,2.15912781937333,0.8348285787040781,0.9046651539435202,0.9029391163247332,4
1766227223997583435,2.6221075215489,1.2612303552408335,0.9051037683980517,0.9030121839421978,4
1766227224066737403,2.891319496295841,0.4139652480109851,0.9053950832679488,0.9030488682833413,4
1766227224141727906,1.1327365505552356,0.5354953898565745,0.9037724895799959,0.90301658016155,4
1766227224166724056,2.324324869168004,0.7149236129146981,0.9049687023630367,0.9030931720976343,4
1766227224198012897,1.0039835220501114,0.6005198943151542,0.9037370450270114,0.903084764510407,4
1766227224266737818,2.0299762843027924,0.7654249823580567,0.904594969798302,0.902978483054454,4
1766227224298334058,0.03403261296597293,0.8206726879297204,0.9027960921122773,0.9030971520891726,4
1766227224341725285,1.7273597141233,0.2498848304751282,0.9042958560445201,0.9031135246830188,4
1766227224366727786,1.9642660835622605,0.9677848673944857,0.904587439443114,0.9029774740492882,4
1766227224397458899,0.48059979856573953,0.8765486106677254,0.9031881173401839,0.9029483739659074,4
1766227224498434410,0.5631490298388941,0.6385792187619463,0.9033305253073786,0.903088973529915,4
1766227224566737428,2.6045215705748914,0.7127730749766941,0.9050739580255891,0.9029858496088068,4
1766227224596790386,1.5496803854432306,0.35297747528032003,0.9040614879074917,0.9029988701342665,4
1766227224641762816,2.5054189150249817,0.8981371268326269,0.9050809081405679,0.9030970600559428,4
1766227224666723299,2.7293811129031065,0.8669744383920506,0.9052406942437979,0.9030732335204842,4
1766227224741722608,0.7288926530272244,0.7896801217354021,0.9035750087144301,0.9031261269544054,4
1766227224766720731,1.4817060175965624,0.9013970353205187,0.9042249578198335,0.9030916429105819,4
1766227224797884687,0.14347449422502656,0.8306175145918534,0.9028253288577653,0.9029270940407157,4
1766227224841729898,0.6606028546188858,0.6321373885624031,0.9033189266379487,0.9029984532047444,4
1766227224866742439,2.8595007611137424,0.8843587152496465,0.9053329226332206,0.903031796313924,4
1766227224898197232,0.9635812119093146,0.5795455720755374,0.9037498379413118,0.9031476478530938,4
1766227224941738572,1.0851852430159292,0.5091458014422865,0.9038016658114413,0.9030988553779529,4
1766227224966749950,2.0585343978871684,0.5843452427908585,0.9046264925110031,0.9029777528449338,4
1766227224997685046,0.8001735793438103,0.5847893775642032,0.903518298215873,0.9031042143485966,4
1766227225041722769,1.6119841384135691,0.7991472815308157,0.9041849372962089,0.9029378662896236,4
1766227225066744266,2.807422613153032,1.0884935619683727,0.9051618140611835,0.9028352544159387,4
1766227225141742052,1.058569542310317,0.8505941478461162,0.9037077997510241,0.9029219867746046,4
1766227225166742339,4.118902826687809,0.9615720281710898,0.9063003349566705,0.9030153730453095,4
1766227225266730664,1.371921830212175,1.0206418398029669,0.9042103260415879,0.9031555328858176,4
1766227225297144199,0.3624202556339329,0.8343902806777143,0.903134886731441,0.9030189575846906,4
1766227225341730453,0.3840473405472,0.8237740891821796,0.9032128286963719,0.9030871842475148,4
1766227225366824577,1.6411303552505974,0.9097061441227494,0.9042462231586862,0.9029542956952068,4
1766227225397945352,0.021994251946710897,0.8127781637685618,0.9029731871159004,0.9032111033577966,4
1766227225441725080,1.6495498544685239,0.37058573660482663,0.9041223703422677,0.9029180295412519,4
1766227225498069232,0.7856654761300153,1.1208399802365452,0.9021185017820762,0.9030573421381373,4
1766227225541732450,1.493215848832663,0.6420456710782995,0.9041128703958448,0.9029582027196558,4
1766227225598893549,1.4860771787293947,0.29862056775274,0.904063659068545,0.9030742665146176,4
1766227225666759104,1.4006275141182911,1.2020368157688168,0.9040055878287064,0.9029152209525135,4
1766227225698311290,2.3174561357213186,0.5436359685465445,0.9050065604979605,0.9031402972274862,4
1766227225741732995,0.737657426949534,0.7789630594122969,0.9033413282785506,0.9028856209353194,4
1766227225766733883,1.1401900638980944,1.0594539242283878,0.9039374137671119,0.9031060969759828,4
1766227225797973121,2.4177680891763753,0.8504171829503787,0.9051169856492747,0.9031372708576653,4
1766227225841731408,1.3960667919407088,0.4182751825590212,0.9039276967675168,0.9029819756549238,4
1766227225866782291,1.7811677953645244,1.021097336179356,0.904389980967362,0.9029188074914754,4
1766227225897573496,0.4507276603687993,0.8957425791135588,0.9032795454035364,0.9030621376357697,4
1766227225966744115,1.9817698083312019,0.8671643336790209,0.9045575749375027,0.9029797306328161,4
1766227225997853359,0.5116770912753088,0.7879427099426293,0.903494234454955,0.9032648121908202,4
1766227226041741541,1.11589096886755,0.636146913914863,0.9038024309896248,0.9030086914259742,4
1766227226066830575,1.4163333470276207,1.2436323964365648,0.904166905628931,0.9030635479651977,4
1766227226098636839,2.752554997271117,0.9661377466816226,0.9053160120313245,0.902999827076959,4
1766227226141737680,2.525508676632482,0.5353680248380157,0.905143344289263,0.9031282699436838,4
1766227226166789644,2.1391357235666097,1.2073230629861826,0.9046782452116829,0.90296674093055,4
1766227226198624492,2.438275445060145,1.076985548149998,0.9050296583129617,0.9030206911935165,4
1766227226241742936,3.932539985487815,0.8588927560774113,0.9062487322795482,0.9030982387948239,4
1766227226266936607,1.7600852678392176,1.0173285037997144,0.9044380362210754,0.9030127230364342,4
1766227226301929613,1.7742593737235524,0.9448983088894526,0.9045415038793985,0.903179348909546,4
1766227226366744572,2.1277581459065997,0.9696053620949505,0.904685977369108,0.9029394942830326,4
1766227226467542519,1.8032807236832982,0.6119503895069378,0.9045450529870359,0.9031352944513477,4
1766227226498639559,0.5295376375064054,0.7292472253560663,0.9031212867195337,0.9029363665544462,4
1766227226541843053,2.7395664790454965,0.6274747911375789,0.9052245144815553,0.9029870759408802,4
1766227226641736830,0.9794889526421047,0.7406419321812191,0.9036899900684258,0.903004498491749,4
1766227226666769388,2.639295729841562,0.6443577949652559,0.9051231081748653,0.9029945126246915,4
1766227226741734472,1.333667148164408,0.5138751985882928,0.9039630802744724,0.9030242926964566,4
1766227226766814840,0.902528623540233,1.1170941336262725,0.9037359331846678,0.903079364913316,4
1766227226798024943,0.2447093955645352,1.0252494697736707,0.902751179221711,0.9031793166883084,4
1766227226824810116,0.08137276982056463,0.8951519583545503,0.9028460724311939,0.9031622697137296,4
1766227226866734855,0.2336710675291398,0.8389111603105609,0.9025364354560521,0.90300325276909,4
1766227226941786993,1.2662541710011244,0.4957220358424709,0.903982872950824,0.9030960141501054,4
1766227226968824130,1.3062627879836253,0.48902597951932414,0.903982872950824,0.903056531771238,4
1766227227000689846,0.9072592063771312,0.48316661632644425,0.9036436776015387,0.9031475012537147,4
1766227227041760510,2.13314428157918,0.6556913036999691,0.9047782818574388,0.9030760811740438,4
1766227227066778270,1.311567043794759,0.5348872779143229,0.9037526279616256,0.902841717885307,4
1766227227141738384,0.9665311835439505,0.6113496923570205,0.9035995996562818,0.902987910241871,4
1766227227167295609,2.9031105297556703,0.44296346466901326,0.9054046178304432,0.9030775915298309,4
1766227227198912637,2.5101822168370758,0.6606765784686737,0.9051051393045673,0.9030910392740037,4
1766227227266814169,3.611216001986439,1.0404387896883047,0.9059054327678205,0.9029640266928544,4
1766227227298906000,1.861893523435798,0.45384882773678714,0.9043067685400797,0.9028639702703607,4
1766227227341755980,1.1897541188309324,0.5834093060249584,0.9037840925699077,0.9029491100069943,4
1766227227366880811,2.43950209469046,0.9122069625444879,0.9050608718403635,0.9031118012308029,4
1766227227441738933,0.08718605318136508,0.8694340986569784,0.9028977483059287,0.9030503471125022,4
1766227227466746133,2.552690645011624,1.027538551259637,0.9050537769673614,0.9029946668207037,4
1766227227541832956,0.9019831577967707,0.7767360472690346,0.9034773432569352,0.9028557194631979,4
1766227227567412432,0.6655941549770228,0.7399670099890183,0.9034773432569352,0.9030928000972063,4
1766227227591749312,1.578673670006192,0.5065014846794772,0.9042669457522335,0.9030668306155114,4
1766227227691744629,1.6024235465063041,0.30044739255226016,0.9040874605381465,0.9029786400744068,4
1766227227741756815,1.066724639256611,0.5363294513803637,0.9036847021483505,0.9030909581187548,4
1766227227767501712,2.0807012496836252,0.8527624657562615,0.9047279865463893,0.9030722781746845,4
1766227227799629220,0.8106917489084653,0.6393820165906412,0.9035170865658992,0.9030288517645392,4
1766227227866749964,2.380977030421394,0.5476854988381102,0.904943015791205,0.9030034585138449,4
1766227227891748047,1.0443742858496918,0.5827210463827394,0.9036790910677334,0.9030312695840208,4
1766227227941767477,0.1848389606292633,0.8647632050356244,0.9030635970358561,0.9031157831078895,4
1766227227966761562,2.770180111842935,0.7536355893487111,0.9052805681523055,0.903010446710996,4
1766227228041762564,1.1370549037517108,0.531703375602261,0.9036977486530837,0.9029791645610362,4
1766227228066778710,0.8604407252732482,1.1335866221540833,0.9036764325163079,0.9030727514191247,4
1766227228141767870,1.985652194230858,0.7545847131387986,0.9046256918912878,0.903029455251828,4
1766227228167377723,1.880937128293958,0.7482395271427503,0.9045390740192795,0.9030369774103179,4
1766227228191767261,0.8400870495043344,0.6307409043617889,0.9035474284838709,0.9030478361016694,4
1766227228241767575,1.4398716699791647,0.8710055996633795,0.9041445109598683,0.9030332976112994,4
1766227228266754477,0.4120425358645763,0.7634417657055275,0.9030760123215773,0.902933532776368,4
1766227228291770994,1.0210695124219793,0.5833570657656002,0.9035860933469292,0.9029218938207203,4
1766227228341866286,1.5837387202529696,0.9461595286832646,0.9043513391443463,0.9030992362008025,4
1766227228391747045,0.7556339188240502,0.644329478672272,0.9035737594274182,0.9031352745393206,4
1766227228441750234,1.812557692011052,0.2958652137360808,0.9042307396368756,0.9029049451823564,4
1766227228466763705,1.6147505798705941,0.2988221415668641,0.9042307396368756,0.9031018700806314,4
1766227228491748884,0.7264009035660157,0.6876828699380841,0.903435246889869,0.9030319275133789,4
1766227228541758114,2.063171192734803,0.708997490455541,0.9045857625374177,0.9028907314792531,4
1766227228567009082,1.9978690199006222,0.9159360753971287,0.9047665643663386,0.903166184622637,4
1766227228598850031,0.6162363309963892,0.6856953531071734,0.9033056781388188,0.9029847054516154,4
1766227228641762568,0.034077515334018926,1.0339274389637698,0.9028417427185039,0.9030147256601843,4
1766227228741752855,3.0075163683689343,0.14452943468232096,0.9053547305340692,0.9030019279000362,4
1766227228767962627,1.9763393010087116,0.6511806471719682,0.9046646488680601,0.9030971651136909,4
1766227228791778186,0.6245605831179946,0.6666276547979544,0.9033090281630511,0.9030011889696344,4
1766227228841761958,1.2456128189246574,0.8540921680097536,0.9039232909801276,0.9030019674635716,4
1766227228866783195,2.1183499062096267,0.7834801117953981,0.9046871990731336,0.9030447557455037,4
1766227228891977907,0.5664974634579378,0.6712317157011299,0.9032670879490906,0.903015801604623,4
1766227228967169607,2.720917883328511,0.9459243211727667,0.9052430722842774,0.9030481761335867,4
1766227228991750114,0.5193722913118259,0.7299511954722815,0.9032782637822344,0.9030484784806219,4
1766227229041768031,1.0093366352399435,0.4919147037562841,0.9037017718201942,0.9030892066761071,4
1766227229141758519,0.14286331917368056,0.9681769413342036,0.902743425667379,0.9030867549186692,4
1766227229166782791,1.5350935884990147,0.973574695331699,0.9043251226550377,0.9031269460842402,4
1766227229191742742,0.018606772098084257,0.8784508911733261,0.9028746084972528,0.9030940943650617,4
1766227229241757582,2.8581436842641805,0.6891918720816259,0.9053220878698381,0.9029582420360386,4
1766227229291759369,1.4033823522965339,0.3637809933806688,0.903999671567863,0.9030644752009636,4
1766227229341796611,1.3617343442792196,1.0356188858216313,0.9042053199805399,0.9031698450333805,4
1766227229366773735,0.1476743891750676,0.8240283960756006,0.9030591473235835,0.9031601824771353,4
1766227229391749105,0.30939083994818706,0.7156958152834042,0.9031487628764698,0.9031433385986539,4
1766227229441755950,2.679061170943964,0.9497763444011025,0.9050930641858119,0.9029393631545314,4
1766227229467038317,0.8004358089968022,0.5838424482156116,0.9035668236448158,0.9031131943557694,4
1766227229491752967,1.0766744153658525,0.5515564808776844,0.9037788901639143,0.903057281624967,4
1766227229541763440,2.161847403695738,0.7323510371589448,0.9047084811628715,0.902997566323043,4
1766227229566749239,1.6576282894957828,0.9935135182199651,0.9044081887087891,0.9030767226791717,4
1766227229603294083,1.570566922099892,1.021400156890036,0.9044081887087891,0.9031630820149141,4
1766227229641746854,2.148363592791913,0.9392628102168038,0.9048232824791853,0.9030886669389498,4
1766227229666815920,2.7906214229288517,0.7731130034950443,0.9052723958745841,0.9030544551982883,4
1766227229691742679,2.7906214229288517,0.7731130034950443,0.9052723958745841,0.9030544551982883,4
1766227229741756056,0.6405825981817825,0.9525913452736147,0.9033093958959391,0.9028877215068124,4
1766227229766797951,0.4445680620026593,0.9704596301746213,0.9033093958959391,0.9030845966787073,4
1766227229841760180,1.4752391744982107,0.44092554563038067,0.9040152376884146,0.9029579449526975,4
1766227229866897484,1.4129767895483258,0.4445668668081691,0.9040152376884146,0.9030208470676998,4
1766227229891759481,1.1976374474039764,0.5156278580659084,0.9038045608163318,0.902990395166757,4
1766227229941751969,2.726622371592713,0.7964439500056801,0.9052715403671197,0.9030629557260059,4
1766227229966812730,0.9570753281574751,0.6077730516533432,0.9036442835954686,0.9030409604177682,4
1766227229991744007,0.772599258432094,0.7868447151278248,0.903517590679699,0.9030327838965236,4
1766227230066773121,0.6267913084165855,0.6385754108486312,0.9033451749006429,0.9030531743300328,4
1766227230091756185,0.7592649508100235,0.8174216451820713,0.9035546082828901,0.9030715182829748,4
1766227230141762790,1.9117196334599296,0.6816990988636471,0.9044893198233753,0.9029799855357175,4
1766227230341760687,1.4905245433074477,0.34763364900153526,0.9040952087031212,0.903061297560432,4
1766227230366805818,1.0628809789522409,1.1803497821467015,0.9038937651696773,0.903142999986679,4
1766227230391763544,0.09169822046650733,0.9503076385614865,0.9030048045296896,0.9031364355474963,4
1766227230466816142,2.9606232266746746,1.424081352642251,0.9053383124495492,0.9030555812082938,4
1766227230491759452,1.2307137327658424,0.748205150336539,0.9038851714306617,0.9029974167424589,4
1766227230591751302,1.3898174334517899,0.507275202935196,0.9040734207820659,0.903088824989228,4
1766227230641822017,2.1050323500183543,0.6790512247038012,0.9046820773243074,0.9029991297979687,4
1766227230666795764,1.5333415068772283,0.7976830721179781,0.9042632861459833,0.9031041942692191,4
1766227230691751026,0.35271592368724125,0.6905691098519184,0.90307858256157,0.903038960417737,4
1766227230741970501,2.074413425964705,0.8389271053645687,0.9047804531533018,0.9031278352967372,4
1766227230766796881,3.097890917970858,0.8757628682287835,0.9055021691182077,0.902961780380086,4
1766227230791756301,1.0354480007822575,0.630613773492916,0.9035920171431862,0.9028826713832308,4
1766227230841755993,0.6490719283934743,0.6789970071817044,0.9034537190794077,0.9031150562437161,4
1766227230969437887,2.2031447288656247,1.0375756357222399,0.9048583517155734,0.9030883614304179,4
1766227231041767945,2.496376648529308,0.8560626389199607,0.905112059350365,0.9030633244545005,4
1766227231091757859,0.9452967050216365,0.5182253759726071,0.9036000975105378,0.9030287560907391,4
1766227231141849574,0.7965301322052643,0.6492815034219339,0.9034898485754504,0.9030313611174421,4
1766227231191760759,0.8222319060836591,0.6481933938819597,0.9035190897005104,0.9030228221860007,4
1766227231241791961,2.7172834954188874,0.908890747408695,0.9052824921530102,0.9030154850312115,4
1766227231291763590,0.10380222711992015,1.1029569069692269,0.9027449219064775,0.9030316021553865,4
1766227231341777488,2.3568874484888314,0.7216401899931174,0.9049410410792561,0.9030552039132059,4
1766227231367075445,1.6380789519755412,1.0669671182888865,0.9044221116408573,0.9030830663240502,4
1766227231391766951,0.2809677472145333,0.9695932668966204,0.9031477496107111,0.9030677392092615,4
1766227231441763537,2.9526011043174982,1.1422905078659804,0.9052861750268265,0.9028770057829326,4
1766227231491754252,0.2726913378788831,0.8853368506543424,0.9030793056518481,0.903046538536772,4
1766227231541760155,2.063192110610901,0.9375846525057276,0.9048448713500179,0.9032181882761657,4
1766227231541760155,1.0618048566851668,0.5813681076762268,0.9036569184084662,0.9029485829260203,4
1766227231591757843,1.4698705694514702,0.47579048974740945,0.904025736580092,0.9029627131467418,4
1766227231691754592,3.3557070826550905,0.5535299744146212,0.9057434339779314,0.9030706347364931,4
1766227231741756988,1.8050638369317973,0.24239677667929366,0.9043727234394783,0.9030854586550031,4
1766227231767334530,1.8532807343970559,0.2670565255435787,0.9043727234394783,0.9030358647460425,4
1766227231791759656,0.7768656945125185,0.6042305928893063,0.903463762763785,0.9030738789969014,4
1766227231841777271,2.1300738982918954,0.9413884714375681,0.9047325674289185,0.9030217962920378,4
1766227231867595726,0.6104917865136228,0.7681947844159945,0.9034896057149127,0.9031645100351728,4
1766227231891770822,0.8508773103454992,0.5617426831255455,0.9036492866417186,0.9031648432699267,4
1766227231941775473,0.3974270156861248,0.6362412213366612,0.9031521580126798,0.9030798817463142,4
1766227231967104828,2.3227980780043955,0.7411373439876017,0.9048771149907238,0.9029873244209795,4
1766227231991768893,1.0865905765697903,0.5442759573065603,0.9036759135112937,0.9029664944584945,4
1766227232067301793,1.7656249805252378,0.9849113021699354,0.9044313860613787,0.9030526206433842,4
1766227232167724813,3.929866246909719,0.6170988597233192,0.9062964074866721,0.9031433966493343,4
1766227232191758212,1.3062900686181544,0.5024174831212426,0.9039514008733132,0.9030837844697497,4
1766227232241783382,2.06112540869019,1.065426615900775,0.9045237564038966,0.9028369760496738,4
1766227232341767145,2.635341350480047,0.8301060209243445,0.9052577800227746,0.9031330729685064,4
1766227232367407055,0.78682516446682,0.6540320093286811,0.9034770547436016,0.9030040890843364,4
1766227232391759293,0.4972977406915158,0.6353672491087483,0.9031008565351818,0.9029798079073386,4
1766227232441766268,2.22080075466502,1.1209018747271753,0.9047536582033019,0.9029800966460578,4
1766227232467034589,2.7320659572381834,0.1588936875947483,0.9052175894647172,0.9030442341887328,4
1766227232491757684,1.697450748181062,0.541943004342675,0.9040860184177839,0.9029531413472929,4
1766227232541767815,2.9516848330819467,0.6642581998528457,0.9053332406375597,0.9029900364900432,4
1766227232567458580,4.196273968451347,1.2082851077699421,0.9063711764655753,0.9030826314947549,4
1766227232591763830,1.2761847178306418,0.6136690118149895,0.9039852374353121,0.9030775527196138,4
1766227232641776887,2.163691526489875,0.5736594028127451,0.904803347441629,0.9030730354153546,4
1766227232667928338,0.8133614776775211,0.5604862602341887,0.9035310844262615,0.9031078004837158,4
1766227232691765127,0.23296468729894215,0.8197829247747672,0.9026036513477497,0.9030967668018745,4
1766227232741794294,1.3874582150003034,0.8906557874825785,0.9042429245661603,0.9031871893971193,4
1766227232793273417,1.088642758658609,0.7032901657946773,0.9037612734585245,0.902983272271849,4
1766227232892314098,0.8762522650731519,0.5274635912640746,0.9035366467154794,0.9030846750804753,4
1766227232941790115,2.8543480577486458,0.9256689667668727,0.9053202786934079,0.9029865812608499,4
1766227232970579566,0.9242149027993696,0.6360222737802104,0.9036315417549379,0.9030379417369546,4
1766227232991765120,0.9465206138725701,0.5498372638162428,0.9035852408656402,0.903026676172052,4
1766227233078122613,1.4481687754860362,0.8643417269219997,0.9042594016958259,0.9031559373150168,4
1766227233094536455,1.4481687754860362,0.8643417269219997,0.9042594016958259,0.9031559373150168,4
1766227233168224166,2.041177467806188,0.20828918848102396,0.9044231366472839,0.902943708933639,4
1766227233191778434,1.4255106328303624,0.4589138842585482,0.9039609547102307,0.9029507877520814,4
1766227233241799806,2.299474055190487,0.6512756058018007,0.9048919456174135,0.9030140066105322,4
1766227233268073888,1.0978313411460494,0.5785350423528486,0.9037865113976599,0.9030408763972837,4
1766227233291779049,0.7533336301930316,0.5838601067473644,0.9034113677429348,0.9030328294275586,4
1766227233341777038,2.1428743464351196,1.0576041208479123,0.9046465465493412,0.9028575322242922,4
1766227233368271073,0.29758576845895224,0.9777840773731782,0.9032275491427144,0.9031369394089152,4
1766227233442068289,3.406339754447485,0.9028196018262399,0.9058182390825653,0.9030904682216375,4
1766227233468445144,2.810707252246969,1.1714047746888268,0.9052470083282663,0.9029776176794636,4
1766227233541780743,2.5552099171926024,0.924515020134001,0.9050939539298692,0.9029764013909553,4
1766227233569679399,2.0193759492150853,0.7641028325066526,0.9045089460772152,0.9028699947757141,4
1766227233591778981,0.6716262484998126,0.7484789018300227,0.9032185744013085,0.9028317841813127,4
1766227233641795665,2.9697030472872754,0.905454620923208,0.9053709567980535,0.9029510643882731,4
1766227233693683286,1.3536678452389372,0.45740130589509564,0.9038978132047835,0.9029566920091756,4
1766227233727370606,3.1489520299120555,0.7889813597737739,0.9054913742545289,0.9030478223494078,4
1766227233867234284,1.381569871178323,0.4954625884183022,0.9040281686445066,0.9030432814488059,4
1766227233891766420,1.3569540482477604,0.4388951940777457,0.90399106880723,0.9030504254364219,4
1766227233967952448,1.1752812138500213,0.5724614623150541,0.9038014891554014,0.9029911165078724,4
1766227233991784999,1.4649249202910442,0.4064563963124021,0.9039420558598192,0.9029571072795699,4
1766227234070456060,1.9295187491386034,0.7609938402493995,0.9045865918183864,0.9030886440839482,4
1766227234091782709,0.6789293254256812,0.5334533394550851,0.9033586422001929,0.9030646885948456,4
1766227234141988448,2.9210203162421955,0.7924891231413641,0.9054265730822683,0.9031009063401778,4
1766227234168203468,1.1839893389207212,0.4704898477119676,0.9037426986276196,0.9029716970335838,4
1766227234191786610,0.3063221941822514,1.059320456023489,0.902375718256961,0.9028586872887886,4
1766227234242008880,4.883895899445712,1.1828961950652592,0.9068663374394891,0.9030516672977656,4
1766227234268933154,1.4428204201539785,0.4027505398479756,0.9040405887228351,0.9030516672977656,4
1766227234294171138,2.658968667022865,0.8408001686240819,0.9051214754026587,0.9029532497720304,4
1766227234341779653,1.8283939336318777,1.0622695383118137,0.904465565090863,0.9030302384875154,4
1766227234368760764,0.3552570405906952,0.953278073321988,0.9032361848543575,0.9031145633567237,4
1766227234391784454,0.42120711443061065,0.7008786549269772,0.9031790033745876,0.9030620660721245,4
1766227234441788734,1.998184662951541,1.390025379063587,0.9045579759925308,0.9030462156493743,4
1766227234471183413,1.614401797935816,0.8484422112886482,0.9043662104249633,0.9031366684404222,4
1766227234491773898,0.44638013082942685,0.6896980035963214,0.9032373114846576,0.903091096970965,4
1766227234568147669,2.514767870769652,0.7426879252684659,0.905039161181898,0.903012022193143,4
1766227234591991100,0.39507896456414393,0.6745100793977095,0.9031523388204928,0.9030611960572495,4
1766227234641784253,1.6250971129936342,1.1165111948415627,0.9044026738199537,0.90311830349632,4
1766227234668576028,1.943358390291694,0.8361571261304657,0.9045473351722828,0.9030223846633194,4
1766227234692058841,0.3401222880339283,0.7829726577379148,0.9030769167642412,0.903009949151449,4
1766227234770200175,0.7501190321268503,0.5067673571157486,0.903371478700228,0.9030205908683389,4
1766227234868605831,1.8705877457158016,0.7252990943718777,0.9046443732200102,0.9031504915602065,4
1766227234891787689,0.839984389006676,0.6553411290665069,0.9035535179699896,0.9030585477178178,4
1766227234941796638,1.768779841746615,0.8028988279693042,0.9044175677376269,0.9030471079562156,4
1766227234941796638,2.166340099907793,0.8097678405636313,0.9048561220788542,0.9031239434575337,4
1766227234992613906,0.6040661915824863,0.71306043203187,0.9034275350460818,0.9031311759811673,4
1766227235071487708,1.6375406573789775,1.1587283726821078,0.9044032633911252,0.9031373427669719,4
1766227235091801673,0.5904134629828306,0.8563322185212734,0.9033908981435324,0.9030505642471416,4
1766227235141792047,3.1826520936039104,0.5756086241130765,0.9055947227905115,0.9030762399065043,4
1766227235191781218,0.7592367206882278,0.628772292785973,0.9034897126393363,0.903062724274999,4
1766227235241931512,1.8944511067061631,0.7800778975561272,0.9045927448546327,0.9031044276220824,4
1766227235268832262,0.8937394138593957,0.6032070607426906,0.903575701430799,0.9030340984197802,4
1766227235295012176,2.0948789306752813,0.7876303613268458,0.9046981219037944,0.9030225482576039,4
1766227235369637550,0.8995411299064227,1.3551409148907472,0.9035987671864468,0.9029833807789663,4
1766227235468632343,1.0384641319278742,0.7132966738750683,0.9035920068200344,0.9028592671072342,4
1766227235493542410,1.5819327165000896,0.516113520742351,0.9040049685665724,0.9028024044910121,4
1766227235541808752,2.493696363869091,1.232664708998574,0.905068484134685,0.9030737511816189,4
1766227235570329037,1.0887521521120158,0.7319312296290145,0.9037851812923603,0.9030138441120608,4
1766227235641914965,2.586773431333178,1.002753756928576,0.9051811611242847,0.9031172562561778,4
1766227235669870658,3.395118068336256,0.8996527611853428,0.9059262083882907,0.9031874194924273,4
1766227235691789421,1.3185199314469376,0.39060075296544766,0.9040170945042959,0.9031953094625416,4
1766227235769038387,2.98920429740801,0.9238468117313652,0.9054296698421244,0.9030412389281827,4
1766227235792083638,1.1405721658412915,0.43114802714744543,0.903772834255378,0.9030493220231832,4
1766227235841796549,1.2639194422194855,0.7878701694120035,0.9039516090852234,0.903014229156671,4
1766227235870001301,0.41851236349732535,0.9407776116809328,0.902421761491885,0.9030646137897482,4
1766227235891813122,0.3994962517498424,0.8701791834313012,0.9031480816846298,0.9029890308178994,4
1766227235966796950,0.4873399221760888,0.8003579729615187,0.9031496305137502,0.9029410413095671,4
1766227236091927454,0.795021472647095,0.6372962557748348,0.9034322522108692,0.9029584062771425,4
1766227236141915183,2.5874062101907125,0.4473627829207652,0.9050468187265751,0.9029892524826516,4
1766227236168851309,2.2775104316645756,0.25820127700133805,0.9048338214631092,0.9031128246138329,4
1766227236191848590,0.7922109147443512,0.5193932356712867,0.903430988402792,0.903123372299499,4
1766227236241780233,2.8078496923737983,0.8456082674627451,0.9053844852963139,0.9030835295387948,4
1766227236268930952,0.3507720433586492,0.8857547695134784,0.9031815780422109,0.9030638059676068,4
1766227236291785123,0.8830591679354072,0.5948838106273759,0.903589169445553,0.9030753124577993,4
1766227236369192928,1.3806590456721946,0.5240592120350854,0.9040268721885794,0.9030196697723051,4
1766227236391796799,0.9957019433841641,0.6386879610044375,0.9037342444506069,0.9030618277348954,4
1766227236441915493,1.746936952532474,1.0844259505013267,0.9044008162561715,0.9030395581216033,4
1766227236469554621,2.5988358458279848,0.803654339202708,0.905179471712831,0.9030491862861556,4
1766227236491849691,1.3078499275906985,0.5163735714655328,0.9039382119147078,0.9030173522240483,4
1766227236568856752,0.8100903721940389,0.597927649339615,0.9035990497358097,0.9031320715323415,4
1766227236592197468,0.7800862446403212,0.7002870055659018,0.9035727871446853,0.9031060644972967,4
1766227236692795085,0.3952357542440499,0.900326120237978,0.9031742944306196,0.9030197506055461,4
1766227236741813331,3.1009893690072676,0.7385689645457177,0.9056641149786632,0.9031049586579886,4
1766227236770191929,1.0763448387671737,0.6012153738507173,0.9039383643805059,0.9032122056468934,4
1766227236792821097,0.3312937902214541,0.7835950170724774,0.903181238277845,0.9031196583074126,4
1766227236841875741,1.6893459210827189,0.9399390392412384,0.9044472317882988,0.9030976426668341,4
1766227236869327587,2.108186287419711,0.7388850128505255,0.9048085393302687,0.9031246789934674,4
1766227236969745225,0.05438090975251608,0.9300269302068268,0.9029092072147316,0.9030949406251624,4
1766227236991833837,0.7520804340473974,0.6555260191592213,0.9034640071695514,0.9030420158247745,4
1766227237141809256,2.167343206950223,0.7077086781116523,0.904934684327798,0.9032192030726687,4
1766227237170633863,3.1707933605508165,1.165678969364659,0.905537488447219,0.9030184549609274,4
1766227237191857939,1.3963555767146918,0.5998698241318354,0.9039568197629477,0.9029387350794195,4
1766227237341803641,2.304655169343528,0.6562109249401387,0.9049199359195279,0.903110901393305,4
1766227237441793905,1.9263826856220634,0.9259916758634716,0.9046680076666106,0.9031202132145894,4
1766227237491984395,0.8724061956238982,0.5718109619424272,0.9034751457746734,0.9029583327897092,4
1766227237541902963,2.2462654390436043,0.8864460621176601,0.9049053565323597,0.9030775336472419,4
1766227237572148612,0.6535602263055829,0.7592336696509345,0.9033869544729705,0.903028586898615,4
1766227237592788340,1.8911649222823623,0.31151768312524014,0.9044188318820868,0.9030543841438168,4
1766227237641797768,3.310423168704668,1.0208384839360711,0.9056462789677316,0.902948593942128,4
1766227237792757207,0.4253912815813665,0.765081802939428,0.9032026108354498,0.9030453972989319,4
1766227237841791713,2.423522531908473,0.5996120118207681,0.904982947863155,0.9030290142049504,4
1766227237870243058,0.6359958859246673,0.6570130987514082,0.9033544093037876,0.9030569887276808,4
1766227237941814979,3.013576281585384,0.7993869266633858,0.905405679342588,0.9030001969269815,4
1766227237991902285,1.1245962904137263,0.6914182152689435,0.9037990160659821,0.9029954050057906,4
1766227238041806857,2.730344403175766,0.7273829342203175,0.9051830657227365,0.9030019185918056,4
1766227238070755557,0.7287137095741691,0.5497109202209148,0.9034440831483034,0.903088567180408,4
1766227238092251885,0.8517929950775383,0.630105265061783,0.9035112184925324,0.9029962725836227,4
1766227238192770172,0.6214311166542474,0.7229824273327534,0.9033958019708443,0.9030686288178724,4
1766227238241800601,2.2979829677857166,1.236381072898651,0.9048299904685624,0.90301155109676,4
1766227238341814930,3.276804401445066,0.6688135663163594,0.9056851504109519,0.9029904964599403,4
1766227238370597478,3.716629287411344,0.8347458134502417,0.90606336827151,0.9031353320310149,4
1766227238392467058,1.6863491192870006,0.2673644020359455,0.9041622221543091,0.9030234839989595,4
1766227238469830088,2.5259885829976847,0.6614511690231764,0.9050348840882753,0.9029985645987298,4
1766227238492646277,0.9375812124742255,0.5033074514164646,0.9035139305740466,0.9029819116678928,4
1766227238541833260,1.783062509152722,1.273869650786428,0.9045414076327314,0.9031449876233363,4
1766227238570673496,0.43023719269985605,0.9648595557853112,0.9032579897385282,0.9030527480654397,4
1766227238641791925,2.311015483905998,1.2517349038550305,0.9048507364821289,0.9030036389416091,4
1766227238670278896,3.178603443679817,1.048423858932993,0.9055539039672946,0.9030021303996556,4
1766227238741793610,2.757007375730036,0.8211897044818861,0.9053578344228588,0.9031498817655644,4
1766227238770609551,0.9445728826664723,0.5009263558421025,0.9037823528240083,0.9032417639347242,4
1766227238792971787,1.0517826729704582,0.5256916591475004,0.9037037973044747,0.9031467881741413,4
1766227238841801989,2.02014689213037,0.8428654953877655,0.9045990993519748,0.9029914246123637,4
1766227238872011610,2.636447136047493,0.9303253126887396,0.9052222501745931,0.903137907654338,4
1766227238994270414,0.189496292933522,0.884075625417404,0.9028798259307903,0.9029241156999042,4
1766227239041792837,3.105435785921151,0.8547354304214212,0.90544379630977,0.9029454915935288,4
1766227239070470547,1.193559541573963,0.43797144703405094,0.9037609417594891,0.9029728071766198,4
1766227239141797598,1.8873361688859225,0.7062647282743371,0.9045330242257736,0.903092145825285,4
1766227239170074695,2.5805875522976196,0.369066628752716,0.9050432165417994,0.902987668666538,4
1766227239193533914,0.9968862786076116,0.6074070953125518,0.9034450331417176,0.9028728852800937,4
1766227239241883502,2.700896151743848,0.8475855167302372,0.9052942406760445,0.9031060658424507,4
1766227239392427328,1.1611633124961607,0.3695766224268486,0.9037993435073111,0.9031039668244394,4
1766227239441812182,3.685317959531198,0.7699751576751193,0.9060784014161531,0.903148467262709,4
1766227239471062900,2.735248680508673,1.3894573562288903,0.9052354007246695,0.9030990593264951,4
1766227239492819938,1.4659916731970535,0.6405414314154166,0.9041696768947297,0.9030793052089756,4
1766227239541800843,2.3139789043055137,0.9488219042894209,0.9049683510015029,0.9031529388145864,4
1766227239570827901,0.7828305841269811,0.5056752732990045,0.9037019319776695,0.9032948043892486,4
1766227239593496553,0.9166099037534181,0.6065494404662417,0.9037617395335434,0.903170425279067,4
1766227239670673352,0.18423227649655427,0.8825301773920244,0.9025632081822842,0.9029790309008723,4
1766227239741885647,3.435166748188334,0.8627699498579955,0.9057653152862372,0.902946977743997,4
1766227239770985722,4.117196940830459,0.9642878436485375,0.9064125643178197,0.9030791607623735,4
1766227239842308344,2.889722239557302,0.828946005720437,0.9055366119883275,0.9031956110230805,4
1766227239872767143,2.270857401531101,1.1063670230808504,0.904906622404012,0.9030643553071527,4
1766227239893850685,0.7909330447445351,0.811384128473067,0.9035301311974502,0.9030051214929637,4
1766227239973233182,1.2339854479839207,0.47449266091047887,0.9037854258640473,0.9030222249114911,4
1766227239993688733,1.0211733497563769,0.5816827206114751,0.9036692092310465,0.9030215405890918,4
1766227240041816374,1.9951154234634227,1.0261263763062594,0.9046289946293163,0.9030469465692891,4
1766227240071632404,2.5397753486502417,0.7804616399106815,0.9051459066421064,0.9031433357014148,4
1766227240093346271,0.3913157938175704,0.6617825571846822,0.9031755954664481,0.9031174707174635,4
1766227240141807639,2.1154647608560007,0.5501864182587541,0.9047522739415976,0.9030789192004608,4
1766227240299606536,0.46419702959343834,0.6825313577716988,0.9033068341474987,0.9031470276326252,4
1766227240393521527,0.7094114968481113,0.6416249841855244,0.9032517913988011,0.902953444135154,4
1766227240442815240,2.2319643483859064,0.8739202413837444,0.9048960281536497,0.9031179913875877,4
1766227240471659534,1.108178760116707,0.5580064112607892,0.9037388287132772,0.9030016037750582,4
1766227240494573076,1.1054359611294418,0.6455519840033801,0.9037627232112893,0.9029927912641188,4
1766227240593593055,1.539946678133175,0.5966446458302418,0.9041108374549058,0.9029309263196942,4
1766227240641818349,2.3214910177358217,0.5800179320057637,0.9049322626516186,0.9030543702064818,4
1766227240671252322,0.8083160373753007,0.6802038857000822,0.9034702733378965,0.9029766415659869,4
1766227240693787553,1.151886081080855,0.4442310311210552,0.9037213641882,0.9030269972172568,4
1766227240742750454,2.691868368447037,1.0736972262895432,0.905246835426516,0.9031054613235822,4
1766227240771107121,0.7894120836925422,0.6809025901078043,0.9035856694987262,0.9031179499103328,4
1766227240793612025,1.6393160757163239,0.30207580022374,0.9041452719625102,0.902987211303242,4
1766227240941808286,1.740217897096108,0.6448279185370059,0.9044165873937503,0.9030701038911104,4
1766227240971521444,0.6796377708387924,0.6154865956578933,0.9033631726310962,0.9030685098116124,4
1766227241041810703,2.225428687583131,0.9098440380090734,0.9047451126039219,0.9029740553985935,4
1766227241073300631,0.7319026822871777,0.6043874922506166,0.9035506610231765,0.9031710575776734,4
1766227241093450367,0.5337118861266088,0.94009478976265,0.9034325337807126,0.9031197658042173,4
1766227241141808791,1.354658369321693,0.7087446866498907,0.9040775169995985,0.9030544529299972,4
1766227241194063151,1.61699428118256,0.5482914952543048,0.904165987564088,0.9029358434594121,4
1766227241241993580,3.791543490172744,0.8733744328099338,0.9060914335167322,0.9030735877162611,4
1766227241271960655,1.7667747591284533,0.2343482150133292,0.9043157857000887,0.9030713512854497,4
1766227241293607145,1.2048116534093545,0.4499897614770798,0.9038797717538091,0.9031336484867305,4
1766227241394064997,0.46974711462510754,0.6586450547571112,0.9032039641229184,0.9030520862804985,4
1766227241471654693,2.1509094763479952,0.8576229423841673,0.9048144497752821,0.9030801495716391,4
1766227241493533921,0.9817429587661852,0.601454697030475,0.903674956570836,0.9030260057017148,4
1766227241541815019,2.140856044949624,1.1204082280465095,0.9047424016122009,0.9030199429368339,4
1766227241571551741,2.3280907513706373,1.0213203307046084,0.9050476033070268,0.9031671389555485,4
1766227241671485198,1.1814479124361288,1.249443671560238,0.9039415245185515,0.9031051541305765,4
1766227241741854697,3.0402513037642853,0.5430665367006468,0.9056387829664148,0.9031539803001913,4
1766227241772138357,1.665784443786511,0.3629769657975351,0.904308712714843,0.9031697006800337,4
1766227241794334721,1.3305879052978309,0.440172150074773,0.9040626316075876,0.9031490957721766,4
1766227241841818260,3.348763805659738,0.7857351942708849,0.9057978233417522,0.9031190378525776,4
1766227241896190752,1.7920250033428564,0.7911479867275163,0.9045328708346058,0.9031420141896933,4
1766227241941825345,1.546074061728242,0.9712807687669867,0.9042555580111441,0.9030744694902468,4
1766227241966817216,0.4769708434304576,0.8152488752940452,0.9031917475996768,0.9029726051178684,4
1766227241994704750,0.9505697091619636,0.5785592369493895,0.9036301491827335,0.9030758100480851,4
1766227242041819236,2.1428694701406403,0.6720275947872288,0.9048207125620844,0.9031060164333118,4
1766227242093649999,1.065715323661398,0.6247397510785312,0.9036437152221656,0.9029071565815535,4
1766227242141904708,3.3267723431884555,0.6053652702136525,0.9057909346780239,0.9030683316347274,4
1766227242194146594,1.12567900701388,0.7077676985577585,0.9037118643971354,0.9028948214406499,4
1766227242241970283,1.5848056058570537,0.7420177667539016,0.904132841854642,0.9028870724841267,4
1766227242271931867,2.1040140951221753,0.8851598675669375,0.9047375824604452,0.9031350226499769,4
1766227242341859866,2.416957127476249,0.6250396755856763,0.9050089699785875,0.9031027885260683,4
1766227242371966353,1.6267769419168188,0.6796745317835704,0.9043661205256778,0.9030813799459574,4
1766227242394288173,0.4479669625530036,0.7536218248696864,0.903133080351149,0.9029801350499731,4
1766227242441839119,2.90034884107504,0.8998111796335648,0.9054651742807251,0.9031258979741351,4
1766227242495870740,2.4083191995941666,0.9278678924490892,0.9049519190638934,0.9030161043904509,4
1766227242541823060,3.1338746392407524,0.5023544672191708,0.905605453630121,0.9030926497565785,4
1766227242594042343,1.3942839638317883,0.455470723330273,0.903941414920609,0.9029723036710169,4
1766227242642146690,2.647507830031093,0.7281161470751166,0.905157241099653,0.903025789683567,4
1766227242672732267,0.5464518576342448,0.6630414477251402,0.9033923080275128,0.9031773326585223,4
1766227242695431216,0.6486663916108748,0.5923022825286658,0.9033897253429702,0.9030939924885861,4
1766227242771730254,4.118971290047124,1.2229215116604546,0.9063020962423062,0.902990669500793,4
1766227242794532447,1.7047564273429128,0.4307046589574463,0.9042518850975662,0.902979951236537,4
1766227242841842200,3.679820504297715,1.180470570190089,0.9060410019017662,0.9031197667347121,4
1766227242871952784,1.7771884762753931,1.044865529985015,0.9044271469573084,0.9030716786115629,4
1766227242894458680,0.2789849373711073,0.7286818606848041,0.9029948140274604,0.9030046060529368,4
1766227242941826141,3.0652776289973316,0.7361865014046004,0.905501677058073,0.9030588353361713,4
1766227243094707721,1.4917198789959896,0.32636534117722615,0.9040670894749093,0.9030477216297577,4
1766227243141826755,2.928115812902532,1.2290054556554382,0.9053675903623405,0.9030600166222289,4
1766227243172663054,3.065380517130345,0.7994943498121018,0.9055705787570663,0.9031038582176357,4
1766227243194756344,0.9199038092222445,0.5413805086178005,0.9036737569098401,0.9031227950894992,4
1766227243241815264,2.3624555726261542,0.6476669816452411,0.9050998223675725,0.9032672389345265,4
1766227243272532299,2.3852987678619764,0.9107818974514785,0.9049822982209995,0.9030372168133539,4
1766227243294469225,0.8025558864253046,0.7006845101408917,0.9035160503229549,0.9030163691727757,4
1766227243372138229,1.3597003368954752,0.45967408287559985,0.9040240441672889,0.9030789424748056,4
1766227243394523808,0.8076772264193899,0.593041241929165,0.9035513466232697,0.9031070618789901,4
1766227243472675540,0.7425305495237788,0.5012923486163969,0.9033342816604667,0.9029937037058128,4
1766227243541838040,2.866666139199725,1.0349182877056438,0.9053193041773739,0.9030279969165992,4
1766227243572942383,3.158740970546692,0.8459337794130998,0.9056110699564413,0.903083257524637,4
1766227243641872766,2.798991734412448,0.6682000664596145,0.9053012881740911,0.9030946659181182,4
1766227243772525060,2.46407969956286,0.5379865768363413,0.9050223571851838,0.9030630572140396,4
1766227243795119863,1.1492117877297536,0.4954061534292019,0.903658463794695,0.9029581054297032,4
1766227243941833516,1.5146282154165913,1.1911177689511536,0.9041042979436114,0.9029804793699746,4
1766227243973293948,0.6986622797553466,0.7491801391595776,0.9034501653066306,0.9030583091165739,4
1766227243995825512,0.9288812781013123,0.5489121073727928,0.9036134106184118,0.9030455483787094,4
1766227244041833627,3.4781005148434296,0.8340606037130277,0.9057499395916982,0.9029162990242209,4
1766227244141834049,2.9471575475144007,1.20309995386947,0.9054610494379589,0.9031442846576054,4
1766227244173672672,1.409726076775808,0.4360546323793653,0.9039988837515378,0.9029992146899649,4
1766227244194740975,3.295108227629351,0.8240649810194163,0.9056656334950618,0.9029992146899649,4
1766227244241819192,2.8983031014311322,0.5387010607884678,0.9052638679965888,0.9029784386435873,4
1766227244295186854,1.0357775823413018,0.5568879465127461,0.9037759525749366,0.9030951671232591,4
1766227244341832728,3.0745531943133786,0.9533695464685068,0.9055242645106544,0.903015637796152,4
1766227244395437275,0.16271609247131558,1.0618066469496528,0.9028553770169758,0.9028818335230211,4
1766227244441849450,2.192509615199123,0.7216498877766782,0.9048349170369201,0.9030764796991794,4
1766227244473306396,2.9871374385423977,1.1765880887899802,0.9055422672238811,0.9031631137382169,4
1766227244495364079,0.819763355748071,0.795265570294255,0.9036062270554461,0.9030752610254738,4
1766227244541823261,1.4161152757554696,0.9542037362595471,0.9040995938410825,0.9030752352508199,4
1766227244595357757,1.2588657584992058,0.42824584165698204,0.9039028576369962,0.9030978233305463,4
1766227244641831758,2.5577822058476807,0.8205274911882756,0.9050483211536694,0.902997508773943,4
1766227244672850851,2.4132317012580673,0.8370092445921516,0.9050501933187829,0.9031167519091009,4
1766227244695144888,0.7084013804993239,0.6523910213372285,0.9034643194744252,0.9030864836043169,4
1766227244742004243,3.4481513308589617,0.9005894954215713,0.9057491201576283,0.9030061141216384,4
1766227244773479633,1.2132926399536226,0.37122101933641033,0.9037658430966108,0.9030332879683938,4
1766227244841832190,2.6642782725408987,0.9872805536206509,0.9051742543618204,0.903090835238229,4
1766227244941843973,2.9138638053826105,0.6263321933100198,0.9053876413628205,0.9030580249779682,4
1766227244973857145,1.2624419507155649,0.5058691495090136,0.9037683382930577,0.9029219992069426,4
1766227244996313006,0.659717662002901,0.8034145665189832,0.90327656156435,0.9028979745811362,4
1766227245041834386,2.4177371226068445,0.6692700181313296,0.9049114651760126,0.9029730539481948,4
1766227245141819439,2.5034637788854397,1.0585613109533447,0.9051571034132778,0.903170393930745,4
1766227245172929612,3.413517423872081,0.8021385309035036,0.9057364519743568,0.9029601854193054,4
1766227245196378050,1.2392431263654746,0.44795994088467495,0.903753351060763,0.9029555196331255,4
1766227245241832554,1.381891532189372,0.43088208110910053,0.9040389315687771,0.9030809081697315,4
1766227245273037716,1.7216370937052083,0.8867898603157686,0.9045107022102228,0.9031233142917763,4
1766227245395455777,1.8046831742071223,0.3947214187428752,0.9044170604430056,0.9030579583238857,4
1766227245474043097,1.6570540444246218,0.8706705692285572,0.9045068792616278,0.903235939891436,4
1766227245495762133,0.3906164762599307,0.7605439302504197,0.9032267751368059,0.9031254459829576,4
1766227245541876367,2.318505047995245,0.8608577814131468,0.9049267523529767,0.903094644094871,4
1766227245572740558,2.4165485790808017,0.935678227489947,0.9048816253956425,0.9029691523098564,4
1766227245595517013,0.9094337150759024,0.6039473221641429,0.9035581778093901,0.9030063024990537,4
1766227245641839969,2.2006456255824203,0.7512296300520193,0.9047531750765075,0.9029931882668097,4
1766227245666839794,0.7317874312242623,0.5893302071078573,0.903373324259995,0.9030032120288771,4
1766227245741837104,1.8162359096579594,0.5696117235361225,0.9044960248938251,0.9031005124518623,4
1766227245774554941,0.4889223423442113,0.5938424722873916,0.9032321889766317,0.9031109976234554,4
1766227245841847083,2.6157603601966173,1.3150339424859099,0.9051829695683702,0.903136963038109,4
1766227245873037748,1.8946623035658305,1.0874498397384273,0.9045632794168024,0.9030447970115109,4
1766227245898434950,0.24095245241639862,1.0207100554117954,0.9025949223015673,0.9030263367777019,4
1766227245966831390,0.885237855971277,0.47960141241764626,0.9035253998154373,0.9030846779974029,4
1766227245995633433,1.2356167776409466,0.48824306351010327,0.9038317923474417,0.9030093514014609,4
1766227246041849438,1.0151191634389933,0.5023932920549748,0.9035264703364108,0.9029614007305147,4
1766227246073255208,1.8563214164668551,1.003398136730288,0.9046336626486139,0.9032018927798747,4
1766227246091835102,0.34064811846068466,0.8129724360108963,0.903203549191177,0.9031295914808147,4
1766227246141843037,2.2154088772429192,0.6806859524251432,0.9047129210908932,0.9029401582910079,4
1766227246174188392,0.014954698657088095,0.7504613442014024,0.9029089316507185,0.9032130184636467,4
1766227246191825223,0.46086248984611444,0.7082780011850853,0.9033055045278534,0.9031378085383378,4
1766227246273932972,3.283239285929107,0.9417249305983286,0.9056980608804563,0.9029789294413679,4
1766227246295996807,1.7700071699094932,0.4053825132555925,0.9042784323321277,0.9029458797544,4
1766227246342026041,2.6672151936798505,0.8663723146770463,0.9052399906361759,0.9031109380030709,4
1766227246373713650,2.986561961992873,1.1325974139311095,0.9055709151380964,0.9031917934963634,4
1766227246396618886,0.7967464152892623,0.7186713852092588,0.9036380356325362,0.9031522049860099,4
1766227246442047932,2.151818505394809,0.7502612511540819,0.9047722532089293,0.9030102149404042,4
1766227246542132781,0.38155538615836093,0.7833797466874592,0.9030117971969573,0.9029053559239237,4
1766227246596184690,0.6811905056807177,0.762794275173474,0.903426676970816,0.9030332731150085,4
1766227246691830624,1.3600296933080624,0.5031144338011323,0.9039694893252183,0.9030008124684528,4
1766227246741937585,1.9082765804040447,1.0036999456311928,0.9045490165618815,0.9030707798898336,4
1766227246843160955,3.968582288368383,1.0523507862723056,0.9062545733290926,0.9031554946524117,4
1766227246866845307,1.9056245874294886,0.22271698648854008,0.9044295033391656,0.9030656526515636,4
1766227246891851203,0.05466287114108681,0.8954158432134729,0.9028165091948255,0.9029930826033193,4
1766227246966864853,1.0811254719395036,0.5028000783319645,0.903662693280992,0.9030148398973563,4
1766227246991837777,0.724924245249392,0.622747949798324,0.9033907746041716,0.9030247200029408,4
1766227247042621170,0.7358842441205216,0.5783942860403866,0.9034423378251815,0.903110095046929,4
1766227247091838829,1.0536902436880657,0.5302478510227336,0.903627087563866,0.9029775600657619,4
1766227247151698688,2.4664813829603505,0.5815332777522183,0.9049980754269079,0.9030242132935131,4
1766227247166845688,2.5367535220538473,0.5366839623336045,0.9049980754269079,0.9029538564505323,4
1766227247191834982,0.21326242866714917,0.7769648597129141,0.903009800307204,0.9030740025253633,4
1766227247241913700,2.703540307687158,1.0310846963989206,0.9052349158610403,0.9030810827396387,4
1766227247266846749,1.0654636056869338,0.5584752000706791,0.9037201052508553,0.9030180361842236,4
1766227247291837547,1.22669416058252,0.46064378433127795,0.9037859436703043,0.9029719180046158,4
1766227247342035169,4.892295805561719,1.5059126032064711,0.9069615647240172,0.9031584384925817,4
1766227247366855946,2.5504387153286734,0.10639314775744545,0.9050171933513564,0.9030963132737078,4
1766227247391865018,0.21619467354905275,0.7982424301941372,0.9029504479767895,0.9029991991936097,4
1766227247473777791,2.250929163296833,0.9841481571940659,0.9048667351895129,0.9030647134903095,4
1766227247541900204,1.0395734124676315,0.5418834335628637,0.9036883811292239,0.9030226965068746,4
1766227247566867067,0.21472469637418,0.7891364359980122,0.9029743599476797,0.903029098158208,4
1766227247591896607,1.3873747389254731,0.35626544695402756,0.903965777828772,0.9030480255741062,4
1766227247641919390,0.8252914919678611,0.5268656800036193,0.9034996262526392,0.9030707844810825,4
1766227247691848306,1.5796845345126265,0.39392222504902513,0.9040962364273013,0.9029576905171627,4
1766227247743731126,1.0193703964327394,0.5999950283133149,0.9035261856882153,0.9030382357750809,4
1766227247766841659,0.8470072014242769,0.6399330057381497,0.9034054855128116,0.9029478693310835,4
1766227247791843207,3.3493545707714567,0.7354253599137895,0.905792681421598,0.9031183309168008,4
1766227247848302281,3.3448311392524355,0.8890244976344306,0.9056833517670139,0.9029541589476114,4
1766227247891852243,0.6563687874834301,0.7955482245138195,0.9034634934313086,0.903093106908778,4
1766227247942209695,0.26981836935779935,0.7858504794308132,0.9031724177605428,0.9031742117556479,4
1766227247966851126,0.2747287120197228,0.8382479584968354,0.903096408638683,0.9030693446145469,4
1766227247991845010,1.0862334273693541,0.5631263169121911,0.9038685246015618,0.9031700790457333,4
1766227248041925631,0.16029004969564387,0.8772091408082093,0.9029665798979821,0.903044296749886,4
1766227248066842730,0.6422747443233234,0.5725920985173207,0.9032895187948263,0.9030078956934096,4
1766227248091841924,0.6308136396839803,0.6368612178439025,0.9033738458226794,0.9030691190389354,4
1766227248142714384,3.3995521777719917,1.0550176013775059,0.9057844982393236,0.9030292224505271,4
1766227248191844839,1.003543961894393,0.5022528069637778,0.9037605505453306,0.9031557378370033,4
1766227248249362123,3.3598824053862053,0.7450114266316727,0.9056316689318272,0.9029694847128518,4
1766227248249362123,3.409219838678701,0.6933339764084873,0.9056316689318272,0.9029201306572591,4
1766227248292013365,4.047573864590204,1.393438297233724,0.9062240003770452,0.9030584479460353,4
1766227248343028523,2.5765018971859455,0.6903849832239815,0.9051639757158167,0.903084979932961,4
1766227248366838871,0.90011758086328,0.6381645434742693,0.9035860253912693,0.9030303466178329,4
1766227248441976324,1.018208603102977,0.6152770047190917,0.9037005521816488,0.9030286293219001,4
1766227248466856163,1.1885971138917428,0.6103432557402348,0.9038538644594745,0.9030160151591112,4
1766227248491854675,0.3175398485393277,0.8676968614440963,0.9032318918147664,0.9031660742486811,4
1766227248541966245,1.520180587795239,0.33611873983648183,0.9040612841835943,0.9030189000856117,4
1766227248566955299,0.8154163139503234,0.6168646696877907,0.9035224137783947,0.9030566737828796,4
1766227248641915910,3.5392316236683152,0.8720791541000645,0.9059403169982096,0.9031381423591126,4
1766227248666834752,1.1413788618303,0.4238891222855493,0.9038799277029046,0.903173208164674,4
1766227248691834937,0.2937030618509473,0.7691541780851898,0.9030469283214496,0.903046466332345,4
1766227248741893677,1.621335081266273,0.8093776496970727,0.9043482065499912,0.9030874409180383,4
1766227248791834616,1.309023505218554,0.47012530926763696,0.9039021454837115,0.9029944113605127,4
1766227248866852024,1.0821450075145789,0.5598616022610097,0.9036650223758338,0.9029599880778526,4
1766227248891847620,1.556949298708754,0.37476395593666795,0.9041952377773936,0.9030854978396881,4
1766227248942567163,1.765970899094249,0.7436678261669295,0.904360992171281,0.9030248067054777,4
1766227248991838292,0.26526635952317523,0.8150413106707994,0.9029442831879609,0.902951634448098,4
1766227249041851697,0.9665526905202615,0.7131323830302523,0.9037861920304846,0.9031243480501054,4
1766227249091840165,0.6720739416431476,0.6355550619293847,0.9034709276397442,0.9031464915350275,4
1766227249166839398,0.9517359763064892,0.6832835764721701,0.9036933498059869,0.9030554416500686,4
1766227249191841407,0.4180650453009527,0.804118363307101,0.9032085245393024,0.9030621806878809,4
1766227249241963115,0.8214957417900237,0.7200179283755636,0.903606188346807,0.9030918621428123,4
1766227249266840820,0.8827373382754855,0.5563189573644309,0.9035734144138486,0.9030664004980791,4
1766227249342365261,0.8036760209667593,0.6246263251279326,0.9035599043042296,0.9031034117065185,4
1766227249366843715,0.46418925591396043,0.8673673145507066,0.903319565474821,0.9030951085723001,4
1766227249391847226,1.2913127219226217,0.4659553584972509,0.9038250485703752,0.9029584211608221,4
1766227249441957012,0.32535213127449225,0.7356770723460078,0.903112539564638,0.903086435319624,4
1766227249466844996,0.8200597273945176,0.5890212424536738,0.9033734969223404,0.9028988429260087,4
1766227249491851333,1.163507968490074,0.4911619218585031,0.9036595000060896,0.9029216696537973,4
1766227249544160224,1.974046422233533,1.1401582887030677,0.9045940525329794,0.9030530759633768,4
1766227249566851628,0.8540238213303741,0.6519561602839237,0.9035154176604372,0.9029906910877681,4
1766227249591846533,1.2450025887404959,0.5121053707873982,0.903866747724998,0.9030097194491273,4
1766227249643155153,1.6693638518725518,0.35074292122006334,0.9042044460724735,0.9030184170024094,4
1766227249666852559,0.6812588573577028,0.7115612206507543,0.9033597097526592,0.9029916463421366,4
1766227249741862562,1.7989552326526104,0.6522420161487523,0.9045162507533097,0.9031452555104965,4
1766227249791852483,0.6901920162497577,0.5721057886306454,0.9034406686208388,0.9031171412134166,4
1766227249842296157,2.244889297934427,0.7864162002334394,0.9046669225692217,0.9028638684960806,4
1766227249891831893,1.2733829280825448,0.36162110141656206,0.9038392300638031,0.9030593820616534,4
1766227249941889622,1.042139891813898,0.6276811297751531,0.903809083358771,0.9031106344177933,4
1766227250041972346,0.8934713421751006,0.47772051682698763,0.9034752981135139,0.9029913282463838,4
1766227250166848528,1.3343528548701578,0.49271639830321984,0.9037645407753732,0.9028420818500111,4
1766227250191848873,0.3267116460354824,0.7009114939765619,0.9031396770149414,0.9031201223001762,4
1766227250291851387,1.5703336068683127,0.31509556026918795,0.904140357885863,0.9031156855814604,4
1766227250341927259,1.3419428566500136,0.3753267924374616,0.904013215745711,0.903125185895445,4
1766227250366857693,1.9238423021581408,0.25966925808596153,0.9044708325905991,0.9030632649290862,4
1766227250466862050,0.19296332690377227,0.7501770495460608,0.9029731479974821,0.9031130060743813,4
1766227250543195731,3.0421225351385806,1.049117638587649,0.9055085864591556,0.9030349470952824,4
1766227250566861177,1.6996646254743286,0.5311761336684919,0.904286097372839,0.9029696629843573,4
1766227250591868455,0.07141488734241364,0.8400291358136815,0.9027682049197331,0.9029579993150074,4
1766227250691862042,0.5764209174682344,0.7325934431478363,0.9032792490404411,0.9030113450670126,4
1766227250743373493,0.8539058619289053,0.5030510499920231,0.9035452288465888,0.9032064119890887,4
1766227250791864355,0.5298520198834256,0.6648062394390395,0.9033489264734345,0.9031372920105913,4
1766227250841904420,1.6908944426469175,0.43302028858420716,0.9043672651651105,0.9031138096502268,4
1766227250866858298,0.673265402127754,0.5808306532013366,0.9034083007189142,0.9031228378635131,4
1766227250942678023,2.32041486987411,0.8148261602921336,0.9050043193467481,0.9032151551946376,4
1766227250966864158,0.8579634637966294,0.5575455834184768,0.9036156932048667,0.9031271067165481,4
1766227251041983516,3.040113374749853,0.8689811024526892,0.9055793938021939,0.903151922422655,4
1766227251066866842,0.6839992929716932,0.5804852053945552,0.9035493360646438,0.9032162818206108,4
1766227251166859367,1.2128084074327639,0.5244524144070304,0.9039598968128368,0.9031227214976559,4
1766227251191856716,1.2255167074883833,0.47894666716082085,0.9038422056629135,0.9030329145516641,4
1766227251242310759,1.5535722905358762,0.6476163573264646,0.904265840964831,0.9030760522114352,4
1766227251266863072,0.2902462925133964,0.8792452732510007,0.9025759707679724,0.9031430752554337,4
1766227251291853278,1.5264360294927615,0.3685843639588646,0.9042574001799533,0.9032164642232556,4
1766227251342133895,0.8968788046905818,0.4534567502664916,0.9034598645140792,0.9030170011517702,4
1766227251366858432,0.7295840297713019,0.6612510729002219,0.9033406768395819,0.9029341107345196,4
1766227251391850211,0.9254791157289333,0.5981039348567346,0.9035950881051147,0.9030173219223316,4
1766227251466847209,0.857102095296769,0.6683832041797636,0.9035022914096809,0.9029647290525045,4
1766227251491859677,0.6445783023737439,0.6946679233249006,0.9033199155014418,0.902983012392554,4
1766227251566853119,0.2687476208662609,0.8033368247170881,0.9029889118561168,0.9030037960980523,4
1766227251643802759,2.5280757176856516,0.8582027383758911,0.905046440115381,0.9030350926578534,4
1766227251666850503,2.5280757176856516,0.8582027383758911,0.905046440115381,0.9030350926578534,4
1766227251742881826,0.44854280585249207,0.7739059513542262,0.9032804485733011,0.9031076214803552,4
1766227251766851203,0.9621708869009815,0.51507111567807,0.9036755823253781,0.9030916719326397,4
1766227251791852389,1.214463976950575,0.6089913565782396,0.9039226477870487,0.9030684776673242,4
1766227251843315279,0.012582929722615432,0.8570502703707471,0.9027565917776789,0.9030139947078389,4
1766227251866850500,0.29490518002928123,0.6692042824368064,0.90303281462523,0.9030686702698149,4
1766227251942450532,1.4067144201018733,0.45436063291448997,0.9038629677810838,0.9029084095362858,4
1766227251966855708,1.3175472642430464,0.3175190877137258,0.904001214937584,0.9031893014355191,4
1766227251991859159,0.9850033724385643,0.5692543764499889,0.9035688530399723,0.9029922410544555,4
1766227252066852551,0.449238437479349,0.6326808182406716,0.9031610946452417,0.9030849899382598,4
1766227252091859649,1.9088448452392326,0.3826637155898797,0.9044327348366286,0.9029890077730119,4
1766227252167673503,0.12740473609984537,0.8623202499978824,0.9029790848752831,0.9030930809939922,4
1766227252191836644,2.5721363012521925,0.9166626354169733,0.9051524422054866,0.9031372625780076,4
1766227252243542460,0.4466381122362195,0.6645835328771842,0.903207170797446,0.9030834327543064,4
1766227252266864510,0.1766747438545213,0.7525947441376136,0.9029267822024643,0.9030369492665818,4
1766227252291866659,0.7115995578587109,0.5571447900014608,0.903348509938994,0.9030049154005603,4
1766227252342566824,1.8838370498615031,0.26258918756816624,0.9045434252969421,0.9031671385967868,4
1766227252366861613,1.4322904729111574,0.4505091484055297,0.9041742996711066,0.9031508433703654,4
1766227252391863170,1.0425854074024299,0.5458260377559963,0.903631088411305,0.9030025760861435,4
1766227252443475080,2.0340473565312323,0.27069261477788,0.9046460713127767,0.903108379188874,4
1766227252566861289,0.9404213240663539,0.5648540745502728,0.903544498069355,0.9030425669445775,4
1766227252643489123,2.6835264152805793,1.012335507918847,0.9052294421832477,0.9030584976308453,4
1766227252667013483,0.9239512717028608,0.7403075783390097,0.9036722291256971,0.9030499885441065,4
1766227252691869147,0.4001070347958713,0.7168284674664002,0.9031664399768701,0.9030600738822997,4
1766227252743306598,0.5176854238891915,0.7103471187022488,0.9033395895905333,0.9031231729556988,4
1766227252791857253,0.9704984642722181,0.5451980223794282,0.9035632421501189,0.9030420419907114,4
1766227252842429888,0.7759555641496663,0.7833709222972908,0.9036442797323373,0.9031613100036394,4
1766227252866854601,0.6701713013798072,0.6019163869550719,0.9033468051631995,0.9030998198304899,4
1766227252891818338,0.8842694294254327,0.6430493590498738,0.9036097094413984,0.9030579551620582,4
1766227252942788761,1.7635026345164118,1.1095630391920372,0.9044075178579233,0.9030502541028159,4
1766227252966856383,0.4753150735180567,0.8827093882240382,0.9031903332903461,0.9029659230342477,4
1766227252991858892,0.5853152883009693,0.6091347258798537,0.9032145885985533,0.9030068997254961,4
1766227253066889924,0.5684736839535187,0.5534009161432142,0.9031609643824949,0.902994199383674,4
1766227253091963517,1.8109856482115827,0.30882629187407656,0.9042802298729846,0.9030221297017459,4
1766227253191863196,0.9747417829605309,0.5278142279507119,0.9035902750547584,0.9030417295589835,4
1766227253266861587,1.3652673813818739,0.37612328990860283,0.9040324605250346,0.9031300550807636,4
1766227253344029797,1.0309240714903023,0.5315518629628164,0.9036120067111038,0.902981768417399,4
1766227253366978595,0.6184445257381155,0.6988293431292687,0.9032554715401442,0.9029422610501125,4
1766227253391863353,1.0323692310192367,0.6180935822956838,0.9037072657468993,0.9030233606666508,4
1766227253444681671,3.2227511192135516,0.6145593263601351,0.905813671411311,0.9032403957103533,4
1766227253566860439,1.6716056801616697,0.3071779012326447,0.904157862368757,0.9030165301333175,4
1766227253691824514,1.4307621821210148,0.4090842428406797,0.9038862362527057,0.9030150534101378,4
1766227253746183398,0.758883733196769,0.5128117989984987,0.9033780433021686,0.9030543323479744,4
1766227253767487804,0.42633845211148547,0.6781364499039887,0.903134211788631,0.9030286933569966,4
1766227253791872081,0.5146199793323314,0.6460947376510012,0.9032403610369181,0.9030706561210833,4
1766227253866877294,1.5979951294374795,0.436478194971687,0.9040087589996441,0.9029160259906643,4
1766227253891850499,1.006952692919838,0.7420625705669402,0.9036230360013954,0.9029422692245259,4
1766227253943458922,0.8291926837685759,0.6316422957129469,0.9034465259293069,0.9029655703958275,4
1766227253966880809,1.5326610831379872,0.5046625699429496,0.9040540391933458,0.9029185102552155,4
1766227253991873279,1.8816461646953275,0.3191256666448729,0.9045378123510867,0.9031521675262978,4
1766227254066876920,1.2289937822715924,0.44790391174415906,0.9038776329647351,0.9031398741483073,4
1766227254091876754,0.7434458189952142,0.6009271486998644,0.9034264635089091,0.9030315815048767,4
1766227254144497721,2.987374380028718,0.7071891963700256,0.9054492806685984,0.9030232446817812,4
1766227254166884091,1.435905836462581,0.4626624625800711,0.904024739708882,0.9030119067530662,4
1766227254291865789,0.7593905052685201,0.4883333194345345,0.9034685659996861,0.9031417235255131,4
1766227254343718421,1.0002867713930774,0.5705777349984997,0.9036842004808702,0.9030572341666581,4
1766227254391863031,1.0642962278643031,0.5767724851622789,0.9038141151780749,0.9031066828328653,4
1766227254467351143,1.207966034695751,0.5796111951045435,0.9039094434462114,0.9030643462483451,4
1766227254491957968,1.1803835119059691,0.5558819010452233,0.9038633634531384,0.9030669214903274,4
1766227254543537176,0.5803642172615975,0.5423268342692535,0.9033416871125463,0.9031473546994655,4
1766227254591871102,0.13487056071459502,0.7604715577886909,0.9029014781916469,0.9030494616328667,4
1766227254643855151,1.5151195183544797,0.4264354419328746,0.9043077794041638,0.9032401710699144,4
1766227254691871841,1.055571911519948,0.6478141692956837,0.9037361194717498,0.9030234939421837,4
1766227254766879659,1.4699297346416618,0.36739614919882996,0.9040421022512987,0.9030241162452917,4
1766227254791888380,1.1894615500537276,0.5035820482653022,0.9039024353975428,0.9031010117348903,4
1766227254843584768,0.8459392413951994,0.5350174851743904,0.9034612458176143,0.9030125702197532,4
1766227254866869347,1.6207839597602858,0.31589243939331574,0.9041078035242605,0.9029831743132583,4
1766227254891879671,1.5343406615772048,0.4326839776928426,0.9041546629541972,0.9030618512081685,4
1766227254943913244,0.9140385552924846,0.5050398850382027,0.9035519821468667,0.9030398324058377,4
1766227254991875471,0.6379320960264723,0.6086915454558429,0.9032294277199276,0.9029805187236049,4
1766227255045878486,2.6760872531129687,0.43240325706991595,0.9051519514510341,0.9030430355737726,4
1766227255068230071,1.1263683721873807,0.5499720221514285,0.9036152965452807,0.9029554672064348,4
1766227255145672597,3.5835205349415977,0.7657820928779357,0.9060292505794787,0.9031594119852254,4
1766227255166916559,3.5835205349415977,0.7657820928779357,0.9060292505794787,0.9031594119852254,4
1766227255244325702,3.8338070112071687,0.8885738926705037,0.9060139761805482,0.9029113619177306,4
1766227255291873901,0.7213644966489463,0.683839136943925,0.9034108222873892,0.903012818624985,4
1766227255344460613,1.1388370973665074,0.44216371804415616,0.9037403648257445,0.9030832766951077,4
1766227255366877331,1.5626622198852136,0.36087345391376086,0.9041845856969858,0.9030940756935865,4
1766227255391878657,0.8141421626826073,0.6723639355011586,0.903448173826694,0.9029650706949295,4
1766227255444549227,0.3020096277528417,0.7423817735876577,0.9031008459300803,0.9031147573973327,4
1766227255466873240,0.992941010961701,0.6575463925265942,0.9036950189758396,0.9030469464520123,4
1766227255491879446,1.2353622839131884,0.5449834776933417,0.9038575609872733,0.902997362499037,4
1766227255544232940,2.988141133462352,0.8346088771618587,0.9054643752681857,0.9031188838819963,4
1766227255567531686,0.602134000067367,0.5154939431519988,0.9033406417282115,0.9031251007473979,4
1766227255644780607,1.5379570660787323,0.3518674715475094,0.9040182426799647,0.9029578423327801,4
1766227255667430844,0.7387362834571087,0.7959773103719439,0.9033671843325439,0.9029018791745816,4
1766227255766891938,1.54946713117321,0.39777906781187566,0.904089578229141,0.9029922623829781,4
1766227255791870852,1.5024374806931196,0.38957589164702716,0.9041473997601157,0.9030971417179848,4
1766227255845107627,0.6565622237535429,0.8825283979850727,0.9034967713796087,0.9031021264566311,4
1766227255867826352,1.2647582417613101,0.3720102688299671,0.9038848126650082,0.9030736342374367,4
1766227255944833869,1.4105408027543787,0.5017057140689355,0.9041113284482515,0.9031033853382022,4
1766227255967210872,1.8386343508866032,0.29419360579512344,0.9044294630154702,0.9030944777758033,4
1766227255991876037,1.6379429877063645,0.4210617226314936,0.9040997855702064,0.9029502196329282,4
1766227256091877647,2.4286597475694505,0.7636994759105464,0.9050194219188941,0.9030975743100229,4
1766227256167287882,1.006676346886115,0.5669210374085726,0.903635617345015,0.9030102209899155,4
1766227256244775682,1.0457062000152062,0.47052743152717474,0.9036031172303519,0.9029775824863765,4
1766227256267689314,0.914086606490061,0.5728614888876308,0.9035447072587676,0.9030020736687706,4
1766227256291890266,1.8258166014709643,0.3154039700555309,0.9044401871530879,0.9031026204553213,4
1766227256344430620,1.467820717321322,0.42369991646420146,0.9041947983652419,0.9031584825203647,4
1766227256367188299,0.6119095485720427,0.680522654223691,0.9034077103795396,0.9031113743248512,4
1766227256445410700,1.402248832133135,0.42268559386487753,0.9039288973424758,0.9030328559013806,4
1766227256467293153,1.4204524364964666,0.5282410180050218,0.9038338014244054,0.9029540198281473,4
1766227256491885380,0.28147837227987527,0.792240206812073,0.90312051283228,0.9031330513369575,4
1766227256568466426,1.0879488349299082,0.733684786554658,0.9037525839169248,0.9029622435155567,4
1766227256591878224,0.7748035144585774,0.6070110031105396,0.9034009596512536,0.9029710775443156,4
1766227256644708023,1.1543944610451495,0.38555352569430407,0.9037736904778321,0.9031285816725878,4
1766227256666897082,1.201135365340389,0.5058491704435352,0.9039170570404061,0.9031165485233673,4
1766227256691889662,3.2733902597191777,1.1175740497711348,0.9056618430288874,0.9029750371492156,4
1766227256746885494,2.0319203403550423,0.42324283778919247,0.904647525937284,0.9030818658523723,4
1766227256767252337,0.8725607216345521,0.5361808676517932,0.9035039750419995,0.9030801850057837,4
1766227256791880011,0.4163342112387669,0.7211868569219618,0.9031080024595363,0.9029930257223141,4
1766227256945515913,1.8784740768000852,0.8191540107754863,0.9044926350018917,0.9030334674930407,4
1766227257045109967,0.9921329735005369,0.4636374262053763,0.903564372708346,0.9029898136965812,4
1766227257067068683,1.357196073005662,0.47213876784772396,0.9037970630974069,0.9028860919873992,4
1766227257091886955,1.2496320082253654,0.37980218899672913,0.9037087433312091,0.9030038602805507,4
1766227257145363791,1.0562625432574135,0.5230571222152209,0.9035669151941008,0.9029134627245486,4
1766227257167528585,1.3733217065088343,0.46288349335114853,0.903856828269733,0.9029061033251511,4
1766227257191912661,1.3543244082373507,0.4890457168343328,0.9039921754849997,0.9030350581447888,4
1766227257248323833,3.167301822780022,0.7951429545343067,0.9055784443460555,0.9029941808070998,4
1766227257291945740,1.7313189060820244,0.34758680041519413,0.9041837670809343,0.9029643719369227,4
1766227257344950949,0.9258470290171017,0.5177138546741793,0.9036375562200183,0.9030979303332682,4
1766227257391942070,0.5979632696661019,0.5676859662997618,0.903330486223242,0.9031137673879595,4
1766227257445103612,1.1752692661234354,0.49190646029611895,0.9038778687291553,0.9030952707247332,4
1766227257468388822,1.0563770272183914,0.41785460157948234,0.9036264515225537,0.9030626564799784,4
1766227257491929693,1.723719303065474,0.22826331033263647,0.9042852763592257,0.903092244940285,4
1766227257545460039,1.6210053509371214,0.9705582738588571,0.9044691473719885,0.9031866079570525,4
1766227257591897179,1.14869495115133,0.5873538715586737,0.9039344437084915,0.9031637215631232,4
1766227257667991329,1.1733675502233476,0.613396786624748,0.9038130981705025,0.9029858985874557,4
1766227257745296676,1.0465208218414235,0.5021277932624898,0.9035494811205647,0.9030046282655911,4
1766227257891951371,0.930520918895672,0.5893721362174844,0.9035290564484006,0.9029766182273272,4
1766227257946166094,0.6309558481644162,0.6028074956736709,0.9033886984153783,0.9031602234694767,4
1766227257968058265,0.4636697439310833,0.681676380210248,0.9033179434385821,0.9031790322062506,4
1766227257991851791,0.5834139033111807,0.6185077484806515,0.9033313331837124,0.9031393494697352,4
1766227258067673338,0.8574463675482535,0.5497449509568706,0.90354974227926,0.903062055135089,4
1766227258147683461,3.02381827176601,1.075352343525431,0.9054866170268019,0.9030175034339715,4
1766227258191923620,0.9786598002949898,0.5160358278692748,0.9036510453782671,0.9030741075598301,4
1766227258246530249,1.132212144798861,0.5626482875888442,0.9038685015782221,0.903107189133594,4
1766227258268510796,0.534512293046796,0.906335599593464,0.9033350496228645,0.9030723188627713,4
1766227258345788190,3.2233882857267693,0.9370150895314746,0.9055677597101027,0.9029829079083894,4
1766227258368307571,1.348102476184554,0.479192060418683,0.9039484000954683,0.9030073605729627,4
1766227258391886703,1.4697755401108514,0.3699812613259116,0.9039987227327249,0.9029992196451458,4
1766227258445029611,0.5518313223958904,0.6838409440322628,0.9033720514260137,0.9031357367682684,4
1766227258545239161,0.7292079627991832,0.6764596016104181,0.9034408998947501,0.9030451252710026,4
1766227258568357047,1.38920637885942,0.4676647230755758,0.9040068120106841,0.9030190015289635,4
1766227258591898488,1.2037628574748105,0.4441121013871267,0.9038396683141016,0.9030618810150338,4
1766227258645304130,1.8838073583616888,0.27664076609546895,0.904475825948812,0.9030966994883041,4
1766227258667572107,1.215787089048903,0.3088383479519731,0.9038943742387154,0.9031734961832145,4
1766227258691895760,1.4354707842060277,0.432812187639762,0.9039794000533283,0.9029723228370761,4
1766227258767858562,1.0938420810636673,0.5346462481718681,0.9037876717440997,0.9030643949994505,4
1766227258846001775,0.3506130589134848,0.7757750760387303,0.9031624923540726,0.9030777707488622,4
1766227258869561420,1.397334956771079,0.3779295610437409,0.9039063912463475,0.9029523265254845,4
1766227258891891665,1.4944765359786727,0.3385785355292942,0.9040907217845101,0.9030556905757722,4
1766227258945571592,1.4823130849771493,0.5641617440976981,0.9039446078352182,0.9028525736555023,4
1766227258968101292,1.3729889586586719,0.4445537704995729,0.9037842939272318,0.9028470175014696,4
1766227258991890519,1.2940266910610454,0.5229087483955212,0.9038435708021677,0.9029545343470571,4
1766227259153537462,3.170668526174869,0.4239138906032324,0.9056688044974027,0.9031197218114569,4
1766227259191901393,2.922661334068488,0.48822660390359024,0.9054282366012193,0.9031170901738955,4
1766227259246102680,1.1468518449183618,0.5021066083672081,0.903720581343328,0.9030148588989767,4
1766227259269444486,0.4630823847437959,0.6655610501134315,0.9031335263184033,0.9029798197268809,4
1766227259345969786,1.2030010294727944,0.5422258726398019,0.9038609579284785,0.9030342444087763,4
1766227259368342260,0.44101978889909965,0.7076282771244992,0.9032041337165962,0.903077654226424,4
1766227259491893276,3.2939288765786445,0.7284001770037938,0.9057227409939852,0.9030790002262069,4
1766227259547528730,2.852076563727546,0.8180094751337047,0.9053491843188899,0.9030575125518423,4
1766227259570417575,1.5070045699264734,0.4034211355077459,0.9042095574174277,0.903133242606929,4
1766227259668181677,0.4835481594328561,0.6104175854570993,0.9031890126515203,0.9030633514064538,4
1766227259691915130,0.6986436516189798,0.6271158266333466,0.9033620781662194,0.903005710062201,4
1766227259748018814,1.325705582868153,0.492846405469157,0.9039425511766955,0.9030257766348472,4
1766227259772152078,3.1447596988588566,0.6040510354262628,0.9055904595021346,0.9030257766348472,4
1766227259847306170,1.1154554936471106,0.42502557906014765,0.9037248744140935,0.9030569244937401,4
1766227259869263453,1.2041773605323547,0.48597086929001954,0.9037421834776694,0.9030474369370757,4
1766227259891908680,3.120591731246125,0.8006507075300225,0.9056393405895702,0.9031449957729591,4
1766227259946551618,1.4174787568723701,0.3311294013735495,0.9040839727031085,0.9031869672599092,4
1766227259968727261,0.16096326051806553,0.7129377776994386,0.9030201908934495,0.9031651684654508,4
1766227259992496461,1.871222803848771,0.3712907661722311,0.904258725862109,0.9028603873688004,4
1766227260049353933,2.97757660000586,0.632871760927048,0.9053271373317999,0.9029450540022091,4
1766227260068986295,2.97757660000586,0.632871760927048,0.9053271373317999,0.9029450540022091,4
1766227260091913992,2.3492246458187704,0.9381904081730267,0.9050376873515664,0.9032637161314347,4
1766227260146767165,3.2029939961512044,0.985136989616888,0.9055194163901972,0.9029705324645132,4
1766227260168934423,1.225140939896563,0.5176571111177851,0.9037889397358433,0.9029516104159372,4
1766227260245833616,0.8032222403860922,0.6059234010785823,0.9035184585163298,0.9030602972626522,4
1766227260291921499,1.8811009094481523,0.6562190515712192,0.9045007997221023,0.9030454225596636,4
1766227260347182518,3.829300416807735,1.2810223232278515,0.9060222731022909,0.9029824993310976,4
1766227260368803158,1.3021761362587148,0.48349693730817717,0.9038784625309182,0.9029737044019693,4
1766227260446429629,2.5544212915905584,0.8578144832938253,0.9050732433915282,0.9030033265491428,4
1766227260469153183,1.0692054440980536,0.5727871321889599,0.903624721142507,0.9029389862621878,4
1766227260493335158,3.166207201107052,0.7253345378088791,0.90552975339984,0.9029936707430717,4
1766227260546712627,2.1284985272540524,0.9127280721853098,0.904822796435509,0.9031423342966762,4
1766227260569102714,0.14142457055099644,0.801122765030992,0.9030317864260275,0.9031665407265274,4
1766227260591959017,2.4792223912014633,0.4216734159282993,0.9050361272988339,0.9031203644494018,4
1766227260668817954,0.22427557872606307,0.7037812924351241,0.9028857115834777,0.9030013707592125,4
1766227260691918517,1.296419921069103,0.38829736684817157,0.9038928549630264,0.9030640401652748,4
1766227260792878638,1.993338406405143,0.41981376728812786,0.904682743806146,0.9031351211630675,4
1766227260892744221,3.27920646310087,1.3166731084707215,0.9056006459995024,0.9030946040012239,4
1766227260947571505,2.785441048702708,0.9484212342474814,0.9052162193532135,0.902989453099572,4
1766227260969418561,1.0573485425539042,0.5386807441532477,0.9035864372456437,0.9029198965855662,4
1766227261049182470,3.673323164513964,1.1003053448103726,0.9059124282014192,0.9029793339806067,4
1766227261091906879,2.6893848760780603,0.7009819450723018,0.9052648999731123,0.9031068134108353,4
1766227261153309275,2.7611257447903714,1.1065987592691033,0.9052773737287847,0.9030642970280912,4
1766227261171564799,2.734651077824446,1.0830749834365412,0.9052773737287847,0.9030903327327571,4
1766227261291907411,1.894515728518953,0.27504123043226786,0.9042570463002535,0.9028612186635582,4
1766227261346737360,0.30863152978122255,0.6138129407068067,0.9032146069037451,0.9032869019692359,4
1766227261369573887,1.2226179527460301,0.4784964506444678,0.904003933656052,0.9031981940328988,4
1766227261447038171,1.9887871400188217,0.8880760345726183,0.9046654493382168,0.9031043624963687,4
1766227261469331767,0.15408159914798158,0.9004009304641722,0.9026798185984524,0.903070918593462,4
1766227261491906932,0.8133025160395047,0.6207975494451025,0.9035026015646012,0.9030985656885068,4
1766227261591912277,0.3787516451061457,0.6708623410715486,0.9031775525440929,0.9031324235661492,4
1766227261646833167,2.8031086331078425,0.7466024486446986,0.9052666073602675,0.9030065286633592,4
1766227261691916601,0.9640943631749055,0.5452594735105492,0.9036674730184119,0.9030727389601585,4
1766227261746989046,0.7092489591441486,0.6250324849709856,0.9033094657816503,0.9030135646130173,4
1766227261769428355,0.8522699953170676,0.6382996944637584,0.9035777671222314,0.9030704316633752,4
1766227261791912800,0.6216649163229837,0.6136374270935127,0.9033398951250823,0.903062030604113,4
1766227261869703128,1.214827819966291,0.46635509611329257,0.9037561191926957,0.9029907549767962,4
1766227261891898779,0.3670678500732327,0.758276831128923,0.9031821202180077,0.90309237446484,4
1766227261946845948,1.0034807286306568,0.6063209992368508,0.9037335097272691,0.9030804321040325,4
1766227261969457772,1.529474833463107,0.436182090913812,0.9041683153875654,0.9030657182395505,4
1766227261991908082,0.5499375662209038,0.6365950648056976,0.903317580716878,0.9031035841357709,4
1766227262046881791,3.154653372118621,0.9333672216386937,0.9056778887195138,0.9031296068491367,4
1766227262069884079,3.154653372118621,0.9333672216386937,0.9056778887195138,0.9031296068491367,4
1766227262091902427,0.28937059393685516,0.7370365437004802,0.9031213564948243,0.9031214104256019,4
1766227262169710649,0.8977813705058901,0.6069627241304952,0.9036157104422148,0.9030661345181004,4
1766227262246508490,2.9835239883635456,1.2000669914684499,0.9054943000458711,0.9031564279936515,4
1766227262269557005,1.0198231910603095,0.5559444329641713,0.903727319983541,0.903085583669039,4
1766227262291915833,1.6263754217187287,0.4474073402960569,0.9041308608662749,0.9029326294098939,4
1766227262347325061,1.072634145887763,0.5111782368964269,0.9037953639393407,0.9031066658182753,4
1766227262391903075,1.4920929604613775,0.5158151828142935,0.904066626139424,0.9029719340177896,4
1766227262447203187,1.1229758282352842,0.5082546498502947,0.9037539228734056,0.9030404219125637,4
1766227262546730323,1.2980835539024849,0.5445666230628272,0.9039226400432449,0.9030105680168068,4
1766227262591901021,1.2696349260535866,0.5010361895203722,0.9040286548267217,0.9031619579086231,4
1766227262669430729,0.7231814744514953,0.5050291435509224,0.9033722794102804,0.9031626941624722,4
1766227262769724306,1.0315311183000109,0.5092258479814032,0.9036484043550945,0.9030880905270803,4
1766227262791917583,2.3543828390114596,0.732808947910299,0.9049991879647721,0.9031382164925913,4
1766227262847490529,0.5694712939533497,0.6315986280874532,0.9032575031789157,0.9030314994534993,4
1766227262869937382,0.7282308706021423,0.6798200351520614,0.903360110781237,0.9029568700299411,4
1766227262891920133,2.8193721824505413,0.5942414459441877,0.9053462405443875,0.9031170821519151,4
1766227262948316086,1.6985927357181518,1.2111113106563345,0.9042420594078198,0.9029064673136591,4
1766227262969637754,0.3693660888708372,0.8759074763366625,0.9030660551280283,0.9029394752945197,4
1766227262991921621,1.1467983326105546,0.4760376464064257,0.9037649832692198,0.9030446152506754,4
1766227263047843794,0.7097151456855189,0.6382689076388114,0.9034450321118623,0.9030749960608203,4
1766227263147798493,3.4251824606932324,0.8514263730647302,0.9057668385254496,0.9030176189010044,4
1766227263171184533,1.5340895449629244,0.32733950512875737,0.9039997857922896,0.9029960228243158,4
1766227263248095337,2.18368708554173,0.528647460570288,0.904850916474224,0.9031670102510664,4
1766227263269794114,1.009269718646122,0.4198100699670141,0.9036717443671886,0.9031292659390173,4
1766227263370561782,1.0840729012435713,0.5031455428623984,0.9038922926419272,0.9032199981584983,4
1766227263391917364,0.679184835361335,0.6693478977327044,0.9034443359915125,0.9030877869301475,4
1766227263447952939,1.451890922148369,0.620019280069511,0.9041469230180238,0.903089288568021,4
1766227263491909554,1.2473289097307827,0.5446271310444059,0.9039834803183999,0.9031148821454736,4
1766227263548565616,3.18828573191432,1.0614862476492046,0.9055578134994214,0.9030264291234492,4
1766227263669687844,0.49430570533126605,0.552466971145801,0.9033580670632608,0.9032437452706827,4
1766227263691918581,1.4844572565856362,0.3307412411250815,0.9038949198996615,0.9029188957370586,4
1766227263747427426,1.232368646117643,0.5761139629845967,0.9038072411001751,0.9029448770136671,4
1766227263791925058,1.1687951122522078,0.47737363514003567,0.9037378541821465,0.9029725441109876,4
1766227263866910402,0.644065543292438,0.6949766509296242,0.9033535606875811,0.9030278181360978,4
1766227263891928460,2.401318938455521,0.7713016358294056,0.9050309087276345,0.9031615326467379,4
1766227263947891318,1.2307640018625055,0.3662045224455081,0.9038516604302723,0.9030927618697225,4
1766227263970478896,1.6196542269454328,0.4517099057717746,0.9042323637625594,0.9030437283038485,4
1766227263991925038,0.7845748949647513,0.5334702034354208,0.9036777056579876,0.903263318373422,4
1766227264092098820,2.3396276897548196,0.8957309014996019,0.9049042169720476,0.9030265310023875,4
1766227264141941532,0.8265065779524683,0.5764355256557993,0.9034519492081445,0.903057426575845,4
1766227264191918677,0.7959246002076092,0.6427706379737211,0.9032509044192087,0.9030041356952553,4
1766227264241928172,0.5192906676250164,0.6171634727329292,0.9031600128058368,0.9030686210477876,4
1766227264271063641,0.5934871233083117,0.5610694292274857,0.903346305346142,0.903150798813212,4
1766227264391938053,3.4106367430757345,1.1619086036498272,0.905694863108178,0.9030010338414778,4
1766227264470899822,0.6586348194658198,0.6881796954494296,0.9034559522326812,0.9031253180070323,4
1766227264491937416,2.6843520729783465,0.7752924725598953,0.9053110057489412,0.903154931378758,4
1766227264548609809,1.0579513003257102,0.4939355523849696,0.9036825093077858,0.9031017820495667,4
1766227264648090467,1.0818364820550652,0.47569270824094884,0.9036328768587373,0.9029616467079081,4
1766227264670924709,1.1086580303227844,0.5692353915116856,0.903699081247084,0.9029561736174523,4
1766227264691932907,1.3918994654795735,0.4619101222158151,0.9039321222516669,0.9029961849773452,4
1766227264770701133,3.214153856618829,1.5694755336401751,0.9055745548362961,0.9031556818269971,4
1766227264791918084,0.8542213468794024,0.5602660059879594,0.9033849859928239,0.9029292578194529,4
1766227264848233235,0.902034062180368,0.4418962114813867,0.9036461271841126,0.9031870984394433,4
1766227264870841011,1.7637471343131539,0.3422356249781252,0.9042430317994794,0.9029691879644983,4
1766227264891934981,0.7440670432833363,0.5285250931348607,0.9034156854716469,0.9030993075170695,4
1766227264948432594,1.1717940725691767,0.4621499963725758,0.9037407673405904,0.9029926796151935,4
1766227265148066035,3.2532573228315487,0.7268880828932606,0.9056454394597845,0.9030498142691595,4
1766227265170820547,1.012054915857874,0.4740226871177305,0.9035867820441869,0.9030209926502404,4
1766227265241924492,1.1403964231377905,0.4088326151149519,0.9037084040972015,0.903017792782922,4
1766227265292009519,2.557509671222258,0.9840977409890114,0.9050994777127565,0.9030531711746226,4
1766227265341922974,0.9512677803696912,0.49226806362405473,0.9036281258987855,0.9030903929350161,4
1766227265371337708,1.1050827537775199,0.5405680308947615,0.9037959067073015,0.903079203115111,4
1766227265391936557,1.0532878859146333,0.43077195081296354,0.903744533008623,0.9031315238579579,4
1766227265448694309,0.4420454217871628,0.56106190378252,0.903157257136641,0.903137299602498,4
1766227265472361527,1.402364264249667,0.43222017416904174,0.9040287237140269,0.9030804824793361,4
1766227265491943434,3.175046562586492,0.6148694478991429,0.90560138088491,0.9030778432960229,4
1766227265541963469,1.0525262395512103,0.4959184117846509,0.903837792220409,0.9031802858135568,4
1766227265571059454,1.346701934193617,0.46291793756722815,0.9039319215198874,0.9029927298234067,4
1766227265591939341,0.9816562989251043,0.5188216306915446,0.9036863029042196,0.9031007687740407,4
1766227265650509191,3.6148331311495197,1.055235388220144,0.9058899555506972,0.9030447700165014,4
1766227265666934683,0.9281797280412674,0.49150366554704794,0.9035289521175863,0.9030552926114469,4
1766227265691932683,0.9101899806390756,0.5547877992353183,0.9036504074082417,0.9031180859550064,4
1766227265749173113,1.264005656554712,0.3826766902472664,0.9037951567197424,0.9030346525115989,4
1766227265771346803,1.5214701406662812,0.5891063383273721,0.9041780990644016,0.9030317080129447,4
1766227265791935943,1.339556478539894,0.31240876060407546,0.9038809652879183,0.9030857848063909,4
1766227265872936386,1.5217347412067594,0.5451939507010141,0.9039897117768543,0.9030390365638109,4
1766227265891926821,2.383369307975891,0.9729516302531309,0.9049817110694451,0.9030828505254764,4
1766227265948477414,2.3782007413947204,0.4237845031715378,0.9050190730428755,0.903168416318113,4
1766227265971261832,1.1443638495433062,0.4697810975580831,0.9037593874087164,0.9031224085446585,4
1766227265991930893,0.8954892857876429,0.5714119342042806,0.9036717753113375,0.9031493684840723,4
1766227266041932092,0.9092159874192207,0.6026116785436139,0.9036732165918602,0.9031137495694748,4
1766227266141936314,1.329610161158734,0.5020510571644673,0.9039351071607006,0.9029948814972532,4
1766227266171070331,1.480148374915502,0.42680979518842077,0.9040212379287014,0.9029920141722932,4
1766227266191928437,0.5733561651271035,0.5921334500100232,0.9033819341465161,0.9031719980610372,4
1766227266241943242,0.8385465126621305,0.5742044301708419,0.9033057765438196,0.9028468585899767,4
1766227266266939629,0.5167999804359669,0.6838017749448037,0.9032665254298743,0.9030842171287465,4
1766227266291945904,1.1945353992772745,0.44310969771226577,0.9038409337363931,0.9030905566786965,4
1766227266349032164,0.35033501700609815,0.6135078178574759,0.9031705013566057,0.9031901935370408,4
1766227266373263072,0.6477405676934556,0.7271678390570813,0.9034834151627897,0.9031396369361463,4
1766227266466994169,0.580393738110474,0.587799608088924,0.9033067298993323,0.9030836057326548,4
1766227266491947896,2.856780352089916,0.6550298028458371,0.9053705339113026,0.9030459910347749,4
1766227266541940800,1.2979339828670389,0.47322567429082557,0.9038194728245155,0.9029321056240429,4
1766227266566954679,0.7811197006423187,0.648396990930857,0.9035029758890221,0.9030469263175658,4
1766227266591943432,2.5647483883538547,0.6663952182541872,0.9051726645666995,0.9031394562258971,4
1766227266666952179,1.0442111864948922,0.46186777790693145,0.9036809961616927,0.9030719456450698,4
1766227266691941492,2.0213138388706087,0.7226204461907358,0.9045601387304865,0.9029973343542123,4
1766227266766949909,1.3909615090801353,0.395627016186796,0.9039111156270767,0.9029689595452639,4
1766227266791937850,2.7257689464648127,0.4907496141314179,0.9052941808915098,0.9031698748902307,4
1766227266841924492,1.5255640288027728,0.407479418799238,0.9041159769615308,0.9030572536660911,4
1766227266866945475,1.572881618224109,0.37870756895242447,0.9041902829586189,0.9031103831983036,4
1766227266891939878,1.400675980674282,0.3505591730813893,0.9040277230544803,0.9031423149347556,4
1766227266966948033,1.5187475581224241,0.34898831434529287,0.903907183065135,0.9029112975044505,4
1766227266991959589,1.9513541448471505,0.9030498927661238,0.9047163811399096,0.9031965160453972,4
1766227267041933477,0.5248852432618856,0.6903146181514475,0.9033614755010246,0.9031600474102547,4
1766227267141935495,0.9002207651966909,0.3982596008735409,0.903705182047135,0.9032736338404702,4
1766227267191948075,1.3935831769891216,0.4528991725630848,0.9041453135789058,0.9031604600035673,4
1766227267241935318,1.3327619652452327,0.4087723949818421,0.9039452312510613,0.9030821726137103,4
1766227267266937416,0.5493731251219325,0.6641791875667621,0.9033128736106009,0.9030949018282423,4
1766227267341927518,0.2138379236169552,0.711072709392446,0.9030333425068914,0.9031459185459089,4
1766227267391938044,2.5130172070061407,0.5774771169516114,0.9051474497175588,0.9031705235279904,4
1766227267466931713,1.208078037448157,0.5210904624436152,0.9040209402670109,0.9032081971444615,4
1766227267491931315,2.1968548156097167,0.6709912697938814,0.9047843525732644,0.9030687973883996,4
1766227267541942754,1.2704390128097653,0.4787114696261738,0.9037828610612952,0.9031036471478354,4
1766227267566933530,0.9851346238032299,0.6378929471664619,0.9036049157867646,0.9029535919110251,4
1766227267591936349,2.9078761487052462,0.8424668083106487,0.9053429514276725,0.903068536829082,4
1766227267641929463,0.2769687598576098,0.8251944374023793,0.90301747166037,0.9029965493661298,4
1766227267666932983,1.078407553840477,0.5181261945255343,0.9035551898729854,0.9029041571095745,4
1766227267791935325,2.5572785085452576,0.4022702962684425,0.9051073294125483,0.9031452576116764,4
1766227267841929090,1.600984140817996,0.37686807165307445,0.9042534267166747,0.9031027136608611,4
1766227267866936207,0.5825380360156007,0.8286129624424883,0.9033062346551454,0.9030084441299017,4
1766227267891936140,1.4359053300991853,0.34621114198249187,0.9040841132028827,0.9031377520793089,4
1766227267941947338,1.6607537227054658,0.2861535267452547,0.9041223411231912,0.9029729694012897,4
1766227267966931201,1.5295700291925174,0.38857599763996353,0.9040045679297988,0.90293409711813,4
1766227268041938435,1.3394054409785472,0.44739244391323385,0.904013277261558,0.9031140719946584,4
1766227268066947776,1.5244276849986083,0.32062912903197893,0.9041609298477729,0.9031427770775351,4
1766227268141945382,0.6661772857768922,0.531587786514189,0.9033436765302826,0.9030824042713365,4
1766227268191936893,3.324153840832511,0.8431653088243197,0.9057424857877981,0.9031203359604979,4
1766227268241936539,0.611859277067528,0.5680303144578184,0.903377849986544,0.9031369680207817,4
1766227268266954446,0.958398291570628,0.4926926033221975,0.9035613379694655,0.9030420922697571,4
1766227268341939088,1.046476664174345,0.4611617253546542,0.9036273543706846,0.9030810382020467,4
1766227268391953632,3.859847389889537,0.8716277960223561,0.9060448266839743,0.9029374693672468,4
1766227268441939712,1.4927899395026367,0.3552414003576003,0.9039967882178528,0.9029866959797987,4
1766227268466937682,0.7562631891396832,0.6192434223883043,0.9033442982162981,0.9029414078341569,4
1766227268491937876,3.467261640558883,0.6089073291108162,0.9057818674598634,0.9029843561200097,4
1766227268541947821,1.228271250927282,0.43433930570043433,0.9037472049354823,0.902996670438394,4
1766227268566936944,1.549366116220141,0.4268576757108815,0.90401807038577,0.9030428180847369,4
1766227268591999204,4.1478948429229945,1.2582372623494826,0.9063401798408285,0.9030946643374157,4
1766227268641937185,1.3427649109200024,0.39997991746648665,0.9040314237631003,0.9031824376309292,4
1766227268667873248,1.0127122624228324,0.5062434410176827,0.9035434503666543,0.9030622738353169,4
1766227268691945968,2.236662263966238,0.8926963882603407,0.9049460683385894,0.9031851341606666,4
1766227268741948069,2.5616283691937136,0.825604850905301,0.9051108026421997,0.9030565542656096,4
1766227268791942916,0.10064862667757968,0.9254106202772752,0.9029849863063375,0.9031246175510991,4
1766227268841938765,0.8898460810073949,0.569679259897538,0.903495759588595,0.9030356122177412,4
1766227268891936137,2.578909125878326,0.6326951802500651,0.9052432058277785,0.9032207164951344,4
1766227268941947254,1.5933892610604516,0.5200575579330992,0.9042633458505008,0.9030727076546654,4
1766227268966953880,1.1650348120730847,0.448009876056833,0.9038033069537036,0.9031651083209812,4
1766227268991963992,2.0243233569481323,0.6195378015648881,0.904554329879022,0.9029405364208014,4
1766227269041942108,1.54491733375961,0.39318578890772865,0.9041023736600119,0.9029957006627165,4
1766227269066956889,1.60889976607681,0.3235072733950369,0.9042296000139263,0.9031356574607076,4
1766227269141948634,0.8413747904331137,0.5763779075387941,0.9035193322327024,0.9031106344828255,4
1766227269192108461,3.1305103789232014,0.848979394687272,0.9056422048331987,0.9032005196943437,4
1766227269241940021,0.8909237156500271,0.5304735341260969,0.9034885397896325,0.9029860383924216,4
1766227269274563448,1.5956232704386064,0.42934500675086235,0.9041315800058971,0.9029687915997947,4
1766227269291941160,2.988875561596882,0.8412867577506036,0.9055504784953914,0.9031737360473321,4
1766227269341940285,0.6973268007631761,0.6230630962868393,0.9034424576328733,0.9031030066980499,4
1766227269366944897,1.2032718779773077,0.525744702628392,0.903731341316407,0.9029058237849156,4
1766227269441941952,1.1784446464540022,0.46932716909204036,0.9037958398055883,0.9030365878018755,4
1766227269466953376,1.382298614960753,0.4074342902789736,0.9039007277693154,0.9029900305900755,4
1766227269491952588,2.872697970555782,0.47556719803028913,0.9053140742028015,0.9029822269448416,4
1766227269541939119,0.5672925809364626,0.5870879524523811,0.9031913148518985,0.9030853398882858,4
1766227269566942459,1.1626514846410085,0.5018614415087831,0.9036906039769829,0.9029503909700674,4
1766227269591945568,3.5772963964596505,1.1485732285985009,0.905929645859909,0.9030831858497211,4
1766227269641956716,1.0254296959358866,0.4536520625920917,0.903706097051997,0.9031552929658779,4
1766227269666937874,0.5426851081204997,0.6271046780351236,0.9031745116359309,0.9029795993129804,4
1766227269691940231,2.819728257734022,0.7213057821850892,0.9051905006844743,0.9029510797110135,4
1766227269766951483,1.2052400144753062,0.3876320214897396,0.9037557589535121,0.9030331794411234,4
1766227269791954101,2.8680317613114514,0.6760539492524641,0.9054138390887275,0.9031317337852068,4
1766227269841957614,1.5249513880897236,0.40044402242589466,0.9041923036063306,0.90311819466431,4
1766227269866959581,1.5220519317652448,0.29105168908379114,0.9041241159706526,0.9031216876989817,4
1766227269891960356,3.600848941423429,0.7855667573857091,0.9060437684561791,0.9031353944070802,4
1766227269941953279,1.2739906339944707,0.42315419619165334,0.9037423156698386,0.9030062440449057,4
1766227269991961892,2.2099556007127985,0.829388220939126,0.904775042494554,0.9030369021250569,4
1766227270041937894,0.5038180396504943,0.5564644505902077,0.9031633668214177,0.9030816450703931,4
1766227270091959270,3.276421779393135,0.8092086228316114,0.9056246101476116,0.9029817689036921,4
1766227270141950681,1.2214761745855673,0.5170917039547769,0.9039030702498608,0.9030843925339507,4
1766227270166948941,0.691480919657872,0.5491763024106017,0.9031972421167582,0.9030444762026127,4
1766227270191957080,3.3847959303074937,0.7672138256808549,0.905710247251439,0.9029655871926123,4
1766227270241957387,0.9090002172909006,0.5334293883108607,0.9035044496597404,0.9030564073102997,4
1766227270266961037,0.9325328511632369,0.6050197852838026,0.9034652099499879,0.9029884312330686,4
1766227270291969486,3.089676531734087,0.5155016985344487,0.905571085820321,0.9031381193597721,4
1766227270341951128,0.9234525053447573,0.4918640745377582,0.9034501022476417,0.9029667619108689,4
1766227270441959497,0.9143019276860453,0.517117793019978,0.9034699646811729,0.9029697325916183,4
1766227270466966884,0.3947386720737356,0.6914912352992187,0.9031131498996556,0.9030830480272093,4
1766227270492078407,3.5444373187216716,1.1890394287807322,0.9058383237533566,0.9030467122325446,4
1766227270566948883,1.875621907576508,0.3423039010034034,0.9042735636570056,0.9029606613649171,4
1766227270591956581,2.588567464847369,0.8770180967749284,0.9051288591779673,0.9030402808115641,4
1766227270641949163,0.37048717297272216,0.6770366026632428,0.9031956991503741,0.903146207766972,4
1766227270666950970,0.9831052131894502,0.5093640306631916,0.9035553529362912,0.9029703532502421,4
1766227270741945419,1.4718709402182784,0.4290078147215291,0.9039831236328766,0.9030027455297108,4
1766227270766950973,0.9906799411594225,0.4884484390279929,0.9035287859603831,0.9029439768208614,4
1766227270791961336,2.2635235794165043,0.7238584119106302,0.9049602777714544,0.9031907179385447,4
1766227270841944170,1.3706193402683864,0.3515232600376503,0.9038737937072631,0.9030484529905879,4
1766227270866952869,0.8162897569303773,0.5561475970639052,0.903536581304177,0.9031294742192649,4
1766227270891967650,3.6312862571632465,0.9636803482299673,0.9059241313569935,0.9030242439751368,4
1766227270941944293,1.4353763060598324,0.3987224731864904,0.9039867643774754,0.9030095340418772,4
1766227270966952071,1.4662865842292039,0.39759022805883365,0.9039713281282208,0.9029486161388965,4
1766227270991994374,3.2013547134348563,0.7082755642036206,0.9055549448943011,0.9030042824626555,4
1766227271066958276,0.6228054660298854,0.6901555698228785,0.9032713025992891,0.9029584737725983,4
1766227271091964621,2.5769130759462078,0.5043759062734654,0.9051224404097198,0.9030920057277266,4
1766227271141963305,1.6246651320206418,0.41016008668850523,0.9042895258848987,0.9031123469782629,4
1766227271241961214,1.710456496681001,0.2651925466512862,0.9044150204727125,0.9032216572303297,4
1766227271266961297,1.2319839646088848,0.5083003316638419,0.9038978727153952,0.9030732023343477,4
1766227271291969766,2.613712494329956,0.8396683965921103,0.905183757423906,0.9030300724784032,4
1766227271366956460,0.4129980263534172,0.7423048538531369,0.9032122147929293,0.9030922785768334,4
1766227271392028469,3.150154838838626,0.6003748106038642,0.9056007793423745,0.9030570076945971,4
1766227271441953535,0.9291968763224245,0.5347765572533038,0.9034899294780664,0.902956146502467,4
1766227271466943739,0.8976900462328574,0.4602604891827121,0.9036253436668122,0.9031997278828329,4
1766227271492047758,2.9416813819759247,1.3218055287577928,0.9054498321931364,0.9031367962649318,4
1766227271566967887,1.3451514404095866,0.4650936584180861,0.9038558261828624,0.9030110223855469,4
1766227271594609698,4.29246080904655,1.22485068056182,0.9063347115628467,0.9029716138634051,4
1766227271666964033,0.6964528918862456,0.5728443079219617,0.9033234223925698,0.9030349086647472,4
1766227271692039728,3.2342098063203872,0.5592504329337328,0.905675427159136,0.9030947363053229,4
1766227271741963191,0.8031356140548729,0.695244943855354,0.9034473232690762,0.9029638077768672,4
1766227271766964787,1.3790690498469704,0.4305290429385302,0.9040768170832889,0.903151068291654,4
1766227271791970050,2.663534702595838,0.6724195587596622,0.905108108831151,0.902939466324867,4
1766227271841950279,0.8546360855146151,0.44695588015202,0.903467677363411,0.9031084691804628,4
1766227271866953158,0.9460091297160966,0.5257046726240037,0.9035961989786692,0.9031218212362773,4
1766227271892311625,3.6872572358468414,0.9172823132259776,0.9060419639569398,0.9030514206475272,4
1766227271941963877,1.0226929132693963,0.5842245329945043,0.9036645734924181,0.9030092831327774,4
1766227271966963520,0.821692450518885,0.5299867364541305,0.9034908027228451,0.9030950504777762,4
1766227271991969925,3.1476325898079915,0.9162929002076825,0.9055409577630672,0.9030633222899551,4
1766227272041954232,1.1256287694128009,0.4495331825464721,0.9036820961604333,0.9031062483459907,4
1766227272066948364,1.1872547884961282,0.5279515192309286,0.9038384323719499,0.9030309850084824,4
1766227272091957755,3.180333177902117,0.6666691704316379,0.9054793983064797,0.9030061215302,4
1766227272141957250,0.7623577846715968,0.49675410509422036,0.90344592364326,0.9030858658178491,4
1766227272166962233,1.5205003358249591,0.4013045504446472,0.9039782687894052,0.9030222175020276,4
1766227272191981282,3.5317817050911637,1.1287076314820341,0.9057626798962425,0.9029663046248622,4
1766227272241964336,2.50805364226081,0.5705111232937568,0.9050725272156734,0.9030797923185675,4
1766227272266951946,3.552578645002802,1.198604156387752,0.9060600130976032,0.9031948871991966,4
1766227272291954995,3.4361648189354943,1.2533607347718672,0.9058096196286437,0.9031383546864942,4
1766227272342825598,2.4738708239595564,0.781315590127793,0.9050617559128618,0.9030859260270875,4
1766227272367086842,3.148374711084312,1.037724805016156,0.9056803511458127,0.9031882823599193,4
1766227272441960143,1.4519712160606657,0.45014847803732333,0.9041048363425902,0.9030763571158147,4
1766227272491965640,3.286613278805972,0.7648505558796401,0.9056935673842449,0.9030611924394851,4
1766227272566962373,0.48626423701148,0.5908434300450978,0.9031555911298378,0.9030978199595613,4
1766227272591968307,2.54682283371388,0.5768576630569258,0.9052143696095145,0.9032433985019303,4
1766227272641958114,1.335085538654357,0.5231477939602246,0.9036962767778276,0.9029245346641962,4
1766227272666963147,0.4212231390200438,0.563563854884436,0.9032938888449195,0.9032481751715128,4
1766227272692053510,2.4435055529953287,0.9378444290682648,0.9050973246818358,0.9031845425116433,4
1766227272741967294,1.2047173888035667,0.3955024870438995,0.903837972753492,0.9030809418640136,4
1766227272766969291,1.310075327610738,0.41317404017910986,0.903831902027413,0.9029835743623053,4
1766227272841971705,1.0019517398808242,0.6612906171559138,0.9036882987916232,0.9030200941287077,4
1766227272866958363,0.43694202054356257,0.7216181122983567,0.9032843419144646,0.9031558591056128,4
1766227272941964273,0.9269898125212617,0.5289036995588947,0.9035714929993484,0.9030517198521568,4
1766227272991959661,3.907883302739945,0.6649915060752666,0.9060824523791503,0.9030267162666897,4
1766227273192048132,2.2429507275617544,0.9833697302289697,0.904757236129094,0.9029959721388543,4
1766227273242058227,1.6891913085819166,0.25202284791220014,0.9042897566778098,0.9031509928732744,4
1766227273266976937,3.044587187002845,0.7380129903106957,0.905559822596082,0.9031690228288393,4
1766227273291972602,3.4828773008448444,0.8970936072355863,0.9058317395790199,0.9030384404553173,4
1766227273341974381,1.4441029806274708,0.5693910371454912,0.9039489384229241,0.9028793949524255,4
1766227273441968653,1.248594296641592,0.49064160734821893,0.9038666102472556,0.9030221387232564,4
1766227273467051221,1.0846816128402548,0.5012655075690123,0.9035382469033152,0.9030038927189066,4
1766227273491971043,2.801901405686813,0.8531429955581253,0.9054082223542598,0.9031823765332498,4
1766227273542048485,0.8658843896574009,0.6337312848095377,0.9037388236692676,0.9032320855307285,4
1766227273591991804,2.664012806751326,1.1761417344880993,0.9051076028554508,0.9029837441529013,4
1766227273641970500,0.5657869176163288,0.5780393466483795,0.9032625916144029,0.9031082930908643,4
1766227273666975703,0.42009142078758277,0.6762185752536602,0.9031942943734353,0.9031036156074572,4
1766227273691979173,3.264986390167257,1.3542508995028175,0.9055787349760598,0.9029990691582399,4
1766227273791972372,3.1730903693903967,1.1651088052124037,0.9055465811764787,0.9030374771458864,4
1766227273842281740,1.3183000392058553,0.42919566578230656,0.9037861702910278,0.9029461689707018,4
1766227273866962302,1.3555458479819205,0.4311763235472233,0.9038110839006397,0.9030359962183022,4
1766227273891969248,2.7143438893644234,0.7864423926639292,0.9051418756305247,0.9030150540758679,4
1766227273991977576,3.4319205490696003,1.012741636667567,0.905943695402129,0.9032080788911293,4
1766227274041970810,1.1008229458148167,0.506642154230011,0.9037321355516537,0.9030408745591572,4
1766227274091979492,3.7406363993895964,0.9059191190884897,0.9060784572869268,0.9030521686549638,4
1766227274142081359,1.4365926148375285,0.44647011717272195,0.9039143240027755,0.9029796905752403,4
1766227274166974812,1.622208431485972,0.35981435776864007,0.9041650369334665,0.9030092613924384,4
1766227274191981658,3.360595896048868,0.851226092426993,0.9057517325867279,0.9031216641394086,4
1766227274242048540,2.063688596109281,0.20755579290230633,0.9046243077209651,0.90312202099455,4
1766227274266969554,0.9001842412562633,0.8074963489395043,0.9036292478418225,0.9030139857959457,4
1766227274291983443,2.8701960681329908,0.7231441527354102,0.9052428929784749,0.9029138518500806,4
1766227274344098115,0.0367184405100085,0.8226011522939719,0.9028293348271633,0.9030654495129876,4
1766227274391979688,3.2742565326784323,0.9699976259061985,0.9056830528431538,0.9031238153634852,4
1766227274466987943,0.8057985626758191,0.6151796728711192,0.9035329546837413,0.9030783391959492,4
1766227274491980411,2.655269238181268,0.9222401559089024,0.9053685840290233,0.9032148577578829,4
1766227274541969487,1.199651574900873,0.4890324101189222,0.9039055139105074,0.9031090477619166,4
1766227274591977778,2.4010596547970886,0.8426204178095761,0.9049857842918153,0.9030799672437344,4
1766227274642592690,1.6429002382426505,0.3511394619723273,0.9042242027304446,0.9030566568756903,4
1766227274741983827,1.2608872670961668,0.36099354358548696,0.9038783840732432,0.9031073399872824,4
1766227274766976507,0.9058578731725442,0.4956616010732346,0.9035454402499836,0.903052969346943,4
1766227274791975989,3.014217522687601,0.5943538064304208,0.9055329033957095,0.903109010695329,4
1766227274841982306,1.7244405721799083,0.3332247940820614,0.904270003846401,0.9030411105577506,4
1766227274942725676,0.4582698995022616,0.7616704404108081,0.9031577644621845,0.9030018581545317,4
1766227274966974607,0.12131574761442554,0.9045024087887754,0.9029672236924321,0.9030815767495001,4
1766227274991991872,3.362141150862308,1.1155106905640144,0.905733572462314,0.9031214740723057,4
1766227275041970147,0.6334307941147088,0.6283532790087882,0.903356926073717,0.9030658198765616,4
1766227275066944963,1.2281952414328057,0.4900430181234492,0.9038533984192803,0.9030457573585803,4
1766227275166968268,1.1873592684708,0.5075427961043458,0.9038189402342864,0.9030373539257377,4
1766227275191975826,3.5962916746227203,0.9080609819553931,0.9059459490007101,0.9030699241033495,4
1766227275241975942,1.2731758061791387,0.37148088600316187,0.903917851922251,0.9031231113254913,4
1766227275266964243,0.5424266160752866,0.6796630955843256,0.9032291975064212,0.9030287314894812,4
1766227275291974064,2.9053712982018975,1.2464504084203563,0.905417440661752,0.9031733087424773,4
1766227275343530857,1.2945652607685432,0.47909522813557404,0.9039319203861296,0.9030896118712745,4
1766227275443103445,1.4360529339768613,0.44287295234226864,0.9039393146732675,0.9029693023851441,4
1766227275491977573,2.578399974379253,0.8138326382724955,0.9051291339718075,0.9030887918520152,4
1766227275541972941,0.8706511997365052,0.6500732778650289,0.9035961476092591,0.9030746947487207,4
1766227275591976874,2.762924787868215,0.7431966284335854,0.9052499442313399,0.9030705951231928,4
1766227275642330234,0.8860039764432281,0.5011166756935858,0.9035160800528256,0.9030454408779665,4
1766227275666976993,1.5849587442555713,0.25332571383119623,0.9040625739415455,0.9030122922124139,4
1766227275691977456,3.2210263849029586,0.6738573579275855,0.9057248924421093,0.903181812799847,4
1766227275791985673,3.928965270346807,1.2253263907473169,0.906106179227539,0.9030448169346006,4
1766227275842243254,0.6828486866251593,0.6136078246482664,0.9033051688134074,0.9029900662916074,4
1766227275991981398,4.002800344500401,0.5546829565701714,0.9063075297605572,0.9031186575745153,4
1766227276042987806,1.2740956431245287,0.4859321448952717,0.9037568753045354,0.9029163185632015,4
1766227276067041630,1.011466791071558,0.5103333006994637,0.9036507388940879,0.9030372484443796,4
1766227276142410192,0.7501852227996819,0.5389849087248338,0.9034787267058952,0.9031239405941811,4
1766227276166979816,1.521908366091007,0.3824294272729673,0.9040713202514744,0.9030123884412713,4
1766227276266979607,0.9737298631862235,0.5903298412225768,0.9036129728068321,0.9030063539322946,4
1766227276291982665,2.931916537139867,0.6935854766906837,0.9054404072665637,0.9030964123916073,4
1766227276391980993,3.070727411008445,0.981350548789217,0.9055705643025181,0.9031182516883806,4
1766227276491979021,3.142817531830322,0.4870382190915641,0.9054875027422313,0.902970150288406,4
1766227276566983017,0.4145723065075435,0.6504147878703321,0.9031156522594699,0.9030625970647246,4
1766227276591981136,2.5369086898973103,0.8194652280488947,0.9050097041519414,0.9030070782446977,4
1766227276642191047,0.5377301935691747,0.5651277442067826,0.9031682235850452,0.9030344930661437,4
1766227276666976676,1.4105591694603126,0.4047814915330576,0.90414676454639,0.9031716990968638,4
1766227276691995354,2.585496710780122,0.8016223290083776,0.905123758151851,0.9030941775117551,4
1766227276742738557,1.4066990159808945,0.343249749383782,0.9040470781240406,0.9031480327728291,4
1766227276792515734,2.9737954786006604,0.7664510046347384,0.9054701665376597,0.9031132554506154,4
1766227276847657847,1.2234232924094313,0.4199026182872373,0.9039308455946193,0.903199281458122,4
1766227276943332877,1.550281023915634,0.40430205809189845,0.9041233575740358,0.9030319465653763,4
1766227276991982694,2.4729511810175353,0.8441398944639884,0.9049262103542274,0.9029693479213212,4
1766227277043115540,1.2578096088337043,0.42347723351854094,0.9036643162411774,0.902904740173807,4
1766227277066976992,1.2092317782519402,0.514862364363454,0.9038077473871942,0.9030665516195941,4
1766227277091976834,2.9266571759914983,0.21624193048171342,0.9053713701060189,0.9031391260539854,4
1766227277142988292,1.046157759681532,0.48349930230160276,0.9038474339349877,0.9032166883230328,4
1766227277166976452,1.37833418974731,0.49732345015740864,0.9040007920404808,0.9030203356397765,4
1766227277242642523,0.7201869328218313,0.5871183863759059,0.9033882503532996,0.903063632979394,4
1766227277266988095,1.321158571299219,0.32910403506478086,0.9039162607988673,0.9031120361068722,4
1766227277291994370,2.7337810695409193,0.9292848976151898,0.9052820122292496,0.9031113459768693,4
1766227277343713107,1.0081654693061548,0.568211194083168,0.9036385050086785,0.9030000213655832,4
1766227277391981226,3.5744653398454007,0.5493429166418463,0.9058802223854492,0.9030575693163254,4
1766227277443025685,0.4083060979177544,0.6283518782401034,0.9031912326048176,0.903145058865983,4
1766227277466994810,0.96468243433534,0.4353978732276298,0.9036007660892841,0.9031023768975128,4
1766227277525448729,2.465921233773649,0.8652521554340891,0.9050500706944369,0.9030845473369623,4
1766227277566990533,0.49595681582259576,0.6650358388754303,0.9032089394176082,0.9030467903218975,4
1766227277591988512,5.033492380494775,2.0327280103324012,0.9068762391825572,0.9032428274649626,4
1766227277643839247,0.9505737500914435,0.4955701095400068,0.9034619417781696,0.9029838765396708,4
1766227277666982408,0.9987176054837565,0.5318443833778066,0.9037259471662241,0.9031469928758954,4
1766227277691983904,3.9109653003756017,0.9373723486768487,0.9061599532656793,0.9030852724696435,4
1766227277766979153,0.9811551698996057,0.5585290690660996,0.9036002455997052,0.9030039842108435,4
1766227277791981090,2.8751118198688808,0.7002362233467916,0.9053489320660503,0.9030891077701017,4
1766227277843382209,1.215598479464286,0.47469366632298027,0.9037661226210996,0.9029578690276616,4
1766227277891985389,3.1929552155530727,1.0019444779083275,0.9055890846967347,0.9030929652399805,4
1766227277967350173,2.7494549402734547,0.7767352989833114,0.9053395123012654,0.9031350621984092,4
1766227278066992722,1.699719381728415,0.2611898903350024,0.9042029229123442,0.903064881372273,4
1766227278143158612,0.8232967179532258,0.5713339817346593,0.903595367279842,0.9031512427337526,4
1766227278166978426,0.9560469387280834,0.37524084397321533,0.9035423609636052,0.9030839613924415,4
1766227278191978669,6.844079598339103,3.5442203096513576,0.9069850567185087,0.9030830030382145,4
1766227278243514121,1.1639211343251743,0.4409565643500127,0.9037272780432775,0.903043215941178,4
1766227278266981152,1.3085007873192556,0.5076199311370657,0.9039115151224619,0.9030069175527515,4
1766227278291993638,3.463594232145817,0.8225554296103476,0.9057125822426225,0.9029574070911838,4
1766227278343397853,1.2250342545370163,0.4585698127694348,0.9038737693125893,0.9030763367942928,4
1766227278366985711,0.5482423277151094,0.652599090511676,0.9031457816228032,0.9030099427984177,4
1766227278392938335,0.4680697503770537,0.6230273542403387,0.9031457816228032,0.9030905298148426,4
1766227278466985491,1.494775262375403,0.3752681047415237,0.9039963433023274,0.9030296807183961,4
1766227278491986987,2.7642031017665047,0.5365312928945735,0.9051437067336774,0.9029790687656085,4
1766227278543468077,1.2220298334231217,0.38295329223274865,0.9039018346893563,0.9031415006052117,4
1766227278566993637,1.0682672190599485,0.470170739565003,0.9036917200968572,0.9030365621329858,4
1766227278666989891,3.361451569358631,0.8603537609384048,0.905714817581665,0.9029892991457725,4
1766227278692021192,2.143188929159545,0.6369971242725647,0.9047314952517179,0.903041705742998,4
1766227278766981536,0.779458388402654,0.5099718952553622,0.9034781619733475,0.9031425233151801,4
1766227278791982039,4.101103598838307,0.8067298071416821,0.9063911619186864,0.9031143719200132,4
1766227278892082229,4.319317184678928,0.5693480645211378,0.9064403114237841,0.9029568343319034,4
1766227278943811134,1.0271355569858587,0.45613968194935106,0.9036753348709381,0.9030869560984176,4
1766227278966999962,0.4105614518536971,0.6761337636478709,0.9031715424616104,0.903114673386791,4
1766227278992454008,4.47819401711802,1.6164144910180887,0.9066133638296556,0.9031593833054432,4
1766227279043933896,0.9790199154008361,0.6111302282581975,0.9036651922510196,0.9030356754110703,4
1766227279066994803,1.1507022709497106,0.49168414694841595,0.903772985933394,0.9030419129672403,4
1766227279092038758,3.3571514108121647,1.1155620859450925,0.9057623457647818,0.9030158652301365,4
1766227279144559072,1.3118003064792605,0.45195182930201233,0.9038270285705848,0.9029787407109605,4
1766227279192101737,5.340856772705682,2.043593538820083,0.9070185449036055,0.9030667084751449,4
1766227279244870288,0.4089440602955685,0.6532621072777115,0.9032253737927037,0.9031625869584757,4
1766227279266988913,0.5477795767572236,0.7060238247354897,0.9033103947904821,0.9030693506167525,4
1766227279292014684,4.093824775241672,1.04186396929666,0.9063644148236913,0.9031037328949999,4
1766227279367002208,0.3449158661357199,0.7243088591584977,0.9031301858847841,0.9031020174628566,4
1766227279391990309,3.174162595155239,1.1599460540948232,0.905596552911408,0.9030762406376407,4
1766227279443542602,0.6764871347441082,0.569758515432799,0.903297558792217,0.9030021968979658,4
1766227279466985467,1.0986418422177513,0.4131186587758684,0.9036705660517874,0.9030352140252802,4
1766227279492136474,3.17432501343895,0.8867291391551398,0.9057167081880209,0.9032200313660989,4
1766227279567010475,0.5311757182526744,0.5494398957454286,0.9031894854220156,0.9030940375174249,4
1766227279592016408,2.3472246593626567,0.6722906081322477,0.9050356349145652,0.9032178374709895,4
1766227279692033992,2.0868835288214704,0.8029830405166437,0.9046411642461761,0.9030266665176399,4
1766227279850507639,1.2423486449731902,0.4787802254012724,0.9037718219267219,0.9030239996702242,4
1766227279867021918,2.454285492194508,0.733824547810746,0.9048927066535732,0.9029351077542095,4
1766227279892047007,3.052432928430715,0.40336942712328905,0.9055311352410499,0.9031241674422685,4
1766227279966995027,0.8777309005532086,0.5345495151645839,0.9034357151683134,0.902959567944773,4
1766227279992089508,3.257302267713369,1.022413322981487,0.905478293989147,0.9029011712233052,4
1766227280043768890,1.2120473524809272,0.5379742452245476,0.9037959242410906,0.9030934712909554,4
1766227280067001630,1.3711755907755974,0.4022632397790424,0.9039597780010934,0.9030861800919467,4
1766227280092006131,4.0964505602190115,0.9763502875199869,0.9063572670777157,0.9031344973961346,4
1766227280166990580,1.422661958804916,0.3049513888405938,0.9040058838866889,0.9031088359739169,4
1766227280192048421,2.559449237780176,1.1215736655630941,0.9050486886832754,0.9030500118619611,4
1766227280244174293,1.0031261891072507,0.484340173679006,0.903654896473565,0.903106746596697,4
1766227280393346091,2.7429995885738245,1.185178427623217,0.905255272579327,0.903103915308382,4
1766227280444333613,1.05003922093716,0.506108291105467,0.9036182330543889,0.9029664504582031,4
1766227280466990741,0.9825730116458375,0.5381698201727418,0.9035395434357825,0.9029504524443139,4
1766227280566998345,0.8101837256568878,0.5845877899322934,0.9035055758493864,0.9030894342047828,4
1766227280592028855,3.9405770630935866,1.2446841724775626,0.90615652819341,0.9030933388037393,4
1766227280644173232,1.7151921026701267,0.3564692136542157,0.9040806793620031,0.9029057778930135,4
1766227280667010458,0.9507562799656588,0.5254174264769322,0.9035249267509238,0.9030040175319995,4
1766227280692015931,0.8699607912329155,0.5498570074983821,0.9035249267509238,0.9030842577155012,4
1766227280725407631,0.8540642171339652,0.45486271928700783,0.9035756823638386,0.9031572003495226,4
1766227280767001922,0.6355834699817153,0.5547781690784583,0.9033034426387112,0.9030882444282896,4
1766227280792000372,3.017114662895115,0.9464176784605729,0.9055638218789679,0.9031755011963338,4
1766227280844416850,1.1310846224769078,0.6177212212218023,0.9035450563069226,0.9029448367012924,4
1766227280867013384,0.6727481858043172,0.6153172584180516,0.9033281587244146,0.9030108268232467,4
1766227280892161264,3.399974043752696,0.766147509806981,0.9057516443036157,0.9030605131726961,4
1766227280992001624,3.1559618954128954,0.7203093944704564,0.9055321579394747,0.9030346950236188,4
1766227281066996222,1.9677993561648677,0.18534384317871927,0.904433925242383,0.9030358928436889,4
1766227281091995723,3.9141286409984932,0.9820662547772215,0.906058336116622,0.9029254711299679,4
1766227281167185267,0.7249610644148863,0.596565157665552,0.9033502810815255,0.9030404357405497,4
1766227281192492517,3.1339000945959095,0.6612448215947487,0.9056213684731057,0.9031383642083038,4
1766227281225976410,1.4844529446792487,0.4139082690802544,0.9039203697718511,0.9029136947017117,4
1766227281266992875,1.1874329299993436,0.40377137487401077,0.9037019018789052,0.9029690181288524,4
1766227281292373694,5.906994811125887,2.1388056558020225,0.9073623736410729,0.9031091370734261,4
1766227281344485028,1.3368939700789673,0.39834595904971765,0.9038728604100004,0.9031075574450298,4
1766227281445882616,0.35471966595523874,0.6118918253367848,0.9030009244085553,0.9031030365432235,4
1766227281467001972,1.1033665719666352,0.4212019702208291,0.9036814470923872,0.9030707725115342,4
1766227281544895209,1.440716155284405,0.6408644468060898,0.9037109826642324,0.902968130677326,4
1766227281567013544,0.8776815512446801,0.4302499227281854,0.9035646780727765,0.903161001348998,4
1766227281592028294,2.789891092858321,0.8216068986541212,0.9052384225485928,0.9030918906280951,4
1766227281624753851,0.8460577443257788,0.43199329369862005,0.903534589170634,0.9031100902892172,4
1766227281667005979,0.5864020430795813,0.7581808588604233,0.9032592661090605,0.9029706184228685,4
1766227281792066986,2.837575490731714,0.8534006437971949,0.9052417671479682,0.9030122853829231,4
1766227281845180084,0.3252870447468803,0.8017743176675889,0.9030243600079032,0.9029728350371845,4
1766227281945639067,3.6086416272672617,1.1778827651076906,0.9058685628400762,0.9030325951981892,4
1766227281967002272,3.9032368736435785,1.003328572874314,0.9062382745515961,0.9031281650025585,4
1766227281992063960,2.2236893255863643,1.231178361839091,0.9048129621030278,0.9030759781924639,4
1766227282025393012,0.02171154144137155,1.0576858596206171,0.9029044026450239,0.9030916754824514,4
1766227282067003845,0.5970426327573941,0.7064984628525179,0.9033605280145831,0.9030749965430371,4
1766227282166996290,0.8365117236167618,0.6624563758805216,0.9035480644813529,0.903048493091174,4
1766227282192249519,3.133248707319569,0.7005030199973,0.9055158806391144,0.9030302220864098,4
1766227282245420515,1.0536410844812494,0.35787868093116526,0.9036445061837256,0.9030809930805395,4
1766227282266999015,1.0672172618476639,0.3731316441537585,0.9037775213349182,0.9031875244936459,4
1766227282292013024,2.646539844525231,0.6734310586401928,0.9051805592823948,0.9031153127348623,4
1766227282345933500,1.1952874705620786,0.3695665744533813,0.9038516438052848,0.903152001898266,4
1766227282492027480,3.6555505345947648,0.6860067704578005,0.9058091863350753,0.9029014133923021,4
1766227282546903743,1.1836222894250348,0.43522213927836373,0.9039102619387545,0.9031579937239351,4
1766227282592042558,2.282621312457267,0.526443285859193,0.9047909344371543,0.9030227569998296,4
1766227282645559715,1.4641866577409512,0.39754960369472947,0.9038596346239699,0.9029123666316677,4
1766227282692246150,3.391829858759632,0.5636408737584905,0.9056487173025057,0.9029753756112399,4
1766227282745409813,0.6216639030883764,0.6437957814525379,0.9032257234247524,0.9029543800741868,4
1766227282767004433,0.3211101215612189,0.7891052299614048,0.9029865534483545,0.902949184458486,4
1766227282792010958,3.7256094116947525,1.2535041818792811,0.9060011269987968,0.9030865617393435,4
1766227282845150195,1.918825227101184,0.22104318127252642,0.9044182605021477,0.9030419821206933,4
1766227283044926854,0.6354364295244608,0.658601890260201,0.9033182019484991,0.9030237585280397,4
1766227283067005734,1.2212206663824166,0.45663352393181433,0.9039303774510417,0.9031410800207531,4
1766227283092070739,3.4919399425594744,0.7519743981872843,0.9058526714570967,0.9030691842811952,4
1766227283167015312,3.820169368862647,1.1848776983530904,0.9059235167849515,0.9028088587515082,4
1766227283192105153,2.780163496575505,0.3963103032718489,0.9052658844688944,0.9030261938890245,4
1766227283245477889,0.5248490621629909,0.6672079159013778,0.9031988071806483,0.9030660977784551,4
1766227283267011524,1.5222420945484316,0.48732227630778485,0.904242917630636,0.9031384712379924,4
1766227283292024661,2.7001683991331182,1.211983818261178,0.9052636086537803,0.9031401399342531,4
1766227283345271841,0.5062632233920894,0.650957132244552,0.9032092924236473,0.9030702444479248,4
1766227283367005422,1.2031702244558184,0.5160273637226838,0.9038222737600589,0.9030204280110037,4
1766227283392010915,1.0939037090680337,0.511303543270643,0.9038222737600589,0.903129175596633,4
1766227283442002794,1.121289806969572,0.5053945232824991,0.9036401116555314,0.903008379676178,4
1766227283467007836,0.8550681467640597,0.5032838210501414,0.9035100647900964,0.9030909681423409,4
1766227283545640382,0.9353011324639837,0.5444062255480027,0.9035780382437958,0.9030284666663226,4
1766227283646792087,1.1633544798684836,0.4985790994821997,0.903628576316544,0.9030382657389255,4
1766227283746306663,2.0521091182116313,0.4130292422342853,0.9045379967971411,0.9029868210342266,4
1766227283767099756,2.8225639205397,0.5699045717572924,0.9051517223671967,0.9029168396034861,4
1766227283892021852,3.1752771876917274,0.9330757822260257,0.9056280157897632,0.9031126383732558,4
1766227283945625051,0.8949793039148002,0.5740462604452835,0.9035542701244331,0.9030514588011141,4
1766227283992012413,2.6617010925105156,0.6194941403535826,0.9050409511391447,0.902931536150765,4
1766227284067006299,1.5926173670020027,0.2985111707595248,0.904235132477182,0.9031333811083705,4
1766227284092010018,5.234090864653096,2.1041771448339253,0.9069411757663343,0.9031395144754197,4
1766227284145749593,0.6813291749555583,0.5589667951021007,0.9033205150484178,0.9031065108677322,4
1766227284167016617,6.904444220701467,2.8667321261245906,0.9075115807829162,0.9030284902668507,4
1766227284292086219,3.5764202280093027,1.3461368848102093,0.9057212249976554,0.9029438179998848,4
1766227284342025720,0.9459240085890608,0.5550457711068022,0.9034925322633499,0.9029364235752485,4
1766227284392012740,2.1034179668358854,0.3460791022909017,0.9046311708445215,0.9030140474467415,4
1766227284446047911,0.744086376034403,0.7613866768045641,0.9033949814312866,0.9029540784940783,4
1766227284467051871,2.28251386866285,0.3590114318595508,0.9047821852325535,0.9030501558304757,4
1766227284492735959,0.5136339782877419,0.591044436155663,0.9031564853652324,0.9031003075830643,4
1766227284542007925,0.848217273995755,0.7364956533954645,0.9035035260698309,0.9029599682559938,4
1766227284646560463,0.8484228395586602,0.6820164671482936,0.9034327419944099,0.9029117850003795,4
1766227284667029406,0.6430608328075182,0.6891746960032541,0.9032667217135485,0.902940451904155,4
1766227284746377027,1.6202947249829291,0.3578828372036862,0.9042074695263032,0.9030724941150532,4
1766227284767021030,2.065500875060966,0.22098244390953334,0.9045853616417745,0.9030821165850318,4
1766227284792308332,2.1371052645422495,0.22130673353607985,0.9045853616417745,0.9030107864212831,4
1766227284842020936,0.7147900971921084,0.5782743251338007,0.9033841430309069,0.9030786162799187,4
1766227284867018875,1.600862600984021,0.37488218313084526,0.9042328683756232,0.9031076611736064,4
1766227284967023131,2.6416583769807156,0.3015783107567014,0.905115395254895,0.9030961100042092,4
1766227285048251007,3.509407413419652,1.1264966022950016,0.9057903569659517,0.9030262776718382,4
1766227285067616817,2.6846970588727537,0.746648577390569,0.9052061180009205,0.9030411293535539,4
1766227285142035811,1.139228970765127,0.46964617362686284,0.9037016105482694,0.9030089940794036,4
1766227285167095445,2.886514353030556,0.5105114364435914,0.9054284998009259,0.9031753304707921,4
1766227285192955495,3.3751459177883136,0.4594773184573384,0.9056874065533845,0.9030193402438643,4
1766227285225108525,2.115430326254719,0.8922826321542926,0.9048242254405664,0.9031708035963162,4
1766227285292028440,2.2240524963956787,0.745658904206297,0.9048658351526657,0.903121471536783,4
1766227285342013346,1.3092059227046704,0.4369510177137054,0.9038112493930027,0.9030408866851701,4
1766227285367086456,2.6229515418692007,0.3284188479910404,0.9051127869351819,0.9030882302256795,4
1766227285446378322,1.772721603956695,0.5172144530986278,0.9042530031387503,0.902891225500249,4
1766227285467036491,0.8885979271107125,0.5871963300355787,0.9034696063456198,0.9029555772461435,4
1766227285492065938,0.7363393090658032,0.5850662229093592,0.9034696063456198,0.9031072506128028,4
1766227285592030721,2.552774906216748,0.6452534740891799,0.9051093724480979,0.9031348343758688,4
1766227285742040693,1.0243035085929497,0.434253019680061,0.903595998466178,0.9030288274032107,4
1766227285792044204,2.628539830709653,0.48097150012321715,0.905103682500673,0.9030090874288494,4
1766227285842023499,1.0902268315887698,0.5288368550867496,0.9037685990511813,0.9030618375201339,4
1766227285867017129,2.0662118165584165,0.595944175978094,0.9046708015389608,0.9031384968887448,4
1766227285892533102,2.0662118165584165,0.595944175978094,0.9046708015389608,0.9031384968887448,4
1766227285925608075,2.4187631757288663,0.28894907153792126,0.9048886918067348,0.9030467542870327,4
1766227285967362958,5.87917235027402,2.2203507245244127,0.9074250105913803,0.9031402156855302,4
1766227286067030322,2.7286491161031545,0.3943565635995367,0.9053539099968604,0.9032221009043391,4
1766227286093384961,2.3618697019172075,0.4448236329315453,0.9049674806133985,0.9031327483733702,4
1766227286167088680,3.809928463843537,0.8329692932942848,0.9061640629058648,0.9031368017536416,4
1766227286192167420,1.4319495024736062,0.3207613266752963,0.9041115461580851,0.9032037701546227,4
1766227286242031559,1.51247912771324,0.4895165425468332,0.9042448341031096,0.9031434001641354,4
1766227286267028115,3.805103400587595,1.0567922850967804,0.9060533820033007,0.9030316694644459,4
1766227286342022701,0.8631579547430102,0.5993519770057446,0.903653308013562,0.9031543460386974,4
1766227286367104436,4.220336448665041,0.8389128065073148,0.9064217687854266,0.9030872905556548,4
1766227286442041464,1.203561346241333,0.2863682729834204,0.903944103409232,0.9032442509532883,4
1766227286467311895,2.574630317005999,0.8822658942193652,0.9051373503344972,0.9030968977003544,4
1766227286492123423,2.864394321039021,0.7957276959599563,0.9052990751801769,0.9030518759756674,4
1766227286542019131,0.54908716908042,0.615308450203063,0.9032425172723304,0.9030798089845954,4
1766227286567069848,3.4375645650314146,0.4829441903267243,0.9057348171853226,0.9031151444536634,4
1766227286592425008,1.0791801489450359,0.44695044734573924,0.9035121422091723,0.903021039516989,4
1766227286642035470,1.3840168996837043,0.4890888761428069,0.9038415935178538,0.9030117181646896,4
1766227286667036614,2.9004842475746084,0.5760819300863621,0.9053391762922842,0.9030718725916608,4
1766227286742031000,2.5079132587816355,0.7882613102251785,0.905060570733061,0.9031287345546186,4
1766227286767025011,3.513240215504143,1.0018784988115,0.9058180420004969,0.9030070562400181,4
1766227286799326711,3.3879941959606974,1.00950921760884,0.9058180420004969,0.9031334030858263,4
1766227286867042101,2.7727393078055274,0.8220569956302477,0.9053725338368906,0.9032221729289149,4
1766227286893979757,0.8514013301116341,0.49083900104214556,0.9034838775929871,0.903047201876874,4
1766227286942065422,0.733913657590457,0.5520203664071304,0.9034612547060268,0.9031659894836594,4
1766227286967040487,1.4327006270926645,0.40730511633862376,0.9040478279705771,0.9031299190710653,4
1766227286992559585,1.4003362292452914,0.377940014891831,0.9040478279705771,0.9031619578207768,4
1766227287042087391,1.1010597482395967,0.49213659221395817,0.9036624681607196,0.9030676736249136,4
1766227287267032647,2.69317361665411,0.9387659359728104,0.9052079120210047,0.9030542515852023,4
1766227287292235561,3.034149370938044,0.9145684986907707,0.9055394076227196,0.9031854038175584,4
1766227287369428329,3.16627503117739,0.9273488579982745,0.9056352251475318,0.903084235066659,4
1766227287442032281,1.2884764834364404,0.4421729462941175,0.9037988402040896,0.9030733488750192,4
1766227287467127402,2.999505876440489,0.3082857022229077,0.9054953315384556,0.9031763748932629,4
1766227287492380249,1.1018553465566017,0.46782132561368606,0.9037031803683994,0.9031384763868454,4
1766227287542082664,0.4424511556193611,0.5676532845040766,0.903226959846106,0.9031824240652243,4
1766227287567483579,4.261372026946875,1.2911943145259395,0.9064424006553513,0.9031043039935047,4
1766227287592042312,1.1921374558767628,0.3866273228284545,0.9038995571570687,0.9031735919865093,4
1766227287642024903,1.2361327701674307,0.3922452719881106,0.9037801404133657,0.9030297421176441,4
1766227287942164680,1.0230412567797664,0.39832640784346096,0.9035597275830101,0.9030214802782934,4
1766227287967038736,1.9243151994897678,0.2778901358619673,0.9045730349131822,0.9031775676363014,4
1766227287992252700,0.6979909538551432,0.5880236333523667,0.9032848284712428,0.9031719877346842,4
1766227288042066474,1.5097394482779247,0.442339497689374,0.9039796595909823,0.9030454751795864,4
1766227288067170482,3.0396847039750874,0.6354281948898347,0.9054940756762693,0.9030747464180663,4
1766227288167150592,2.838082644945894,0.4891612605911511,0.9053405602691315,0.9031669775271526,4
1766227288192075614,0.7381219837852004,0.49974599250614876,0.9033601920465796,0.9031730274554369,4
1766227288292046637,0.723025526046861,0.6000258777792208,0.9033364292665751,0.9030220601340762,4
1766227288342116582,0.8672370851513511,0.5890420430555956,0.9035329214987959,0.9030954701634968,4
1766227288367036504,3.157345638864939,0.963819877370123,0.905567614716224,0.9030642307289445,4
1766227288392083053,0.9761656584000855,0.5063717794391359,0.9036358972139935,0.9030662788511691,4
1766227288467036612,3.1801610361559263,0.3817649656310742,0.9056312084712329,0.9031121336157353,4
1766227288542046897,1.4000768709142575,0.37294144802518736,0.9040386586744372,0.903166661020514,4
1766227288567036610,2.8809575931389997,0.49799715895325275,0.9054314641009916,0.9032055048026596,4
1766227288642113169,1.3994165606855402,0.4469235998692506,0.9040165359404273,0.9030545745848374,4
1766227288667032650,1.0101062841132435,0.5676510553934695,0.9036194945194781,0.9029800227188426,4
1766227288692115718,1.0885005042717832,0.5557469483461127,0.9036194945194781,0.9029022394747257,4
1766227288767034912,3.440072980936182,0.42019893215701243,0.905732541093825,0.90302973553514,4
1766227288867128266,4.512852679622759,1.6868783937635088,0.9065275469616255,0.9031609939911879,4
1766227288942060965,1.4366740220418395,0.530959822231511,0.9040554649389718,0.9030283742969577,4
1766227288967041961,2.562122173850212,0.13784053123363635,0.9049906492974714,0.9030425686907427,4
1766227288994011967,1.163210327603026,0.5712335312542937,0.90350705427827,0.9029254768475334,4
1766227289042038931,1.2877192990411457,0.383530317325409,0.9037695071140585,0.9029839984523743,4
1766227289067346291,4.5018056495065295,1.1660066105379114,0.906665656512208,0.9031736700145014,4
1766227289167045814,3.200932345374885,0.7118114362043665,0.9055814090664878,0.9031071891122436,4
1766227289242088009,0.5846359137215984,0.6617087712213945,0.9032858377798484,0.903032215612031,4
1766227289267033499,3.555882180775849,1.2165146834909215,0.9058355040420394,0.9031084771669315,4
1766227289293367999,1.3258266981723832,0.3762672148573735,0.9039073261708038,0.9030543809318421,4
1766227289342040558,0.6193826177207651,0.580789138808028,0.9033626917413027,0.9031092684647959,4
1766227289367522626,2.177917001154883,0.5260778626886,0.904838521458871,0.9031613485914852,4
1766227289442050995,0.6235114352314275,0.6116606176688026,0.9033673232092564,0.9030953564305395,4
1766227289542055701,1.4761921109703868,0.35506971510363533,0.9042063951992688,0.9032199186808364,4
1766227289592761292,0.6776623726897357,0.7019041775463709,0.903360046391541,0.9030082317591127,4
1766227289642056250,1.4972003715200133,0.5262071623562428,0.9037813581235672,0.9029404943936528,4
1766227289667233766,3.365707133475393,0.7648484897606769,0.9055825115143551,0.9029282317849496,4
1766227289693855186,0.9803035532690574,0.3849551766423447,0.9035613936711315,0.9030895046846144,4
1766227289742043584,0.9411806711687731,0.48291251070327984,0.9036924405321234,0.9031683632899353,4
1766227289767060057,5.3129043992019565,1.9219968534854863,0.9070731881758762,0.9031453222209234,4
1766227289867061387,4.195426541712677,1.0287117221235433,0.9063953142489991,0.9030774568417927,4
1766227289942048538,1.0978564917316636,0.41981886929686185,0.9037797424811682,0.9031504078262447,4
1766227289992409841,1.1640124838693255,0.39250497259467365,0.9039186730508894,0.9032103130398366,4
1766227290042047364,0.8388010887817599,0.6064374654673774,0.9032569550731004,0.9028806319617773,4
1766227290093808168,0.6443694529564281,0.7415671553300858,0.9033273262866629,0.9029811521934311,4
1766227290142043514,0.8316574868745263,0.5446987962443874,0.9036012759083127,0.9031481540583838,4
1766227290167269641,1.893840653160228,0.41191452105715975,0.9046613572629001,0.9032524307073465,4
1766227290197746540,0.8885647408501951,0.4967594372075551,0.9035719377776747,0.9031756610337713,4
1766227290242045455,0.8135603778421929,0.5603484447739522,0.9033938286297557,0.9029971876855235,4
1766227290267050997,2.1452596172570892,0.7504559706943711,0.904742027972561,0.9030547610256868,4
1766227290293581857,0.27661645821541736,0.6917172284518815,0.9030143804128845,0.9030731495913349,4
1766227290367046426,3.6033445857095447,1.1731051025444705,0.9060202699429919,0.9032234011975606,4
1766227290392839379,0.7627297896973806,0.5200276904844924,0.9035732973805505,0.9032163406091023,4
1766227290442044287,0.5918875056428741,0.5613616857473056,0.9031373715459007,0.902969564572408,4
1766227290467042165,2.2423244464976344,0.5329804164044241,0.904911705301299,0.9031761840026962,4
1766227290492841069,0.8009685441027203,0.5965290274243029,0.9033541696041344,0.9030177108167728,4
1766227290542043213,0.31072198455828204,0.7158337999770116,0.9031192898033793,0.9031197166197227,4
1766227290567046812,3.158741626890116,0.7084869215004558,0.9056582511606573,0.9031496354605666,4
1766227290592988173,1.401783191209871,0.3621617441031424,0.9040096388480102,0.9031339827092785,4
1766227290667394082,3.102132285634829,0.5054564197585925,0.9056529212403301,0.9032004278735899,4
1766227290694679390,0.9389979608604992,0.4882492948627714,0.9036825575313175,0.9032415736144426,4
1766227290742043979,0.8138438119479341,0.5949405122417449,0.9034135091836325,0.902969681151436,4
1766227290799393781,3.0436368070053677,1.1792590298702041,0.9055432948262075,0.9031692101562647,4
1766227290842039909,0.8308301866624124,0.5508436236423478,0.9034689383806239,0.9030821749211426,4
1766227290867669995,4.2309170591381395,0.8850727666300208,0.90644656432381,0.9030696282798187,4
1766227290893381284,1.704455683876227,0.26655446703488284,0.9043052072476572,0.9031267047798472,4
1766227290942038283,1.6748681370158947,0.45513674429739154,0.90423677620911,0.9029929708847739,4
1766227290967042673,2.119069101248039,0.6251074953570456,0.9046733295844415,0.9030360996811119,4
1766227291042063918,1.2575551924612904,0.5044791329846287,0.9037674403060724,0.9031170339911622,4
1766227291142041073,1.2503145830478068,0.5279408986791777,0.9038855811286316,0.9030395244806936,4
1766227291267060779,3.365423654488997,0.5913984821581104,0.9057089389798941,0.9030308294090551,4
1766227291294507330,0.9300302109507275,0.5245291562002622,0.9034290755691924,0.9029840983807129,4
1766227291342060383,1.4119094165202517,0.3718568474412807,0.9039814177814036,0.9030367117013813,4
1766227291367091183,3.3421712022493333,0.8183006922798051,0.9058472712880993,0.9031002003300425,4
1766227291393756806,1.6052697631332435,0.37611947472133045,0.9042702749381061,0.9031767599990764,4
1766227291467061424,4.915913974025021,1.5969687045100573,0.9067898480028243,0.9030222114069172,4
1766227291494050886,4.855479371981941,1.618338687336375,0.9067898480028243,0.9030824147551942,4
1766227291567088903,2.979285966362877,1.2230782359380035,0.9053526427817518,0.9030478050027091,4
1766227291593589756,0.6402593517980115,0.6507080230136912,0.9034321835280412,0.9031458436959647,4
1766227291642068981,0.4096727213604989,0.699535183984136,0.9030822213933252,0.9030022603499586,4
1766227291667225477,3.286074876542089,0.6709074929040556,0.9057588879869635,0.9032220225305485,4
1766227291695142763,1.0965270282015105,0.3862198566945461,0.9036958606727884,0.9031530584613449,4
1766227291767167525,3.084261002391786,0.38210325632977715,0.9054596324751918,0.903053954595852,4
1766227291795668408,1.0337137046598777,0.44940550054115,0.9035691762125155,0.903088279221192,4
1766227291842146751,4.512712439465383,2.121255791118501,0.9064058017965717,0.9032020798901486,4
1766227291894175539,1.0356145991020638,0.5309032456183409,0.9035931676319261,0.9031055786577725,4
1766227291967138484,3.0792588841656032,0.5166083292109719,0.9054855955623139,0.9030863111391719,4
1766227292067073850,2.829670765738701,0.7655625042112864,0.9052716875821821,0.9030283634139165,4
1766227292093933969,0.37264331770936465,0.6193301881687285,0.9031256653497834,0.9031144995916047,4
1766227292142077712,1.71728732438714,0.24521641647157982,0.9042663710925458,0.9031056041535828,4
1766227292167133459,4.549905226065132,1.452323991986913,0.9066286870343401,0.903081617994973,4
1766227292295103862,0.6900361136116251,0.51482405548851,0.9033012446283106,0.9030321693341297,4
1766227292342058139,2.6147154188791433,0.8600819248866333,0.9051823080719099,0.9031401787300841,4
1766227292367179018,2.436503011953306,0.7140757915304772,0.9051317600410294,0.9032489377385685,4
1766227292467072595,2.835382255973129,0.7030680069625486,0.90536570801606,0.9031869995911984,4
1766227292493921032,0.7431865036438001,0.4643690049628057,0.9034080049759093,0.9031207717631781,4
1766227292542058132,0.9933067713030486,0.5139208025993135,0.9035316937029776,0.9030006228957949,4
1766227292667352845,2.681513514894318,0.637368209178296,0.9052172551601678,0.9031222918992047,4
1766227292694250324,0.7034742663269977,0.5420719482518704,0.9032933930754381,0.9030195048861506,4
1766227292767064820,3.042774788198699,0.8442963152128825,0.9054446779678462,0.9030967928732233,4
1766227292794493899,0.9439370489455756,0.41097635151020534,0.9036735178026772,0.9031739334161805,4
1766227292867065759,2.7044305985575168,0.5421931231376124,0.905173112511434,0.9030324176682107,4
1766227292893865304,0.6787869825872761,0.48808042936179596,0.9034622556125151,0.9032931781752691,4
1766227292942060234,0.5966554009640967,0.6148639078576467,0.9034617455154831,0.9032387230066178,4
1766227292967072188,6.308830810104693,2.9148599419896355,0.9071071725313246,0.9031223423095674,4
1766227293094258527,1.211595744112559,0.4226753551600312,0.903795240256507,0.9031447746196567,4
1766227293167064777,1.4018686981008832,0.7275149147420179,0.9040425188228048,0.9030364817478096,4
1766227293194097170,0.6609829065233885,0.8798807979470074,0.9022944942016558,0.9032096189922296,4
1766227293242062588,0.8147968811351713,0.6083404433016731,0.9034209539668066,0.9029490320116149,4
1766227293298139166,2.861295683692422,0.819590417410848,0.9053208930333032,0.9030598139951965,4
1766227293394586223,1.4676335325276568,0.34787931850234477,0.904106825724495,0.9031399005103494,4
1766227293442063372,1.2910494980333809,0.4761140414510067,0.9038330798975363,0.9029954107569174,4
1766227293467067973,2.5755238883395926,0.49745232024367964,0.9050770778798234,0.9030531372628466,4
1766227293494988926,0.5509278377148208,0.6182601490084539,0.9032159387576184,0.9031541654448529,4
1766227293667059560,3.509076284357482,0.9261907897159357,0.9058908052854936,0.9031298880679505,4
1766227293742071147,0.9648045520037618,0.6090796447516249,0.9033589515019967,0.9028803414199376,4
1766227293767208687,3.6355822063873777,1.1781486980409703,0.9060889445985352,0.9032763988062905,4
1766227293842125736,4.133279378098487,1.1060189208464037,0.9062523286303978,0.9030667260930809,4
1766227293870208052,1.1161598666631356,0.3586106335611817,0.9037841560638562,0.903173966769442,4
1766227293894417448,1.0631725618782673,0.48132754833945984,0.9036452751189138,0.9031302123412741,4
1766227293942069987,1.2934333948609877,0.3131694143974085,0.9040757467884616,0.9032810467271599,4
1766227293967075700,2.928157889272698,0.6559030965247997,0.9055040425852608,0.9032510113042354,4
1766227294067077860,2.335497277625609,0.9852954797521472,0.9049488420111337,0.9031295539779052,4
1766227294094829605,0.6454998196510076,0.6797754117224676,0.9033427632411728,0.9030195926044067,4
1766227294142061454,0.6187225050606759,0.5910758862789681,0.903187961550076,0.9030840580249127,4
1766227294167072958,2.87736969025576,0.343746219946339,0.9052427112400303,0.9030353746890458,4
1766227294242060429,0.5931634593658863,0.6097060280709671,0.9031781439091429,0.9029870098808869,4
1766227294267082081,2.9840745866268614,0.8530452652834862,0.9053746228176949,0.9030275123470229,4
1766227294367079272,3.18810592782659,0.7645080736296912,0.9056694333563637,0.9031482156047047,4
1766227294427175867,0.6588899561486006,0.6968902978998325,0.9032435736506228,0.9031091639366502,4
1766227294542057943,1.4745605907685588,0.4342339218664321,0.9041963294387365,0.9031559135381171,4
1766227294567070127,3.1883959512573057,0.42173784322959273,0.90556971303378,0.9030502278733632,4
1766227294594687179,1.0782128896671406,0.5015483070257665,0.9035489233521516,0.902995702389342,4
1766227294695332739,2.325132474163105,0.20663010022408268,0.9047609208227417,0.90300007192814,4
1766227294767083154,2.3170610978330286,0.46449610820222514,0.9049381942572936,0.9031688830803013,4
1766227294867248361,2.5601080246583363,0.6895077698885445,0.905141969881336,0.9031165972758399,4
1766227294995385246,3.3727275539645607,0.7449444578230496,0.9057457148082091,0.9030760210627514,4
1766227295042078342,1.4380166190914867,0.30472751414926863,0.9040229070176744,0.9031057772013017,4
1766227295067071441,2.863922499037108,0.9008432219259194,0.9053122140256219,0.903080384393016,4
1766227295095944654,0.37363451578897866,0.613236881062234,0.9031210606036625,0.9031262029901868,4
1766227295167077188,3.0333699553783955,0.1852231521568675,0.9053984226989861,0.9030314274540754,4
1766227295195765553,1.4425532545612185,0.5789315657720375,0.9038465124607453,0.9030173976850008,4
1766227295242067123,1.4303549888702305,0.39125753615918746,0.9039216200971087,0.9029411446666857,4
1766227295267191488,2.3641223639117026,0.5402652255448236,0.9050045665760902,0.9031819907339039,4
1766227295296240342,0.5754797472090623,0.604782366656435,0.9031828587968411,0.9030012534516508,4
1766227295342075755,0.8162265724229734,0.5066790606767386,0.9034675990676534,0.9031072965631977,4
1766227295395384789,3.7664743790298827,1.007276889680129,0.9060079602950978,0.9030284991242518,4
1766227295497156416,2.9964154300904378,0.3426058673146395,0.9055045388826263,0.9031612415314932,4
1766227295595647635,1.4419062977257813,0.2619248078922675,0.9039954416450727,0.9031200983551997,4
1766227295642066566,0.8554224803397625,0.5074252883861272,0.9034835285205419,0.9031549939974763,4
1766227295695233312,1.0680970523651023,0.4391377390892195,0.9036973459561295,0.9031845776140544,4
1766227295767076452,4.02609518542163,1.0976827640276092,0.9062155764428061,0.9030743421017051,4
1766227295795575442,1.4504177012449881,0.3558377278910992,0.9038378866549243,0.9029342901765307,4
1766227295842069433,1.5497100675884168,0.23514177990689297,0.904136151533592,0.9031504499295065,4
1766227295867165515,2.471879126879961,0.38857744606303923,0.9050233441705547,0.9031162545592766,4
1766227295967085070,4.9578150895818185,1.9020326213016157,0.9068129245885226,0.9031242686317386,4
1766227295995934188,1.8563908605127022,0.22303029529898702,0.9043671263494037,0.903057158309379,4
1766227296042092999,1.087144896999237,0.48809988304330115,0.9037008116031277,0.9031089565366922,4
1766227296067123608,3.131274143326368,0.5635124057400609,0.9056602929189562,0.9031959947315006,4
1766227296095707157,1.2212014981094477,0.4919233183385625,0.9037036859907932,0.9030126709083325,4
1766227296142091202,1.0458805009671002,0.4258790825657473,0.9036523040047095,0.9030534338245607,4
1766227296167075263,2.98361228938282,0.818938065316518,0.9055026676512821,0.9031393919454455,4
1766227296195975778,1.2205513458761752,0.45131098752047305,0.9038059931668515,0.9030625923873958,4
1766227296242082221,1.4383679724314646,0.5473250168553208,0.903973473061337,0.9029276432788778,4
1766227296267075640,2.8955740242579964,0.6978580942840465,0.9054272784330083,0.9031299455796585,4
1766227296295681090,1.3128022400957784,0.41622554207842666,0.903815961774907,0.9029941990196911,4
1766227296342078680,1.4879850922489002,0.333637029385123,0.9040414147320179,0.9030678370655159,4
1766227296367084472,1.9962108435972459,0.7357089020580715,0.904711315073743,0.9032069679160297,4
1766227296442076251,0.7607052620252075,0.5263459781858368,0.9034484094972758,0.9031398017223892,4
1766227296495806076,1.8110266503963413,0.4983405831159082,0.9043293321886081,0.9029550189370873,4
1766227296567092308,3.90565427215972,1.1532628220258279,0.906218697993589,0.9031735581890882,4
1766227296595555751,0.9955602838721545,0.4303963224346249,0.903783129667383,0.9032198340984834,4
1766227296642078727,1.2222495228281227,0.42341247310377145,0.9037924832263684,0.9030183355607505,4
1766227296696076476,2.6914085861194925,1.2108666947430327,0.9051502006681442,0.9030900705871596,4
1766227296796846278,0.4491715662495732,0.8381206996945134,0.9034091038509549,0.9032482929486695,4
1766227296842075502,0.9281023092183593,0.5328533562304854,0.9035262457072796,0.9030090146743484,4
1766227296867215437,2.7087504336645862,1.0526093417599565,0.9053282804409836,0.9032706113209011,4
1766227296896153081,0.46728932903616904,0.6348081320824931,0.9032192859073154,0.9030990893341493,4
1766227296942071510,1.0804203219416664,0.37809323172125153,0.9037444295340316,0.9031745426723673,4
1766227296995530115,3.3368265635719263,0.7707194454482789,0.9057844128122915,0.9031048934074916,4
1766227297067092276,7.00947569244037,3.0458136750804066,0.9073563691945324,0.9029114646183157,4
1766227297142088293,1.97658488053587,0.2780152483485629,0.9045077190842936,0.9030791191009363,4
1766227297195689667,1.2360187112930854,0.32933391908304305,0.9037225527186475,0.9030235223225692,4
1766227297267090314,3.6887718389905233,1.0014698001398896,0.906087632569563,0.9031973437519992,4
1766227297296861766,1.386189371225588,0.3202995183810585,0.9039270639162755,0.9030355090763956,4
1766227297342081211,1.3282553854452317,0.4148346145322246,0.9038729217460401,0.9029720348517759,4
1766227297396770720,1.4959076929328408,0.35231802119139927,0.904066457478689,0.9030780055637481,4
1766227297467145839,6.090285741695789,2.7385420061909946,0.9071159527168006,0.9031124745475086,4
1766227297542103634,0.900727987705574,0.5394409547319712,0.9036998044592739,0.9031861388855038,4
1766227297596856402,1.0939317087276246,0.4797302037762832,0.9038609998136011,0.9031810689175176,4
1766227297667084434,2.7699092414159576,0.5100729918448192,0.9052112949090285,0.9030414080076008,4
1766227297696695525,1.0121384979552284,0.5139300671418684,0.9035578801193083,0.9031171652121427,4
1766227297742998767,1.7479721471073129,0.806319011017709,0.9045307876670512,0.9032126636085828,4
1766227297842087630,1.5172845193736073,0.33576443571108044,0.9041069646526986,0.9031348088051843,4
1766227297867089064,3.6611625186603325,1.0669275222565031,0.9059004924868423,0.9029969600502532,4
1766227297897728337,1.4094834222575514,0.38414038170175024,0.9038834929665204,0.9030135506674111,4
1766227297942095530,1.0260903726199144,0.4222308385369631,0.9036928663472682,0.903162870780775,4
1766227297967093578,2.179663313716329,0.46189593772489096,0.9046911350378052,0.9030531281301277,4
1766227297997094391,0.12686385277893564,0.5927715261841092,0.9027956193931157,0.903119020840229,4
1766227298042081088,1.162379360813981,0.4170143960777598,0.9036254316410366,0.903007697036476,4
1766227298067215201,2.480085459326875,0.6441401174463927,0.9049311163707979,0.9029578812482267,4
1766227298097589978,0.7746353990619737,0.534637189781714,0.903479405356858,0.9031385396595606,4
1766227298242084896,1.0497482108509093,0.5678298273873023,0.9038093563532931,0.9031357554918092,4
1766227298267080799,2.8179587898178315,0.810294809137736,0.9053989956564805,0.9032036096399692,4
1766227298296159409,1.0009448320887904,0.42847348860669987,0.903726665564536,0.9031832181878846,4
1766227298367208625,6.987270398230883,3.1251105910532107,0.9074115795582305,0.9030513703646558,4
1766227298443466634,4.731581141149133,1.341613130412926,0.9066776821216052,0.9030075074646902,4
1766227298496967999,4.6976462895506055,1.8425622666847898,0.9065948169348893,0.9031122101692933,4
1766227298567806689,4.160113212114402,1.346978917696615,0.9063678743704435,0.9031367806556948,4
1766227298642103752,3.0242360387690015,0.8685487675253762,0.9054709417071118,0.903042888362462,4
1766227298667093203,3.062112133714434,0.49774550911832427,0.905499168694567,0.9030372322260631,4
1766227298697961187,4.058688662139542,1.1117089103936464,0.9063471529235185,0.9031337867662111,4
1766227298768581366,3.285845454862102,1.0774885762209425,0.9056081126934401,0.9030652332705117,4
1766227298798476691,1.0122603229251181,0.40227683185406377,0.9037509812440937,0.9032014257615183,4
1766227298842109613,2.516034822687696,0.3336512054625724,0.9050627491759052,0.9031192124440437,4
1766227298942139614,0.7730478995320311,0.4828946618233967,0.9034791838351975,0.9031288925936193,4
1766227298967093209,3.317646809969599,1.0451912792214508,0.9058309402578659,0.903225284106577,4
1766227298997771936,3.5148123131060194,0.718275373464571,0.9058338203330165,0.9029867594926034,4
1766227299067106999,2.0545024949263357,0.7484369356334072,0.9045976356978296,0.9029458252454546,4
1766227299142201561,1.340582967922499,0.44149168753172924,0.9038778479961739,0.9031106951565642,4
1766227299242139660,1.4257014689988967,0.29821704354737966,0.9040819667195754,0.9031809803451318,4
1766227299267098053,3.120820253928347,0.6295005372513612,0.9055036248897915,0.9030330039358955,4
1766227299342086455,1.2801971326928951,0.48817735612968766,0.9039125948101147,0.90311036555177,4
1766227299396816700,3.8889961947554674,1.0021446736469521,0.9062586275879817,0.9032449432661693,4
1766227299442100356,0.9398501811657134,0.47878494393113197,0.9036329646102488,0.9031204927921855,4
1766227299467876977,3.8995885790150675,1.3037912342264177,0.9060962103877906,0.9030951852882373,4
1766227299542090472,0.9094287735073037,0.4978009659975309,0.9034440378237443,0.9029593923457505,4
1766227299642097219,1.1048344296790136,0.5289903188893798,0.9036457148664008,0.9031070270980068,4
1766227299667097982,1.1592660048993508,0.5041233339342343,0.9036457148664008,0.903054267514913,4
1766227299697774415,1.9495162606004701,0.2670793056881063,0.9043890493944892,0.9030008328628012,4
1766227299843974789,3.1421086011089727,0.8925266327524757,0.9055978541023872,0.9031195510762544,4
1766227299867100807,2.623011215888038,0.6568328281224248,0.9050844468141628,0.9030145028825537,4
1766227299898042739,0.826770433781876,0.52461523383372,0.9033681804713067,0.9029871609885634,4
1766227299997022586,2.1035724033431347,0.5678972796192038,0.9046022847942121,0.9029636783663337,4
1766227300042091418,1.5998110147685818,0.3209050691728089,0.9039715352418161,0.9028791897001972,4
1766227300067212937,3.2223912385528353,0.7651720761773144,0.9055833261422728,0.9030375981278274,4
1766227300167133894,3.2822210493289594,0.8099046649062542,0.9055527970641329,0.9029916352977365,4
1766227300242106095,5.240621946591806,1.6973774469343281,0.9069312878752055,0.9030085355054198,4
1766227300267399878,2.4556465899419067,0.44824064152106186,0.9050325925337417,0.9031593196370789,4
1766227300367231015,4.21221306494568,0.9803891958875462,0.9064042996347735,0.9030154994705172,4
1766227300467100795,2.3265637804406047,0.6077637600306626,0.9048385160939834,0.9030775197217882,4
1766227300542095959,0.8195035666893613,0.45349553917426483,0.9034655039779345,0.903090604493975,4
1766227300567110398,3.922551102539029,0.8078221212050125,0.906152850770123,0.902999180775609,4
1766227300597232919,1.4838363188255377,0.45957225351442155,0.9038537929650209,0.9029355877316283,4
1766227300642099370,1.578258704893254,0.44505619313779876,0.9040226331617517,0.9029879080871969,4
1766227300742098764,0.43341977729738357,0.7238421893592969,0.9029195862129547,0.9030741191698213,4
1766227300797221978,1.7755276795112795,0.6373870253099879,0.904083957210045,0.9031071414281222,4
1766227300842108867,0.614850009390655,0.546224303925664,0.903339674554015,0.9031509171916514,4
1766227300897476050,3.2979851160627183,0.6843827070269237,0.9057125486360958,0.9031288972859954,4
1766227300942095587,2.935170347367233,0.6827905094109236,0.905318328877439,0.9029426571986233,4
1766227300967117770,6.999115966048519,3.2094777105982226,0.9073368239030069,0.9030955718792305,4
1766227301042094670,1.289719309279791,0.5050522401873827,0.9036921116048359,0.9029620773946456,4
1766227301067100913,3.0822922450000068,0.6657599690730159,0.9054953269235876,0.9030526437981168,4
1766227301142114652,0.3106396824104074,0.6982842755093184,0.9029272559514845,0.9029505692595322,4
1766227301167099074,5.997609038690843,2.6421495704041296,0.9069889214926067,0.9029709735478905,4
1766227301197791918,3.381271438656963,0.9226881240810627,0.9057761094448155,0.903105536273712,4
1766227301267104358,3.543241585913681,0.9670369439480155,0.9058993791661047,0.9031087901448878,4
1766227301297977802,1.1673319346773292,0.41054976334106064,0.9036734446820645,0.9029848788308511,4
1766227301367321621,2.8502143074361497,0.8602793483764337,0.9052729788199113,0.9029824223479288,4
1766227301397690035,5.315629834720781,1.8138647176930627,0.9071272322588515,0.9031051460762568,4
1766227301442115386,1.2301175746827209,0.46089928224435245,0.9037587637032504,0.9030157131855094,4
1766227301467146937,3.0383201995383136,0.48948798728249876,0.9053907073893098,0.902969023223735,4
1766227301498115279,1.1064734806808252,0.4123842089845669,0.9038040520821379,0.9031984145414926,4
1766227301542099881,1.5762013449542867,0.27535210632317486,0.9041864236487971,0.9031466249117137,4
1766227301567123878,2.5871208372917343,0.23056943243855307,0.9051001569073921,0.903197443671856,4
1766227301642103012,5.602354676517929,2.3483359206114423,0.9070098555703137,0.9030848163817514,4
1766227301667108453,2.531763552381272,0.3539017728376924,0.9050260272274256,0.9030713664659651,4
1766227301742105360,3.4110013521511107,0.5627261877773418,0.9057380393612733,0.903044102333225,4
1766227301767132482,3.275823214875073,0.926863645915397,0.9056397953908033,0.9030556003804032,4
1766227301867109073,2.8263660599324725,0.7598956201079767,0.9053829478151282,0.903176422153529,4
1766227301898401033,0.6456118138989941,0.5267989007853416,0.90323629815395,0.9030433625282643,4
1766227301942093407,1.2137366727364984,0.5182264308127563,0.903847052361425,0.9030596299593918,4
1766227301967288184,2.69077677424312,0.6554708114118195,0.9052106187618442,0.9030713899160644,4
1766227301997775651,2.469801730917598,0.7502991875026271,0.9051292731614176,0.9032203856123205,4
1766227302042100935,2.7791361873747977,0.7421544190779092,0.9053106852253547,0.9031080097420514,4
1766227302097571472,1.4452179935199316,0.3691606397656823,0.9039988420443548,0.9030334930842422,4
1766227302142097513,3.003340267822896,0.8374975391313954,0.9053986741465292,0.9030050209773877,4
1766227302167117932,6.162814337364764,2.426336240166139,0.907423232225793,0.9031596073363002,4
1766227302267120351,5.805970633704582,2.2881938919843927,0.9071445935342243,0.9030395103285751,4
1766227302299454591,3.305725378279001,0.8194938729309673,0.9057775609122232,0.903142376860345,4
1766227302342097892,0.9349238844114094,0.4409858738379546,0.9034317348209631,0.9029390729617582,4
1766227302367126126,3.0942186700850804,0.6536017509565134,0.905546061810797,0.9031120777335611,4
1766227302442109918,1.3685981018202176,0.38042419748024264,0.9039516655434143,0.9030526387791257,4
1766227302467106413,1.477737894043818,0.375967973644901,0.9039516655434143,0.9029435995367413,4
1766227302542105123,0.9241740395594666,0.5955056681517171,0.903639715710407,0.9030847977854539,4
1766227302567109943,3.678366951391454,0.618704646591179,0.9059257715174669,0.9030498023216045,4
1766227302642098304,1.2957770563600812,0.49748254548319176,0.9039920650584067,0.9031013426121103,4
1766227302667128252,3.869508794459464,0.7761148144592104,0.9060422062228999,0.9029638244674609,4
