timestamp,dist_error_mm,angle_error_deg,est_dist_param_m,gt_center_dist_m,visible_gt_tags
1766225457922593619,14.758256150787963,1.9482207676161778,0.8846395820438181,0.911374690879271,4
1766225458018296865,14.819492385403032,1.9208380080586032,0.8845565860512268,0.9112566872187897,4
1766225458047125130,14.931189677031554,1.9115203379068335,0.8851114265773071,0.9112946149743351,4
1766225458071536111,15.004800359333714,1.860235433389606,0.8849876735322796,0.9111845289637731,4
1766225458116728870,15.043877947302885,1.9716754282341258,0.885018483545594,0.9113950528388137,4
1766225458192932268,15.185551511485706,1.968723188783686,0.8852354776607327,0.9112951895019299,4
1766225458291100678,15.016910005120288,1.911432754550768,0.8850792656051651,0.9113590071248471,4
1766225458317055481,15.061752971748831,1.8913833286985566,0.8852363701842053,0.9112776180512522,4
1766225458390998248,14.779056477147613,1.9030288314315367,0.8847446575883633,0.9112503757068908,4
1766225458440996041,14.91102891072915,1.8245768523306762,0.8852167229854028,0.911356909647829,4
1766225458491007569,15.113362793434337,1.9731813730424985,0.884764997859074,0.9113165688391565,4
1766225458518943306,14.797021271859666,1.8639761912082211,0.8848957003542104,0.9113425458076989,4
1766225458590994498,15.103274559114421,1.9073820982709013,0.8850772767721571,0.9113077254562296,4
1766225458641520062,15.082711768874324,1.9204499463390081,0.8853143222940084,0.9113227221655936,4
1766225458690995994,15.017004149589175,1.9588486254702278,0.8849138434196547,0.9113402911617927,4
1766225458716728069,14.861612792759104,1.9361950355668585,0.8850156741079543,0.9113610888051706,4
1766225458740996782,15.011628551959365,1.9219046585795696,0.885061718515549,0.9113187774560578,4
1766225458790998081,14.89467320246507,1.8958700195740936,0.8850279677738618,0.9112822976099301,4
1766225458817833129,14.76579306441761,1.9313710725517383,0.8850858149488885,0.9113409683544105,4
1766225458991005281,14.713461630338376,1.8794984437374413,0.8846961781132615,0.9113270159535277,4
1766225459018651244,15.038136482230957,1.953359586626851,0.8849416539477023,0.9113236988060133,4
1766225459041029183,14.987822953448916,1.9452485290379875,0.8850927948106083,0.9113423080574559,4
1766225459090999523,14.907739918242125,1.9408256773192851,0.8845430116867906,0.911303484960084,4
1766225459191166881,15.09362674319592,1.9519935116059655,0.884831207589474,0.9112652451339361,4
1766225459217950072,15.069713781326154,1.8847637992061672,0.884955126872462,0.9113363509333742,4
1766225459241003741,15.027304039841649,1.8490780699130906,0.8851378901257856,0.9113216830432689,4
1766225459316994228,14.844392218040237,1.8719414503969032,0.8850194014024398,0.9112840185299482,4
1766225459341004125,14.808404372017803,1.8501430661881026,0.8850824276057276,0.9112704648801176,4
1766225459391067220,15.058322446585336,1.945613648875363,0.884811056493751,0.9113301037135331,4
1766225459441005581,14.832786127744413,1.924311908124732,0.8848447004703477,0.9113667866174734,4
1766225459490989407,14.82356816361985,1.9226344405663423,0.8848268591464097,0.9113608145155286,4
1766225459517602908,14.6706295127772,1.926024961632424,0.8845023475997295,0.9113066776641932,4
1766225459540999152,14.723148608123736,1.9185488866651186,0.8846606789482354,0.911219877035086,4
1766225459590999709,15.079399448918673,1.9061252051388138,0.8850254205459742,0.9112976919037719,4
1766225459617707257,14.942364798151697,1.8936509688974306,0.8850828954394392,0.9113371468667918,4
1766225459691009450,14.897917514493987,1.9255054118722172,0.8849482027232832,0.911293404088252,4
1766225459718247726,14.69095745383797,1.879784032094753,0.8850423909496566,0.9114177352509326,4
1766225459742378370,14.829563813491431,1.8875416670371652,0.8850350676393993,0.9114249067739341,4
1766225459791049829,14.39647673175537,1.8518574419519964,0.8845202084158037,0.9113937646111819,4
1766225459817338721,14.434438281847983,1.8520321025811237,0.8846784249428347,0.9112988431531802,4
1766225459841333750,14.60940696454971,1.8562436540936709,0.8847668669910059,0.9112614185781115,4
1766225459940999454,15.006757889902577,1.9156896532912377,0.8850415967661454,0.9113535103016241,4
1766225460091006396,15.219059873731844,1.9791807648840332,0.8850728083777306,0.9113493816325606,4
1766225460117355240,15.13164911031295,1.9415108149504867,0.8851309085349853,0.9113184810835354,4
1766225460141002806,14.718918062573195,1.941182396204903,0.8845943981597207,0.9112687707166963,4
1766225460218489566,14.62981333655511,1.8555920527915577,0.884795247902763,0.9113711999200305,4
1766225460241410004,14.558261785736825,1.823427632856792,0.8848239934193805,0.9113543575674105,4
1766225460317892596,14.81196204839874,1.885655066194863,0.8847923947814285,0.9113320346673198,4
1766225460340996600,14.779418406941968,1.866471784768369,0.8849180529631339,0.9113250512718839,4
1766225460425430169,14.98444270615995,1.9159191105817626,0.8849712032147269,0.9113852420375191,4
1766225460443732115,14.784608589404336,1.9242249172978336,0.8848047726704904,0.9112430031376324,4
1766225460521614448,14.851071262757532,1.946610749901269,0.8845519268603547,0.9112939712494996,4
1766225460541189538,14.748438339240778,1.9096477140462584,0.8846367054602032,0.9112658163984649,4
1766225460594041276,14.92800041646003,1.9599858518992577,0.8848700727339713,0.9113752954590321,4
1766225460624235980,14.706914635571389,1.9242693560131685,0.8845325855419165,0.9113231199509515,4
1766225460641075737,14.599495926763906,1.8949046581842637,0.8846925779393638,0.9113454083430964,4
1766225460741018943,14.897475958181584,1.8780745085395405,0.8851214976932311,0.9113124383904153,4
1766225460791100042,15.013114993548736,1.8962269428661598,0.8849222519141734,0.9112501654262666,4
1766225460841013516,14.574452412516536,1.8482257597195306,0.8849237399857792,0.9113707527409742,4
1766225460891287958,15.02793395833002,1.9198691249683575,0.8851798856770972,0.9114133458915941,4
1766225461018646202,14.841814458740888,1.9124495901181038,0.8848249104670005,0.9112944462326793,4
1766225461091114137,15.108045839414164,1.950531645676345,0.8848848062468985,0.9112670187471352,4
1766225461141018904,14.923202742981312,1.9655742749890435,0.8849622823410366,0.9113618916249243,4
1766225461191049938,15.238775756517775,1.9123513860594619,0.8850889130001615,0.9112709156145049,4
1766225461241004329,15.17840068799825,1.9441857800380606,0.8850687230800234,0.9112459053278826,4
1766225461291026126,15.05246030607099,1.904924400651356,0.8850863153005207,0.9113570343273608,4
1766225461318652281,14.963359230133477,1.9069712477021343,0.8851960629241633,0.9113504913436682,4
1766225461341414423,15.34880077169487,1.978568904644442,0.8854117631487721,0.911338409820087,4
1766225461419577463,14.951442246451506,1.9120146083729024,0.8849456910684044,0.9113067108964545,4
1766225461519452711,15.173970552700755,1.9134231844948189,0.8854794044912915,0.911316119145458,4
1766225461618340222,15.092438025262611,1.9650264685894312,0.8848648134684007,0.9112838731691274,4
1766225461641013977,14.994499023181064,1.9344912920164736,0.8849879118173641,0.9112759327430323,4
1766225461691276447,15.081601918365163,1.9202738129725334,0.8848864327903051,0.9113383121454366,4
1766225461791091362,15.111556288140093,1.934518041816853,0.8849984897571481,0.9113352466699448,4
1766225461841730960,14.883090546456978,1.9032818570077543,0.8849414442384633,0.9112961795481613,4
1766225461991030322,14.90824264692825,1.909866192916261,0.8848614898588458,0.9113058871063576,4
1766225462018342446,14.764259828815241,1.8998115633682657,0.8849764519021817,0.9113615238624287,4
1766225462041069642,14.96509387976852,1.9147022560027647,0.8850691780726682,0.9113802352987694,4
1766225462093565590,14.963561108345402,1.9051199775295502,0.8849775022049285,0.9113094496981855,4
1766225462122671217,14.978552968830549,1.908503951905024,0.8850575563473411,0.9113095520350731,4
1766225462191939415,14.748770467000071,1.8889754453646874,0.8847266686379318,0.911411150395971,4
1766225462219158676,14.761458479295332,1.9406548171482172,0.8844297665772495,0.9113094089084139,4
1766225462241137454,14.708944075254248,1.9011785682690552,0.8845562523683002,0.9112835062056728,4
1766225462291030369,14.649484928246249,1.969487692400531,0.8844383812187198,0.9114174742203054,4
1766225462320005590,14.689461149105853,1.960303581934729,0.8846147966592361,0.9113373436566761,4
1766225462341240300,14.901853939946363,1.8732971064453265,0.8851260891956723,0.9112904699043479,4
1766225462391132032,15.042969517031878,1.953027174453444,0.8847943054812712,0.9113346417159988,4
1766225462442067457,14.582199426175336,1.8630701618248202,0.8848001403288592,0.9113379710197497,4
1766225462541016814,14.853416130372278,1.975401462319351,0.8844639732194302,0.9112345450623266,4
1766225462591032640,14.69697344828158,1.9090537433638308,0.8848650397691871,0.9112778931950659,4
1766225462618860925,14.583730434224783,1.8904062585281614,0.8849796226797964,0.9113631332510397,4
1766225462641023148,14.720196514287466,1.8708768849996815,0.8850203642201742,0.9113370995719152,4
1766225462691024116,14.531137917954462,1.8940290885516426,0.8845462072848159,0.9113295367303125,4
1766225462718605247,14.401008835226214,1.8721831122342163,0.8845530210506773,0.9113166608125157,4
1766225462741039812,14.624709447337626,1.893394917958283,0.8847640645060675,0.9113390499392834,4
1766225462819922495,14.703021015477823,1.819523889184719,0.885149118934081,0.9112841342480921,4
1766225462843147657,14.85722098398945,1.9209188066730893,0.8848862684425984,0.9112805075118924,4
1766225462891025774,15.117492723368485,1.9831584394897268,0.8846505019797603,0.9112254409585829,4
1766225462921616993,14.750374189438586,1.9381210664282393,0.8844869304399705,0.911359730160726,4
1766225462941073329,14.730300275161756,1.909904563565152,0.8846140898976379,0.9113048441307197,4
1766225462991022219,15.042420712400029,1.920603867808425,0.8846562152008943,0.9113448272128823,4
1766225463019880982,14.683365449519314,1.866383519045741,0.8847669978351855,0.9112988925238481,4
1766225463041161347,14.573031388977252,1.8396606306542422,0.8847918200357967,0.9112750956186021,4
1766225463141198539,14.958714776501125,1.8640092202651442,0.8852184848125295,0.9113352866520908,4
1766225463191095291,15.182545397500524,1.995775613490321,0.8848984585519839,0.911356657566651,4
1766225463291034168,14.942858673482885,1.918647343680056,0.8848276340703909,0.9112957262131104,4
1766225463318649693,15.316890489732726,1.999173971507101,0.8848258636732531,0.911291435668807,4
1766225463391020284,15.125985643427375,1.9481491247894065,0.8849497042684772,0.9113150369522016,4
1766225463418968304,15.044410198145952,1.9157675757848136,0.8851729928914694,0.9113836665636588,4
1766225463441593408,15.022258343073469,1.9134684065990437,0.8851549401320145,0.9113623272669864,4
1766225463491027710,14.907906733219068,1.9468356200750756,0.8846618233161636,0.9112779879935637,4
1766225463591035046,14.739507819879538,1.953581944004337,0.8847218465735418,0.9113849948958745,4
1766225463691024829,14.956302254283905,1.9353561278171842,0.8849968842296809,0.9113476264306398,4
1766225463741847301,14.87771893242218,1.9897935238195894,0.8844959723814829,0.9113016598431367,4
1766225463791684311,15.073717843780866,1.9450983842037504,0.8850216212360181,0.9113424690715114,4
1766225463820560035,14.78113567084749,1.9037030198645908,0.8848008760239667,0.9113178010241175,4
1766225463844770348,14.714476814310373,1.8830137830834153,0.8848234570646897,0.9113064858091798,4
1766225463921228413,14.968412861690261,1.94731538801114,0.8849543955591611,0.9113427814503537,4
1766225463941962652,14.975982543541377,1.9291393026446118,0.8852040714026281,0.9113387163256303,4
1766225463991039973,14.666325816145797,1.9116809256896399,0.8845172077790693,0.9114046444794316,4
1766225464042127794,15.037309930924781,1.9483174697713812,0.8847546664637239,0.9112814409553817,4
1766225464091030447,15.12737486283211,1.9727254044935458,0.8848327563985587,0.9113464508860478,4
1766225464118949563,15.135615715464956,1.9475392731080226,0.8849836482490752,0.9113493097635729,4
1766225464141568114,14.76339990357034,1.8959516503222835,0.8848418831410785,0.9113626051021607,4
1766225464221907435,14.97698433828254,1.944612285098733,0.8849027264489119,0.911324039314093,4
1766225464241694283,14.746542600024393,1.906298547480428,0.8849417190256066,0.9113072636562396,4
1766225464291042143,14.707658469127693,1.9025895531198271,0.8846503445721932,0.9113435190568802,4
1766225464320525669,15.12090544900946,2.0063644380744674,0.8848937123207744,0.9113324085967371,4
1766225464391458818,14.864741368505241,1.9096168008446435,0.8848055981685674,0.911288364850743,4
1766225464543729174,14.812689922339972,1.8772903688116542,0.8849712897039377,0.9113168552835722,4
1766225464620831269,14.881208801923451,1.9518508981446203,0.8846201496014197,0.9113596505515696,4
1766225464842422463,15.007312332213196,1.9133858826397974,0.8851816159292587,0.9112916703128255,4
1766225464891065988,14.758972856015351,1.9364331298088617,0.8845813842620248,0.9113076437199271,4
1766225464919688126,15.185165333296613,1.993783237351893,0.8846962533492384,0.9112806921654054,4
1766225464941893510,15.114355870317953,1.9776787235877338,0.8848265193045071,0.9112730405510383,4
1766225464991171218,14.906682084814937,1.9348435878084265,0.8846905029490678,0.9112896226432706,4
1766225465041928577,14.789762025030907,1.7855085422311425,0.8851195113181193,0.9112949351836254,4
1766225465120653183,14.813299540338832,1.9019538541848657,0.8847485366266723,0.9113263922271188,4
1766225465142860240,14.842217340229947,1.8935144938248587,0.8850203294698062,0.9113576446697659,4
1766225465242018580,14.623524422558877,1.869357064107882,0.8847655269524742,0.9113135195752401,4
1766225465291116139,14.862796251902566,1.9090608273139138,0.8847721952866772,0.9113434655205855,4
1766225465391320605,15.185956426220448,1.8588327985884012,0.8853321995785116,0.9112841209150868,4
1766225465420003376,15.153533077759684,1.9864656607305984,0.8848362288061296,0.911380524767296,4
1766225465441891063,15.105173817872686,1.9509234296573572,0.8849444816116337,0.9113477494003496,4
1766225465491029780,15.113940872063747,1.976464313207228,0.8846817494230735,0.9112340038689163,4
1766225465519603175,14.901168342971394,1.9499056864559146,0.8846784922930732,0.9112996828346339,4
1766225465542495431,14.845763938635903,1.9306297334337998,0.8847833222405862,0.911289827597109,4
1766225465591132013,14.827323838979778,1.926770698826352,0.884640803063554,0.9113881871494238,4
1766225465620579733,14.819954748025776,1.9675094923057892,0.8844384692084154,0.9113724348919127,4
1766225465642383883,14.712729508417844,1.9325027469002827,0.8845085895562428,0.9113085380154238,4
1766225465691037277,14.907909932193043,1.9457487149483157,0.8847698996354408,0.9112938739984189,4
1766225465719817411,14.76676603913296,1.9538165659633606,0.8848744569836948,0.9113090493423721,4
1766225465791038501,14.803544718153038,1.9071547851851027,0.8848033746703541,0.9113526944950345,4
1766225465842235827,15.162429300020763,1.9369312635969236,0.8852015561568661,0.9112865189837038,4
1766225465943067773,14.535762383838136,1.8826822336937652,0.8846581702070629,0.9113681663216495,4
1766225465991035678,15.116491033046575,1.9161601109353024,0.8849295118837693,0.9113443387453254,4
1766225466091049115,15.072280943114524,1.9235097471566007,0.8849035548525852,0.9113820912479188,4
1766225466142911752,14.310974019385414,1.8578683976713801,0.8843391198797056,0.9113594935183127,4
1766225466191044037,14.531101936476777,1.8142891831609795,0.8848971828764183,0.9113882357974118,4
1766225466220298422,14.73478991473598,1.9124338798535292,0.8846281415338432,0.9112697551573193,4
1766225466291044469,15.012440002284077,1.9306487155349596,0.884852559378046,0.9112835543259772,4
1766225466320320746,14.80864323119957,1.9074755859072554,0.8846741838891546,0.9112835175111945,4
1766225466391054279,14.737216195172431,1.8663219091995535,0.8849512939996784,0.9113068112383067,4
1766225466491044882,15.137486507456167,1.9656794383342058,0.8850817580575662,0.9113282828489971,4
1766225466620976192,14.72592121706262,1.8617754459995726,0.8849648050910376,0.9112820822230487,4
1766225466642601115,14.813973421577753,1.837579963391855,0.8849419213232587,0.911184215297791,4
1766225466691049874,14.985612433784157,1.9185821074788956,0.8847637160286033,0.9112592752011197,4
1766225466743678451,14.758859189320406,1.8691139336098592,0.8848202175452509,0.911238954624622,4
1766225466820672985,15.084055129728991,1.9401510897661487,0.8850157989282673,0.9113001610039387,4
1766225466842582893,15.197932278713244,1.9465531477553393,0.8852509978554282,0.911286656282154,4
1766225466891045288,14.926784930418545,1.9193674875627058,0.8848916572882237,0.9112881241704582,4
1766225466942657905,14.525730390079982,1.842019045001562,0.8848175182205018,0.9113394550395228,4
1766225466991043556,15.05241628187437,1.8946918792054865,0.8851344025159744,0.9113462076625864,4
1766225467091058786,14.824303530066807,1.8928658223427095,0.8847792589001672,0.9112769550262618,4
1766225467121027524,14.682807842642532,1.8926496028027495,0.8846766565661384,0.9112813304683376,4
1766225467143288954,14.627427677797344,1.8763999835051552,0.8847332536180724,0.9112615258804715,4
1766225467191047055,15.174968263646061,1.8703102092729007,0.8851698132516551,0.911314092858417,4
1766225467291048268,14.81327916086217,1.9205321541643325,0.8846518318492416,0.9112954906200432,4
1766225467320369119,15.01579252200158,1.9328380629440476,0.8847411203539618,0.9112831493883518,4
1766225467391048079,15.016221494541515,1.9894794230847006,0.8848281611315973,0.9114763501939377,4
1766225467420941065,14.86432971906726,1.9703930740811684,0.8846591203792263,0.9112984288088474,4
1766225467443265102,14.77086104614489,1.9311383989501985,0.8847715125965123,0.9112742918238382,4
1766225467491041588,14.868069077078383,1.9726401467777783,0.8845634486116105,0.9113792020657595,4
1766225467521013212,15.043997065290583,1.9811862410767798,0.8848411073417923,0.9113491404670783,4
1766225467591048772,14.843929809474133,1.9135195197106944,0.8847141679475751,0.9112273424434825,4
1766225467620817264,14.788963801498634,1.9212450655626696,0.8848568121791386,0.9112807843647754,4
1766225467691047792,14.897843058874871,1.892226169562308,0.8848099494917085,0.9112861552277051,4
1766225467721324158,14.834151508183346,1.894299427566193,0.8847882428198194,0.9113118835964087,4
1766225467744127196,14.824643932600301,1.8747537742101161,0.8849257807220716,0.9112632356882325,4
1766225467821151345,14.95898374942195,1.8906068007609453,0.8849662984449634,0.9112828751425642,4
1766225467843208230,14.902142324796364,1.8677033639921616,0.8849316010444976,0.9112706958379665,4
1766225467891054256,15.39061083310278,1.9883589310574865,0.8852273968832232,0.9113340343078077,4
1766225467991050500,14.819667646128298,1.956266084528072,0.8845558895659399,0.9113931851746223,4
1766225468042935288,14.887236959505113,1.8614592846368039,0.8851493207821828,0.9112887864064003,4
1766225468091196335,14.884753374880265,1.8865652453424204,0.8849813103278475,0.9114169789362458,4
1766225468120775641,14.732687748189255,1.8737090656039812,0.8848414229246536,0.9112777986675651,4
1766225468143569121,14.724872356659425,1.8652920029937954,0.8850128229518464,0.9112552478112166,4
1766225468191131954,15.092678824456751,1.942692155127894,0.8848003854566877,0.9112944834091816,4
1766225468243561467,14.454469360878353,1.8308027863350655,0.8846555411667592,0.9113080986753516,4
1766225468321004222,14.910151455737818,1.8992093572250173,0.8850896992892119,0.9112609570670934,4
1766225468391061173,15.003540127676018,1.9405009526151833,0.8849025008828184,0.9113143439222023,4
1766225468491055984,15.192258498769263,1.9710023540819908,0.8850297980197551,0.9113399484801648,4
1766225468643355914,14.452605255210415,1.8384502512823937,0.8847590168514791,0.9113395365615314,4
1766225468691054844,15.011657413245839,1.9917915482788,0.8846001241040067,0.9113640997409796,4
1766225468720903577,15.339206308050857,1.963347992518569,0.8848718628653833,0.9112469291784133,4
1766225468744101446,15.295287648657618,1.9325303075703224,0.8850695293822658,0.9112680646617404,4
1766225468791047731,14.830265619738547,1.8642766326421163,0.8849974804812132,0.9113289914937033,4
1766225468821063227,14.815632044322236,1.8353394026812744,0.8851881463628891,0.91132391091227,4
1766225468891068781,15.13062700219825,2.0126915627443998,0.8847135551779877,0.9113635212043285,4
1766225468921110397,14.938386737144537,1.9145725241334322,0.8849293784187238,0.911307255558614,4
1766225468943372397,14.832564588771913,1.8734634242099437,0.8849873647674154,0.9112614466695211,4
1766225469023718130,15.019907389142384,1.914494356352609,0.8851019887827946,0.9113373008619906,4
1766225469049054159,14.751346422731682,1.876179848807997,0.8851360766052387,0.9113634164566883,4
1766225469095826136,15.343628914347708,1.9312979655502205,0.8853065837789694,0.9112829529278881,4
1766225469121801397,15.021875218808379,1.9023080246926405,0.8849126405198997,0.9113165404274428,4
1766225469191084703,15.040795933016993,1.9193802344625677,0.8849433451595712,0.9112905868250708,4
1766225469244833867,15.15958698575215,1.9132489043026206,0.8853763841440558,0.9113036507512923,4
1766225469291069485,14.87754328296842,1.918000612697051,0.8848571665295647,0.9113607532280708,4
1766225469343971255,14.690545281733524,1.852468379057015,0.8847636759136688,0.9113080931771065,4
1766225469521857846,14.91885869953924,1.9360359314939544,0.8847971770138159,0.9114318824333436,4
1766225469544322797,14.811852476581123,1.8969712471253235,0.8849531731062847,0.9114204829489798,4
1766225469591051974,14.965596776158385,1.954502669145708,0.8845852486965303,0.9113198548961733,4
1766225469623959086,14.830595025769444,1.8935952967612348,0.8847425556377387,0.9113062160580455,4
1766225469646143801,14.910677173790244,1.8710108923982636,0.8850151856486169,0.9112595642442892,4
1766225469691052505,15.337551328202025,1.9458125910116884,0.8851535680423052,0.9112469877096064,4
1766225469744392540,14.986960436167651,1.909900388361916,0.8854523835890175,0.9114114224258161,4
1766225469791068486,14.927731303713054,1.9457989845310157,0.8848071888598756,0.9113154147215671,4
1766225469843704026,14.674752270283031,1.903527959100141,0.8848737240655592,0.9113026478282241,4
1766225469891058428,14.943408731484809,1.9539225287053448,0.8845738329820575,0.9113381836198575,4
1766225469921592659,14.83750399006567,1.9281017946754027,0.8847545748536031,0.9113168908397805,4
1766225469991063187,14.700694823967853,1.8512135579480176,0.8847135914388805,0.9112679441007864,4
1766225470044377643,14.971178786444828,1.9073445107152724,0.8849956413427134,0.911321307194501,4
1766225470144338500,14.580117795454983,1.8880971635560253,0.8848616877028371,0.9113651531224597,4
1766225470191054231,14.946895115208413,1.8895733930868712,0.8847955192218668,0.9112625030491465,4
1766225470222581730,14.65933008559761,1.907569179037005,0.8845388198648542,0.9113550903542411,4
1766225470245022466,14.605828382505571,1.8659840214189523,0.8847450129061758,0.9113539586299256,4
1766225470291057557,15.141517559784322,1.960153642654673,0.8848623039924363,0.9113229887451344,4
1766225470322062955,14.530238965749342,1.8644355001716557,0.8847197890692561,0.911309733904701,4
1766225470422098722,14.489291589901754,1.8515740452578169,0.8845592744870169,0.9113939764268338,4
1766225470444562622,14.436532078535791,1.8186691080398787,0.8847671518105156,0.9113812138149524,4
1766225470491068128,15.062713155971075,1.9014973387051746,0.8848305417852098,0.9112277685533388,4
1766225470622945365,15.314023556956101,1.9442070596508605,0.8854576705142996,0.9113464152579754,4
1766225470644402893,15.071454201574852,1.9124990007481137,0.8850870328082018,0.9113435920072799,4
1766225470745072341,15.112148096932732,1.941011829308386,0.8849191133993208,0.9112930441377665,4
1766225470791071515,14.650746527050341,1.9100876240274307,0.8845845611000261,0.911419210569891,4
1766225470821964191,14.645277012757973,1.890852553407079,0.8847790979834882,0.9113289466821056,4
1766225470845427189,14.933515591862845,1.927413671222804,0.8849556293690007,0.91131528717032,4
1766225470891070594,14.8845586378894,1.903884115030824,0.8848010286875592,0.9113195727187666,4
1766225470922521328,15.239409296659012,1.972895943414924,0.8849323680963999,0.9113091262173271,4
1766225470944647674,15.27874475303459,1.9673113510888565,0.885194169204587,0.9112992112452507,4
1766225470991151637,14.899572003611251,1.9466660352592275,0.884721278300725,0.911273421309355,4
1766225471021683303,15.014547261416599,1.9075271414994488,0.8854235985881626,0.9113802841138765,4
1766225471044396441,14.918268176524862,1.889464087760922,0.8851475715353844,0.9113816289469041,4
1766225471121502193,15.084544541173251,1.9526784136085047,0.8851625816681787,0.9113155953122891,4
1766225471144395490,14.826732806141663,1.895247747259721,0.8849026497187085,0.9113210637915674,4
1766225471191060906,15.028509807360479,1.8750164030172678,0.8850783062296489,0.9112691648268846,4
1766225471222205074,14.793135293724502,1.8899365878373862,0.8850943900246993,0.911333994383915,4
1766225471244347319,14.732846689089808,1.8710566763647376,0.8848314282805153,0.9112741973350903,4
1766225471291164010,14.85687798752866,2.004739690313548,0.8844960002247999,0.9113194536323518,4
1766225471344924344,14.609016920799633,1.8981053258568277,0.8845290338910212,0.9113250816658092,4
1766225471444956665,14.638562680292067,1.8955536784677722,0.8845878899821606,0.9113312643730506,4
1766225471545060781,14.876707834633574,1.8516028191446285,0.8850549241335798,0.9113385378563621,4
1766225471591095401,15.079188421771805,1.968952272164722,0.8845236255062027,0.9113185149786681,4
1766225471622959613,14.939227128987653,1.9231782680409353,0.8849231714849702,0.911310555844735,4
1766225471644886563,14.81335589527799,1.8912282561648779,0.884908047329202,0.9112844293635312,4
1766225471691565445,14.837753740598147,1.8945254163273377,0.8847577188758952,0.9112306105944069,4
1766225471722359385,14.812182960773024,1.8785089581783343,0.8848253112671203,0.9112610987771302,4
1766225471791046019,15.061325827283367,1.9517897169204965,0.8851683107251376,0.9112893555161643,4
1766225471816059722,15.183781425504028,1.8941032193683252,0.885300057469653,0.9112979096279399,4
1766225471845753573,14.66499842072755,1.8820231732165982,0.8849061134624407,0.9113428328719204,4
1766225471891073881,14.346934683888257,1.8115691613115268,0.8847292475091608,0.9113478802624676,4
1766225471923153447,15.095238513327836,1.898694677483644,0.885057514916066,0.9113424225333949,4
1766225471945223817,15.005534406299148,1.8649283565963473,0.8852574894208178,0.9113338177362503,4
1766225472045415688,14.702961799507142,1.9075811130401794,0.8845296589009832,0.9112779833966377,4
1766225472091081004,15.000970234350097,1.9592590588467744,0.8849141753325627,0.9113601128040464,4
1766225472145317323,15.149151645803993,1.9435168602528277,0.8850400182237065,0.9113665420801367,4
1766225472191135296,15.01168646393225,1.9938052117543652,0.8848004749541937,0.911379737823937,4
1766225472245423913,14.610044941381517,1.9243355951956316,0.8843449219956907,0.9112829837377387,4
1766225472316062286,14.717996787189547,1.8925057844075805,0.8849482498884359,0.9113299787860971,4
1766225472416054000,14.714959325011767,1.915516386523092,0.8847888766622622,0.9113505522037542,4
1766225472523356668,15.068218321028892,1.9534924349570097,0.8847054010195528,0.9113302359405457,4
1766225472545557353,15.089900460414697,1.9270779474027795,0.8849415608551734,0.911316147104131,4
1766225472623361818,15.087676994437139,1.9012784503958502,0.8850441518105242,0.9113338749549532,4
1766225472645253272,15.048544889639025,1.8695519398103173,0.8852777121166208,0.9113325967900449,4
1766225472723218368,14.813488926853303,1.9221978584275559,0.8847874483139876,0.9113952830838595,4
1766225472745235588,14.85833962641625,1.9118288056962431,0.8849856869690502,0.9113658373133041,4
1766225472841055731,14.934550457380347,1.9073453813969248,0.8849566514450926,0.9113136566745762,4
1766225472891069141,14.58734355143565,1.8905515016571706,0.8846158340919233,0.9113098158118912,4
1766225472941073514,14.641857513797763,1.8432514215209823,0.8849772153362387,0.9112936469226979,4
1766225473016063036,14.82314178856836,1.9181537077408588,0.8848237066949253,0.9113034204760128,4
1766225473116135622,15.018444750138915,1.934420045694927,0.8850353719106456,0.911305201177117,4
1766225473141070457,14.992306563487269,1.9306841838082414,0.8848584865268527,0.9113070846465158,4
1766225473191569109,15.134069570011178,1.9606444271398964,0.8848952250970574,0.9113174235157867,4
1766225473241063023,15.19408945392442,1.9459523592298356,0.8852263032298654,0.9112962590228936,4
1766225473291060944,15.012938731118641,1.8984531562182647,0.8847260679027882,0.9112070894007402,4
1766225473322928521,14.78088528351995,1.8685452603542383,0.884809379793996,0.9112822340485187,4
1766225473341088410,14.549024820024513,1.8108057475805215,0.8847319417464341,0.911267347282351,4
1766225473391108483,15.047775605268487,1.8992154449466314,0.8851690781656277,0.9112752436358227,4
1766225473416064427,14.94134741363451,1.885604354975524,0.8852170508963056,0.9112722878404946,4
1766225473491131716,14.791279975733595,1.9257718700455886,0.8846664800051659,0.9113472245572393,4
1766225473516065389,14.746002279993897,1.897878144869789,0.8847571494401123,0.9113231420471526,4
1766225473541068672,15.04097179819408,1.9526924005747315,0.8850154085255648,0.9113550779801173,4
1766225473616072962,15.040626985310945,1.9423627612859402,0.8853021573219036,0.9113645851903177,4
1766225473641138112,14.910693515786555,1.9162673931225538,0.8849974831603217,0.9112787325057933,4
1766225473716058865,14.605147429775812,1.8822928605877365,0.8846165872184407,0.9112690824272155,4
1766225473741060786,15.13410615670363,1.903590471483217,0.8850008791547758,0.9112649501894647,4
1766225473791064699,14.874724654459826,1.9430462677651297,0.884506768617948,0.9113116333865842,4
1766225473991087330,14.963493127303495,1.9286886246909387,0.8849353048660373,0.9112870247055233,4
1766225474016067510,14.896321891677665,1.8795142292197258,0.8849907922793048,0.9112781654515789,4
1766225474041073108,14.772749006916609,1.9044358041905576,0.8847214970069532,0.9112620679693064,4
1766225474141061035,14.954476326391909,1.865804735418464,0.8850308263448043,0.9112598790335504,4
1766225474191170595,14.987535328578883,1.9405278678910693,0.8847239064169818,0.911258370660227,4
1766225474241085019,14.9356665223338,1.9030634372768331,0.8849683614904561,0.9113081501002036,4
1766225474291097237,14.859714187318795,1.9001177520794097,0.8849190145246993,0.9113268126214185,4
1766225474341074108,14.999421463403383,1.8795345467153524,0.8851543185904401,0.9112657551706911,4
1766225474441076552,14.801920361242615,1.8912671165063977,0.8849269481428698,0.9113061693493789,4
1766225474541065300,15.017100320300901,1.8918745012480207,0.8850920306174281,0.9113604211934789,4
1766225474591960788,14.711139975185361,1.857499391164301,0.8850237905159731,0.9113723787982264,4
1766225474616070913,14.599950151352292,1.8198813243766003,0.8850393773671054,0.9113196764543832,4
1766225474641067594,15.016571921525612,1.9223933558456396,0.884951219718978,0.9112253322771633,4
1766225474741084415,14.917120614604151,1.9115200207527436,0.8850727126908734,0.9113460978470695,4
1766225474816069409,15.15696467650951,1.931770154227908,0.8849753938187882,0.9112532972271419,4
1766225474841072943,15.037767286106064,1.9274379786377618,0.8851040550302234,0.9113294016009867,4
1766225474916072935,15.098780470929164,1.9281860861379125,0.8850883540415865,0.9112678592691472,4
1766225475016074897,14.618145812061112,1.923314778527046,0.8844938670151062,0.9113400819716411,4
1766225475193044190,14.919585600554175,1.945319075596346,0.8849308561015718,0.911313439070711,4
1766225475216073343,14.80413225338384,1.8967835647084106,0.8850231576751634,0.911318190974122,4
1766225475241081676,14.678225695306857,1.8897814893901779,0.8847685538050373,0.9114164515578944,4
1766225475291140210,14.605914151286093,1.8957019414581886,0.884559721632538,0.9114019887982534,4
1766225475391800621,15.149502620915744,1.929155839982264,0.8849905480417884,0.911313199254533,4
1766225475416084241,14.646264996482472,1.8826086685142296,0.8846761647518747,0.9113140045475598,4
1766225475441087174,14.776086079632101,1.8857529718601644,0.8847978447035458,0.9112696286929772,4
1766225475516072328,14.999009182161238,1.9236799070984059,0.8848350937533666,0.9112860191384171,4
1766225475592056971,14.755885965151872,1.8953841187342926,0.8847398829314373,0.911296454356669,4
1766225475616074491,14.872260052416708,1.8926142344494679,0.8850807403034118,0.9113142603392268,4
1766225475741073135,14.68378867027087,1.8701616084822608,0.8848124671442947,0.9113300653529571,4
1766225475791431944,15.014048368849785,1.9429561811371485,0.8847883544455876,0.9113261007136482,4
1766225475816092373,15.082300079491407,1.9464154429909337,0.8850146116756077,0.9112845728390917,4
1766225475841079496,14.848503611938568,1.913171590019399,0.8848592128528875,0.9113079137110001,4
1766225475891113785,14.88142511669377,1.9040107171974923,0.8850785296320008,0.9113833746846683,4
1766225475916085800,14.580431757096001,1.8498438606879908,0.885041833306697,0.9113860843973852,4
1766225475941079656,14.945337916553058,1.9505462879265723,0.8847470352850314,0.9112853335115969,4
1766225476016076802,14.57847058534989,1.8394024012286614,0.8848733315541013,0.9113520634251183,4
1766225476041091286,15.094877662024553,1.9329260216955604,0.8849519513933499,0.9113492744377428,4
1766225476091376537,15.338360448485355,1.9790973119984911,0.88501669322653,0.911356577078203,4
1766225476141081527,14.743371332093469,1.8332387377773942,0.8852095124886343,0.9113356449048973,4
1766225476191500609,14.791029276067903,1.883846483860121,0.8849851681078496,0.9113779995951151,4
1766225476216085446,14.685639479137258,1.8623580087544809,0.885064315348751,0.911368689835263,4
1766225476241080263,15.436111739779657,1.9120315818894178,0.8857200699134072,0.9113486220602451,4
1766225476291536205,15.0230513563272,1.9369459143678316,0.8850170381219348,0.9113184028812447,4
1766225476316084222,15.097629878334073,1.9260089575620827,0.8852922661635177,0.9113010410798931,4
1766225476341091994,14.79882300759716,1.9657739770038603,0.8846886963959089,0.9114287039448024,4
1766225476391390099,14.9524057368422,1.9381582020323693,0.8849697371040091,0.9113824115339825,4
1766225476416076537,14.907197297497564,1.9080765775785444,0.8850768358364148,0.9113343755372423,4
1766225476441073619,14.830609082146173,1.8607348252071683,0.8849841550774565,0.911221063362558,4
1766225476516078860,14.827352089956891,1.9305468529254755,0.8845847053443138,0.9112709772377114,4
1766225476541103494,15.365897479512336,1.9736112512548383,0.885296098843653,0.9112973116828865,4
1766225476592350272,15.199483069180175,2.0039044558147534,0.8848581134017337,0.9112786345867748,4
1766225476641086571,15.00594816507228,1.8884484019103653,0.8850930369802418,0.9112652734487665,4
1766225476716085731,14.885300764234222,1.8746209634095592,0.8848388884449538,0.9113198751844385,4
1766225476741079406,14.8647891609468,1.9159773704902385,0.884989992892571,0.9113078898632896,4
1766225476791340251,14.70966810292551,1.9439199627669215,0.8844947307628476,0.9113852920464232,4
1766225476816083415,14.62863165655004,1.9230335443215913,0.8845694801556055,0.9113486369306137,4
1766225476841088021,15.056310559759535,1.9195949155115553,0.8852046139928987,0.9113033799354829,4
1766225476916080308,14.621185266903591,1.8858375577211652,0.884646997429748,0.9113472352443657,4
1766225476941088641,14.674613361936096,1.867145636509064,0.885007310893845,0.9113764735690925,4
1766225476991397075,15.188713706741686,1.9564414507534826,0.8848557249417467,0.9112869798540358,4
1766225477016079886,15.098832502639436,1.9260991546327588,0.8849101661215935,0.9112975577325498,4
1766225477041084191,14.993090003338816,1.9239107868480032,0.8848396199897586,0.9112709023828158,4
1766225477116086728,14.767703216439054,1.870084515710675,0.8847574487039642,0.9112899181847028,4
1766225477141085893,14.971978001111497,1.9316713222710762,0.8847248537476761,0.9113062187566604,4
1766225477191641141,14.957179366636208,1.943864144054863,0.8848331550691456,0.9112999501279193,4
1766225477216082077,14.894949226826437,1.9333623510951794,0.8849547740266939,0.9112832693801356,4
1766225477241087264,14.661704104560469,1.9445986457265072,0.8846440894058262,0.9113627439361169,4
1766225477291697686,15.337017179008928,2.025846811893685,0.8847170903724857,0.9112000261475107,4
1766225477316083930,15.313361962175144,2.022157626339908,0.8847915281137096,0.9112214599876516,4
1766225477416089408,15.225819247448369,1.9546061814859208,0.8850984113642225,0.9112792465558593,4
1766225477441084777,14.855016498157237,1.9286217323511858,0.8847160625366014,0.9112792483937663,4
1766225477516527180,14.978941203707908,1.9462349130974648,0.8852037918070773,0.9113435594159202,4
1766225477541091739,15.068459144793934,1.956359469819414,0.8848924922610996,0.9113149431558357,4
1766225477616086310,15.012500606782941,1.9286693974463338,0.8850745759105918,0.9113103784532057,4
1766225477641087179,14.79144512043895,1.9213181435116227,0.8851297505463969,0.9113494594128118,4
1766225477692576603,14.359846347493654,1.848642009001719,0.8847739571808733,0.9113991930430003,4
1766225477716094714,14.513983553400834,1.8331759095541134,0.8847738566377001,0.9113303834066687,4
1766225477741092057,14.697438341369939,1.8922527508096472,0.8845710717838003,0.9113202400095761,4
1766225477791730301,15.32510967318701,2.012879437467321,0.8849279137221896,0.9113165319145816,4
1766225477816093130,14.74123354093415,1.9239627886444486,0.8848260240105006,0.9112847556786822,4
1766225477841088408,14.922177018633853,1.9201294240773459,0.8849650208828739,0.9112366344328736,4
1766225477894484417,15.245553669223089,1.972892353059099,0.8853243674328304,0.9113398035514161,4
1766225477916088941,14.716455856191303,1.9284099873738367,0.8847069556683206,0.9113015679199524,4
1766225477941091032,14.476347330220074,1.881411067392846,0.8844438156750877,0.9113629835687895,4
1766225478041090519,14.634543589493454,1.937188016103861,0.8845159527578192,0.9114230320830417,4
1766225478095312410,15.301942454561956,1.9979210211217076,0.8849520910030748,0.9112841822952993,4
1766225478116095500,15.301942454561956,1.9979210211217076,0.8849520910030748,0.9112841822952993,4
1766225478192984913,14.882595993349623,1.8853643630096777,0.8849565367675921,0.9113094161113651,4
1766225478216089898,14.815920839440055,1.8768516729631486,0.8850748336518423,0.9112876026292464,4
1766225478241077021,14.699694022099031,1.8841346484410746,0.8847250688441759,0.911302265599992,4
1766225478292110858,14.499152509370838,1.9065854994905203,0.8844885517089225,0.9112922465107073,4
1766225478316103111,14.846648236169212,1.9081286603782988,0.8849486181494132,0.9113166515240697,4
1766225478392693783,14.864625046947854,1.9327381962611219,0.8846435755442222,0.9112727486117431,4
1766225478441104008,14.245532385727454,1.8560954040896143,0.8843689798047104,0.9113127385254348,4
1766225478492124811,15.054983987085823,1.9985892377564392,0.8847883985878664,0.9114040876319736,4
1766225478516098679,15.049315443040555,1.9661393534649916,0.8849313192449956,0.9113662335200201,4
1766225478541101191,15.004589428202152,1.930921960138345,0.8846366459493058,0.9112243564105212,4
1766225478592875411,14.621609242284507,1.8844895103055712,0.8849240656261838,0.9113889367000433,4
1766225478716107242,14.978231179141988,1.910216200207644,0.885033251403667,0.9113394416654967,4
1766225478741103021,14.709132937167247,1.8967696761281947,0.8847022882396118,0.9113147391199536,4
1766225478794764799,14.970043433840452,1.9802764641226307,0.8844336421772394,0.911304626496095,4
1766225478816090379,14.826509083408546,1.943508262612006,0.8845116769639859,0.9113211034875015,4
1766225478841097039,14.675215614257109,1.8875564334273243,0.8848060754192139,0.9113555558861611,4
1766225478893134653,15.033391658933692,1.9524184583511488,0.8848741403850646,0.911396306631064,4
1766225478941092558,14.575291045934025,1.866018125541708,0.884583388646475,0.9112970405203936,4
1766225479016084725,15.004398737271885,1.9425191576121146,0.8848452899485043,0.911306352167421,4
1766225479093858260,15.131858669785615,1.9259092784557825,0.8850243421107569,0.9112698284849933,4
1766225479192180955,14.266086075530481,1.8539900982604884,0.8844666733447644,0.9113083688397271,4
1766225479241099606,14.866197991557527,1.9143127772597377,0.8848909620460137,0.9113502978862258,4
1766225479316090650,14.724687950971038,1.9102829351928683,0.8846551907807434,0.9112862171291803,4
1766225479341092311,14.707181944596304,1.9097953374077261,0.8847735542109365,0.9113304023735936,4
1766225479416095938,14.788325575403437,1.869850977890098,0.884820363961535,0.911289856992409,4
1766225479441090746,15.088270751657529,1.9486937187335265,0.8849366988496673,0.9112916322994103,4
1766225479493458190,14.799486259419181,1.8772965114010418,0.885013452797044,0.9112322000617975,4
1766225479516095055,15.125329347230654,1.9179561109451397,0.8850901671372267,0.9112703150906353,4
1766225479541087628,14.806213843991722,1.9164374875637418,0.8848104127166002,0.9113096751828395,4
1766225479594034682,14.814667480636201,1.9050550685790433,0.8847778257169141,0.9112346995620876,4
1766225479616346876,15.112184001946583,1.9514541312007974,0.8849386362927644,0.9112371468062176,4
1766225479693921207,14.901759931469138,1.930360245297986,0.8848903873563738,0.9113352451204825,4
1766225479716134235,14.768079658736056,1.9012175073676811,0.8849758067316231,0.9113836322218574,4
1766225479741309511,15.380784516169754,1.967329758486057,0.8850861020896267,0.9112449220532352,4
1766225479793162038,14.832176521411998,1.9422464487937825,0.8845424451661685,0.911359918220312,4
1766225479816091292,14.700421646352769,1.9019405004305894,0.8846114347122981,0.9113409294158353,4
1766225479841089346,14.909782086412582,1.8994841046677302,0.8848292525253735,0.9112958297487532,4
1766225479892644163,15.194254839615894,1.9587671345975224,0.8852013664973475,0.9113332858532563,4
1766225479916228879,14.73477055174266,1.8383702719708954,0.8853342141384231,0.911366486390741,4
1766225479941091678,14.818636510779859,1.9230769536681658,0.8849275214630559,0.9113885140672112,4
1766225480017326170,14.853007663666485,1.9041389568992158,0.884895892968499,0.9112901179179511,4
1766225480041099190,14.777450631678013,1.891364156584463,0.8847953615698587,0.9113102417387962,4
1766225480116094342,14.693251026976494,1.94966602582182,0.8845460523913528,0.9113819843988288,4
1766225480141095712,14.85119373912369,1.9104778431800038,0.8846828719737778,0.9113103193805635,4
1766225480241103244,14.613567724038656,1.9036716909164566,0.8844005088738216,0.9112735589559495,4
1766225480392974573,15.117759924066387,1.9603134123939447,0.8848259340291313,0.9113525582672227,4
1766225480493568097,14.996703772244047,1.9755962647680987,0.8845885347689307,0.9113636355461185,4
1766225480541109269,15.044136967252818,1.898898307159389,0.8850252669643046,0.9112450218474848,4
1766225480595090116,14.816187962584548,1.8905665188691103,0.8847532335018482,0.9112680351605698,4
1766225480617330315,14.688071678243597,1.8915808818155184,0.8848648865020321,0.9113174427741959,4
1766225480641106622,15.31794817791643,1.9883858515761186,0.8851320237203396,0.9112484311787273,4
1766225480716105250,14.98688305958562,1.950792799590832,0.8849530602468159,0.9113452588208515,4
1766225480741104956,14.786685125821153,1.915048970961977,0.8848319996175962,0.9112909670621627,4
1766225480793124527,14.86801756426004,1.9394589553947363,0.8846834250876678,0.9113202346649388,4
1766225480816505230,14.805408800333542,1.9026721682542576,0.8848849072136874,0.9113072631598792,4
1766225480841105946,15.399845348152198,1.9484187247096274,0.8854680765929026,0.9113277785423773,4
1766225480893373052,15.03407954907554,1.895442983005803,0.88531537902101,0.9112778028698874,4
1766225480916138789,14.842198869494116,1.9156295036131006,0.8849415106621649,0.9112876976583911,4
1766225480941140970,15.022031748233356,1.8924592447884387,0.8847896729372624,0.9111756912922424,4
1766225480995664026,14.741090144783865,1.9104265004257555,0.8847601815671967,0.9112876756222089,4
1766225481016318344,14.792086166788842,1.908430480060631,0.8847670500092036,0.9112863008212961,4
1766225481041094600,14.931025326301196,1.9111086188775697,0.885079154665066,0.9112686469869026,4
1766225481116112705,14.964788679975971,1.893542027441877,0.8851233533726038,0.9112746353040964,4
1766225481141105919,15.127910669188061,1.932290382918149,0.8849446375870653,0.9113085555737543,4
1766225481193680292,14.649876219709924,1.9099601914908722,0.8847217761635874,0.9113784028692751,4
1766225481216440098,14.826467855080239,1.887117103441988,0.8849745378309668,0.9113852029848751,4
1766225481241103603,15.009726946510371,1.918665696721005,0.8849722905879686,0.9112982931431924,4
1766225481316127077,14.756139546695856,1.8814215015216311,0.8847853782666829,0.9113040451309166,4
1766225481341097348,15.160595533989518,1.8991520630407595,0.8850385457421314,0.911230787156158,4
1766225481416216613,14.896670399787482,1.8620351398161028,0.885200486811017,0.911231422497361,4
1766225481541112292,14.6685659440714,1.9175450094981872,0.8847175821762445,0.9112830456073483,4
1766225481641122378,14.612885910263106,1.8658655721460826,0.884841487979749,0.91132701572502,4
1766225481694090131,15.066319889886604,1.9386237159507078,0.8849868684407313,0.9112952439971597,4
1766225481742479658,14.725892898367455,1.9532450378224775,0.8844093581325471,0.9113864330299958,4
1766225481793735482,14.75563745660069,1.9112217724503475,0.884785083172785,0.9112669580441322,4
1766225481841109129,14.848933758529137,1.903388819070524,0.884896009116577,0.9112568535118283,4
1766225481894322093,14.865653791672484,1.9002551212437682,0.8849366542097213,0.9113267635893285,4
1766225481916487661,14.429797285794299,1.844168326852625,0.8845378464064835,0.9113423831495928,4
1766225481941102103,14.806773103245185,1.9494808779736361,0.8846748835354363,0.9113254138616995,4
1766225482016120108,14.872536863922758,1.9050076428312064,0.8848156598892933,0.9112247165677285,4
1766225482041112460,15.04544087608306,1.9055726663201626,0.8851293218084965,0.9113069716853787,4
1766225482094385777,14.850155488137617,1.8917618101395328,0.884895857820948,0.9113327510224954,4
1766225482119625415,14.996910859758628,1.8586522749337644,0.8852672558230541,0.9113224570853354,4
1766225482141105244,15.067724086255563,1.9707682477655473,0.8847317656306396,0.9113724480633864,4
1766225482194164228,14.595910719625738,1.9126957018824209,0.8847962058610637,0.9113094725897323,4
1766225482216933842,14.858441855624239,1.8953290049260374,0.8848579099364531,0.9113065947707959,4
1766225482294126735,14.715831889010488,1.8927117819362087,0.8847794117912082,0.9113134128096356,4
1766225482394589102,14.799750983109593,1.9456692329827596,0.8847347959532755,0.911333372872695,4
1766225482416364577,14.708332096493692,1.931440164640574,0.8847001367579964,0.9113037981962805,4
1766225482441105637,15.004471782422812,1.9638989335526975,0.8849631582243525,0.9113487124217472,4
1766225482516649380,14.491149921255108,1.927998463514275,0.8846312234455251,0.9113178594728646,4
1766225482541178301,14.911793342928581,1.9269902363585945,0.8848233826349948,0.9112971598799968,4
1766225482595450736,15.316816515352993,1.955968312751105,0.8851278605858871,0.9113148770723899,4
1766225482617214600,15.169363965782612,1.9230368588160818,0.8852410320633812,0.9112985984458799,4
1766225482641103157,14.768017753237771,1.9269195083239998,0.8846520214515161,0.9113682560969517,4
1766225482694114612,15.40595868560013,1.9859993313365838,0.8850953142002219,0.9112234058146954,4
1766225482741108395,15.005081235527463,1.9088737847757364,0.8849543844561709,0.9112717852011775,4
1766225482794185282,14.778528499886256,1.9035609254463488,0.8848137834002157,0.9113365891579174,4
1766225482816840772,14.790808823334721,1.887167350061634,0.8850015875162041,0.9113439550695955,4
1766225482941117266,15.113878470109032,1.9664773042733856,0.8849873362568949,0.9113287912603518,4
1766225482995121086,15.023620749297528,1.9393255283328066,0.8848008313697849,0.9113167337783815,4
1766225483017178892,14.973792542871124,1.9170923408489695,0.884911603868913,0.9113040639654088,4
1766225483094860724,14.582989860528306,1.880004779185052,0.8848899054467483,0.9113230783037415,4
1766225483141109806,14.846841834656676,1.9175549083588226,0.8848548562155367,0.9113174523491316,4
1766225483179790581,15.225007970890324,1.916325551486542,0.8849804034029337,0.9112665339015985,4
1766225483217382419,14.846744976593328,1.8663952752659998,0.8848384316931475,0.9112847071895301,4
1766225483394290433,15.172083595658803,1.9089268755357631,0.8850873145068073,0.9112652868695508,4
1766225483416789248,15.0053492896709,1.8785883554098861,0.8851392085659586,0.9112681959095555,4
1766225483441103907,14.799695108919874,1.9091592271415967,0.8848296666856369,0.9113241356677665,4
1766225483494135239,14.745333107551438,1.9162219287191504,0.8847270956665637,0.9113629919279059,4
1766225483541104786,14.88906279472102,1.9075214979539405,0.884929253543325,0.9111981235260302,4
1766225483594352715,15.004626013164103,1.944119137536505,0.8849849358836857,0.9113236340784485,4
1766225483616961476,14.711241786014796,1.851907482685379,0.8850221510989313,0.9112908204418031,4
1766225483718172781,14.514530099902224,1.8401418054605516,0.8848135420006398,0.9112445904430874,4
1766225483794864041,15.692995972726887,2.0183067072526493,0.8855270440032635,0.9113989944614642,4
1766225483817394144,14.326804828128425,1.8912848510564977,0.8843762744240243,0.9113951061936599,4
1766225483894555067,14.989713942019423,1.9687139346524427,0.8846615018130115,0.9113178409861894,4
1766225483916771260,14.940659008442436,1.935578711340427,0.8847187398820265,0.9113007091302103,4
1766225484017194012,14.907912017139813,1.9540908821104084,0.884852317086639,0.9113328375615867,4
1766225484041113117,14.352312656687683,1.896879335766314,0.884296566830918,0.9112701402820806,4
1766225484096186427,14.69696331425363,1.931706110208596,0.8845704399341069,0.9113044667450505,4
1766225484116843480,14.454414182348273,1.9016526189938296,0.8845722621891947,0.9113315678402312,4
1766225484141128583,15.18957226787876,1.9236994816671922,0.8851665675959496,0.9112220211813551,4
1766225484194409845,14.84999589765934,1.9441425005212367,0.8846189197440726,0.911320750863872,4
1766225484217207481,14.802740045495089,1.9068364303036083,0.8847934705938064,0.9113076948774043,4
1766225484241106348,14.746761448308998,1.9111966348468106,0.884681055841182,0.9112868285044604,4
1766225484295592966,14.982107568443315,2.0101668918238884,0.8846536508804175,0.9113558263984237,4
1766225484318264706,14.98605819073573,1.9919996912781004,0.8847796079691563,0.9113316141236458,4
1766225484341118187,14.906605816020214,1.8806463037507746,0.8851510185451961,0.9113282129489538,4
1766225484394945195,15.003599469655127,1.9245256735142275,0.8851423144987011,0.9114059211521566,4
1766225484418342579,14.5729171422998,1.9091628784619314,0.8845927977240614,0.9113915810443621,4
1766225484441116611,14.984343045515768,2.008625419067727,0.8847349857357351,0.9112871221326742,4
1766225484494598079,15.215224325835441,1.9695844628373689,0.8849997424834687,0.9112811410559768,4
1766225484517786290,14.76178340159706,1.8561083414201438,0.8847136435995373,0.9112496561027483,4
1766225484541113823,14.80924114257487,1.8984027787527302,0.8850157572065038,0.9113661575665557,4
1766225484594704537,15.090702387629662,1.8829533016475153,0.8853067019282022,0.9112794105075409,4
1766225484617069159,14.340571932539238,1.7839895969425916,0.8847061721172116,0.911313489822828,4
1766225484641121154,15.142061076419688,1.8915534015584972,0.8852014919776738,0.9112821196235422,4
1766225484695070161,14.80768619752071,1.9292155008109853,0.8845234375867133,0.9113263990353738,4
1766225484717296263,14.83284989310274,1.913038929896959,0.884663606526412,0.9112797462309489,4
1766225484796572151,14.891962434925187,1.9830117571749384,0.8846284581106103,0.9113254560392917,4
1766225484841111579,14.806765766941176,1.8679220241865842,0.8848730048477584,0.9113320941081546,4
1766225484899191683,15.07469882823964,1.897442511240275,0.8851136492987665,0.9113109358690122,4
1766225484917309171,14.833514762395916,1.955050241546781,0.884793248908665,0.9113042961308347,4
1766225485019403194,15.01287789258987,1.9356921952043853,0.884897801989814,0.9113088795167098,4
1766225485041113968,15.34737865517899,1.9654871273159495,0.8851908146641313,0.9112869443515267,4
1766225485096345405,14.790593588624002,1.912009952624304,0.8851288245974067,0.911429157003624,4
1766225485141161494,15.125199161283742,1.9078163468790574,0.8853285484418589,0.9112617523503607,4
1766225485195867674,15.072444232765324,1.9225778642081708,0.88497221313565,0.911320298584948,4
1766225485241113320,15.060927318235052,1.9197936632095813,0.8851499986284757,0.9113635623780842,4
1766225485297014076,15.142641486674435,1.9512650171876311,0.8851122721329496,0.9112836299553608,4
1766225485318574366,15.078846377130418,1.9587536810158093,0.885157853730548,0.9113213186929527,4
1766225485341117184,15.187847778019957,1.9358274004553047,0.8851711985281319,0.9113105681771465,4
1766225485395155839,14.76630647614341,1.9302692580056597,0.884539922227963,0.9113309464414623,4
1766225485418301700,14.774024094173832,1.9291247089126287,0.8847730042977674,0.9113283261263526,4
1766225485441121979,14.320489678978475,1.8527055702341237,0.8843571724075328,0.9113147530596121,4
1766225485495514490,15.188515027731441,1.9780556392290425,0.8850552982881914,0.9113582435250154,4
1766225485519251913,14.745060324673931,1.8773653280034228,0.8849967935571018,0.9113609145091692,4
1766225485541135432,14.592659007927612,1.855384177899254,0.8847854646423116,0.9113257335887822,4
1766225485597301396,15.152107150942395,1.9672671591196575,0.8849041578855241,0.91119851845053,4
1766225485618308857,14.779650668623523,1.9129524451621616,0.8847594218983084,0.911240825648464,4
1766225485642946964,15.258711438764006,1.950858966669376,0.8850362946377796,0.9113120577691596,4
1766225485696659997,15.035953682791092,1.9278806338747478,0.8847772946868613,0.9112591018063921,4
1766225485718234264,14.908564259227376,1.8902084980573521,0.8848972168936149,0.9112555047154832,4
1766225485741125947,14.908735824832764,1.9380090337063263,0.8849026409648001,0.9112760273515338,4
1766225485817700257,15.017744329261284,1.8816384702221973,0.8852100036731951,0.9113072421155798,4
1766225485841171920,15.0369558548753,1.9277753514238392,0.8850495412742849,0.9113266095188801,4
1766225485897316254,14.452986531253487,1.9247243925126143,0.8844805384363349,0.9114586124338917,4
1766225485918594715,14.307437248619049,1.8863963085531137,0.8844848523453671,0.9114321727754624,4
1766225485941129197,15.13100972925374,1.9496163880872426,0.8850759348326074,0.9112427027507033,4
1766225486018340634,15.03997860300288,1.9189943384932167,0.8850169288065868,0.9112073209133178,4
1766225486096339811,14.864940351772882,1.9533840496290318,0.884514122852356,0.9111892614558215,4
1766225486118641786,15.143740629487755,1.9243791777563766,0.8851477769220653,0.9111872822414849,4
1766225486141139960,14.853348611845728,1.853721394472984,0.8850746157113503,0.911290668407659,4
1766225486195362972,14.819065872680559,1.881747631003848,0.8848854107561968,0.9112985335078476,4
1766225486219865213,14.83797463276626,1.868456600164235,0.8850526142873616,0.911313255451272,4
1766225486241938036,14.926803682381085,1.9283169360171317,0.8846753846805956,0.9112100919494408,4
1766225486295890239,14.71404528169784,1.879661843395557,0.8847164641091203,0.911347059726173,4
1766225486341172614,14.876696049443527,1.9024320672058814,0.8851348763968244,0.911362702957378,4
1766225486396661696,14.971041962735798,1.897187346136751,0.8851399304266591,0.9113339745315969,4
1766225486419105467,14.788147945442365,1.8654523802503686,0.8849426692592983,0.9113214017175869,4
1766225486441220460,14.852422071904403,1.8662348357036607,0.8849454654415834,0.9112702866973937,4
1766225486496256521,15.012599640696788,1.9581710431954678,0.8847671159283534,0.9113474386925532,4
1766225486519660447,14.915526291747083,1.942153383079651,0.8847940882027595,0.9113176957714051,4
1766225486541147750,14.962664668334845,1.94935070812186,0.8846835104873871,0.9112803126073771,4
1766225486596609280,15.333624701460158,2.026343892369271,0.885063626246547,0.9113300656676242,4
1766225486618641628,15.34641754618904,2.023350749217081,0.8851938198609293,0.9113373197422691,4
1766225486695570194,14.946310277002105,1.8744038896650235,0.885132153057727,0.9113443371462765,4
1766225486796225502,14.91229367303626,1.9410347225159883,0.8848321197816669,0.9113119650897556,4
1766225486818715360,14.816332454320236,1.913808725766564,0.8849430405243035,0.9112835091946497,4
1766225486841130267,14.825968061176752,1.897828386810636,0.88506658397199,0.9113701745879429,4
1766225487018705404,14.580996803673862,1.8098342268984455,0.8849485255075984,0.9112749206627346,4
1766225487041122735,15.037922558661542,1.9316773886085667,0.8849529773649788,0.9112701661139951,4
1766225487096500037,15.146241670877526,1.966607013129228,0.8849229107488066,0.9112693404959125,4
1766225487119805828,14.99966560233168,1.9361843095432782,0.8849670430228868,0.9112488232433599,4
1766225487141137670,14.658059589242045,1.855750962939297,0.8848073342937635,0.9112440313549843,4
1766225487218901785,14.69471819850865,1.8688832862296645,0.8848001891236439,0.9113493291854012,4
1766225487297196298,14.656440260540693,1.8628365233374142,0.8848314864147091,0.9113323839255608,4
1766225487318349233,15.146712053819567,1.9542312967584148,0.8851682453176799,0.911323881167855,4
1766225487341137441,14.714944167976807,1.8658016102479138,0.884788712487616,0.9112559870654384,4
1766225487395986049,14.98422782755049,1.929546773553026,0.8848384324743565,0.9113167484825458,4
1766225487441129272,14.454715362151148,1.8854571696994695,0.8844551365497022,0.9113379351102842,4
1766225487541154606,15.076906138015268,1.932638499930377,0.8850097592503533,0.9113062810560864,4
1766225487597753444,15.052151167922357,1.952440668396273,0.8849543233396588,0.911356685210939,4
1766225487641133753,14.542178736966061,1.8770026616053432,0.8845506454562987,0.9112599648618561,4
1766225487696153934,15.206934549255147,1.9701475366876378,0.8846504450433982,0.911202819092096,4
1766225487718863605,15.129501449230531,1.954497564814081,0.8847148336644728,0.9111975871098257,4
1766225487796745522,14.59405940320979,1.9112465795136655,0.8846123175910179,0.9114063459394545,4
1766225487819300312,14.548501940969793,1.8891777971311083,0.8847454058106798,0.9113812385949588,4
1766225487841219677,14.48189948084333,1.880666328115888,0.8843976583932815,0.9113617858839067,4
1766225487898172641,14.818439898391155,1.8972933558301064,0.8847047827200533,0.9113151057739407,4
1766225487919427076,14.687530771679945,1.8734560840662522,0.884833391612518,0.9112867703794452,4
1766225487941240703,15.164578112907389,1.9673078616975954,0.8850207707258203,0.911272866840393,4
1766225487996435792,14.56276369808085,1.909352138770475,0.8845160129002166,0.9113116837296,4
1766225488018888289,15.119913282067632,1.9588794469384825,0.8847915300857304,0.9113174910377445,4
1766225488096438693,14.583767360905163,1.8727865492809819,0.8848225646365105,0.9113530028205433,4
1766225488141129646,15.0136605992357,1.9419811115138361,0.8849521996351407,0.9113165722047777,4
1766225488196310869,14.70813916809599,1.9072376999519574,0.8845427059639672,0.9113307326820901,4
1766225488219548192,14.970623192822607,1.9276657196286027,0.8850759896497452,0.9113048338518519,4
1766225488241291446,14.712415950306257,1.8599661729065917,0.8846446245808259,0.9112560266830169,4
1766225488419682637,14.659170968736701,1.8643572858081516,0.884607236921956,0.9112274065386483,4
1766225488441184427,14.886352823558768,1.8884049082356749,0.8848204572482631,0.911320326526604,4
1766225488498385046,15.027921395837085,1.8731354083807885,0.8851174769944948,0.911288546939001,4
1766225488520169598,14.877330655334141,1.8534266098399306,0.8851839473088634,0.911285263050502,4
1766225488596755319,15.127738418388104,1.9303854955576403,0.8850717437834046,0.9113250488598255,4
1766225488618674914,15.064514402640228,1.8967852008501318,0.8852729619562376,0.9112969169632912,4
1766225488641148512,14.917979881575171,1.893916562169915,0.885066229045106,0.9113221503132158,4
1766225488698014061,14.515883734684154,1.9076935513786426,0.8845553013072163,0.911412415408099,4
1766225488797501874,14.928307486903547,1.9367257369209678,0.8849567412158063,0.9113988799261676,4
1766225488820801504,14.874796263937839,1.9104003638807359,0.8849693437143199,0.9113765450522668,4
1766225488841136581,14.770331956705407,1.948835229121297,0.8846918828487684,0.9113494575117287,4
1766225488897420808,14.749168628594767,1.9215775872368874,0.8845271110660189,0.9112797700542755,4
1766225488920017787,14.749085339551993,1.900592039128416,0.8846665229329687,0.9112721134802421,4
1766225488941141787,15.058677106446261,1.956196358290803,0.884980568771385,0.9113297154504924,4
1766225488997945349,15.12720635907594,1.896992303346579,0.8851390442952559,0.9113009332983968,4
1766225489020306625,15.032114990958467,1.879845803480151,0.8851775145687243,0.9112763173889294,4
1766225489119629859,14.431813859761334,1.8809807708540494,0.8846055477856162,0.9114046549765482,4
1766225489216135937,15.103013408274247,1.995283027944678,0.8848907770572827,0.9113144482748614,4
1766225489297724552,14.884309703130594,1.9014253165120647,0.88504845534708,0.9113093677347756,4
1766225489341453766,14.89782683083607,1.9186338846329885,0.8848843626429472,0.9113685363573315,4
1766225489399923972,15.226863455240935,1.9806245843110362,0.8848698883062404,0.9113074317472165,4
1766225489420088829,15.060465774652364,1.9530509644270129,0.8850124297930312,0.9113143373340039,4
1766225489499207972,14.90327361922883,1.9692845521931188,0.8847205767959385,0.9113181981225005,4
1766225489523843162,14.777987400276583,1.9112855467943004,0.8849166778818379,0.9113260057234592,4
1766225489541155497,14.916356911272688,1.973713504718947,0.8846225262902696,0.911307980397555,4
1766225489597034592,14.976013292234747,1.917657486015231,0.8848875559583572,0.9112615720780399,4
1766225489620008470,14.898659869874598,1.9054344594517363,0.8849442758859084,0.9112715976788333,4
1766225489641148540,14.922610499512157,1.9413547372776234,0.8847993690053869,0.9113626302525552,4
1766225489697343939,15.030034752287147,1.9588130279701914,0.8850320537438348,0.9113530071471846,4
1766225489741142825,15.344817422640489,1.9328377274153927,0.8853634008416307,0.9113284197277279,4
1766225489799280586,14.964942972060967,1.9832531389899397,0.884537461336368,0.9113520579010461,4
1766225489897546401,15.060643773769034,1.9681730491950278,0.8848363569288917,0.9113631369518534,4
1766225489919895655,14.89375279493521,1.9494482576559404,0.8848825610661443,0.9113781527069635,4
1766225489941184665,14.802453852567732,1.934678948618917,0.884888517422616,0.9113043739582353,4
1766225489991147338,14.804246145027623,1.91403151719261,0.8847123977577578,0.911266920497109,4
1766225490019819878,14.710413624683172,1.916026549226345,0.8849311527204988,0.9113626899377884,4
1766225490041169783,14.733516679921287,1.951417684377794,0.8845991038418898,0.9113944310877036,4
1766225490119995854,14.885673226915252,1.879875440888363,0.8851358950456072,0.9113370333336112,4
1766225490141255088,15.418836235213561,1.9816075177901429,0.8853205526560216,0.9113308090723454,4
1766225490221674024,14.848782613780198,1.9330973564629421,0.8848966066425115,0.9113502863967466,4
1766225490241340965,14.70252918588777,1.9074480802336684,0.8847562801496572,0.9113520223668742,4
1766225490297490989,14.680986697066967,1.9407840414099962,0.8844303197650001,0.9112825656068403,4
1766225490341207500,14.989184867740146,1.903757209100613,0.884867947279432,0.9113345738815745,4
1766225490441542916,14.566135964523607,1.8770938577926732,0.8847415552443701,0.9113372185672735,4
1766225490697332433,15.269080055906992,1.9596027637659212,0.8849137075700346,0.9112693639803324,4
1766225490797849611,14.886098837986195,1.9692153131665373,0.8844230251410345,0.9112318979177936,4
1766225490820235443,14.898208637597055,1.9328947097436313,0.884683425333815,0.9111727279504853,4
1766225490841173915,14.65965202306052,1.9176575807460468,0.884506742863033,0.9113379604881078,4
1766225491020652919,15.305541070786187,1.926456148134744,0.885326950504394,0.9113149906233567,4
1766225491119904066,14.816135739744274,1.9283148669308594,0.884779675824235,0.911337316535678,4
1766225491191145279,14.799157272607388,1.8583434580134954,0.884734046900456,0.9112125431597083,4
1766225491221559233,15.002022412340832,1.8871610597813127,0.8850851677003869,0.9113614553920207,4
1766225491241440246,14.661228293339935,1.9112365908696776,0.884485521014147,0.911353040046019,4
1766225491316145932,14.752481316389844,1.8848459462303009,0.8849648350539845,0.911372574690974,4
1766225491341342318,14.961542510460223,1.9572080995972063,0.8846471438635641,0.9112394487666209,4
1766225491516134792,14.778937369587686,1.949020083185626,0.8844288465545158,0.9112507140219555,4
1766225491541158533,14.871624142952733,1.9694351677950697,0.8847039459158296,0.9113543506077493,4
1766225491574439396,15.055715995253127,1.9498030497450594,0.8847953272257237,0.9112761126254542,4
1766225491641236545,14.81450566993181,1.8918526875403971,0.8847892329077078,0.9112923028190333,4
1766225491724999917,14.861115628930888,1.927989153188492,0.8848882772996173,0.9112901314796629,4
1766225491741466112,14.579706107095468,1.899866760448836,0.8845617603240254,0.9113624762769972,4
1766225491791154418,15.10238451335566,1.9755230145939424,0.8848734383210491,0.911266878208052,4
1766225491897860791,14.657191348561804,1.9267335922230002,0.8845660195349823,0.9113031245772117,4
1766225492020967543,14.702327236775892,1.8842035984218362,0.8848377139600608,0.9113330975400088,4
1766225492091156137,14.927056471836897,1.8870860990275538,0.88500454992776,0.9112747853280404,4
1766225492121268283,15.024694559634622,1.9050615720064685,0.8849872525375333,0.9112346079956459,4
1766225492141242001,14.96264948288517,1.9501743083258876,0.8847643131577065,0.9113391107086732,4
1766225492220506166,15.214120236463401,1.954207687505226,0.8852401105746052,0.9112963683929828,4
1766225492241156666,14.936092483188279,1.9119464571078928,0.8846137967509098,0.9112791371172838,4
1766225492320401113,14.670052865375705,1.9362178038441225,0.884514152483814,0.9112862214173468,4
1766225492341157392,14.865560558939507,1.9010923665610584,0.8848431415368712,0.9114214295655577,4
1766225492416155257,14.649664069868006,1.8966193977390675,0.8846315871891133,0.9113629518199984,4
1766225492441199196,15.17616867142879,1.9205985319424692,0.884881252482997,0.911310571439077,4
1766225492491158862,14.733532417023909,1.8833482256335883,0.8848496096609231,0.911322350623334,4
1766225492541165067,15.098911042691899,1.9523345713545228,0.8851848556167285,0.9112806996412448,4
1766225492591162574,14.903896929945537,1.9434163317491742,0.8849321140112639,0.9113197755010612,4
1766225492616166738,15.021695013503255,1.9309556360237234,0.8851203557338954,0.911323709340641,4
1766225492691164072,14.928112099540257,1.9464521078921604,0.8848004367597513,0.9113696833622169,4
1766225492716155983,14.851649082063378,1.89741601494915,0.8849404336636002,0.911323355728976,4
1766225492741283760,15.076152519332254,1.8874824360714806,0.8849926064329604,0.9112330228949809,4
1766225492916151875,14.714196719471495,1.8709830509049306,0.884804347016525,0.9112861779622976,4
1766225492941155288,14.842320727571634,1.9253057792954655,0.8847298416830632,0.9112698248284354,4
1766225492991164969,15.127961280905765,1.8691056627721738,0.8851349029000503,0.9112219429619042,4
1766225493016167670,14.807559322385643,1.924734243429195,0.8846768698982925,0.9113058514876864,4
1766225493041159260,15.076257564770824,1.9591286637725291,0.8847615747948152,0.9113123522893932,4
1766225493091161136,15.102903265145407,1.9090802075775255,0.8851009035471162,0.9112230915777197,4
1766225493116166793,14.826655320186788,1.9218946207058458,0.8848973649495374,0.9112344255516505,4
1766225493141183651,15.167454747865182,1.949751571800898,0.8851337400809707,0.9112474788906724,4
1766225493191148538,14.945910943965579,1.9559986544030337,0.884757160769817,0.9112830200194894,4
1766225493291158802,14.419964175242384,1.818110860507242,0.8847780691003762,0.9113380901649215,4
1766225493316163787,14.915276450828351,1.9593758135875061,0.8850138016404293,0.9113754241847636,4
1766225493391174346,14.665807624778427,1.8884305832172341,0.8848033009818141,0.9113196253178606,4
1766225493416176416,14.786825751850419,1.9251243545602077,0.8847737013166089,0.9112821195721758,4
1766225493441167275,14.831065814730483,1.8870140983121335,0.8850079352256826,0.9113152346320758,4
1766225493541173211,15.20131465644825,2.0103336139912895,0.8843983794595822,0.9112984360393374,4
1766225493591162122,14.780683472727873,1.897728975230527,0.8850029666960888,0.9114245802563039,4
1766225493641323178,15.133032114526102,2.0084240413348007,0.8849881167347249,0.9113722685135348,4
1766225493691168058,14.977051447136681,1.8679790849258173,0.8852768699417861,0.9112612912662805,4
1766225493716183544,14.88314106753763,1.91493412876769,0.8847947367239236,0.9113428661010455,4
1766225493791150741,14.774008413626971,1.9361428380548837,0.8846077764907482,0.9113895362757303,4
1766225493816158972,15.10688762556156,1.9495356683064506,0.8849253106837512,0.9112596724103829,4
1766225493841163667,15.267811458147818,1.9393581997263998,0.8853381342908315,0.9112829650630104,4
1766225493891153841,14.857638897921799,1.9015275498833064,0.8847478040363973,0.9112509237576387,4
1766225493916147415,14.915784863091751,1.9053757731867367,0.8851413080924836,0.9113023188154754,4
1766225493941181205,15.269861007835672,1.9712896271673297,0.8851632081894661,0.9113726934019174,4
1766225493991160067,14.863108830186377,1.9197289377421785,0.8849966258170439,0.9113782542046928,4
1766225494016151237,14.999959432766774,1.913022979181142,0.8853629575590501,0.9113701444629339,4
1766225494041155411,14.95925807700338,1.896972387455592,0.8851458783466525,0.9113778989292319,4
1766225494091158880,15.117793356958064,1.9365381919909643,0.8850068305910428,0.9112734056223066,4
1766225494141169091,14.941366804520072,1.9262064304796913,0.8848061578698889,0.9112218258979281,4
1766225494241299782,15.083369624960486,1.947157625201285,0.8848922733372903,0.9113600146475379,4
1766225494316171709,14.69023890719956,1.886513916109707,0.8844581181333548,0.9112852574267792,4
1766225494441162262,15.082752723606486,1.948458467010132,0.8849533507845513,0.911274695354563,4
1766225494491156704,15.186098211760978,1.8922623301906834,0.8852474430744708,0.9112526298216502,4
1766225494541170122,14.90758497491429,1.963961739135835,0.8846461654540104,0.9113683766343496,4
1766225494591157620,14.78549766853332,1.8814756891257127,0.8846445498482902,0.9112796080744389,4
1766225494616157947,15.11952524479032,1.936043049193115,0.8848558435578445,0.9113031712923432,4
1766225494641162832,14.988970763938347,1.9583242526545148,0.8844360672562157,0.9112294534865807,4
1766225494691167704,14.796608476483009,1.9414903371773853,0.8846390569494258,0.9113458850179933,4
1766225494716171667,14.697433584593522,1.9331881979460603,0.884538845007719,0.911322217223143,4
1766225494816167815,14.9309130665769,1.9008984669877296,0.8849934744113686,0.9113329421657506,4
1766225494916174061,14.744753506411467,1.8945587853542738,0.8848528897783767,0.911403723978769,4
1766225494941172484,14.747543541909769,1.9126380439610766,0.8844928319739784,0.9113046115278121,4
1766225495016156913,14.679241542015276,1.8524671051919825,0.8848254222027917,0.9112680735529548,4
1766225495091163865,14.595346679851628,1.892140973765126,0.8847412185831173,0.9113082881269541,4
1766225495116160594,14.790128992080987,1.9434432941523034,0.8848829212057802,0.9113169602650181,4
1766225495191175451,15.037398118697753,1.935475055140378,0.884986421615811,0.911275308619088,4
1766225495216170748,14.61860042323937,1.8807042323080234,0.8848145803374969,0.9113620550737721,4
1766225495241263629,14.876268316419083,1.9154858757118438,0.8849181679359199,0.9113338685836619,4
1766225495291163943,14.93015183677393,1.8715925674907798,0.8851693129102797,0.9112392984705349,4
1766225495316221107,15.171444293426873,2.0278871804223804,0.8848333506792667,0.9113006776653227,4
1766225495341214150,14.916745440724632,1.8637254136259305,0.8850504895166253,0.9112507194443654,4
1766225495391162235,15.08971699005135,1.9255418346314843,0.885082311428417,0.9113412122804898,4
1766225495441210347,15.049984609095347,1.9515844605662687,0.8846084006303809,0.9113003854335429,4
1766225495491162820,15.017223007432023,1.8444072177509805,0.8851204186264946,0.9112668431710352,4
1766225495516162215,14.784678958597809,1.8684265937790903,0.8848894631961464,0.9113165545717146,4
1766225495541185685,14.89323670863396,1.9145830705576514,0.8850132954301853,0.9113521819933015,4
1766225495591165359,14.750464845181721,1.8712669408511509,0.8848316050093684,0.9113211879458186,4
1766225495616169834,14.925042905495456,1.9885181364417497,0.8846576344036464,0.9113315101290108,4
1766225495641166724,14.932999859374686,1.9181748555060225,0.8847581775979223,0.9113230081353386,4
1766225495691172928,14.88086543587086,1.9381084563926454,0.8848032977949516,0.9112925350858326,4
1766225495716161282,14.946025801028885,1.9589261620067537,0.8847506832247427,0.911313136748299,4
1766225495741366263,14.774472992854726,1.8975294460238288,0.8847408559793009,0.9112398713874613,4
1766225495791158795,14.763415435535387,1.9202482875365647,0.8847564412316201,0.9113652939270076,4
1766225495841173936,15.066078268471617,1.9222856688662917,0.8851279556969666,0.911344786248746,4
1766225495891163739,14.862980891471755,1.9179113685994738,0.8848838620099532,0.9113708059370839,4
1766225495917385612,14.887807637241512,1.9435760135239004,0.8846215473295601,0.9113003831735544,4
1766225495941176876,14.720147903560576,1.854822485550284,0.8846749770882256,0.911292234808898,4
1766225496016165963,14.688652993637085,1.9034898823960917,0.8843688386407955,0.9112680365863376,4
1766225496041165388,14.738592508795168,1.8506854135274924,0.8848848446831068,0.9112801784375226,4
1766225496091169458,14.450656920016014,1.9135088740101733,0.8844867759977677,0.911325899389855,4
1766225496116168643,14.980576427563008,1.8929039329038049,0.8848468808389769,0.9112310570432265,4
1766225496141242908,14.95847612313328,1.9036282806355334,0.8849232754283716,0.9113459810000113,4
1766225496191164343,15.375219850781164,1.962711799856594,0.8852869511048344,0.9112944555571078,4
1766225496216165040,15.052322320705859,1.893997066075811,0.8851209039784151,0.9112077787811893,4
1766225496241177690,15.148301432529209,1.8880208320211556,0.8854641576439454,0.9113761695999504,4
1766225496291161832,14.751659721330078,1.9242635792527105,0.8846870339792888,0.9113185724761917,4
1766225496316162159,14.494082931687524,1.836890264863379,0.8846470865388341,0.9113100195260473,4
1766225496391164982,15.07622326518021,1.914931136079491,0.8850065530491948,0.911232404806523,4
1766225496416176860,15.11535280010634,1.9783654539190099,0.8849495397622751,0.911299482570264,4
1766225496491165497,15.008338150271804,1.9136206150350354,0.8848645298153852,0.9112956534222318,4
1766225496516177275,14.959737292543851,1.8958478175516211,0.8851509538311997,0.9113277541864832,4
1766225496591166353,14.970612336908662,1.922711515867499,0.8849143251529558,0.9113682347610624,4
1766225496616187459,15.160550752956858,1.9319411920508514,0.8851341061506712,0.9112693520241465,4
1766225496691182417,14.955515595234004,1.9358647782037983,0.8846814814622239,0.9112864910064976,4
1766225496716184728,14.778402252657031,1.870225015750156,0.884928055093292,0.9113836235452978,4
1766225496741359943,15.108836765012178,1.9518093703227872,0.8848943950226156,0.9113843918796699,4
1766225496791165940,14.993873788957224,1.91420859657085,0.8850212618304297,0.9113451066678127,4
1766225496841182834,14.898999061999763,1.9020248093678902,0.884598688650976,0.9113183219441018,4
1766225496916177933,14.954511202522891,1.8973556914243508,0.8851200909410795,0.9113049510363163,4
1766225496991169014,14.446098869578151,1.85721251483636,0.8844869250501092,0.9112863928657909,4
1766225497016175262,14.628545979086137,1.8788065600182435,0.8847995630405346,0.9113517977642106,4
1766225497041249147,15.331047831005806,1.962256937641147,0.8849675081910612,0.9112480992067334,4
1766225497091170881,14.635030769455826,1.8744695225474617,0.8845755261991227,0.9112878494397697,4
1766225497116175125,14.71840871848229,1.9061000343956256,0.8846193729119898,0.9113723263278373,4
1766225497141174160,14.906674393566522,1.9089264125147762,0.8847532885590408,0.9112502571087612,4
1766225497216167255,14.97961917806656,1.8836222285724058,0.8852145467214956,0.911273888693338,4
1766225497291180277,14.866860917520874,1.8935448617931625,0.8849077119079389,0.9112934364199298,4
1766225497316172408,14.989022271119756,1.9611277935270177,0.8847403441816281,0.9112877750364762,4
1766225497341183555,15.109032569979309,1.9230147002680433,0.8848966678116265,0.9113519922153064,4
1766225497416169627,14.502143609170126,1.9031753812442762,0.884569125719158,0.9113024444213054,4
1766225497516179449,15.012794562389686,1.9282918818511172,0.8847035336371992,0.9113007457393651,4
1766225497541175979,14.742826143483878,1.899091318105508,0.8846790505572394,0.9113025425876597,4
1766225497591183004,15.058742740763797,1.9573047111654105,0.8849643394254724,0.9112727910885957,4
1766225497616182419,14.580571672382137,1.8933940784356462,0.8848430320940719,0.9113455647122927,4
1766225497691181144,14.981055630821526,1.9006539292444833,0.8850216808631065,0.9113081676694222,4
1766225497716166603,14.974874645174886,1.920025312768613,0.8848738718910376,0.9113078850484514,4
1766225497741272037,15.168228120577943,1.9672575889517498,0.8846829690871425,0.9112979256840017,4
1766225497791217867,15.089747335939819,1.9423868299698666,0.884825947260837,0.9113244798984387,4
1766225497841170650,14.714930189729692,1.8406771333349232,0.8847797267532894,0.9112994579444452,4
1766225497941267446,14.975505818972445,1.9316138621696655,0.8848315072001214,0.9113270913017464,4
1766225498016177475,14.640530254760197,1.8577193691187417,0.8847842465222638,0.911378527368074,4
1766225498041180496,15.043662940142589,1.9959972227559386,0.8846655502627492,0.9112973047427544,4
1766225498091185608,15.006824924850282,1.9599919450572505,0.8848051884837317,0.9113050960699997,4
1766225498191234834,14.743910259231052,1.8871505811997373,0.8848449913885382,0.911330151074988,4
1766225498216186900,15.194461824163064,1.9639834244248455,0.8849772570618885,0.9113523823485156,4
1766225498241181636,14.882128055890732,1.9419386592465724,0.8846143436285436,0.9113384707134797,4
1766225498291175436,14.901931034309811,1.9506685127409187,0.8847949770633684,0.9113572745080103,4
1766225498391183625,14.73464670908442,1.9590718838334251,0.8847054205216647,0.9114050147053037,4
1766225498416187067,14.955600059029738,1.9113330728096996,0.8850497773321349,0.9113444760602818,4
1766225498491573582,14.362845168166661,1.8137657146328914,0.8846818782728939,0.9112928325630689,4
1766225498541276305,15.098534942354691,1.9279582117484448,0.8850576900586798,0.911321359794871,4
1766225498591183482,14.721790925513623,1.880209662387253,0.8849448264968856,0.9113104767366339,4
1766225498616176775,15.790507004716513,1.9802666785969851,0.8856448104241358,0.9112463201865366,4
1766225498641181660,14.631687542440375,1.8743138328165394,0.8846619956953814,0.9113166338897237,4
1766225498691202431,14.755178297927607,1.9038406978146438,0.884667893257616,0.911317082824307,4
1766225498717583513,14.994326228471412,1.8828654120206691,0.8851513392691558,0.9113554596194023,4
1766225498741186223,14.859266239901302,1.9866763188733958,0.8846080468546837,0.9114214295545999,4
1766225498791141029,14.89517162359466,1.9181248905908337,0.8848763171903401,0.9113294141520546,4
1766225498841177440,15.30908113223106,1.9423904044961504,0.8851793476360973,0.9113853152697823,4
1766225498891188422,14.528316231910864,1.8123177615657027,0.8849278021581193,0.9113533971063871,4
1766225498916201082,14.92177110567261,1.900433505629422,0.8850546011102135,0.9113192197876554,4
1766225498941229862,15.0395556789219,1.9457624624937537,0.8846951707789821,0.9113591525869498,4
1766225499016188011,14.748478175535261,1.9162750227913852,0.8845795024857492,0.9112594927667748,4
1766225499041184921,14.961152513252696,1.9132982303706703,0.8846747244529507,0.9112884662970268,4
1766225499091194771,14.882413287091612,1.9086635695443472,0.8847961523885042,0.9111849479786382,4
1766225499191179786,14.320439663635941,1.8366204428574395,0.8844448406108094,0.9112906991044813,4
1766225499216180353,14.537688498522549,1.856730342723443,0.8849685121778429,0.9113807876117147,4
1766225499241197942,14.79262594758568,1.9422247472748935,0.8846415792944057,0.9113554168516451,4
1766225499291206119,14.991606383317201,1.9331542739829335,0.8847986316972091,0.9112901227864608,4
1766225499316181889,14.937929602013789,1.9066834764897191,0.8849618933025827,0.9112636618148084,4
1766225499341186735,14.973943574505766,1.8928181280712688,0.8848577504605228,0.9113622629616461,4
1766225499416190730,14.681525063354073,1.910168030739877,0.8846561957317437,0.9112942590839196,4
1766225499491194705,15.301672460534599,1.948671785024738,0.8853646045203464,0.9112956756656974,4
1766225499516206763,14.861254841924577,1.897817990215735,0.8849448775445143,0.9113052071603078,4
1766225499541326133,14.622325642141941,1.8935648394730864,0.8845566168759769,0.9113297115627975,4
1766225499591188787,14.53640282984503,1.8363018665082504,0.8846059795910892,0.9112627116051514,4
1766225499616193031,14.810718650707821,1.9222953662731261,0.8848063231171996,0.9112656027073303,4
1766225499716194246,15.032217095051536,1.8686483611801201,0.8849606828345172,0.9111659853704456,4
1766225499741204201,15.37558191365951,1.9767210044427967,0.885006714540519,0.9112595417407009,4
1766225499791238688,14.892464530246286,1.8784017053396374,0.8851094295206403,0.9113091717591797,4
1766225499816192396,14.892880412191056,1.9245910253808225,0.8848424406775754,0.9112843373329627,4
1766225499841263536,14.900849177422405,1.9726709980362378,0.8845711900586396,0.9112613260101357,4
1766225499916183633,15.111739907340827,1.9432705404771924,0.8851530247177763,0.9112935912980884,4
1766225499991211243,14.298023227930612,1.8551521933070967,0.8846241860422492,0.9114112243534019,4
1766225500016196110,14.54223537012933,1.862985445581497,0.8845100915888523,0.9113289950462071,4
1766225500041357589,15.066474621884819,1.8731571914257166,0.8850083527125585,0.9111799365045987,4
1766225500091188453,15.004325743880443,1.8986998621279876,0.8851989998481183,0.9113289152813866,4
1766225500116181105,14.760642698375403,1.9268196633345374,0.8847305197606834,0.9113692721476004,4
1766225500141223530,15.015328347926737,2.015382475130816,0.8843939009919813,0.911326648090146,4
1766225500191302591,15.269165091434722,1.9686464038458746,0.884949600081572,0.9112161018516917,4
1766225500216193121,14.794597125200703,1.963048966787074,0.884584972268165,0.9113785969195911,4
1766225500241194669,14.865920723273307,1.89725263861585,0.8850490319550992,0.9113520042349682,4
1766225500291184652,14.793631887044633,1.8939239502813037,0.8848756434154237,0.9114019910956875,4
1766225500316187543,15.022831567599981,1.9360412229946695,0.8849804374990402,0.9112461385008928,4
1766225500341296825,14.969910925300422,1.9135563496417027,0.8848162382897492,0.9113754600774101,4
1766225500392491191,15.054213236911584,1.9712055384075737,0.8848054995329533,0.9113051816255189,4
1766225500441186781,15.065744074544751,1.9415646953320507,0.8848589818535811,0.9113822847743593,4
1766225500516191637,14.986899315657553,1.926200592664789,0.8849599726521244,0.9113315966070357,4
1766225500616213321,14.887892335451625,1.8783936459517692,0.8849083429025728,0.9113583449549894,4
1766225500641191676,14.705258200462534,1.8872235457827022,0.8845538548970093,0.9113301100844001,4
1766225500691181509,15.044049202669441,1.955114331164645,0.8848300316581776,0.9112699109266754,4
1766225500716185122,14.647745625885666,1.905320057305562,0.8845773193270319,0.9113386796645753,4
1766225500841239803,14.902559195809628,1.9527114035735755,0.8847111233795918,0.9113869703111347,4
1766225500941237061,14.505609916571348,1.963041091425578,0.8843025103861812,0.9114450972090309,4
1766225500972492336,14.98536327118094,1.936541965462037,0.8849938871970892,0.9113327323761662,4
1766225501041686920,14.645258698886332,1.9078762881373421,0.8844752282099173,0.9114075023204372,4
1766225501091231996,15.040362560752918,1.9535177292229098,0.8846891410855495,0.9112118229683428,4
1766225501116187168,14.768188743690015,1.8760197172669273,0.8849117090719233,0.9112501144008633,4
1766225501141189548,14.90014041789356,1.9499651142821057,0.8846219591430382,0.9113571134244459,4
1766225501191247809,15.24031378287749,1.9839704390409791,0.884883918982436,0.9112872434740223,4
1766225501241198037,15.085187946945133,1.936429049775288,0.8849728994638922,0.911314757538241,4
1766225501292739286,14.683998710398827,1.865646836409455,0.8846751603462332,0.9113430831899957,4
1766225501341385412,14.810347245779676,1.9852418676220474,0.8845401761805989,0.9113354930816223,4
1766225501441197462,14.638825252579313,1.8387760342948472,0.8848376175401853,0.9113127155102562,4
1766225501516190796,14.98080073594621,1.9208365441501543,0.8847397866198528,0.9112045114731434,4
1766225501591836327,14.858065183192881,1.93668375064417,0.8848867559970846,0.9113422964212505,4
1766225501616203143,14.710565236014217,1.8896064767300855,0.8847119769508198,0.9113740972951533,4
1766225501641393336,15.155497872048063,1.9530657095457056,0.8849582398871628,0.911314959359715,4
1766225501741209904,14.705710608625132,1.8657251984229946,0.8846195449264566,0.91128765456604,4
1766225501816212226,14.582353039978457,1.8553894137932276,0.8849204469048724,0.911366457219897,4
1766225501873249947,14.984876778315947,1.9328559216241912,0.8848010636320863,0.9113760662083151,4
1766225501916190678,14.972247266458627,1.9073047023147645,0.8849463112242723,0.9112481726431685,4
1766225501941305570,14.818216802790719,1.8989846955511713,0.8847266718412912,0.9112984788808134,4
1766225501993676688,15.36699250118334,1.9597424879236447,0.8850550259591711,0.9112912652155357,4
1766225502016201501,14.669685587367809,1.9415585393659807,0.8844625955354968,0.9113224286209783,4
1766225502116187698,14.670061955886492,1.8969277725567486,0.8848077452694669,0.9113103466749923,4
1766225502141197312,14.788755450835023,1.8724557927674819,0.8848955029844403,0.911302613003838,4
1766225502191636028,14.827333340225014,1.9523874162511503,0.8845670452886354,0.9113152640703753,4
1766225502216194253,15.031154374984812,1.9454764828994164,0.8848713402748324,0.9112861665808837,4
1766225502316201048,14.716356013769305,1.872424909953242,0.8846200055494527,0.9111894702312832,4
1766225502416193227,15.078125187850455,1.9730148130335752,0.8848577044900957,0.9112528794483373,4
1766225502441287439,14.799399690378912,1.8736159970986364,0.8848550959083812,0.9112267106001524,4
1766225502516197788,14.41029065507482,1.8771341334755038,0.8843798156179434,0.911379728679616,4
1766225502592892771,14.903820880300733,1.9095760401030448,0.8848934017411746,0.9112656609482782,4
1766225502616219782,15.299946941060071,1.9511114291899236,0.8851355266861777,0.9113101150788568,4
1766225502691980809,15.213653743337163,1.9455753276190677,0.8852360152427208,0.9112489098963427,4
1766225502716215877,14.946404092356591,1.9407567403248487,0.8848811198866403,0.9112496447159139,4
1766225502892502636,15.1717853417499,1.8999284392508036,0.8852120901259299,0.9112506492966832,4
1766225502916201486,15.136043396007937,1.950377163208682,0.8849222338870957,0.9113109309540542,4
1766225502942169541,14.994577349120464,1.9266040366866857,0.8846513375750988,0.9113094941521355,4
1766225503041224908,15.387864437088282,1.9809957981000252,0.8850353530430911,0.9112775827410429,4
1766225503092086058,14.868225693539294,1.8769147968732125,0.8850449039378289,0.9113773320711513,4
1766225503116223151,14.710619450470809,1.8528259093791408,0.8848057828821415,0.9112956040041732,4
1766225503192118752,15.254111173995334,1.9858181654273075,0.8851402183026644,0.9113804048295866,4
1766225503271104491,14.97255615449744,1.9346494269037613,0.8847845631715865,0.9112520583047669,4
1766225503316198209,15.227135545560655,1.9707969126497187,0.8851308774499944,0.9113113569515593,4
1766225503341200349,15.14142315452216,1.9572878905783835,0.8848074336889079,0.9113054256720878,4
1766225503416208662,14.511049388160945,1.8668368923635996,0.8846037563876296,0.9112632024707272,4
1766225503441383075,14.691243539096455,1.9257945724165106,0.8846276784776883,0.9113557939676312,4
1766225503492505847,14.992888753025069,1.921154205178326,0.8850127619583957,0.9113095648133828,4
1766225503692754369,14.968451444477227,1.972346918520267,0.8847731793847753,0.9113427081964687,4
1766225503716211374,14.881911332463638,1.905104546985119,0.8848753255842917,0.9112359727161435,4
1766225503741216429,15.061273329813996,2.003198903503334,0.8844701831688955,0.9113489697139534,4
1766225503792112275,14.71658736031034,1.8272748358367166,0.8849660397573063,0.911283395092558,4
1766225503816233198,15.028475109103878,1.9433060248149476,0.8848954995833139,0.9113374218342682,4
1766225503841222613,14.820411401235134,1.8782673370427683,0.8849081336570123,0.9112596286042604,4
1766225503916201631,14.969254325092107,1.9357560345131595,0.8849033160616994,0.9112998667833119,4
1766225503941612769,14.617097059447692,1.8975408620590544,0.8845259422358124,0.9113741054343786,4
1766225504016228814,14.742677950615569,1.9282440000619954,0.884585582829631,0.9113049358952016,4
1766225504093032471,14.752071034850879,1.8994294705249377,0.8847648219374968,0.9113388585877309,4
1766225504116315319,14.979048480665892,1.9192097759429445,0.8850930158569714,0.9113472832499054,4
1766225504216198732,14.557750218158528,1.9065583165561495,0.8843216534426114,0.9112265572451073,4
1766225504241336126,14.61492072626125,1.8660668839077081,0.8847149289866626,0.9112768329963227,4
1766225504372449095,15.217654064030416,1.9533219007445317,0.8848978907567719,0.9112730474249444,4
1766225504416202734,14.979867788950774,1.9184980506644806,0.8848256376547423,0.9112705364015086,4
1766225504594078619,14.61273230883753,1.8456832073675817,0.8848715642778123,0.9112890166739612,4
1766225504716200898,14.748090719007955,1.8669301368514986,0.8848924230761568,0.9112940883372757,4
1766225504741305640,15.031198716594197,1.9843560963684908,0.8848211175653229,0.9113496018818844,4
1766225504792884159,14.963207270359602,1.902894570233322,0.8847579445671802,0.9112365869855208,4
1766225504816201291,14.744182107448323,1.8626808586066395,0.8847298163351768,0.9112785561229784,4
1766225504841311914,15.001149780934476,1.9418634673159096,0.8846449531271342,0.9112460907813719,4
1766225504892895472,14.825999492892095,1.9253398214103328,0.8847214317877417,0.9112533736170438,4
1766225504941207881,15.148665156523133,1.9525468335326417,0.8849924158719864,0.9112502173732185,4
1766225504993168968,14.719119043369089,1.9033063970730133,0.8847182180328312,0.91129535585557,4
1766225505041691352,14.925570086654627,1.8661956269735724,0.8849778449324093,0.9112898577232863,4
1766225505092915173,14.768038504726299,1.961582727317192,0.8847820355714064,0.9113777164805987,4
1766225505171229370,14.848138609935058,1.9043254818460633,0.8847837259658401,0.9113614975216092,4
1766225505216205848,14.729826089624588,1.915131017289524,0.8844944651765527,0.9113191401412074,4
1766225505441393710,15.146707047385078,1.9471756952900137,0.8848218286349226,0.9112727019168125,4
1766225505471650678,15.000943364706476,1.9382433612851975,0.8848543151698792,0.9112649064803308,4
1766225505541334160,15.026214666975068,1.9305531569332752,0.8848045310713645,0.9112434412911876,4
1766225505571400790,14.851098143678243,1.9542376284769674,0.8846483075658703,0.9113228876831088,4
1766225505616212047,14.704953647743825,1.9400959624229532,0.8845354361823001,0.9113161709244327,4
1766225505641360021,14.659216183486755,1.8762723062724402,0.8848457629424028,0.9114013963524313,4
1766225505671623260,14.575586098106829,1.8454770721679494,0.8848607485900376,0.9113162060545111,4
1766225505716204165,14.789096050663808,1.9086764786761403,0.8847688799295654,0.9113223883233196,4
1766225505741221693,14.933780864863188,1.9478954464684082,0.8847360984270303,0.911322336802252,4
1766225505793048658,14.87438808035224,1.8881748188802154,0.8848743007239199,0.9113232244857926,4
1766225505816212983,14.86971608158516,1.857920093590877,0.8852154246048017,0.9113067802212406,4
1766225505871131771,14.63594703934401,1.8762543565448,0.8848876682673978,0.9113804931524035,4
1766225505916215250,15.070614350699675,1.9242524821580378,0.8851046182775627,0.9113546408008302,4
1766225505941264658,15.114475188900744,1.9929379618152112,0.8847520571277563,0.9113619516795286,4
1766225505971730548,15.095659983937582,1.9729378052813749,0.884850245148674,0.9112606407643894,4
1766225506041435671,15.145241503798811,1.8993141360720063,0.8852745023515821,0.9113543992021814,4
1766225506093176875,15.026176689094118,1.9591270085908754,0.8850850855343113,0.9114210154509278,4
1766225506116207468,14.980750707583645,1.9633044648327564,0.8849243449422481,0.9113762823267485,4
1766225506141215910,15.171960565015796,1.9647769904107846,0.8849103854940644,0.9113470369911116,4
1766225506193692777,14.828044295888798,1.9152879880150309,0.8849943108705458,0.9113274788469024,4
1766225506241217855,14.998045192894827,1.9211334107677038,0.8846832932727096,0.9113009650775845,4
1766225506316219445,14.66575051626795,1.8345073801589125,0.8848326991177927,0.9113183478687904,4
1766225506341211485,15.001100959604052,1.935925688517311,0.8848406633154947,0.9113927478742195,4
1766225506371591734,14.727201640084564,1.9293811085372148,0.884768618025502,0.9114518291821714,4
1766225506416212263,14.983494710043788,1.8985786157621634,0.8850328367077818,0.9113410859115949,4
1766225506441578567,14.956648712329713,1.9548238412987715,0.8848158034998594,0.9113942033724172,4
1766225506493498838,15.614834874824846,1.9962429094436311,0.8852535500417834,0.9112562028725949,4
1766225506541214635,14.822824778524591,1.9594492016940261,0.88479588833833,0.9113842353601794,4
1766225506593828549,15.062756932882282,1.9516449284559543,0.884945500633908,0.9113564360559322,4
1766225506616228217,15.069892262717378,1.899977006636306,0.885224083124884,0.9112896583757076,4
1766225506641237369,14.488249639976413,1.8858346372822585,0.8843757461507895,0.9113813003147823,4
1766225506671512240,14.45960061425855,1.8196758652796685,0.8845669233238,0.911330730264968,4
1766225506741233374,15.128090387856119,1.971076649356738,0.8847588961532346,0.9112205355030789,4
1766225506771664509,15.022440099645596,1.9540941586420217,0.8849213608418993,0.9113837397644123,4
1766225506816221247,15.034228848251118,1.996472571557982,0.8848349801946372,0.9113458537889666,4
1766225506880999919,14.978162002754924,1.9723414477572536,0.8846893308781634,0.9113595083641095,4
1766225506916215588,14.784566046182723,1.8858925706407375,0.8847490319447948,0.911342852090783,4
1766225506941578496,14.71451742976393,1.8732730727008255,0.8846173966850064,0.91129880008471,4
1766225506972140377,14.533332662220122,1.879124285245292,0.8846819821100557,0.911362908901058,4
1766225507016220389,14.965762555693264,1.9410429925245796,0.8848637735397813,0.9113556421250784,4
1766225507041679117,14.809317166973868,1.8958793490270724,0.8846584102687843,0.9112645409537979,4
1766225507093994470,14.866040091628175,1.914907531719239,0.8847469478079926,0.9113228023850765,4
1766225507116222224,15.147075903832018,1.9253126331411605,0.8849025438705284,0.9112080481623217,4
1766225507171892454,14.982927945462077,1.9530603566484646,0.8846602539860078,0.9112173952404656,4
1766225507241317139,14.895161278283942,1.9004409615466726,0.8849419168856678,0.9112976804822747,4
1766225507271484659,14.880045663070995,1.8760233026363065,0.8852467433190898,0.9113598190641579,4
1766225507416217991,14.84195269693589,1.8754805215630497,0.8850302318664574,0.9114003591494424,4
1766225507441235188,14.794461924530488,1.873363678030359,0.8849195884540817,0.9113664060273949,4
1766225507541221975,15.077647438338392,1.8994578965837263,0.8849084638351514,0.9112871674603187,4
1766225507571852375,14.866259664575443,1.8821438514010331,0.885043214163445,0.9114282119253088,4
1766225507616216311,14.827035876506578,1.8784561390584302,0.8849836241779039,0.9113385402695936,4
1766225507641229852,14.7247871682602,1.9269567920948378,0.8844997111172573,0.911254499787372,4
1766225507671763720,14.595032626251946,1.9074997268382419,0.8846928132830599,0.9113422987305334,4
1766225507716249966,15.043669464040455,1.946368378410166,0.8845669878818739,0.911364688896397,4
1766225507741306367,14.863521599316364,1.9452167170309134,0.8847023500236866,0.9113141642900284,4
1766225507816231943,14.861610999980845,1.8719132098579432,0.8850559159733149,0.9112643638634736,4
1766225507841427296,15.00460177641072,1.9204396906195287,0.8849327524509502,0.9113677219158928,4
1766225507871351438,14.912307114682722,1.9477383409822908,0.884548367196581,0.9112870236546057,4
1766225507916218219,14.801969937493165,1.9244227100486004,0.8846588181160452,0.9112644263966957,4
1766225507941535972,15.129920257016982,1.960594933415533,0.8848799657669756,0.9113124115968709,4
1766225508016220835,14.785706811120347,1.8726355137351187,0.8848925322356013,0.9114068339832183,4
1766225508041242762,14.908729024589285,1.8887635558298224,0.884956277270882,0.9113465997068807,4
1766225508071899040,15.079258428464914,1.9475463215934512,0.8849205677346689,0.9113227696988602,4
1766225508116222750,14.438748300864113,1.8577806285664384,0.8846016142941088,0.9113711152425688,4
1766225508171744150,14.53505649558573,1.9313377553363524,0.8844160193051224,0.9112511889315243,4
1766225508216224254,14.776461178993783,1.9190438606361564,0.8848180509530827,0.9114593179855479,4
1766225508241365215,14.945836341293429,1.9529885744061422,0.884866850375883,0.9113322566328945,4
1766225508316222382,14.696913633392317,1.8951841861195344,0.8848647033855769,0.9113301382268081,4
1766225508341227948,15.15859277317777,1.9077758954739037,0.885047870671018,0.9112639274245884,4
1766225508372136991,14.978299124535187,1.9114856808805494,0.8849902106831383,0.9113588799283772,4
1766225508416215440,14.737073172638727,1.87568984370082,0.8848669496905823,0.9112754377636256,4
1766225508441267564,14.625772562147255,1.942515977350067,0.8843616020204761,0.91135524670838,4
1766225508516233015,15.031748687082569,1.9527991484701195,0.8846231243189031,0.9112391970606893,4
1766225508541260542,15.20392251258773,1.990810281947356,0.8847931932346393,0.9114162960105213,4
1766225508641256746,14.71828500800143,1.8873214793291344,0.8847961549900216,0.9113361554105107,4
1766225508672362830,15.037833385428412,1.9474119009755821,0.8846036178620403,0.9112729279778793,4
1766225508716236474,14.932341513074876,1.9187782742742219,0.8850133058177082,0.9113157840833966,4
1766225508741297574,14.844622423423992,1.9307261750711455,0.8848280037172092,0.9113461754344561,4
1766225508772177904,14.877665218029467,1.9431830158342984,0.8850028189622108,0.911326271447424,4
1766225508841322873,14.836666319746893,1.9436563300904295,0.884600526011268,0.9113753642974972,4
1766225508872174278,14.852581288374633,1.923171599946214,0.8848624176825138,0.9113256964678955,4
1766225508941330479,15.07515284981309,1.9441887805089637,0.8851129555095635,0.9113882440518444,4
1766225508971847375,15.135153110072075,1.9539575755323597,0.8853546917153486,0.911314571677662,4
1766225509041368081,14.840639295056079,1.9042107803399286,0.8851110584895178,0.9113120940815798,4
1766225509091215895,14.956580771850025,1.9028613999878372,0.8849481512718825,0.9112472406683625,4
1766225509116217584,14.846039111223842,1.871413037873901,0.8849482023836496,0.9112601070347192,4
1766225509241260581,14.763424747135435,1.9273592150538321,0.8847536793650659,0.9113844723493116,4
1766225509441248801,14.778888080756447,1.9021374981390222,0.884630283503114,0.9112697167697912,4
1766225509472345727,15.175671685668801,1.9743624703087554,0.8848473170893323,0.911305543866157,4
1766225509516231214,15.040807128665733,1.948547516424936,0.8847159952478815,0.9112727765038607,4
1766225509541575927,15.079146634265129,1.9005766317154866,0.8849955991148015,0.9113469418505417,4
1766225509616241274,14.872817450119257,1.9451641680030076,0.8847125911518993,0.9112902355552935,4
1766225509641363970,15.064794084314382,1.9815337058063203,0.8847896280258324,0.9113197949455618,4
1766225509672789033,14.937357109203631,1.9460734472762917,0.8847570423272126,0.9112611463997067,4
1766225509741250618,15.263979527918693,2.0162455481928965,0.8848022176194882,0.9113050374305195,4
1766225509772651335,14.993128749700158,1.899571301299167,0.8851141609658734,0.9113436190389748,4
1766225509816236176,14.98117802194665,1.9520451614648855,0.8848938550545301,0.9113283257630996,4
1766225509841242454,15.243155647197026,1.957706633480088,0.8849198496012235,0.9112804374441851,4
1766225509916228914,15.006857478825687,1.8747817653503234,0.8851082884743904,0.9111867995494017,4
1766225509972574353,15.313816432527826,2.001715607017914,0.8851377871185476,0.9113160022455721,4
1766225510016231029,14.466760086171426,1.8862578380769583,0.8847545502709014,0.911367395178588,4
1766225510042415200,14.536457370893817,1.9030720792911233,0.8847545502709014,0.9112922859045494,4
1766225510141243438,14.66020150951608,1.9551145929036806,0.8843088200301329,0.9112706230141537,4
1766225510172921457,15.095278971774317,1.9422803719496067,0.8848649516706903,0.9112312769479685,4
1766225510216229247,14.931579478035918,1.8893232823962027,0.8847514705351078,0.9112486850838796,4
1766225510272965591,15.34255707496024,2.0123328113109817,0.8851612302208651,0.9113046680351051,4
1766225510441292273,15.166289912377673,1.9692703613402796,0.8847183634944437,0.911270360113779,4
1766225510472533570,15.050693901795587,1.9867258555793061,0.8846597579298296,0.9113745470801431,4
1766225510516237606,14.960732561036583,1.9416377943247562,0.8848436566428787,0.9113118687376338,4
1766225510541246157,14.769351607793691,1.9070294241532704,0.8847023152506377,0.911345272476733,4
1766225510573071623,15.050129570077564,1.9688616226102187,0.8845252171084569,0.911331209346386,4
1766225510616491053,15.150334778266217,1.9338280690722667,0.8851181424591613,0.9113163990799257,4
1766225510673552518,15.202738640528457,1.9307453820688583,0.8851485527060905,0.9113391519874402,4
1766225510716236345,15.018007924193721,1.8887675656706175,0.8850213465167373,0.9112959620872952,4
1766225510741264433,14.598791912472375,1.9223068091847495,0.8845397126830021,0.9113711953292748,4
1766225510772750341,15.285314035211496,1.9835069786725468,0.88483083397683,0.9112245106663841,4
1766225510816234883,15.027045898501346,1.9187675428418314,0.8850629524983217,0.9112984358346503,4
1766225510873278675,15.17377551200716,1.9900744833738109,0.8849308275049019,0.9113201430544078,4
1766225510916237719,14.553492237914467,1.8718950413495343,0.8847147846845744,0.9113105086360035,4
1766225510941450525,15.099331786870728,1.9377204620631039,0.8851198938002853,0.9113025227232783,4
1766225510972680341,14.645899692224074,1.914657213616778,0.8845221103103339,0.9113696012494983,4
1766225511016241828,14.629820328952547,1.8676348305093906,0.885051530873245,0.9113529105502991,4
1766225511041407855,15.269139901143646,1.9905089771007098,0.8848851751732414,0.9113120130971051,4
1766225511141308469,14.753030142658163,1.9304993706615463,0.8847929946457354,0.9113875106690525,4
1766225511191245932,15.001592806563547,1.9503588073640024,0.8849993701843959,0.9112778452024093,4
1766225511216239685,14.99160231969543,1.8714712023182611,0.8849987467249812,0.9112919710242301,4
1766225511341237016,14.712608385423431,1.8964314456706048,0.884629288288522,0.9113363551744409,4
1766225511416323855,15.36599553086826,2.004565578692745,0.8851598045519903,0.9113085042297743,4
1766225511491241295,15.113725583111414,1.9605221946329914,0.8847512306408694,0.9112763722026258,4
1766225511516240779,15.270865893815877,2.023801829492778,0.8848317408191582,0.9112643445967498,4
1766225511541268727,15.357552918812578,1.9342948867096346,0.8853162381129482,0.9113163494269714,4
1766225511591238170,14.887107536123212,1.898386272821039,0.8849591880889639,0.9112941946512597,4
1766225511673416800,15.340015601107204,1.9679025256419922,0.8849940559521345,0.9112886170547935,4
1766225511741238682,14.542348290667139,1.909319305911511,0.8843551391378612,0.9112951097879339,4
1766225511791245425,14.73413984012617,1.8439427993682602,0.8848212525760247,0.911259508948451,4
1766225511841330094,14.796814945129299,1.9727179692814605,0.8842786951182927,0.9113179058396521,4
1766225511873375974,14.844929392204499,1.9161614662400226,0.8847012351638245,0.9113119482878356,4
1766225511916374453,15.15918676574579,1.9201453488350733,0.8849393133509045,0.9112719025064766,4
1766225511941366904,14.650400648615225,1.9100826538862694,0.8844843796800618,0.911339402516474,4
1766225511991234876,14.756377658371346,1.9392826579077955,0.8845359636313022,0.9113204861944187,4
1766225512016249689,14.802727099188617,1.909685731540787,0.8846407949995576,0.9113184018437136,4
1766225512041768840,14.881211393164673,1.89726681072103,0.8849624490657652,0.9112822750661533,4
1766225512091242371,14.629653837830435,1.8759982722658062,0.8848100037162012,0.9113256406817926,4
1766225512191235168,14.881577922105315,1.9040877889515941,0.884871588418305,0.911248829195426,4
1766225512216240723,14.643778023227917,1.8607809920982703,0.884936038220811,0.9113441701402009,4
1766225512291245417,14.832398209276842,1.9486726201734699,0.884563675451587,0.9112940877497628,4
1766225512316242427,14.804263899887982,1.855865917069053,0.8848834755646442,0.9112498811467944,4
1766225512341479367,14.903272469989236,1.9115433690351897,0.8847367758353106,0.9112957957726225,4
1766225512391247953,14.955328566464088,1.8877632331080294,0.8850937205717981,0.9112698519742262,4
1766225512416241015,14.756374864621113,1.9020332031481055,0.8844327485041208,0.9113219088354425,4
1766225512441256479,15.094245623161417,1.960622381468867,0.8848898475627143,0.9113227563141446,4
1766225512491238135,15.271821385994366,2.0027313307050263,0.8851670960085822,0.9113689762818881,4
1766225512542323345,15.030058113659761,1.929213677096749,0.8848583587613131,0.9113666265142333,4
1766225512591255147,14.746207913323373,1.883542684452844,0.8846943675743636,0.9113233078640578,4
1766225512616244562,14.627400854737349,1.9239880787566284,0.884385956036529,0.9113337320789363,4
1766225512641256941,15.097279033839284,1.9533827372684658,0.8847578151371713,0.911292298152151,4
1766225512691238486,14.88777498746563,1.8593106611166725,0.8850164245551758,0.9113382919812438,4
1766225512716237960,15.12189383588547,1.9531452339629511,0.8848291132655857,0.9112319137008281,4
1766225512791245630,14.95272766997302,1.983557592524466,0.8847871992117619,0.9112393765853998,4
1766225512891239158,14.885156502218667,1.859368527193134,0.8850147186084608,0.9112980589801052,4
1766225512916242860,14.402967169770964,1.8676120541473586,0.8843329212803483,0.9113420618267966,4
1766225512991239048,14.679755762295743,1.8572914242861065,0.884765307247062,0.9112520627102244,4
1766225513016299277,14.565195436585299,1.9356389222977841,0.8843674288918497,0.9113225263009357,4
1766225513042672263,14.51579634367528,1.9024655469382592,0.884549105722087,0.9113493372205038,4
1766225513091246983,14.942909161793638,1.890709114766904,0.8848824130729006,0.9113167422519782,4
1766225513291902386,14.770734913113092,1.8182099237290972,0.8849673157556124,0.9113447414064398,4
1766225513316247550,15.006592635504301,1.8885671816441068,0.8848228764110937,0.9112666695593853,4
1766225513342673446,15.061503061081671,1.9075542236389362,0.8850683348343776,0.9113066230581816,4
1766225513391239280,15.089784084696856,1.9227669761772417,0.8848875396406591,0.9112390972842619,4
1766225513416244725,15.080322473847385,1.9765808111576488,0.8848897376627017,0.911341545737017,4
1766225513441687633,14.939714325667541,1.9656220081786773,0.8847325590648376,0.9112765144506371,4
1766225513516250015,14.873952747982644,1.8749490283892492,0.8847872072593586,0.9112325238946085,4
1766225513591252785,15.011873655222274,1.9765848647384772,0.8848958894173656,0.9113248142149111,4
1766225513616251167,15.325404510286077,1.8962864482648658,0.885196757657372,0.9112498741942275,4
1766225513642132339,14.943800397025363,1.9128751940734874,0.8848170440033121,0.9114068420404394,4
1766225513691254940,15.063166273754703,1.9137790683609146,0.8851027404697694,0.9112517786637775,4
1766225513716266066,15.124450161577263,1.96276187910757,0.8850121644614798,0.9113268697361432,4
1766225513741576134,14.758200492930197,1.9405110209789465,0.8846090404075291,0.911304336307276,4
1766225513791250732,15.071520648940794,1.8966637704053855,0.8851501339436031,0.9113130611148593,4
1766225513816494315,15.066598185577984,1.9291637920056988,0.8849902144083901,0.9113027433070691,4
1766225513845593726,14.943025105595087,1.9345258073532758,0.8849870958105516,0.9113454906460584,4
1766225513891248408,15.088071900439925,1.9814967913658588,0.8849280751783559,0.9113497439412164,4
1766225514016254354,14.252178377785697,1.8435701513378797,0.8844585599185777,0.9113433225638751,4
1766225514041300396,14.846228914067616,1.878714573234168,0.8848752479630346,0.9113484484128667,4
1766225514091252355,14.979165074899381,1.8967108625908282,0.8849817240340044,0.9112998140578652,4
1766225514141757856,15.183082329403907,1.989911592607864,0.884848314030853,0.9113046134729007,4
1766225514291245693,14.722861581091816,1.9234196695078298,0.8846690610188079,0.9113321797921285,4
1766225514316357037,15.256158142856746,1.9688497027283907,0.8849188623203375,0.9112844891009874,4
1766225514341416534,15.06812605553598,1.934457613037514,0.884808812667978,0.9112696911752483,4
1766225514391255451,14.83908822752278,1.8990997997307744,0.8849462000328764,0.9113646601218558,4
1766225514491251784,14.789295746714725,1.8872370581203495,0.8849600257261812,0.9113351456887998,4
1766225514591247717,14.818745759871854,1.9297415635849706,0.8849231472223049,0.9113262582415705,4
1766225514616263391,15.118514913616487,1.9306289284402187,0.8850034796822102,0.9113008306212351,4
1766225514691245773,14.681051818663637,1.8933097630234554,0.8845271260537169,0.911272138615778,4
1766225514741919880,14.889130729453303,1.9338083826255572,0.8846710903404228,0.9113146277993162,4
1766225514791253107,14.429466089596165,1.888670843594471,0.8845693356552721,0.9113363385341587,4
1766225514816270695,14.858078067932489,1.9894883460146715,0.8846433851036203,0.9114126845949659,4
1766225514841435369,14.813400129231823,1.963425971179788,0.8846168023239995,0.9113899274544289,4
1766225514942097835,15.07961849725936,1.9682187866870495,0.8846081506804954,0.9113722448527906,4
1766225514991252365,14.737974604222659,1.8272386947762524,0.8848687719784936,0.9112778332762403,4
1766225515016273199,14.938812019337554,1.9197065022035715,0.8848139857833301,0.9113174742007215,4
1766225515072384928,14.696983832874322,1.860561252930868,0.8850695035439299,0.9112709590663004,4
1766225515191263506,15.087226943451215,1.973290936852025,0.884876911551012,0.911329836153783,4
1766225515216343070,15.148982534169964,1.9074743626248318,0.8849939470089667,0.9112427535787844,4
1766225515291268936,15.1611131070164,1.981619209476544,0.8852912677267313,0.9113634677094481,4
1766225515343488097,15.440643073253991,1.9790583354590339,0.8849992470297906,0.9112007341080474,4
1766225515392010970,15.296258761948733,1.950468100253013,0.8847797264406303,0.9112201105406252,4
1766225515442785406,15.078390304473999,1.9745698692752485,0.8849424330138833,0.9112232623724156,4
1766225515591260459,14.81676713546598,1.8631841941007388,0.8849495716743281,0.911276118286986,4
1766225515691263495,14.752093843108383,1.8554272439369988,0.884741229641871,0.911187911283957,4
1766225515716266074,14.86447844622596,1.899206795732843,0.8847017408028612,0.9112524868929305,4
1766225515742367580,14.83141667206378,1.907452473917236,0.8848030392173135,0.9112526350320774,4
1766225515791276990,14.577426560933194,1.8499874357071402,0.8846578161672433,0.9112246972259653,4
1766225515891256661,14.645824558364051,1.8982576577569898,0.88461819200114,0.9112672083229112,4
1766225515916904845,15.098340620307237,1.969415303141406,0.8848258946445184,0.9113308323198527,4
1766225515942535305,14.617500607972733,1.882153838345826,0.8847765784414623,0.9113826364818861,4
1766225515991256010,14.887994134205051,1.9007767369447357,0.8848487617481178,0.911331746359635,4
1766225516016335895,14.877963799473925,1.8991241731788988,0.8848417190956093,0.9112911693077107,4
1766225516042340448,14.805908234949428,1.930460469305706,0.884503978369336,0.9113015737768305,4
1766225516116270161,14.729311828212687,1.8861529511810775,0.8848102238191007,0.9112788317022338,4
1766225516142528060,14.563165515232622,1.8747006839222324,0.8848384074843121,0.9113563879921789,4
1766225516191256940,15.051461840547287,1.9339888425727267,0.8851057486235084,0.9113568580007955,4
1766225516216257857,14.816546472180004,1.88125982989839,0.8849077222491197,0.9112925607932424,4
1766225516242686618,14.68114844934465,1.8463605452496963,0.8849364492573599,0.9112222299642907,4
1766225516342104974,14.987608044168987,1.9050546621026827,0.8849112474493244,0.9113054013531219,4
1766225516391267890,14.689295765606293,1.900412236308484,0.8847345337413988,0.9112344023071374,4
1766225516416282773,15.045718801605435,1.9173568112842259,0.8849352208214676,0.911315494662048,4
1766225516491339043,14.30113877699335,1.8549277242913615,0.8844299196925803,0.9113182873171628,4
1766225516516276621,14.776766153665077,1.8695852877276202,0.8846258401097298,0.9112587764216347,4
1766225516542713106,14.649127906015579,1.8627133242430711,0.8846362676531244,0.9112605685420141,4
1766225516602240766,14.669745391376999,1.935023388921056,0.8844380990648225,0.9113104592149515,4
1766225516645588020,14.993473026323144,1.9525283804223248,0.8846342593224944,0.9112784726552777,4
1766225516691287556,15.050194721137,1.9289276587185076,0.8851943093893294,0.9113275605864304,4
1766225516716303370,15.094983128474349,1.9535316987099214,0.8848682616959096,0.9113112767026768,4
1766225516742987401,15.001581259793117,1.9567736025265046,0.8849442926954182,0.9113379289512752,4
1766225516791276495,14.504338221493773,1.88392890289453,0.88453757938271,0.9113249300785532,4
1766225516816402276,15.486891121703428,2.037241975300616,0.8849060016185881,0.9113384299385281,4
1766225516891270092,14.924447671212482,1.9098793503858584,0.8849675750457081,0.9113093624456038,4
1766225516991280391,14.374384237073379,1.8533172711440917,0.8844421418067581,0.9113156378788632,4
1766225517091263338,14.702756509595405,1.8690065595490744,0.8848167159616109,0.9113364632174075,4
1766225517116392586,14.855538202246944,1.940890791511569,0.8845768028700427,0.9113424510631416,4
1766225517191295458,14.99743236361384,1.9612378981786078,0.8849297244535967,0.9113642028748405,4
1766225517216276577,14.983628864108422,1.9408122441363311,0.8848740368406104,0.9113441817896394,4
1766225517242632040,14.870685630518743,1.917558254756617,0.8848270710700388,0.9113126081719422,4
1766225517291271562,15.161914261362375,1.9699278179656428,0.8849805181729027,0.9113050996173679,4
1766225517316282468,14.989221123583807,2.0131066194897453,0.8845639208700891,0.9113346396076036,4
1766225517343536199,14.85227997496441,1.9884740638230898,0.8846064827092914,0.9113396313142818,4
1766225517391269217,15.166718720041938,1.9764999221037869,0.8849868265023175,0.9113705267426327,4
1766225517416277467,15.064828407960086,1.9802047277134465,0.8846447948701278,0.9112146966873421,4
1766225517445434266,14.793833732741234,1.9439562317035586,0.8846826385588661,0.9112965839904837,4
1766225517491267203,14.823549092606413,1.933361295241144,0.8846531659711665,0.9113299054971085,4
1766225517516267047,14.687471310860346,1.8948436023871116,0.8846552279529374,0.9113198126045814,4
1766225517542696679,14.741287384258396,1.9075660023123884,0.8846552279529374,0.911259269480185,4
1766225517591271811,15.268497862320874,1.9392669026955018,0.8852776694144607,0.9113377041210028,4
1766225517616318984,14.738927551437797,1.843476585772072,0.8847297149095246,0.9113390257429003,4
1766225517642874042,14.730046193107249,1.8860548565614221,0.8848688241891796,0.9112924342753994,4
1766225517691261531,15.167242250877845,1.9588886569094568,0.8850906735286139,0.9113545327468715,4
1766225517716258109,14.85010335489656,1.9181746617254545,0.8847589001997821,0.9113641937656536,4
1766225517743486042,14.744791254112211,1.8835694248249861,0.8848428908438036,0.9113133144053416,4
1766225517791267792,15.158723488239323,1.9637820057482593,0.8851043475234086,0.9112823629248895,4
1766225517842783240,14.943274727771128,1.8635783912630128,0.8848217650765451,0.911218760268038,4
1766225517945187880,14.931803550310319,1.981844967093984,0.8846874141409619,0.9112829773469941,4
1766225517991275955,15.142380038655755,1.9232204320918977,0.8851743708321331,0.91128404082637,4
1766225518016358596,15.159238266572284,1.985102443519251,0.8847437773871311,0.911210463490959,4
1766225518042966733,15.123727796205856,1.9627139134718283,0.88506326262527,0.9112986572526212,4
1766225518091375522,14.826063741926966,1.9133491339127873,0.8846790492220578,0.9113185966694217,4
1766225518116479993,14.960612440441556,1.926186198625393,0.884612063759719,0.9112231484618023,4
1766225518191267568,14.96683083922845,1.9634622670369393,0.8848529011350144,0.9113671410822889,4
1766225518216311375,15.09278758861532,1.9548003738698463,0.8848014297214339,0.9112540944416301,4
1766225518243667459,15.074494134600824,1.951882917875799,0.8850097748196677,0.9113466040912038,4
1766225518291276854,14.846089528266715,1.9403128759504675,0.8847714960989744,0.9113912709083958,4
1766225518316288712,15.21710724666181,2.007439650130608,0.8847976569931028,0.9112834302227637,4
1766225518343318943,15.269217349045295,1.9923078283914586,0.8851323949116657,0.9113129322578746,4
1766225518391268568,15.027223676477131,1.8786247943117373,0.884866115444894,0.9112107381087121,4
1766225518416422422,14.441293964115086,1.9338702780869752,0.8844199635068046,0.9114075898829943,4
1766225518491281572,14.610095045904824,1.8398836783164785,0.8847370768324575,0.9112492149549991,4
1766225518544795667,14.75247373340638,1.9489033860032396,0.8847994836324128,0.9113936945983222,4
1766225518591270871,14.49392671759342,1.874862020153356,0.8845482652782339,0.9112932892733613,4
1766225518691271270,14.808605256117936,1.9289457786293818,0.884988137969569,0.9114124879326422,4
1766225518716281124,14.922274819196723,1.9231567234149083,0.8848003305890135,0.911336425109607,4
1766225518842824920,14.652807375459375,1.9362220233875918,0.884561280265761,0.9113562549601437,4
1766225518891270898,15.155965501632117,1.9100947023458748,0.8849302210305555,0.9113062897046159,4
1766225518916282034,15.113635460356267,1.9598916409605134,0.8850679636941604,0.9113269975131241,4
1766225518991268072,14.64060280721835,1.890582543008041,0.884901515505031,0.9113445921670043,4
1766225519016268116,15.350436503871467,1.9566913780303186,0.8852175363209333,0.911273400544343,4
1766225519044285623,15.295336350933052,1.9619052697178647,0.8852175363209333,0.911338476629089,4
1766225519116277383,14.73477822773428,1.890511077735941,0.8846688578405035,0.9112333825508451,4
1766225519144397953,14.635066851948931,1.8611719147393788,0.8847691004582869,0.9112699490418585,4
1766225519216278594,15.328640192178057,1.9748421442966224,0.8849132563451911,0.9112946428379108,4
1766225519244942055,14.82208596608503,1.9244515222046938,0.884729327795145,0.9113021267732969,4
1766225519316279404,14.903426449810574,1.87818439782283,0.8849785869289777,0.9113001462379837,4
1766225519343146559,14.828810847093642,1.8563418769982007,0.8850269089303812,0.9112721730613925,4
1766225519391284077,14.981754689714077,1.9432297174749549,0.8849124993622571,0.9113139682252961,4
1766225519416291806,14.93236221283789,1.9619620325380052,0.8846029269790125,0.9114190499285094,4
1766225519445200699,14.773842662039293,1.9362422173878577,0.8846491308176679,0.9113375959229304,4
1766225519516281135,14.964167807690387,1.9198627376450959,0.8848637177675323,0.9113807713997969,4
1766225519543678607,15.005515012601279,1.9301233921170122,0.8849870934138595,0.9113386718056146,4
1766225519591281440,15.0136449758278,1.9149659791007676,0.8851129446631327,0.9113579978980193,4
1766225519616274732,14.638699080037675,1.943804624095851,0.884474945921707,0.911340554037753,4
1766225519816580054,14.409488379905856,1.9444526557493047,0.8840982066252235,0.9113732124780838,4
1766225519916277955,14.947496994979325,1.9543426612859272,0.8847903083282886,0.9113996841482109,4
1766225519991272348,14.929885148425193,1.956221770338998,0.8847618233091266,0.9113506806763728,4
1766225520044583251,15.00547543114006,1.9283040964499445,0.8851829584344941,0.9113222294433847,4
1766225520116295796,15.192022491055335,1.9248929774071288,0.8849965559720896,0.9113318895384283,4
1766225520144239404,15.106756270741762,1.898244252582783,0.8852035269785898,0.9113436604454683,4
1766225520216275386,15.041503434571002,1.9313612734299708,0.8851828665726853,0.9114049977294573,4
1766225520245185421,15.067817106787507,1.896406934878387,0.8852385024658753,0.9112925801086331,4
1766225520291270901,14.738934470590493,1.9089375812223617,0.8845665763572674,0.9112581819239362,4
1766225520316281827,14.902585196945983,1.9355406002128055,0.8846997669469179,0.9113126876892316,4
1766225520343855529,14.704003245869623,1.9157751643824503,0.8847533131857004,0.9113404638944188,4
1766225520416285222,14.777327700558619,1.9485023637132277,0.8844862486268444,0.9113208906381278,4
1766225520491275347,14.96971448368667,1.9117906776361817,0.8848645591484186,0.9112147760455194,4
1766225520516296782,14.845416737237827,1.9116577986060612,0.8847760834713498,0.9113585175845141,4
1766225520543752293,14.834401882654502,1.9199481591831575,0.8848594444606237,0.9113422714304429,4
1766225520591284082,14.504949349012474,1.83599102754477,0.8847434179471394,0.9113055786046586,4
1766225520616293214,14.664322559838183,1.9103182069437583,0.8844204214424009,0.9113632628775704,4
1766225520644308126,14.675752169317713,1.9100263694696826,0.8846574919836508,0.9113251594086693,4
1766225520716308051,14.841229269935251,1.9216048887447825,0.8847663032699483,0.9112854255940617,4
1766225520791283208,14.99495122219352,1.893638761595008,0.8849430552277011,0.9113022695241011,4
1766225520816371378,14.655996674168726,1.9367078652061287,0.8845983280873352,0.9114491136091786,4
1766225520844285120,14.546303894421463,1.8933618329041444,0.8847474784105192,0.9114565371186552,4
1766225520945519780,15.022223473366235,1.9343576648463603,0.8850074794638192,0.9112700487452271,4
1766225521044775379,14.69446913532424,1.9116896153373617,0.8847408011894112,0.9113708251195801,4
1766225521091272012,14.652743533971613,1.9026658490087172,0.8844770810099537,0.9112549322851807,4
1766225521116285703,14.423892821500806,1.847230422802782,0.8846098046023123,0.9113377661779419,4
1766225521191284384,14.384719747201347,1.8600163668667873,0.8843451810139081,0.9112365417060907,4
1766225521216298675,15.133924023562283,1.992242356267651,0.8848294868302194,0.9113516786507381,4
1766225521244835168,15.049331640380803,1.958947665488494,0.8848736651296452,0.9113217504695625,4
1766225521344762059,14.692230475442546,1.9228991901824186,0.8845477531399953,0.9113666475615799,4
1766225521391284381,14.734848507242603,1.8473229209674293,0.8847578142197524,0.9112429577012114,4
1766225521416290978,14.826148897545742,1.9415706130576675,0.8846602604117176,0.9113165756064734,4
1766225521491284610,14.920443914810843,1.9231046645211358,0.8850380002596496,0.9113527852941503,4
1766225521547435852,15.077742922356641,1.9565882141016462,0.8850009818302714,0.9112909108692012,4
1766225521616281397,15.04007268315155,1.932916776335233,0.884799576763923,0.9113508022451997,4
1766225521645212992,14.92477645558521,1.9277936943778868,0.8849111060351224,0.9113165833523851,4
1766225521691281531,15.067608755413463,1.9680480574506602,0.8850009911998309,0.9113510772396536,4
1766225521716380381,15.375577884010227,2.0048314826472016,0.8850563676706583,0.9113448803199306,4
1766225521746509628,15.243664169848682,2.0005576215162613,0.8852120347044254,0.9114027881400396,4
1766225521791291849,14.84106917449768,1.9228768495665365,0.8846562998496416,0.9112726370526077,4
1766225521891292288,14.557835275513797,1.8621100321836856,0.8845169768587524,0.9113370463973537,4
1766225521916465889,14.983766167742107,2.019329683225534,0.8843905159719444,0.9112888588518614,4
1766225522016299855,14.824850615627216,1.9009147234403345,0.8846249892158892,0.9113115220761598,4
1766225522091278859,14.903884162505655,1.8783433726769472,0.8849755861755251,0.911223327962035,4
1766225522116326954,15.042231618777823,1.9554107087993575,0.8846085946625845,0.9112124902302559,4
1766225522145290289,14.959799882774849,1.9603637404263121,0.8847188296923711,0.9113063171886823,4
1766225522191289527,15.194791306056498,1.9545113801724199,0.8849120667719482,0.9112961214562021,4
1766225522216290394,15.10308207342559,1.9786397846774146,0.8850323511367755,0.9114076174776987,4
1766225522245004199,15.241143996592932,1.968642713439392,0.8852821949282745,0.9112621166649506,4
1766225522291284306,15.336665317762122,2.0077150003054487,0.8850124251740359,0.9112683352022342,4
1766225522345585831,15.070228741981495,1.9490150300555085,0.8848828168635022,0.9113618638686282,4
1766225522416281343,15.033274020571085,1.951536691761478,0.8847714057918469,0.911330170306506,4
1766225522491282389,14.915744060376435,1.9312770512744262,0.8848258793222827,0.9112666678985547,4
1766225522544864181,14.90701449359111,1.8945478261360593,0.8848107863735111,0.9112911807375729,4
1766225522591293448,15.142150903673102,1.949525186496113,0.8850147514346824,0.9113654242639656,4
1766225522647270723,14.50483210204756,1.8603457040356028,0.8846278279052927,0.9114025877746166,4
1766225522691302393,14.661277813425855,1.8749030665434823,0.8847929823991333,0.9113751375257713,4
1766225522716288000,14.713588707086501,1.8830923896744447,0.8847218963681477,0.9112705926438123,4
1766225522816493665,14.876660949542654,1.909161405048739,0.8849596771866037,0.9114075116672226,4
1766225522845831133,14.842672300671044,1.8743071146848973,0.8850183278873934,0.9113132873615362,4
1766225522891301608,15.329526926194713,1.9382177546989388,0.885397889455135,0.9113251083453656,4
1766225522916292806,14.993298826766921,1.9062464149557945,0.8850874846241991,0.9113711372158525,4
1766225522945142166,14.85714412517114,1.8743000978108877,0.8851365455313753,0.9113165773875964,4
1766225522991291737,14.627842767312327,1.8882898419362306,0.8846093602098467,0.9113478225317662,4
1766225523016584342,14.947077645707907,1.8906336455847141,0.8850675583010923,0.9113463396699801,4
1766225523046659436,14.794324102532453,1.8964274140445583,0.8851620895331198,0.9114104543199087,4
1766225523091289160,14.999947597625795,1.9307882974828612,0.8846844536314581,0.91124280251623,4
1766225523145393074,14.94031201518753,1.932725012351949,0.8848219523141574,0.9113590422311854,4
1766225523247390346,14.750903016749195,1.924347391555665,0.8848445428603432,0.9113881429418216,4
1766225523316284823,15.269680590767942,2.0085004739566807,0.8848664297821427,0.9113327435884206,4
1766225523346076975,15.231079235873747,2.0077133624785604,0.8849674266578216,0.9113018143275691,4
1766225523391289455,14.729780349737819,1.8903769320779382,0.8844746929311681,0.9112189271855042,4
1766225523416290030,14.983640476148974,1.9232880965054875,0.8849763600992977,0.9113739326611644,4
1766225523491284594,15.082523222427424,1.9640108001798566,0.8847480762348866,0.911209012143356,4
1766225523545787637,14.842848654349815,1.95885689727125,0.8847057263616662,0.9113131043883002,4
1766225523591297636,14.958603175921015,1.9452738371747464,0.8847012348396717,0.9113292457532584,4
1766225523616288313,14.90339607746549,1.9422985157560806,0.8847458414397431,0.9112838617000496,4
1766225523691293677,15.222509550156026,2.00811916760407,0.8849676295597071,0.9113256882255149,4
1766225523816380713,15.490458040499533,2.0262407603439323,0.8850252646804697,0.9113300968711463,4
1766225523846023194,15.45657718352922,2.0095112601181677,0.8851252974916755,0.911289522006441,4
1766225523916294980,15.045926238831274,1.9782599894168205,0.8847885907920556,0.9113068269490202,4
1766225523991286206,14.541768511735388,1.8757919220796673,0.8845034102883236,0.9112418866939634,4
1766225524016415644,14.852398201209315,1.867206664502684,0.8849949947194868,0.9113489779113798,4
1766225524045785052,14.67044781449589,1.8291748344520948,0.8850935168565035,0.911339463349002,4
1766225524148274319,14.620260368980343,1.8815087706096207,0.8844964562062068,0.9112819317526833,4
1766225524191286653,15.068153640405924,1.9121159307414286,0.8852333989726086,0.9113488778680388,4
1766225524216295674,14.86564738717644,1.937230840787409,0.8846178106412353,0.9113444712836668,4
1766225524291289576,15.239787530792803,1.953370767015269,0.8850273884775842,0.9113354474478361,4
1766225524316304839,15.269041308189513,1.9771792952244742,0.885003962028666,0.9112661839298601,4
1766225524391286819,15.142493717054561,1.981859872736766,0.8849333927444527,0.9112679581967991,4
1766225524448244987,15.141570391916993,2.013845404551749,0.8845547582758051,0.9112530579561008,4
1766225524516322097,14.988115419023561,1.950230224647995,0.8846099997688562,0.9113309017731335,4
1766225524545992992,14.896915755891138,1.9490080578895104,0.8847389458997431,0.9113794860270559,4
1766225524591299969,14.826875521500638,1.8787359465378137,0.8851305573656795,0.9113424230033182,4
1766225524645683448,14.497127931376141,1.9075645536460104,0.8841676228581073,0.9112880034970737,4
1766225524691299105,14.923963164822919,1.900199509460018,0.884836174703807,0.9112390983400206,4
1766225524716314468,15.105791382100552,1.9834427195879432,0.8846939611587746,0.9112721029845596,4
1766225524747079339,15.125855987216275,1.9901410685700498,0.8848761458673462,0.9113523740795975,4
1766225524791304443,15.151949920282238,2.0151110508071737,0.8848054440007951,0.9113355514616732,4
1766225524816304297,15.096416426262138,1.8892357569732479,0.8850985450061463,0.9112936582133988,4
1766225524847128860,14.912965338390482,1.874892920652007,0.8853075384242948,0.9113627431116686,4
1766225524891306535,14.958281215739945,1.921900997597048,0.88502602564039,0.9113568753422117,4
1766225524916308563,15.176625397517519,1.962213197476958,0.8847615114110132,0.9112749620211678,4
1766225524947281916,15.07563672682577,1.98444958870852,0.8848298162386133,0.9113104085920626,4
1766225525016299554,15.206593342855012,1.9645414991686936,0.8849935896127492,0.9113366469490837,4
1766225525045747168,15.209909491077145,1.9483495530369213,0.8849935896127492,0.9113340660962389,4
1766225525116299571,15.330676983544178,1.9789641887915679,0.8849769633208454,0.9113284721049694,4
1766225525146176994,15.27547401476459,1.9947799277148395,0.8850821915166311,0.9112853499439639,4
1766225525216323474,14.859882574966177,1.9154208060262594,0.8847515098984631,0.9112170018705241,4
1766225525346599884,15.203047188776742,1.9842110777104518,0.884911308724577,0.9113925750737548,4
1766225525391306202,14.497800037003516,1.884522632243316,0.8846627081704872,0.9113330714099496,4
1766225525416304523,15.11520713154857,1.9479833644998032,0.8848502215730163,0.9113408638002511,4
1766225525447634466,14.95434777899396,1.9377087593269082,0.8849117574141607,0.9113454490718815,4
1766225525491307742,14.972064016019582,1.9428145228825546,0.8850794039914944,0.9113371510513361,4
1766225525845989855,15.230765575644734,2.006126096637331,0.8849792212834365,0.9112959307390976,4
1766225525891294908,14.766479922331154,1.8821970993739294,0.8847630946763273,0.9113112591384958,4
1766225525916291837,14.647667292580824,1.856305489618244,0.8846283610359378,0.9113396080130552,4
1766225525946475435,14.60458193834613,1.8876805550026015,0.8847118799813074,0.911321422082032,4
1766225526016721211,14.809568760214997,1.893265582554613,0.8846790628274814,0.9112787832061154,4
1766225526047942380,14.902598728763872,1.907214702171129,0.884941634181071,0.9112288395073623,4
1766225526146502731,14.914795743738217,1.9606992113346708,0.8845606198632713,0.9113499548584655,4
1766225526191308566,14.962951057778673,1.9268100845737923,0.8850741261907591,0.9113409611949741,4
1766225526246330475,15.044081884080573,1.9458048013245914,0.8851499174850095,0.9112920043014976,4
1766225526291300859,15.080852277867486,1.9422761500134607,0.8847714492925374,0.911286105176537,4
1766225526391300626,14.752034614582854,1.8292923578840685,0.8849860277407127,0.911354678670969,4
1766225526416308705,14.961827087175529,1.8996663125480653,0.8847664464535621,0.9112450426905258,4
1766225526448667452,14.57892987321352,1.9071219360759402,0.8847092207496523,0.9113990702216495,4
1766225526491315661,14.939642555317656,1.9011375354228468,0.8848748613365356,0.9113124823532167,4
1766225526548907711,14.972745206226046,1.9410111099323686,0.8849776107252394,0.9113166777201169,4
1766225526591315027,14.971014889824442,1.9354955357179846,0.8846494226397522,0.9113272292818165,4
1766225526616300454,15.182714873036796,1.961118291743362,0.8850805612273138,0.9113796743065294,4
1766225526647229424,15.250880078761298,1.9475806170976113,0.8850805612273138,0.9113085779243125,4
1766225526691300177,14.65909857426173,1.8614468997724605,0.8848898634255634,0.9113647290281305,4
1766225526746367441,15.008000149190792,1.961441771256738,0.8848864293529065,0.9113701077147757,4
1766225526791300896,15.23538715533379,1.9674906885404249,0.8852989814054708,0.9113470160194553,4
1766225526816302012,14.989968176535085,1.9277808986556353,0.8848970414914797,0.9114059186090386,4
1766225526847918253,14.97133600922551,1.9039395773309071,0.884936385225997,0.9113142526483996,4
1766225526916327016,15.037503892788573,1.9091915145564877,0.8849544306686379,0.911332641813826,4
1766225526947940983,15.138134960905546,1.9412115163477124,0.8852031263287918,0.9113094561727564,4
1766225526991308765,15.056867101318705,1.8905038765065387,0.8849986278337398,0.9113443963594514,4
1766225527016583586,15.079375506928617,1.9383197884210996,0.8849986278337398,0.9113214866697136,4
1766225527048013757,14.705727113846546,1.8819351998927443,0.8848470909118884,0.9113468570818781,4
1766225527091315595,14.796697827836102,1.864381987204079,0.8845606976015361,0.9112903467654969,4
1766225527116493824,15.01094738059139,1.9030963792413493,0.8849409765792695,0.9113045971641053,4
1766225527191312877,14.963144645046222,1.952628930671407,0.8847477006257642,0.9112714047883194,4
1766225527216454217,15.149481928442121,1.942210602158508,0.8847885795487952,0.9112872485522973,4
1766225527246932198,15.045166021939282,1.9464654439798685,0.8848683484846052,0.9112944997972031,4
1766225527316356991,14.882339052296633,1.9575216673812235,0.8845418725026658,0.9112895520265442,4
1766225527348402560,14.790569558446709,1.9105317866129343,0.8847422650738116,0.911372085235947,4
1766225527391306729,14.617781966055677,1.9118760572468976,0.8844609467905109,0.9113298078181553,4
1766225527416379771,15.264232657764886,1.8930700642334672,0.8852782972041501,0.9113283376311122,4
1766225527447064341,15.26814243637553,1.8886263438543291,0.885394911008917,0.9112640649732286,4
1766225527541298971,14.691753690531106,1.8900673302497035,0.884611442415409,0.9113065933611185,4
1766225527591315240,15.093098503020874,1.934355375075349,0.8851594024007423,0.9113941668381857,4
1766225527616313561,15.062158416106586,1.9405132864858836,0.8847413484644664,0.9113125771006785,4
1766225527647875119,14.96459493340474,1.9095153305752015,0.8849228926109494,0.911317959062812,4
1766225527691513850,15.324280267701273,2.0099774714491834,0.8849040091520829,0.9113591814290788,4
1766225527718185166,14.661211685216724,1.9567558405919274,0.8843221777233681,0.9113638098114275,4
1766225527747641808,14.677090817660776,1.935415032655491,0.884470838123686,0.9113430602828909,4
1766225527891314520,14.950053250542329,1.9244145291708763,0.8847607186269442,0.9113537685052747,4
1766225527916302181,14.78091910263679,1.9405601742614391,0.884467904961055,0.9112857064895827,4
1766225527991306852,14.807189839545876,1.9054569169516924,0.8847152101302329,0.9113340107613919,4
1766225528016315563,14.959074376776238,1.976952855057797,0.8846893324125031,0.911380511197095,4
1766225528048042723,14.852168054461877,1.9646948309781223,0.8848024310420926,0.9113568788266005,4
1766225528091303763,14.73560063919388,1.8818116097916888,0.884773132838389,0.9112961829224596,4
1766225528147744178,14.858811407058358,1.9012116191987711,0.8848518204895504,0.9112900969933442,4
1766225528216324333,14.904551514311692,1.9065476517069873,0.8847557637715748,0.9112813483295765,4
1766225528291303246,15.034473381593916,1.9657488535427992,0.8848997799165619,0.9113283560582273,4
1766225528316319431,15.13956920035453,1.963046315289106,0.8849077299134945,0.911296179471067,4
1766225528373933762,15.186808141684383,1.9319376741889125,0.8851754073131323,0.9112522264806662,4
1766225528416362749,14.876782796866884,2.0023609770396464,0.8846277038960921,0.911400372802272,4
1766225528447988829,14.907033614586451,1.980230526195032,0.8847342257523511,0.9113122231504329,4
1766225528516326738,14.890863508663088,1.9358448968855004,0.8847491638990718,0.9113318300007208,4
1766225528591320680,14.578142726748734,1.9105536348569505,0.884466403972716,0.9113207149939349,4
1766225528620663928,14.969096519679258,1.9320532402861115,0.8848676313386504,0.911343178824447,4
1766225528691315897,15.269391838518498,1.92150974385821,0.8853422721439529,0.9113349717722742,4
1766225528716570240,15.236629914443967,1.9497957795324075,0.8850389448709238,0.9112909923908183,4
1766225528816315658,14.729734058779753,1.8858334575473998,0.8845213200766386,0.9113469903213453,4
1766225528847737283,14.70230798501504,1.9010578005856753,0.8846775949553959,0.9112610945374479,4
1766225528916426303,14.862829243706855,1.9358686570113133,0.8848015480166419,0.9113332494296824,4
1766225528941315279,14.713611107926795,1.8960957295484384,0.884859060389407,0.9113449950680801,4
1766225529016336571,15.11722804589699,1.972850758369447,0.8846248851717453,0.9113044671095957,4
1766225529091310204,15.06775727535814,1.9579906470340547,0.88493074760501,0.911305187851466,4
1766225529148436348,15.101649224520287,1.988743293943948,0.884818489372558,0.9112963834071617,4
1766225529191314328,15.16626206912941,1.9457176812519885,0.8847866720032118,0.9112538400558321,4
1766225529247884688,14.556467938297457,1.8388074939884484,0.8847449572985908,0.9113049957186358,4
1766225529291323352,15.3346042050585,1.9828766066646861,0.8852326858876121,0.9112879478838923,4
1766225529316331461,15.076006840716637,2.040674665805391,0.8842450991758607,0.9112636109433292,4
1766225529341318521,15.015257992349152,2.01477377182548,0.8843540555788847,0.9112245797285933,4
1766225529391316826,15.224107180918045,1.999199933075202,0.8849124758499683,0.9112537037655759,4
1766225529416415536,14.662821526161052,1.9318614236831353,0.8843985655556789,0.9112954698227214,4
1766225529447909207,14.683316838506876,1.9358036720302139,0.8846005454396955,0.9113204533435977,4
1766225529491325560,14.704871705566891,1.9391572057327036,0.8845820813138227,0.9113303973306167,4
1766225529516382972,14.84133907928964,1.9236805308630645,0.8847143104685476,0.9112863344056062,4
1766225529541341959,14.719895683577121,1.9077649993139751,0.8847763891030833,0.9113193852580017,4
1766225529591324424,15.348829519079121,2.023890414975127,0.884972814388528,0.9114218105092988,4
1766225529648224152,14.897429132139761,1.9391804120296523,0.8846320467856259,0.9112611747806498,4
1766225529691326855,15.047889904524991,1.963798294183377,0.8845486897481057,0.9113241998717695,4
1766225529716318764,15.01095109331696,1.994082037162392,0.8845486897481057,0.9113627981354913,4
1766225529741338195,14.67984476182227,1.984734442041458,0.8842291708114599,0.9113627981354913,4
1766225529791316793,14.98622794511839,1.926006913953098,0.8847230889848113,0.9112275484596407,4
1766225529816477590,14.895141588520122,1.9368367177356942,0.8849971783573546,0.9113525210567336,4
1766225529841340766,14.833553814622036,1.8865754323973167,0.8850440185822898,0.911364076921076,4
1766225529891325486,14.950959172190359,1.939289886878822,0.88482400783801,0.9112862295383567,4
1766225529941336735,14.599335094813926,1.8254327653140974,0.8847655688780097,0.9113311930928276,4
1766225529991577767,14.996596557603215,1.9493277534763915,0.8846608503057337,0.9113371712203732,4
1766225530041343134,14.894872537481675,1.880926350974998,0.8850472646957257,0.9112868978385751,4
1766225530091333234,14.6291328733128,1.855087530258874,0.8847145810173846,0.9112934306579415,4
1766225530116326816,14.635227106011062,1.838679675455651,0.8847145810173846,0.9112844696664305,4
1766225530141325467,14.932051382307465,1.8932515615269088,0.8848590301805491,0.9112591699869743,4
1766225530191338570,14.749735112183139,1.923398886585593,0.8843900037992358,0.9112856838006832,4
1766225530216345177,14.586751507128737,1.9168978681342748,0.8844727455338414,0.911307581879936,4
1766225530241328550,14.836289209523734,1.9487434491168705,0.8846190031103021,0.9112843710911412,4
1766225530391315059,15.139409577746177,1.9373847887720117,0.8851413220208231,0.9113908250857916,4
1766225530416362041,15.162766117784333,1.9079833512929683,0.8851635992858158,0.9112736474251685,4
1766225530441316570,15.017184845345533,1.9133394170404803,0.885120062448876,0.9113309136720477,4
1766225530471214451,14.783276238747423,1.9174586861451823,0.8847239290126038,0.9113217870684078,4
1766225530516436888,14.90866784735434,1.9691494939297374,0.8847853725420041,0.911348846435386,4
1766225530541323129,14.957948416908451,1.9527538398202948,0.8850034678569445,0.9113310668332021,4
1766225530616478513,14.975137757575085,1.9722802483448094,0.8843842394243805,0.9112497959796557,4
1766225530816510416,15.029840540391914,1.9578555940036286,0.8848372124613519,0.9112842219868114,4
1766225530841313410,14.867735690907825,1.9342507939489608,0.8848286024511633,0.9112802857584902,4
1766225530891323417,14.543140225875106,1.9393333867498999,0.8844111515131952,0.9113726676168734,4
1766225531041315005,14.844312384009628,1.9159319650566433,0.8847870644989241,0.9112430301099891,4
1766225531091340572,15.008365853882765,1.901654205593177,0.884990093851734,0.9112322804013999,4
1766225531116328242,14.685585243093712,1.8984429109750245,0.8848808302456295,0.9113764575215656,4
1766225531141316865,15.034926807601767,1.9537891722803598,0.8849036447624813,0.9113281435865597,4
1766225531216503598,14.620792112484239,1.8771610963821597,0.8846544376329735,0.9112439666901238,4
1766225531291386891,15.12078737401401,1.9297525925437056,0.8848251995494434,0.9112832321828677,4
1766225531316337392,15.13834359068278,1.9664484489834873,0.8850078464206061,0.9112855086797432,4
1766225531391500751,14.672756992249347,1.9239630619772563,0.8844739862040016,0.9112600860674074,4
1766225531441325029,14.752981022252087,1.936354412868158,0.8847794325567634,0.9112932851960419,4
1766225531491381193,15.029529165763389,1.9230543618866223,0.8848075502954548,0.9112556280327416,4
1766225531541338411,14.607691716957305,1.8936489181517515,0.884816775824731,0.9112971251984391,4
1766225531617162321,14.804460082140425,1.9552435977198042,0.8846178268271248,0.9113287603721363,4
1766225531641323459,14.747942212233077,1.9228570778639813,0.8847827782589006,0.9113195844165,4
1766225531691373892,14.660655298293413,1.9296125366143435,0.8843709664317095,0.911326642923677,4
1766225531716643412,15.089500332872374,1.9618282650491206,0.8846773688506653,0.9112736263559506,4
1766225531741335538,15.089500332872374,1.9618282650491206,0.8846773688506653,0.9112736263559506,4
1766225531791364711,15.004013031936658,1.964546630630271,0.8848423020799232,0.9113576011313427,4
1766225531816335239,15.004856201869977,1.9437545060434982,0.8850498997602777,0.9113285761772083,4
1766225531841331827,14.677917507923134,1.868013663737955,0.8848765671685086,0.9113469715467569,4
1766225531891382180,14.992202250302068,1.948410341701994,0.884895779453552,0.9113873305002201,4
1766225531916462735,14.80316008600424,1.9266169117405605,0.8849527808745293,0.9113687528945733,4
1766225531941323698,15.100349492004007,1.935228034433645,0.8849152080459973,0.9113623608904797,4
1766225532091365841,14.982822233430948,1.8790875383095178,0.8849229533492194,0.9112521493997079,4
1766225532116848382,14.82896766898223,1.9751830878696244,0.8846488984684947,0.9113640203519583,4
1766225532141339930,14.927311365519724,1.9841998989161196,0.8848820272792149,0.9113603061414949,4
1766225532191484310,14.882140244259379,1.9098558278167928,0.8847857063862917,0.9112134902489265,4
1766225532241335107,14.769293748245982,1.9306266784609716,0.8847467326669803,0.911247575596291,4
1766225532291345876,15.037035761656824,1.9237700655313257,0.8846143860666209,0.9112643325183476,4
1766225532316620626,14.745605657036087,1.932475835209615,0.8845543325306479,0.911319189440133,4
1766225532391340051,14.64925520006255,1.9086759930602688,0.8843986206638573,0.9113303782619563,4
1766225532428359809,14.561062175031502,1.9320538297909322,0.8844799901521688,0.9113375906926194,4
1766225532441324940,14.632426050184776,1.9328341215032527,0.8847425858162926,0.9113538729615904,4
1766225532591802983,14.587356214963766,1.9182905480983863,0.8843524921238408,0.9113185343125165,4
1766225532641322708,14.728672322330327,1.8818429606384526,0.8849442737908718,0.9113288141765559,4
1766225532691380745,14.773351918255017,1.8807616587560068,0.8848222291209464,0.9113126819475558,4
1766225532741326672,14.772212813982444,1.85394463941728,0.8850268392879663,0.9112550689303038,4
1766225532791336658,15.010835297272429,1.965387732896189,0.8846687745782006,0.9113517595377684,4
1766225532841373866,14.916384469176869,1.9460446547517303,0.8846679365921692,0.9113273782909098,4
1766225532891337616,14.806938505225077,1.9788350322921715,0.8846902957857987,0.9112741010448238,4
1766225532916375992,14.787455825458707,1.9694794146952581,0.8846902957857987,0.91129979045274,4
1766225532941334979,14.34843324577928,1.8467584189063917,0.8845648541182339,0.9113120111430161,4
1766225533041332641,14.92231223668039,1.9563348135393324,0.8846265274828287,0.9113169509878956,4
1766225533117084155,15.219121631356192,2.0023549016479243,0.8848871628081074,0.9113426167656734,4
1766225533216335443,15.010043929025386,1.9592694498034218,0.8846144713219866,0.9112827242085058,4
1766225533241332542,14.95040153743943,1.931912109096915,0.8847222673961409,0.911283115193021,4
1766225533291346837,15.109525044176731,2.007614579568544,0.8847031277035291,0.9113645034547748,4
1766225533317547578,14.81074747470279,1.9395174188049629,0.8845011292988635,0.9112980682685121,4
1766225533391357172,14.741965604386564,1.9112842972318007,0.8846450530475504,0.9114215917223154,4
1766225533416394596,14.791109085825816,1.9185365676205588,0.8847400624126356,0.9112916482954402,4
1766225533517075803,15.056000309557117,1.9133346360342882,0.8850180215824731,0.9112968338598406,4
1766225533591334832,15.246704339782259,1.9397482723168438,0.8848500679850474,0.9112677215900152,4
1766225533616350886,15.090355358353902,1.9832691854302253,0.884807497425996,0.9113143918250303,4
1766225533741340135,14.653701831708222,1.9101834962614048,0.8844833927217999,0.9113361489554492,4
1766225533791346635,14.674381255177394,1.8863249183430462,0.8846075943814217,0.9113475868648727,4
1766225533816879331,14.568527207137084,1.9047317842628795,0.8846743553325574,0.9114145430830884,4
1766225533841352324,14.674181400564311,1.9263261332781199,0.8847827846773779,0.9114137586060109,4
1766225533891450246,14.982709590366404,1.9906239149974798,0.8846114768202525,0.9113800305795562,4
1766225533941339706,14.636475948023309,1.9133268319396304,0.8844313342115518,0.9113343968684603,4
1766225533991343631,15.247005771553246,1.958195275751141,0.8850318654631786,0.9113286800404534,4
1766225534019345648,14.756473174940776,1.8943388622112212,0.8846432414467333,0.911306132512115,4
1766225534041650416,14.651288723511847,1.8584155821526493,0.8847211029359655,0.9112834036278004,4
1766225534091341733,14.835914976533804,1.9016441027661104,0.884983625928919,0.9113282530870294,4
1766225534116861805,15.005553904343106,1.8888596882572835,0.8849054584392764,0.9112627693702192,4
1766225534217128461,14.332422445197945,1.8838057049861026,0.8843367466337589,0.9113336756257885,4
1766225534241342508,14.71250804851698,1.8853533372807065,0.8846775363723782,0.9113588906616764,4
1766225534291346624,14.76308549543226,1.845416204265887,0.8845579253963634,0.9112461328008838,4
1766225534391381505,14.91568304555102,1.9609559015798854,0.8846072029396369,0.9113739568607828,4
1766225534416952762,14.877054885965912,1.956343506967927,0.88476652544936,0.9113614000896434,4
1766225534441352608,15.07839113934628,1.9498634539771136,0.8850338251866701,0.9113115134663211,4
1766225534516965382,14.618534479289181,1.9418837309800194,0.884571629521656,0.911235973970124,4
1766225534541343036,14.620383810992177,1.9210643403600351,0.8845660422392925,0.9112519238428817,4
1766225534591348143,15.135791532496668,1.9889182614418992,0.8847420535595567,0.9113264874667665,4
1766225534691339823,15.02020124338188,1.9513980424803923,0.8847159800785198,0.9114110516479812,4
1766225534717071222,15.01089272579259,1.9628623078426695,0.8846950317190563,0.9112796956233039,4
1766225534791346431,15.280990398769735,1.9885677411452813,0.8848451653075388,0.9112966810053711,4
1766225534817045399,15.011645761037308,1.9629660746120636,0.8848902493493446,0.9113361084132754,4
1766225534841349775,14.776712562765137,1.8677806429234947,0.8848027896470936,0.9113369638261515,4
1766225534891505265,15.349104316503936,1.9714342073181335,0.8850315778668707,0.9112847407152546,4
1766225534917113542,15.132052093327687,1.9314833658125343,0.8849927883125963,0.9113487706601496,4
1766225534991441641,14.804013926494108,1.938718115655418,0.8846622169971216,0.9113200338608651,4
1766225535017194280,14.925939970602432,1.8941967210057216,0.8852682430865948,0.9113332837423049,4
1766225535041344025,14.884916440052965,1.8683354589722536,0.8854764453317616,0.9113152552776815,4
1766225535091352669,14.994146187707669,1.9863279764721453,0.8846757437674104,0.9113114761068842,4
1766225535191510251,14.895763869618662,1.9271064242002491,0.8847476502294949,0.9112935097308609,4
1766225535241345920,14.464430593430944,1.8944214793123901,0.8845020571379574,0.9112946829408481,4
1766225535291358601,14.74540459803453,1.9119429217228492,0.8846192889909464,0.9113446649960569,4
1766225535341351385,14.620784963673028,1.855103900962214,0.884737637799347,0.9112772218409698,4
1766225535391352285,14.965527851195425,1.9122119486253901,0.8847611232396155,0.9112601953277053,4
1766225535417155148,14.864150209515481,1.9161927823606757,0.8849166307361083,0.9113351383950236,4
1766225535441473991,14.886366783737227,1.9442397549433579,0.8847612611339215,0.9113509634482998,4
1766225535491349855,15.010459009453081,1.955134061752658,0.8849266741985292,0.9113323778035294,4
1766225535517456079,14.806445841593074,1.962858334044488,0.884574992892385,0.9113304157117209,4
1766225535541340255,14.823681689689616,1.9642308754913802,0.8847536227945438,0.9113186281959783,4
1766225535591368947,14.716884742473567,1.870963740261818,0.8847812573760371,0.9113063117810507,4
1766225535691351018,14.595177063654763,1.8751214429957188,0.8844830811804418,0.9112802123254753,4
1766225535719439888,14.46078629657821,1.8875763116392228,0.8845253651658463,0.9112458154801971,4
1766225535791347337,15.156366922674858,1.914574851262728,0.8848303362547845,0.9112182972952443,4
1766225535817786276,14.980065187999546,1.9183703703281993,0.8850199375243245,0.9113668154403386,4
1766225535891364484,14.82986001253106,1.8370795006636467,0.8848869506983181,0.9112316541052847,4
1766225535917596644,15.19310954532438,1.9487750602771088,0.8849544551540705,0.9113406702423363,4
1766225535941351558,15.108205088469994,1.9282340167068122,0.8851401747512613,0.9113692759059312,4
1766225535991470729,14.646587768067043,1.904944304050029,0.8844523970661444,0.9113151179465361,4
1766225536018258073,15.069952998373992,1.9227636977564455,0.8848928724648237,0.9112502297366667,4
1766225536041345481,14.923238758147495,1.9156021564153194,0.8849115331458719,0.9112802774671783,4
1766225536091461227,14.682758363267157,1.8688302560031147,0.8847687698258506,0.9112642846937954,4
1766225536141337572,14.818989841606678,1.9151940614641738,0.8845314923710873,0.9112477430187542,4
1766225536191357697,14.976721332374932,1.9441194094371805,0.88473634102917,0.9113210432919521,4
1766225536319962502,15.110119381133824,1.9256027770080912,0.8850044097956269,0.911327417764353,4
1766225536341344395,15.146735556407664,1.9233523828479278,0.885228310442399,0.9113036861787045,4
1766225536441348137,14.92061778230025,1.8986772866589021,0.884985651554244,0.9113128196229804,4
1766225536491361089,15.035386281354924,1.9718928693384554,0.8847484762481679,0.9113134483782713,4
1766225536541526608,14.764414849069984,1.9056921783670162,0.8848854015080178,0.911314997297713,4
1766225536691353685,14.772297257787725,1.963575834618974,0.8845771118879735,0.9112919285926981,4
1766225536718050198,14.728344585222985,1.937170287742452,0.8847610519669732,0.9113354346572964,4
1766225536791345475,15.213721256006728,2.003548878818901,0.8847991986316023,0.9112921284790516,4
1766225536817955095,15.043447696154733,1.9040047211077704,0.884652683167814,0.9112427559324316,4
1766225536841357646,14.963749890411048,1.8968460078489795,0.8847827896867108,0.9112721091832201,4
1766225536891457842,14.987531323473856,1.9449562202939112,0.8846682732437315,0.9112734888876517,4
1766225536918884687,14.77670282511301,1.8739540342520806,0.8847300330254187,0.9112856603039104,4
1766225536942375253,14.787381198883566,1.8370952110231227,0.8849063816759032,0.9112786784124297,4
1766225537019001251,14.852926457960102,1.8595542553676145,0.8850426251101196,0.9113012344205046,4
1766225537041343038,14.731696134566818,1.8267807996161098,0.8851968541017006,0.9113213656695615,4
1766225537091357022,15.411805576112547,1.9924264228438398,0.8851162584691131,0.9113175712100071,4
1766225537191457456,15.237049596994567,1.9539996016871806,0.884957072868161,0.9112521378534809,4
1766225537291572968,14.963025689990307,1.9810678577088674,0.8846804116823273,0.9113394533446909,4
1766225537341364183,15.057884433454017,1.9374348757295148,0.8848806353864732,0.9112634897993195,4
1766225537441350752,14.574836840187233,1.9135957668516619,0.8843608479329814,0.9113183645720594,4
1766225537520070085,15.027290463959009,1.9014802257075258,0.8850049907676882,0.9112921120766073,4
1766225537541863601,14.326411703110331,1.8638450810594132,0.8841767842752911,0.9113000027161998,4
1766225537591361826,15.071139274967615,1.9452518592436416,0.884852663169941,0.9114117942082531,4
1766225537618351409,15.124242315317172,1.9656677868840187,0.885000349611425,0.9113122641669786,4
1766225537641352405,14.55196695562222,1.870828705140378,0.8846212563675288,0.9112823884952962,4
1766225537691360969,14.545042769166017,1.8993418070214496,0.8844140788283813,0.911297883756111,4
1766225537718092037,14.544435647768083,1.8993225830743046,0.8845200927128694,0.9112724522402038,4
1766225537791362507,14.604218340680596,1.9051199824300429,0.8845882529594311,0.911392669466778,4
1766225537818994117,15.227681278010996,1.9701733050754104,0.8849191937309907,0.9112848372054644,4
1766225537841362474,15.161051729893016,1.9377699438546372,0.8850453730424377,0.911287454306715,4
1766225537891499299,14.901954571453825,1.946416996237045,0.8846232327582235,0.9113651599212114,4
1766225537918607365,15.011957501008588,1.9017943273104807,0.8847901850812512,0.911194610556745,4
1766225537941351438,14.8630633148511,1.8772876815316442,0.8847563885142475,0.9112383687772934,4
1766225537991392112,14.578880183996667,1.8822323686194171,0.8844582352739289,0.9113019435646037,4
1766225538019409628,14.844885304588162,1.9466998865369778,0.8844557009627662,0.9112685466791216,4
1766225538041346063,14.706170184370704,1.905435260432723,0.8845109487810103,0.9112608576197088,4
1766225538091366659,14.681603713063707,1.9250880957557348,0.884426845761131,0.9113484481705837,4
1766225538118660024,15.063882943421646,1.874534388175258,0.885085989158837,0.9112275534480374,4
1766225538141355245,15.065885209814667,1.8645106545737449,0.885151073059703,0.9112107062060117,4
1766225538191359951,14.862985803154704,1.9772371077306603,0.8845940186349018,0.9114116987768389,4
1766225538218484949,14.985337378693231,1.9867962279233131,0.8847286482986669,0.9112902937708937,4
1766225538341359182,14.520250092639131,1.8769741510555429,0.884699228692979,0.9113294757948963,4
1766225538420875532,14.68840982781594,1.9601024949158052,0.8845576892990786,0.9113586272396255,4
1766225538441384013,14.8399941982994,1.9069897920851273,0.8847950888618086,0.9113358606156949,4
1766225538491416872,14.7355463164488,1.8931463154622803,0.8847141390590817,0.9113352650343851,4
1766225538643173326,14.872823317069628,1.875014841953554,0.8849687214956587,0.9112337641612346,4
1766225538691368060,14.821140274654422,1.9500077131978093,0.8845239124449066,0.9112961015206305,4
1766225538718828639,14.965256364735225,1.9458882816470846,0.8847297641815784,0.9113340981893016,4
1766225538741811351,14.935122466671613,1.9205654116314361,0.8848562087607609,0.9113031189962797,4
1766225538791356673,14.698285124731814,1.9348109435779717,0.8845108818611169,0.9113394777142146,4
1766225538819431237,14.820468342049864,1.8981983950568462,0.8848054246055496,0.9112814166540546,4
1766225538841623562,15.164128732374271,1.9279276702690147,0.885128911091944,0.9112856002244898,4
1766225538891365986,14.862338316272483,1.885927495673976,0.8847661922426848,0.9112791575719731,4
1766225538918954946,14.904795994477693,1.9802332816602413,0.8844002442569615,0.9112865309755916,4
1766225538941353409,14.944249015818812,1.9703602134061577,0.8846358941496689,0.911296601458569,4
1766225538991367373,15.288090722236912,1.9332366813715653,0.8850405984906792,0.9111928229075313,4
1766225539018995286,15.02671073447237,1.9455142202980888,0.8851203044066552,0.9113254953673513,4
1766225539041823197,14.9637289777359,1.9524283257738448,0.884685422260909,0.911275667992938,4
1766225539091393306,14.892891651029917,1.920378621476191,0.8846958406393676,0.911315565545365,4
1766225539119155682,15.391387080755381,2.0267903677112344,0.8849051003871828,0.9113169014355686,4
1766225539141371933,15.398000604251338,1.9974480768724332,0.8850380827845319,0.9112705109781509,4
1766225539191369366,14.951888849687123,1.974846053197631,0.8845264371202706,0.9113765004283599,4
1766225539241415810,14.994619688681876,1.965361474569555,0.8848518211406061,0.9112880039426371,4
1766225539291414314,14.626254313372833,1.9272157006821622,0.8844534433665224,0.9113244809028839,4
1766225539320093003,14.989384042909503,1.938519669463755,0.8849444128496826,0.9113702877001219,4
1766225539341955219,14.924056363528448,1.927874965915193,0.8850025317047872,0.9113399991517622,4
1766225539391368403,14.909936863595874,1.9276978061803287,0.8847652702289692,0.9112477248157554,4
1766225539419329893,14.824136302695301,1.930872191563804,0.8846306932030759,0.9112746083513844,4
1766225539441486502,14.780896329898097,1.9126238217318152,0.8848528499212918,0.9112765888803317,4
1766225539519376646,15.009649683835779,1.8831737747892714,0.8849272984341576,0.9112865354016723,4
1766225539541582788,14.925581212138495,1.87084735552296,0.8850490214947163,0.9112776892648344,4
1766225539591376908,14.923271235214974,1.9468466997588532,0.8846678086790635,0.9113300281649171,4
1766225539619450840,14.832135443229589,1.9458093325469163,0.8847785815882114,0.9113506284626742,4
1766225539720371575,14.841662352976348,1.9831075564800176,0.8846853915835415,0.9113505234949636,4
1766225539842300120,15.104298873657163,1.908899695258942,0.8847710436894302,0.9112199331438964,4
1766225539920233544,14.71896905929726,1.9207186351349428,0.8847114963255245,0.9112864798466909,4
1766225539991372688,14.881111448689754,1.9103113555534268,0.8850615205211804,0.9114021290642866,4
1766225540091379174,14.921821559040316,1.933575863741773,0.8847243918609815,0.9112828733932513,4
1766225540242321537,14.745358074476078,1.8991205269921383,0.8849251248425364,0.9112998399067171,4
1766225540320316898,14.775501030098393,1.9068787976123867,0.8849634359843493,0.91134468734763,4
1766225540343133207,14.897935270990036,1.940922199907632,0.8850202983149409,0.9113332779133357,4
1766225540391381642,14.907941273278102,1.9684937929668775,0.8845813950724482,0.9112999719066618,4
1766225540419553127,14.781176705071397,1.9215700288599122,0.8844065879805866,0.9112063077559792,4
1766225540443103486,14.576754418272664,1.8869854094852772,0.8843935398908466,0.9112447686039402,4
1766225540520110379,15.283527012320942,1.9749227950703359,0.8852018302466478,0.9113048510486446,4
1766225540544792755,15.307583413019078,1.9755854406254705,0.8853821410623858,0.911296935887442,4
1766225540618996870,14.56063942011121,1.951166014866399,0.8843561557294631,0.9112851331213675,4
1766225540720876067,14.670481198315933,1.9094504828915524,0.8847042634785931,0.9113488817904569,4
1766225540822553634,14.99779125066636,1.9014122109017848,0.8850087348202751,0.9112591478140806,4
1766225540919972677,14.831787365287564,1.9149599004573212,0.8848163905652611,0.9113787943699373,4
1766225540942298694,14.773529347081539,1.8975638350799364,0.8849152566326213,0.9113502646358936,4
1766225540991375125,14.760255529894906,1.8960205912946808,0.8847876614926898,0.9112957170403937,4
1766225541042811933,14.632607266356956,1.965853997556169,0.8843473625166509,0.9113435801676687,4
1766225541091385889,14.829124813395268,1.9820031727307623,0.8842359944478927,0.9113027953069702,4
1766225541120049510,14.863699990117718,1.921259774081426,0.8846758341196346,0.9112324096659377,4
1766225541145028213,14.88654594827854,1.8924837195704436,0.8848798395477718,0.9112305094696147,4
1766225541220038543,14.732817362136608,1.975267227328382,0.8844056169275026,0.9112888565141665,4
1766225541241946915,14.649846941323874,1.9383718893342528,0.8844904525600352,0.9112623322818398,4
1766225541291381389,14.78983825586877,1.9519380812231788,0.8844090095777645,0.9112587760230715,4
1766225541320020513,14.701947166963269,1.9356673504175583,0.8845625382711667,0.9112940044773851,4
1766225541342329889,14.810733548235365,1.9109957168220364,0.8847275524172322,0.9113313332504372,4
1766225541391380832,14.80505732006765,1.9467677145516609,0.8843672745985832,0.9113265862698876,4
1766225541416713291,14.855725040479939,1.9443718280428683,0.8843672745985832,0.911272119095408,4
1766225541445453956,14.839208134338921,1.9205796683902951,0.8846827356968188,0.911272119095408,4
1766225541491457210,14.79136813251014,1.9169963939373844,0.8845776774572514,0.911339679773588,4
1766225541520305878,14.64982262845771,1.9314492215271615,0.8847199943685321,0.911432490824815,4
1766225541619979018,14.82620830609993,1.912361194101963,0.8847205977126821,0.9113455927600462,4
1766225541691605707,14.917787031990093,1.9341656070245645,0.8848018947247589,0.9113664436124401,4
1766225541743071500,14.697080097281212,1.8928965677491858,0.8847806669845875,0.911313025308944,4
1766225541791564143,15.0167316956199,1.8909237276657775,0.8849177343793363,0.9112795610023291,4
1766225541820201614,15.00595955208983,1.9045810206158342,0.8850242198060283,0.9112788104559651,4
1766225541843292579,15.09345273027174,1.9214931528194175,0.8851903285705947,0.9112977173460356,4
1766225541891514774,14.733390161506211,1.9247043136662756,0.8845399180649638,0.9113324121555144,4
1766225541920249468,14.74247803696116,1.8993417236125008,0.884715261163761,0.9113199921541445,4
1766225541991385616,14.83014906082536,1.9237523370338543,0.8845676124484375,0.9112940592419831,4
1766225542020352015,14.568840870132327,1.8885635502253486,0.8847038280518127,0.9113948969552804,4
1766225542042800442,14.902789490858659,1.962342644027794,0.884817615152172,0.911375753728966,4
1766225542091391821,14.634663851232798,1.9265309289144654,0.8845190724685053,0.9114028319229311,4
1766225542120457717,14.562324428570417,1.9040350051192982,0.8847326628785931,0.9113932049681808,4
1766225542142701680,14.490093075428035,1.912166639322955,0.8846575628279407,0.9113684527512907,4
1766225542191381796,14.766507609540902,1.919680030084679,0.8845894589047975,0.9112800743156159,4
1766225542242486369,14.54997710698036,1.8856693736091508,0.8846541635236195,0.911381270189478,4
1766225542320810338,14.593404423737798,1.9574776466686945,0.8843460352650817,0.9112870629801054,4
1766225542343425469,14.965668367651674,1.92877427575411,0.8848464882006881,0.9112861033070274,4
1766225542420646794,14.662632268614972,1.912351897188973,0.8847669512003622,0.9113348489167669,4
1766225542521020581,14.859969602632805,1.9095958955445076,0.8849036021915346,0.9112539945236366,4
1766225542591412179,14.606792046405136,1.872637399711095,0.8846024816709468,0.9112925961055383,4
1766225542642750541,14.498917405785349,1.898115402377133,0.8843235641060152,0.911314874828918,4
1766225542691483687,15.015783810024885,1.9525064407117565,0.8848721177941066,0.911355083650593,4
1766225542716382310,14.825853306256743,1.9012171726062,0.8849127938687208,0.9113377573952712,4
1766225542743424051,14.407628065794874,1.8459901309022486,0.8848581761737349,0.9112387192560951,4
1766225542791382561,15.04479579355511,1.9431695104610724,0.884758753855932,0.9113132766068809,4
1766225542822073592,14.750315080853781,1.9009353112971403,0.8844268194990255,0.9112384655477137,4
1766225542891387915,15.079004379036531,1.9429646926175395,0.8848382434443064,0.9113094930167871,4
1766225542920782419,14.987159953090412,1.9079614345151583,0.8849908774591272,0.9112829334142608,4
1766225542991385874,15.189398429014677,1.9430030634497888,0.8849433731513431,0.9111772774755138,4
1766225543023149281,15.162312096984598,1.8833073545359567,0.8851512523804338,0.911241015905737,4
1766225543120719788,15.059142238396328,1.9693506969956223,0.8845352051777087,0.911295452771502,4
1766225543142965154,15.065029923862605,1.9439249007371333,0.8846461252356389,0.911259923601792,4
1766225543191389178,14.84490615926848,1.9136398368705305,0.8847629719169786,0.9113014609666549,4
1766225543220928484,15.080132100005361,1.9915936900088167,0.8846448719455449,0.911299595883007,4
1766225543243106002,15.053348972273394,1.9774368968272311,0.8848873545770267,0.9113053840620962,4
1766225543291382078,15.026123305044049,1.9305610823971262,0.8847256475689009,0.9113272203877653,4
1766225543421018932,15.152264255539617,1.9540427926045465,0.8850705373307255,0.911359733223002,4
1766225543445817456,15.152264255539617,1.9540427926045465,0.8850705373307255,0.911359733223002,4
1766225543491388127,15.290377945514134,1.987769536564975,0.8848829412960224,0.9112661719732552,4
1766225543543459568,14.887710036521451,1.9563180342417086,0.8849174000473528,0.9113671032845512,4
1766225543591383502,15.376634885542195,1.952185669506251,0.8851792590812533,0.9112546514809361,4
1766225543622026383,14.843173012255795,1.9156564323925007,0.884701900199272,0.9113912236420127,4
1766225543645878278,14.806397667612492,1.8765792124782008,0.8848766286416121,0.9113462638617073,4
1766225543843341146,14.611188214614712,1.9307887366619343,0.8844206627731124,0.9113940338916788,4
1766225543891385166,14.834097804678814,1.8976677173198402,0.8847698091225391,0.9113842058126106,4
1766225543921763399,14.908353117331075,1.9169141758587023,0.8850620258005427,0.9113701066697908,4
1766225543944531617,14.766144020096128,1.9048459354376626,0.8848451205077621,0.9113699662146648,4
1766225544122012314,15.22167891201509,1.9320621976536176,0.8851422645808199,0.9112154996363355,4
1766225544144186265,15.13660059258559,1.902911879553678,0.8852470850966093,0.911163929296985,4
1766225544191380668,14.833906985573297,1.936123532335676,0.8848519005225017,0.9113166308911307,4
1766225544221206713,14.666134693652634,1.9213308685807373,0.8849055499648376,0.9113709449027937,4
1766225544243265558,14.744727148930824,1.898632439147807,0.8848832951912037,0.9113542475180682,4
1766225544321314509,15.419058406332065,1.9840281671995526,0.8850790913487985,0.9112391776908553,4
1766225544343452242,15.301177529322029,1.9591164677101611,0.8851524525445864,0.9112521571693467,4
1766225544394319259,15.07483999522008,1.9313964584896315,0.8847069835267873,0.9112821373196816,4
1766225544443635520,14.988099774604024,1.8867249260037937,0.8852215775017247,0.9113031511689424,4
1766225544521207525,15.376695327352529,1.947756158572018,0.8849828556647731,0.911173974593658,4
1766225544591582341,14.834563345278884,1.9109461304288373,0.8845450322928529,0.9112744826065731,4
1766225544622981162,15.017894665026454,1.94319026195587,0.8847255001924471,0.911322657053516,4
1766225544644530499,15.035671098074133,1.9138939585168084,0.8848830363728499,0.9112794757945448,4
1766225544691413577,15.021193168883284,1.961969421670442,0.8847234666166502,0.9112308390713126,4
1766225544716390718,14.90645841792848,1.9584699483746195,0.884833652093797,0.9112352289947732,4
1766225544744073634,14.627854154822483,1.888623275665779,0.88469733639547,0.9112310371176432,4
1766225544791385027,14.919273880628747,1.9072452009002845,0.8845355533750868,0.9112472480999265,4
1766225544822065238,14.810241498279254,1.8969100687276679,0.8846188361266933,0.9112675924211285,4
1766225544843758605,14.783470645430175,1.8165824624621691,0.8850518637530085,0.9112716434637108,4
1766225544891506779,15.337639636430534,1.9876102279087258,0.884885910272644,0.9113522640457269,4
1766225544921024925,15.241241287304085,1.9412575927374882,0.8850708680358891,0.9113505511902009,4
1766225544943939689,15.216647820735062,1.93106322550691,0.8852231184831213,0.911331562856103,4
1766225545044274021,15.367740760777625,1.9516730215241833,0.8852690254356864,0.9112622185248415,4
1766225545091477200,14.871638807007702,1.9332772043861512,0.8848855137613767,0.9113515451740216,4
1766225545124942546,14.521204403756926,1.8728289276587131,0.8845927324947491,0.9113237248957723,4
1766225545143807216,15.099210052368361,1.9466457409814475,0.8850206866111352,0.9113071262898979,4
1766225545291405852,15.319958444730775,1.9648678929880272,0.8848591369640757,0.9112336971090416,4
1766225545322251173,14.624330394526819,1.9050608395191622,0.8845165114031506,0.9113938151998853,4
1766225545391505232,14.808512688107678,1.9135458974548467,0.8847445977975882,0.9112686500777225,4
1766225545423100373,14.617432339932513,1.870779246469773,0.8845610660993818,0.9113095817738068,4
1766225545444255980,14.447812584664877,1.8487617689422955,0.8845951230071019,0.9113264164819106,4
1766225545521874933,14.713865490159183,1.901237366483994,0.8848287947750382,0.9113216410760548,4
1766225545544371310,14.557363859329486,1.8722921667690784,0.88487756328955,0.9113208536254556,4
1766225545591472688,15.000138502574645,1.9440426898603254,0.8847459042719126,0.9112753732954633,4
1766225545621832737,15.2633671843444,1.9780681499411237,0.8850905757699606,0.9113671982346698,4
1766225545644547715,15.183975103579495,1.971845919988274,0.8851715291604031,0.9113496500389502,4
1766225545691456541,15.322291806633359,2.012406010851008,0.8846088348238063,0.911278394370706,4
1766225545744059871,14.758879124207592,1.9184859502018976,0.8848157817821065,0.9112950453837538,4
1766225545791399507,14.89636484836765,1.9760172130095515,0.8845031027278416,0.9113336527851685,4
1766225545821446858,14.812519802681612,1.96589930856488,0.8846785457828781,0.9113350929996206,4
1766225545844101983,14.949095938455281,1.98303899191911,0.8848886533500755,0.9113417095726257,4
1766225545891398157,15.234809823425621,1.9674922931713783,0.8850250406845008,0.9113361279188243,4
1766225545944609160,15.140568284973233,1.8873578452250108,0.8851786065846527,0.911325925484206,4
1766225545991443445,15.062765707975156,1.966961947872869,0.8847171105214825,0.9113253063969112,4
1766225546021768418,14.824920104202665,1.874824313260006,0.8847473112225743,0.9112622206831472,4
1766225546091396991,14.991952630879158,1.9360394445049414,0.8848641088239356,0.9112727564786436,4
1766225546122385000,14.966915853989127,1.8834133416655034,0.8848490440062521,0.9113196843057515,4
1766225546191401723,14.854746663652051,1.8556428181504916,0.8848536797508924,0.9113897177102126,4
1766225546244637362,14.847344016435615,1.9346000729781552,0.8847350953511063,0.9113345068518858,4
1766225546291409030,14.883745604152288,1.9104546865356862,0.8848409224871584,0.91132151921228,4
1766225546321776012,14.987741872026561,2.014830445627293,0.8844948622768721,0.911316335266178,4
1766225546391403503,14.518076073804508,1.8880693501043821,0.8844476556389855,0.9113360072444324,4
1766225546521727817,15.135431986644686,1.918544253652244,0.8852123150750791,0.9113438249128427,4
1766225546544724725,14.625727657431309,1.9164319843395312,0.8845976559497938,0.9113515363002304,4
1766225546622279507,14.860199269331908,1.9179942690909215,0.8846295758871631,0.9112820567275945,4
1766225546722104231,14.914541782757084,1.9870430880084637,0.8847172246026918,0.9113305888230604,4
1766225546791394027,14.899612678853646,1.9004172976758655,0.884835181618652,0.9113552892364766,4
1766225546822127638,14.920822947727341,1.9308683903159836,0.8848581088604089,0.9113832509658158,4
1766225546891394501,14.758415700169781,1.9251018203760542,0.8847215218883705,0.9113357595619864,4
1766225546922480494,14.646291110354536,1.8879259166797753,0.8845910882778016,0.9113340121257038,4
1766225546944489806,14.617878909741089,1.8558303671599896,0.8847337947875293,0.9113396349530786,4
1766225547022481549,14.975933465439795,1.9184714293457799,0.8849654040887578,0.9113512268329272,4
1766225547091400337,15.065367548063758,1.9081329075175735,0.8849110547437609,0.9112271523541556,4
1766225547116389170,15.127382944698397,1.8967453837547257,0.8851013188787108,0.9111820473148144,4
1766225547191520416,14.658623231742052,1.8924872363933407,0.8844806382016823,0.9112677821345021,4
1766225547222361609,15.056015682658241,1.9446732082680562,0.8848481889975998,0.9112611805221004,4
1766225547291407236,15.423142510552989,1.9682074403022085,0.8849936853021187,0.9112214770945093,4
1766225547391407279,15.01002658116024,1.9379827005866668,0.8847470699914796,0.91130931217671,4
1766225547422422008,14.967613067201846,1.9107933457539996,0.884907193370316,0.9112909103175012,4
1766225547522659638,14.667776084555939,1.927449219673696,0.8847057574156035,0.9113373091491863,4
1766225547545245673,14.71748080905122,1.917178472929703,0.8845818251797846,0.9112989246362533,4
1766225547591565362,15.008247215345882,1.91250067419103,0.8848518506356,0.9112929745965627,4
1766225547622525839,14.88461853822054,1.976950101797706,0.8844767901690113,0.9113239878792138,4
1766225547691411044,14.934900707837095,1.969764009725527,0.8846994153391887,0.9112696701228075,4
1766225547741394680,15.280326473976814,1.9208671328413565,0.8852574643880631,0.9112598631489603,4
1766225547823014393,14.693610223793785,1.8523515923205929,0.8847354707963176,0.9112728504080989,4
1766225547844834940,14.947217207107787,1.9409892007822296,0.8847052352276422,0.9112362968717154,4
1766225547891412853,15.275664701069003,1.9521780571967589,0.8848765865007661,0.9112864167491863,4
1766225547923502954,14.832441270875796,1.9285807067358136,0.8845943422862805,0.9112496276331665,4
1766225547945245304,14.70697853986669,1.905782888443898,0.88467309220127,0.9112303058235136,4
1766225548022744110,14.661949208169656,1.8533060327422808,0.8848285973357515,0.9112829468634203,4
1766225548045676507,14.9480763112817,1.9657149743584443,0.8846956876076975,0.911246284257723,4
1766225548091414542,15.027227415674748,1.934630632098448,0.884922683687677,0.911346986978334,4
1766225548192611454,15.296329740651426,2.015057858462341,0.8847999285283967,0.9112962317472445,4
1766225548291408265,15.056241270350768,1.9403092190084132,0.8848811619592305,0.911310634000382,4
1766225548322647577,15.049700407909427,1.9572312055722711,0.8848811619592305,0.9113183017067086,4
1766225548345150967,15.018160871518749,1.9179565083122339,0.8848458171911943,0.9113013490455476,4
1766225548391397147,14.777476901983944,1.8863627505004643,0.8849700516705787,0.9112733512212355,4
1766225548491537053,14.846495285783856,1.9178405132060123,0.8846495168640228,0.9112899362438783,4
1766225548522417399,14.782207971462235,1.901364403077255,0.884852944067411,0.9112932764230359,4
1766225548545420268,14.868233341968406,1.9422669026733708,0.884789862874592,0.9113269187407181,4
1766225548591406079,14.626305115876924,1.869389934405774,0.8847862280415713,0.9113658034198028,4
1766225548616397346,14.594454628470865,1.8447591509648453,0.8848462189952138,0.9113215984283435,4
1766225548645309833,15.083273077398317,1.9047248404741677,0.8852108532512002,0.9113341595025872,4
1766225548691405250,14.693801730769508,1.8883747107021427,0.8847438427856386,0.9112776681447075,4
1766225548741414093,14.656309962601032,1.8855031722648579,0.8846694567436667,0.9113069855347007,4
1766225548859579381,14.847113708030935,1.9135641072481102,0.8847087655712554,0.9112526272552863,4
1766225548875466445,14.85463463686143,1.948025379609898,0.8845208152432544,0.9112788889459426,4
1766225548923048275,14.969378856942717,1.9147239562568013,0.884708554348891,0.9113381631687801,4
1766225548945668034,14.969378856942717,1.9147239562568013,0.884708554348891,0.9113381631687801,4
1766225548991433160,14.922561985039051,1.9707626969804546,0.8846522147602993,0.9113092280414001,4
1766225549022921239,14.944970171011596,1.9222357867815612,0.8847171371250548,0.9112375703164574,4
1766225549041418689,14.83103417173215,1.8958000283895882,0.8847815194231102,0.9112486182350364,4
1766225549116421955,14.52420642049701,1.8663831312511159,0.8843520175046401,0.9112583651932564,4
1766225549145680472,15.202610420507634,2.019790047391092,0.884759320451294,0.9112648979043201,4
1766225549191489000,14.870000275169716,1.9454680137194336,0.8848498876777158,0.9113311703233491,4
1766225549223121641,14.758440330910894,1.9351408914573776,0.8846350165339848,0.9113474810639893,4
1766225549241418804,14.561469510610436,1.8873645494816993,0.8847040516795096,0.9113322122826488,4
1766225549322899706,14.915548013735735,1.9340920918578626,0.8845210996900246,0.9113210167989554,4
1766225549341407996,14.820663165905245,1.8937793640185676,0.8846603484907928,0.9113285510102583,4
1766225549391482773,14.743732562550903,1.8774961068267708,0.8849214581345783,0.9113079020178131,4
1766225549416413326,14.588149411380424,1.8775471602958236,0.8847205093579398,0.9113025349449401,4
1766225549441428707,15.196684448587128,1.9241259738507943,0.8851902626088619,0.9112149095268494,4
1766225549491405971,15.077885676664016,1.9528693452320445,0.8846797420836302,0.9112350742220043,4
1766225549541407119,14.684959787812812,1.9164346482307237,0.8847313214863106,0.9113736818809262,4
1766225549616406888,14.737665325979643,1.8856912170265578,0.8846541526780967,0.9112775621140451,4
1766225549742393037,14.928558457467433,1.9467667011018497,0.8849962581511444,0.9114392089065164,4
1766225549794941754,14.887993740256622,1.9142585000462888,0.884899929972335,0.9113715000284183,4
1766225549823383828,14.870612922498916,1.8858275267378934,0.8850190968027937,0.9112428205272172,4
1766225549841401776,14.777724053132602,1.9241019413240028,0.8844376591676614,0.9112457732621345,4
1766225549891582783,14.586559109558749,1.8704732779591366,0.884628709461093,0.9112972923006687,4
1766225549923029895,14.99974811282856,1.961246802286365,0.88450147754356,0.9112432916890192,4
1766225549941402290,14.973993372459415,1.9518538480317396,0.8846103012796723,0.9112590207259089,4
1766225549991702079,15.023205270874529,1.9741828787556834,0.8847877612484174,0.9112560249754365,4
1766225550016400606,14.859744018983267,1.9124016919579274,0.884798522294314,0.911242244401097,4
1766225550091518917,14.930560975464413,1.9698417231494736,0.884537324403827,0.9113470325990383,4
1766225550116397372,14.839205531715471,1.9591238810675298,0.8845707252138046,0.9113602130513652,4
1766225550141400401,14.482689199472375,1.8955490631942078,0.8844949553547757,0.911338918253888,4
1766225550216412623,15.10089702901729,1.9261008741142098,0.8850357061304103,0.9112955338873033,4
1766225550241409370,15.184160958947036,1.937565853357881,0.8850831753337068,0.9112585534976501,4
1766225550291596397,14.696133073645811,1.935817136410851,0.8847204654129251,0.9113172272283101,4
1766225550391465774,15.128026743366107,1.958068857266913,0.8850579241884894,0.9113228250404096,4
1766225550416404522,15.148373548224182,1.931561342140447,0.8851976214475149,0.9112899872430288,4
1766225550441403353,14.904632854247811,1.9346922968465554,0.884990949952376,0.9112829117699551,4
1766225550541477063,14.888044725045347,1.9129254107324847,0.8848585792638721,0.9113344406119906,4
1766225550591436243,15.012235578105937,1.9698917270540501,0.8846849749943814,0.9113453849499317,4
1766225550616405808,14.802740026323313,1.9332747695889538,0.8846775082339822,0.9113376131559057,4
1766225550641412524,14.901262113113711,1.9383690220172758,0.8846114250524646,0.9112447995881299,4
1766225550691471942,14.718353323519896,1.9209926544091054,0.8846171781422054,0.9112988186697369,4
1766225550716418074,14.479744697385,1.8496076485296757,0.8847282091234552,0.9113112432703702,4
1766225550741407597,15.061787177981456,1.968552220647162,0.8849173945008251,0.9112940309083104,4
1766225550792710753,15.234312294733154,1.9377650906824035,0.8849511436589074,0.9112156767654647,4
1766225550816410031,15.166486276570023,1.9265836853546559,0.8850811790425374,0.911213735744587,4
1766225550841409573,14.669585479856085,1.8335467340777059,0.884762915496457,0.9113098602083168,4
1766225550892017592,14.838485135296843,1.9140484324678122,0.8845916014651588,0.9112658927259442,4
1766225550916400776,14.767593694268498,1.8889070042013067,0.8847506653651458,0.9112776066786417,4
1766225550991415623,14.780163809711034,1.9310599839551568,0.8845499281181513,0.9113492040275504,4
1766225551016413381,14.810323520927483,1.9058282943735585,0.8847713974013675,0.911328713599991,4
1766225551041411200,14.601499501095239,1.9256864500460835,0.8844685707495845,0.9113365625987268,4
1766225551093777194,14.64387272129608,1.9116832299014097,0.8843867235651759,0.9112945867681717,4
1766225551116411349,14.559929118814319,1.91032706314546,0.8844051901301085,0.9113039104761751,4
1766225551216409147,14.797766493069297,1.9077370963616134,0.8847410216454542,0.9113687209136735,4
1766225551241387049,14.583075628958998,1.9082530764078898,0.8844115219746058,0.9112083814183595,4
1766225551316420861,14.63223917222345,1.9024863042977749,0.8847926473143249,0.9113744384016663,4
1766225551391451959,14.722367111099977,1.9607754483857587,0.88460889443664,0.9113660747150477,4
1766225551416423148,14.47450370458192,1.8955093618745762,0.8845613400116664,0.9113586183924772,4
1766225551441428120,14.96402254113316,1.879848937559676,0.8849676182135402,0.9112337412319568,4
1766225551492047200,14.989317517862254,1.9619089023100538,0.8847236461287977,0.9112375153008774,4
1766225551516405667,14.993821277412556,1.9627119894009837,0.8848327058617216,0.9112251200743363,4
1766225551541405079,14.564245037609226,1.8893192997170771,0.8845684179572375,0.911334062489782,4
1766225551617574065,15.012691398309187,1.9290947704699628,0.8848480960347223,0.9113128915962192,4
1766225551641464943,14.928371021079023,1.9640576537163652,0.8844844579488071,0.91127237787493,4
1766225551841428629,14.758952524337898,1.8765376656300494,0.8847241592882022,0.9112617887820483,4
1766225551916416214,14.948262680439361,1.9642716700881517,0.8848995327729832,0.911261579779698,4
1766225552041418323,14.759276058630032,1.876634250535044,0.8846116034168771,0.9113026803471629,4
1766225552091512155,14.837613000082461,1.9772925185569283,0.8842764213258353,0.9112483770819413,4
1766225552116406279,14.69555647349885,1.9457501737615717,0.8843649277881064,0.9112265747442538,4
1766225552141415329,14.991630165186676,1.9398946484475483,0.8849132733904483,0.9112728548999058,4
1766225552216429976,14.778368111437846,1.9765705521942967,0.8845672433386296,0.9114163040135637,4
1766225552241419469,14.968783849778621,1.931105200632301,0.8848494206264343,0.911293936465552,4
1766225552294788227,14.549447782758795,1.8644307275491916,0.8847214930363523,0.9112882383724602,4
1766225552316412394,14.63539025213667,1.8826731384080677,0.8845456237736307,0.9112881041378982,4
1766225552341413209,14.948064483411795,1.9358556102383269,0.8848474440613361,0.9113361908815757,4
1766225552392651512,14.909518393121047,1.9140651480245465,0.8847695657214375,0.9113340744055584,4
1766225552441411728,15.21646658843201,1.9829778082087097,0.8851278589241727,0.9114025714510506,4
1766225552492362942,15.025029083732267,1.953856750193182,0.8848002753180492,0.911291839934903,4
1766225552541408704,14.46608587960585,1.7847985075867643,0.8846592271167641,0.911228753612216,4
1766225552591463022,14.968668044305854,1.9206433250427994,0.8849504630550239,0.9113270629442867,4
1766225552641453400,14.787319169308532,1.948840836066806,0.884632389513041,0.9113145268310621,4
1766225552694188627,14.708448453243816,1.8242008410510666,0.8852687455566491,0.9114060599107223,4
1766225552741421131,14.53573180461387,1.880038241000293,0.8845521096707457,0.9112783719416662,4
1766225552792368798,14.91694291716028,1.9627622568020746,0.884586150917693,0.911272543195548,4
1766225552891767008,14.608712858746209,1.8422616559162717,0.8849775876805188,0.9113575734449929,4
1766225552916417334,14.682157767258118,1.8665544517035035,0.8848302679174195,0.9113617042267347,4
1766225552941424330,14.658981340114341,1.858136269120989,0.8850306858207255,0.9113142478669661,4
1766225553016424940,14.773079649996635,1.8631092350467637,0.8846493931851355,0.9112768633174728,4
1766225553041422037,15.098159621238395,1.9605016515660967,0.885096459722908,0.9113469530930551,4
1766225553116412739,14.891991642765001,1.8978423098083266,0.8849239872414384,0.9112469325278003,4
1766225553141439862,14.711122367348285,1.9194132629144054,0.8847337368129916,0.9113863126945361,4
1766225553193593226,15.165613920319899,2.0253479546300617,0.8848017810980978,0.9113649739574176,4
1766225553216420324,15.158212307778252,2.0059226988119145,0.88499523523827,0.911365141090395,4
1766225553241423613,15.007326237725604,1.9503920832565413,0.8847801120136123,0.9112632932085442,4
1766225553341420149,15.261480517884007,1.9441732325727736,0.8850674929648896,0.9113379088236392,4
1766225553393435843,14.928412585033858,1.9462922802183107,0.8848314517107039,0.9112642053901993,4
1766225553416428783,15.129424667394975,1.934943662110721,0.8848914482507559,0.9112722715675603,4
1766225553441420621,14.904497301459152,1.9374768295718758,0.8850757259091224,0.91135488163517,4
1766225553466427457,15.20606241643363,1.9422516541745032,0.8850504023740098,0.911267563148277,4
1766225553516428705,15.12075195619611,1.9403987343016385,0.885145793547764,0.911276956802417,4
1766225553541435110,14.77249437657524,1.9607342179128981,0.8845788522261867,0.9112879255632493,4
1766225553592084196,15.485541601837461,2.0039044724482764,0.8852179459210949,0.9112586705777895,4
1766225553616425160,15.042909353569446,1.9201968815102224,0.8850548588357801,0.9112295116285388,4
1766225553641418630,15.15565321901391,1.9690355424670962,0.8849545959783218,0.9113692258522613,4
1766225553716424129,15.107752527392936,1.919027721366022,0.8854334209513706,0.9113526785936907,4
1766225553741422970,14.842164142958136,1.9536208299199005,0.8846255694583945,0.9112461288697136,4
1766225553793686340,14.54966633077326,1.9609662031980517,0.8842597786786833,0.9113822847292026,4
1766225553816496507,14.52829018308699,1.955166898508499,0.8842597786786833,0.9114052028118766,4
1766225553841421930,15.096267371228267,1.9945583467625276,0.8846545072690164,0.9112887335816251,4
1766225553892324692,14.597010370849706,1.9569602555243062,0.8843085537021854,0.9113323459502808,4
1766225553916426106,15.040467301656424,1.9606347788829162,0.8847474003457776,0.9112977909704019,4
1766225554016416900,14.977527857878759,1.968076901234759,0.8848405990342275,0.9113195134163402,4
1766225554041420981,14.5358267344734,1.8977313367928543,0.884369248651047,0.911315100137054,4
1766225554094834573,14.74107779860756,1.9221900213554532,0.8845638678192543,0.9112707122084268,4
1766225554141457992,14.54077005562504,1.828666097053147,0.8846748120746323,0.9113349229447594,4
1766225554193977884,15.402100246256435,1.9900574858765365,0.8850079268364417,0.9112380093681868,4
1766225554241433467,14.679573499328358,1.9179053320579451,0.8844591501102785,0.9113688081650219,4
1766225554341433458,14.563165623230345,1.880248530573253,0.8848506503060131,0.9113449534976823,4
1766225554392446478,15.003395900188622,1.9719030804062105,0.8847948348942488,0.9112798338670682,4
1766225554441429061,15.009261903715432,1.952245768524719,0.8848173802479979,0.9112368407102889,4
1766225554492189316,14.626109291548506,1.871740732382901,0.8846847042570221,0.9112663159119755,4
1766225554516422908,14.820715748814383,1.9023348527294066,0.8848753090904007,0.9112275231044384,4
1766225554592809523,14.809049705736822,1.9158257944903896,0.8846432495156,0.9112769631101241,4
1766225554616439240,14.687408168754024,1.9023922895232617,0.8846763200018775,0.9112978037944585,4
1766225554641441477,15.024873967757646,1.9016782368800782,0.8852790888096881,0.9113313893979993,4
1766225554693088910,14.4154899666884,1.8914172967418632,0.8843459292590072,0.9113127174144474,4
1766225554716428732,14.45177796781827,1.8697680370290073,0.8845164147287132,0.9112792182867394,4
1766225554793948797,14.934942086368363,1.909985317776778,0.884694742989261,0.9112791951645407,4
1766225554892918001,14.651316185252284,1.9417064899807805,0.8844204531096419,0.9112848801305147,4
1766225554916429286,14.587420769910375,1.9226197054208833,0.8845975581270642,0.9112722099521866,4
1766225554994204260,14.785051371080105,1.8650413204380336,0.8846931861096209,0.9113164238890487,4
1766225555016433404,14.666825341967392,1.8305656223619677,0.8848138931141513,0.9113056894358774,4
1766225555041444769,14.860368067635022,1.9300196177336173,0.8847930276867751,0.9113095727853224,4
1766225555092996100,14.905981260181278,1.9148581648031415,0.884592299795007,0.911279804661253,4
1766225555216441752,15.048443137965272,1.9266268548175771,0.8850211299299292,0.911321177127595,4
1766225555241449400,15.261653624559223,1.918303645794957,0.8852973580212653,0.9113188070505278,4
1766225555294663457,14.569935086344078,1.885749041905758,0.8846824141987255,0.9113258018853309,4
1766225555317443296,14.987657100382412,1.8954960958421276,0.8850454204873577,0.9113276865229829,4
1766225555392370858,14.484257459929651,1.9386237492719214,0.8841680498082484,0.9113256005272268,4
1766225555416423751,14.395195361870726,1.9084048904264233,0.8842717128178401,0.9113046246844558,4
1766225555441441707,14.745904646372821,1.8975507338295379,0.8849025364161797,0.9113957432104103,4
1766225555494146016,14.927610272076342,1.9952444989317242,0.8846926168951541,0.9114048606560811,4
1766225555517432789,14.920728185868537,1.9727072295021586,0.8848259987609807,0.9113807287403329,4
1766225555541447149,14.697340280539484,1.8734218293299185,0.8846886075030779,0.9112687786411502,4
1766225555596907168,15.010867273360207,1.945554450873611,0.884923503888728,0.9112771320890044,4
1766225555616436186,14.994435966272368,1.9666478435611223,0.8850469265493195,0.9113044688423138,4
1766225555694447355,15.1826288098178,1.906376454784677,0.8850990872910556,0.9113269560248229,4
1766225555741456749,15.133671485712208,1.9960759961868566,0.8847137624774059,0.9113489558192673,4
1766225555794455041,15.288522159727314,1.9002605198791491,0.8852466758066982,0.911252682807263,4
1766225555817063368,15.188869774791058,1.8761368685657356,0.8853891990497658,0.9112429373269394,4
1766225555841425612,14.492508114095525,1.89694207468298,0.8843901534783685,0.911362345613547,4
1766225555893660989,14.556357251576223,1.8806290486576092,0.8846141855772984,0.9113597086856533,4
1766225555941433989,14.826475000828454,1.8988463876108228,0.8848642858669721,0.9112548350591702,4
1766225555993678443,14.914517189263066,1.9538796868615236,0.8849433195990857,0.9112805907377373,4
1766225556041448927,14.440765295611557,1.8909791841426218,0.8843215291718726,0.9113374144577446,4
1766225556093306946,14.947257508156731,1.9033001885248921,0.8849867494173688,0.9113290500772341,4
1766225556116442053,14.8882789314011,1.8803313192401518,0.8851101909826531,0.9113043316848557,4
1766225556141450401,14.551443858633274,1.837305046228917,0.8848495420743762,0.9113598007446592,4
1766225556198746070,15.2516122560592,1.9229965794692674,0.8852442646597909,0.9113224471416406,4
1766225556217011474,14.955272250446683,1.9563377315236206,0.884875786111086,0.9113657047774162,4
1766225556241444451,15.275203185049492,2.003794860577362,0.884653235871408,0.9112396302786312,4
1766225556316442676,15.029197038847308,1.958406072122357,0.884779012761558,0.9113035401793489,4
1766225556341443380,14.791721909343192,1.8833227236094838,0.8848320627369533,0.9113276292745058,4
1766225556441450745,14.86761403635628,1.9030581144610432,0.8846449507088776,0.9112280511974291,4
1766225556516435905,14.60120464853154,1.8942720633470993,0.8846586415253921,0.9113977348657292,4
1766225556616445755,14.645637479253626,1.8879162780753656,0.8844727063864137,0.911210683200849,4
1766225556641436911,14.506861932023774,1.8796899253373966,0.8845550603765979,0.9112389296319938,4
1766225556716438922,14.85684547876842,1.8655402676063684,0.8851214418966933,0.9113129214023075,4
1766225556741427564,14.900105026974476,1.9473571251207045,0.8847317662106962,0.9112599091948417,4
1766225556793454109,14.933734043712455,1.966933258000503,0.884575766096581,0.9113223516139515,4
1766225556817010889,14.782010243753918,1.9430330801504876,0.884690869375862,0.911344591593636,4
1766225556841433256,14.79490360266733,1.9149382445087073,0.8849074258918846,0.9113580943479732,4
1766225556893737222,15.167837374413406,2.005736705419566,0.8848759839167739,0.9112578228858751,4
1766225556941434338,14.621527057882444,1.9032077677908537,0.8847242382538796,0.9114046865318964,4
1766225556993718738,15.002020496728719,1.932998065821392,0.8851492565446031,0.911356666667931,4
1766225557016466777,14.861558601649506,1.9097601734183518,0.8849776083405723,0.911348744144965,4
1766225557041449247,15.027763168264263,1.9347890630049809,0.8848862942480406,0.9112723559789566,4
1766225557116523354,14.739323871306166,1.9492455931732247,0.8845743707323047,0.9113301081176464,4
1766225557143185071,14.718246333718099,1.8849177633583678,0.8847707986349383,0.9113236180465971,4
1766225557216444106,14.477965299505403,1.9274443067948372,0.8845668431032692,0.9113663101234172,4
1766225557294502543,14.672509636040942,1.9268297442977365,0.884722165964203,0.9113616492908424,4
1766225557316448205,14.848893373547668,1.9667668915429641,0.8847365498793288,0.9113473029399632,4
1766225557416544506,14.76926803621781,1.854522429056988,0.884874427155992,0.911297505504295,4
1766225557441441085,15.041915133365723,1.9071876937249082,0.8850284481572623,0.9112638158584414,4
1766225557495110177,14.765177990023414,1.9390058676327493,0.8845909490907743,0.9113512814095603,4
1766225557517247519,14.658463379374819,1.905182627877205,0.8847640285961109,0.9113350033296012,4
1766225557541463217,14.818491279388834,1.9521736588954002,0.8848309746083397,0.9113559634137793,4
1766225557594925190,14.74690561967995,1.8992948867824908,0.8848171767699116,0.91132735450267,4
1766225557616568172,14.845610846055957,1.8996825770904668,0.8850417511584127,0.911319026445022,4
1766225557641447248,14.730569543169869,1.9219579237462074,0.8844880235821845,0.9113177521166596,4
1766225557693784937,14.569780146049816,1.905075722231043,0.8844204109405034,0.9113397385896563,4
1766225557717166197,14.575405573330924,1.893759779427822,0.8845882118492103,0.9113219689754445,4
1766225557797303482,14.924676164648876,1.9484257100744748,0.8847093533447394,0.9112864295701514,4
1766225557816649747,14.924676164648876,1.9484257100744748,0.8847093533447394,0.9112864295701514,4
1766225557841451838,14.617504254362036,1.9294700286472448,0.8844790211221445,0.911363221353696,4
1766225557894115190,14.931898868211446,1.9703996104724648,0.8845997848019043,0.911263636868719,4
1766225557916443941,14.77810339830199,1.9437678025138554,0.8846455064009466,0.9112705298098577,4
1766225557941435357,14.573561946172319,1.8921226411364984,0.88442943229832,0.9113277707700517,4
1766225557993973965,15.056770185795653,1.931941793528313,0.8848655077564646,0.9112468266719889,4
1766225558016474539,14.999428787941804,1.904825627414309,0.884980101722361,0.911232514336108,4
1766225558041440758,14.68668398691364,1.9561637038227093,0.8844038164715995,0.911366760624956,4
1766225558116558487,14.91487938859759,1.9323636575068566,0.8845907890205775,0.9111844361542524,4
1766225558141491494,15.061914163701395,1.9519705348738623,0.8848568124496815,0.9112640311543756,4
1766225558193966211,15.29105962652688,1.993915797779215,0.8851031884129255,0.9112855071406993,4
1766225558216446217,14.755710910784758,1.9234316922386814,0.8846649467028199,0.9112824324437028,4
1766225558316446227,14.820535248643019,1.9009065259433136,0.8846045113272755,0.9112818568077427,4
1766225558341452322,15.08716538664412,1.9182975058984757,0.8850671154611394,0.911343702717,4
1766225558394657712,14.828180024810123,1.9682273231857845,0.8846275462120994,0.9113497257444527,4
1766225558416612230,14.948784989313847,1.9749562885602103,0.8847347219157311,0.9113462471567695,4
1766225558494568334,14.670103906830878,1.8877954160333026,0.884687268623305,0.9112770210335139,4
1766225558541435421,15.043517995740885,1.9063325835215168,0.8849484391921587,0.911303984985245,4
1766225558595590366,15.005056834057061,1.9676116269760242,0.8846460650123245,0.9113222976296496,4
1766225558694984267,14.632812866187228,1.8473033945714412,0.884638360868991,0.9112819305218057,4
1766225558716845590,14.473216943122091,1.8313376326196382,0.8846520760126314,0.9112752836374346,4
1766225558794552947,14.616066736253819,1.8754265763058873,0.8847180568245229,0.9113100842961926,4
1766225558818428045,14.934896869195358,1.934336056616814,0.8849005159463654,0.9112918841567506,4
1766225558841526323,15.088650906408652,1.967570163742338,0.8849707111850644,0.9112930553505314,4
1766225558898598883,14.83493252400525,1.9586258879802894,0.8844551186965683,0.9112795667536352,4
1766225558941454499,15.02972051458018,1.9413263484723762,0.8848033231016567,0.9113179298337364,4
1766225558994629582,14.676948243143029,1.8874766176167785,0.8844654959253062,0.9112151034447278,4
1766225559016653030,14.64493111001497,1.8834984476696266,0.8846680555626818,0.9112653457526478,4
1766225559118104318,15.250068722359122,1.9157889454992578,0.8852636035656437,0.911241540321122,4
1766225559195813799,14.945296126341766,1.9481356074324392,0.8849074654525114,0.9113203305686026,4
1766225559241457946,14.492058287316478,1.8405239298646912,0.8846271132701518,0.9112316590937836,4
1766225559299229289,15.352681117902556,1.9216068269390825,0.885329912492616,0.9112732351699019,4
1766225559318376209,15.352681117902556,1.9216068269390825,0.885329912492616,0.9112732351699019,4
1766225559441446375,14.634876951445497,1.8994135330404611,0.8844825195299393,0.9112949378410888,4
1766225559494491153,14.775780349629564,1.9000121906402418,0.8845474532126365,0.9112377869253593,4
1766225559517250153,14.743433662525508,1.8902430639123873,0.8846735359704795,0.911245460285293,4
1766225559541447026,14.81246557080318,1.918591459012792,0.8848880651475747,0.911369822952279,4
1766225559595590410,14.863477831124627,1.9730252870959262,0.8845505688995928,0.911301872548602,4
1766225559617051921,14.766404962162527,1.8666106603704602,0.8850411832937796,0.9113324432086338,4
1766225559694641627,14.778990666139414,1.9633462242696154,0.8846068437277825,0.9112763835955621,4
1766225559741452057,14.763030411797384,1.9082123015549302,0.8847415124024332,0.9113136800206365,4
1766225559796496073,14.816904600336688,1.8960706640932565,0.8847218427307222,0.9111767407493025,4
1766225559818232261,15.187331219391087,1.9591540264286889,0.8848647712296988,0.9111989447047237,4
1766225559841452778,14.850981112416783,1.9383174386722215,0.8847452283950188,0.9113792265532545,4
1766225559895049003,14.765920188297477,1.948882631182354,0.8845034071180525,0.9112964992077078,4
1766225559918032335,14.598552925431441,1.909099999555936,0.8846070668588961,0.9113119329307008,4
1766225559996118854,14.994442631461325,1.9805603649040462,0.8847058958399155,0.9112867423793118,4
1766225560018304477,14.828655224617515,1.9460861767392008,0.884703126479687,0.9112793890683321,4
1766225560094672446,14.778118222940728,1.9101486089555393,0.8846857583820211,0.9112265174213007,4
1766225560194551659,15.188857309657022,1.9460913499606136,0.8849577901235979,0.9113313639666074,4
1766225560217301101,15.049144997441699,1.9097254070685346,0.8850584874393754,0.9113299634926529,4
1766225560241452438,15.53761185254987,1.9908076110348372,0.8852088571963587,0.9112553445047386,4
1766225560317692907,15.453678845517294,1.9471629661766443,0.885251715035467,0.9112559826481791,4
1766225560495895956,15.01686836386218,1.9429807388242686,0.8847601042323074,0.9112739248968025,4
1766225560518486129,15.048399004134128,1.9414916282045263,0.885032161588285,0.9112665200275476,4
1766225560619386822,14.803730640978841,1.8896320406590832,0.8848206598788924,0.9113151841045216,4
1766225560695287733,14.612479565179083,1.9026489884284754,0.8845502202973239,0.9113048380663586,4
1766225560795136919,14.982105824424163,1.892363657796532,0.8850714599525166,0.9113289611220352,4
1766225560820595965,14.486108676389776,1.8981955565111084,0.8845851219507562,0.911347746854657,4
1766225560842572604,14.872559696032406,1.9478583531229485,0.8844936741142237,0.91131157556454,4
1766225560895808322,15.054496792510808,1.9977144252726247,0.8847363413817828,0.9113459437130559,4
1766225560917373848,14.80417253508337,1.9379817687007392,0.8848300411708655,0.9113764381424835,4
1766225560996083559,14.918816448089235,1.978096620015872,0.8844795538511945,0.91132641563763,4
1766225561041456757,14.939310018177277,1.860287410090228,0.8850976262904225,0.9112532125162546,4
1766225561095676604,15.06528761040904,1.9344535917808745,0.8850788572918311,0.9113387822522102,4
1766225561141456817,15.229468552217739,1.9436253084489017,0.885182564183921,0.9112828147430442,4
1766225561196466338,14.912894033679347,1.912175883989839,0.8848188236527489,0.9112457777144038,4
1766225561219306671,15.1034143189287,1.9305037699364436,0.8849353572213423,0.9112511498702143,4
1766225561241454953,14.869976843995047,1.898885622634152,0.8849754057203482,0.9112825062221274,4
1766225561295223512,14.90515755987043,1.9322671437779875,0.8847267988658646,0.911297156990943,4
1766225561318190022,14.881275597387166,1.8996282725623173,0.8849414586202128,0.9113387142526999,4
1766225561341472586,14.803319535726445,1.8497391620826074,0.8850588889813962,0.9113441169850971,4
1766225561399170772,14.60148623559654,1.8952361541961105,0.8848274176215271,0.9113351005868364,4
1766225561418102407,15.140603663601482,1.9572816961039032,0.885123751698995,0.9113351005868364,4
1766225561441516659,15.057152731255075,1.9023761213209591,0.8852661110269129,0.9113022247745801,4
1766225561495869676,15.00062027349458,2.017946741006263,0.88439028523529,0.9112919585125002,4
1766225561518188940,14.955478485293217,2.0046413845635165,0.8845852840822656,0.9113059642057595,4
1766225561541458700,14.819386570281367,1.884795959428729,0.8850629586288039,0.9113731723663792,4
1766225561618551651,15.016263824049858,1.9145131383024752,0.8849111908706888,0.9112743588628213,4
1766225561641465042,15.036162681837384,1.8973657520154046,0.8851226924423373,0.9112862120404776,4
1766225561696873293,14.929889727536727,1.9867227367096136,0.884677545081681,0.9112619976711919,4
1766225561718024521,14.56203616360352,1.9243427164253217,0.8844223995239107,0.911272959599767,4
1766225561741457508,15.031924618327587,1.877613263902957,0.8851984725735977,0.9112716297666711,4
1766225561817842599,14.415768775090099,1.8438213842000608,0.8846105670703636,0.9113018233731909,4
1766225561841469891,14.878759816829735,1.8547903847057492,0.8849685687751276,0.9112671545928623,4
1766225561918163992,14.635916891728717,1.8868903586024017,0.8847164802933326,0.9112864784925858,4
1766225562018397090,14.748246527265696,1.873166336460469,0.884713680284759,0.9112142471143768,4
1766225562096452892,14.789214619438273,1.8827646705314172,0.8849284882309651,0.9112982243402263,4
1766225562141469309,14.531394568650601,1.856530770203419,0.8847513883426643,0.9113364307588788,4
1766225562218737339,14.645780619555238,1.9142652397167752,0.8846165457151309,0.9112965933848854,4
1766225562241470421,14.533686868037798,1.8892660373665664,0.8844493047393939,0.9113206049897598,4
1766225562318933879,15.042069997866614,1.9258090052055203,0.8849618483674302,0.9113400537972334,4
1766225562341458408,14.793709711922286,1.946889540277338,0.8847520413543027,0.9113643394609542,4
1766225562396073227,14.825830275626227,1.9211146362519342,0.8847784162231975,0.9113733326055893,4
1766225562418229274,14.88982061518984,1.9206145004890967,0.8848407379048907,0.9113268569333945,4
1766225562441480248,14.830863626279056,1.9315968672513866,0.8848540263302965,0.9113050380397127,4
1766225562518426344,15.265151725914027,1.9607494701103492,0.8850561759978292,0.9113207766388403,4
1766225562541484767,14.661672657263924,1.8981014093335713,0.8846743550472825,0.9113521949534276,4
1766225562596240030,14.8615930434296,1.9615039275853716,0.8849039759721569,0.9113664731997241,4
1766225562641455782,14.695575490250246,2.0187581725025687,0.8844474045086896,0.9113399187285363,4
1766225562697271358,14.908555024767178,1.9256315360736216,0.8849064701816298,0.9112406104026343,4
1766225562719504760,14.518596603232513,1.9311904516329543,0.8841891484784369,0.9112749849498717,4
1766225562741461012,14.698455429623891,1.9077121762374916,0.8846210573712056,0.9113331452351091,4
1766225562796805252,15.125742421549404,1.9923734444316001,0.8848318492390974,0.9112569130732382,4
1766225562818581955,15.087626345878125,1.976145027358682,0.8849677094404292,0.9112684448165297,4
1766225562919103706,14.842037056998269,1.94144069993701,0.8845006363888832,0.911335365596356,4
1766225562941505144,14.78220405507502,1.9420966811071416,0.8844435485112989,0.9113543034669493,4
1766225562995854243,15.204576158374117,1.9288639177523035,0.885080133783317,0.9112321719120255,4
1766225563118071615,14.70111501140714,1.895060884662552,0.8846493921702752,0.9112084522587676,4
1766225563141465478,14.98682119903072,1.9067298575490785,0.8848766468085772,0.9113269501775721,4
1766225563218780006,14.953609424111946,1.9292873990929575,0.8849111380851026,0.9113938778948945,4
1766225563296529010,14.670097055419106,1.885279299324366,0.8847159124053913,0.9112812054834702,4
1766225563341466148,15.073065646233452,1.9906188630127337,0.8847548274628019,0.9112665692902101,4
1766225563396954009,15.18047543234513,1.9775684606850163,0.8850195038648356,0.9113420999408015,4
1766225563418452359,15.25177317001647,1.9767476557592771,0.8848505781370947,0.9112787111489935,4
1766225563441455929,14.72620929419155,1.963525682750962,0.8846232636574137,0.9113833770320656,4
1766225563496550289,15.015680890396066,1.9538872842296036,0.8848783657056724,0.9112786694636791,4
1766225563520390882,14.889450146981842,1.886035878180057,0.8848829958569181,0.9112637618636886,4
1766225563541471087,14.949822454161321,1.9819868667696017,0.8845078831754934,0.9113489034273499,4
1766225563604007616,14.826628511275253,1.9475227909544945,0.8847147584824401,0.9112955047601784,4
1766225563622485679,14.62982585240713,1.915733059161117,0.8847055606968376,0.9112901093554304,4
1766225563642501483,14.699280802117132,1.8777038511319468,0.8846499380200132,0.9112913744424499,4
1766225563697007337,14.772311050673892,1.9199047618415888,0.8845466288772583,0.9113097705639067,4
1766225563719882155,14.687975653029373,1.879786689494008,0.8846752897751853,0.9112843554937357,4
1766225563796402310,14.739293411924926,1.897564851374646,0.8850371106434216,0.9113757606740692,4
1766225563841474822,15.003612731113503,1.944594020890644,0.8848225519080573,0.9112743932226182,4
1766225563941466175,14.836217668323105,1.9676224353297946,0.884591473759982,0.9113382833035685,4
1766225564018918853,14.74798703617819,1.8871843726205557,0.8849409304865774,0.9113874307066221,4
1766225564118843550,14.70279864356061,1.9465162122703454,0.8847233150912218,0.9113360479367055,4
1766225564141472906,15.072907858039496,1.9408551012972808,0.884797073364023,0.9112911051588121,4
1766225564199109075,14.968334339982569,2.002258782036918,0.8847058076828029,0.9113268338699494,4
1766225564241465943,14.938008089671051,1.8953333991090986,0.8850555359037939,0.9112649666365807,4
1766225564296698323,14.919588591928544,1.9596193704316829,0.8846779608095812,0.9113270986216806,4
1766225564319710969,14.38635776772168,1.8836503045085506,0.884458998596484,0.9113249130881794,4
1766225564341466784,14.895055289803839,1.9093605883293843,0.8849217883558586,0.9112941453177044,4
1766225564441478625,14.886391153912658,1.9173395167674994,0.8847833913196428,0.9113710927764036,4
1766225564519326425,15.003710498700084,1.9409971563164834,0.8847873519275983,0.9112805949418333,4
1766225564541476120,14.863239094906945,1.9380035631836117,0.8846083353771902,0.9113498199953897,4
1766225564619249360,14.999752346405714,1.9508592979257018,0.8847844462521779,0.9112858098627548,4
1766225564697520305,15.027470433641831,1.9511586540854633,0.8846613913774432,0.911300446868452,4
1766225564720666543,14.845499440390707,1.9100118006780435,0.884770500368357,0.9112970796541264,4
1766225564797574957,15.03944015043901,1.9516978361007278,0.8847214426300984,0.9112929362052575,4
1766225564820184716,15.179267069794333,1.9383029114617631,0.8850722753774429,0.911261220144951,4
1766225564841557811,14.697431145259344,1.9241941934621032,0.8845739236319367,0.9112829644866272,4
1766225564920245520,14.920604241158152,1.9466568304637035,0.884627080753554,0.9112042682723382,4
1766225564941483511,14.846421565055113,1.937720774558735,0.8846401254630478,0.9113050481410545,4
1766225564997903202,14.429626661448424,1.8600738621511537,0.8844423012927032,0.9113349300218934,4
1766225565041472279,14.64301280639524,1.88948842102083,0.8848424533304609,0.9112826980349106,4
1766225565097219887,14.481335879884538,1.8432801644938783,0.8844879723756438,0.9112870185717499,4
1766225565119673974,14.836264914981356,1.9101053272467803,0.8846600168718948,0.9112896024871264,4
1766225565197557821,14.737665712273307,1.9132852336128061,0.8848153226738484,0.9112839719069393,4
1766225565299867883,14.879878650666978,1.945763405062311,0.8848921557551761,0.9113295712170725,4
1766225565320085375,14.862617881137519,1.9021614495163734,0.8852418553838078,0.9113337676283089,4
1766225565341493817,14.693393730120242,1.888268360015823,0.8844634663041427,0.9112843044945388,4
1766225565397612863,14.895697918076323,1.9542090212894236,0.8846804065574659,0.9112829869720599,4
1766225565419763459,14.750529574730109,1.9315154023505277,0.8847119074025998,0.911297336813388,4
1766225565441466684,14.98766874475599,1.8910704645305199,0.885205392309101,0.9113183007672021,4
1766225565498118623,14.868977238035598,1.9601575109896365,0.8845679372156942,0.9112829108529141,4
1766225565541469108,14.558028401846169,1.9193232890836025,0.8842627013690812,0.9112645764416978,4
1766225565641478585,14.654862935888136,1.9010706060958038,0.8846201660919031,0.9112903538596991,4
1766225565697524033,14.777098417064206,1.923623207451351,0.8845815726661161,0.9113316338660228,4
1766225565719527523,14.716616044342157,1.88860783321706,0.884693471128708,0.9112766196721411,4
1766225565741477252,15.085183847674099,1.93205683559339,0.884884271147583,0.9112250559523567,4
1766225565798773271,14.695787882769707,1.9074447993332089,0.8844946370268794,0.9112795230596087,4
1766225565819914580,14.621450091125476,1.8905556134792925,0.8846159766865749,0.911287976914711,4
1766225565901984135,14.97992189061681,1.9334782952248353,0.8848183225349696,0.9112927337015247,4
1766225565916490933,15.064738264844891,1.9108531953390568,0.8848584557020306,0.9112573885341164,4
1766225565941490304,14.827340306352355,1.9355610702036996,0.8845015264375858,0.9113142220892386,4
1766225565998765634,14.731165631965082,1.8844767636537905,0.88476181316051,0.9112851144828209,4
1766225566016477878,15.106531542577128,1.8939640524908377,0.8853176747578463,0.9112521033845934,4
1766225566041476648,15.11353338007293,1.9193347690125737,0.8849337611883497,0.911331223825942,4
1766225566097324274,14.845772838771087,1.91341736195841,0.8845512830037033,0.9112315688894015,4
1766225566120619572,15.198874241680315,1.9078985460112343,0.885117420429363,0.9112654845697676,4
1766225566222198799,14.716483981644824,1.9251280161157571,0.8847165538384715,0.9112797135735041,4
1766225566242251672,14.652646741757703,1.9448360045957511,0.8842906473479246,0.911301720126012,4
1766225566297955618,14.767934956657847,1.953026633611076,0.8843865120852237,0.9113062358946376,4
1766225566320134888,14.670667790773862,1.9147929573476683,0.8845659871961071,0.9113399493141119,4
1766225566341478257,14.719774526273266,1.8951582733694703,0.8847941385456323,0.9114075869223659,4
1766225566397899762,14.899091988377243,1.9528842125981694,0.884766221808844,0.9112023782550418,4
1766225566441477415,14.743088424570727,1.8706653104292201,0.8848873924376378,0.9113103598387009,4
1766225566497784614,14.726690108183615,1.9101481504313567,0.884633978378952,0.9113052292428288,4
1766225566520788284,15.222841508297336,1.9480248348542477,0.8849816740264681,0.9112687258718132,4
1766225566541536304,14.749491667022552,1.9098759090749038,0.8845597919839943,0.911289129411522,4
1766225566591491664,14.652478528727864,1.9323261846242041,0.8843103977375995,0.9113298231363506,4
1766225566619809293,15.068589104251906,1.9234429443514627,0.8850396950592758,0.9112695360298937,4
1766225566691483618,14.609986537998164,1.924602083633021,0.8848044618229967,0.9113064005022733,4
1766225566719631307,14.582966950721366,1.9441468364638825,0.88435957841164,0.9113489228491009,4
1766225566741491528,14.347754800058787,1.8628946490068412,0.8846994587650965,0.9113393068256266,4
1766225566797694602,14.419968993604648,1.8379421592317553,0.8844647288087576,0.9113225806363698,4
1766225566820771539,14.365843089067187,1.8178448014505244,0.8845442791610251,0.9112721888635983,4
1766225566897529801,14.765956819483783,1.9356046104753513,0.8846094299737852,0.911389475298844,4
1766225566920187350,14.615624958039808,1.899427792580939,0.8847932615277914,0.9114097825818006,4
1766225566941478120,14.893643747603935,1.9549772938283543,0.8849263529324873,0.9113786301361477,4
1766225567041492746,14.571005550402694,1.887681262495664,0.8845251627329295,0.9113307931865638,4
1766225567191490485,14.848888699088958,1.9220303544418915,0.8849376061514744,0.9113146745044548,4
1766225567216477413,14.992995766094474,1.976874085940331,0.8847440792271741,0.9113482784090675,4
1766225567241854273,14.77098594072379,1.8673847560551053,0.884770003696266,0.9112520901969552,4
1766225567320235686,14.857731346362367,1.9261709385370167,0.884967241558568,0.9113035215086226,4
1766225567341483335,15.04866095534152,1.868544168043115,0.885204981057076,0.9112084603543481,4
1766225567391491865,14.800225787047317,1.897245845190879,0.8849691608971022,0.9112991345915141,4
1766225567498154046,14.952637344850196,1.9508019524395521,0.8845641311124152,0.9112754462164311,4
1766225567520357763,14.997326028702851,1.9439675345349652,0.8847811975429896,0.9112874534905242,4
1766225567541499883,14.962733348922397,1.9834176560010446,0.8845096029672902,0.9112926729469939,4
1766225567598902773,14.864626053028518,1.865804801824219,0.8852918810730185,0.9113571648292947,4
1766225567616491003,14.743468359708078,1.9233873644956248,0.884697533813836,0.9113401535649543,4
1766225567791485698,14.815603077326877,1.8903999206900612,0.8847943749722418,0.911255736379078,4
1766225567820677971,14.928665326389034,1.9210651829843268,0.884982709607044,0.9112981151406773,4
1766225567897884825,14.886197309373683,1.997356976038546,0.8844729378377877,0.9113268483968395,4
1766225567920553996,14.71335890208547,1.887413872143035,0.8847699570328371,0.9112729659959411,4
1766225567998194446,14.652371830661926,1.9259693768406028,0.8844082520025082,0.9112483511685088,4
1766225568020562130,14.90772009627217,1.942494194031534,0.8847008661883728,0.9112691671536798,4
1766225568041515987,14.92876909794738,1.9066994828936177,0.8848292499927757,0.9112667987364681,4
1766225568123263727,14.757353873246505,1.9044771266033287,0.8848380280739374,0.9113215864439086,4
1766225568220625165,15.038713194490239,1.9463637021174267,0.8847328349089713,0.9112302121323896,4
1766225568241482260,14.975752456045988,1.8742775501379698,0.8849756564694728,0.9113558710243433,4
1766225568291489077,14.839695080751557,1.9162140332476525,0.8846254918444314,0.9112337513964702,4
1766225568320782199,15.041535321335232,1.9444804667052678,0.8850018728615673,0.9113697709203512,4
1766225568341934018,15.169705213826434,2.0025270731613,0.8847742408517419,0.911309551472624,4
1766225568398392502,14.984929572492089,1.924637736628295,0.8846832517950345,0.9112509553377224,4
1766225568421223186,14.901876072428767,1.8877598778189435,0.8847963109274034,0.9112773129983929,4
1766225568441507815,15.104046669753512,1.8850692312687534,0.8851452091280335,0.9112523697574498,4
1766225568491497510,15.068901694712311,1.9330777936214851,0.8848852547742188,0.911281669423846,4
1766225568541492004,15.51839792805676,1.9525575140876335,0.8850401082711927,0.9112758642128503,4
1766225568591486668,14.962669699090213,1.9030925828874583,0.8851015627184522,0.911309299541204,4
1766225568621933118,15.238643791642525,1.9246490294756382,0.885280302581888,0.9112761885994841,4
1766225568641485680,14.75130452596618,1.955421410804288,0.8843904353130825,0.9112941297702185,4
1766225568699303369,14.764133019810277,1.88897074404437,0.8847052469539717,0.9113021240429567,4
1766225568741490929,14.427663542209036,1.9020352001991385,0.8843539026779013,0.9114211189652012,4
1766225568816487108,14.53073719415443,1.8670368721076909,0.8846030691892562,0.9112761036062275,4
1766225568891491312,15.074371438071331,1.929345271502047,0.884987346130327,0.9112572131908178,4
1766225568941750514,15.087478130629716,1.993255416720439,0.8845881041999795,0.9112459657951366,4
1766225568991488385,14.789738238978224,1.896791573669051,0.8848347270954925,0.9113124474785993,4
1766225569091494655,15.031261917843096,1.941254291858719,0.8848972518521953,0.9112918673428481,4
1766225569142571704,14.84453091571114,1.916215269936687,0.8846920229489987,0.9113313497947784,4
1766225569191518919,14.499548148256158,1.8461762518102205,0.8844914081834203,0.9113516813099738,4
1766225569216508602,15.026134655498957,1.9184710594461012,0.8849742759067096,0.9113683267601252,4
1766225569291489121,14.776487553411432,1.9243831078886113,0.8849639798482737,0.9113602426830272,4
1766225569341500747,14.721155082343284,1.874132299572626,0.8849582246240544,0.9113277045604116,4
1766225569391490211,14.712111633199632,1.8995030709699612,0.8847133946580076,0.9112860325060435,4
1766225569441491608,15.060763993870797,1.9466272415416963,0.8848263855249081,0.9112354252044391,4
1766225569491486593,14.340602440888528,1.8682895713494292,0.884439215692046,0.9113104728306922,4
1766225569516490573,15.108732640487732,1.9270767371484858,0.8852237863207068,0.9113749675388774,4
1766225569541597977,14.805999561992135,1.8964744374086218,0.8845085328765829,0.9112398962774944,4
1766225569591485339,14.46866600379404,1.8916588338885039,0.8845402565766116,0.9113317577034298,4
1766225569616488848,14.741288062163793,1.8893504881563656,0.8846355779821109,0.9113194210834106,4
1766225569641682093,14.912208468396027,1.9108522285928164,0.8847922224844186,0.9112481147697157,4
1766225569791496767,14.720785093444434,1.9422628580240084,0.8847980423904338,0.9114139225652989,4
1766225569816505054,14.910522032717811,1.9180036265872296,0.8849167792895781,0.9112984664050124,4
1766225569841551033,14.647987921190042,1.9409210521556994,0.8844381426133824,0.9113238613686743,4
1766225569916492179,15.01155434810164,1.9479662138002594,0.8847086495169767,0.9112079421089951,4
1766225569941491920,14.691406815149023,1.8571002731849275,0.8847893199439636,0.9112969719000817,4
1766225569991486193,15.176047877236476,1.9631702555371746,0.8851828952869892,0.911229298042114,4
1766225570041492409,14.895216409931855,1.958576987665355,0.8848994112544577,0.9113452925972506,4
1766225570091501280,14.796256134811836,1.8699791853038428,0.8849911003581405,0.9112986014824092,4
1766225570116506672,14.326045328148073,1.8940011048722327,0.8842687374994371,0.9112679308584097,4
1766225570142379264,15.011645708158161,2.0387961505472805,0.8841244104758934,0.9112137701968599,4
1766225570191502159,15.086524647998424,1.9129436336760135,0.8851585486921675,0.9113557985010655,4
1766225570241497565,14.933931977587855,2.013646324607609,0.8844917670139458,0.9113242674202564,4
1766225570291494233,14.778859448915771,1.9717458732479725,0.8844774865986238,0.911334113892497,4
1766225570316504524,14.530132402185147,1.831674074476529,0.8847245381370128,0.911331191208832,4
1766225570341517511,14.848061058678418,1.897479830707735,0.8846163178631498,0.9112708054537275,4
1766225570416494714,14.85712155642316,1.9617963048405225,0.884807144677304,0.9113354145643685,4
1766225570441494856,15.227397813475264,1.938685018101399,0.8850252344285209,0.9113489656259617,4
1766225570491491784,14.732666087701961,1.8903551014041615,0.8848053186283092,0.9113273484404838,4
1766225570516491466,14.750450305118346,1.9056285673171065,0.8847660919641243,0.9112953494886613,4
1766225570541560217,14.705549303617115,1.9219123814443806,0.8845357969950159,0.9113141664461659,4
1766225570591505739,14.846115723109676,1.8853605900920463,0.8849446691193027,0.9112888503660919,4
1766225570616506592,14.54429149135883,1.8810037891800562,0.8846548188999608,0.9113832738768509,4
1766225570641526171,14.76678583090607,1.896041929827084,0.8846720342890154,0.9112823903506827,4
1766225570691501829,14.925721181375806,1.9530646704705261,0.884627693770827,0.9112164022548603,4
1766225570716504026,15.254104672036917,1.9836293092280863,0.884977701231163,0.9112867766914686,4
1766225570741515840,15.118545623989732,2.007547066430974,0.8846678684222107,0.9113766595455128,4
1766225570791507318,14.94952447155784,1.9433769326474355,0.8848595431546563,0.9112463706833026,4
1766225570816505336,14.423576259621429,1.8652997686953041,0.8844450667635815,0.9113387847423404,4
1766225570846662712,14.746116268115838,1.9872583493186056,0.8846860227426229,0.9114745609976341,4
1766225570916499573,15.329315804870514,1.9916545989757954,0.8852795419073987,0.9113194809170867,4
1766225570941501619,14.88264753105739,1.8935979419604216,0.8848990474956945,0.911276020307163,4
1766225570991503617,14.619769291110973,1.858928028212521,0.8846728729473139,0.911289500378925,4
1766225571016502426,15.004611363202525,1.9119444241796448,0.8850011614292368,0.9113070988736816,4
1766225571041500224,14.93689766591244,1.8839816326622352,0.8850846794365114,0.9112826616430023,4
1766225571091498264,15.021154278321735,1.9911502777489432,0.8846016942559287,0.9112960492746827,4
1766225571116509187,14.35139003472341,1.8022804410485613,0.8845730510960921,0.9112405413414121,4
1766225571141536350,15.032702848163716,2.0071547198853437,0.8846274714387632,0.9113642221871361,4
1766225571191498072,14.9657075132128,1.9169096418351965,0.8848230406692843,0.9112794561042176,4
1766225571216500008,14.66739282143459,1.9148676166217382,0.8845738247300581,0.9112175851206425,4
1766225571241584909,14.87680749422604,1.9562111337752544,0.8846872468663124,0.9113634489799758,4
1766225571316490818,15.004756187777524,1.968785706030698,0.8850109666933192,0.9113843864893311,4
1766225571341494467,14.774934406353912,1.9183974154550167,0.8846907931496913,0.911303735192578,4
1766225571391502576,14.997158064405603,1.899916100239447,0.8849303689747552,0.911260658356619,4
1766225571441504814,15.245129602700302,1.9516742312660447,0.8849012316722401,0.9112644185365225,4
1766225571491504087,14.443847966103874,1.9035546871783806,0.8845843824563051,0.9113355090418854,4
1766225571516494962,14.823059637828262,1.9398640882951192,0.8846968666437459,0.9112848495363611,4
1766225571541575195,14.509912457156272,1.879847437071135,0.8843648365923868,0.9112412797319641,4
1766225571591504165,14.639855290995985,1.9397617330491324,0.8846316113722978,0.9113315001164024,4
1766225571641508687,14.812518116895323,1.9350715989362635,0.8844520230565464,0.9112723168222492,4
1766225571691603620,14.83512166372558,1.8746967120077327,0.8849646695123596,0.911305817554567,4
1766225571816518379,15.031637010998299,1.9479273962978858,0.8849331482296868,0.9112873663237702,4
1766225571841512691,15.04937808928608,1.9209186587425255,0.8849893774906383,0.9112893865382438,4
1766225571891515300,14.740684512439483,1.9082960926448296,0.8847897534356044,0.9112839356803257,4
1766225571941516896,14.817988391787274,1.9268089093923464,0.8846863739397999,0.9113204453012596,4
1766225571991515929,14.992325637667836,1.9586674740267906,0.8847087687882352,0.9112839997104231,4
1766225572016559372,15.29320447746163,1.9543240985682986,0.8848479175642741,0.9111729520292107,4
1766225572041519118,14.832934845854462,1.9430900101020039,0.8844701850582827,0.9113004902348159,4
1766225572141523604,14.701604081979958,1.9438988798383494,0.8845181559806539,0.9112847085564629,4
1766225572191500224,14.581164371688216,1.9000580140216934,0.8844581584360471,0.9112674873539294,4
1766225572241502282,14.998596133430464,1.9516767202986118,0.884783177817006,0.9113122121532983,4
1766225572291501845,14.873610858743724,1.9047883199558995,0.8848705646913443,0.9112576779370862,4
1766225572316506516,14.702634294256667,1.9169396539023997,0.884401452274827,0.9113215441404624,4
1766225572341519081,14.53814090027028,1.8605213916928123,0.8845291602695369,0.9113068097020173,4
1766225572391509687,14.74463092952627,1.8783297423365997,0.8850526418091066,0.9113548745416887,4
1766225572441500794,14.810498827711903,1.9436443160850019,0.8847069601791162,0.9113452617551284,4
1766225572491508332,15.113189610788226,1.953818504022547,0.8850101433018506,0.9113065541241886,4
1766225572516522661,15.048868474709543,1.9630408573359341,0.884774959699511,0.9112716455477563,4
1766225572591504242,14.775055390335634,1.9190732703367182,0.8847713186052116,0.9113093072460396,4
1766225572716521214,15.140911744582542,2.016170082741657,0.8844502683715229,0.9112973833087523,4
1766225572741518671,14.69389296621182,2.005851323033329,0.8841501607738248,0.9113648986296503,4
1766225572791513285,14.345084576404489,1.852820667711964,0.8844060528779559,0.9113813088803745,4
1766225572891514485,14.816375618756261,1.889389057698594,0.8849518723786738,0.9113288981099767,4
1766225572916513084,14.851909887984016,1.8975691910020225,0.8847512987964754,0.9113116476452464,4
1766225572941517194,14.927165233249218,1.9042097852331537,0.8847583692271798,0.911315605255007,4
1766225572991509142,15.127410871702107,1.9350201811784304,0.8850236655186642,0.9112750784099918,4
1766225573016507772,15.033005942953093,1.9441736692532836,0.8849704214854425,0.9112764210264683,4
1766225573041512462,14.889426488517543,1.9677478672514777,0.8845045678360274,0.9112493495094651,4
1766225573091508508,14.867276808156804,1.9229563016151159,0.8846298024002395,0.9112600771540711,4
1766225573116513269,14.886602355617784,1.9356233097338729,0.8846170743750296,0.9112560528275735,4
1766225573141512770,14.769355899225346,1.9528353015433475,0.884619704348936,0.9113626244703782,4
1766225573216514018,14.727892519220799,1.9182047344045947,0.8846972073238266,0.9112540075116854,4
1766225573291504817,14.728157916480189,1.9337973347539945,0.8846456659654052,0.9112907425343413,4
1766225573316545254,14.872593445208192,1.900610243967684,0.8848016258073813,0.9112773603676765,4
1766225573341688175,15.196646436841931,2.0214529147490135,0.8844886321134586,0.9112392056492267,4
1766225573391510985,14.824301161546982,1.9162141316247134,0.8847826150111782,0.9112931567553306,4
1766225573441513734,15.04151502729567,1.9517836230834467,0.8845306346640792,0.9113220560236059,4
1766225573491518277,14.88224011715955,1.907276348998929,0.8850061069733043,0.9113011696349733,4
1766225573516512217,14.932922196262632,1.9522384938291744,0.8848043013205169,0.9112589421530742,4
1766225573541502711,15.18761582767658,2.013823004386774,0.8845855918908965,0.9112068044043037,4
1766225573591510129,14.780276762848876,1.9020954062867639,0.884616403519274,0.9112802501190551,4
1766225573616513197,14.84750724670203,1.9229854616653481,0.8849429331466989,0.9113034389727243,4
1766225573642235286,15.370466727623654,1.9673512975567118,0.8851336049734382,0.9112883408748103,4
1766225573691505858,15.121155753887173,1.9231626533851547,0.8849583612432652,0.9112877118070399,4
1766225573716512212,14.53565010641167,1.8967425572287713,0.8844432031647018,0.911267893960514,4
1766225573791507389,14.83663977431149,1.9241514990767499,0.8845814037226951,0.9113035779371313,4
1766225573816516287,14.734877498011056,1.9225757956287863,0.8847386892157542,0.9112719764952496,4
1766225573916510694,15.216965443406117,1.972624176864452,0.8847833502908575,0.9112606117686182,4
1766225573941511788,14.888460018337213,1.8936752911854224,0.8849350957080164,0.9113354198046297,4
1766225573991518394,14.51028890604389,1.841375609866781,0.8846574836972941,0.9112968965679639,4
1766225574016503197,15.08379372025681,1.9068122259989406,0.885022755295266,0.9112740628856661,4
1766225574141505030,14.932161312445459,1.9453610255272014,0.8845359274709504,0.9112585877421476,4
1766225574191525282,14.808302656460937,1.9216724231002553,0.884756524237115,0.9112563719794529,4
1766225574216515245,15.216002960114828,1.9495371359585134,0.8849543442978755,0.9112596431464357,4
1766225574291512695,14.57193348639918,1.8495600750120367,0.8848032136437332,0.9112966593756674,4
1766225574316511104,14.943912672829684,1.9008752446332904,0.8849240506974665,0.9112919870410329,4
1766225574391510468,14.60599903362725,1.8997199742724853,0.8845464288730677,0.9112952261243561,4
1766225574441521593,14.77415351611555,1.8948796730625932,0.8845692945268088,0.9112812640132877,4
1766225574491509344,14.766677208437384,1.954617081681083,0.8846989553827503,0.9113519109707605,4
1766225574516511509,14.82297877196892,1.908465541761075,0.884899188922068,0.9112850593023856,4
1766225574616510274,14.758991608854299,1.8945027987294194,0.8847347661189963,0.911241056447701,4
1766225574641521156,15.139152375707067,2.016489993641626,0.8846630811519703,0.9113414152869241,4
1766225574692490813,14.81313722385924,1.9190626442079817,0.8847259744096037,0.911358016932091,4
1766225574716514509,14.855710714622884,1.8857683835147356,0.8848789631512599,0.9112955100380813,4
1766225574816519716,14.707555599444365,1.8879715405196933,0.8848322420013456,0.9113784563391971,4
1766225574891522958,14.626017883655695,1.8552101191429897,0.8847404397488363,0.9112698213956163,4
1766225574916517760,14.282793448279541,1.8407797364738407,0.8842245622703245,0.9112785806755004,4
1766225574941525857,15.143058337675374,1.9221968395345255,0.8847334644672994,0.9112541364076024,4
1766225574991510832,14.846689233644517,1.870323444367001,0.8850003798413566,0.9113134663091162,4
1766225575016523608,14.769499946298836,1.8660094533491054,0.8849255106923933,0.9112664426374847,4
1766225575041698759,14.818747815825372,1.980590079620719,0.8842920513720041,0.9113319951412084,4
1766225575091514396,14.941587400646883,1.92599108193327,0.884847990979337,0.9112173258996904,4
1766225575116521241,15.166558485930404,1.9531205685878446,0.8849273612630704,0.9112330660888877,4
1766225575141518407,14.7974727225767,1.847854219045165,0.8845508234850783,0.9111803243881111,4
1766225575216519935,14.801132850252863,1.9601017816151478,0.8844336957531904,0.9113498326373489,4
1766225575316519732,14.623766833350537,1.935331866895571,0.8845015667446735,0.9113127775217433,4
1766225575341585798,14.76182545888538,1.8858175867969227,0.8848415690248446,0.9112910160510157,4
1766225575391515279,14.703450144844087,1.9420293238358772,0.8843678373085311,0.9112520116397542,4
1766225575441521254,14.702227246032095,1.9267658309890014,0.8844713808693276,0.9113679580490118,4
1766225575491625794,14.826080328204538,1.8953726694891848,0.8849362113316032,0.9112208264931723,4
1766225575516523032,14.566882714594943,1.9043457049328,0.8844094369572072,0.9112791134536331,4
1766225575541524918,14.85687622748677,1.92869505870562,0.8845989036671513,0.9112889392500398,4
1766225575591520162,14.94258927044223,1.950462376794271,0.8844473503533525,0.9112017664426144,4
1766225575641518443,14.876783619328538,1.9204067262290534,0.884847005850697,0.911349837700354,4
1766225575716515793,15.126089547582877,1.9826533896163452,0.8847643945307853,0.9112784883987423,4
1766225575741546042,14.790702881392392,1.9629518834077984,0.8842122102918407,0.9112790279053938,4
1766225575816518355,14.6539775893485,1.9086331732688966,0.8846288720418698,0.9113501397442312,4
1766225575841551580,14.936341793502116,1.9372304640132831,0.8847489653353149,0.9113463294157266,4
1766225575891599973,15.183120513142857,2.0041322856016905,0.885004082070176,0.9113506845831639,4
1766225575916519694,14.764589489159597,1.877542989095496,0.8849007387744104,0.911307225685348,4
1766225575941524615,14.653186968710429,1.8954804007744566,0.8844055124589125,0.9113279178815726,4
1766225575991735175,15.14135121476956,1.9680475069075574,0.8850877572432074,0.9113336250349976,4
1766225576016524070,15.06797687793493,1.9115650437952387,0.8850686613754963,0.9112947545958333,4
1766225576091612391,14.872691355674373,1.9195962961141853,0.88469281141698,0.9112236316934478,4
1766225576191527198,14.435173200356477,1.8846760352822027,0.8845316727245209,0.9113429449744251,4
1766225576216512773,15.049931676274998,1.8975291421029306,0.8850820428002756,0.9112947147671312,4
1766225576293677066,14.965717595661898,1.9009913932681592,0.8847728934511844,0.9113201107452025,4
1766225576316520745,14.392182123480923,1.884801264441079,0.8843498380857479,0.9112360598332607,4
1766225576441532415,14.724168321392007,1.9428784990795493,0.884366033117661,0.9113414870857565,4
1766225576491520556,15.03837676281039,1.9377641761795978,0.8847365748777483,0.9112022740272497,4
1766225576516522813,14.912052083039251,1.9666770962180278,0.8845972041593704,0.911256776210589,4
1766225576616519644,14.751925215867656,1.9353070001620392,0.884599467068365,0.9112638011277016,4
1766225576641525266,14.966784716208936,1.9109407597689105,0.8848136681448474,0.9113315926539058,4
1766225576694171984,14.814439733811803,1.8800551936478216,0.884971233643978,0.911304952648687,4
1766225576716558464,15.241960069202754,1.9935675294389306,0.8848216988369342,0.91130013308776,4
1766225576741580617,15.25453610174987,2.049075903201432,0.8847831870632762,0.9113490176010728,4
1766225576771729667,14.74475271911746,1.9411883075897634,0.8846898632474522,0.9113543441991299,4
1766225576816521240,14.944378306876228,1.8901106532837078,0.8848298711280591,0.9112505508957964,4
1766225576891546613,15.126132770718726,1.897738800187363,0.8850070701054283,0.9112501729309251,4
1766225576916534292,14.870871474212176,1.8982294055920856,0.8848461123682996,0.9112774135845226,4
1766225576941558028,14.938051520818064,1.9786407828698966,0.8848263744414054,0.911403555691958,4
1766225576992644384,14.86913883198493,1.9449037142252905,0.8847426007015388,0.9113251903340135,4
1766225577041546493,14.562300398630935,1.8542393986206005,0.8846888808344342,0.9112810735536528,4
1766225577141528135,14.997865970319602,1.9179931269025206,0.884884691276835,0.9113174532770335,4
1766225577191796222,14.817976023370761,1.971465789544479,0.884422713903273,0.9112387760269477,4
1766225577216528511,14.851548812576443,1.9191573215922206,0.8847355240126644,0.9112295203039346,4
1766225577291526102,14.784129453006777,1.894565051563187,0.8849419351534845,0.911342513895645,4
1766225577316518169,15.01931976280968,1.9934208260306832,0.8845904780928371,0.9113192120951109,4
1766225577341525354,14.978675657497998,2.036168520579365,0.8845023673801357,0.9112904740971227,4
1766225577392137518,14.354843759977975,1.8852470635337373,0.8841316557822361,0.9112917433514819,4
1766225577416527162,15.111403195180895,1.96987355461363,0.8848511817871685,0.9112248380316351,4
1766225577591922297,14.668208958412588,1.9064052939245089,0.8846566353845244,0.9113007882755001,4
1766225577641620192,14.559157538676203,1.8988804983551515,0.884479354612538,0.9113301573108077,4
1766225577692757443,14.643008494650832,1.9218887618656342,0.884726081402633,0.9113901995303496,4
1766225577816522129,14.722366195259685,1.904993211399885,0.8846436221678518,0.9112033083472626,4
1766225577892105341,14.603417060070178,1.861543511712857,0.8849897360000656,0.9113642889945741,4
1766225577916556280,14.950786788062164,1.825221672100216,0.8852924780626041,0.9112490895074424,4
1766225578016531019,14.840165795855897,1.9378747302676858,0.8847994717722545,0.9113258578802521,4
1766225578041579873,14.375739382200159,1.847317832108096,0.8846911406691106,0.9113346623640624,4
1766225578091627205,14.747059155338803,1.9334619180198096,0.8844899497742651,0.9112691040157,4
1766225578116560321,14.35463788885738,1.8518724307841716,0.8845781801019172,0.9113278220196189,4
1766225578141602101,14.724700667837265,1.9035938900675158,0.8846457105339081,0.9112975603896554,4
1766225578172333716,15.084409107852025,1.9893354375301517,0.88459894582143,0.9111823501643307,4
1766225578241548667,14.506266171763427,1.9010857477898886,0.8843521123614791,0.9112455203836849,4
1766225578291785936,14.616118004323276,1.9039871741021062,0.8844587961620431,0.911275488746546,4
1766225578341765772,14.6631400751982,1.9308083537588936,0.8845402542289343,0.9113070085525842,4
1766225578391899897,14.2461422200445,1.860942959172089,0.88439836989126,0.9113189898868348,4
1766225578416629921,14.196300935564675,1.7757375797241037,0.8845346698799398,0.9112411330126482,4
1766225578441666582,14.465949449206207,1.8171797347824468,0.8844263994737994,0.9111880773251416,4
1766225578492678447,14.58592641806744,1.9332850284083598,0.8845574055962216,0.9113469230161825,4
1766225578541552714,14.398703171552452,1.8987901352114387,0.8841409268871026,0.9112133012111245,4
1766225578591869032,14.647314598841277,1.8323604957535682,0.8847829144122459,0.9112415008891583,4
1766225578641534316,15.209739454055239,1.9612628882390546,0.8847376443912016,0.9113062349803788,4
1766225578674261622,14.99753743993848,1.8568362314096762,0.884870732755636,0.9112322463473472,4
1766225578791957702,14.716019008093495,1.8291599834171148,0.8850035017153696,0.9113560135335977,4
1766225578841557923,15.0107574596009,1.9657020926144402,0.8845262373667774,0.9112944477784225,4
1766225578892041035,14.646110198501482,1.8713555495540213,0.8846758008266992,0.9113190513516171,4
1766225578916598384,14.83032312607191,1.9458228183941653,0.8847864292584657,0.9113715249171185,4
1766225578941536479,14.914559118217262,1.9780242898642333,0.8845490534183087,0.911255621869064,4
1766225579016742982,14.694971626132315,1.9552615406665368,0.8843576655371255,0.9112542010823687,4
1766225579116583318,14.531000383227632,1.810214626197537,0.8847973886075393,0.9112844178197327,4
1766225579141562741,14.363963047349548,1.8775128233059142,0.8842302757733136,0.9112163237339709,4
1766225579192278450,14.546919205724485,1.932701258233065,0.884266037343364,0.91132962762655,4
1766225579216544321,15.278205682733859,1.9521579161314906,0.8849487776715824,0.9112486170661512,4
1766225579241554011,14.879625323602763,1.9644785108787164,0.8844426740028702,0.9112485521954886,4
1766225579271937422,15.059443908116865,1.95445361692125,0.8848978914752322,0.9113773926696249,4
1766225579316544388,14.771444472126195,1.898045337476498,0.8845336930228912,0.9112650681715935,4
1766225579341605474,15.343981115113149,1.9622354389168166,0.884862794594907,0.91128243442565,4
1766225579392857531,14.559930879769478,1.9507644739208392,0.8845219077234991,0.9112918846082685,4
1766225579441533455,15.023327903843864,1.9879799460398204,0.8844387553589801,0.9112045984749304,4
1766225579516534031,14.988016551510386,1.9420766195014887,0.8850705814443902,0.9113210430820352,4
1766225579616735676,15.087426400575144,1.956928002093313,0.8846931956108569,0.9113175090535252,4
1766225579641548696,14.436189963173085,1.8583314431115279,0.8844832956295618,0.9114027308423497,4
1766225579692601549,14.857057847636135,1.977360447423641,0.8842482444792111,0.9113362375116244,4
1766225579716529866,14.935417024910302,1.920907440834044,0.8847109125039095,0.9112519908286617,4
1766225579792308303,14.81792327231135,1.934785163555768,0.8847829662775583,0.9112546150984878,4
1766225579841575108,15.264770099753466,1.9424915467069948,0.885184418027599,0.9112673773744384,4
1766225579893191620,14.672993656350219,1.8726521333979624,0.8847371742372869,0.911312121201226,4
1766225579916558472,14.611138553631498,1.8552608329832578,0.8846197615331977,0.9112524045592522,4
1766225579941625540,14.712251437438372,1.9095149163530725,0.8845361663630894,0.9113385169564859,4
1766225579992915738,14.663586243003234,1.8641657117127814,0.8847684085865462,0.911245408504755,4
1766225580016578385,14.92347658183002,1.925456922287688,0.884616054791108,0.9112845317049796,4
1766225580116555408,14.467899577750408,1.84535201608226,0.8843930531349781,0.9112855782512339,4
1766225580141550260,14.65162176319601,1.8985166034496739,0.8845237522158582,0.9112813623256194,4
1766225580216565604,14.33526909175653,1.7952608472630722,0.8847709327096187,0.9112951993007389,4
1766225580241612754,14.731251896086928,1.865328159931414,0.8848525973322066,0.9112557061933915,4
1766225580271626970,14.745922849904392,1.9002498925099485,0.8849024685402457,0.9112923003456781,4
1766225580316532487,14.469758056755545,1.9085963920683842,0.8845329834379729,0.911302218726756,4
1766225580341927181,14.243306061827777,1.8447657264931316,0.8840981483853428,0.9112520172001163,4
1766225580392324851,14.574045605004304,1.8709669520019374,0.8849675052104047,0.9113365635451632,4
1766225580416554345,14.07066951540581,1.8241962870868587,0.8843138207219667,0.9112932662850037,4
1766225580516561414,14.372928996896238,1.844376061120058,0.8846150918012625,0.9113215221341412,4
1766225580541570383,14.22207789017438,1.8720643683086808,0.8841549996497877,0.9112626963936858,4
1766225580592833690,14.237763299914885,1.790381619205301,0.8845487008680273,0.9112517863116961,4
1766225580771146989,14.550567666693603,1.8564006901130994,0.8845160576769857,0.9112475848677525,4
1766225580816566292,14.32083301529441,1.836550387268358,0.8846420803178028,0.911320284158504,4
1766225580841566604,14.501401896271693,1.8553865808131826,0.8848238025721615,0.9112803477661093,4
1766225580892985634,14.230025100402166,1.805314366110539,0.8846085994934472,0.9113225749338315,4
1766225580916561509,14.131040471588419,1.7617096815558153,0.8845209197574306,0.9112317638587377,4
1766225580971889596,14.626029054964572,1.9329099092785162,0.884518856294367,0.9112476410217113,4
1766225581016556806,14.457521070929458,1.8441697020153032,0.8846538348223515,0.9111994749041922,4
1766225581041571334,14.750703520356012,1.8623816000122873,0.8846416775137348,0.9112154808628592,4
1766225581073097042,14.60011516392823,1.838706977063703,0.8847831456665431,0.9112876451796939,4
1766225581116551151,15.315519437268389,1.9214700731725207,0.8853959780041195,0.9112541184011765,4
1766225581193177522,14.538649124354874,1.817027810926176,0.8849620631118731,0.9112581392746592,4
1766225581241550867,14.606139517083783,1.8747314351328876,0.8846709255239315,0.9112467416685569,4
1766225581316557685,14.402296744537857,1.8407486652380438,0.8843899841839636,0.9112171744486711,4
1766225581341556394,14.12940911373628,1.8315090634288806,0.884130044883265,0.9112477650364863,4
1766225581373891893,14.618757105177348,1.8486962927612116,0.8848197669718987,0.9112791626105751,4
1766225581416554995,14.52168295546985,1.875665696356832,0.8844839341593773,0.9112608396921095,4
1766225581441558594,14.286727211484385,1.8315307207073175,0.8844246947751087,0.9112808645315561,4
1766225581516555693,14.58853012700001,1.8503116411745903,0.8847791996314543,0.9112801544222849,4
1766225581541556325,15.164341982130791,1.9616692978989339,0.8849718350299044,0.9113436702979871,4
1766225581616545650,14.447985294846033,1.872670632100087,0.8845142383597888,0.9112604752129336,4
1766225581641686195,14.759409203524697,1.8569431946196535,0.8849857163900243,0.9112851905057301,4
1766225581672919674,14.583898846954213,1.7854847424346008,0.8851070088840345,0.9112930456452699,4
1766225581716554502,14.376146191042661,1.7700719645641636,0.8849630913869168,0.9112042825403337,4
1766225581741562078,15.162975538850375,1.8720710744738414,0.8852893405991598,0.911306980744013,4
1766225581841661681,14.731706270673662,1.8861697153040464,0.8844776283206269,0.911161987461782,4
1766225581916555766,14.587825638358144,1.86302632557962,0.8846620988355021,0.911255834535669,4
1766225581941552111,14.781037951615229,1.8919204812193369,0.8846511364535019,0.9112442665381045,4
1766225581971947995,14.814593135939468,1.9231024917649915,0.8848314298506997,0.9112654188151242,4
1766225582017569528,14.929850144333678,1.9501616075823087,0.8848286098722932,0.911366253547456,4
1766225582116563923,14.434835233330334,1.8357310440659569,0.8846341770374745,0.9113159368996107,4
1766225582171847357,14.961433643409627,1.9299875610303259,0.8850068034163077,0.9113022699463014,4
1766225582216556495,14.948667732905708,1.9526740580079645,0.8849093377163455,0.911359153593351,4
1766225582241609065,14.33258531447823,1.9393471830614482,0.8838450284017294,0.9112807668022855,4
1766225582293516894,13.95367518806745,1.7275699784820129,0.8844837697772477,0.9113111113257945,4
1766225582316550650,14.473612825392168,1.8525272478657115,0.8846510822552474,0.911241820162866,4
1766225582341604462,14.545089041329229,1.9100436246351284,0.884262319072604,0.9112518877586505,4
1766225582416567617,14.23078613505291,1.8038439270171756,0.8845458527315768,0.9112134592867228,4
1766225582441607563,14.228408584256002,1.8464041687435557,0.8842539026437221,0.9113411222832686,4
1766225582471455227,15.008604928864022,1.9484276096455935,0.884823688335372,0.9112490235439747,4
1766225582516567703,14.598663971910009,1.9072548874269308,0.884469715514569,0.9113011652694363,4
1766225582541564308,14.72780439580934,1.9265421424159939,0.8844866587784653,0.9112504383742661,4
1766225582571446216,14.670961655693038,1.919454319888443,0.8846486276859434,0.9113400658686711,4
1766225582616567158,14.72357687185799,1.8806731120789273,0.8846956543952652,0.9112449222194068,4
1766225582741561454,14.911440239366636,1.9586020795404344,0.884501463175281,0.9112848315318788,4
1766225582771314610,14.816341047985127,1.8959984103837622,0.8846806753796989,0.9112924553425751,4
1766225582872533737,15.150884971341538,1.9284466769400328,0.8850294352864299,0.9112865046471103,4
1766225582916568357,14.779808468217247,1.8875686489457828,0.8846984097601479,0.9113158030996543,4
1766225582943781949,14.659448619604776,1.9016213793925527,0.8847953204303336,0.9113434146026729,4
1766225582972304091,15.205225278756895,2.0261686951614144,0.8850687561059746,0.9113841840635434,4
1766225583016571538,14.92627773684696,1.9525228625457,0.8849379144892555,0.9113291410483347,4
1766225583041571710,15.009425164925872,1.9772381147108664,0.884436457426798,0.9112998142946278,4
1766225583072476991,14.972239581591996,1.9724425873569171,0.884576902474394,0.9112836290438305,4
1766225583116591421,14.79740567115262,1.8950572725252897,0.8848101371650543,0.9113091352993282,4
1766225583141577737,15.134478874269664,1.960371069486188,0.884813582557567,0.911229067404897,4
1766225583216559176,14.730583310540112,1.937267386917536,0.8845626953697012,0.9114126920635437,4
1766225583272897763,14.652153600968498,1.8994478861923734,0.8844925993398356,0.911352591529438,4
1766225583316576304,14.7677210366165,1.94054886571488,0.8842376893394073,0.911327731137773,4
1766225583372956900,14.486024285675247,1.8708722935680318,0.8844469973694654,0.911247856484997,4
1766225583473466623,15.084459491659707,1.942922154271663,0.8848226137493457,0.9112854313827385,4
1766225583516571816,14.613593838560202,1.8147185715441156,0.8848972377292054,0.9112988899139925,4
1766225583541668810,14.465369418236062,1.8948591981831036,0.8842967931364238,0.911258734929216,4
1766225583716562309,14.78794184372667,1.9126397729914464,0.884743633034655,0.9112969875043335,4
1766225583741577960,14.809474486189078,1.899747956105892,0.8846163764880755,0.9113180454554778,4
1766225583841577665,14.89710397435462,1.954933548179408,0.8845559038594849,0.9113092951623636,4
1766225583872235261,14.753504357175927,1.9301431811665695,0.8846086682857354,0.9113026379746954,4
1766225583916556499,14.591687343953886,1.893055587042313,0.8846444564385941,0.9113768003845127,4
1766225584016564860,14.969323183871674,1.9375543300099045,0.8847303807868095,0.9112839362471239,4
1766225584041752084,14.894500208686212,1.9515654166063399,0.8846405226896036,0.9113065936427696,4
1766225584116571047,14.914001290567636,1.9067937882773223,0.8849652140247821,0.9112472837544517,4
1766225584141575307,15.080474416892752,1.9531085670355337,0.8848576282829501,0.9113591673315934,4
1766225584216558108,14.918526916930631,1.9225322281289734,0.8848331622813157,0.911283308936472,4
1766225584241565483,14.729915172207896,1.9191334736548016,0.8847202854587516,0.9114057131193259,4
1766225584316564886,14.978813997593265,1.896923623702026,0.884980816469966,0.9113133866539567,4
1766225584341585977,15.298928144658053,2.039106080932174,0.8849757881212528,0.9113384670815028,4
1766225584372762118,14.868648911664506,1.9404716521146697,0.8846632773447627,0.911387935555335,4
1766225584441724282,14.909557250739947,1.914641579997885,0.8847330591869272,0.9112649654595818,4
1766225584473338807,14.927119588349246,1.9159712627210028,0.8848959828782522,0.9112825594565688,4
1766225584516571149,14.830247954056297,1.9221439011158876,0.8846254467844303,0.9113072559660755,4
1766225584541565349,14.893964325247921,1.9016748473579785,0.8846091486069855,0.9112653545129619,4
1766225584616574190,14.844121144359734,1.910735336020198,0.8846847245365596,0.9113280387072934,4
1766225584674753366,14.93364779716666,1.9296107132502753,0.8847283364112473,0.9112955550440688,4
1766225584741574757,15.28883051558305,1.9697271380792232,0.8852184486184916,0.9113006842988345,4
1766225584772767459,14.76943895943339,1.9195074150722589,0.8846200928390102,0.9112737677756053,4
1766225584816568079,15.206104349389404,1.9620373356404335,0.8848858092073616,0.9112710287355883,4
1766225584841569924,15.148130676192363,1.9188434862481056,0.8851063440961566,0.9112301795931784,4
1766225584872232679,15.08771474423698,1.893411022421758,0.8851929663068486,0.91120481504708,4
1766225584972893506,15.09878604620285,1.9387349169524561,0.8849323386980178,0.9113497697802814,4
1766225585016563150,14.684265859668976,1.860715606650596,0.88457001825953,0.9112500950571255,4
1766225585042405224,14.817393986838457,1.8897372888533777,0.8848094941709,0.911310431657624,4
1766225585116570288,15.158323624209768,1.9443259174066088,0.885051784286001,0.911338632603252,4
1766225585142418754,15.22553657100001,1.9395809715213672,0.885051784286001,0.9112635455242458,4
1766225585173207366,14.926052353617326,1.9157781289897082,0.8848539880851181,0.9113052657289141,4
1766225585216563450,14.50829521670427,1.8559170210162788,0.8846031806696176,0.9111912300686426,4
1766225585316574847,14.723184070794538,1.8749374006323916,0.884968621434913,0.911232771838568,4
1766225585373007411,14.781707332322537,1.8714733287747243,0.884653020916075,0.9112873984821298,4
1766225585472257526,14.613770191231668,1.9464870167266124,0.8844697983620516,0.9113222662279159,4
1766225585516567574,14.872113400177355,1.9126515231891958,0.8847621935713257,0.9113158074168722,4
1766225585541600366,14.755888769509507,1.8963649460166967,0.8844117014454328,0.9112214338006659,4
1766225585641566678,14.741671234406063,1.9238019942064675,0.8845322891616643,0.9113344024557706,4
1766225585673169260,14.860521714053942,1.923519160815044,0.884719566056371,0.91118946910359,4
1766225585716579426,14.760133998636071,1.949498319127077,0.8844655977113358,0.9113152254137338,4
1766225585741882056,14.724151868174772,1.9652092951725562,0.8844655977113358,0.9113519916830867,4
1766225585773464801,14.71214528648912,1.8940459116275037,0.8847564031920655,0.9112826405085656,4
1766225585816632681,14.851176311465263,1.9346242324964424,0.884484332430034,0.9112781926045648,4
1766225585941570100,14.942347090727615,1.9494019787602175,0.8847599512589944,0.911327978689409,4
1766225586041569293,15.075628303946932,1.9956788979506634,0.8843870756642904,0.9113327970610814,4
1766225586072972661,15.1205143143478,2.0068133357930598,0.8846002913549438,0.9113258166023738,4
1766225586116566682,14.970379834742475,1.9230872492093243,0.8849856964103328,0.9113092477226346,4
1766225586141636074,14.735602710651108,1.8981829336136795,0.8847491010785759,0.9112805106652021,4
1766225586191569832,14.790989673936107,1.9622761219174552,0.8845950587967011,0.9112938586383794,4
1766225586241835023,14.988002406120415,1.885466223901144,0.8849374189201717,0.9112499798859969,4
1766225586272993780,14.472784218029112,1.8703949572070557,0.8844464368458054,0.9112614206509275,4
1766225586316565490,14.790722768455833,1.92035728683001,0.8846960344165057,0.9113364466549158,4
1766225586341603612,14.907986188577693,1.9928056712066817,0.8844547311231894,0.9113555946103529,4
1766225586375207506,14.960699955624989,1.9409097360962697,0.8847613849344272,0.9112904429422509,4
1766225586516579315,14.933706297041827,1.9268449322366425,0.8849186203339413,0.9113020119059179,4
1766225586541570700,14.782697948991785,1.8542715164162904,0.8849635671539344,0.911282268809174,4
1766225586595667624,14.69257455828943,1.936274092238151,0.8847416785261059,0.9112827650004006,4
1766225586641527684,14.918649622640778,1.915546476678748,0.8847542920104678,0.9113053049342724,4
1766225586716578744,14.68615467207468,1.9033303544722933,0.8844727497494923,0.9113215695828163,4
1766225586741618119,14.903155740169428,1.9596035454446459,0.8844322144693909,0.9112010381555907,4
1766225586772915297,14.884823395321266,1.9630542251363163,0.8846376890063525,0.9112760520394196,4
1766225586841705779,14.933621372628213,1.8835895185545968,0.8851095845666578,0.9113204235470364,4
1766225586916582190,14.935145233188173,1.9925378771764117,0.8846464337382649,0.9113117272766743,4
1766225586941755818,14.770712817168242,1.9235089190564358,0.8845716577988745,0.9112580659628303,4
1766225586991568779,15.12806737687633,1.932306931139719,0.8850756821516071,0.9113544290183498,4
1766225587041579651,14.923195081343987,1.9234522667836569,0.8848152525204129,0.9112652060255731,4
1766225587073468030,14.71769652224153,1.9032254971293907,0.8848148273705994,0.9112882912211027,4
1766225587173609651,15.113787390837686,1.966078429239007,0.884835425246983,0.9112958479593443,4
1766225587241591002,14.697356328780442,1.907052282966263,0.8844989505404445,0.911221363297117,4
1766225587316569305,14.957328004697068,1.9311881115268552,0.884760148118521,0.9112319533084433,4
1766225587374601966,15.292297508249565,1.9354660831515635,0.8852669100008566,0.9112446305156084,4
1766225587416581693,14.630174220055858,1.893904393414631,0.8847413976754923,0.9112403522469079,4
1766225587473406443,14.563316092264355,1.9236114469679642,0.8845589086673105,0.9113048871984724,4
1766225587516575045,14.681522668613223,1.868321120777227,0.8847512655832916,0.9113690898031291,4
1766225587541624509,14.90387640264801,1.9232889251093352,0.8846698076124866,0.9113249525997688,4
1766225587596123047,14.72208417494758,1.929213592658085,0.8847354565399578,0.9112816180519001,4
1766225587616579017,14.776500578717378,1.9007682390595555,0.8843880249888927,0.9112278510609052,4
1766225587641583998,14.736674605878243,1.9109071301994411,0.8846246509814715,0.911287045239103,4
1766225587716580144,14.70696325962695,1.9153729664414523,0.88469999841808,0.9113468578980752,4
1766225587741689591,15.119979980016907,1.9373376600612182,0.8847968528173726,0.9112687525662039,4
1766225587873870975,14.849294728273232,1.9415501411000469,0.884821409311089,0.9112491945580069,4
1766225587916569183,14.671056980050334,1.8543835964166384,0.8848239963334006,0.9113021551048339,4
1766225587941630179,14.741455151059291,1.9083993194973963,0.8843987661343261,0.9112476864526804,4
1766225588041646754,14.74288342943364,1.9162298516601137,0.8845206970833722,0.9113705715984838,4
1766225588091569051,14.654835223970153,1.8991489170020914,0.8847984933566716,0.9113100345877673,4
1766225588116575594,14.987569841883541,1.9187491164107122,0.8847346160059688,0.9113204843022,4
1766225588142287273,15.15775926806806,1.9620547559421972,0.884994001567632,0.9111896909666078,4
1766225588191574245,14.643133463512648,1.8905734403779895,0.8846265471239207,0.9113098257610568,4
1766225588241623139,14.628711836018994,1.8411517120634524,0.8847786257029029,0.9112989113055084,4
1766225588316589018,14.723052797454672,1.9532446376507502,0.8844369667282217,0.9112889427695429,4
1766225588341587266,14.768349843187089,1.9410639281957687,0.8846320711547164,0.9112239409144348,4
1766225588391575176,14.881296386032528,1.8784894421361147,0.8849287779979028,0.9113225787361535,4
1766225588416571269,14.475956007721113,1.857319765126322,0.8845165238042751,0.9113090759601562,4
1766225588441687198,14.902189384985887,1.9456768622546345,0.8845762591498456,0.9112701192415844,4
1766225588491572675,14.964563715112567,1.882679872930685,0.8851173198745668,0.9112993567943807,4
1766225588541609687,14.664885409155449,1.8858786518414465,0.8844791228414317,0.9112865920485245,4
1766225588591567089,14.870006520340763,1.8742589097776223,0.884982840181287,0.9112740801559306,4
1766225588616580856,14.813996144272368,1.9307415808182378,0.8848476591799695,0.911282408219717,4
1766225588641830146,14.763446144577031,1.9569798694250191,0.8848476591799695,0.9113382072391857,4
1766225588691567595,15.026390497601906,1.921778889154785,0.8851147042577107,0.9112964013522072,4
1766225588716575892,15.134115362707368,1.9486321809615275,0.8849561761673788,0.9113274827008466,4
1766225588791580654,15.165901423402017,1.8839112710791055,0.8853283515863153,0.9112617104858984,4
1766225588816580465,15.03962917610535,1.957069584492682,0.8848527071107819,0.9112653312963527,4
1766225588841812983,15.216322505917868,1.9936547360437151,0.8846019645965797,0.9112658412590513,4
1766225588891573535,14.698388978644395,1.895754986959446,0.8849360166371556,0.9113429199344152,4
1766225588916581421,15.452982809771365,2.0012284199414494,0.8849841118695729,0.9112188652969274,4
1766225588943526168,14.979400335425552,1.951440961054742,0.8846463022600288,0.911335262263562,4
1766225588991572197,14.460078840936141,1.9291550693778305,0.8842302324239936,0.9113359928573708,4
1766225589116581179,14.916952938155648,1.961351822113247,0.8847232818181551,0.9112201500071515,4
1766225589142435637,14.839377091365735,1.9565140539411294,0.8847232818181551,0.9113002833087736,4
1766225589191565413,14.783611385080997,1.9565361672079964,0.8846594076900693,0.9112839325515992,4
1766225589216598817,14.936003735966263,1.9174232366124306,0.884733023158404,0.9113250742929242,4
1766225589242655284,14.60011284271323,1.9141539622251824,0.8844689452583729,0.9113283190692997,4
1766225589291591847,14.932984908969104,1.9593736289805952,0.884594271953948,0.9112704750641246,4
1766225589316588572,14.690701465785105,1.9386992185975687,0.8844031441243018,0.911237952217784,4
1766225589342186777,14.682270036425194,1.9111446588453642,0.884596892973616,0.9112704822637956,4
1766225589416580842,14.585772211633374,1.9429820579269577,0.8841953675476468,0.9113102789996504,4
1766225589441663879,14.613840684405632,1.9810102829331349,0.8841953675476468,0.9112791986780199,4
1766225589491777204,14.589185357705148,1.9061097506728892,0.8843178995327299,0.9112823398463106,4
1766225589516653092,14.752613840538054,1.9179196846457918,0.884410137657852,0.9112547968660606,4
1766225589591568666,14.788084718913463,1.9247191493614118,0.8848033022823633,0.9113044277158923,4
1766225589616570851,14.70947521290611,1.9394778990590276,0.884368888327656,0.9113244370947772,4
1766225589691577177,14.5340261844219,1.9006681510787313,0.8844220660856834,0.9112741809213973,4
1766225589716730596,14.817728271531161,1.8558849618127686,0.8849887406096669,0.911297464267467,4
1766225589816580198,14.806307717900037,1.9121829436886333,0.8844875864417785,0.9113263965554447,4
1766225589841793680,14.91403882184661,1.9359620023955866,0.8847340161862365,0.9112953020043267,4
1766225589891582135,14.949694408456615,1.9078301043486166,0.8849234907372019,0.9112614242415608,4
1766225589916579080,15.058378481254465,1.9085254852930733,0.885086999671204,0.9113005800083587,4
1766225589991573543,14.718315119120916,1.917270388163017,0.8844581598410256,0.9112829460011597,4
1766225590042345295,14.679951304182758,1.889620085840426,0.884657278226014,0.911300652910366,4
1766225590091585349,14.476192876925143,1.8824965505632667,0.8844491480851999,0.9113272577539752,4
1766225590116602893,14.874298551468934,1.9388847727424277,0.884615748689111,0.911316794213793,4
1766225590141682604,14.40255294795778,1.8915277115386975,0.8843131123663255,0.9113120606192727,4
1766225590191581055,14.811126907891214,1.890214023458399,0.8849037110200532,0.9113343378370916,4
1766225590216698597,14.820512239166138,1.928660660736471,0.8844857979243435,0.9113015454313217,4
1766225590241631953,14.663470212112228,1.9268067930114336,0.8842447919782799,0.9112577297762807,4
1766225590291580869,14.785696744483378,1.8107118934952946,0.8849913287698088,0.9112236848160362,4
1766225590316588765,15.015061225076565,1.939059948534285,0.8846330259842048,0.9112951528369441,4
1766225590391577977,14.76407478055053,1.8512446635321909,0.885077206913477,0.9113115213694742,4
1766225590416592977,14.700642554180355,1.889278506971936,0.8846180693215581,0.9112907622333304,4
1766225590441784668,14.97348543818422,1.8795265209782066,0.8848369707920745,0.9112886604257491,4
1766225590516595435,14.910987450031943,1.9161953646405199,0.8845966261564684,0.9112484345482535,4
1766225590543186818,14.833251030026751,1.9179216660305578,0.8848167379074539,0.9112636626413061,4
1766225590591595398,14.694418631970407,1.9342078675198582,0.8845084532985575,0.9113025193521657,4
1766225590616573148,14.89094846654937,1.8650597049593316,0.8851497069816936,0.9112977633539965,4
1766225590641773866,14.856587924174214,1.8826187838738586,0.8851497069816936,0.911333040716728,4
1766225590716591106,14.888641223666843,1.8771003908283448,0.8848397898576036,0.9112978353576131,4
1766225590742163202,14.90744060296889,1.884093856001251,0.8846730934729583,0.9112299109470198,4
1766225590791583675,14.667483226350697,1.8565476451183611,0.8848620508270896,0.9113884533692452,4
1766225590816586090,14.089732906188202,1.8200469652513738,0.8841318661153974,0.9112948835360137,4
1766225590842084598,14.097010330083815,1.8368109295559172,0.8841318661153974,0.9112819582838679,4
1766225590891572688,14.711038515788033,1.867570250735699,0.8846475486808836,0.9112813558204872,4
1766225590941573572,14.7565243735992,1.8845649379837566,0.8846546867277523,0.9112976867170518,4
1766225590991579194,14.83693351349502,1.91479989013179,0.8847834670349003,0.911269625806715,4
1766225591016579356,14.815076411274442,1.9053202235405298,0.8845515915750307,0.911244253974238,4
1766225591044886713,15.06390700000859,1.9157823638449114,0.8847917091098186,0.9112908257634542,4
1766225591091565593,15.020341878740462,1.9111650539884104,0.8847837903797584,0.9113021873798854,4
1766225591116595870,14.633990821911858,1.8990994940356418,0.8846227045601243,0.9113484612180017,4
1766225591143520549,14.511122437443902,1.8491588875038307,0.8847644551236683,0.9113747165965114,4
1766225591191579252,14.711997155120727,1.8790150697983747,0.8849229873670807,0.9113026509521157,4
1766225591242507369,14.906369675653952,1.9395360084024107,0.8846139977012242,0.9113048424695679,4
1766225591291574156,14.877942187396243,1.896342118386372,0.8847666899118579,0.9112695111480622,4
1766225591316596980,14.879758855888547,1.9587101142451948,0.8845727078920617,0.9113570465457757,4
1766225591416588559,14.728342720245259,1.9277275985047213,0.8845236739331279,0.9112382742978239,4
1766225591446501885,14.730254379399454,1.8706879617608503,0.8846780170151842,0.9112960809464996,4
1766225591491595565,14.342609275082797,1.8485297286614981,0.8846082738892647,0.9113212070980489,4
1766225591542436637,14.496171319021922,1.9279106936909636,0.8841651001651749,0.9113730259642722,4
1766225591591572365,14.920657482326739,1.9210342763164596,0.8847948534365593,0.9112792182130139,4
1766225591642807759,14.965076022294465,1.9573530659008715,0.8848049956693748,0.9112869757395478,4
1766225591716721951,15.094974022058727,1.9153805877426162,0.8849202127079743,0.9112516736889456,4
1766225591742289399,14.98308714142782,1.937985343660092,0.885037587298814,0.9112911990889018,4
1766225591816579658,14.809098680982903,1.9698997973450971,0.8844243970258545,0.9112889128300109,4
1766225591842467207,14.658389093406555,1.95125743774291,0.8844475273238958,0.9112829390406593,4
1766225591891569071,14.854676131778044,1.911010850399404,0.8849846025065834,0.9112805136733076,4
1766225591916589049,14.801400656343722,1.884904049076807,0.8848285075494676,0.9112925855433133,4
1766225591944232869,14.844833775566556,1.920728859268456,0.8849559083724406,0.9112883886612603,4
1766225591991567642,14.728934215523793,1.8862192507066942,0.8848037140785766,0.9112839479962083,4
1766225592016577030,15.017250619567935,1.9065624134992514,0.8849945849611696,0.9113770605283056,4
1766225592042648635,15.033236195540978,1.8897967343407118,0.8851967254519246,0.9113607813180395,4
1766225592116741443,14.650275686762026,1.8839063252443375,0.8846984082620096,0.9112974316427155,4
1766225592142196569,14.596471492177908,1.9053647084895513,0.8848015570077649,0.911350140096289,4
1766225592191566577,14.826862562432375,1.903059499599398,0.8847036844591123,0.9112574087888258,4
1766225592243114268,15.099646086554008,1.9373752963379247,0.8847034821440073,0.9112547908434935,4
1766225592316650520,14.948565660058755,1.932480326605013,0.884894848704285,0.9112489839474256,4
1766225592416580181,14.75066284932569,1.8616368516004949,0.8845288021491873,0.9112322339906033,4
1766225592442695829,14.673532009780942,1.8627179510182503,0.8846151546007417,0.9112329548992579,4
1766225592516589763,14.91102865989169,1.969172884782862,0.8843889405289909,0.9112981136808883,4
1766225592616584647,14.793478179463083,1.912473714192412,0.8847147982086372,0.911291433749375,4
1766225592642647335,14.813625348852554,1.9291488397445533,0.8849868904402505,0.9113402502939087,4
1766225592791577400,14.64921491567328,1.851809588073732,0.8846727133917102,0.911204464144683,4
1766225592816581007,14.841328219857509,1.904386535980784,0.8846900799364318,0.9112639648429051,4
1766225592844010525,14.770383109851348,1.9106069282126894,0.8849221391145987,0.9112975108401058,4
1766225592916583977,14.747731265907893,1.8915334421843273,0.8845671989224968,0.9113207974019684,4
1766225592944074238,14.666834480306811,1.8959092748382549,0.8846888325337854,0.9112635850753966,4
1766225592991572728,14.565891376324359,1.870466804153378,0.884592416600403,0.9112613124064627,4
1766225593042800488,14.6135242580272,1.9857205767965478,0.8842402169415191,0.911369999256541,4
1766225593091572752,14.501232427235,1.8714258654843312,0.8845965124630524,0.9112891656003341,4
1766225593145344703,14.738981221254054,1.9506812448915518,0.8845131243676958,0.9113314261457699,4
1766225593216580681,15.041192624838162,1.9605302393697743,0.8848602941255328,0.9112263988452419,4
1766225593242809692,14.911710752206652,1.9428346771299305,0.8850360467698376,0.9112391572879035,4
1766225593291595131,14.424298879826104,1.8532101184873928,0.8843162514419163,0.9112336260520222,4
1766225593343326968,14.571496703237985,1.8778589929898732,0.8845187466710437,0.9112422500517904,4
1766225593391577572,15.28829250028374,2.0108608823623038,0.8852154463518975,0.911310427787561,4
1766225593516586363,14.83296390321376,1.9205564033841276,0.8844751175432102,0.9112338307463067,4
1766225593543393841,14.676986089196653,1.91327595985689,0.8846130030762991,0.9113360079490499,4
1766225593591579382,14.78541103316755,1.8863107505836036,0.8846630332945827,0.9112905598490506,4
1766225593616576137,15.042119820093735,1.9608284846085182,0.884639652382102,0.9113303908519705,4
1766225593642881231,15.183880833729901,1.8973497931730372,0.8848624355566039,0.911236884325686,4
1766225593691570399,14.694537074697035,1.8744820560958286,0.8846016377211647,0.9112656197861848,4
1766225593743371305,14.785123467051298,1.9351141792997133,0.8845739504777582,0.9113193039822968,4
1766225593791632519,15.053443068674731,1.9014403119306669,0.8850115499730544,0.9113144316779986,4
1766225593844988108,15.051102118633919,1.9474982041569255,0.88474140909223,0.9112817351942776,4
1766225593891576838,15.518280362111781,1.9902515764113515,0.8852726334679363,0.9112728586209305,4
1766225593942862426,14.750802375411155,1.8910457036387671,0.8848325837653047,0.9113700967216113,4
1766225593991581741,14.97606754302183,1.9012123785764843,0.8849178773664493,0.9113098052384393,4
1766225594016595317,15.46025365169157,1.9393537820473892,0.8851089486889003,0.9112654351757155,4
1766225594043967947,15.426958540439184,1.9567808953461994,0.8852409411525768,0.9113105850143389,4
1766225594244107236,14.488287348342954,1.8474809295046526,0.8847703926984705,0.9113399710967137,4
1766225594316589245,15.244285002791734,1.973770271864523,0.8849207328965912,0.9113147461899755,4
1766225594391590360,14.806258118525761,1.8829969897136634,0.8848012962305221,0.9112710047689113,4
1766225594416617602,14.733650247997998,1.9236865836840153,0.884462172678276,0.9112716868770955,4
1766225594491589522,14.888826820418144,1.9555089210641083,0.8848733298967802,0.9114073453691688,4
1766225594516574494,15.086058477756904,1.9299917185183402,0.8849870270766649,0.911299666668421,4
1766225594591576781,14.943734321317347,1.9073312344026896,0.8847243881529303,0.9112588023912142,4
1766225594643057927,14.87505812682488,1.9133290939939047,0.8847820271950246,0.9113004386166781,4
1766225594691566756,15.008056839958538,1.9058011462589663,0.8849319360833814,0.9113011876869878,4
1766225594716576144,15.038062527981676,1.9283254774187593,0.8847533495615163,0.9113479413145912,4
1766225594743858946,15.082490770546242,1.954682538786106,0.8849592185666264,0.9113464822042813,4
1766225594791573842,15.057149859600827,1.9852897399801046,0.8846023408716166,0.9112933930260407,4
1766225594852126078,14.68071048043118,1.9088956719056704,0.8844914685774052,0.9112992527515218,4
1766225594891566953,15.443689272974348,1.940173853126374,0.885287567332907,0.9112237707067272,4
1766225594916573075,15.085355079267671,1.9608590080732955,0.8846181784930423,0.9112858319138581,4
1766225594944380843,15.037816326617271,1.9660714280652962,0.8847378028099009,0.9112823015042952,4
1766225594991583928,14.681999128232759,1.8537089589680584,0.8848871022628634,0.9113156111005452,4
1766225595016577276,14.927898525364691,1.9682804153508946,0.8845902946004796,0.9113435194892013,4
1766225595046179587,14.947809675608049,1.958841277015055,0.8845902946004796,0.9113223495164076,4
1766225595091582949,15.020051346986696,1.9151689080592451,0.8850990974582776,0.9112450020019259,4
1766225595116594391,14.702023302495704,1.9065446360729028,0.8845767830802383,0.911295558112239,4
1766225595143533667,14.696624448647277,1.8698933872486465,0.8847013870851234,0.9112503674840399,4
1766225595191576881,14.824078172166466,1.8923478249055088,0.884944446267795,0.9113519392323479,4
1766225595216587121,14.904469115314178,1.960731222892548,0.884505103673833,0.9112698971547716,4
1766225595244572864,14.865599875232949,1.9613932870878863,0.8846878514154987,0.9112697539122855,4
1766225595291579719,15.043567754784437,1.8530925828226168,0.8850357994935437,0.9112475805621871,4
1766225595316578838,15.03114431683139,1.899205071386907,0.8848062846143645,0.9113290570077591,4
1766225595343408629,14.92816213698067,1.8960597846336091,0.8848312961764225,0.9112436207772551,4
1766225595391572108,15.062036260774626,1.8919763337216642,0.8853925535614091,0.9113269725517388,4
1766225595416574062,14.479278912130189,1.8582454768591539,0.8844621847108552,0.9112821911057893,4
1766225595448138482,14.423986717350123,1.8576938854723022,0.8844940459702686,0.9112590772579054,4
1766225595544443039,14.855141870133926,1.9461276833290448,0.8846820918969862,0.9113269151410038,4
1766225595591582895,14.832734149738958,1.9006363776373623,0.8848822702593664,0.9113504757401194,4
1766225595617080040,15.062058303637048,1.8871452230027066,0.885174836364304,0.9112813584526974,4
1766225595643190187,15.006181050532419,1.887480858881219,0.8852610966644735,0.9112904133293084,4
1766225595716617804,14.85886534227976,1.9506633166344467,0.8844916917338747,0.9113093152354927,4
1766225595744762105,14.847497408249865,1.9260521137705915,0.8845625436741946,0.9112443269810911,4
1766225595791580757,15.099124477767067,1.941467385472463,0.8846880430734232,0.9112628070158786,4
1766225595844634579,14.764944857622254,1.9150016548029898,0.8846441741063868,0.911356231485415,4
1766225595891622969,14.946844075859556,1.870253492882663,0.8849388776303022,0.9112771077259223,4
1766225595944184045,14.90986595447541,1.9100294700487002,0.8849649598201025,0.9112644120286146,4
1766225595991572187,14.778348908159543,1.8756681795226997,0.8847493135604791,0.9113030255656109,4
1766225596016593698,14.952015441291099,1.9677022583089365,0.8844828848701753,0.9113585775616415,4
1766225596044362393,15.035869345728536,1.9794854142546277,0.8846610978473813,0.9112760068412308,4
1766225596091573532,14.986086975146584,1.9240423949969703,0.8848908556583195,0.911319469576118,4
1766225596145043025,15.144345481951316,1.9526836696504777,0.8849586751857076,0.9113258848786062,4
1766225596244532408,15.014783105533724,2.0000612729554783,0.884641937566433,0.9113663008465086,4
1766225596291574320,14.855732073654648,1.8507611190873112,0.8850011868029531,0.9112946880085959,4
1766225596316583919,15.067352939971412,1.8893118296336444,0.8850764469456456,0.9112424823972247,4
1766225596391577910,14.632868769025919,1.8698826038572591,0.8846168243441365,0.9112328866083649,4
1766225596416611273,14.875166336567936,1.9974876069113396,0.8843233698318942,0.9112336910662658,4
1766225596516579346,14.774126235435837,1.8749269843722378,0.8846327562762187,0.9112483450643734,4
1766225596545629389,14.69885747115951,1.9086135740233001,0.8846327562762187,0.9113281186167652,4
1766225596616708642,14.829738552888049,1.9015397836773236,0.884652711700788,0.9113129705327673,4
1766225596691570795,14.935315701828822,1.9704840770530987,0.8847395412747852,0.9113759981266065,4
1766225596716576116,15.217864555496563,1.9799189864943059,0.8849488185310009,0.9113177316680766,4
1766225596746240805,15.119583862792219,1.968336833469332,0.8846390103919265,0.9113002594958277,4
1766225596891568958,15.118380590387615,1.933624718666958,0.8850042058728238,0.9113552218786649,4
1766225596916568998,15.04311717733775,1.8740686782252383,0.8849360062999035,0.9112243265370076,4
1766225596946482565,15.002022942536275,1.8766572257808898,0.8851237815991614,0.9112075468359467,4
1766225597044227008,14.812331202133544,1.9078342809658593,0.8846111596780502,0.9112349473163386,4
1766225597091581557,14.710804239824181,1.9073678420140971,0.8847110725063579,0.9113477935067733,4
1766225597116595504,15.139435044777327,1.934653120614649,0.8850727842951525,0.9112433855959666,4
1766225597144712433,15.053092995315986,1.9358886433720524,0.8851989608955326,0.9112780308982041,4
1766225597191580628,14.935545909826487,1.885090788183235,0.8848587253171984,0.9112025631265216,4
1766225597216584306,14.79960199241226,1.9794080186872196,0.8844817734747309,0.9113643947467114,4
1766225597316582094,14.771173246851067,1.8661467031478296,0.8847611681648421,0.9112576563236255,4
1766225597344303741,14.677820766063054,1.816763770782068,0.884793399427244,0.9112483114018493,4
1766225597391579191,15.150619384428188,1.9653530670330999,0.8849215117056782,0.9112282181555803,4
1766225597491584123,14.604572822304096,1.9256705491385282,0.8845418028235276,0.9113096472861854,4
1766225597545187758,14.468316055729957,1.9443612478218524,0.8839887091149382,0.9112868910947017,4
1766225597591589325,14.469501680047792,1.8459114974477506,0.8846536114292992,0.9113295068560571,4
1766225597616583194,14.960012933693534,1.9430357390740267,0.8846990541506151,0.9113032299077095,4
1766225597644808127,14.882778056333645,1.9041403006012738,0.8848448719430934,0.9112522431645904,4
1766225597716781751,14.975220906230158,1.956372184782296,0.88465291918458,0.9113224959708828,4
1766225597745319050,14.87971127541854,1.9259045243174586,0.8847059237802022,0.9113075185185713,4
1766225597791583680,14.621989870139851,1.9177473740330837,0.8845848018032834,0.9112959948896223,4
1766225597816593549,15.332495591947604,1.987604902012589,0.8849860091182378,0.9113143904411799,4
1766225597845054175,15.340791359423234,1.9657783395413102,0.8851269979720152,0.9112897098090286,4
1766225597891593281,14.633507245595311,1.863828344039724,0.8849753279487889,0.9113698666416888,4
1766225597916583223,15.015645648081222,1.9195767859332937,0.8848958874672671,0.9113156291936876,4
1766225598116573169,14.840333207314927,1.863548419717791,0.8847861386160192,0.9112595232500972,4
1766225598144934157,14.698275889793223,1.8987721350874651,0.8849738177747718,0.9113164497745421,4
1766225598246020912,14.923041076378428,1.9440115116037782,0.884709639839551,0.9113163586223256,4
1766225598316645059,15.1912801999482,1.9464202427169737,0.8847640122372022,0.9112093776216971,4
1766225598346033689,15.215403371821257,1.93754558286089,0.8848660044479296,0.9111316190755625,4
1766225598416583737,15.021546333652825,1.8971228650478715,0.884730559156643,0.911272750339934,4
1766225598445265848,14.915721464267229,1.88534055823736,0.8849513311592502,0.9113147527753976,4
1766225598516572368,14.915545759452309,1.8903738187807777,0.8847940841471479,0.9112527290555185,4
1766225598545232979,14.857747243146369,1.9224542405498088,0.8849687533356155,0.9113196881129021,4
1766225598644771885,14.892526589234567,1.9675141538336698,0.8845896009397177,0.9112282728105908,4
1766225598691577612,14.943114506232092,2.0276801908631583,0.8847247120465991,0.9113192481224252,4
1766225598745739907,15.058099199976361,1.9609320950205351,0.8847228451354415,0.9112072941532178,4
1766225598816581583,15.253652600886403,1.992812379876321,0.8850561268407641,0.9112785494351514,4
1766225598845090549,15.19698483934173,2.006176407398358,0.885245917538601,0.9113583192841875,4
1766225598891580743,15.062898132936041,1.9142204989258766,0.8853105318983926,0.9112472905454543,4
1766225598916588308,14.621613428495772,1.9411284436109557,0.8842667872513538,0.9112806378247796,4
1766225598949579960,14.65638665326896,1.9122893099016451,0.8844562358915937,0.9112645214986446,4
1766225598993845302,14.583543344427241,1.879268494663534,0.8843558249066708,0.9112572532943881,4
1766225599016621423,14.861601020775272,1.9410528906204152,0.8847232519313847,0.9112792008502932,4
1766225599045897691,14.708589238012548,1.9146195092981673,0.8848333919468809,0.9113121308799282,4
1766225599091574507,14.761823733710045,1.9185504149256407,0.8846491885755666,0.9113048893824611,4
1766225599116752932,14.91609574856545,1.8866899136359239,0.8850382729132119,0.9113131169369749,4
1766225599145479528,14.907998702458292,1.8648826019869855,0.8851187918646317,0.9112616633182079,4
1766225599216599416,14.913767648971454,1.9333586460245578,0.8846403336097004,0.9112805036700707,4
1766225599247573446,14.782964778218277,1.9044305218402615,0.8847913222473679,0.9113013691934995,4
1766225599291568510,14.580216229942987,1.837316172622956,0.8846347952415886,0.9113385509070092,4
1766225599346352944,14.58025393311424,1.9458447268104522,0.8843896044200134,0.9113330640679884,4
1766225599391584232,14.537490421512977,1.9026462287110097,0.8844865951057344,0.9113979599236105,4
1766225599445885808,14.900402161864722,1.9535517490783754,0.8844978109542547,0.91131257605261,4
1766225599516636413,14.80003919993067,1.9425522203215257,0.8844678092029922,0.911276366365241,4
1766225599545883276,14.61205552629885,1.9351343328624204,0.8845703543399728,0.9113336700879,4
1766225599616617941,14.870348208904428,1.938903702208167,0.8846559403712934,0.9114229920162015,4
1766225599691621339,14.63083703706991,1.907686283020213,0.8843323465758635,0.9113102261192259,4
1766225599716634204,14.953520725318082,1.8852260904624172,0.8848274301288168,0.911324614360217,4
1766225599791623145,14.666433551015711,1.9190865811253954,0.88443971816847,0.9113329783102825,4
1766225599891635630,14.745051584307944,1.8726749669784817,0.8848493868500054,0.911289225024495,4
1766225599916669184,14.826450044305716,1.9517887422647113,0.8843922597679631,0.9113054802390974,4
1766225599991636514,14.936963458870412,1.9527325553178363,0.8844800519221265,0.9112772221085613,4
1766225600016683633,15.149360292831759,1.9081333756031622,0.8851170523207404,0.9112976470042538,4
1766225600091631267,15.346856209358716,1.94008139352065,0.8852482490427914,0.9112564025426202,4
1766225600116714834,14.815689465516702,1.9318622986120624,0.8845362596527503,0.9113641981998044,4
1766225600145724932,14.875671765548159,1.91803877510984,0.8847785617707533,0.9112980419400177,4
1766225600191644344,14.566349626178866,1.8831656555434795,0.8846005374929116,0.9114515341722051,4
1766225600216691633,14.955571591243167,1.9558752062862688,0.8846952004498698,0.9113678406836628,4
1766225600246061417,14.913328162370231,1.9208490012862645,0.884707696871082,0.9112291015317525,4
1766225600316643344,14.760876067583029,1.9354205519782353,0.8842447866701337,0.9113083909844651,4
1766225600391616896,14.865775665535486,1.9482040036472175,0.88481472413027,0.9113163145653032,4
1766225600445518962,14.800886425399895,1.9292847094545476,0.8845785427698597,0.9112737536650498,4
1766225600516645683,14.639311446462466,1.8857883508171644,0.8846664921066623,0.9113344411681639,4
1766225600591633592,15.045603547709785,1.9287129264290006,0.8848469957228402,0.9112461562559279,4
1766225600616771812,15.177849863527214,1.9832297256096507,0.8848439556330823,0.9112572439018792,4
1766225600691616512,14.787799691459046,1.8935145775864675,0.8849260752288427,0.91138859702053,4
1766225600717954888,14.832932106020436,1.890540607260871,0.8849260752288427,0.9113318352994589,4
1766225600745706952,14.673623665161228,1.913285800055922,0.885003867464897,0.9113842042605427,4
1766225600816648776,14.699209226828769,1.886226661930197,0.8845810756681747,0.9112578328875477,4
1766225600846661017,14.580516007496659,1.8391156382146392,0.884666401826902,0.9112972488521343,4
1766225600891630303,14.715577191896202,1.8606503989140217,0.8850751777625948,0.9112784608228206,4
1766225600916627317,14.631936218279629,1.8939646659196923,0.8845736148095277,0.9113330110962045,4
1766225600946918934,14.635939716375447,1.8722107699720014,0.8846919448832112,0.911245275465273,4
1766225600991626517,14.459689187455883,1.8874046532928883,0.8844608784438261,0.9113170128277599,4
1766225601016688384,14.881391457351567,1.9252047642005405,0.8849259603764806,0.9113595880144916,4
1766225601048360736,14.819114577246717,1.888674480279385,0.8850526897414611,0.9113197995889911,4
1766225601092676042,14.709386711697526,1.8571304466449865,0.8848275580903167,0.9113106187720637,4
1766225601116683988,14.644900733898346,1.926941024451189,0.8844954386971144,0.9113597329297481,4
1766225601191637242,14.76519039202473,1.9395888375852324,0.8846904264616426,0.9113480955814454,4
1766225601216631421,14.480841922486999,1.9089597223875054,0.884440345514668,0.9113977034734743,4
1766225601246338329,14.5761442497917,1.9039670018211774,0.8845244479019662,0.9112898336017712,4
