timestamp,dist_error_mm,angle_error_deg,est_dist_param_m,gt_center_dist_m,visible_gt_tags
1768375991038511204,13.60724398165436,10.44812280923154,1.7926187942957001,1.8259550293106703,2
1768375991112149227,11.792636001372703,10.556630721171256,1.790334424659836,1.8270809911643549,2
1768375991162508573,11.837141697380815,10.537438126330123,1.790334424659836,1.827039524083707,2
1768375991237016210,12.41475239369616,10.654240707474957,1.790334424659836,1.8264386159744075,2
1768375991437217944,16.86173917037692,10.340293167295679,1.796130295555721,1.8256820406973866,2
1768375991561982117,11.66262763496384,10.327903926869325,1.79142493822447,1.8262368150268895,2
1768375991636922707,14.787119809078098,10.137937577689705,1.795604924250116,1.8266375315605967,2
1768375991712020639,16.716158198220256,9.94144755616106,1.798317662509931,1.8271026665478491,2
1768375991761875604,16.259151633745805,9.908276205029653,1.798317662509931,1.8275564731810992,2
1768375991837037030,20.322713744746366,10.451309631875773,1.797307865789109,1.8254627203011757,2
1768375991912095029,18.31492658970868,10.514969707052872,1.795107347037927,1.8250446753388339,2
1768375991962481932,21.772830061908,10.68250307278541,1.7965828715204326,1.8242712912015397,2
1768375992112073878,15.371567932239927,10.260625713546256,1.7948646022947494,1.8249002482128303,2
1768375992162013384,15.036007813253649,9.798927235677537,1.7982189061921614,1.82729140447462,2
1768375992437179365,9.403957224743742,11.113013228410384,1.7840531536845081,1.8251114932948715,2
1768375992513014129,12.808840374317176,10.207717470270458,1.7938648108575779,1.8272064974615312,2
1768375992562118931,14.32886057680327,10.317313387298093,1.7938648108575779,1.8256909017026828,2
1768375992637601940,14.881154154565923,10.373282757120432,1.7938648108575779,1.8251405408572223,2
1768375992712071859,14.33466860582766,10.347880042499167,1.7938648108575779,1.8256908495190254,2
1768375992762474136,12.5393968533134,10.197567038146019,1.7938648108575779,1.827481734016539,2
1768375992837499980,14.263567679231315,10.266452012638089,1.7938648108575779,1.8257546279746217,2
1768375992911997113,15.521935743719961,10.474037913711062,1.7938648108575779,1.824487058592037,2
1768375992961964751,11.50829001145337,10.007066435523335,1.7938648108575779,1.8285232243972125,2
1768375993036981768,14.29521543877632,10.333508770661833,1.7938648108575779,1.8257220879837883,2
1768375993113038047,12.095981652268106,10.071659411919487,1.7938648108575779,1.8279281686442792,2
1768375993162226454,14.70839578883365,10.352748652184596,1.7938648108575779,1.8253043324628937,2
1768375993237511296,14.88847709407115,10.411581333652792,1.7938648108575779,1.8251214651882437,2
1768375993312177085,14.303609905568226,10.336550828126006,1.7938648108575779,1.825712495466049,2
1768375993362219207,14.628082202811088,10.331646643959822,1.7938648108575779,1.8253825278714646,2
1768375993437254827,15.294105422394733,10.334637805000018,1.7938648108575779,1.8247235862799365,2
1768375993511929814,13.265828079665143,10.313568624637522,1.7938648108575779,1.8267485890742892,2
1768375993562235859,14.880557488924584,10.329254569251724,1.7938648108575779,1.8251392818934185,2
1768375993712453554,12.062787326067692,10.72350119948718,1.788978233117379,1.8251884998356287,2
1768375993761882946,17.314404357274604,10.197288076684236,1.7970855600836328,1.825769689267554,2
1768375993837363017,17.02617284713215,10.15158662744093,1.7970855600836328,1.8260576136230442,2
1768375993912348656,17.83491442287488,10.240143916327332,1.7970855600836328,1.825250541876037,2
1768375993962042750,14.035405788907607,10.340355078988448,1.7933606877118302,1.825811800232772,2
1768375994112623475,13.865993158934664,9.986338692700471,1.795644799152137,1.82753815413235,2
1768375994312136147,15.532313110973472,10.24559929511698,1.7947624761818053,1.8250897951434433,2
1768375994362718722,19.260714839442805,9.976468995689578,1.8003581111220381,1.8251858963582779,2
1768375994437058135,15.011038315596137,10.050897172964188,1.7969524385824633,1.8276474470218271,2
1768375994512362483,17.258279192009063,10.509656306634213,1.7946376831604594,1.8248618116844064,2
1768375994637290272,15.993484804799118,10.038567504286753,1.7969988921579978,1.8273788471367247,2
1768375994712910138,49.42926176184037,8.380310615371881,1.839179738378672,1.8250465951206138,2
1768375994762613922,18.236147298968497,10.074186363219205,1.7981455771836548,1.825815885400291,2
1768375995037105791,18.45100125875132,10.351534149795548,1.7967774469222613,1.8249551905984283,2
1768375995162286720,17.861597280496298,10.422124182490984,1.7963896687190586,1.8260809977157688,2
1768375995237045434,7.681632426686402,10.64016327523989,1.785837132009661,1.8276844427740937,2
1768375995312112913,13.020517233891526,10.365097742002527,1.7920485994471098,1.8266029572291254,2
1768375995362198079,13.10516377457338,10.395138809395277,1.7920485994471098,1.826518522676427,2
1768375995437157335,13.86443978987173,10.55212224863364,1.7920485994471098,1.8257450529227983,2
1768375995512401626,14.64618052862221,10.601352457799468,1.7920485994471098,1.8249736328894322,2
1768375995562072450,12.384422775637116,10.403367398332993,1.7920485994471098,1.8272405407189571,2
1768375995637062720,13.482437426640237,10.48217847494738,1.7920485994471098,1.8261292229534931,2
1768375995712068093,14.044220267309449,10.519323450752555,1.7920485994471098,1.8255888481808962,2
1768375995761973432,14.380709002261849,10.536063514678485,1.7920485994471098,1.8252456408714088,2
1768375995837046357,14.423914157629891,10.55365118157156,1.7920485994471098,1.825193915323691,2
1768375995912123545,14.327243225137565,10.587407917997972,1.7920485994471098,1.8252858288103235,2
1768375995962714548,14.286844687461997,10.62293488099192,1.7920485994471098,1.8253160183188384,2
1768375996037084014,13.804959085658375,10.551564123809774,1.7920485994471098,1.8258055668214561,2
1768375996112224503,13.04012296938839,10.368243754150388,1.7920485994471098,1.8265917038510788,2
1768375996162277593,14.337677524993264,10.583711601233388,1.7920485994471098,1.8252725473234945,2
1768375996237711704,12.590105087745718,10.418333841434812,1.7920485994471098,1.827024938282903,2
1768375996312866427,11.213114186492845,10.279890662195282,1.7920485994471098,1.828418616150847,2
1768375996362235289,5.7980423986270235,10.769632224481787,1.7831523279304633,1.827193317886324,2
1768375996437356828,20.249439385022995,10.756477613025863,1.794656785908907,1.8256919651301957,2
1768375996562137426,16.776870455221804,10.061479166522824,1.7981468924315598,1.8262502390611515,2
1768375996637499237,14.40224678725599,9.791556263590973,1.7981468924315598,1.828636841599826,2
1768375996712611043,13.554484466082872,10.4332435457699,1.7925761066497088,1.826054960142065,2
1768375996837062725,17.21538843590542,10.170910076613563,1.7973406958410278,1.8246783669961744,2
1768375996912154824,16.48847472721693,10.043926776284575,1.7973406958410278,1.8254075664225398,2
1768375997512060095,15.17045181554244,10.097196697035299,1.795976320743418,1.826158877214446,2
1768375997637070138,16.657085070901132,10.14908309311164,1.797107309622307,1.826338457629483,2
1768375997837236605,13.245535321545043,9.996150740143317,1.7956890685064921,1.8272235024071575,2
1768375997912826222,16.035628824939696,10.034835816092224,1.7978353016900013,1.8270769379203655,2
1768375998037135409,11.009671493344975,10.644323233208457,1.7892298701112674,1.8257657002030383,2
1768375998113027732,8.60138629112206,10.320299664361551,1.7892298701112674,1.8281834548856706,2
1768375998162186672,11.022979345323147,10.583887743216495,1.7892298701112674,1.825754957153459,2
1768375998237357738,12.084568248486693,10.750464562608773,1.7892298701112674,1.8246923109431146,2
1768375998312200831,10.09394621605142,10.526531243982182,1.7892298701112674,1.82668182926588,2
1768375998362161744,10.398971000803447,10.514595066276025,1.7892298701112674,1.82638769086699,2
1768375998437272579,11.117704662758188,10.606049245731668,1.7892298701112674,1.8256613277664666,2
1768375998512343757,11.742036301403802,10.680126081595343,1.7892298701112674,1.8250251743459838,2
1768375998562469604,10.978038113403699,10.620571550283687,1.7892298701112674,1.8257908118857724,2
1768375998636992939,11.324490405705712,10.643957419942828,1.7892298701112674,1.825448498069015,2
1768375998712157034,8.950848948027224,10.383434340784401,1.7892298701112674,1.8278413416163453,2
1768375998761951616,10.574126181592813,10.543219995391835,1.7892298701112674,1.8262121704083403,2
1768375998837543985,9.29089199219324,10.430677235695168,1.7892298701112674,1.8274910805847124,2
1768375998912091238,9.400431891303906,10.441755689949044,1.7892298701112674,1.827370469642971,2
1768375998962568364,10.054201715084421,10.456288330603147,1.7892298701112674,1.826731700910724,2
1768375999162660668,20.255755821280363,10.397563689837323,1.7969528210716605,1.8256605736577247,2
1768375999237007492,19.717535860551692,10.402443348110625,1.7969528210716605,1.826203178764828,2
1768375999362462520,20.259481344765405,10.167793295736418,1.7988120404287087,1.8254875349960527,2
1768375999437085543,18.67186676737509,10.06034829602863,1.7988120404287087,1.8270705117603223,2
1768375999512607150,19.72375578568375,10.15463353823269,1.7988120404287087,1.8260211504358206,2
1768375999562339745,18.504533889875276,10.098355917419857,1.7988120404287087,1.8272338067500413,2
1768375999637233417,9.481449747559045,10.486878110451077,1.788943591248209,1.8283880356496518,2
1768375999712152168,15.169725381189103,10.243611764434362,1.7953848653770526,1.8267837748200861,2
1768375999762496730,13.892494156204638,10.186593056190887,1.794348537028502,1.8263753557815248,2
1768375999837188216,17.172046301012102,9.931093149323798,1.7993260766205939,1.8267743871297228,2
1768375999912520404,17.591807449911954,9.966551124794172,1.7993260766205939,1.8263500444845964,2
1768375999962176623,19.039736983973434,10.092630429405279,1.7993260766205939,1.8248994813604382,2
1768376000037082430,15.540678144483788,10.168229645463446,1.7959962960983358,1.8256685812159867,2
1768376000112600553,15.515583273232325,10.215270267820287,1.795793892983801,1.826635420613441,2
1768376000437398718,12.664918139798642,10.157003484097233,1.793581036853741,1.8257645765024892,2
1768376000488039898,16.454641232854115,10.115007652275228,1.7966072241662983,1.82550620454426,2
1768376000562217090,19.107587206520947,10.204876104038238,1.7987445590536368,1.8255249091560026,2
1768376000712397629,13.088013326793213,10.956701833577313,1.7882501539979243,1.8243932858285279,2
1768376001837081213,11.401085164905123,10.793241923056327,1.7877662463120296,1.8256453994134858,2
1768376002037506449,17.1956025930633,10.41233080668968,1.7953160927246017,1.8241773730335435,2
1768376002112528105,16.46856711755418,10.324563218355108,1.7953160927246017,1.8249060164383895,2
1768376002437142100,20.379356942532567,10.928437427506159,1.7932985622631852,1.8250812084421264,2
1768376002512720104,19.31078817069043,10.447520259747133,1.797012030932398,1.8253161369389346,2
1768376002562532934,18.409728424316096,10.41061580481033,1.797012030932398,1.8262109208070503,2
1768376002637404768,19.529763903496367,10.48566131963673,1.797012030932398,1.8250949143668904,2
1768376002712853396,20.009709644158935,10.570946923953063,1.797012030932398,1.8246101009645679,2
1768376002762443162,18.408567794413464,10.40560285553693,1.797012030932398,1.8262222652630409,2
1768376002837169737,20.094560171768137,10.53183493665301,1.797012030932398,1.8245382347779402,2
1768376002912751039,20.874398667829254,10.67719465921538,1.797012030932398,1.8237442485817055,2
1768376002962071880,19.59465507015823,10.490334155087776,1.797012030932398,1.8250339766763164,2
1768376003037199436,17.049649749541153,10.232909352600162,1.797012030932398,1.8275906166187166,2
1768376003162524703,14.945588391700904,10.346603333804433,1.793686641402107,1.8251380200274312,2
1768376003237224607,13.734922017083928,10.422981873705641,1.7923094816704686,1.8253344776856009,2
1768376003312295317,12.777000563557461,10.36565828075926,1.7923094816704686,1.8263044286254244,2
1768376003362314665,13.93069348175957,10.445177308144999,1.7923094816704686,1.8251368268356474,2
1768376003437260772,23.683809793033195,10.831039582288028,1.7975329478748974,1.8241659487465303,2
1768376003512361340,13.388323828970039,10.335835143976311,1.7923400984301647,1.8258307441019939,2
1768376003562234011,15.97815375660594,10.417952206630744,1.79445281334872,1.826396907382541,2
1768376004562522738,12.99394714317792,10.5538158815952,1.7917618811335918,1.8263687024087032,2
1768376004762680555,18.63216046825911,9.953796128018602,1.7995677531850036,1.8262393964396786,2
1768376005112705300,15.71910129431986,10.485697489374843,1.7935400284106233,1.8253878680616185,2
1768376005162274030,15.37105156511398,10.316908301327144,1.7948215874196032,1.8257209485624835,2
1768376005237345333,11.768814374694347,10.5679871203887,1.7899384744789724,1.825695781440665,2
1768376005312401888,11.784193675101973,10.527539984094215,1.7899384744789724,1.8256745389965363,2
1768376005362194613,20.517709175713605,10.792346270378948,1.7948310642739556,1.8253516669842464,2
1768376005637212814,16.65586594069368,10.38290469428736,1.7954645447348243,1.8251090882575136,2
1768376005712720178,16.24659160137476,10.295704625981026,1.7954645447348243,1.8255202816442055,2
1768376005762317991,15.803339385268789,10.285179694586937,1.7954645447348243,1.8259645719074091,2
1768376005837207490,16.490958317412208,10.369076902853314,1.7954645447348243,1.8252751078865936,2
1768376006037461926,17.138083493494438,10.212599233521129,1.7971057076590262,1.825512903776092,2
1768376006112483362,17.663059230716094,10.13339704786874,1.798214755770831,1.8259422204199076,2
1768376006162291686,17.51586386634596,10.049633328860187,1.798214755770831,1.8261000097847102,2
1768376006237394344,14.026962518690178,10.015464005097567,1.7958430547755775,1.8260992907066729,2
1768376006287677937,12.522850771238936,9.863050767147552,1.7958430547755775,1.8276029417703084,2
1768376006362507495,19.680632678434673,10.171489715757952,1.799049000445691,1.825059611622457,2
1768376006512375266,20.377507357039136,10.170122256934047,1.799469414369696,1.82509417515243,2
1768376006562618359,19.294997932739477,10.038383510014569,1.799469414369696,1.8261823492771365,2
1768376006637379261,7.9988269387518685,10.683082725633618,1.7860062616349477,1.8265332562310665,2
1768376006688056430,5.9849527822684045,10.468064371175151,1.7860062616349477,1.8285551552739125,2
1768376006762054227,8.113836634964233,10.665972833677717,1.7860062616349477,1.8264127517178363,2
1768376006837677560,8.218335925230802,10.698199963323226,1.7860062616349477,1.82630835012878,2
1768376006912559042,9.170643538818801,10.846987563900836,1.7860062616349477,1.8253571270695206,2
1768376006962528431,9.023789867478538,10.745561824845451,1.7860062616349477,1.8255097753429248,2
1768376007037616518,8.795158872604958,10.783584002873633,1.7860062616349477,1.8257326620330885,2
1768376007088269863,8.205526314891465,10.729517769235017,1.7860062616349477,1.826316523905009,2
1768376007162654078,10.351904919511767,10.867995717197212,1.7860062616349477,1.8241730959832225,2
1768376007237471962,7.701493599889142,10.665853630585138,1.7860062616349477,1.8268323840926006,2
1768376007287910804,8.756325422555111,10.689101183408146,1.7860062616349477,1.82576782745399,2
1768376007362294753,9.097532849885903,10.77586680390499,1.7860062616349477,1.825422679386533,2
1768376007562492991,8.996284728133297,11.26083386994533,1.7827219341191671,1.8244513491985492,2
1768376007637375948,18.297286320914317,9.928655628512553,1.7997681486576145,1.8281193461769794,2
1768376007687590715,19.27969185715117,9.700812743280627,1.8021096287647647,1.827453525921749,2
1768376007962141705,18.08556737168199,10.403984605935785,1.7955218903254337,1.8267143593999422,2
1768376008037352684,19.488488681468795,10.37221532567865,1.7974130868633498,1.8248478866468376,2
1768376008088312105,19.56937013046001,10.369242440996613,1.7974130868633498,1.8247698780894046,2
1768376008162370255,15.984529049115404,9.940243700405363,1.7980778711081888,1.8261037788135899,2
1768376008362202746,20.96613635829869,10.354904628788544,1.7983385899529443,1.8239884199444987,2
1768376008437315027,19.359044357780686,10.216761335111508,1.7983385899529443,1.8255965571069779,2
1768376008488235299,20.47947253939619,10.342522544578788,1.7983385899529443,1.8244695679837701,2
1768376008562521853,17.176064211642974,10.185827570923506,1.7969555272069067,1.8255425061717778,2
1768376008637679841,16.146268562238888,10.12356109353637,1.7969555272069067,1.8265717065587217,2
1768376008687478493,16.146268562238888,10.12356109353637,1.7969555272069067,1.8265717065587217,2
1768376008762563847,16.726332601669334,10.11153298563085,1.7969555272069067,1.8260013489937168,2
1768376008837125076,18.150664119757522,10.275952082517632,1.7969555272069067,1.8245623561265367,2
1768376008887760853,18.150664119757522,10.275952082517632,1.7969555272069067,1.8245623561265367,2
1768376009163065277,9.778421715589403,10.356779120957484,1.7901052785402005,1.8271574362030165,2
1768376009237661708,12.779451774735051,10.139467520911833,1.7934454623655032,1.8265968335460805,2
1768376009287926620,12.779451774735051,10.139467520911833,1.7934454623655032,1.8265968335460805,2
1768376009563214385,17.978173807293718,10.22440428391117,1.7975063145855987,1.825519299343059,2
1768376009637359077,17.044813409078373,10.210147474602957,1.796971431801392,1.8267700427784088,2
1768376009687978101,17.303166416401616,10.222448257211818,1.796971431801392,1.8265091948317684,2
1768376010562368033,10.416138951037546,10.96216710720057,1.785103887176324,1.8241358913299925,2
1768376010637509736,19.545817616801074,10.568638287831156,1.7962731383204058,1.826039496911176,2
1768376010687800800,19.545817616801074,10.568638287831156,1.7962731383204058,1.826039496911176,2
1768376010762668345,16.697819463362684,9.872460902207886,1.799273279621754,1.8277852860277657,2
1768376010837331508,11.285717662091077,10.469608327928517,1.7904567630213257,1.825416022934434,2
1768376010887556962,11.285717662091077,10.469608327928517,1.7904567630213257,1.825416022934434,2
1768376010962553903,16.77837223340606,10.04704697065785,1.797599200590675,1.8274057013104514,2
1768376011037399851,17.885585612614996,10.181364969205665,1.797599200590675,1.8262911411999887,2
1768376011087608748,17.885585612614996,10.181364969205665,1.797599200590675,1.8262911411999887,2
1768376011162491706,9.370463435337317,10.500837737427307,1.7884708433058916,1.8261748832134015,2
1768376011237831204,9.99151193697645,10.56419524425187,1.7884708433058916,1.8255413767303714,2
1768376011287916410,9.99151193697645,10.56419524425187,1.7884708433058916,1.8255413767303714,2
1768376012037590090,8.763941207777348,10.096133078577237,1.7903162380901294,1.8273211201366724,2
1768376012088056892,8.763941207777348,10.096133078577237,1.7903162380901294,1.8273211201366724,2
1768376012162505697,17.297670745156644,10.465155801439249,1.7952519579045034,1.8257932171715974,2
1768376012237439973,17.384198532567563,10.05632733567444,1.7979654896573318,1.8274777984692494,2
1768376012288104514,17.384198532567563,10.05632733567444,1.7979654896573318,1.8274777984692494,2
1768376012562550448,18.72452390199775,10.126230173994255,1.798628051210658,1.826253308891907,2
1768376013762622187,17.869397072266757,10.136012041102665,1.7982308592046174,1.8258902252181393,2
1768376013837647688,19.73473976224982,10.08204317771123,1.7990844548497287,1.8252082754461332,2
1768376013888096933,19.73473976224982,10.08204317771123,1.7990844548497287,1.8252082754461332,2
1768376013962211371,17.514292470319326,10.353180203831794,1.7961276141344773,1.826028780189076,2
1768376014037355675,45.84351052608393,8.396847613620158,1.8370802594616562,1.8274284017440119,2
1768376014087993723,45.84351052608393,8.396847613620158,1.8370802594616562,1.8274284017440119,2
1768376014162146929,6.784787893572508,10.568405726221052,1.7857934858628965,1.8274183487476108,2
1768376014362611624,18.208618146730693,10.140083897192447,1.7981722979503227,1.8262509372492937,2
1768376014437413605,20.35998617362811,10.406474614846774,1.7981722979503227,1.8240853241894384,2
1768376014487707006,20.35998617362811,10.406474614846774,1.7981722979503227,1.8240853241894384,2
1768376014562287293,18.20589694860719,10.178524441246653,1.7981722979503227,1.8262412433826987,2
1768376014637545281,18.736449465980076,10.557483776871598,1.795191754108386,1.8241930548287109,2
1768376014688013063,18.736449465980076,10.557483776871598,1.795191754108386,1.8241930548287109,2
1768376014763207445,16.542514612753358,10.31383112748774,1.795191754108386,1.8264039327644905,2
1768376014837466666,12.328179585328058,10.599028839118322,1.789637904672439,1.8245132324156879,2
1768376014888103476,12.328179585328058,10.599028839118322,1.789637904672439,1.8245132324156879,2
1768376014962441381,13.630812743255838,10.336731654018433,1.7928872945134184,1.8258293402918633,2
1768376015037487146,14.072132624411093,10.452044184024432,1.7928872945134184,1.825388316510327,2
1768376015088056488,14.072132624411093,10.452044184024432,1.7928872945134184,1.825388316510327,2
1768376015362198786,7.923351527071132,10.767035276325672,1.7851548796201575,1.826242191424864,2
1768376015437571828,7.89553137333554,10.720692109919025,1.7856606593069155,1.8267662536359668,2
1768376015488439116,7.89553137333554,10.720692109919025,1.7856606593069155,1.8267662536359668,2
1768376015562234065,14.126661274162178,10.524106197692621,1.7925630548440898,1.825903047584987,2
1768376015637712125,14.079617286765211,10.408617947594086,1.7925630548440898,1.8259524500097346,2
1768376015687827458,14.079617286765211,10.408617947594086,1.7925630548440898,1.8259524500097346,2
1768376015762392541,14.900097476324037,10.644865564309594,1.7925630548440898,1.8251282276864151,2
1768376015837570967,16.07244506744676,10.69428805227609,1.7925630548440898,1.8239567431200006,2
1768376015888098360,16.07244506744676,10.69428805227609,1.7925630548440898,1.8239567431200006,2
1768376015962374566,14.707325246777092,10.556112156858935,1.7925630548440898,1.8253148687227014,2
1768376016037351553,14.273867372760929,10.580853320623518,1.7925630548440898,1.8257492375033162,2
1768376016088013018,14.273867372760929,10.580853320623518,1.7925630548440898,1.8257492375033162,2
1768376016162697554,15.37124645525667,10.619677519659838,1.7925630548440898,1.8246620521357844,2
1768376016237377455,17.515392901445104,10.201105820685992,1.7978620069073348,1.8251588806534411,2
1768376016287849734,17.515392901445104,10.201105820685992,1.7978620069073348,1.8251588806534411,2
1768376016362621246,8.901926776150093,10.764913205390984,1.7853154061809489,1.8246135277724624,2
1768376016437533617,7.641021174682683,10.64894059954339,1.7853154061809489,1.8259021994522568,2
1768376016488264725,7.641021174682683,10.64894059954339,1.7853154061809489,1.8259021994522568,2
1768376016562534524,16.15147838897757,10.16063352263529,1.796489086096167,1.8268484563728427,2
1768376016762695769,17.7521033349044,10.30698981268706,1.7965691704653919,1.8266041089577647,2
1768376016837340977,18.714553847272832,10.40058588902241,1.7965691704653919,1.8256429366090152,2
1768376016888222444,18.714553847272832,10.40058588902241,1.7965691704653919,1.8256429366090152,2
1768376016962375198,14.586200420672712,10.294444075703241,1.7937081788748752,1.8254713315685616,2
1768376017037444748,12.038841604389505,10.509336079702953,1.7906749478753514,1.8253914196963046,2
1768376017088671095,12.038841604389505,10.509336079702953,1.7906749478753514,1.8253914196963046,2
1768376017162197774,10.309773888172558,10.522321486986941,1.7884184791574662,1.8256957436059182,2
1768376017237401600,19.663262355333224,10.705598170609663,1.794597434965942,1.8263995553895926,2
1768376017288567122,19.663262355333224,10.705598170609663,1.794597434965942,1.8263995553895926,2
1768376017362368939,21.503929583284844,10.736823400594876,1.7954154188529166,1.8247920184829307,2
1768376017437501423,21.67963414826324,10.705322530260915,1.796118249140356,1.8257003798390907,2
1768376017487955926,21.67963414826324,10.705322530260915,1.796118249140356,1.8257003798390907,2
1768376017562422131,8.382758629809306,10.095514740486822,1.7904568773938656,1.8281894300340895,2
1768376017762395990,18.112417800172807,10.333462942935768,1.7967507113156262,1.8249849733106043,2
1768376017837624633,19.845531339576894,10.34235379690086,1.797870103653216,1.825546019263702,2
1768376017888120654,19.845531339576894,10.34235379690086,1.797870103653216,1.825546019263702,2
1768376017962352088,13.242544675350576,10.137379517569043,1.7941647301558492,1.8262810117568502,2
1768376018162311841,17.005541339799592,10.076207347041844,1.7977728344563368,1.8268139562817456,2
1768376018237382437,17.92568766357583,10.180170655290247,1.7977728344563368,1.8258855777609968,2
1768376018288146706,17.92568766357583,10.180170655290247,1.7977728344563368,1.8258855777609968,2
1768376019162451470,11.030080931488273,10.329881623463903,1.7910707322882353,1.826965171465635,2
1768376019362707109,20.392979263199162,10.417107321264346,1.7967887378818528,1.8259454296404232,2
1768376019437619660,12.67049489789529,10.38480966369033,1.7915856370201095,1.825466802810427,2
1768376019488088050,12.67049489789529,10.38480966369033,1.7915856370201095,1.825466802810427,2
1768376019762550466,22.213175320578536,10.795356336095264,1.796013162379234,1.8243887777534953,2
1768376019837548951,21.41561996008745,10.68993880184708,1.796013162379234,1.8251982762249064,2
1768376019888000455,21.41561996008745,10.68993880184708,1.796013162379234,1.8251982762249064,2
1768376019962619951,19.826124608744998,10.571784224768058,1.796013162379234,1.8267873496590081,2
1768376020037318330,20.21432632082543,10.534575482229869,1.796013162379234,1.8264066740636238,2
1768376020087924920,20.21432632082543,10.534575482229869,1.796013162379234,1.8264066740636238,2
1768376020162565265,21.106946281836734,10.630577962746816,1.796013162379234,1.8255087659897418,2
1768376020237792534,20.517271584130636,10.579464618021218,1.796013162379234,1.8261072680905113,2
1768376020288413030,20.517271584130636,10.579464618021218,1.796013162379234,1.8261072680905113,2
1768376020362195116,20.559233367575924,10.538602658835302,1.7966227496698766,1.825951374215484,2
1768376020437728260,10.947729944333462,10.271328193253128,1.791663649910286,1.8268190541010367,2
1768376020488708672,10.947729944333462,10.271328193253128,1.791663649910286,1.8268190541010367,2
1768376020762383570,10.674373710898077,10.476558748006292,1.7895664467489862,1.8261757991217513,2
1768376020837310151,17.546610950016415,10.240294289071795,1.7969118986835475,1.8255021422785207,2
1768376020888479654,17.546610950016415,10.240294289071795,1.7969118986835475,1.8255021422785207,2
1768376020962712828,17.595962125954934,10.201569441088548,1.7969118986835475,1.8254440671016483,2
1768376021037372566,18.198022767120126,10.315647923979558,1.7969118986835475,1.8248355065997426,2
1768376021088617474,18.198022767120126,10.315647923979558,1.7969118986835475,1.8248355065997426,2
1768376021162359020,17.94877177832932,10.291175401357526,1.7969118986835475,1.8250897153967387,2
1768376021237890604,16.356993740487937,10.107880860014212,1.7969118986835475,1.8266884369939558,2
1768376021288414000,16.356993740487937,10.107880860014212,1.7969118986835475,1.8266884369939558,2
1768376021362349213,16.128110668527373,10.052770820040388,1.7969118986835475,1.826920834132122,2
1768376021437672025,15.334667500986665,10.043834102361666,1.7969118986835475,1.8277060364409492,2
1768376021488523359,15.334667500986665,10.043834102361666,1.7969118986835475,1.8277060364409492,2
1768376021562516401,16.135501537746897,9.958465144089422,1.7969118986835475,1.8269258082925337,2
1768376021637307352,16.8470114036956,10.220578316320859,1.7969118986835475,1.8261845048757566,2
1768376021688670966,16.8470114036956,10.220578316320859,1.7969118986835475,1.8261845048757566,2
1768376021762460928,10.846619377946176,10.052452811923413,1.7928321282486288,1.8282033534232773,2
1768376021837731252,6.436890939428119,10.678607532433011,1.7851687513486056,1.8275848573876408,2
1768376021888946294,6.436890939428119,10.678607532433011,1.7851687513486056,1.8275848573876408,2
1768376021962669869,18.39168244420808,10.310558755412897,1.7970668344808511,1.825892282741586,2
1768376022437684422,12.713899554354313,10.445463895754594,1.7916027556584007,1.8258244309964344,2
1768376022488808266,12.713899554354313,10.445463895754594,1.7916027556584007,1.8258244309964344,2
1768376022562895801,16.78768413707754,9.989787131033934,1.7982965943393248,1.8271126309380934,2
1768376022637772404,16.199235066430397,9.912978068988505,1.7982965943393248,1.827700702438739,2
1768376022688437734,16.199235066430397,9.912978068988505,1.7982965943393248,1.827700702438739,2
1768376022762692689,18.107202266198108,10.177787140751285,1.7982965943393248,1.8257855913021872,2
1768376022837622545,17.945531211017276,10.157786449783302,1.7982965943393248,1.8259469855951869,2
1768376022888594395,17.945531211017276,10.157786449783302,1.7982965943393248,1.8259469855951869,2
1768376022962678782,19.40597215607709,10.328470824403382,1.7982965943393248,1.8244721236412664,2
1768376023037479610,16.779308121711132,10.003762132176181,1.7982965943393248,1.8271121199099662,2
1768376023088725031,16.779308121711132,10.003762132176181,1.7982965943393248,1.8271121199099662,2
1768376023162969982,19.14985511894396,10.20677972159819,1.7980239268621565,1.8270636518600107,2
1768376023237432969,8.038212719263305,10.549200642036759,1.7875026464786277,1.8268102578047412,2
1768376023288688856,8.038212719263305,10.549200642036759,1.7875026464786277,1.8268102578047412,2
1768376023362730540,12.731492289185686,10.426993509841582,1.7913889596607588,1.8258028322684847,2
1768376023637584835,13.79559969475741,10.26843950743903,1.793929480815202,1.8257599322002473,2
1768376023688744393,13.79559969475741,10.26843950743903,1.793929480815202,1.8257599322002473,2
1768376024763244481,13.746153610262546,9.958555119335449,1.7959675643035051,1.8268458833307013,2
1768376024837820680,11.409105444065037,10.38499908516708,1.7905169019597573,1.8252049301850917,2
1768376024890301390,11.409105444065037,10.38499908516708,1.7905169019597573,1.8252049301850917,2
1768376024963334906,21.090584192134052,10.537894202479945,1.7964587126672111,1.825457853454811,2
1768376025037602526,19.835569988238877,9.667666869973317,1.8021810247576877,1.8260784794739917,2
1768376025089641712,19.835569988238877,9.667666869973317,1.8021810247576877,1.8260784794739917,2
1768376025163136916,11.757467251898968,9.76958597599103,1.7947786371487784,1.8278933199073797,2
1768376025237482466,18.797264065895767,10.212976099056572,1.7981405583903722,1.8267474840750757,2
1768376025289603078,18.797264065895767,10.212976099056572,1.7981405583903722,1.8267474840750757,2
1768376025362686961,18.664484353393405,10.584140965686181,1.7941587938989856,1.8272975547672226,2
1768376025437759262,18.88518322583721,10.616100520081515,1.7941587938989856,1.827066527848671,2
1768376025489845420,18.88518322583721,10.616100520081515,1.7941587938989856,1.827066527848671,2
1768376025563047165,18.71666759551016,10.598022558643507,1.7941587938989856,1.827239781953473,2
1768376025637355349,18.904089736394347,10.303641392382845,1.7975591600788037,1.8257796645477862,2
1768376025690445774,18.904089736394347,10.303641392382845,1.7975591600788037,1.8257796645477862,2
1768376025762877322,17.94846413455553,10.14679343862115,1.7975591600788037,1.826745242145113,2
1768376025963822693,11.344722798052542,10.105926831291178,1.7927072427912405,1.8279408089723366,2
1768376026037939731,14.782207073458897,10.47930440887876,1.7927072427912405,1.82448106536358,2
1768376026090065772,14.782207073458897,10.47930440887876,1.7927072427912405,1.82448106536358,2
1768376026163091366,11.893105560755401,10.223168050601906,1.7927072427912405,1.8273760076669543,2
1768376026237527799,20.612576038441244,10.686127610551491,1.7949105320980205,1.8261583579948182,2
1768376026289569661,20.612576038441244,10.686127610551491,1.7949105320980205,1.8261583579948182,2
1768376027763135612,19.66339422943375,10.06613722091357,1.7990852604264285,1.8261712188252703,2
1768376027837590707,7.343213432245532,10.37514650395118,1.7876875635131964,1.8272147227581048,2
1768376027890730199,7.343213432245532,10.37514650395118,1.7876875635131964,1.8272147227581048,2
1768376028037403769,17.01596905758396,10.506763039988467,1.7930074095392037,1.8276346571740165,2
1768376028091499861,17.01596905758396,10.506763039988467,1.7930074095392037,1.8276346571740165,2
1768376029163462287,11.068122708596917,9.657704799897886,1.7949258107479347,1.8287040721088932,2
1768376029237722163,14.283840589377705,10.008184997995212,1.7959347097808196,1.8270948334934216,2
1768376029295358287,14.283840589377705,10.008184997995212,1.7959347097808196,1.8270948334934216,2
1768376029363387571,14.903852884621926,10.045469640944747,1.7959347097808196,1.8265129203453607,2
1768376029637388835,15.189527317496454,10.249232006713656,1.7951132192345831,1.824995449222465,2
1768376029691645574,15.189527317496454,10.249232006713656,1.7951132192345831,1.824995449222465,2
1768376029837482707,20.013637741320256,10.24114461662993,1.7988211250061135,1.825836952198953,2
1768376029891624884,20.013637741320256,10.24114461662993,1.7988211250061135,1.825836952198953,2
1768376029962965972,21.37198081894054,10.329484899169252,1.7988211250061135,1.824488029757882,2
1768376030038663950,19.282326538635708,10.205383768527094,1.7988211250061135,1.826569023738381,2
1768376030092011491,19.282326538635708,10.205383768527094,1.7988211250061135,1.826569023738381,2
1768376030163097655,20.264089853028633,10.25380294217189,1.7988211250061135,1.8255915694786868,2
1768376030237524189,21.09741282087052,10.38145259000706,1.7988211250061135,1.8247575416772048,2
1768376030294358542,21.09741282087052,10.38145259000706,1.7988211250061135,1.8247575416772048,2
1768376030363597857,19.758476378225254,10.28851987542152,1.7988211250061135,1.8261171239324807,2
1768376030437803865,19.976654586594698,10.267817299912352,1.7988211250061135,1.8258918623847131,2
1768376030491306339,19.976654586594698,10.267817299912352,1.7988211250061135,1.8258918623847131,2
1768376030637537827,18.70646810329579,10.082624763942954,1.7994339818388794,1.8267095594063443,2
1768376030692778547,18.70646810329579,10.082624763942954,1.7994339818388794,1.8267095594063443,2
1768376030764184057,16.344795947782487,10.290045554420422,1.795176659416983,1.824643944044708,2
1768376030837516824,17.581000944440596,9.992983744230953,1.799011736076839,1.8274993422729566,2
1768376030892053663,17.581000944440596,9.992983744230953,1.799011736076839,1.8274993422729566,2
1768376030962857038,15.619941742256671,10.011574576997202,1.797480755886935,1.8276453219428794,2
1768376031037598558,8.861658301968056,10.284380535882423,1.789330230677221,1.8266889030998754,2
1768376031092826149,8.861658301968056,10.284380535882423,1.789330230677221,1.8266889030998754,2
1768376031163388261,17.63020613509081,10.692067312724998,1.7925907161360504,1.827562205511423,2
1768376031237646435,19.35113451219328,10.291424647418001,1.798003750009846,1.8260158617605153,2
1768376031292762833,19.35113451219328,10.291424647418001,1.798003750009846,1.8260158617605153,2
1768376031363346466,20.132675667272395,10.35290839936856,1.798003750009846,1.8252263689110084,2
1768376031437834422,20.303781853382663,10.397036685717369,1.798003750009846,1.8250557272792467,2
1768376031492256838,20.303781853382663,10.397036685717369,1.798003750009846,1.8250557272792467,2
1768376031562837802,18.752920035036702,10.183162324725794,1.798003750009846,1.8266144955975532,2
1768376031637480622,15.379033450115376,10.148226768998564,1.796004003729318,1.8272946044018796,2
1768376031691628188,15.379033450115376,10.148226768998564,1.796004003729318,1.8272946044018796,2
1768376031762945362,17.62708807807467,9.980939709466934,1.7990226725664795,1.8261739546116749,2
1768376031837501759,12.73446699968428,10.204858184563244,1.7933926760166652,1.8272137131598638,2
1768376031893305501,12.73446699968428,10.204858184563244,1.7933926760166652,1.8272137131598638,2
1768376031962951418,14.464926982328707,9.982133961674636,1.796580704666121,1.8289766371623108,2
1768376032037614373,13.613238796981397,10.252265838866684,1.7939984834726066,1.827107750646567,2
1768376032092707044,13.613238796981397,10.252265838866684,1.7939984834726066,1.827107750646567,2
1768376032162814290,45.800339533142555,8.116944737227676,1.8383056306069339,1.8266069402655387,2
1768376032237904253,12.25423357887201,10.634593177991725,1.7894480800283374,1.8259386220136202,2
1768376032292600333,12.25423357887201,10.634593177991725,1.7894480800283374,1.8259386220136202,2
1768376032362945213,10.513559812850293,10.484533352550205,1.7894480800283374,1.8276816609720288,2
1768376032438285932,12.283019258389816,10.675053635423756,1.7894480800283374,1.8259029742637987,2
1768376032493684205,12.283019258389816,10.675053635423756,1.7894480800283374,1.8259029742637987,2
1768376032562773022,12.239977961864268,10.61418745249302,1.7894480800283374,1.825953302963107,2
1768376032638018357,14.145768244995915,10.920102191997623,1.7894480800283374,1.8240317692914392,2
1768376032693656063,14.145768244995915,10.920102191997623,1.7894480800283374,1.8240317692914392,2
1768376032763208014,11.989557100252624,10.68787269047443,1.7894480800283374,1.8261927339446715,2
1768376032837502502,11.22436280729655,10.546043619531718,1.7894480800283374,1.826973676660335,2
1768376032894013134,11.22436280729655,10.546043619531718,1.7894480800283374,1.826973676660335,2
1768376032963305328,12.628306342536755,10.782043292144783,1.7894480800283374,1.8255526744885342,2
1768376033037407083,13.12971471143487,10.821516314954723,1.7894480800283374,1.8250520344179078,2
1768376033093851637,13.12971471143487,10.821516314954723,1.7894480800283374,1.8250520344179078,2
1768376033163061138,10.9002719128104,10.605577963778744,1.7894480800283374,1.8272813022045415,2
1768376033237710538,11.452786625889777,10.605775518150987,1.7894480800283374,1.826732360083041,2
1768376033293869617,11.452786625889777,10.605775518150987,1.7894480800283374,1.826732360083041,2
1768376033363242189,14.479397240452663,10.915141885338038,1.7894480800283374,1.8236929234445838,2
1768376033437487273,11.145427255555562,10.601048659617893,1.7894480800283374,1.8270408879383768,2
1768376033493812711,11.145427255555562,10.601048659617893,1.7894480800283374,1.8270408879383768,2
1768376033563321232,11.290796800722536,10.617060408991874,1.7894480800283374,1.8268984393641192,2
1768376033763246561,14.220927827262031,10.454125086738413,1.7920516924510268,1.825484920845842,2
1768376033837749895,17.61772244789217,10.013589344308155,1.798690767454205,1.8263583178922906,2
1768376033893556577,17.61772244789217,10.013589344308155,1.798690767454205,1.8263583178922906,2
1768376033963016548,15.283148103842903,10.178712461018595,1.795729388286081,1.8261176364132716,2
1768376034037533203,13.994305798131101,9.954015423166396,1.7964990689749387,1.8274227006506483,2
1768376034094209225,13.994305798131101,9.954015423166396,1.7964990689749387,1.8274227006506483,2
1768376034163062611,15.24001259350305,10.104442496836498,1.7961722046776294,1.825993797400842,2
1768376034363233705,15.82641868127399,10.33379738937225,1.7946383844850655,1.8259804253221337,2
1768376034437715880,8.266554045737173,10.67176438894277,1.786051390173074,1.8273774570135952,2
1768376034494601638,8.266554045737173,10.67176438894277,1.786051390173074,1.8273774570135952,2
1768376034564212111,9.341064061668236,10.84765219015329,1.786051390173074,1.8262994791007108,2
1768376034638107638,8.409886269053812,10.640818845042933,1.786051390173074,1.8272433465846905,2
1768376034694327621,8.409886269053812,10.640818845042933,1.786051390173074,1.8272433465846905,2
1768376034763124464,8.016354326094266,10.72448793957597,1.786051390173074,1.827622750603225,2
1768376034838139734,9.858978160946164,10.879156976550147,1.786051390173074,1.8257674221785225,2
1768376034893674166,9.858978160946164,10.879156976550147,1.786051390173074,1.8257674221785225,2
1768376034963253183,10.583680047846267,10.963995653718381,1.786051390173074,1.825047057534613,2
1768376035037460151,9.466524158619816,10.805124843070631,1.786051390173074,1.826162890238902,2
1768376035095021043,9.466524158619816,10.805124843070631,1.786051390173074,1.826162890238902,2
1768376035163176130,10.000052621607969,10.843416176328303,1.786051390173074,1.8256352932306124,2
1768376035237760426,10.48574110092626,10.962069887663926,1.786051390173074,1.8251506695675617,2
1768376035294811003,10.48574110092626,10.962069887663926,1.786051390173074,1.8251506695675617,2
1768376035362956810,11.70061162796121,11.054234200359268,1.786051390173074,1.8239225214005679,2
1768376035437549693,10.278645155725519,10.918871225149179,1.786051390173074,1.8253541132834363,2
1768376035494269154,10.278645155725519,10.918871225149179,1.786051390173074,1.8253541132834363,2
1768376035562798631,10.144211525271896,10.979625437130723,1.786051390173074,1.8254808097063004,2
1768376035637722016,8.067131894407886,10.723503701754401,1.786051390173074,1.8275844932558958,2
1768376035693604419,8.067131894407886,10.723503701754401,1.786051390173074,1.8275844932558958,2
1768376035763137233,8.58949458661784,10.762477318228504,1.786051390173074,1.8270542710869817,2
1768376035837662440,9.751958402680838,10.817728317902331,1.786051390173074,1.825873831687857,2
1768376036563465634,11.612269341440218,10.590870101093927,1.7898051584429773,1.8246603714112444,2
1768376036763149812,16.657890278928058,10.337382616417456,1.795741316653156,1.8247890822361792,2
1768376036838420108,16.047605330223426,10.08606630260337,1.7970249880362468,1.8264448616652638,2
1768376036895266448,16.047605330223426,10.08606630260337,1.7970249880362468,1.8264448616652638,2
1768376036964398786,18.996276302036375,10.427495526900682,1.7968688771526797,1.8242044172816454,2
1768376037037664566,16.28116682213787,10.06110664041599,1.7972301319839052,1.8261297461205288,2
1768376037094613990,16.28116682213787,10.06110664041599,1.7972301319839052,1.8261297461205288,2
1768376037163216294,17.98425194105957,10.108165247490598,1.7981926072604695,1.826553138906806,2
1768376037237912127,18.0900170167293,10.271672681680224,1.7958968205120143,1.8265885985305428,2
1768376037363220977,13.28855099042614,10.11226913764797,1.7943312873415653,1.8261174990600648,2
1768376037437549723,17.296335780587533,10.059331884685049,1.798124949179991,1.8259895638950563,2
1768376037495639512,17.296335780587533,10.059331884685049,1.798124949179991,1.8259895638950563,2
1768376037563131939,17.490253473730455,10.11971623549486,1.798124949179991,1.8257878725858567,2
1768376037637518913,8.16609145017666,10.992346718586893,1.784049190186474,1.826111991731981,2
1768376037695022449,8.16609145017666,10.992346718586893,1.784049190186474,1.826111991731981,2
1768376037763508758,7.441314435208346,10.890693562608268,1.784049190186474,1.8268425671455581,2
1768376037838292843,8.92289039688321,11.070968082788475,1.784049190186474,1.8253514818721612,2
1768376037895713222,8.92289039688321,11.070968082788475,1.784049190186474,1.8253514818721612,2
1768376037963450913,8.781362933520942,11.033986187168507,1.784049190186474,1.8254980287626716,2
1768376038038057193,9.044559005764397,11.065501113387935,1.784049190186474,1.8252226254511017,2
1768376038088058046,9.044559005764397,11.065501113387935,1.784049190186474,1.8252226254511017,2
1768376038165660076,8.960596731129034,11.025678565030296,1.784049190186474,1.8253272613452645,2
1768376038237874084,7.126900979993023,10.880883703837746,1.784049190186474,1.827161629601296,2
1768376038296248051,7.126900979993023,10.880883703837746,1.784049190186474,1.827161629601296,2
1768376038363237816,7.992032999632803,10.955232615272601,1.784049190186474,1.8262929221370356,2
1768376038437492247,48.3022912580835,7.831051513974797,1.8410152329515461,1.8251772230176264,2
1768376038488274732,48.3022912580835,7.831051513974797,1.8410152329515461,1.8251772230176264,2
1768376038563179588,47.98745499916346,7.852708052535852,1.8410152329515461,1.8254937825958784,2
1768376038637751911,47.96946331587226,7.790276488716234,1.8410152329515461,1.8255178010331652,2
1768376038697236393,47.96946331587226,7.790276488716234,1.8410152329515461,1.8255178010331652,2
1768376038763136003,12.559972304454048,10.641770834092425,1.7903668899151393,1.8263574592000964,2
1768376038837947301,16.96999759571627,10.501591272053505,1.7951451200959112,1.8260127042665377,2
1768376038888437928,16.96999759571627,10.501591272053505,1.7951451200959112,1.8260127042665377,2
1768376039037978914,14.974455469044967,10.07166697021068,1.7967598873311672,1.8275409260178408,2
1768376039088372148,14.974455469044967,10.07166697021068,1.7967598873311672,1.8275409260178408,2
1768376039163423440,19.961360153153418,10.487479629905852,1.7967408017359745,1.825813052987824,2
1768376039237707328,18.0295402813484,10.23020936425536,1.7981464050960874,1.8269048237462338,2
1768376039288217606,18.0295402813484,10.23020936425536,1.7981464050960874,1.8269048237462338,2
1768376039363465635,15.252603027081202,9.834517501717645,1.79838305892956,1.827978882586028,2
1768376039438164115,11.704129851915157,10.1279130654602,1.7930045715197849,1.8264578409050864,2
1768376039495272890,11.704129851915157,10.1279130654602,1.7930045715197849,1.8264578409050864,2
1768376039563051579,13.430142176445559,10.305262467407772,1.7930045715197849,1.8247261571449473,2
1768376039637867054,12.925238224091418,10.089617481170855,1.7942378421225045,1.826410671462638,2
1768376039687857428,12.925238224091418,10.089617481170855,1.7942378421225045,1.826410671462638,2
1768376039838635741,17.681012630193838,10.076069529445766,1.7982166074160104,1.8269250298162842,2
1768376039888147819,17.681012630193838,10.076069529445766,1.7982166074160104,1.8269250298162842,2
1768376039964659576,16.541611081770213,9.97986875570106,1.7982166074160104,1.8280639228522984,2
1768376040037605404,15.95971139866692,10.291402155287411,1.7957393000260693,1.8264899888677357,2
1768376040096091516,15.95971139866692,10.291402155287411,1.7957393000260693,1.8264899888677357,2
1768376040163240257,15.50193279123424,10.202939426311415,1.7948757365358141,1.8252837206741674,2
1768376041437855550,18.120473456661568,10.295627432250859,1.7968635654168241,1.8255957490379051,2
1768376041487858499,18.120473456661568,10.295627432250859,1.7968635654168241,1.8255957490379051,2
1768376041563421506,17.176893637413258,10.212847148944894,1.7968635654168241,1.8265491254473751,2
1768376041688531819,13.637796335009167,9.796033763496409,1.796748030960231,1.8279466373387192,2
1768376041763617001,12.341688550921548,10.285599335940717,1.7923599730832274,1.8266055849838283,2
1768376041963676921,16.93096504289837,10.275486671469944,1.7959084156054343,1.8269086643690824,2
1768376042037944530,18.99911534231702,10.532977064948332,1.7959084156054343,1.8248206675489425,2
1768376042088047909,18.99911534231702,10.532977064948332,1.7959084156054343,1.8248206675489425,2
1768376042363880515,11.151043864949806,10.450851450003011,1.7900521613465457,1.8258720745464705,2
1768376042438677329,10.442782578713672,10.070343702948724,1.7920258610587025,1.8274267721382453,2
1768376042488497000,10.442782578713672,10.070343702948724,1.7920258610587025,1.8274267721382453,2
1768376042563686341,8.471880765377415,10.256989735654237,1.7892618394754354,1.827252421545136,2
1768376042637892986,14.633099589252963,10.299747663877351,1.7942822627595518,1.8260556123235483,2
1768376042687960053,14.633099589252963,10.299747663877351,1.7942822627595518,1.8260556123235483,2
1768376042764510381,13.632941757150574,10.200125404472459,1.7942822627595518,1.8270628049522484,2
1768376042838079758,14.18999664619136,10.245393885047022,1.7942822627595518,1.826501716098463,2
1768376043164786413,18.650639692920244,10.098473135253188,1.7982491860051448,1.8247191264232467,2
1768376043237937849,16.063101627137534,9.883475040857762,1.7982491860051448,1.8273132634248541,2
1768376043287986593,16.063101627137534,9.883475040857762,1.7982491860051448,1.8273132634248541,2
1768376043364081669,11.856023054144682,10.598492386888813,1.7896672981602662,1.825979011307348,2
1768376043437972703,9.991017574028094,10.65385431133017,1.788012618218713,1.8272442196601186,2
1768376043487873398,9.991017574028094,10.65385431133017,1.788012618218713,1.8272442196601186,2
1768376043563925239,9.823890525954226,10.678036157482323,1.788012618218713,1.8273998103414506,2
1768376043638956009,11.449164790950261,10.771949746689128,1.788012618218713,1.825765100267331,2
1768376043687939540,11.449164790950261,10.771949746689128,1.788012618218713,1.825765100267331,2
1768376043764916244,11.571950553848742,10.86238036646921,1.788012618218713,1.8256371857052685,2
1768376043838272483,12.69863033471852,10.894635871110964,1.788012618218713,1.8245139901536642,2
1768376043888207632,10.544155121173793,10.671732695987933,1.788012618218713,1.826678741443576,2
1768376043964806215,11.254382864440693,10.76274263548072,1.788012618218713,1.8259609151997822,2
1768376044163708742,18.823073578235984,10.09516274202388,1.7992840479740544,1.8265393866146356,2
1768376044237908048,19.62756776498198,10.16382321890959,1.7992840479740544,1.8257359956665757,2
1768376044287920794,14.616717148004499,10.137607457579266,1.7950604577479279,1.8263769126925644,2
1768376044438909340,19.7460201405788,10.42071765843392,1.7970041840307742,1.826561643945117,2
1768376044488040311,19.7460201405788,10.42071765843392,1.7970041840307742,1.826561643945117,2
1768376044564333996,16.4308925056742,10.420901749694465,1.7947362082548852,1.8259639120052018,2
1768376044637865063,15.66559995246597,10.13034446968529,1.7963252539376369,1.8273217450098476,2
1768376044688069636,15.66559995246597,10.13034446968529,1.7963252539376369,1.8273217450098476,2
1768376045288119989,14.580821311327874,10.330887631845405,1.7934988594294325,1.8259313338974958,2
1768376045365466469,13.45910001342987,10.251342221762796,1.7934988594294325,1.8270551388253466,2
1768376045566056408,14.408295351811429,10.164579743593029,1.7947811188637521,1.826486554636738,2
1768376045638005606,11.746343577665463,10.20833713048271,1.7923112154753795,1.8268633228005788,2
1768376045688188294,11.746343577665463,10.20833713048271,1.7923112154753795,1.8268633228005788,2
1768376045765126915,13.934783821679453,10.479939286366807,1.7923112154753795,1.8246606529635288,2
1768376045838054372,13.365994495651456,10.469733676287447,1.7923112154753795,1.8252276093093662,2
1768376045887839869,14.023366907967239,10.603752061334642,1.7917507644955828,1.8252276093093662,2
1768376045965246997,11.021460024182916,10.630621220659096,1.7890771397218654,1.825688309986421,2
1768376046038059158,9.54202150248351,10.475455193150365,1.7890771397218654,1.827182036451496,2
1768376046087974279,9.54202150248351,10.475455193150365,1.7890771397218654,1.827182036451496,2
1768376046166722573,9.690771006279242,10.505855556204182,1.7890771397218654,1.827036126776174,2
1768376046238208097,10.680912903064277,10.617501517158757,1.7890771397218654,1.8260293782604082,2
1768376046287923610,8.37662022546204,10.303028834635692,1.7890771397218654,1.8283526672128485,2
1768376046366367859,11.267211991419002,10.551585785760695,1.7890771397218654,1.825451732745858,2
1768376046439167063,10.07464750741427,10.505449152259693,1.7890771397218654,1.826653096724242,2
1768376046488122569,10.07464750741427,10.505449152259693,1.7890771397218654,1.826653096724242,2
1768376046565607383,10.29073787295931,10.529491455689415,1.7890771397218654,1.8264290536835335,2
1768376046637949478,10.133774443850774,10.445948755782789,1.7890771397218654,1.826578293202802,2
1768376046688130107,11.855875631834323,10.69765513152632,1.7890771397218654,1.824856135592341,2
1768376046766054004,10.647484803424812,10.509767792480034,1.7890771397218654,1.8260638255819355,2
1768376046838342739,10.845625562094785,10.577969676668433,1.7890771397218654,1.8258759531431492,2
1768376046887976894,13.127166171184479,10.453633612233137,1.7921137464619736,1.826621310162043,2
1768376047038505383,18.686260387500433,10.150161982591397,1.7985084414197403,1.8261185610112252,2
1768376047087897034,48.438864947888845,7.803030455284362,1.8417484291376962,1.8261185610112252,2
1768376047166554467,15.91690852304728,10.203209710616923,1.7955052112026382,1.8257338245325447,2
1768376047238682412,13.585470556291668,10.351209112405293,1.792581775500147,1.8249393926286201,2
1768376047766473669,10.368749298104829,10.254792704862625,1.790764255490472,1.8269778131762073,2
1768376047838292060,11.153729133043022,10.357249477336259,1.790764255490472,1.8261790624553547,2
1768376047965961198,8.061693398814906,10.656456231215818,1.7864168074276048,1.826843187587825,2
1768376048037990115,12.744896070904899,10.296889458497626,1.7928242447821494,1.8255817072339855,2
1768376048088039341,13.6241695755972,10.099797763164457,1.7951761453711617,1.8267689289302707,2
1768376048166429776,14.802073084312806,10.120909688538577,1.795755754511539,1.8268518918151577,2
1768376048238815944,15.159495093777009,10.133632167451616,1.795755754511539,1.826489372641456,2
1768376048288022698,17.44618975992185,10.142024549666319,1.7974855116701274,1.826489372641456,2
1768376048365120480,19.58863632685448,10.166258535309236,1.7988273073926473,1.826503038508361,2
1768376048438232054,17.0322445278035,10.307715119991617,1.7960955695700864,1.8260344855854191,2
1768376048487805336,11.40882055814596,10.427531647055693,1.7902972559809687,1.825785407123025,2
1768376048566488150,16.612829991685008,9.856948878909721,1.7989158293685645,1.827471140816517,2
1768376048638019939,18.22816835226582,10.089123763082089,1.7989158293685645,1.8258431341048367,2
1768376048687933437,16.30288561439852,9.852559695721066,1.7989158293685645,1.827777416614571,2
1768376048766493031,12.75380216749289,10.486184825892224,1.7913412832779088,1.8265356746222323,2
1768376049488198375,8.758703323461958,10.96348074905473,1.784617186321332,1.8258140416525008,2
1768376049566913852,15.151852191544135,10.157485717113927,1.795340197649395,1.8264573481617123,2
1768376049638170811,15.803938379569393,10.236491871861075,1.795340197649395,1.825798524135559,2
1768376049767082763,14.789700989586763,10.118643035818298,1.7952460639091297,1.8267993171511334,2
1768376049838187986,12.228208129656304,10.542155336309245,1.7906778266212224,1.8258718803003358,2
1768376049887962374,12.111940419141431,10.260011191940938,1.79287910024069,1.8265885625498017,2
1768376049968484269,16.188335021680935,9.888002215803452,1.7982740648582243,1.8281848560800127,2
1768376050367904867,12.921266902659267,10.172187808819409,1.7946883656087014,1.8273390022968963,2
1768376050438436700,12.032783272150072,10.288309622486965,1.791888158780514,1.8258472245809103,2
1768376050567543910,11.812158080988455,10.660695246303263,1.7893943521243667,1.8257994925056895,2
1768376050638192879,12.825780113281837,10.264449077576666,1.793008916302252,1.826919432773695,2
1768376050887879875,16.905632720797037,10.415332762580128,1.795132756764186,1.8254647214447222,2
1768376050966984367,18.630073916225953,10.409879758330792,1.7953777030156506,1.825711573642586,2
1768376051088083163,13.973116788369433,10.281553270364876,1.7935305172836393,1.8255404402977544,2
1768376051238184669,14.494615811094125,10.019596042706231,1.7965415207703965,1.8279899421952692,2
1768376051288098999,17.078673988039306,10.246784993859123,1.7965415207703965,1.8253972673219754,2
1768376051368495271,17.798124132886173,10.318190240351244,1.7965415207703965,1.8246887886297536,2
1768376051567733301,14.080387778307557,10.810208636410174,1.7901836276403498,1.8245610469522255,2
1768376051638421011,11.856787304531213,10.546940974420602,1.7901836276403498,1.8268058549195973,2
1768376051688070450,12.786293722012898,10.663894150688105,1.7901836276403498,1.825864177579663,2
1768376051767987097,12.355679473480707,10.66931341569827,1.7901836276403498,1.8263002706710065,2
1768376051838450247,14.500728682636632,10.85471035191509,1.7901836276403498,1.824132362105143,2
1768376051888055894,13.239818681821225,10.683592200870748,1.7901836276403498,1.8254235506103191,2
1768376051968617909,10.887284932310948,10.410746851191114,1.7901836276403498,1.8277746060510496,2
1768376052038284810,12.883690364595912,10.659897428971414,1.7901836276403498,1.825768711776225,2
1768376052088008243,13.26331443111517,10.74556483456275,1.7901836276403498,1.8253827103950593,2
1768376052167697829,12.830401155917714,10.590718838457427,1.7901836276403498,1.8258275023827282,2
1768376052238079745,10.83227239875062,10.470925025880332,1.7901836276403498,1.827831709496851,2
1768376052288279756,13.193212877379734,10.722847521448633,1.7901836276403498,1.8254543508686576,2
1768376052367959031,13.045059882828891,10.652644073618815,1.7904154061746562,1.8256441700750488,2
1768376052438417368,11.226143250782306,10.495514700224895,1.7904154061746562,1.8274649997771013,2
1768376052487858019,13.36106025102124,10.732303669726608,1.7904154061746562,1.8253149370665833,2
1768376052568647460,12.59818100206922,10.510258878620629,1.7904154061746562,1.8260948391996066,2
1768376052638442114,21.170967296014087,10.882295986857383,1.7946053993124598,1.824092225535426,2
1768376052687970177,20.525803776652253,10.7885232912953,1.7946053993124598,1.824740483104509,2
1768376052767796619,17.533438461611706,10.138435038881097,1.7972126865836635,1.826070389682645,2
1768376052888086594,23.26698868352195,10.723734350698754,1.7973697753837758,1.8236956981205241,2
1768376052968533633,21.51867941397412,10.565094808827572,1.7973697753837758,1.825437433608902,2
1768376053038589704,21.10067456039588,10.406230291714511,1.7973697753837758,1.8258790071945163,2
1768376053088232125,20.258368602731114,10.437828687373523,1.7973697753837758,1.826706996436657,2
1768376053168520088,19.955571543351702,10.320602191420953,1.7973697753837758,1.827021976395691,2
1768376053238450597,20.83361680089446,10.409701592608661,1.7973697753837758,1.826142312041168,2
1768376053288123796,21.389980375391858,10.52310590250901,1.7973697753837758,1.825577969749999,2
1768376053368985892,21.87206331610092,10.574708688254578,1.7973697753837758,1.8250985286443986,2
1768376053438682841,22.295727730434088,10.550026110495569,1.7973697753837758,1.8246745635018542,2
1768376053488067433,19.60028557469751,10.282171251706158,1.7973697753837758,1.8273822634977286,2
1768376053569044766,20.453046277118638,10.346928117463904,1.7973697753837758,1.8265254387806384,2
1768376053638360904,21.04536300636739,10.40721249940407,1.7973697753837758,1.8259325035424585,2
1768376053688069987,23.384485716994252,10.331283920480008,1.800656029966362,1.8254514908559267,2
1768376053769041473,9.46446230527398,10.606814571011205,1.787509120605313,1.8253022306484528,2
1768376054087877732,15.060343674254462,10.360689441282208,1.793987703568522,1.8259984410499372,2
1768376054169893194,16.12181525448797,10.278246296724394,1.7951029079415908,1.8262024384215632,2
1768376054238462510,9.834980453350406,10.7789969492283,1.7865592739332852,1.8254097106197311,2
1768376054288177513,9.354867953337065,10.77084500993528,1.7865592739332852,1.8258955143118816,2
1768376054369303697,10.70318364219447,10.873657310409305,1.7865592739332852,1.8245378005089823,2
1768376054438514473,8.359091766100946,10.596672833245023,1.7865592739332852,1.826892648163847,2
1768376054488129164,8.561363546353506,10.675681979070884,1.7865592739332852,1.8266756139862201,2
1768376054569598730,8.943148310756932,10.642060253703743,1.7865592739332852,1.8263053642597966,2
1768376054638314289,8.538705951130598,10.6740189820929,1.7865592739332852,1.8267086003517035,2
1768376054688202102,8.98038378003152,10.66852488911309,1.7865592739332852,1.8262678367913656,2
1768376054768918174,10.38704694339354,10.826121906865106,1.7865592739332852,1.824856284761234,2
1768376054838275948,9.285114252221227,10.713725066323171,1.7865592739332852,1.8259604300145722,2
1768376054887901437,8.8652130392608,10.632352298319866,1.7865592739332852,1.8263808883421633,2
1768376054969358454,9.040561747382547,10.7205135954074,1.7865592739332852,1.8262004817547626,2
1768376055038862864,11.287252470278508,10.938373281857727,1.7865592739332852,1.8239266401509695,2
1768376055088056431,8.86321318102623,10.681768661212933,1.7865592739332852,1.8263812805428081,2
1768376055169516158,8.781327978223397,10.675163125982664,1.7865592739332852,1.826468765399281,2
1768376055238367643,9.010810193534002,10.727883472063237,1.7865592739332852,1.826226161330374,2
1768376055288000370,8.576362887017464,10.629096835386813,1.7865592739332852,1.8266669085712999,2
1768376055368666361,8.715964784008046,10.643537688898894,1.7865592739332852,1.8265249197858326,2
1768376055438429159,24.440399873163933,10.077374014603137,1.8032587155221333,1.8254299002124212,2
1768376055569758403,4.418711411767973,10.806622321463873,1.7822782053350028,1.8269520395952128,2
1768376055638553618,7.223813475856211,10.992055856880446,1.7822782053350028,1.824125754121141,2
1768376055770026336,17.835194516935935,10.882897665747086,1.7905017346125889,1.8266122573867303,2
1768376055838518598,21.378266403893733,9.940019905337527,1.8019407466665998,1.8263121564120848,2
1768376055887981831,17.57712564091851,9.972667664683293,1.798871733859811,1.8264442015798605,2
1768376055970788099,17.72611441073968,10.016726088283558,1.798871733859811,1.8262962644580694,2
1768376056037909791,17.191840856379372,9.944027165732937,1.798871733859811,1.8268302500454556,2
1768376056087914901,18.818975417494332,10.128300479707262,1.798871733859811,1.825197532402973,2
1768376056169734120,17.78021931015683,10.216979089765891,1.7967072119537015,1.8250715950718064,2
1768376056238049947,19.458328591062333,10.232724366916287,1.7984321852457978,1.8268655154660995,2
1768376056288141619,21.65988090109994,10.843239169350289,1.794781395844566,1.824833977123706,2
1768376056371072351,13.854644617790512,10.082211968343875,1.794826012826644,1.8276006127192248,2
1768376056438811063,14.349659278125149,10.382781128672207,1.7932590776069843,1.826860332085723,2
1768376056488084746,4.869233271304063,10.553628809059713,1.7846679778120702,1.827737742681779,2
1768376056569712649,14.323433983046918,10.119961069617407,1.7954539245082413,1.8257615198918813,2
1768376056638634507,18.965446276787866,9.932886892499122,1.7998948457920954,1.8260329267587245,2
1768376056688138268,55.149470638420574,8.918639168165644,1.7541829314141464,1.8250716727452096,2
1768376056838280895,9.213966986335143,10.155771163917503,1.7907153406901783,1.8279035130154473,2
1768376056888113899,10.817910141713183,10.35564982629211,1.7907153406901783,1.82629853846491,2
1768376056970736828,10.11393707259134,10.248600558964691,1.7907153406901783,1.8269974265004643,2
1768376057038631366,10.536991725711209,10.299310778181123,1.7907153406901783,1.8265728095601304,2
1768376057088126243,11.321863051068082,10.459446871168087,1.7907153406901783,1.8257818486980109,2
1768376057170910740,11.72811652403527,10.483487369834473,1.7907153406901783,1.8253824859225978,2
1768376057238847752,11.992626394047079,10.506987339616646,1.7907153406901783,1.825114572113942,2
1768376057288135389,7.626853342270978,6.673325778799534,1.8296969634526297,1.8261230190237454,2
1768376057371051108,8.305301299370349,6.790267077903172,1.8296969634526297,1.8254470937119711,2
1768376057438422625,7.207640095682422,6.812737736651398,1.8296969634526297,1.8265373491187376,2
1768376057488173421,8.800922340069572,6.697909176124601,1.8296969634526297,1.824944193786509,2
1768376057562971850,7.834602026159931,6.8136084872851015,1.8296969634526297,1.8259111473480756,2
1768376057638180142,7.658268268826873,6.774694747958307,1.8296969634526297,1.8260898234309146,2
1768376057970888158,18.61581726592565,10.659850857755554,1.7934502744036889,1.8278899354662934,2
1768376058038705237,18.720678679104985,10.31681793962741,1.7963640789128805,1.8270251876425414,2
1768376058163769281,16.709032785155344,10.330718193543184,1.795448192192895,1.8254530246693745,2
1768376058370726222,9.925793655550796,10.51411871871019,1.788327058571954,1.8251647342877733,2
1768376058888181979,21.698215561916754,10.55176922678309,1.7971727798944643,1.8253223709706412,2
1768376059038798819,10.472622390513608,10.60548926951409,1.7885426523485008,1.8259137319695153,2
1768376059088670005,14.488075621797547,10.362515490996088,1.7930511720586366,1.8264584356025015,2
1768376059163104071,15.768526352682777,10.166325000230213,1.7952907261427566,1.8258906723167272,2
1768376059239933580,15.091298089012106,10.166161328003415,1.795080642567423,1.8257134611191899,2
1768376059363011203,18.843050877898726,10.25173574862227,1.7979875210110685,1.8252092286223702,2
1768376059438584130,12.820090343679924,10.381891460204745,1.7921830577227078,1.8251231162855488,2
1768376059487951558,12.494596810293634,10.190456761077991,1.7931498274846096,1.8265045187983424,2
1768376059570270008,13.10483923821093,10.236892177254221,1.7931498274846096,1.8258881498662995,2
1768376059639674377,13.940962905227394,10.328892379694054,1.7931498274846096,1.8250472731870364,2
1768376059688070140,13.622813250892207,10.288426535489313,1.7931498274846096,1.8253698949984691,2
1768376059763229384,12.996015197768385,10.249645146709073,1.7931498274846096,1.8260027761450643,2
1768376059838484140,12.757574065510147,10.17541538973276,1.7931498274846096,1.8262437924302317,2
1768376059888015727,13.60551777555763,10.274700899381982,1.7931498274846096,1.8253909871059968,2
1768376059970906167,13.17957808915371,10.25354569238249,1.7931498274846096,1.825820886710703,2
1768376060039453926,12.409805065728419,10.108316900385395,1.7931498274846096,1.8265937435777047,2
1768376060087983769,14.02185601271344,10.335858308878333,1.7931498274846096,1.8249699121789258,2
1768376060171206146,11.9486517398808,10.119490839585033,1.7931498274846096,1.8270572010475632,2
1768376060239118381,12.11982753602281,10.122653208875956,1.7931498274846096,1.8268841358229984,2
1768376060288121207,13.201227838840923,10.276218866214125,1.7931498274846096,1.825791647326812,2
1768376060363266485,11.699068095528231,10.140937151279005,1.7931498274846096,1.8272946644882537,2
1768376060439822717,17.26406885544307,9.912412928157186,1.7991111220536582,1.825419832137028,2
1768376060563447363,10.101709336765907,10.068053529468628,1.7921279159558927,1.8273303267790293,2
1768376060638895145,12.176511605148654,10.261690459608285,1.7913995533915772,1.8248580803266183,2
1768376060688013719,21.595744092322676,11.003614386905799,1.7932666545002771,1.8252048437577346,2
1768376060763735112,22.25616973372846,10.330230937919003,1.7988642359969935,1.825795705383848,2
1768376060840900649,21.074848705846527,10.198263227639833,1.7988642359969935,1.82697225087809,2
1768376060888086851,17.864023749570414,10.146106063455964,1.7980043883085939,1.825656212686146,2
1768376060963745747,15.395772951751319,10.334648404499953,1.7943557788004405,1.8266631643328148,2
1768376061040391280,12.005288248205792,10.455049304902628,1.7905822537964682,1.8268363829234233,2
1768376061088025144,15.880870605965658,10.208931788911046,1.7947750591171732,1.8270065390858432,2
1768376061163272855,18.002894619779887,10.818053643586556,1.7911449708902432,1.8264201526172301,2
1768376061239607895,20.537580440499248,10.91580729162587,1.7929479854248551,1.8254733539059125,2
1768376061288139739,17.811626734624664,10.658377014064612,1.7921953234377253,1.8262672101863207,2
1768376061363174891,19.031257452505336,10.843900431500295,1.7921953234377253,1.8250376037750866,2
1768376061438858540,22.297477693685508,10.640115954509278,1.7971353173230737,1.8250789936287788,2
1768376061488288344,18.823888320413484,10.586487290328147,1.7943700928119768,1.827311019444816,2
1768376061563614651,18.949838438950373,10.640695256545941,1.7943419146582653,1.8269240031532696,2
1768376061763506194,14.845275590797957,10.261628356281113,1.7942900246829423,1.8248457954390265,2
1768376061888133022,18.579170631709996,10.127523805859223,1.798661382768539,1.8260227578075716,2
1768376061963760678,18.88392154740015,9.77850755344552,1.80107734828482,1.827951125937269,2
1768376062041564167,24.9225006492777,10.60306976301281,1.7997853943037123,1.8237658951762128,2
1768376062088094363,21.680942750227807,11.073205468948474,1.7927643912340705,1.8251298700205212,2
1768376062163122720,20.91807463071893,10.954557928958986,1.7927643912340705,1.8258954340603049,2
1768376062363945167,17.501965402998643,9.832233836412426,1.7995463996403562,1.8255779334161109,2
1768376062442158285,16.574914039259703,9.752466270448904,1.7995463996403562,1.8265086752552917,2
1768376062488257486,17.201005330723884,9.773958227459431,1.7995463996403562,1.8258818292677415,2
1768376062563504285,17.415746940689036,9.821783371480699,1.7995463996403562,1.8256643452044348,2
1768376062640151899,15.975181640619285,9.690966394169633,1.7995463996403562,1.8271090080887986,2
1768376062688151621,17.479349163283644,9.84381159986358,1.7995463996403562,1.8255980882665195,2
1768376062888264826,55.101865863805834,7.975970846103654,1.8470155257422516,1.8251589424904409,2
1768376062963515647,52.63052863649831,7.735230648013692,1.8470155257422516,1.8276428410586498,2
1768376063040365100,55.34615132563836,7.969984023050277,1.8470155257422516,1.824931113529066,2
1768376063087898991,56.41716689199261,8.12206527086305,1.8470155257422516,1.8238511457207853,2
1768376063163143487,54.889578754443,7.933480347849643,1.8470155257422516,1.825371745857515,2
1768376063240781990,55.436311638472176,7.958286746010379,1.8470155257422516,1.8248119692438483,2
1768376063288367626,54.218651920873825,7.814342615256154,1.8470155257422516,1.8260465410823528,2
1768376063363153529,53.730035924703714,7.827317958738064,1.8470155257422516,1.8265227194866032,2
1768376063439693669,53.831202571653414,7.877788815257298,1.8470155257422516,1.8264251401559009,2
1768376063488379461,55.6682157359667,8.019948211345381,1.8470155257422516,1.8245915041643312,2
1768376063563195992,54.41502797898745,7.924642067080055,1.8470155257422516,1.8258346747535226,2
1768376063963076350,16.068547540091906,10.395228296477288,1.7943370160820626,1.8244967390704667,2
1768376064088045102,21.29676255113333,10.564165564567114,1.7958835137625238,1.8253979198672026,2
1768376064163004322,24.182407348448898,10.795607955586592,1.797069042469505,1.8233300840314546,2
1768376064240435539,15.573163133941748,9.88415579275842,1.7980990955818863,1.828241245429884,2
1768376064288375927,19.606459403617826,10.026763737451436,1.799860966831804,1.8257474829772729,2
1768376064363016316,18.012316650794613,9.914092113683369,1.799860966831804,1.8273824688791305,2
1768376064444240068,16.406654076125182,9.754404707466357,1.799860966831804,1.8290097842385915,2
1768376064489664787,17.944581573998253,9.92231176945712,1.799860966831804,1.8274408949284606,2
1768376064563359922,21.83369957582393,10.320659947851698,1.7990666767335897,1.8240979133410273,2
1768376064640944899,20.65925107786515,10.33955585714874,1.7990666767335897,1.8252793752869976,2
1768376064688269640,17.888465313997237,10.070311248711821,1.7990666767335897,1.8280867065739643,2
1768376064763074595,23.228558200228065,10.325368855931913,1.800413664417317,1.8245323341542714,2
1768376064841215577,18.29085080444548,10.319812797618228,1.796665581963966,1.8260106068309212,2
1768376064889137007,15.993639269117566,10.084890751981131,1.796665581963966,1.828324859398858,2
1768376064962957590,14.0941486130719,10.250924132608246,1.7939900506464357,1.8257654595980022,2
1768376065039923195,8.07480700703378,10.627414428914083,1.7858246126569777,1.8261354400534013,2
1768376065088248767,17.588791511611966,9.796776744455023,1.8004406243091806,1.8258550326838283,2
1768376065163220328,16.09872504181098,9.62458535344101,1.8004406243091806,1.8273479644964772,2
1768376065245271973,17.491355891780856,9.75909716158564,1.8004406243091806,1.825946839429682,2
1768376065288273080,18.582649192917966,9.878351465204336,1.8004406243091806,1.8248556567283274,2
1768376065363191598,16.14841513040033,9.605604156346779,1.8004406243091806,1.8273057927877787,2
1768376065440654409,18.16996038347085,9.824848272743582,1.8004406243091806,1.8252701089117165,2
1768376065488190882,17.465463422372096,9.733117279570656,1.8004406243091806,1.8259835412341017,2
1768376065563101809,16.72120875781813,9.667271996160606,1.8004406243091806,1.8267338784389917,2
1768376065641852356,17.840603687785837,9.79440960271276,1.8004406243091806,1.825599234501234,2
1768376065688287583,16.214474999544315,9.614810143024714,1.8004406243091806,1.8272363023982268,2
1768376065763262868,16.711516254656722,9.658294421917294,1.8004406243091806,1.8267354180179003,2
1768376065840654231,18.854808070097427,9.901132105532737,1.8004406243091806,1.8245812010905538,2
1768376065888073611,17.18363667421152,9.812273196191367,1.8004406243091806,1.8262483156818585,2
1768376065963083172,15.313486234736828,9.59293385065632,1.8004406243091806,1.828130479978158,2
1768376066040450733,15.66177847784056,9.617802589664684,1.8004406243091806,1.8277747621815827,2
1768376066088091356,17.175273449095528,9.804141503228216,1.8004406243091806,1.8262626974749907,2
1768376066163175336,18.314193121300228,9.814998948137857,1.8004406243091806,1.825129929657868,2
1768376066241584056,16.269550292628665,9.622657148828914,1.8004406243091806,1.827174593494347,2
1768376066288045634,17.9844449091342,9.797253187205085,1.8004406243091806,1.8254571113034652,2
1768376066562944679,15.202167766802166,10.25775650720978,1.7952508273652905,1.8269846904946583,2
1768376066641528634,15.34722486390705,9.990091570085685,1.7967667627827784,1.8269011326308349,2
1768376066841727057,12.261811561332436,10.200756183927618,1.7927269722888215,1.8258504865546152,2
1768376066888350011,11.63565389313126,10.102490287240778,1.7927269722888215,1.8264888089399773,2
1768376066963197652,15.001652027541112,9.77527408805899,1.7982088825651759,1.827816645347035,2
1768376067041934814,15.604624848678084,9.970927889233916,1.797091444254108,1.8253647484745916,2
1768376067241221150,16.39432627328685,10.322988904246627,1.7955238727288891,1.8251554375814771,2
1768376067288589375,15.328655266053648,10.015977077407099,1.7967410753540016,1.8272189545814939,2
1768376067442147419,12.850127888783591,10.254504819062008,1.7925599903842475,1.8266539313245256,2
1768376067688707507,16.59842402182532,10.082501249498863,1.7977318927596027,1.825960447244676,2
1768376067763300006,10.680050025480892,10.16498966875308,1.7909608948708604,1.8260388755929011,2
1768376067842004124,11.500970606951544,10.175256915508434,1.7924855322245996,1.8268753110005822,2
1768376067963313581,17.441346565731266,9.83669014414644,1.7995260327392082,1.8267110860752651,2
1768376068042061981,16.637456905228774,10.113241492202897,1.796695164635317,1.8262762529540877,2
1768376068089808452,18.043273269501725,10.194973771082196,1.7981844431512368,1.8260424446219856,2
1768376068163045416,18.607844375056803,10.245835279972441,1.7981844431512368,1.825481690658283,2
1768376068242552773,17.687816904971676,10.103789539419981,1.7981844431512368,1.8264081659000193,2
1768376068288438740,19.029872403318883,10.278706438550998,1.7981844431512368,1.8250564551198611,2
1768376068363370239,17.00592299346515,10.06426987442949,1.7981844431512368,1.8270844250637732,2
1768376068443464036,17.795280949776338,10.155401495764243,1.7981844431512368,1.8262949628255085,2
1768376068490181024,19.280950160599275,10.239222574550896,1.7981844431512368,1.8248144252679592,2
1768376068562956443,16.661120131979068,10.035492649004143,1.7981844431512368,1.827432495367987,2
1768376068642182770,17.710688229836123,10.056147156314264,1.7981844431512368,1.8263958196971595,2
1768376068688962893,18.75083844266956,10.258294158386366,1.7981844431512368,1.8253362618923432,2
1768376068763074119,16.641871694129673,10.064351601584312,1.7981844431512368,1.8274491365450327,2
1768376068841450851,17.82874750738661,10.135721383060833,1.7981844431512368,1.82627137056153,2
1768376068890149711,16.249968998801823,9.95313956814528,1.7981844431512368,1.8278533836353514,2
1768376068963138235,16.40924588813153,10.00078322983247,1.7981844431512368,1.8276869202246644,2
1768376069041668128,17.31087728492686,10.098986232433079,1.7981844431512368,1.8267848895188523,2
1768376069089431054,18.1801511733517,10.113574232254132,1.7981844431512368,1.825921347531505,2
1768376069163240640,17.357622411266817,10.03706330713683,1.7981844431512368,1.8267471015752588,2
1768376069242205357,18.975243735824378,10.270724356664589,1.7981844431512368,1.8251148505278034,2
1768376069288943719,18.70456010175081,10.195909900057337,1.7981844431512368,1.8253925201837982,2
1768376069363199179,11.943760098117373,10.29494951169667,1.7916981289998768,1.8261152210946274,2
1768376069489776274,14.96490378526194,10.285277269443931,1.7944747869717304,1.8255661994871712,2
1768376069563164554,15.516665636176485,10.412257157878637,1.794258178792348,1.824943862184952,2
1768376069642249300,12.272160894359674,9.977315882034643,1.794196016210089,1.827250501495106,2
1768376069690216551,21.81736494519315,10.73627581561823,1.795931243108575,1.8243379798209893,2
1768376069763195934,19.491155934589834,10.475276560354018,1.795931243108575,1.8266675023146373,2
1768376069842379845,20.35685372616669,10.332574810775945,1.7978829772015046,1.825532083274652,2
1768376069889596559,15.038593020789914,10.229067237125042,1.7943152323116058,1.8268696982292656,2
1768376069963072040,14.959142988848928,10.222162494609107,1.7943152323116058,1.8269535369695529,2
1768376070045561217,14.304621503586246,10.131929698984703,1.7943152323116058,1.82760854181614,2
1768376070090022545,16.157638429313394,10.356706235743149,1.7943152323116058,1.8257406257159512,2
1768376070163183738,15.015064251544086,10.207237839613658,1.7943152323116058,1.826894499616408,2
1768376070244682828,14.679378854642211,9.99301574453558,1.7968335439581353,1.8262847325938347,2
1768376070292941843,8.847547528103128,10.203844397023566,1.7899648423917023,1.827533141886212,2
1768376070363339660,12.879436058311766,10.246245169650178,1.7924689505362295,1.8250903021502742,2
1768376070442774984,12.080494867205083,10.215657506824389,1.7925300793819299,1.8259504522708143,2
1768376070563187189,15.503588036333005,9.936720641905247,1.797786825425345,1.8262132803282862,2
1768376070644132769,14.989096706915062,10.291528055500583,1.7945213332036054,1.826417314295288,2
1768376070843657396,10.294066680640368,10.400192047694182,1.7898769193083506,1.826747310195914,2
1768376070890192831,10.15022366279772,10.336227810775693,1.7898769193083506,1.8268955960745727,2
1768376070963351865,10.53817008913005,10.306198456481502,1.7909782626010655,1.8263091501834827,2
1768376071242941760,48.29924968811095,7.518542505851985,1.8437194929060117,1.8269819503831162,2
1768376071290191740,51.24996016620065,7.818236699450408,1.8437194929060117,1.8240236451839424,2
1768376071363127441,50.49334100956537,7.786219029076816,1.8437194929060117,1.824788652446028,2
1768376071444073952,49.28968680740198,7.571896858923993,1.8437194929060117,1.8259909957462588,2
1768376071490187532,51.26025575824977,7.840058912002815,1.8437194929060117,1.8240220522273747,2
1768376071563217149,48.169262886901485,7.538306698843783,1.8437194929060117,1.8271212712887734,2
1768376071646196532,49.05929470843429,7.619024478333498,1.8437194929060117,1.826223612276412,2
1768376071691372348,49.19352703188862,7.537704261327633,1.8437194929060117,1.8260856711299134,2
1768376071763131514,48.56541857749708,7.484931144439119,1.8437194929060117,1.8267215609366418,2
1768376071844731718,48.49819741268435,7.477491792161041,1.8437194929060117,1.82677998703565,2
1768376071890849178,47.65533863576032,7.430999558471201,1.8437194929060117,1.827629123537059,2
1768376071963109734,49.681032133984004,7.676714533598444,1.8437194929060117,1.825600560708406,2
1768376072045985763,50.0902454784955,7.679914118562613,1.8437194929060117,1.8251818944008453,2
1768376072091876127,48.820007535999686,7.5817318335940005,1.8437194929060117,1.8264580496982015,2
1768376072163289616,49.77055914388862,7.711823373804312,1.8437194929060117,1.8255140932389413,2
1768376072243402098,48.976087570336446,7.530392600364992,1.8437194929060117,1.826305300811234,2
1768376072290730222,49.37709968981285,7.604564766154891,1.8437194929060117,1.825902966126646,2
1768376072363210581,48.75474062442442,7.50193695966732,1.8437194929060117,1.82653119903975,2
1768376072443554755,48.95477475140231,7.6033081015710975,1.8437194929060117,1.8263359811159556,2
1768376072491306727,13.188887906170121,10.267615136370965,1.7934385854807597,1.8273039611955797,2
1768376072563137421,14.007348551305032,10.335074448119155,1.7934385854807597,1.826490041787744,2
1768376072642976826,17.58289396596302,9.906089214999197,1.7998298828300905,1.8261015517457364,2
1768376072690213320,12.826432012903455,9.873598970436692,1.7952132805298038,1.8275720341881019,2
1768376072763194927,12.585352425244167,10.501625002261612,1.7906596765222822,1.8255783713030487,2
1768376072892397602,14.525762425298572,10.049765702290006,1.795558735596162,1.827787280984683,2
1768376073044288748,14.3994860984058,10.177832277961464,1.794125834638665,1.8261595441357725,2
1768376073090204086,13.46406989381932,10.09701537747806,1.794125834638665,1.8270947632515118,2
1768376073163113250,14.46642316329716,10.073137774046234,1.7956340450195036,1.8276667971924823,2
1768376073245141140,15.493846294772684,10.260089644366083,1.7956340450195036,1.8266261522702367,2
1768376073363147799,15.150352709867976,10.246509754236957,1.7947932333420122,1.8256695121340991,2
1768376073491614016,13.372293180209383,10.338839176905687,1.7927144277587777,1.827250263611674,2
1768376073644979130,12.865919449694063,10.306957248290463,1.7925356996671693,1.8251755736455584,2
1768376073691473283,16.434046662717748,9.877144938533965,1.799458248612632,1.8271695616589316,2
1768376073763290671,17.423761889833635,9.942830859329858,1.799458248612632,1.8261816299272373,2
1768376073844870332,16.199060939800837,9.800424237168047,1.799458248612632,1.8274078953267625,2
1768376073963339211,13.544048680566911,10.699454898022687,1.7899328522636224,1.8243915854280213,2
1768376074044182574,10.405181697660026,10.351482337174984,1.7899328522636224,1.8275467187812737,2
1768376074091559197,10.842310599080918,10.422097105156519,1.7899328522636224,1.82710308303599,2
1768376074163373611,11.91091919005638,10.479494123580459,1.7899328522636224,1.8260330137904524,2
1768376074244659070,13.221547517782595,10.682677418844682,1.7899328522636224,1.8247252323958634,2
1768376074291443738,10.646601637800845,10.413318509278774,1.7899328522636224,1.8273115216861646,2
1768376074363481777,10.972048947364366,10.484223856160469,1.7899328522636224,1.8269719126978199,2
1768376074445140516,10.935758551114505,10.442404942632093,1.7899328522636224,1.827019711388413,2
1768376074492153734,12.78003905490599,10.659087764545902,1.7899328522636224,1.8251519484176797,2
1768376074563207206,13.235297371924082,10.721041126959536,1.7899328522636224,1.824700962416536,2
1768376074645126268,11.669348327044693,10.561041903979705,1.7899328522636224,1.8262748387387868,2
1768376074691964378,10.293505957740035,10.421659499600072,1.7899328522636224,1.8276580101509858,2
1768376074763720381,12.68063256342944,10.644793632290327,1.7899328522636224,1.8252534183888263,2
1768376074845695450,10.206237222268655,10.328291868995082,1.7899328522636224,1.8277404118154146,2
1768376074888937641,11.872706547635392,10.537145690327646,1.7899328522636224,1.8260710736693524,2
1768376074963136300,9.72592838080888,10.379181254878713,1.7899328522636224,1.8282332740409237,2
1768376075045421877,12.580937404331305,10.254177648796546,1.792831759109009,1.826722138474757,2
1768376075092456713,13.73769882304443,10.352374594905259,1.792831759109009,1.8255626724636338,2
1768376075163326518,11.244473060949778,10.521616053858683,1.7896935374897989,1.8265785311562759,2
1768376075246022051,12.067759586622318,10.585347450012236,1.7896935374897989,1.8257523191108436,2
1768376075292291394,9.826865942061946,10.293007972708315,1.7896935374897989,1.8280180731302242,2
1768376075444789779,16.312754195629388,10.12853238499151,1.7969609002724745,1.8263021677481535,2
1768376075491455138,14.135430959540507,10.162442343248761,1.7942579228669286,1.825152531940904,2
1768376075563120451,16.66761830361585,10.546428680623235,1.79407513364376,1.8256580931162965,2
1768376075645947431,18.151596715783704,10.706296131889633,1.79407513364376,1.8241747764000986,2
1768376075692360029,13.960840289678922,10.095945643881914,1.794520792932181,1.826448807223742,2
1768376075846858964,13.647236585933031,10.035475571056994,1.7948312229429741,1.8267357359851215,2
1768376075892307444,15.145114691070605,10.4587368305713,1.7936504607558839,1.8250457169456724,2
1768376075963140736,15.188276819277258,10.251321848763162,1.7942286826846396,1.8252291700464733,2
1768376076091946159,16.162307409422816,10.065599903412155,1.7976770432355194,1.8265528719291164,2
1768376076163140773,13.886925262475147,10.209019871069653,1.7941010365151278,1.8270346518944245,2
1768376076244832899,13.6258455100422,10.163440040655138,1.7941559904299567,1.8265248817922022,2
1768376076292618799,14.72812818113578,10.292713406965786,1.7945049678201346,1.8265543298773046,2
1768376076363248661,15.521743269090615,10.581717272393858,1.7929830302305967,1.8251650739575371,2
1768376076846058238,15.71037012166654,10.171389161039594,1.7955522111630626,1.8256125766913,2
1768376076888879286,10.92642580997416,10.584853602106017,1.7892089134630171,1.826520276673049,2
1768376076963089046,10.677715149220335,10.548972871074662,1.7892089134630171,1.8267615069118572,2
1768376077045233731,10.002004569782175,10.474173246664602,1.7892089134630171,1.8274407752068922,2
1768376077091972910,11.026169013697018,10.507912745726248,1.7892089134630171,1.8264039388941826,2
1768376077163328787,10.613485008889256,10.511690638153308,1.7892089134630171,1.8268309158588572,2
1768376077245848129,9.747807749263426,10.39398479466562,1.7892089134630171,1.8276913235330634,2
1768376077288298841,12.845963403947058,10.745597389500562,1.7892089134630171,1.824588702364546,2
1768376077363338887,12.004275158875144,10.677053132035569,1.7892089134630171,1.8254300055534376,2
1768376077446380304,11.277882711842713,10.596939797376677,1.7892089134630171,1.8261599117270244,2
1768376077492964082,11.30700353233527,10.631222261232198,1.7892089134630171,1.8261208349407956,2
1768376077563134252,11.034555630714538,10.603862546607512,1.7892089134630171,1.8264020383412842,2
1768376077646017072,10.292596397052822,10.489435082807221,1.7892089134630171,1.8271534104533016,2
1768376077692929130,47.93902453366306,7.684194131422754,1.8418011145666422,1.8259356173844221,2
1768376077763337782,50.552393042891275,8.298325731202187,1.8404223262964805,1.824166727630662,2
1768376077838520371,46.34921397995462,7.868088373881487,1.8404223262964805,1.8283570106340643,2
1768376077888737203,47.51793906962875,7.960578561958201,1.8404223262964805,1.8271926548169797,2
1768376077963014362,47.17868523622948,8.02653086517505,1.8404223262964805,1.8275503768564778,2
1768376078046265556,49.557721928563666,8.205542575349728,1.8404223262964805,1.8251535012813638,2
1768376078088803312,47.054081644381185,7.875054073684421,1.8404223262964805,1.8276394034207373,2
1768376078163158673,12.690231701033339,10.018531720379736,1.7946666967745766,1.8271936296476259,2
1768376078238654310,13.893644218262224,10.438413686189811,1.7925837368519915,1.825475578421657,2
1768376078363128231,13.391906502133732,10.089446985624772,1.7947469843118535,1.826609342359167,2
1768376078446711263,16.829619039156142,9.808774878295972,1.7995192733657701,1.826737825814233,2
1768376078493079428,13.248052936112309,10.234433308114108,1.79329168974103,1.8263320981566862,2
1768376078563336370,11.787956121534604,10.347342270316172,1.7916145583650844,1.8259231377028782,2
1768376078639046192,11.028422154236939,10.21055077468107,1.7916145583650844,1.8266968326764546,2
1768376078888696317,16.352567037092314,10.003888588289303,1.7977275198759601,1.8262824377102305,2
1768376079038772186,12.703024167097565,10.089202840059682,1.7945349703326519,1.827728744138295,2
1768376079088354778,10.975975050706799,10.45380016587784,1.7900659929738723,1.8265389371991678,2
1768376079438145973,14.240327131151087,10.376691657300245,1.79303996386631,1.8254388676111275,2
1768376079488571351,12.62991551142889,10.675144376995238,1.7900108660552783,1.8254513927568237,2
1768376079563298609,11.426493756977019,10.483740037816494,1.7905072847426033,1.82570605029845,2
1768376079647043219,11.225796360045504,10.38566906037954,1.7905072847426033,1.8259130469139948,2
1768376079689011548,10.524018149280723,10.296986853156872,1.7905072847426033,1.8266219551014746,2
1768376079763077649,11.23721031170466,10.397142718815001,1.7905072847426033,1.8259096554442193,2
1768376079838855980,8.481838648328521,10.058303659118396,1.7905072847426033,1.8286771410363718,2
1768376079888362000,10.406778457736632,10.24198452945915,1.7905072847426033,1.8267450395365423,2
1768376079963276810,11.58584003027796,10.42946684397373,1.7905072847426033,1.8255497879459062,2
1768376080038578436,11.501672865739332,10.380518628383463,1.7905072847426033,1.8256388969469315,2
1768376080088421435,11.0316921439364,10.301354153483386,1.7905072847426033,1.8261160425060055,2
1768376080163203662,10.11133551784571,10.261360312723443,1.7905072847426033,1.8270335928883692,2
1768376080238437225,11.522958813603879,10.401101707534547,1.7905072847426033,1.8256273477208305,2
1768376080288888490,12.108439126167214,10.51191009705473,1.7905072847426033,1.825037820824857,2
1768376080363186426,10.879854914448428,10.276281579818523,1.7905072847426033,1.8262716658766458,2
1768376080438889022,10.03162701085003,10.236391636147445,1.7905072847426033,1.827110347667239,2
1768376080488661167,10.348488079097162,10.272863325036631,1.7905072847426033,1.8267939131564879,2
1768376080563439972,10.901625984764518,10.402440362809026,1.7905072847426033,1.8262363724917838,2
1768376080638589917,10.831920590401056,10.306759189062134,1.7905072847426033,1.8263086487825657,2
1768376080688669064,9.696856667244846,10.172184091858494,1.7905072847426033,1.8274506561415862,2
1768376080763150576,11.024299176413122,10.368644764920482,1.7905072847426033,1.8261212781159317,2
1768376080963499945,13.389321102597274,10.252815556634081,1.7937733458113168,1.8262155985178592,2
1768376081038348759,13.897310723151257,10.224300037390297,1.7937733458113168,1.8257217161654846,2
1768376081088322325,13.192601651614844,10.187606386761727,1.7937733458113168,1.8264104118052276,2
1768376081288758546,16.136709079898502,9.989302762937031,1.797299669758109,1.8262559566774321,2
1768376081363522365,17.42637553196613,10.15174501100375,1.7965677151072819,1.8265583337290903,2
1768376081438299313,17.34894418218369,10.359923392798349,1.7955032442452195,1.8248984527765764,2
1768376081488522167,16.69877061444236,10.301993248725884,1.7955032442452195,1.8255576222646495,2
1768376081638324515,16.92453539627237,10.232067585939234,1.7970821324471498,1.826530179428812,2
1768376081688570555,15.28057676554595,10.110369504873745,1.796375940134801,1.8273526894260559,2
1768376081763494420,17.32492392589302,10.166124750488466,1.797292028479457,1.8259630065879098,2
1768376081838314103,17.093837623560315,10.101027410388527,1.797292028479457,1.8262035452822347,2
1768376081888226775,16.14282227764674,9.874519764041342,1.7981316142315986,1.8269537099929554,2
1768376082089055471,15.093156773298366,10.050656667258844,1.7957220395700804,1.8267060156017414,2
1768376082238185691,17.47759907414803,10.227221133328758,1.7973540759498494,1.8258601104377774,2
1768376082288760032,18.20086448732927,10.265988060828317,1.7973540759498494,1.825136855968069,2
1768376082438429989,14.809119157440431,10.165299702034979,1.7952410567468187,1.826198381272716,2
1768376082489015941,14.369425010528403,10.111698670493675,1.7952410567468187,1.8266372355356886,2
1768376082563327258,14.723783014939595,10.173388037490982,1.7952410567468187,1.8262819912773973,2
1768376082638281591,15.071635334242606,10.22533319592008,1.7952410567468187,1.8259318909037852,2
1768376082688362585,15.502188634041403,10.259823667186012,1.7952410567468187,1.8254933329519292,2
1768376082763651808,15.789223489772741,10.25089801057244,1.7952410567468187,1.8252184379604905,2
1768376082838490615,14.272640052618746,10.089511503334032,1.7952410567468187,1.8267341777397208,2
1768376082888598090,13.39231909387717,9.980137934860991,1.7952410567468187,1.8276336577961092,2
1768376082963678760,17.536647151714433,10.463180581221875,1.7952410567468187,1.8234506043721308,2
1768376083038883868,16.83990342404651,10.360430094168086,1.7952410567468187,1.824161430303412,2
1768376083088406225,13.405108907082797,9.998673849278271,1.7952410567468187,1.827610076428658,2
1768376083163629461,14.28277983099302,10.1058518271561,1.7952410567468187,1.8267305131153977,2
1768376083238220827,15.077226392958387,10.167116521000189,1.7952410567468187,1.8259350746345666,2
1768376083288358015,16.20388067898304,10.368833042404273,1.7952410567468187,1.8247956351842565,2
1768376083363320249,14.12388442026069,10.096963373245508,1.7952410567468187,1.8268824419884246,2
1768376083438062239,16.13865859073993,10.286485742297975,1.7952410567468187,1.824862339201925,2
1768376083488845619,14.419776914371463,10.140681346581928,1.7952410567468187,1.8265859845732118,2
1768376083563173018,15.651239039031095,10.26585131256213,1.7952410567468187,1.8253518591638471,2
1768376083638864825,14.493419259310691,10.16214536303257,1.7952410567468187,1.826512650892648,2
1768376083688699690,15.413731342647896,10.242200139588508,1.7952410567468187,1.8255969246966184,2
1768376083763835086,14.699501122270808,10.085284819456126,1.7952410567468187,1.8263218933480787,2
1768376083838185316,15.430374494380228,10.185457657270664,1.7952410567468187,1.8255816384595112,2
1768376083888262684,13.642780865478432,10.277413022947727,1.7935528430644083,1.825926600258364,2
1768376084038212451,18.21273559089942,10.374016599435324,1.796451333212365,1.8241641531588364,2
1768376084088267061,14.841681143192176,9.830691890990577,1.7976360322030889,1.8273000527096943,2
1768376084363448555,21.005692789314967,10.121038846914836,1.800800587676754,1.825013333730622,2
1768376084438428836,17.50429085059446,10.030057828632673,1.7984676153170254,1.8273892323423402,2
1768376084488119172,17.813092884038983,10.049226770780997,1.7985254881477815,1.825503509394817,2
1768376084563417446,18.690594971873196,9.83429303850429,1.8009805991246222,1.8266533144259072,2
1768376084638183202,18.822136384590628,9.775576607385805,1.8009805991246222,1.8265281264475175,2
1768376084688470261,16.861017735635862,10.220865772475973,1.7964469785817996,1.8264584844907674,2
1768376084763601938,15.311629057939813,10.315985956219722,1.794645574248173,1.8263971978269697,2
1768376084888430632,16.31095475530153,9.812604966315895,1.7984212919457983,1.8275617401323756,2
1768376085038177489,13.609603208135201,10.198410587668816,1.7939233881855876,1.8266448926654562,2
1768376085088326844,12.996688312127969,10.294398248593907,1.7926224346885054,1.8259166687463682,2
1768376085163794481,12.909653508570429,10.19946711918799,1.7926224346885054,1.8259968196133265,2
1768376085238401123,16.659162280706408,9.899687414667078,1.798852064443146,1.8256863958630307,2
1768376085288730809,13.87091945060348,10.096195310389763,1.7946912041922143,1.826582223528626,2
1768376085363222357,15.43512590964613,10.260494250544479,1.7946912041922143,1.8250158796548446,2
1768376086965918112,12.898382357746652,10.234610573620332,1.7931575390791399,1.8260746744919254,2
1768376087164698604,16.453527812066326,10.281581956920009,1.7955281091490156,1.8252137792190393,2
1768376087238297601,11.93318869928861,10.393138277939277,1.7914272017168609,1.826363144393844,2
1768376087288634713,17.884150892734098,10.322046740719879,1.7965982203179882,1.8247291990858727,2
1768376087488638106,18.124908768027083,10.16097014626125,1.7980568796345664,1.8257544781452266,2
1768376087563510794,16.48546714380639,9.972864229240583,1.7980568796345664,1.8273993368122863,2
1768376087638345339,16.080295748996278,9.940723914239857,1.7980568796345664,1.827809829198462,2
1768376087688687477,46.15371722350092,7.867064755907063,1.8400374300583306,1.8276543883866374,2
1768376087763627998,46.499052733770974,7.992136278664711,1.8400374300583306,1.8273083902207057,2
1768376087838347633,47.085508382412215,7.93256129780046,1.8400374300583306,1.8267309277060422,2
1768376087888448956,46.19683127137875,7.858125999073123,1.8400374300583306,1.827617302269623,2
1768376087965288269,15.242674723029648,9.937539306304323,1.7972179144594889,1.8269650291099906,2
1768376088038302175,16.653550983437793,10.066351227112772,1.7971436383892814,1.826541167273728,2
1768376088088431982,18.2062573781967,10.070709650123442,1.797975493276807,1.8262902609398821,2
1768376088164494732,16.92553945749986,10.229636000595747,1.7965772454835658,1.8260089728200948,2
1768376088288441185,14.112402258874779,9.857184648537404,1.7969727575751486,1.827683887477721,2
1768376088364785472,15.337586424824634,9.993625957962951,1.7969727575751486,1.826450405309902,2
1768376090166976320,13.749391737342131,10.244537030506786,1.7944987642075427,1.8267113452659889,2
1768376090238279974,14.642669002157715,10.18405187297286,1.7944987642075427,1.8258345609753401,2
1768376090288711985,11.039546697297009,10.132942294710789,1.792666953739802,1.8280133547944826,2
1768376090564968522,18.315044348713005,10.02844469409423,1.7984226974565494,1.8255763773509557,2
1768376090638254602,15.359665868762473,10.270511644124083,1.7942364144203433,1.8265233207909668,2
1768376090688380376,18.04739782400744,10.219217132463749,1.7978005827590215,1.826204221342466,2
1768376090765764831,18.798626276041787,10.158833760158863,1.7986286884175884,1.8246593651802832,2
1768376090838361239,18.21874887222763,10.029629372422814,1.7986286884175884,1.8252578224291398,2
1768376090888451826,16.74574015264629,10.31090964782918,1.7955790214391023,1.8255972359517647,2
1768376090968424372,15.961315215036853,10.278518945846686,1.7955790214391023,1.8263907759404792,2
1768376091288880759,8.236743328215779,10.383060139085043,1.787864641615352,1.8268704933678177,2
1768376091888756515,10.043777819346511,6.517581606812812,1.8336778077586042,1.8269947355443825,2
1768376092766569827,13.279780049386458,10.427817202067036,1.791777582392228,1.825385558472383,2
1768376092840047615,13.414270584040322,10.312407471480158,1.7929337139425823,1.8258775878973117,2
1768376092888881567,13.711313933076452,10.367027374506916,1.7929337139425823,1.8255841550906107,2
1768376092966758732,14.503629906928328,10.198904323549213,1.7944726906290254,1.825574185461245,2
1768376093038290358,10.865346139236953,10.171676563044896,1.7919993334463613,1.8272288472192357,2
1768376093238414508,16.84661598269299,10.18647012230478,1.7966504359550173,1.8258075009684742,2
1768376093288433491,16.862148499646512,9.96847933171656,1.798000512605646,1.826873843696689,2
1768376093438342787,19.23023837143001,10.185586404733245,1.7990815614894309,1.8257718635569953,2
1768376093488435664,17.326744253187698,10.028343883252907,1.7985365637437563,1.8274380832167925,2
1768376093566334264,19.5865183687971,10.287935991247389,1.7985365637437563,1.8251703541009872,2
1768376093638691473,19.74005607925755,9.948450378436391,1.8006905970552978,1.8264863251387706,2
1768376093688693591,17.459597907485637,9.710135192857843,1.8006905970552978,1.8287708677159182,2
1768376093766615492,13.204247855817641,9.918683387252074,1.7955760936797935,1.8268910794872066,2
1768376093838360361,11.844323229723175,10.30070589248478,1.7923758296727466,1.827026272010135,2
1768376093888384146,13.606992245789762,9.999464636197946,1.7946084829134288,1.8263488586945675,2
1768376093966720085,16.40362546558638,10.451331243417611,1.7946311354314761,1.8243471317531799,2
1768376094038539098,15.111149553829861,10.323821688289376,1.7946311354314761,1.8256437724820946,2
1768376094088529875,13.974231932409653,10.139098616588983,1.7946311354314761,1.8267919978643508,2
1768376094166190910,14.560716197748569,10.232474935559232,1.7946311354314761,1.8262042876854552,2
1768376094238472135,13.410335217708402,10.106420957658955,1.7946311354314761,1.827351578604792,2
1768376094288291779,14.393750408768557,10.296023161215109,1.7946311354314761,1.8263508690135541,2
1768376094367257873,13.922565343914783,10.167636784362863,1.7946311354314761,1.8268372977090488,2
1768376094438786506,13.33579718624156,10.080442230185035,1.7946311354314761,1.8274241741348405,2
1768376094488753870,14.75069763287995,10.245018992216925,1.7946311354314761,1.826011187653974,2
1768376094567159141,13.758305677706195,10.157522888690247,1.7946311354314761,1.827006164266446,2
1768376094638465127,6.856416889329253,6.615254525669412,1.8294765542973557,1.8262858779772795,2
1768376094688637401,7.990392792764034,6.512197452894039,1.8294765542973557,1.8251378095893784,2
1768376094767322621,6.01611623194942,6.712201048625883,1.8294765542973557,1.827136730198281,2
1768376094838857140,6.038215805357572,6.689499947139243,1.8294765542973557,1.8271028556549653,2
1768376094888403987,7.581265344575483,6.503574938962769,1.8294765542973557,1.8255579351891245,2
1768376094966682092,7.1702445757100275,6.589718726545535,1.8294765542973557,1.825968981842239,2
1768376095038677224,5.41051877313059,6.801727510610057,1.8294765542973557,1.8277419374782455,2
1768376095088458638,7.895749593305634,6.617668290138244,1.8294765542973557,1.8252396096033952,2
1768376095167047832,6.204024854845391,6.686338248939355,1.8294765542973557,1.826941115686011,2
1768376095238425627,7.2956067858489515,6.645902786992858,1.8294765542973557,1.8258454909729667,2
1768376095288879229,5.766950741607602,6.740315830086622,1.8294765542973557,1.8273757249566753,2
1768376095367409710,7.945725676838267,6.633407747525396,1.8294765542973557,1.825194600271073,2
1768376095438395309,7.750850163858125,6.619602700361804,1.8294765542973557,1.8253824964807228,2
1768376095488494147,7.473657602968142,6.54511116481089,1.8294765542973557,1.825664420414436,2
1768376095568410908,4.442498616858304,6.897629994915518,1.8294765542973557,1.828714040483595,2
1768376095638385423,11.432013738688962,10.295491622736632,1.7914913966483552,1.8262127573852138,2
1768376095688541088,11.12509238154824,10.220373448771612,1.7914913966483552,1.8265230458129627,2
1768376095763322672,11.055696644847401,10.330652421848704,1.7915909648002846,1.8275125540665214,2
1768376095838663297,10.400424843789224,10.250942552967711,1.7911254200056081,1.8269484207006237,2
1768376095888782768,15.633930796605355,9.984770437830194,1.7973261953131734,1.827752109414875,2
1768376096238352374,11.80319674822572,10.210480461583854,1.7927738859871503,1.8262348518429887,2
1768376099563516734,14.99437320818875,9.910610394970195,1.7967554233000145,1.8257884680010075,2
1768376099638488509,14.169045116768864,9.862524534669726,1.7967554233000145,1.8266159013568628,2
1768376099688231541,14.422790199590807,9.901311999528446,1.7967554233000145,1.826359159818965,2
1768376099763642528,12.845399036346405,9.715940729846581,1.7967554233000145,1.827948384113801,2
1768376099838415510,13.473142889037337,9.804592357387058,1.7967554233000145,1.827314485498678,2
1768376099888423678,15.289267451767952,10.025173082942706,1.7967554233000145,1.8254926759898844,2
1768376099963529313,13.894168864218015,9.782943186564683,1.7967554233000145,1.8269006017227043,2
1768376100038548788,15.228982788393353,9.953020888239147,1.7967554233000145,1.8255629749530222,2
1768376100088575303,13.632424545227284,9.781753197094558,1.7967554233000145,1.8271634105488275,2
1768376100163657552,16.65987589907769,10.137711474601439,1.7967554233000145,1.8241125996472463,2
1768376100238423993,13.68604971570142,9.842393230813107,1.7967554233000145,1.8271003051190826,2
1768376100288438162,13.816888958668061,9.812200882982284,1.7967554233000145,1.8269652419535751,2
1768376100363858508,15.152849283803782,9.995144371025772,1.7967554233000145,1.8256281713752622,2
1768376100438981674,14.465633478935258,9.93182945243575,1.7967554233000145,1.826318711925614,2
1768376100488556566,15.073870184636018,9.994524407380696,1.7967554233000145,1.82570948251501,2
1768376100563313987,15.096118091442845,9.980822619270887,1.7967554233000145,1.8256881853695228,2
1768376100638334632,14.977204596430704,9.950640496894415,1.7967554233000145,1.8258065325751875,2
1768376100688472505,13.713184147759128,9.811537982022315,1.7967554233000145,1.8270762750476424,2
1768376100763943193,14.772393922411364,9.92958282020126,1.7967554233000145,1.8260112775517376,2
1768376100838770987,13.054229350264457,9.69145881381189,1.7967554233000145,1.8277413824763955,2
1768376100888738874,14.318380891617188,9.835335445110957,1.7967554233000145,1.8264773274861623,2
1768376100963473974,14.62842842433032,9.924336801521402,1.7967554233000145,1.8261571756180432,2
1768376101488939146,20.823254886565003,10.053401524531344,1.80085223706287,1.8256646424991085,2
1768376101563450282,20.68656161731863,10.045346755222418,1.80085223706287,1.8258031369988281,2
1768376101638382147,18.446090320730633,9.770087653407456,1.80085223706287,1.8280565937234567,2
1768376101688928072,18.016179370635044,9.765990194350447,1.80085223706287,1.8284816867780704,2
1768376101764170769,20.84881894211721,10.07358214355806,1.80085223706287,1.8256356710335473,2
1768376101838921127,20.868382483876236,10.004398477983775,1.80085223706287,1.8256281337777556,2
1768376101888617409,19.477964903833467,9.890115759311445,1.80085223706287,1.8270225807103355,2
1768376101963682503,19.53484196935684,9.894982049595173,1.80085223706287,1.8269637254498992,2
1768376102039606549,19.812620206099307,9.929574613261455,1.80085223706287,1.826681074296472,2
1768376102088416331,20.742329525598848,10.057160496612962,1.80085223706287,1.8257466147987906,2
1768376102163509142,19.059227030183923,9.71546535415256,1.8018876211635604,1.8271017652046568,2
1768376102363497815,11.748451937415583,10.208693046569149,1.7922541839772252,1.8266353999528349,2
1768376102438428270,13.455572962608464,10.343702590548716,1.7928672776083157,1.8259847661817845,2
1768376102489135512,10.787379776872053,10.071542462651335,1.7928672776083157,1.8286693681071866,2
1768376102564052169,12.451293455544965,10.163196936994735,1.7928672776083157,1.8270012962328583,2
1768376102638575719,12.49624870372923,10.303505231195972,1.7928672776083157,1.8269451324233419,2
1768376102688557283,13.195845980727094,10.226173738850177,1.7928672776083157,1.8262539986926458,2
1768376102763544403,14.28841429373251,10.349846404863712,1.7928672776083157,1.8251556484098879,2
1768376102838605288,12.749486447971137,10.250710633605449,1.7928672776083157,1.8266894192516396,2
1768376102888408874,13.596975978868775,10.364174202994812,1.7928672776083157,1.825849109082129,2
1768376102963455429,14.026439118220546,10.384809402409655,1.7928672776083157,1.8254079144251039,2
1768376103038730978,14.35211097848299,10.426732848806942,1.7928672776083157,1.8250879101035336,2
1768376103088562946,11.72196177465068,10.14570411012016,1.7928672776083157,1.8277322053768397,2
1768376103163897900,14.056720256385269,10.378643721051878,1.7928672776083157,1.8253841694089743,2
1768376103238601486,14.10944073395659,10.35571585365383,1.7928672776083157,1.825341602465562,2
1768376103288942026,12.100670453311091,10.161986557405502,1.7928672776083157,1.8273519772470515,2
1768376103363525396,13.55115178106625,10.346295651436757,1.7928672776083157,1.825883552479679,2
1768376103438589869,13.73663894840882,10.330470238300938,1.7928672776083157,1.8257065694765018,2
1768376103488703030,13.197903665740807,10.289266085292773,1.7928672776083157,1.826244954962087,2
1768376103564002445,11.835349293127795,10.230458648915535,1.7928672776083157,1.827611518415305,2
1768376103640498465,12.694351266761883,10.268017746989814,1.7928672776083157,1.8267533830169425,2
1768376103688449501,14.194812939861023,10.331414115118308,1.7928672776083157,1.8252530930938635,2
1768376103763961790,12.982956405853896,10.28482640358324,1.7928672776083157,1.8264625891503463,2
1768376103838463055,13.739811152591486,10.340472978652945,1.7928672776083157,1.825697311673028,2
1768376103888637536,12.474996859296317,10.214455194279056,1.7928672776083157,1.826972931299999,2
1768376104888901436,12.971622168548969,10.066832689177405,1.794246058112817,1.8256779421493525,2
1768376104963649061,12.31904765156111,10.258979007277022,1.7923713086563073,1.8260962009770982,2
1768376105038707288,11.721750238417261,10.269044455450263,1.7923713086563073,1.8266726513840907,2
1768376105088616378,13.466581172389525,10.46105172577047,1.7923713086563073,1.8249404196153083,2
1768376105163431269,12.660465443359525,10.371030404413613,1.7923713086563073,1.8257369724177237,2
1768376105239121733,11.72078841905444,10.268724751368667,1.7923713086563073,1.8266796553522064,2
1768376105288493834,12.736641027692563,10.363459436110169,1.7923713086563073,1.8256603550736543,2
1768376105363780706,13.213089178734316,10.354740216436769,1.7923713086563073,1.8251879881380721,2
1768376105438905909,12.851975961417406,10.349639684742737,1.7923713086563073,1.8255479917433364,2
1768376105488551862,13.153751956486381,10.451111459788256,1.7923713086563073,1.825248142845455,2
1768376105563578916,13.088121238081563,10.392060400340096,1.7923713086563073,1.8253173267726073,2
1768376105638542405,12.656125010672703,10.331992635225273,1.7923713086563073,1.825748769305833,2
1768376105688678796,10.77808982964168,10.073273850995006,1.7923713086563073,1.827633588684908,2
1768376105763503890,12.843139541630189,10.312827082466258,1.7923713086563073,1.8255602779815154,2
1768376105838884278,13.814840377570414,10.39114750991035,1.7923713086563073,1.8245910310275504,2
1768376105888980652,12.624236532460476,10.375130740543835,1.7923713086563073,1.8257806056150865,2
1768376106238890918,46.41609583691353,7.683131643490013,1.8403761394171447,1.827571759106594,2
1768376106288920814,46.62796959378434,7.81811305095254,1.8403761394171447,1.8273732279659307,2
1768376106364205779,49.502242507627024,8.14410837203779,1.8403761394171447,1.8245070362116342,2
1768376106441626660,47.96106570295522,7.902084592795918,1.8403761394171447,1.826032533727273,2
1768376106488739024,47.50940132603154,7.815748164809995,1.8403761394171447,1.826476756742824,2
1768376106563533899,48.01653694605746,7.877789722870625,1.8403761394171447,1.8259444179708135,2
1768376106639605690,47.57941960272394,7.879239647534791,1.8403761394171447,1.8264141218190972,2
1768376106688565894,47.880692381592425,7.939156530419659,1.8403761394171447,1.8261210235478107,2
1768376106763508346,46.25959412321134,7.7630586427828066,1.8403761394171447,1.8277395147315514,2
1768376106839866249,14.411909069696138,10.179138444860023,1.7948819625153336,1.826860915460706,2
1768376107088910001,12.611417528141544,10.019631463956726,1.7951125197796776,1.8271052132416703,2
1768376107239716500,13.419499313320538,10.357853180261895,1.7931071470927575,1.825639524415351,2
1768376107288954946,11.05552252129538,10.084000739911062,1.7931071470927575,1.828022965523114,2
1768376107363487010,12.005623190986858,10.173177671207768,1.7931071470927575,1.8270602093128545,2
1768376107440055962,11.392591962921639,10.061059400270892,1.7931071470927575,1.8276883510767645,2
1768376107488534689,13.820619254487632,10.339949639787115,1.7931071470927575,1.8252477583936302,2
1768376107563764722,13.568384648230847,10.365286739256387,1.7931071470927575,1.825491496727263,2
1768376107641604892,12.585760838218496,10.304643706391392,1.7931071470927575,1.8264750397565113,2
1768376107688529638,12.97304429116597,10.275899127890073,1.7931071470927575,1.8260959641121655,2
1768376107763771309,11.836765612939892,10.148470240813689,1.7931071470927575,1.827227826894606,2
1768376107839601084,13.895794673022044,10.365839100939885,1.7931071470927575,1.8251704816748577,2
1768376107888603827,14.5861946032122,10.472774153782588,1.7931071470927575,1.8244737434884462,2
1768376107963834276,12.123270993473323,10.17609707587163,1.7931071470927575,1.8269427641324123,2
1768376108039134773,12.550899513402491,10.165871680606356,1.7931071470927575,1.8265321620803021,2
1768376108239842605,47.36710415179446,7.613730318899009,1.841808566821709,1.827201184819955,2
1768376108288654182,47.98419534230369,7.720384693450201,1.841808566821709,1.8265765874465785,2
1768376108364094173,48.13188955588132,7.733876096309407,1.841808566821709,1.8264317846918308,2
1768376112089142448,14.193541017708755,10.296330450435669,1.7934257164907275,1.8254335938034216,2
1768376112163554571,11.59328350582678,10.056072218029104,1.7934257164907275,1.8280428542579807,2
1768376112241784251,12.656670805905712,10.181696179325952,1.7934257164907275,1.826980147144201,2
1768376112288826119,17.963477849230802,10.211630699948978,1.7975858215569804,1.8254067259037152,2
1768376112363648421,17.718795220948103,10.14481561788639,1.7975858215569804,1.8256565069961659,2
1768376112441629473,16.235492227246738,10.01244279217393,1.7975858215569804,1.8271392255592516,2
1768376112488575942,17.547603927657196,10.10946326843939,1.7975858215569804,1.8258245166268965,2
1768376112563585119,18.120081071819392,10.217209842491778,1.7975858215569804,1.825244875619964,2
1768376112641301990,16.43902487737914,10.011324981972074,1.7975858215569804,1.8269421394060994,2
1768376112688564352,15.24499416044578,9.936546453554005,1.7975858215569804,1.8281356541235447,2
1768376112763712424,18.263380997406653,10.243697144127793,1.7975858215569804,1.8251060300587483,2
1768376112842393303,18.389963662119868,10.209910586740593,1.7975858215569804,1.8249840762365717,2
1768376112888999551,11.467605203517861,10.189626463171681,1.7926167774560353,1.8268491858904818,2
1768376113163607743,16.83444092464792,10.028991070111188,1.7983084247361467,1.82730698713812,2
1768376113288518227,14.138836154991896,10.028688994092068,1.794990557924622,1.8265997400082434,2
1768376113363538592,15.152791347292194,10.226320721043813,1.794990557924622,1.8255761156797512,2
1768376113442984165,15.650048465735589,10.315602341425897,1.794990557924622,1.8250687926476334,2
1768376113488658512,14.87100779423578,10.210156037632508,1.794990557924622,1.8258515335887566,2
1768376113563570948,13.256120201268873,10.043350203399422,1.794990557924622,1.827486230950176,2
1768376113642253431,15.872851497337859,10.340857916334777,1.794990557924622,1.8248598671282104,2
1768376113688707223,8.604290657077351,6.846420737915834,1.8309483186667004,1.8264361381484415,2
1768376113764078182,9.788937121995467,6.82341037715058,1.8309483186667004,1.825253767755203,2
1768376113842057997,10.459305410001507,6.750814873137806,1.8309483186667004,1.8245766927518705,2
1768376113888923415,8.64046552606279,6.756850359592355,1.8309483186667004,1.8263916846573431,2
1768376113963774632,6.70980090796891,7.036613061139353,1.8309483186667004,1.8283464196927934,2
1768376114042709269,7.512052092671251,6.888802593763899,1.8309483186667004,1.827529726537164,2
1768376114088481222,8.306067830243347,6.947278383051903,1.8309483186667004,1.8267398852391827,2
1768376114163834000,8.270590022338986,6.814135492226837,1.8309483186667004,1.826772375432474,2
1768376114242003285,10.496518159039292,6.6954241194836674,1.8309483186667004,1.8245306005626973,2
1768376114288552468,8.548612097281305,6.872906239269557,1.8309483186667004,1.8264964527102738,2
1768376114363610542,9.7612511466596,6.744522618889889,1.8309483186667004,1.8252704965199533,2
1768376114442758943,10.214349247618326,6.773133766924709,1.8309483186667004,1.8248155958196104,2
1768376114488946251,8.501082005357485,6.909837873989753,1.8309483186667004,1.8265425573734262,2
1768376114563710545,10.021523513676689,6.62906706325474,1.8309483186667004,1.8250014411585433,2
1768376114643001932,8.311435135170742,6.839889179269061,1.8309483186667004,1.826735013608563,2
1768376114688752501,9.58636279550329,6.771709523008318,1.8309483186667004,1.8254475779442842,2
1768376114763550667,18.883694273320593,9.570003323973072,1.802652947803395,1.8265597723704243,2
1768376114843840909,20.296543133886846,9.688098417277129,1.802652947803395,1.8251429113988833,2
1768376114888714116,19.141111082145777,9.568083417421114,1.802652947803395,1.8263038458911358,2
1768376114964028962,7.33476893215812,10.83246314547754,1.7844041358022242,1.8262532664129,2
1768376115043051301,2.881310331606768,10.894614307263788,1.7803751651241029,1.8255157290135884,2
1768376115088570069,20.08090388141026,9.760581876852276,1.8019889504984463,1.8257514068826959,2
1768376115163743597,13.412464691957116,10.384901820957824,1.792398958281553,1.826099798485187,2
1768376115239207937,12.09603471644738,9.999469316251544,1.7935887540943674,1.8276974638478862,2
1768376115288753774,14.749650166333117,9.942667375349684,1.796526892571101,1.827508556705591,2
1768376115443003963,12.762628135817966,9.833857233027583,1.796208727061668,1.8282485403392528,2
1768376115488728964,6.233251609088386,10.079901533356226,1.7887048510755001,1.8281936046716383,2
1768376115563578590,18.261958914227883,10.62977558956422,1.7934300871471962,1.8276690570956435,2
1768376115643212576,19.21789671913232,10.72844110688776,1.7930619680338462,1.827032515601357,2
1768376115688809825,20.51856938279051,10.361399141825173,1.7979099000452072,1.8259741781765568,2
1768376115764218952,19.17928571744931,10.02966070365865,1.7993763279204584,1.826131202705714,2
1768376115842998634,18.585768411213177,9.952783904569603,1.7993763279204584,1.8267284155894108,2
1768376115888521638,17.528746285174314,9.915875129176387,1.7993763279204584,1.8277801307981068,2
1768376116039589526,16.878090800442223,10.329061089386466,1.7962237468912294,1.8262185780404891,2
1768376116089038693,9.539286876711683,10.62495469212121,1.787987110007226,1.8260973765726065,2
1768376116238506006,15.873164071352308,9.659311003044444,1.799519001639705,1.826209515852739,2
1768376116642870357,16.41767758817703,9.911994943257094,1.7995040996112768,1.8278315310833413,2
1768376116688798419,18.75109410725706,10.174033467401285,1.7995040996112768,1.8254853970347515,2
1768376116763828408,17.887989600049448,10.033603037117182,1.7995040996112768,1.826358693217712,2
1768376116843635086,16.264886032471672,9.883683845370202,1.7995040996112768,1.8279905538197623,2
1768376116888735050,19.096933087885624,10.147229372425247,1.7995040996112768,1.825157784252285,2
1768376116963561495,17.917234432714757,10.103873904264226,1.7995040996112768,1.8263257231618166,2
1768376117039104333,19.363129742813847,10.24179661608022,1.7995040996112768,1.8248776983071118,2
1768376117088783789,17.33500454277315,9.989860158085522,1.7995040996112768,1.8269222921736246,2
1768376117163888036,18.6545097857842,10.07270149801739,1.7995040996112768,1.8256037477057938,2
1768376117243461325,17.366666365444814,10.016607566471894,1.7995040996112768,1.8268755370702776,2
1768376117288549939,18.632717024749113,10.085508991029553,1.7995040996112768,1.8256230203335486,2
1768376117363705248,19.37779968929587,10.242321898863066,1.7995040996112768,1.8248625516691936,2
1768376117438912039,18.0789725861954,10.064299935159891,1.7995040996112768,1.8261760618141902,2
1768376117488587386,15.8828908645956,9.892801230788233,1.7995040996112768,1.828381024807466,2
1768376117563643358,20.1404208006426,10.289423709718742,1.7995040996112768,1.8240985461348853,2
1768376117639072836,17.150133446491857,9.971699651625327,1.7995040996112768,1.827104603845668,2
1768376117689129902,17.44475530720213,10.016882115677316,1.7995040996112768,1.8268068292710717,2
1768376117763745907,17.114419501337295,9.886173111457671,1.7995040996112768,1.8271550894046422,2
1768376117889109365,16.071588458531405,10.225381358618968,1.796674050790209,1.8260239703651864,2
1768376117963593265,16.64447550982784,10.203030533176348,1.796674050790209,1.8254486185022667,2
1768376118039579197,17.380705918108585,10.263863478169204,1.796674050790209,1.8247095092398478,2
1768376118088660644,17.375595003231936,9.836991431611933,1.8000160671808945,1.8267384770409667,2
1768376118163525282,19.79952279946606,10.168982307373108,1.8000160671808945,1.8242926161700574,2
1768376118239467810,16.402599785347416,9.81596055282052,1.8000160671808945,1.8277038417031055,2
1768376118288587677,1.6243121246783954,10.597759461738065,1.7809656512928616,1.8280330876627495,2
1768376118363656079,8.750624253375916,10.517853560546525,1.787601495635419,1.8254520514535797,2
1768376118439183836,7.355630089287635,10.32597074848811,1.787601495635419,1.8268623988405068,2
1768376118489132699,7.807088369768289,10.528527245752386,1.787601495635419,1.8263902660906568,2
1768376118563960050,5.842688462409873,10.569802920411295,1.7856666774410763,1.8260304547740103,2
1768376118688744007,7.619547164426255,10.170247025006145,1.7892563348933097,1.8263704975734452,2
1768376118763730611,3.643249125475645,10.581347230624562,1.7827759681391233,1.826715606373012,2
1768376118888796892,7.379015330090333,10.069073378362406,1.7901315194650638,1.8276046537995956,2
1768376118964116298,7.851211550281789,10.049558723757741,1.7901315194650638,1.8271208599498998,2
1768376119039054425,8.02364804493294,10.05992423498555,1.7901315194650638,1.8269548299885254,2
1768376119088563732,7.506846461826866,10.084614020252019,1.7901315194650638,1.827467527279377,2
1768376119763832618,13.288530860332992,10.485944332441425,1.7914552557896881,1.8260118563861607,2
1768376119838742029,14.730042811715638,10.247858244534237,1.7952008803298996,1.8269172039015873,2
1768376119888661882,12.225582497676246,10.240533441988946,1.7925568214642766,1.8268005631992592,2
1768376119963981094,12.683690281765747,10.162335240065657,1.793507311499067,1.827536061493339,2
1768376120089658870,9.282735046415747,10.431061539211484,1.7887174743665453,1.827960245647856,2
1768376120438857496,18.07163175844395,9.863168380800824,1.8007842630857052,1.8262482587884241,2
1768376120563690196,11.863972081025409,10.200652130948797,1.792971741528414,1.8271346360619374,2
1768376120639330961,12.559741391551027,10.32016880211264,1.792971741528414,1.8264521569943741,2
1768376120688592446,11.819049477640897,10.200530124592419,1.792971741528414,1.827192464930561,2
1768376120839219339,64.14163512935068,9.45436373371937,1.7436460676741272,1.826121849072876,2
1768376120888652948,62.87312509393739,9.288489612881294,1.7436460676741272,1.8248145465290728,2
1768376120963891033,5.404717984605512,10.779844491870941,1.782521001633854,1.8259587945363147,2
1768376121038637855,10.716935760719748,10.469640805596372,1.7893825251483408,1.8247574207633233,2
1768376121163598064,19.130318187937647,9.869630416675896,1.8013324276011242,1.8264748077436745,2
1768376121239071501,17.211271498467575,9.746179627858725,1.8002687076758366,1.8274231250170192,2
1768376121439319491,17.67914928901981,9.90051121884668,1.7998710113983765,1.8266822408505943,2
1768376121488849122,15.43106576732911,9.841106581391662,1.7981314265683073,1.8277136635593503,2
1768376121564020047,17.84839619229861,10.087544771576995,1.7981314265683073,1.8252962556748278,2
1768376121638763560,7.602545798674809,10.231713237405362,1.7892082203353274,1.8269884317865726,2
1768376121688734591,7.632902639008288,10.344466825707977,1.7880632196621773,1.8267550276451512,2
1768376121763875990,9.65741494651029,10.460074572552731,1.7880632196621773,1.824717140459364,2
1768376121838758763,8.148076202316945,10.343313095538019,1.7880632196621773,1.8262404416981322,2
1768376121888791905,9.50058680256749,9.89891449092156,1.792751525396587,1.8274161606006127,2
1768376121963768433,9.856400390323206,10.094255457877718,1.7917585628656467,1.8266381306058421,2
1768376122039203335,10.331374531227677,10.13299065384892,1.7917585628656467,1.8261746391812512,2
1768376122088615096,17.730277760860336,10.0468251672981,1.7987168761869743,1.8255789414811174,2
1768376122163715062,17.775277746759024,10.05305937278833,1.7987168761869743,1.8255381038425964,2
1768376122239205104,23.707686098571212,9.797386949788189,1.8046597595428802,1.8266802180780373,2
1768376122288571270,19.888736236743256,9.562112078885521,1.803604471087422,1.826886946890786,2
1768376122488811732,15.542041025408126,9.80421722888968,1.7985873197590345,1.8259072533889114,2
1768376122564234973,12.701989127129831,9.51341152599138,1.7985873197590345,1.8287538795368936,2
1768376122638822844,16.964798994738572,9.922948959578296,1.7985873197590345,1.8244844871099573,2
1768376122688721328,15.18743979036441,9.77723006154987,1.7985873197590345,1.8262784622455621,2
1768376122763711869,14.353988672931584,9.737966224649726,1.7985873197590345,1.827099445886049,2
1768376122839281432,18.07546858126119,9.991389330675704,1.799620941127472,1.826016558795635,2
1768376122888656384,17.175003383009148,9.87347338308393,1.799620941127472,1.8269220576585692,2
1768376122963910880,17.762089455002574,9.949261662356669,1.799620941127472,1.826334101983405,2
1768376123238668817,7.309296895516626,10.56798275894943,1.7861096846096873,1.8265583386191941,2
1768376123288825842,10.906710045018198,10.459111114109701,1.789879770195875,1.8252206441900836,2
1768376123363686085,15.307366286071877,9.959475302763035,1.7968799431765758,1.8264393767269311,2
1768376123764186991,18.47402426678091,10.811827741834117,1.791469089935557,1.825848236512761,2
1768376123838959909,17.307545761311438,10.628914126951361,1.7919815666785186,1.8271648124000812,2
1768376123888985431,18.408013008140102,10.792892655035688,1.7919815666785186,1.8260482921662529,2
1768376124038895178,20.364915444183396,10.745843169298915,1.7934921912037498,1.8249514492491223,2
1768376124088856411,18.446982866699546,10.614982700730286,1.7934921912037498,1.8268779428395767,2
1768376124163835356,9.374426744855224,10.373527922452082,1.7893777731283844,1.8266872085326769,2
1768376124439150420,10.026676660505274,10.254931292975465,1.790749735378078,1.8256410853897314,2
1768376124564757089,8.323933781519965,9.963456587538515,1.791361146613948,1.8273495833252085,2
1768376124639135655,8.564532164816452,9.989731473271519,1.791361146613948,1.8271141533538315,2
1768376124963726037,15.217626687637154,9.606786045012841,1.8000998828472563,1.827228375695956,2
1768376125038753936,16.36897814960414,9.654251573004403,1.8000998828472563,1.8260734471337565,2
1768376125088723382,15.722565975944569,10.481362105644006,1.7941787649336,1.825676633497105,2
1768376125164073477,19.90232458893093,10.110762031407264,1.8007546254580262,1.826180779214038,2
1768376125239272703,19.390427830059398,9.97050170527167,1.8007546254580262,1.8267076619239508,2
1768376125288641622,18.417785913945607,9.914655337974066,1.8007546254580262,1.8276733529391507,2
1768376125363984785,22.148517740931297,9.265185919292385,1.807882059514843,1.828308636037655,2
1768376125438817228,22.625323395875306,9.637394786777536,1.8052119939182782,1.8271630438481052,2
1768376125488868455,20.577686120050842,9.65739881770934,1.8034622025022111,1.8275729950256703,2
1768376125563878514,23.704591348946202,9.808955204540919,1.8055368607633588,1.8254722211507022,2
1768376125639184026,22.575379369309534,9.692984041864852,1.8055368607633588,1.8266084627916659,2
1768376125689164918,15.646652687643536,10.144531502306197,1.7965563833412617,1.8267423520765975,2
1768376125763925489,18.52394380415734,10.002468044742853,1.799732614858599,1.8261200584179036,2
1768376125838664110,17.75669181123618,9.933459324052038,1.799732614858599,1.8268869265234005,2
1768376125888595435,6.51562313253784,11.135441637932336,1.781097705577232,1.825273203564675,2
1768376125963682876,11.830114181812013,10.19255145306115,1.793141415422753,1.8268672245481443,2
1768376126038793894,43.74941446086478,8.215098025557927,1.7709719630846117,1.8268853343020894,2
1768376126088935204,18.964455988873972,9.671176997449825,1.802054531326553,1.8256524053675527,2
1768376126163899089,19.94665848507582,9.707017575678078,1.802054531326553,1.8246741503400308,2
1768376126288829971,5.9888546326927194,10.635638832624682,1.784275467428024,1.8258922449327049,2
1768376126363820718,5.608100231921043,10.565042132613767,1.784275467428024,1.826280522567815,2
1768376126438713898,5.964110861652827,10.587046876795256,1.784275467428024,1.8259007077309304,2
1768376126489075838,8.810522122766562,10.411894202990277,1.7887304002245747,1.826214204128082,2
1768376126563762579,15.987063476277541,10.046750391901284,1.7970821711276603,1.8271263430867142,2
1768376126764043371,13.896227554033747,10.405860104369125,1.7925172353584744,1.824695560321019,2
1768376126839357740,13.070776358447445,10.307167177613788,1.7925172353584744,1.8255302977208707,2
1768376126888732937,19.595351010349038,10.42698495588204,1.795981426180094,1.8273322078082403,2
1768376126963988437,15.182893351633364,9.934923687376097,1.7971696326499476,1.8259339910490222,2
1768376127088921810,14.014692533385054,10.32154365282681,1.7935754639514154,1.8267752146428227,2
1768376127238919250,17.018330361567635,10.106174369976108,1.7965252512085745,1.8244174892838623,2
1768376127438909730,5.422493759174474,10.748250431737901,1.7833945034137468,1.827028008781266,2
1768376127488724250,8.307025556892667,10.07289729434679,1.7906873341620806,1.8276784968609903,2
1768376127564202910,16.10163068298909,9.897413048548822,1.798227486475335,1.8269211352729906,2
1768376127638791949,17.784198097396953,10.115043752607752,1.798227486475335,1.8252263804838973,2
1768376127688860236,21.145819815152844,10.188303072107358,1.7999220036260657,1.826887563025065,2
1768376128639088836,22.37106768606134,9.383709573757125,1.8072806873114196,1.8281188942341124,2
1768376128688585540,20.134635702512504,9.609046551906813,1.8032898769737482,1.8261211454122857,2
1768376129363936770,8.900023266956936,10.456976200915681,1.7886480853159648,1.8277753120195372,2
1768376129489160187,21.253744529687204,10.816412614911819,1.7942231272597264,1.8251490645744453,2
1768376129639115128,19.749713328347962,10.54892609645159,1.795439004600225,1.8276048455756837,2
1768376129763967799,11.901707279831752,10.374958359628453,1.7908435428895921,1.8263851057309932,2
1768376129838849656,12.421790620160023,10.491156618532312,1.7908435428895921,1.8258484734387872,2
1768376129888722103,13.592922369504823,10.040601904884374,1.7946129455856348,1.8269132710629348,2
1768376129964241409,13.021707940892302,10.232986671767879,1.7929305786465413,1.826976117914846,2
1768376130038910837,17.716552664266196,10.1106884338369,1.7980155320904745,1.8261039562743704,2
1768376130088652477,20.392075586836533,9.975768690087074,1.8005463889947857,1.826848862244865,2
1768376130163765603,7.623754780298642,10.326515401760258,1.7881050790175401,1.8272165959698479,2
1768376130238925474,16.003349292525115,9.750961611083929,1.799040088827569,1.826253861597342,2
1768376130288812821,18.618833761839817,9.904815773953551,1.8001369890469214,1.8256820585985023,2
1768376130363817263,17.867922802366152,9.828668087669264,1.8001369890469214,1.8264309740477251,2
1768376130489065957,13.90688466056167,10.326140242968961,1.7938913814173099,1.825903232209773,2
1768376130563882033,13.848332309806421,10.260233500563153,1.7938913814173099,1.8259749018013418,2
1768376130638757656,13.948403510759766,10.310847146318173,1.7938913814173099,1.8258603001036766,2
1768376130688747374,12.379601402214835,10.154673452952709,1.7938913814173099,1.8274293569289093,2
1768376130763736300,12.401851347158432,10.198304254615397,1.7938913814173099,1.827419719625714,2
1768376130839281119,14.242545644133076,10.295211443986949,1.7938913814173099,1.825579827182485,2
1768376130888541242,13.556725428174765,10.309564669177607,1.7938913814173099,1.8262573322050455,2
1768376130964330607,13.1559239660759,10.240756465909104,1.7938913814173099,1.8266653506900694,2
1768376131038708726,12.77576828781557,10.261458836797658,1.7938913814173099,1.827029244410682,2
1768376131088874113,12.627209246969473,10.139781097771769,1.7938913814173099,1.827191895301852,2
1768376131163821425,13.148463382274045,10.2127002372361,1.7938913814173099,1.826672080997563,2
1768376131239261510,14.200309199839056,10.321937468013871,1.7938913814173099,1.8256082916224479,2
1768376131288789223,13.30922882670671,10.287116034719267,1.7938913814173099,1.826509494650409,2
1768376131363730926,13.51942590624966,10.228439523186863,1.7938913814173099,1.8262980379328146,2
1768376131438970180,14.213698740132674,10.34040799149397,1.7938913814173099,1.8255935795155118,2
1768376131488814995,12.63967086639628,10.19089284921253,1.7938913814173099,1.8271904871899123,2
1768376131564170977,15.415125817223263,10.436374463781375,1.7938913814173099,1.8243916309589856,2
1768376131638805855,3.497766665295554,11.138748382212261,1.7781424435098392,1.825831085127048,2
1768376131688710247,4.451449704169663,11.301805894072702,1.7781424435098392,1.824865759106605,2
1768376131838923778,16.775631905639578,9.942808427429817,1.7985756870899878,1.8262074061851545,2
1768376131888636378,7.706727355460297,10.683168540597059,1.785443292602096,1.8253275921442396,2
1768376131964106629,6.056312816644205,10.486870827319114,1.785443292602096,1.8269769781212277,2
1768376132038784279,6.409214568839916,10.51922901823147,1.785443292602096,1.826645248270059,2
1768376132288939864,12.927339999605714,10.270875786268022,1.7929899989654576,1.826681605457315,2
1768376132439476767,12.699266616741811,10.292261536528596,1.7927248951691988,1.8261641224920682,2
1768376132488921276,11.671706582818908,10.253590611979929,1.7927248951691988,1.8271924636753598,2
1768376132563923431,10.494559109083923,10.06123520051184,1.7927248951691988,1.8283785400660906,2
1768376132638951408,13.365115390404414,10.294066689748021,1.7938035322991794,1.8269643598929428,2
1768376132688927212,16.18834212711362,9.967204626712379,1.7976435678161318,1.8259523057946914,2
1768376132763853663,16.279785297030447,10.067686145317666,1.7970894112450277,1.8256745535400165,2
1768376132838757410,15.447591680450845,10.260274985172117,1.7949669538247286,1.8253632920766263,2
1768376132963902355,12.815555940932644,9.922378688857872,1.7949144216214001,1.8265262940790516,2
1768376133038665640,14.739936431618306,9.848978790313659,1.7973236517402247,1.8276945301988985,2
1768376133088982222,15.431965483038379,10.377970133057644,1.7944511520052169,1.8261269745894608,2
1768376133163852068,6.727392773790308,10.36118843623164,1.7872127723812559,1.8270248232379738,2
1768376133239042892,0.6801785187471321,10.747373855936436,1.7788462624186194,1.8263752985764456,2
1768376133439230673,20.54873697538917,9.938195262748046,1.8011534806216662,1.8252532551263385,2
1768376133488675509,18.817427569502108,9.748945370162147,1.8011534806216662,1.8269939569585152,2
1768376133564156894,16.503635347142165,9.978144128061624,1.797595565530391,1.826672609889116,2
1768376133689064609,9.703058645150753,10.535085857217496,1.78789454960602,1.8266130238694023,2
1768376133764264133,9.990341131433489,10.626105644650918,1.78789454960602,1.8263255436043278,2
1768376133839224278,9.193847702524183,10.531166122821704,1.78789454960602,1.827125916816934,2
1768376133888987856,9.21852031297421,10.58061461268105,1.78789454960602,1.8271013748798508,2
1768376133964139480,7.782226577488949,10.391664871986551,1.78789454960602,1.8285443226646274,2
1768376134038848837,10.134289911726713,10.613702864982688,1.78789454960602,1.8261904956967479,2
1768376134089370770,10.93331548410914,10.786441826756718,1.78789454960602,1.8253623442193847,2
1768376134163954725,9.898374256833264,10.632361796363497,1.78789454960602,1.826424469579349,2
1768376134238781452,8.975398586025474,10.50153263692717,1.78789454960602,1.8273532060172142,2
1768376134289295700,10.486478522858222,10.690766806999068,1.78789454960602,1.825835565030691,2
1768376134563956594,18.204765166662806,9.901532160183905,1.7999593511046812,1.827044218020778,2
1768376134839259828,15.984438632600018,10.134179235584206,1.796642516527836,1.8267217769275526,2
1768376134888738625,11.901032353862417,10.157407548902059,1.7921085600739644,1.826416691905245,2
1768376134964206004,11.723165902571608,10.22133414283004,1.7921085600739644,1.8265822018611668,2
1768376135039196686,18.27377762242932,9.934427840426848,1.7996743353591642,1.826090800003323,2
1768376135088818627,17.772627018245224,9.845515763241123,1.7996743353591642,1.8265926474117524,2
1768376135163843661,9.294794050898059,10.398286185714067,1.7886521754933633,1.8271365700625186,2
1768376135289202993,12.353700135223633,10.160369418346221,1.7929481921093164,1.8268030309620167,2
1768376135364244336,13.935990019948719,10.207042978158372,1.7939209277620334,1.826176778369921,2
1768376135438772549,14.661913544421479,10.02426227711119,1.79608250118269,1.8267981152264015,2
1768376135488902600,16.844980054378844,10.119724996384921,1.7969952898884796,1.8256391816413002,2
1768376135563945190,16.999623532346185,10.166493462658599,1.7969952898884796,1.8254869588041704,2
1768376135638874768,12.206006041352913,10.17438879182417,1.7934374064251815,1.8273865373794476,2
1768376135838679134,15.002999292872854,9.8388721447118,1.7975876365673154,1.8271249580342763,2
1768376135889170719,14.983313736666393,10.004473909417847,1.7967053035402119,1.827192831643558,2
1768376136088810293,21.679342758586184,10.413065278518928,1.798920131428589,1.8248008072312187,2
1768376136163860870,20.22636288104951,10.383449774871483,1.7976744063561554,1.8257880680235732,2
1768376136239176762,9.021851229895628,10.511521127210733,1.7878537161356334,1.8272804112286902,2
1768376137163773126,16.950268866358755,10.257893772122353,1.795418378114579,1.8266959165166254,2
1768376137239567949,17.826901798915216,10.143535014655715,1.797318902642998,1.8258900816657773,2
1768376137288719574,16.183504439557296,9.955757847588588,1.7978815449238086,1.826607799433448,2
1768376137364106080,16.626301066674955,9.941769884555358,1.7978815449238086,1.8261736536037103,2
1768376137439318874,13.265345088524061,10.3314517249546,1.7921132009289864,1.82543737086768,2
1768376137488756558,14.631922344713333,10.165666853304156,1.7952944686864536,1.8258064137697156,2
1768376137563965516,9.89541705055208,10.124069479186616,1.790683251468426,1.8267380635638153,2
1768376137638971404,14.241208744332212,9.920928292662069,1.7960070981143694,1.8270350350378757,2
1768376137688923090,15.986705557414549,10.031275466129404,1.7973364005221253,1.826118023789747,2
1768376137839221285,14.679483651161007,10.250427558227752,1.7944764574399525,1.8253934383706107,2
1768376137888805701,15.054282213176728,10.471916925550735,1.7935353938073992,1.824601568775522,2
1768376137963935668,12.809792818680998,10.095012256854345,1.7935353938073992,1.8268643868375012,2
1768376138039138820,10.889537049579845,9.975047372381658,1.7935353938073992,1.8287917941977159,2
1768376138088873446,14.101029508413632,9.815750287743956,1.796367710760028,1.8267098984987598,2
1768376138163993410,13.654284229117852,9.88472527280934,1.7962710082439168,1.8279492685458343,2
1768376138488961115,14.695332611599943,10.014200797375725,1.7956659491699427,1.8274793087727144,2
1768376138563956143,16.434994977422956,9.957511265668575,1.7981300984867825,1.8279396788373368,2
1768376139639541352,13.613644242352896,10.389846437789773,1.7927202277055423,1.8265116121840506,2
1768376139689137891,14.462542878546536,10.174172903578055,1.794866928099078,1.827650779802652,2
1768376139763853749,13.429571888750047,9.926214359834313,1.79518810092094,1.8273040594680723,2
1768376140039068119,14.055720755659529,9.983972114388118,1.7952590210101294,1.8266431844192834,2
1768376140089077403,13.915565533760832,10.050245276485485,1.7952590210101294,1.8267858150580196,2
1768376140163805451,12.667878415193234,9.832589648613283,1.7957889221706185,1.826654549117308,2
1768376140238926856,9.07386513763453,10.137576784454389,1.7909500066150645,1.8278543860557046,2
1768376140439410060,12.938232897361956,10.094787990035517,1.7942561345669692,1.8263037386658014,2
1768376140488653857,12.099640105058596,10.03554680443954,1.7942561345669692,1.827150983678181,2
1768376140564201935,15.072154401805093,10.329389281883895,1.7942561345669692,1.8241639757763384,2
1768376140638996499,10.969169936585255,9.892989806203971,1.7942561345669692,1.8282814485131225,2
1768376140688759227,15.350952939948481,10.251897435248669,1.7953473939664355,1.8248376376809536,2
1768376140764076642,15.246420649904113,10.215532161721269,1.7953473939664355,1.8249463573885405,2
1768376140838904551,16.578173483915883,10.051922674542292,1.7979754786867503,1.8267700223446357,2
1768376140889314069,17.017341983099897,10.329551291350242,1.7961329979854515,1.82522960887442,2
1768376140963994856,12.938666527325893,9.931897657201086,1.7951070473021653,1.8267877938781234,2
1768376141288713961,13.460094084766228,10.360279755850863,1.7928993033517102,1.826614048330821,2
1768376141363986175,12.886883081159484,10.250762118448078,1.7928993033517102,1.827194914522354,2
1768376141439296440,13.559359085158817,10.328526329126337,1.7928993033517102,1.8265162979122012,2
1768376141488736751,13.973996224572183,10.406128417810857,1.7928993033517102,1.8260900908250381,2
1768376141563758255,13.88571674236938,10.403349438401436,1.7928993033517102,1.8261898410834378,2
1768376141638794119,13.692829148963082,10.375552043713919,1.7928993033517102,1.8263835420414818,2
1768376141688921350,11.801700860283537,10.19904523311236,1.7928993033517102,1.8282768591419243,2
1768376141763921496,13.529316887798348,10.37700184678383,1.7928993033517102,1.8265370482179937,2
1768376141838789309,12.875735178450087,10.331019372428024,1.7928993033517102,1.8272031205036823,2
1768376141889127918,14.048616270408543,10.431004069087832,1.7928993033517102,1.826025976615771,2
1768376141963888220,13.336194526282652,10.267203692558095,1.7928993033517102,1.8267546449703227,2
1768376142038979065,12.142712417219537,10.19437047824786,1.7928993033517102,1.8279431812748799,2
1768376142088866822,13.699863340534302,10.37656356329491,1.7928993033517102,1.8263716845669253,2
1768376142164112707,13.248170227392997,10.300749230771208,1.7928993033517102,1.8268329800214842,2
1768376142239122979,14.384721681010015,10.41671549107478,1.7928993033517102,1.8256826056833542,2
1768376142288924494,12.023173352134542,10.257419175157827,1.7928993033517102,1.828049140657602,2
1768376142363912488,14.078369481699937,10.385154367451777,1.7928993033517102,1.8259966032938832,2
1768376142438848286,13.90592226774312,10.38909796556939,1.7928993033517102,1.8261735738854363,2
1768376142489043331,10.82855193057397,10.093182438784194,1.7928993033517102,1.8292576223506165,2
1768376142563944206,13.872502511819373,10.41556001399979,1.7928061837207283,1.8269459524576988,2
1768376142639077195,14.248655465131987,10.125672865326198,1.7951517707603837,1.8275507485944558,2
1768376142839447577,13.820218073767432,9.945496273773077,1.7959789391012932,1.8269327881781288,2
1768376142889037514,12.195497449918324,9.930580871974563,1.7941144806200668,1.8262861595944448,2
1768376142964288863,12.1852584786728,9.974631607166174,1.7941144806200668,1.8262955640194958,2
1768376143039052478,11.71468481707394,9.900264983162698,1.7941144806200668,1.8267711334974075,2
1768376143088750871,11.404878151819897,9.887344374879678,1.7941144806200668,1.82708101632248,2
1768376143163919349,12.081881955974705,9.971350327202513,1.7941286769013092,1.8276010427860738,2
1768376143289138216,13.527526244026644,10.210226651062733,1.7935389642935138,1.8258426193025306,2
1768376143363909000,14.170444025934703,10.052880772146013,1.7949094097693035,1.824679953588413,2
1768376143439109829,13.657713348292022,10.35031322446382,1.7929614309675381,1.8259465643774362,2
1768376143563815242,15.128489061072115,9.864628770962016,1.7977147594038108,1.8267474215160737,2
1768376143639228803,15.38586747834847,10.178435807882392,1.7962895821655145,1.8262574066859485,2
1768376143688879200,11.93688462927156,10.204212370188323,1.7918694943291555,1.8265702213243042,2
1768376143763880254,11.565774682006147,9.906544084970076,1.7942814096340511,1.8281013682753897,2
1768376143839081162,12.551268827551532,10.05053394184202,1.7942814096340511,1.8271064046743444,2
1768376143889468315,13.134170857803218,10.063105126392763,1.7938539277511643,1.8273967532020394,2
1768376143963892802,15.158188338731504,10.004637538713403,1.7964569018319347,1.8267865465380682,2
1768376144089290035,14.681326157276908,10.01636633424092,1.7957097168696043,1.8268854744055352,2
1768376145363884258,12.210041363911905,10.618669329949068,1.7897629220026132,1.8259499324036306,2
1768376145488891304,12.180110661945243,9.736642786378264,1.7956784892249198,1.828524194326849,2
1768376145564225335,15.408130747146087,9.887119068686815,1.7977199611281205,1.8261032409383897,2
1768376145639157302,15.225898206077115,9.889085872242157,1.7977199611281205,1.8262953738308505,2
1768376145689284096,16.355175850560457,10.273436336873926,1.7958472753090906,1.8256263506005133,2
1768376145763907800,15.811925886261902,9.988136220833999,1.797102224330712,1.8260064023016156,2
1768376145839275781,12.34649798946097,10.098124029684588,1.7932679410980834,1.8264370079676027,2
1768376145888804630,11.515714019569634,10.448825213522747,1.7904473870386748,1.8257203371429749,2
1768376146039005295,17.598452997868776,10.01412046764038,1.7982641590462156,1.826327502178818,2
1768376146089082963,10.370727021306259,10.131576566188686,1.7916658158890444,1.8267951173474493,2
1768376146164330654,11.169324029232541,10.413417666437642,1.7908700416093744,1.826173767453447,2
1768376146238963793,12.899578626111019,10.387272051728718,1.7919040683656455,1.8251920475842371,2
1768376146439068136,11.839020736948758,10.144446142511091,1.7925082562343466,1.8269892775883554,2
1768376146489112366,14.76100549970294,10.040630204683232,1.7963244984915747,1.8260615469556634,2
1768376146563872765,13.562990116485762,9.86520930190993,1.7963244984915747,1.8272697498244224,2
1768376146689275493,10.368861970107224,10.264856542091579,1.791004766490866,1.827704026009761,2
1768376146764478466,9.780711331489611,10.203406345564744,1.791004766490866,1.8282906274697541,2
1768376146839316791,11.522574105636174,10.37799568930988,1.791004766490866,1.8265438569816792,2
1768376146889137229,11.41436392294115,10.38367051648874,1.791004766490866,1.8266595103028627,2
1768376146964043167,11.458270393039482,10.33652117772512,1.791004766490866,1.826613401834082,2
1768376147039012734,11.822050287878527,10.401154615697477,1.791004766490866,1.826238243739257,2
1768376147088863696,11.965463311839342,10.421196124393493,1.791004766490866,1.8260999672465024,2
1768376147163932441,11.331660194459747,10.364570936230885,1.791004766490866,1.826735887529886,2
1768376147239495785,12.357070531187286,10.40948221612822,1.791004766490866,1.8257077166096018,2
1768376147288964235,13.322476711699505,10.501238626753178,1.791004766490866,1.824737401079053,2
1768376147363962224,12.286724674150928,10.398017409126696,1.791004766490866,1.8257746908427375,2
1768376147438971335,11.853227476977812,10.374586597808976,1.791004766490866,1.8262127265025758,2
1768376147489013200,10.19773167106508,10.230698726780277,1.791004766490866,1.827869155478083,2
1768376147564004208,11.760680495912057,10.372534952312925,1.791004766490866,1.8263021605093057,2
1768376147639078810,11.28964674450783,10.367009788253496,1.791004766490866,1.826769004671232,2
1768376147689029360,11.9727381705097,10.425523367596833,1.791004766490866,1.8260923688140394,2
1768376147763931374,11.581130235900128,10.334855541163021,1.791004766490866,1.8264800544121416,2
1768376147838786506,11.097795534532828,10.275504322939799,1.791004766490866,1.826969146957986,2
1768376147888791661,7.415823680004152,11.03638583816445,1.7828795876844667,1.826182066747302,2
1768376147964561117,16.87722711068318,10.190794730603441,1.7964169582396934,1.8260546427218622,2
1768376148038921537,19.387430257263638,9.90668103012366,1.8006899725761387,1.8268743159275682,2
1768376148089200511,14.08820782861997,10.153572240376668,1.7944226563520447,1.8264992169466983,2
1768376148163945527,18.285672402941657,10.145170151119688,1.7980724962924393,1.8255366401128872,2
1768376148238910639,15.86991007526084,9.864292480077777,1.7980724962924393,1.8279617856456298,2
1768376148288879681,18.997236956576067,10.25594786851568,1.7980724962924393,1.8248226688778992,2
1768376148639311601,13.779138717182393,10.24168796468334,1.793482008540212,1.8258149916645974,2
1768376148688894037,14.993699892316803,10.09958011100538,1.7955689061006352,1.8261727485059291,2
1768376148888860630,10.500003081516773,9.993099880814537,1.793050187147413,1.828103188561301,2
1768376148964044974,12.52678135705576,10.225747586908494,1.7924488442723518,1.8258392961479797,2
1768376149088797913,16.204240457322825,10.051391708026841,1.7960212356873866,1.8251338226027978,2
1768376149164163924,14.893206259537495,10.014771110524697,1.7960212356873866,1.826436265296815,2
1768376149363947174,15.092802572711284,10.600510052781441,1.7921557269717379,1.8259933723471018,2
1768376149439189032,13.320052804013827,10.37817667695309,1.7921557269717379,1.8277814058716522,2
1768376149489045643,14.001192289816,10.573593126502875,1.7921557269717379,1.8270806543291667,2
1768376149564444027,15.341886315173747,10.640656549572475,1.7921557269717379,1.8257365676804547,2
1768376149639047495,15.475824328683663,10.659101738348873,1.7921557269717379,1.8256039657899603,2
1768376149689053769,15.74718523534191,10.705657691440965,1.7921557269717379,1.8253269821628302,2
1768376149764332516,14.766883242031348,10.52199618184779,1.7921557269717379,1.8263247886897787,2
1768376149839070798,15.16653096588838,10.653858082223952,1.7921557269717379,1.8259267539370223,2
1768376149888888055,15.279276911223327,10.665088641479727,1.7921557269717379,1.8257985648041284,2
1768376149964352576,15.84802739499902,10.72053582845919,1.7921557269717379,1.825217776844312,2
1768376150039017829,13.80236988949779,10.45032320597444,1.7921557269717379,1.8272916580191783,2
1768376150088940055,15.694086257741713,10.677066292050007,1.7921557269717379,1.8253831203414945,2
1768376150164399714,14.142279921276257,10.490324249947035,1.7921557269717379,1.8269515085511054,2
1768376150239005220,13.866110680887944,10.494475498113655,1.7921557269717379,1.8272224849762306,2
1768376150289303393,14.197754732979018,10.58074709811763,1.7921557269717379,1.8268797403715078,2
1768376150363963706,15.91034310477446,10.734785033151091,1.7921557269717379,1.825157291910282,2
1768376150439059345,12.968436534805727,10.511333046500251,1.7914147536512575,1.8260481980141818,2
1768376150488953577,12.170686345594373,10.453129664248685,1.7910066391208064,1.8276832745519083,2
1768376150564380708,20.53782925824832,10.094564442053239,1.7999128484749463,1.8246902695043783,2
1768376150638900156,18.37697270142291,9.89865285541658,1.7998353787291717,1.825954458809074,2
1768376150688793664,14.678274709697181,9.886102878370604,1.7970847456045347,1.8272375380525288,2
1768376150839040581,11.583990628478702,9.99596043555868,1.7935894945843454,1.8268578764792878,2
1768376150964471227,15.794887373374422,10.10361076589329,1.7964870816293557,1.8262246485509224,2
1768376151038843983,14.463610332526633,9.801895837330193,1.797186155239862,1.8275903349557021,2
1768376151088822999,14.728054558552639,10.230736704215335,1.7942485785835856,1.8255980657635527,2
1768376151290204391,13.844141140340938,10.02739501395072,1.7945553176594546,1.8262396487934132,2
1768376151364313810,14.557880901017617,10.218744097178906,1.7940870981699208,1.825973842755945,2
1768376151439174422,13.762938647694734,10.074437068832198,1.7948297567220302,1.827933646589743,2
1768376151488836046,13.720651268189554,10.011500586099944,1.7948297567220302,1.8279909122778728,2
1768376151564467876,12.966500505311895,10.02832057989789,1.7939671113346922,1.8257779572330635,2
1768376151689128609,14.836511577245748,9.947174105238311,1.7966546023373253,1.8275880551967518,2
1768376151763859659,16.883897079201127,10.233589022830472,1.7959886750094767,1.8260244499365412,2
1768376151839071288,14.643685409222673,10.604452948677997,1.7918341662770145,1.8251479672649609,2
1768376151888813105,13.030874789234037,10.45423396734995,1.7918341662770145,1.826748281407877,2
1768376151964158998,14.555996749320732,10.579110613166442,1.7918341662770145,1.8252263150645973,2
1768376152039170535,14.72309450763487,10.571069584780785,1.7918341662770145,1.8250577092505726,2
1768376152089233703,13.72509232481356,10.446829429348531,1.7918341662770145,1.8260577184641067,2
1768376152163890843,10.999777723664117,10.136022254519,1.7918341662770145,1.828806698621067,2
1768376152239009112,14.619677088500094,10.591046843104065,1.7918341662770145,1.8251537761669887,2
1768376152288776782,12.08783804049185,10.294855743643163,1.7918341662770145,1.8277044673618628,2
1768376152363985165,11.990037542975118,10.299123043500469,1.7918341662770145,1.8277992665097513,2
1768376152439147301,13.00069365194223,10.411290504019215,1.7918341662770145,1.8267881754394844,2
1768376152489640502,13.951639847632702,10.503793942432532,1.7918341662770145,1.8258238609520672,2
1768376152563961346,13.468389684299531,10.450260429490335,1.7918341662770145,1.8263238014576137,2
1768376152638864090,13.36267765144905,10.449571696386105,1.7918341662770145,1.8264208157321147,2
1768376152688924876,14.675124388136673,10.56375328189373,1.7918341662770145,1.825109345705646,2
1768376152764522317,14.65532016081994,10.638313354066034,1.7918341662770145,1.825117826428508,2
1768376152839112190,12.022330060524666,10.317369671429386,1.79179435854027,1.8272669230029817,2
1768376152888966825,14.03827500207333,10.616836312239371,1.79179435854027,1.8252180063632066,2
1768376152964407488,16.325418548184032,10.45555935308691,1.7940347705679698,1.825729980355705,2
1768376153039066893,15.285552392050539,10.03790962873788,1.795952074194913,1.8275428069751896,2
1768376153089160854,13.054468067678071,10.137007299767642,1.7933300992231285,1.8263898987539235,2
1768376153164340674,15.879783242062961,9.911868373737084,1.7977575706201077,1.827175845338864,2
1768376153288815015,9.217905253879,10.227476955124537,1.7895385837725661,1.8272066649171979,2
1768376153488856795,13.464924911024134,10.03224731576257,1.794455873836725,1.826759498663155,2
1768376153639061928,15.691568336446249,10.054391938570939,1.7965165911607217,1.8260679627716083,2
1768376153689183780,16.278349132056835,10.169312373623699,1.7965165911607217,1.825472234169701,2
1768376153764062758,14.470254517677361,9.831238277070149,1.7965165911607217,1.8272975182896194,2
1768376153839408596,10.407116178059672,10.28688363808899,1.7904698454688306,1.8272690434092702,2
1768376153889069961,13.983302893789018,10.018538656140255,1.795325599719615,1.826533222626087,2
1768376153963996781,12.998219097055452,9.86203214611407,1.795325599719615,1.8275418300063344,2
1768376154039106242,13.179334406096643,9.951204197567186,1.7947399536402282,1.8277153846834564,2
1768376154089152741,15.972397811249595,10.281043414059697,1.7947399536402282,1.824904891220797,2
1768376154964063862,49.602180536324035,7.959341127059588,1.8421658106312475,1.8264903928335463,2
1768376155039093487,49.17093039507803,7.871467257800548,1.8421658106312475,1.8269116981978768,2
1768376155089007237,49.88150102112532,7.930839698879269,1.8421658106312475,1.8261970529380813,2
1768376155164029642,50.56075315493791,7.910185011444155,1.8421658106312475,1.8255201825448995,2
1768376155238996397,50.52319917804904,7.894392642038561,1.8421658106312475,1.8255676031995154,2
1768376155289214361,50.21403434347693,7.978035160158059,1.8421658106312475,1.825893459362517,2
1768376155364142054,50.04122252057108,7.9130972606839025,1.8421658106312475,1.8260394054893114,2
1768376155439091268,49.93620280237154,7.952091449099553,1.8421658106312475,1.8261631840883945,2
1768376155489233745,50.3429233862327,8.034109350882844,1.8421658106312475,1.8257523844100465,2
1768376155564482640,11.567945114167255,10.327688938739007,1.7911148859660935,1.8270241916650463,2
1768376155639392610,15.212436522923811,10.237280968436298,1.7953600537822527,1.8262766407874955,2
1768376155689486998,15.254607549410215,10.208621052704807,1.7953600537822527,1.826227043129554,2
1768376155764130449,14.042992983784641,10.116600976491979,1.7947353839137739,1.8273128651517416,2
1768376155839495268,13.036319989852219,10.114259035267489,1.7936376921238149,1.8273460460948687,2
1768376155889005981,15.466823024627097,10.12793539897709,1.795635799982528,1.8259088540416282,2
1768376155964425566,12.104256341846087,10.048602783189754,1.793468391928849,1.827775327601641,2
1768376156039219146,17.20077510417162,10.269483833525214,1.7963070670104486,1.825416960574975,2
1768376156089223201,13.602630454527809,10.00330544628337,1.7957699095593382,1.8284045646265352,2
1768376156164203017,15.505824004981017,10.155067323917766,1.7957699095593382,1.8265027846060395,2
1768376156239409476,46.29758623622826,7.563717529997257,1.840575650152811,1.8269176769886062,2
1768376156289442568,45.956943876934275,7.652129124377366,1.840575650152811,1.8272810640111432,2
1768376156364014164,10.94435242540448,10.324378065016376,1.790378953428175,1.8265984971088225,2
1768376156439275307,15.500281640666858,10.24378272747088,1.7947121373810493,1.824265831140135,2
1768376157639124478,11.553438948412653,10.569674632029033,1.7892826434964353,1.8261742867164776,2
1768376157689720837,9.770003770796398,10.227280792961688,1.7901734792546544,1.8267783845842482,2
1768376157764075932,13.255609099127597,10.323487509595202,1.7925708999192098,1.8264568280064237,2
1768376157839007498,13.050282681088765,10.329010241163001,1.7925708999192098,1.8266570991346471,2
1768376157889568257,13.050282681088765,10.329010241163001,1.7925708999192098,1.8266570991346471,2
1768376157963875913,15.401452136187377,10.031092136241671,1.7959175678178814,1.826566937692991,2
1768376158039125461,15.663278790970736,10.054786206481152,1.7959175678178814,1.8263061429676533,2
1768376158089139963,15.90777805200383,10.132112012423788,1.7960436108157536,1.8256336367139376,2
1768376158164301899,13.082778539564188,10.015637384873827,1.7945089790361817,1.8276358963249353,2
1768376158239011112,12.121484270398053,9.645672750145623,1.7963667455772008,1.8288950605296186,2
1768376158639420787,14.225118882042365,10.101912691510233,1.7953229307782521,1.826349051821009,2
1768376158889717003,1.367142300767732,7.769434926119328,1.819619261458355,1.8272408351155855,2
1768376158964185340,0.1004274237670355,7.57178957634139,1.819619261458355,1.8257703349005692,2
1768376159039489249,0.20241245063190583,7.633549044522625,1.819619261458355,1.8260679547714802,2
1768376159089282522,1.0502951567115115,7.661379079115165,1.819619261458355,1.826918580151722,2
1768376159164074417,2.0369584209731784,7.860203944038841,1.819619261458355,1.8279243529583382,2
1768376159239143591,0.19003029224329282,7.654347973559891,1.819619261458355,1.8260610439348275,2
1768376159289130017,0.8282663940009094,7.763537737212276,1.819619261458355,1.8267070793365054,2
1768376159364973849,1.1672176124466471,7.772174261708661,1.819619261458355,1.8270511448192792,2
1768376159438960168,1.1217542444226236,7.652699258045128,1.819619261458355,1.8269864012170034,2
1768376159489534855,2.240117010999576,7.748447217964395,1.819619261458355,1.8281196608460861,2
1768376159564440598,0.6743859195175173,7.71779613681978,1.819619261458355,1.8265471830182682,2
1768376159639310770,0.28756461748136175,7.5918158297617175,1.819619261458355,1.8261461923366735,2
1768376159689305073,0.05604707814321763,7.581835038925074,1.819619261458355,1.8259179091143325,2
1768376159764099327,1.1984144613581549,7.793230231090648,1.819619261458355,1.8270754809625978,2
1768376159839406241,0.4308423679502127,7.652955797725438,1.819619261458355,1.8263030730955094,2
1768376159889500704,0.4308423679502127,7.652955797725438,1.819619261458355,1.8263030730955094,2
1768376159964281372,2.1186968595532374,7.742432832490569,1.819619261458355,1.8279961179338475,2
1768376160039161268,12.680623372835376,10.722041358451042,1.7890696652048343,1.8251793292469316,2
1768376160089356709,12.680623372835376,10.722041358451042,1.7890696652048343,1.8251793292469316,2
1768376160163889160,13.423752273404865,10.06266987009905,1.7942535786471578,1.8275634595065011,2
1768376160239348823,16.462238557620523,9.803035545971843,1.7991111724250262,1.8273010418990892,2
1768376160290146157,17.144472954942593,9.823289827440002,1.7991111724250262,1.8266238082143336,2
1768376160639287737,13.644571261916427,10.184901074420788,1.79363067984121,1.8261772871378088,2
1768376160689479907,13.644571261916427,10.184901074420788,1.79363067984121,1.8261772871378088,2
1768376160764364241,17.364279816928896,10.438526415374334,1.7948886394851746,1.8236481272595988,2
1768376160839461335,14.26928827348184,9.858067702649329,1.7965361144489207,1.8269039165040761,2
1768376160889949960,15.4029116172123,9.934561541485703,1.7965361144489207,1.8257756295311924,2
1768376161239390615,15.608078823043714,9.927850147063797,1.797061724750639,1.827020956761317,2
1768376161289442285,17.528098708177396,10.121950656465541,1.797061724750639,1.8250866645958665,2
1768376161364081619,10.980055034404801,10.250296126308347,1.7907291535745196,1.827039678979493,2
1768376161439006660,10.937480328399252,10.391109990358697,1.7900324933087082,1.8268908206658956,2
1768376161489391776,10.937480328399252,10.391109990358697,1.7900324933087082,1.8268908206658956,2
1768376161564164899,10.368218796044104,10.37644293335005,1.7900324933087082,1.8274530741692725,2
1768376161639104701,11.048642836949396,10.423494882706219,1.7900324933087082,1.8267682994709702,2
1768376161690009791,11.033307535839532,10.448148103876003,1.7900324933087082,1.826775204715799,2
1768376161764201337,13.029979797187119,10.654011182600744,1.7900324933087082,1.824783283458786,2
1768376161839247515,11.619862348960286,10.451358579408714,1.7900324933087082,1.8261995726789726,2
1768376161889652882,11.534501881943271,10.48146211277519,1.7900324933087082,1.8262823887001376,2
1768376161964088360,10.74371478200331,10.376097369672797,1.7900324933087082,1.8270715827904747,2
1768376162039106567,12.036245734859952,10.481384265239255,1.7900324933087082,1.8257869166377585,2
1768376162089718797,11.308731177223974,10.50934820132177,1.7900324933087082,1.8265006779968211,2
1768376162164490702,11.377445511825623,10.510420050019304,1.7900324933087082,1.8264446307427107,2
1768376162239375565,12.427431485306561,10.614511732091717,1.7900324933087082,1.8253894419067267,2
1768376162289314852,10.46366142859112,10.36026541003319,1.7900324933087082,1.827357393735869,2
1768376162364042494,11.598349813646935,10.418178836724318,1.7900324933087082,1.8262215767413421,2
1768376162439379635,11.780983189664473,10.564082866782195,1.7900324933087082,1.8260322320430622,2
1768376162490661081,9.987866772447118,10.34106547916422,1.7900324933087082,1.8278283774075843,2
1768376162639067852,15.174172723805501,10.040148104333326,1.796310176019537,1.8268781314217157,2
1768376162689497420,16.676200103550308,10.234694749356896,1.796310176019537,1.8253728216971046,2
1768376162764017210,16.856983301858364,10.084730625009204,1.7969128112949593,1.825777033351573,2
1768376162839324916,14.918426667764217,9.937355767403034,1.7963306005193915,1.8265296905827721,2
1768376162889462805,14.918426667764217,9.937355767403034,1.7963306005193915,1.8265296905827721,2
1768376162963883147,10.63914951242051,10.100511630615664,1.792091823666406,1.8267629109646515,2
1768376163039023170,9.620551510303388,10.305917871895058,1.7894955511051045,1.8266373123778727,2
1768376163089233620,9.909512062846293,10.334815984424576,1.7894955511051045,1.826363877217426,2
1768376163164036094,10.185095668411082,10.240509628694797,1.790728215711228,1.8265991460600421,2
1768376163239172295,9.681446843128771,10.476687335718283,1.788515535125989,1.825667002112363,2
1768376163289576865,9.681446843128771,10.476687335718283,1.788515535125989,1.825667002112363,2
1768376163639116451,15.232982920568627,10.17344531535048,1.795101439709699,1.8258211177451167,2
1768376163689307209,15.232982920568627,10.17344531535048,1.795101439709699,1.8258211177451167,2
1768376163764241594,8.462899038795824,10.33317488466698,1.7882299298894473,1.8272862280298299,2
1768376163838956155,13.861164175445806,10.414094136761653,1.7929847439520346,1.8265878120124623,2
1768376163889988402,13.861164175445806,10.414094136761653,1.7929847439520346,1.8265878120124623,2
1768376163964206342,13.151492244730667,10.29432576528675,1.7929847439520346,1.8273015317411196,2
1768376164039164595,13.157940550874825,10.259756387786748,1.7929847439520346,1.8273066803492202,2
1768376164089911392,13.157940550874825,10.259756387786748,1.7929847439520346,1.8273066803492202,2
1768376164164381018,13.780106806249526,10.376427136156652,1.7929847439520346,1.8266674208768983,2
1768376164239139746,13.399021591089744,10.3179481441737,1.7929847439520346,1.8270580136716137,2
1768376164289910824,13.203494688850403,10.313960337885826,1.7929847439520346,1.8272524128408991,2
1768376164364416835,15.277855676277818,10.48285868582955,1.7929847439520346,1.8251676474645477,2
1768376164439382660,14.816214527153315,10.49800363892481,1.7929847439520346,1.8256334864241206,2
1768376164489683327,13.377530793354797,10.311643424915438,1.7929847439520346,1.8270752464413593,2
1768376164564566377,15.049270680299598,10.501246953026701,1.7929847439520346,1.8254054731162213,2
1768376164639233469,44.85625527153192,7.73990505366393,1.8386656614494221,1.827023284077987,2
1768376164689471986,44.85625527153192,7.73990505366393,1.8386656614494221,1.827023284077987,2
1768376164763972025,45.222068518893764,7.773320149441033,1.8386656614494221,1.8266587981630673,2
1768376164839195541,46.31150116266802,7.919152675787896,1.8386656614494221,1.8255567426403079,2
1768376164889413503,46.31150116266802,7.919152675787896,1.8386656614494221,1.8255567426403079,2
1768376164964758026,44.9909423895829,7.651036811834449,1.8386656614494221,1.8268652803959213,2
1768376165039553271,45.40480783372236,7.7751214308020025,1.8386656614494221,1.8264571190389474,2
1768376165089523699,45.40480783372236,7.7751214308020025,1.8386656614494221,1.8264571190389474,2
1768376165164097265,14.024775701152015,10.098295195840521,1.794132018453868,1.8263568713406284,2
1768376165364391199,13.645082139607245,10.129024970392072,1.7939068808188239,1.8263933838082682,2
1768376165439294138,14.067329653689509,10.09347848939176,1.7940234478913555,1.826016661894323,2
1768376165489526830,14.067329653689509,10.09347848939176,1.7940234478913555,1.826016661894323,2
1768376165564402888,13.862346194780661,10.376530513616473,1.791980678035658,1.825099387105723,2
1768376165639336094,14.855781804852253,10.120794956544122,1.7956346175177946,1.8261447472787184,2
1768376165689827713,14.855781804852253,10.120794956544122,1.7956346175177946,1.8261447472787184,2
1768376165963966381,13.496857097621495,10.505077849982586,1.791290467172958,1.8261361032722798,2
1768376166039110673,9.61936061792179,10.450973096262196,1.7888884957516864,1.826650114579491,2
1768376166089694594,9.61936061792179,10.450973096262196,1.7888884957516864,1.826650114579491,2
1768376166164209616,10.86476942646164,10.53371733236057,1.7888884957516864,1.8253996975435878,2
1768376166239324514,10.552170189542132,10.444241424901657,1.7888884957516864,1.8257103852175316,2
1768376166295533913,10.552170189542132,10.444241424901657,1.7888884957516864,1.8257103852175316,2
1768376166364187355,8.346352838268567,10.316041755960029,1.7888884957516864,1.827931366089347,2
1768376166439040658,11.165520582878008,10.579155237922164,1.7888884957516864,1.8250988875458112,2
1768376166489771069,11.165520582878008,10.579155237922164,1.7888884957516864,1.8250988875458112,2
1768376166564538253,10.79703158723233,10.533205008800094,1.7888884957516864,1.8254776417520928,2
1768376166639163009,10.738497520790924,10.558114880721474,1.7888884957516864,1.8255265268471281,2
1768376166689705256,10.738497520790924,10.558114880721474,1.7888884957516864,1.8255265268471281,2
1768376166764123374,10.19905845573743,10.473038653868121,1.7888884957516864,1.826073879793519,2
1768376167639579638,11.423308715129643,10.086648707200094,1.7932805454787706,1.8284650626607888,2
1768376167689553751,11.423308715129643,10.086648707200094,1.7932805454787706,1.8284650626607888,2
1768376167764366946,11.602910555558843,10.287011948251564,1.7905180363559898,1.8257675443052364,2
1768376167839489841,11.115992885466275,10.27784475174272,1.7905180363559898,1.8262582311636797,2
1768376167889689387,11.115992885466275,10.27784475174272,1.7905180363559898,1.8262582311636797,2
1768376169765070921,13.044957546397562,10.495416846840245,1.7910559552422005,1.8259704096493665,2
1768376169839402146,13.32153545207504,10.234942892131333,1.793456349025432,1.8273256183949322,2
1768376169890253381,13.32153545207504,10.234942892131333,1.793456349025432,1.8273256183949322,2
1768376169964376121,10.519663772864396,10.193192389535225,1.7914990573748784,1.8276369355267474,2
1768376170039199135,13.342312864230488,10.107908755326326,1.7939517006971037,1.8263813434446245,2
1768376170089983880,13.342312864230488,10.107908755326326,1.7939517006971037,1.8263813434446245,2
1768376170164469004,17.61800964206106,10.42925952589072,1.7942595029437018,1.8264436575927472,2
