timestamp,dist_error_mm,angle_error_deg,est_dist_param_m,gt_center_dist_m,visible_gt_tags
1768375333119057953,3.287751896456026,9.023123666235827,1.8987716692187575,1.940115358628244,2
1768375333293355348,6.991078218245406,9.009761434001158,1.902133699649735,1.9377846567058408,2
1768375333443438884,5.732517514174473,9.099879051666948,1.9004205175812012,1.9387461360282006,2
1768375333618497661,4.869053348304231,8.844972531890049,1.9013909539615044,1.94018354511681,2
1768375333797339253,5.0603269557525365,9.11677115749867,1.8994528866267792,1.9380480927548283,2
1768375334118573178,9.329793489012417,9.178674439364714,1.9031994238697354,1.9367458742743686,2
1768375334443409530,6.095389992732736,9.222385534283966,1.9001075532436893,1.9384414108332622,2
1768375334618289670,7.2265025235369595,9.048386404312716,1.902401696654177,1.9385374897237546,2
1768375335118411748,7.707581861271295,8.739044623903158,1.9047041194190488,1.939847576901749,2
1768375335268534490,6.4610341153052975,8.98964377584594,1.9018411234561916,1.939251908913824,2
1768375335443536920,8.87831398515937,9.181436658850435,1.902694115081597,1.937686025164781,2
1768375335768447441,8.472402863414885,9.595007946387243,1.8995517048479305,1.9362630673170929,2
1768375335943539801,8.517536229048384,9.282096390971505,1.9018870564561763,1.937024116459761,2
1768375336118278782,6.387125945265915,8.757324121824508,1.9032912886847477,1.9397032264658094,2
1768375336269055575,9.557837297028415,9.045584243881969,1.9045790897969277,1.9384884845386643,2
1768375336618602942,6.934447325308124,8.920669876064517,1.9028591969821576,1.939325803675391,2
1768375336943441638,5.530839155700074,9.143289137642435,1.899517218896386,1.938093760839485,2
1768375337118622949,6.532368742624639,9.08026786344789,1.9012651713933824,1.9384427112734208,2
1768375337443616703,8.341100636915844,9.223536297084754,1.902557858403815,1.937879758175778,2
1768375337618277542,6.176284990510039,8.897588118050914,1.9022630210349458,1.9392380790489265,2
1768375337943791248,8.832190882919866,9.120190130751924,1.903614348649744,1.9382608089342446,2
1768375338268984709,6.294625091374018,9.207555835088854,1.900324048635821,1.938085740147153,2
1768375338443800355,6.2906958709940675,9.107890045206354,1.9009165534573702,1.9390592954863808,2
1768375338618273476,6.403758232663037,9.149755325438711,1.9007424861677664,1.9379329159671455,2
1768375338793704165,2.3687413931570145,9.093635996402314,1.8968483171031942,1.9397540150193977,2
1768375338943534262,8.324214708687494,9.118578256486321,1.902830679776448,1.9379726070442065,2
1768375339118319326,9.399246988592846,9.06366709563341,1.904114225022497,1.9387335247450996,2
1768375339268570344,6.950349794762722,9.440724583692386,1.8993107480485212,1.937170700944585,2
1768375339443412787,6.765752785217849,9.083735158936564,1.9015530656475816,1.937593286040031,2
1768375339768876189,8.957553539092888,9.186000068966994,1.9025021461258438,1.9373145680825032,2
1768375339943543859,5.98093266692179,8.905705225159839,1.9030007717890784,1.9409549369088397,2
1768375340118399555,6.640556433071154,9.028479627276951,1.9014090592667159,1.9391386435534541,2
1768375340618459845,7.239018851654677,8.997182041208797,1.9030918034719235,1.9397918892348307,2
1768375340768335786,7.542264455515202,9.280882777388985,1.899916866680817,1.9365486480811163,2
1768375340943440346,6.826030039250641,9.29960264430455,1.900313121496834,1.9380844829142356,2
1768375341118354914,4.052240238579641,9.155820284117553,1.898300622561935,1.9390388072778042,2
1768375341268683019,6.1667728390615295,8.951418987146683,1.9013826733937789,1.9387257217412097,2
1768375341443472988,5.964635170860655,8.679992936867345,1.9038509333895226,1.9406382580977708,2
1768375341943568636,7.283744834016614,9.26638598672149,1.9004112105262039,1.9373696418557511,2
1768375342443433980,7.8546975448872125,9.29534405715767,1.9014680961814039,1.9376055363504403,2
1768375342618727188,7.1373763833748605,8.969979742247023,1.9027450692264298,1.938601070660788,2
1768375342768360030,6.089651642074534,8.908948894271775,1.90202090962583,1.9394964005821909,2
1768375343301568907,8.755982816444963,9.155329875168153,1.903193491792248,1.9383653415980842,2
1768375343443459922,6.927858949730803,8.917442214146975,1.9028095921430204,1.9388023630493083,2
1768375343618327317,7.956351969486075,9.107406028077083,1.9028013551715008,1.9381518298561196,2
1768375343768491650,8.130004005326708,9.084915209036058,1.902562468953144,1.9382414838517832,2
1768375343943620102,8.767090593386095,9.179807022413279,1.9024108652829526,1.9371517961114135,2
1768375344293775242,5.838712028458204,9.149344985858685,1.9004358722579533,1.9386148019554987,2
1768375344443323952,5.115862308429753,9.04997107443619,1.8999472532410484,1.9391048951606915,2
1768375344618490705,6.574990977581852,8.973282257552123,1.9023317794485122,1.939872320791242,2
1768375344769095348,6.5938822903433,9.03963757459177,1.9019447048865656,1.9384982359459122,2
1768375344943832788,7.097537190775327,9.01385670908741,1.90183382412645,1.9382261617659184,2
1768375345118415813,9.264526375413862,9.372081164890112,1.9020129221551407,1.9370412768970426,2
1768375345443560918,4.831980852147977,9.147164252363805,1.8993695204438472,1.9387289547631918,2
1768375345793550705,6.425557088619138,9.103124388360243,1.9008600948686254,1.9386832190232133,2
1768375345943537025,9.120289374852764,9.318400248044393,1.9016926532563574,1.9364338940545691,2
1768375346443449596,5.45158245653421,8.888904180648998,1.9019397243164302,1.9398858008946596,2
1768375346618438301,7.964034677830245,9.109124842757762,1.9024023438622566,1.9377691856205226,2
1768375346793467115,8.752366938148404,9.165021807472714,1.9026192059792597,1.9375338406902631,2
1768375347118373608,7.014489621903097,9.002203351424447,1.9020083826924061,1.9384059309387918,2
1768375347268362810,5.75267666874657,8.89916642991811,1.9019857659512618,1.9396260853550336,2
1768375347618485109,7.16933315634849,8.869170731654755,1.9036518460641347,1.939272663891023,2
1768375347944475822,7.691256286169734,9.175130948848766,1.901589851032895,1.9378248364281268,2
1768375348268674788,6.457523718378599,8.902597235694081,1.9025507052838047,1.938971388446807,2
1768375348443485130,9.500373246543958,9.119706135159662,1.9039329654732997,1.9380795951678715,2
1768375348618471322,6.663927340370801,9.006442089930204,1.9021103179588823,1.9390094345517124,2
1768375348943458973,9.094924356768619,8.720799545898243,1.9064633032195726,1.9390978031016997,2
1768375349268311765,8.018205578321558,9.152071579682563,1.902467088596863,1.9387876150782337,2
1768375349443634862,6.914549441469742,9.024825300286183,1.9019794365610838,1.9381035107702334,2
1768375349618370835,5.794100195490426,8.78201978764611,1.9025869996252893,1.9407503006518703,2
1768375349768953015,7.518312698811203,9.026435065183605,1.9024057373248733,1.938338115250332,2
1768375350118261319,9.421148810575097,8.942524864431931,1.904803036997535,1.9378670084002754,2
1768375350268418352,5.18391461476253,9.31579488392434,1.898819993578745,1.9380954532614192,2
1768375350943556923,7.402481891874535,8.883353181933655,1.903198961453909,1.9388540062799335,2
1768375351118502638,7.845525147914367,9.07643934889638,1.9026842491609426,1.9381596000669894,2
1768375351269173717,5.102628960363287,9.15051784679225,1.8992831128094059,1.939327885320142,2
1768375351443486069,7.972980479171943,9.196009774012762,1.9014862925404938,1.9371633423730648,2
1768375351618294387,6.623017913528484,9.36550813904503,1.899912122471544,1.9375800233978326,2
1768375351943617727,6.082626184403583,8.940731546229195,1.9014843286461907,1.9387617845603256,2
1768375352118361914,6.451501214626232,8.82513609471686,1.9035070464901493,1.939476734097493,2
1768375352443548760,6.4219971686847455,9.055002895087854,1.9014164668911306,1.9393149394355862,2
1768375352618544691,7.778931013785018,9.321166841273932,1.9009041496846673,1.9374021832615722,2
1768375352768623201,8.860441853309808,9.024324309418192,1.904096532024858,1.9376508925316838,2
1768375352943778938,8.721009867888707,9.242171305806787,1.9015028532488443,1.9366787347302583,2
1768375353118367906,5.841133179660618,9.056519956476752,1.901057246182281,1.9391645790616885,2
1768375353268966698,6.769524963792906,9.10707811864316,1.9013403480056128,1.9383942022173315,2
1768375353443590387,8.170526288553415,9.142031867731822,1.902426162161574,1.937705613541106,2
1768375353768963873,4.205365586622101,9.104262033077374,1.899153771877202,1.9391346454312728,2
1768375354118530754,7.92905393822374,8.776285262143011,1.9050077389905973,1.939712900929706,2
1768375354443596049,7.560358601302664,9.380237916164194,1.8999899699553855,1.9364093192374192,2
1768375354618415190,7.471768033796122,9.260227255328553,1.9004586801319292,1.9369639896030526,2
1768375354768545248,3.65282288264579,8.752826038726692,1.9006004296256178,1.940781771205349,2
1768375374894360207,6.927858949730803,8.917442214146975,1.9028095921430204,1.9388023630493083,2
1768375374969879849,7.956351969486075,9.107406028077083,1.9028013551715008,1.9381518298561196,2
1768375375044441411,8.130004005326708,9.084915209036058,1.902562468953144,1.9382414838517832,2
1768375375094354065,8.767090593386095,9.179807022413279,1.9024108652829526,1.9371517961114135,2
1768375375244002800,5.838712028458204,9.149344985858685,1.9004358722579533,1.9386148019554987,2
1768375375294589227,5.115862308429753,9.04997107443619,1.8999472532410484,1.9391048951606915,2
1768375375369608707,6.574990977581852,8.973282257552123,1.9023317794485122,1.939872320791242,2
1768375375444396438,6.5938822903433,9.03963757459177,1.9019447048865656,1.9384982359459122,2
1768375375494438761,7.097537190775327,9.01385670908741,1.90183382412645,1.9382261617659184,2
1768375375568958570,9.264526375413862,9.372081164890112,1.9020129221551407,1.9370412768970426,2
1768375375694447625,4.831980852147977,9.147164252363805,1.8993695204438472,1.9387289547631918,2
1768375375843942832,6.425557088619138,9.103124388360243,1.9008600948686254,1.9386832190232133,2
1768375375894673873,9.120289374852764,9.318400248044393,1.9016926532563574,1.9364338940545691,2
1768375376093923112,5.45158245653421,8.888904180648998,1.9019397243164302,1.9398858008946596,2
1768375376169080700,7.964034677830245,9.109124842757762,1.9024023438622566,1.9377691856205226,2
1768375376244138717,8.752366938148404,9.165021807472714,1.9026192059792597,1.9375338406902631,2
1768375376369550571,7.014489621903097,9.002203351424447,1.9020083826924061,1.9384059309387918,2
1768375376444201140,5.75267666874657,8.89916642991811,1.9019857659512618,1.9396260853550336,2
1768375376569647700,7.16933315634849,8.869170731654755,1.9036518460641347,1.939272663891023,2
1768375376694381211,7.691256286169734,9.175130948848766,1.901589851032895,1.9378248364281268,2
1768375376844408046,6.457523718378599,8.902597235694081,1.9025507052838047,1.938971388446807,2
1768375376894328324,9.500373246543958,9.119706135159662,1.9039329654732997,1.9380795951678715,2
1768375376969459652,6.663927340370801,9.006442089930204,1.9021103179588823,1.9390094345517124,2
1768375377093939128,9.094924356768619,8.720799545898243,1.9064633032195726,1.9390978031016997,2
1768375377244262490,8.018205578321558,9.152071579682563,1.902467088596863,1.9387876150782337,2
1768375377294080901,6.914549441469742,9.024825300286183,1.9019794365610838,1.9381035107702334,2
1768375377369188442,5.794100195490426,8.78201978764611,1.9025869996252893,1.9407503006518703,2
1768375377443896023,7.518312698811203,9.026435065183605,1.9024057373248733,1.938338115250332,2
1768375377569123346,9.421148810575097,8.942524864431931,1.904803036997535,1.9378670084002754,2
1768375377644273271,5.18391461476253,9.31579488392434,1.898819993578745,1.9380954532614192,2
1768375377893974824,7.402481891874535,8.883353181933655,1.903198961453909,1.9388540062799335,2
1768375377969298916,7.845525147914367,9.07643934889638,1.9026842491609426,1.9381596000669894,2
1768375378044020126,5.102628960363287,9.15051784679225,1.8992831128094059,1.939327885320142,2
1768375378093930010,7.972980479171943,9.196009774012762,1.9014862925404938,1.9371633423730648,2
1768375378169590109,6.623017913528484,9.36550813904503,1.899912122471544,1.9375800233978326,2
1768375378294681415,6.082626184403583,8.940731546229195,1.9014843286461907,1.9387617845603256,2
1768375378369690933,6.451501214626232,8.82513609471686,1.9035070464901493,1.939476734097493,2
1768375378494327123,6.4219971686847455,9.055002895087854,1.9014164668911306,1.9393149394355862,2
1768375378569129233,7.778931013785018,9.321166841273932,1.9009041496846673,1.9374021832615722,2
1768375378644460597,8.860441853309808,9.024324309418192,1.904096532024858,1.9376508925316838,2
1768375378694226005,8.721009867888707,9.242171305806787,1.9015028532488443,1.9366787347302583,2
1768375378769237660,5.841133179660618,9.056519956476752,1.901057246182281,1.9391645790616885,2
1768375378844177585,6.769524963792906,9.10707811864316,1.9013403480056128,1.9383942022173315,2
1768375378893956200,8.170526288553415,9.142031867731822,1.902426162161574,1.937705613541106,2
1768375379044480652,4.205365586622101,9.104262033077374,1.899153771877202,1.9391346454312728,2
1768375379169274515,7.92905393822374,8.776285262143011,1.9050077389905973,1.939712900929706,2
1768375379293997479,7.560358601302664,9.380237916164194,1.8999899699553855,1.9364093192374192,2
1768375379369223533,7.471768033796122,9.260227255328553,1.9004586801319292,1.9369639896030526,2
1768375379444385349,3.65282288264579,8.752826038726692,1.9006004296256178,1.940781771205349,2
1768375379569256298,6.495032423233571,8.916502781166308,1.902143058850565,1.9396609448977018,2
1768375379694431015,4.216811559382805,9.162539040830948,1.898130587621676,1.9379540977672827,2
1768375379769230565,5.389448509866002,9.20471103737136,1.8992902031384808,1.9383048608303495,2
1768375379894350670,7.52725403170551,9.054415666543909,1.9022477489725824,1.938384160548569,2
1768375379969595260,6.425637011746588,8.845808654573016,1.9027161101166183,1.9391331354441677,2
1768375380044338842,6.872223013682843,9.27204665799223,1.9006988503894355,1.9379087394384524,2
1768375380094487916,6.770637620337583,8.8926899295721,1.9029289982632271,1.9394648140780344,2
1768375380169233424,8.189009003612746,9.167770807715083,1.9023458021815622,1.9373435143853837,2
1768375380244216818,8.663260782581617,9.093816709895895,1.9033781554334632,1.9378999954055316,2
1768375380294132291,4.843158548357263,9.282038988224173,1.8980222140797025,1.9380046933660935,2
1768375380369276957,7.958793228412642,9.148708460548953,1.9022344619410303,1.9378663312964548,2
1768375380569717429,8.503983368106427,9.120541441525184,1.9029968695286386,1.9377235089248614,2
1768375380644513320,8.27955164393046,9.42222221080624,1.9007737601903314,1.9365416476373634,2
1768375380694201414,6.800837234053558,9.088601500962442,1.901526483521342,1.9386273269594487,2
1768375380769644434,6.026598476161604,8.860986892979136,1.9021563121116116,1.9393613545156763,2
1768375380843854872,8.544859985904152,8.972145005436948,1.9040782456672194,1.9380359956192912,2
1768375380893955435,7.795526772405914,9.259112993284782,1.9009575879106955,1.9379986024473326,2
1768375380969175205,7.512982454838113,9.04215123489928,1.9027862509499867,1.9385208065179653,2
1768375381044069706,7.624918579855144,9.093262919157485,1.9023481548291508,1.9377164981411694,2
1768375381244775189,5.849308042861434,8.962157544440839,1.9017422921185685,1.9388469174623983,2
1768375381294258550,8.60520466043413,9.121376231369334,1.90268550906435,1.9372021837772453,2
1768375381369159755,6.820020651202796,9.165049684674802,1.9011291425182792,1.9378546607673237,2
1768375381444705519,6.624200346168729,8.858630048384336,1.903439698862435,1.9400760290639092,2
1768375381494279322,7.505147647493882,9.313955446422915,1.9009446090768702,1.937564140601516,2
1768375381569103126,5.517374360499039,9.001101777392563,1.9006832356229402,1.938972776429475,2
1768375381769220542,5.158046497953928,8.89533373892315,1.9012386331991673,1.9396104489513388,2
1768375381894241752,3.6645607689329562,8.738418015964694,1.9012431518995467,1.9406290641332486,2
1768375382044535270,6.41951185611167,9.131891979790145,1.9008588957880823,1.938447834926465,2
1768375382094037299,7.095682992699137,9.165717346042996,1.9009618633902887,1.9377886333337935,2
1768375382169599011,7.318161277261037,9.170310546173901,1.9011956245362154,1.9377610736793904,2
1768375382244985079,4.988037324676231,8.865260699964697,1.9011221070770947,1.939886845335758,2
1768375382294065363,5.44733562069899,9.08375809627507,1.9001148047606586,1.938847919299791,2
1768375382494046747,4.704783797348178,9.238667345743437,1.8990238441336755,1.939121971145082,2
1768375382569260455,6.905528363448488,9.059541415239174,1.901409925594809,1.9385767054881238,2
1768375382644825321,7.337534359930453,9.13670167836174,1.9018352068212299,1.9389372234968525,2
1768375382694094310,6.142280242133813,9.14197325719655,1.9002546959172175,1.938469396949606,2
1768375382769212096,7.333084328228434,8.844170344339853,1.9039261257075273,1.939364911919544,2
1768375382894004223,6.24610596836761,8.900789315398898,1.9023923383063917,1.9391731805730055,2
1768375382969332159,5.972768772591008,8.85138714017259,1.9022904264004108,1.9397803253032182,2
1768375383044640400,7.356437157920892,9.004318455761059,1.9026101470227328,1.937971888754103,2
1768375383094259715,8.063340389635743,9.099934827064654,1.9026026483929699,1.9385860949366929,2
1768375383169379396,3.0557254922307653,9.159310307012108,1.8978071070314262,1.9395569375659518,2
1768375383245743502,6.056308726296145,9.03557493642297,1.9014271166130696,1.9392232171937052,2
1768375383294248587,4.722138313369761,9.246420934684965,1.89803363345349,1.9383995317497031,2
1768375383569122938,5.203791420995696,8.945698233996008,1.9011286059599621,1.9394148322738622,2
1768375383694071278,6.671814417489541,9.107597686931296,1.9011147360533107,1.9384304782853303,2
1768375383769191116,8.381900167745648,8.978677168470771,1.903845408232051,1.9384628894859155,2
1768375383846201969,4.365757200334164,9.027811534947011,1.899652042642792,1.940570109009387,2
1768375383894381005,6.639708072431638,8.94501661804176,1.9029757371534894,1.9396234976751603,2
1768375383969696344,8.364194545513515,9.013041704975663,1.9037529920631402,1.939049413783076,2
1768375384094480492,4.574441624597192,9.065758457311114,1.8995019298208429,1.938479526598697,2
1768375384169575570,7.642804706624817,9.389358078427104,1.9002166001034733,1.9375543547817762,2
1768375384294326232,3.422170081917919,8.992507621059268,1.8991659058718766,1.940267408476577,2
1768375384369155088,6.293604767604544,9.177478360910143,1.9005570754146413,1.9391307695807156,2
1768375384445684687,8.632827824005762,9.001991790307397,1.90348502031233,1.9383371185979623,2
1768375384493999097,5.834975169656698,8.79517225512084,1.9027347451922945,1.940245320645875,2
1768375384569684774,5.051231311217208,9.10717272750986,1.899456049358537,1.938045752494998,2
1768375384645949731,7.817435684307039,9.054078177094791,1.902474244899874,1.9378272312531062,2
1768375384694141032,7.4057602974051395,9.201561712385024,1.9012078813676538,1.9378711449827568,2
1768375384845141987,4.008895276667035,9.252944513021259,1.8977848564333502,1.9388625348481194,2
1768375384894388930,8.283746658856783,9.086827288633916,1.9033289737111112,1.937810703557623,2
1768375384969527451,7.180145396540327,9.004808255146427,1.9024971131784636,1.9384042142996374,2
1768375385046164972,6.330623050153861,8.790738785203892,1.9033729679028994,1.9401490488476985,2
1768375385094509257,8.819106702695256,9.284519849240276,1.9015767765281877,1.9365363818659427,2
1768375385169181293,7.130968823228612,8.994751223505382,1.9023846458748646,1.938860650839923,2
1768375385246490187,6.7556641764277,9.455182174093347,1.8985954919625956,1.936623297183452,2
1768375385369127445,8.283795310484399,9.11653170066869,1.9029212886065168,1.9371794985607393,2
1768375385446269703,8.786385522945306,9.040478290895999,1.9032230120219211,1.9378310304737967,2
1768375385494065477,8.500239130790899,9.314977612641933,1.9012053172744472,1.9368893835192116,2
1768375385569580769,4.072248555198943,8.855509702944403,1.9011484237637755,1.939969820679882,2
1768375385646143609,5.581571837012023,9.071406424253647,1.9011744600042746,1.9388551706280825,2
1768376213245749351,6.294625091374018,9.207555835088854,1.900324048635821,1.938085740147153,2
1768376213294799077,6.2906958709940675,9.107890045206354,1.9009165534573702,1.9390592954863808,2
1768376213370139578,6.403758232663037,9.149755325438711,1.9007424861677664,1.9379329159671455,2
1768376213419647227,2.3687413931570145,9.093635996402314,1.8968483171031942,1.9397540150193977,2
1768376213501953312,8.324214708687494,9.118578256486321,1.902830679776448,1.9379726070442065,2
1768376213570100982,9.399246988592846,9.06366709563341,1.904114225022497,1.9387335247450996,2
1768376213619984700,6.950349794762722,9.440724583692386,1.8993107480485212,1.937170700944585,2
1768376213703189964,6.765752785217849,9.083735158936564,1.9015530656475816,1.937593286040031,2
1768376213819714917,8.957553539092888,9.186000068966994,1.9025021461258438,1.9373145680825032,2
1768376213901937091,5.98093266692179,8.905705225159839,1.9030007717890784,1.9409549369088397,2
1768376213970242952,6.640556433071154,9.028479627276951,1.9014090592667159,1.9391386435534541,2
1768376214170710378,7.239018851654677,8.997182041208797,1.9030918034719235,1.9397918892348307,2
1768376214219826802,7.542264455515202,9.280882777388985,1.899916866680817,1.9365486480811163,2
1768376214302700349,6.826030039250641,9.29960264430455,1.900313121496834,1.9380844829142356,2
1768376214370305045,4.052240238579641,9.155820284117553,1.898300622561935,1.9390388072778042,2
1768376214419743618,6.1667728390615295,8.951418987146683,1.9013826733937789,1.9387257217412097,2
1768376214502217567,5.964635170860655,8.679992936867345,1.9038509333895226,1.9406382580977708,2
1768376214702089280,7.283744834016614,9.26638598672149,1.9004112105262039,1.9373696418557511,2
1768376214895062868,7.8546975448872125,9.29534405715767,1.9014680961814039,1.9376055363504403,2
1768376214970614667,7.1373763833748605,8.969979742247023,1.9027450692264298,1.938601070660788,2
1768376215019695876,6.089651642074534,8.908948894271775,1.90202090962583,1.9394964005821909,2
1768376215220186844,8.755982816444963,9.155329875168153,1.903193491792248,1.9383653415980842,2
1768376215303210020,6.927858949730803,8.917442214146975,1.9028095921430204,1.9388023630493083,2
1768376215370278566,7.956351969486075,9.107406028077083,1.9028013551715008,1.9381518298561196,2
1768376215419899056,8.130004005326708,9.084915209036058,1.902562468953144,1.9382414838517832,2
1768376215502348332,8.767090593386095,9.179807022413279,1.9024108652829526,1.9371517961114135,2
1768376215619647751,5.838712028458204,9.149344985858685,1.9004358722579533,1.9386148019554987,2
1768376215703381074,5.115862308429753,9.04997107443619,1.8999472532410484,1.9391048951606915,2
1768376215770371115,6.574990977581852,8.973282257552123,1.9023317794485122,1.939872320791242,2
1768376215819746791,6.5938822903433,9.03963757459177,1.9019447048865656,1.9384982359459122,2
1768376215902739782,7.097537190775327,9.01385670908741,1.90183382412645,1.9382261617659184,2
1768376215971149420,9.264526375413862,9.372081164890112,1.9020129221551407,1.9370412768970426,2
1768376216102604616,4.831980852147977,9.147164252363805,1.8993695204438472,1.9387289547631918,2
1768376216219694520,6.425557088619138,9.103124388360243,1.9008600948686254,1.9386832190232133,2
1768376216295659304,9.120289374852764,9.318400248044393,1.9016926532563574,1.9364338940545691,2
1768376216494978559,5.45158245653421,8.888904180648998,1.9019397243164302,1.9398858008946596,2
1768376216571208706,7.964034677830245,9.109124842757762,1.9024023438622566,1.9377691856205226,2
1768376216619633461,8.752366938148404,9.165021807472714,1.9026192059792597,1.9375338406902631,2
1768376216771038499,7.014489621903097,9.002203351424447,1.9020083826924061,1.9384059309387918,2
1768376216819851263,5.75267666874657,8.89916642991811,1.9019857659512618,1.9396260853550336,2
1768376216971759288,7.16933315634849,8.869170731654755,1.9036518460641347,1.939272663891023,2
1768376217095331227,7.691256286169734,9.175130948848766,1.901589851032895,1.9378248364281268,2
1768376217219636739,6.457523718378599,8.902597235694081,1.9025507052838047,1.938971388446807,2
1768376217295334501,9.500373246543958,9.119706135159662,1.9039329654732997,1.9380795951678715,2
1768376217370875278,6.663927340370801,9.006442089930204,1.9021103179588823,1.9390094345517124,2
1768376217503506595,9.094924356768619,8.720799545898243,1.9064633032195726,1.9390978031016997,2
1768376217619834944,8.018205578321558,9.152071579682563,1.902467088596863,1.9387876150782337,2
1768376217695418968,6.914549441469742,9.024825300286183,1.9019794365610838,1.9381035107702334,2
1768376217770498446,5.794100195490426,8.78201978764611,1.9025869996252893,1.9407503006518703,2
1768376217819993293,7.518312698811203,9.026435065183605,1.9024057373248733,1.938338115250332,2
1768376217972336077,9.421148810575097,8.942524864431931,1.904803036997535,1.9378670084002754,2
1768376218020064576,5.18391461476253,9.31579488392434,1.898819993578745,1.9380954532614192,2
1768376218302582647,7.402481891874535,8.883353181933655,1.903198961453909,1.9388540062799335,2
1768376218372077035,7.845525147914367,9.07643934889638,1.9026842491609426,1.9381596000669894,2
1768376218420100091,5.102628960363287,9.15051784679225,1.8992831128094059,1.939327885320142,2
1768376218495068273,7.972980479171943,9.196009774012762,1.9014862925404938,1.9371633423730648,2
1768376218570665321,6.623017913528484,9.36550813904503,1.899912122471544,1.9375800233978326,2
1768376218695288486,6.082626184403583,8.940731546229195,1.9014843286461907,1.9387617845603256,2
1768376218771265926,6.451501214626232,8.82513609471686,1.9035070464901493,1.939476734097493,2
1768376218895482427,6.4219971686847455,9.055002895087854,1.9014164668911306,1.9393149394355862,2
1768376218971278624,7.778931013785018,9.321166841273932,1.9009041496846673,1.9374021832615722,2
1768376219019700112,8.860441853309808,9.024324309418192,1.904096532024858,1.9376508925316838,2
1768376219095649906,8.721009867888707,9.242171305806787,1.9015028532488443,1.9366787347302583,2
1768376219171473400,5.841133179660618,9.056519956476752,1.901057246182281,1.9391645790616885,2
1768376219220025112,6.769524963792906,9.10707811864316,1.9013403480056128,1.9383942022173315,2
1768376219294925327,8.170526288553415,9.142031867731822,1.902426162161574,1.937705613541106,2
1768376219419820278,4.205365586622101,9.104262033077374,1.899153771877202,1.9391346454312728,2
1768376219571165067,7.92905393822374,8.776285262143011,1.9050077389905973,1.939712900929706,2
1768376219695119197,7.560358601302664,9.380237916164194,1.8999899699553855,1.9364093192374192,2
1768376219772328426,7.471768033796122,9.260227255328553,1.9004586801319292,1.9369639896030526,2
1768376219819913324,3.65282288264579,8.752826038726692,1.9006004296256178,1.940781771205349,2
1768376219970987862,6.495032423233571,8.916502781166308,1.902143058850565,1.9396609448977018,2
1768376220095501768,4.216811559382805,9.162539040830948,1.898130587621676,1.9379540977672827,2
1768376220171336180,5.389448509866002,9.20471103737136,1.8992902031384808,1.9383048608303495,2
1768376220295058526,7.52725403170551,9.054415666543909,1.9022477489725824,1.938384160548569,2
1768376220371392120,6.425637011746588,8.845808654573016,1.9027161101166183,1.9391331354441677,2
1768376220419591043,6.872223013682843,9.27204665799223,1.9006988503894355,1.9379087394384524,2
1768376220495069852,6.770637620337583,8.8926899295721,1.9029289982632271,1.9394648140780344,2
1768376220573177716,8.189009003612746,9.167770807715083,1.9023458021815622,1.9373435143853837,2
1768376220619759531,8.663260782581617,9.093816709895895,1.9033781554334632,1.9378999954055316,2
1768376220695275414,4.843158548357263,9.282038988224173,1.8980222140797025,1.9380046933660935,2
1768376220770963313,7.958793228412642,9.148708460548953,1.9022344619410303,1.9378663312964548,2
1768376220971380311,8.503983368106427,9.120541441525184,1.9029968695286386,1.9377235089248614,2
1768376221020061517,8.27955164393046,9.42222221080624,1.9007737601903314,1.9365416476373634,2
1768376221095283441,6.800837234053558,9.088601500962442,1.901526483521342,1.9386273269594487,2
1768376221171914722,6.026598476161604,8.860986892979136,1.9021563121116116,1.9393613545156763,2
1768376221219840073,8.544859985904152,8.972145005436948,1.9040782456672194,1.9380359956192912,2
1768376221295155305,7.795526772405914,9.259112993284782,1.9009575879106955,1.9379986024473326,2
1768376221372522035,7.512982454838113,9.04215123489928,1.9027862509499867,1.9385208065179653,2
1768376221419923766,7.624918579855144,9.093262919157485,1.9023481548291508,1.9377164981411694,2
1768376221619843645,5.849308042861434,8.962157544440839,1.9017422921185685,1.9388469174623983,2
1768376221695169073,8.60520466043413,9.121376231369334,1.90268550906435,1.9372021837772453,2
1768376221772333272,6.820020651202796,9.165049684674802,1.9011291425182792,1.9378546607673237,2
1768376221819986131,6.624200346168729,8.858630048384336,1.903439698862435,1.9400760290639092,2
1768376221895028520,7.505147647493882,9.313955446422915,1.9009446090768702,1.937564140601516,2
1768376221973967605,5.517374360499039,9.001101777392563,1.9006832356229402,1.938972776429475,2
1768376222173162810,5.158046497953928,8.89533373892315,1.9012386331991673,1.9396104489513388,2
1768376222295158533,3.6645607689329562,8.738418015964694,1.9012431518995467,1.9406290641332486,2
1768376222419778184,6.41951185611167,9.131891979790145,1.9008588957880823,1.938447834926465,2
1768376222494822379,7.095682992699137,9.165717346042996,1.9009618633902887,1.9377886333337935,2
1768376222574083139,7.318161277261037,9.170310546173901,1.9011956245362154,1.9377610736793904,2
1768376222620196641,4.988037324676231,8.865260699964697,1.9011221070770947,1.939886845335758,2
1768376222694958253,5.44733562069899,9.08375809627507,1.9001148047606586,1.938847919299791,2
1768376222894817076,4.704783797348178,9.238667345743437,1.8990238441336755,1.939121971145082,2
1768376222972170675,6.905528363448488,9.059541415239174,1.901409925594809,1.9385767054881238,2
1768376223019960903,7.337534359930453,9.13670167836174,1.9018352068212299,1.9389372234968525,2
1768376223095026447,6.142280242133813,9.14197325719655,1.9002546959172175,1.938469396949606,2
1768376223172383226,7.333084328228434,8.844170344339853,1.9039261257075273,1.939364911919544,2
1768376223294859691,6.24610596836761,8.900789315398898,1.9023923383063917,1.9391731805730055,2
1768376223373613694,5.972768772591008,8.85138714017259,1.9022904264004108,1.9397803253032182,2
1768376223419727519,7.356437157920892,9.004318455761059,1.9026101470227328,1.937971888754103,2
1768376223494868292,8.063340389635743,9.099934827064654,1.9026026483929699,1.9385860949366929,2
1768376223573351902,3.0557254922307653,9.159310307012108,1.8978071070314262,1.9395569375659518,2
1768376223621286902,6.056308726296145,9.03557493642297,1.9014271166130696,1.9392232171937052,2
1768376223695220350,4.722138313369761,9.246420934684965,1.89803363345349,1.9383995317497031,2
1768376223974152078,5.203791420995696,8.945698233996008,1.9011286059599621,1.9394148322738622,2
1768376224094946054,6.671814417489541,9.107597686931296,1.9011147360533107,1.9384304782853303,2
1768376224173571725,8.381900167745648,8.978677168470771,1.903845408232051,1.9384628894859155,2
1768376224221349710,4.365757200334164,9.027811534947011,1.899652042642792,1.940570109009387,2
1768376224295204158,6.639708072431638,8.94501661804176,1.9029757371534894,1.9396234976751603,2
1768376224373695982,8.364194545513515,9.013041704975663,1.9037529920631402,1.939049413783076,2
1768376224494876220,4.574441624597192,9.065758457311114,1.8995019298208429,1.938479526598697,2
1768376224573778739,7.642804706624817,9.389358078427104,1.9002166001034733,1.9375543547817762,2
1768376224695114373,3.422170081917919,8.992507621059268,1.8991659058718766,1.940267408476577,2
1768376224773393232,6.293604767604544,9.177478360910143,1.9005570754146413,1.9391307695807156,2
1768376224820882248,8.632827824005762,9.001991790307397,1.90348502031233,1.9383371185979623,2
1768376224894987348,5.834975169656698,8.79517225512084,1.9027347451922945,1.940245320645875,2
1768376224973400631,5.051231311217208,9.10717272750986,1.899456049358537,1.938045752494998,2
1768376225020542751,7.817435684307039,9.054078177094791,1.902474244899874,1.9378272312531062,2
1768376225095080103,7.4057602974051395,9.201561712385024,1.9012078813676538,1.9378711449827568,2
1768376225221598223,4.008895276667035,9.252944513021259,1.8977848564333502,1.9388625348481194,2
1768376225295180379,8.283746658856783,9.086827288633916,1.9033289737111112,1.937810703557623,2
1768376225374540620,7.180145396540327,9.004808255146427,1.9024971131784636,1.9384042142996374,2
1768376225421289274,6.330623050153861,8.790738785203892,1.9033729679028994,1.9401490488476985,2
1768376225495378242,8.819106702695256,9.284519849240276,1.9015767765281877,1.9365363818659427,2
1768376225573601546,7.130968823228612,8.994751223505382,1.9023846458748646,1.938860650839923,2
1768376225621174490,6.7556641764277,9.455182174093347,1.8985954919625956,1.936623297183452,2
1768376225772534010,8.283795310484399,9.11653170066869,1.9029212886065168,1.9371794985607393,2
1768376225820963565,8.786385522945306,9.040478290895999,1.9032230120219211,1.9378310304737967,2
1768376225894898881,8.500239130790899,9.314977612641933,1.9012053172744472,1.9368893835192116,2
1768376225973328302,4.072248555198943,8.855509702944403,1.9011484237637755,1.939969820679882,2
1768376226020414855,5.581571837012023,9.071406424253647,1.9011744600042746,1.9388551706280825,2
1768376226095378478,6.076584614854941,9.313550691684712,1.8992267804429546,1.936936743741498,2
1768376226174355118,6.706522659944314,8.965456887711952,1.9023543613301581,1.939010702271485,2
1768376226295151887,9.428774893914804,9.360341742349677,1.902621518329843,1.9373911926832914,2
1768376226494933883,6.554475400743831,9.090221192445563,1.901211892617332,1.938405261015154,2
1768376226573413900,5.970489626537789,9.273335850306244,1.8997669389511371,1.938037135866109,2
1768376226621424857,6.302849543425637,8.846850544786383,1.9025072102995617,1.939474496938758,2
1768376226776547135,5.8489105594885515,8.934729849773294,1.9018201175924228,1.939151443108601,2
1768376226974592249,6.388449420142717,9.260698677847946,1.89970813504808,1.938136846624631,2
1768376227094941162,7.78569115532024,8.943011905499326,1.9040298800341722,1.9389139913163653,2
1768376227174292456,6.469104036705753,9.205846056301885,1.900468638825652,1.9379556015590726,2
1768376227221419053,8.106404994743244,9.160775484514133,1.9021204448922986,1.9377566397779322,2
1768376227295091244,7.4442086479094005,9.092134355193194,1.9023542411655687,1.9379001126047273,2
1768376227374434506,8.687643933752431,9.140859239868162,1.9027213134356928,1.9375201193959055,2
1768376227421351499,7.950251464952984,9.13207352462457,1.901581388801203,1.937285495835274,2
1768376227494797718,6.319041314998053,8.939246297917455,1.9022304937465233,1.938490557419776,2
1768376227621693487,7.711393478724293,8.954002874314751,1.9034633120992002,1.9382479724687534,2
1768376227695111700,7.304659182529649,9.056292462165171,1.9021746619535664,1.9384268517437224,2
1768376227821734572,6.6640853528012745,8.70250928181586,1.9036371230037252,1.939751664874272,2
1768376228021590524,6.3944429678424175,9.215204671567436,1.9005627024901743,1.9393823673390667,2
1768376228175770611,5.369803590934419,9.0504753830068,1.9008021141834028,1.9391939948764971,2
1768376228221159398,9.520420696488507,9.242789141266957,1.9027446661964909,1.937083575298276,2
1768376228294965584,5.1935550966615285,8.999714332278552,1.9007766476958072,1.9392116294014936,2
1768376228375941600,4.297934986859042,8.987415784120282,1.9001172612633512,1.939999970367039,2
1768376228422770862,4.755462974906921,8.81282575559204,1.9019829620624482,1.9401346620413942,2
1768376228495045103,6.128763166034057,9.004707497020862,1.9014640671499075,1.938357017665151,2
1768376228574923497,7.64279214001462,9.179607155072853,1.9022148989004408,1.9383695766498807,2
1768376228622062996,5.2128039887606725,8.91755111982458,1.9010535962530122,1.9398574369864487,2
1768376228695306303,7.315195284511189,9.025675431420076,1.9025819439081115,1.938706671822314,2
1768376228775008274,3.652265296598012,9.13849538981657,1.8978841672239137,1.9387408053924688,2
1768376228823305426,9.994112712551795,9.053702288572138,1.9049484800560672,1.9381869723483798,2
1768376228895040280,6.97587262070698,8.995857729443374,1.9024783309539166,1.938083913407666,2
1768376228976888906,8.965471633648914,8.81241203383806,1.9053916601589473,1.9387998273798452,2
1768376229022135469,4.913928439267412,8.991802009858407,1.900106403164442,1.938512323948084,2
1768376229177257485,6.381749146544324,8.97983404387717,1.9019504137119094,1.9395586569989722,2
1768376229222360067,5.362673424733622,9.173407549841878,1.8998212560536227,1.9394289986104818,2
1768376229294909011,8.264305940765881,9.010189571969404,1.9034904769028336,1.9386061495828122,2
1768376229375448302,7.033711311617452,8.75210366301293,1.9041795763649934,1.939554426714892,2
1768376229494908771,6.729427445349767,8.887821286067195,1.9029743960638172,1.9385842260384414,2
1768376229575221791,6.9330249572410185,8.902929060460693,1.9035125444005645,1.939370785727566,2
1768376229622517208,6.5475732508673,9.403790417746832,1.8988858020821138,1.9371000687944928,2
1768376229824387820,7.486840158018371,9.079884543187877,1.9023200952712738,1.9381165507658213,2
1768376229895111105,5.831048934514138,8.968720870953188,1.90158589978812,1.9386719199164952,2
1768376229975876728,6.938547312268506,9.194727878122519,1.9011567169951817,1.937971068378394,2
1768376230023055907,4.8185437734389325,9.147356058653484,1.8988510534504677,1.9392140216424651,2
1768376230095214115,5.7834915918306695,8.85433007706146,1.901843704833076,1.9391099803649956,2
1768376230220298927,6.522988975078858,9.13041241027503,1.900780720250431,1.9387129264277596,2
1768376230375499846,4.562453040753756,9.182392342007528,1.8991198013379182,1.9387893227017217,2
1768376230423188575,5.148031757169935,8.899626544791774,1.9008775327529084,1.9388185001938967,2
1768376230495053831,5.521340925132678,8.894136314328524,1.9014477599690924,1.9387540088384825,2
1768376230695119347,5.5187090537998085,8.964253208591582,1.9014197958858787,1.9396824203553416,2
1768376230776501852,7.922271260164315,9.189589912678661,1.9019189844747808,1.9382647899541503,2
1768376230976711199,6.604129062738329,9.155684193084005,1.900915708866286,1.938410690381351,2
1768376231095098840,8.948404907764829,9.225476669854832,1.9027164975647783,1.9375833651959882,2
1768376231295118520,6.163028013305594,8.812377883249729,1.9025337426138427,1.9399630916309474,2
1768376231575909773,6.010422016986983,9.141755444411308,1.9014130644772476,1.9399595329929915,2
1768376231623697641,8.015917798730454,9.343585010134447,1.9001182598347275,1.9361919773117426,2
1768376231894937148,5.866304227466257,9.010899251788372,1.9011113973004927,1.9388598280730813,2
1768376231976965182,6.720787854995747,8.917243222684588,1.9030098480954873,1.9387283966572622,2
1768376232024144739,4.305021650202745,9.144181488524778,1.8985045366819033,1.9388888305654126,2
1768376232094932080,3.8976202213205635,8.987452100040517,1.899988498391653,1.940618720409646,2
1768376232175794727,8.199795174762547,9.495524811556239,1.8999512799636278,1.9369881490043963,2
1768376232295004462,4.803935777606183,8.945013636183837,1.9007859588107996,1.940068048437095,2
1768376232376985555,8.535377424113477,9.19032637962185,1.9025371578787085,1.9376727218963896,2
1768376232494996482,5.632197992588184,8.753600853427663,1.9028494745087006,1.9406957847848254,2
1768376232623497583,5.51256507968545,9.291489357292145,1.899456867642464,1.9381311455803965,2
1768376232778039356,8.000184508983432,8.886984912679608,1.9039968501388338,1.9392384334492792,2
1768376232820600146,7.108650717033482,8.884799451839312,1.90332511998053,1.9387126780585058,2
1768376232895253682,9.212064618446147,9.01617873170686,1.904606071307495,1.9375732353298947,2
1768376232976685748,5.603712520402482,9.083627934179855,1.9002674182708654,1.9384744223057273,2
1768376233024123460,6.01655459128958,9.02253282018049,1.9009995613731727,1.9389121866931442,2
1768376233095092694,7.695737962016835,8.998773553419351,1.9030795096247048,1.9383617678926,2
1768376233170542424,7.857921827817416,9.091628132744125,1.9022564554839696,1.938060630179043,2
1768376233295216809,5.228289695965005,9.305859211889208,1.898907631501789,1.9382955449988646,2
1768376233376282856,7.8024688179056945,9.11368155143604,1.9019671479049076,1.9374568592172223,2
1768376233424475381,4.813383004081073,8.98893194139738,1.9004033126846682,1.9395228242672689,2
1768376233570201036,3.754271399291076,9.032131653675064,1.8990360064792178,1.9399695127778973,2
1768376233695019683,6.605827802513176,8.972194004709088,1.9026084219011719,1.9396550993750616,2
1768376233776817336,8.024516898815781,9.210113206492135,1.9021623787307391,1.9380062202911688,2
1768376233895087306,7.8116736514151075,9.188433591081589,1.901216129971051,1.937250967480491,2
1768376234095230129,9.012512321148636,9.000004498600878,1.9042037933892504,1.9381832109733577,2
1768376234176839381,8.239568835841649,9.19354041585258,1.9022757842874054,1.9382485869644481,2
1768376234224224594,7.717651492584077,9.01595439131533,1.9028787081597014,1.9390723226214308,2
1768376234295044345,8.13984158808534,8.956097380172848,1.9032826083483632,1.9388170454160678,2
1768376234424153791,3.7762596511392577,9.067805752164574,1.8988223404388735,1.9397260790777229,2
1768376234495147638,6.974612813810843,9.089387906470442,1.9016997763487513,1.9380519895466994,2
1768376234577335272,5.558968821530508,9.059641969410247,1.9004859792321591,1.9386262726040444,2
1768376234624474876,6.8605889770658735,9.251754770874161,1.9005314890095748,1.9377253168040207,2
1768376234776857783,5.4270992625873316,9.049319088166198,1.901104192423444,1.9393649979100773,2
1768376234824594967,3.0927726068579187,9.151262190112181,1.8976219787514785,1.939685166088815,2
1768376234895308839,7.375253976343865,9.210857533843642,1.901441389800872,1.9379557977618307,2
1768376235024466695,8.645301203856981,8.927575700576083,1.904993009720192,1.939137341057139,2
1768376235094934457,8.954076085186502,9.091352082854462,1.9040102958783454,1.9380095770525947,2
1768376235170226960,6.879383243412196,8.788838237456934,1.904297955944548,1.9406331183483083,2
1768376235224663983,3.247895735351225,8.974827599986558,1.8988787562763012,1.939561395183057,2
1768376235295297928,6.727345742834956,9.171191565442433,1.9009879831093395,1.9377758627376795,2
1768376235378343015,5.575041223652377,9.056353179868859,1.9011469746727991,1.93910293577281,2
1768376235570675933,5.83383243843083,9.114052348775433,1.9004171690998972,1.9385176324630953,2
1768376235620570753,5.936422134477981,9.108556678887131,1.9003910350351012,1.9379067026022434,2
1768376235770688464,7.653692918358157,9.050339353148491,1.9022043475956367,1.937479726929639,2
1768376235820503644,8.250121241959008,9.186550266004309,1.902069246921697,1.9381250332209765,2
1768376235977903174,5.531975780546317,8.961310005424764,1.901277480361045,1.940096192737001,2
1768376236020620970,5.109317309153205,8.852405213156702,1.9019762995494658,1.9400021671948726,2
1768376236095102820,6.981755114083832,9.171609599132559,1.901098544415325,1.937823045023588,2
1768376236178333051,8.026105749995738,9.122182128356101,1.9021171869613418,1.938276751946168,2
1768376236224711416,6.793035308888529,8.956118534787672,1.9030932114535164,1.9392900009805867,2
1768376236295027622,9.18260958795325,9.096718078479693,1.904040337435797,1.9376540397156683,2
1768376236378738701,6.152594092739605,9.1408619303578,1.900918763962303,1.9393975863732544,2
1768376236425001323,8.093252753643476,9.140964341537522,1.9015426105448614,1.937479138568517,2
1768376236495239903,4.106212277149579,9.140758428911774,1.8985384747060532,1.939052902282841,2
1768376236570354105,5.322382699061601,8.967401808295167,1.9012614406470865,1.939329116303991,2
1768376236694999083,5.833992633046403,9.08555601759201,1.9000934667152023,1.9381565544729924,2
1768376236820527332,8.645526716500429,9.158310217202613,1.9029939693353985,1.937742438873727,2
1768376236895023299,6.80187865421833,9.407141652683626,1.899803736655422,1.9380886762352203,2
1768376237095274124,9.982554792724141,9.3830124110804,1.9024193373707636,1.9365390869205275,2
1768376237220232271,7.440257922418203,9.161051475005664,1.901785985229376,1.938382291797831,2
1768376237295047571,7.099189918398308,8.88517429223147,1.9028229809893522,1.938840285354215,2
1768376237378287370,6.451024308983921,9.181191763825545,1.90038965455811,1.9383877634574447,2
1768376237420709851,5.295906587226895,8.954520107729962,1.9011709069768428,1.939740151487127,2
1768376237495595397,3.5841109170833274,8.947155149040544,1.899963766975057,1.9403094763640683,2
1768376237620474642,6.534105599919293,8.906534872578618,1.9021797020296032,1.9389466268634061,2
1768376237695122566,6.270665281306931,9.130195965616485,1.9006810170187318,1.9383916258953409,2
1768376237770379871,8.044428665241465,8.98959287807244,1.9031392064984356,1.9382622352856589,2
1768376237820491702,7.849625491010315,9.26205483758077,1.9008022595861154,1.9366357475620029,2
1768376237895277802,5.612819410118375,9.038765722983287,1.900569981798998,1.9384936701551498,2
1768376238020285494,6.464410133401932,9.10933026954001,1.9009287415392455,1.9381508529621514,2
1768376238095207514,4.827032585057678,9.183234226639268,1.8987798190447942,1.9389546479149926,2
1768376238220153328,7.213040258786663,9.184266155933646,1.9016603588513408,1.938367752086553,2
1768376238421811975,7.265947052599309,8.928475634065723,1.9035185629051274,1.9391370494444233,2
1768376238495221044,7.635289619786878,8.904989657645963,1.9032589977283898,1.939081267587677,2
1768376238570537607,6.812361220463803,8.964790519335667,1.9023225873775498,1.938691101666665,2
1768376238620257767,5.287276091230142,9.227051887927356,1.8991510787269517,1.9388416924880147,2
1768376238770706053,7.011824449562054,9.147816854565395,1.901250289210669,1.9380314743563258,2
1768376238820427127,4.729728385326704,8.937271317924706,1.9008410127351687,1.940251590433267,2
1768376238970440897,5.145943014579046,9.048796312251648,1.8997396515506504,1.9390644241285946,2
1768376239295447389,9.395522390610367,9.124892249691436,1.903596200989754,1.9371976098836698,2
1768376239370226832,5.606758601681694,8.970789543295895,1.9014499750470135,1.9397397881902276,2
1768376239495121612,10.396173443950385,9.352414930331056,1.9030812175597194,1.936633490469827,2
1768376239570437326,8.011719961452002,9.217244810718453,1.9015712975929315,1.937205394629871,2
1768376239620119117,5.582929337762943,8.989119264597509,1.9008305855425254,1.9393741309823733,2
1768376239770252049,7.425942850936007,8.783571398895782,1.9034806671798838,1.939209527644241,2
1768376239820283907,6.339732384826657,9.030351200935039,1.900962440907467,1.9384601923215778,2
1768376239895213492,4.189434552316351,8.934860532877735,1.8998542201152913,1.939248652384723,2
1768376239970103756,4.565685011176379,8.934934002894087,1.9006953832438498,1.9395902602631778,2
1768376240020674378,3.709398658363394,9.157412755258678,1.8982411183440342,1.9383314740765496,2
1768376240095667323,7.683684865912088,9.214724630145545,1.9018082826717517,1.9376770145802102,2
1768376240170800595,7.4806820508142025,9.209994076775056,1.9012792299397174,1.9378229062829566,2
1768376240220056132,6.414810445638963,8.89351912308476,1.9023106391006657,1.9389678536979098,2
1768376240295560800,7.245724495880124,9.110917480747606,1.901683145274867,1.9374639597236079,2
1768376240370290656,7.451129512439536,9.169692794114662,1.9015928915718692,1.9379473508135996,2
1768376240570278530,4.801478068301002,9.027662867438055,1.8993218361463045,1.9385315706226163,2
1768376240619931676,5.728938034532449,9.248625550220149,1.8994851452706565,1.9385428597349497,2
1768376240770207057,8.280616063315982,9.323706733136541,1.9006269515223901,1.9365852601912847,2
1768376240895540769,8.022793237259185,9.070037838535473,1.902437768785501,1.937580190856854,2
1768376240970142766,8.092711533381536,9.471068689269973,1.8999981009489082,1.9362141890392133,2
1768376241094915600,5.658327139019148,9.139399962701766,1.9001117903511884,1.939225298998025,2
1768376241170338859,4.299765897959995,8.866712046654804,1.9008916130469615,1.9401665947742683,2
1768376241220377847,8.86429282354162,9.000166290476175,1.9035989797484163,1.937063799608207,2
1768376241295224033,6.225215128605743,9.240418031455661,1.9004115145823353,1.9387860170732638,2
1768376241370332199,8.728985744278717,9.189955373543308,1.9023689353853077,1.9371373232993765,2
1768376241495293114,5.5995429989190715,9.089037586331493,1.900491279014162,1.939452070902421,2
1768376241570249264,6.873901281013506,8.950341729711992,1.9026264946913796,1.938871679510222,2
1768376241770412177,9.373542419565561,8.969973368776781,1.9050738334719364,1.9385535686513027,2
1768376241820375303,7.420162215736159,9.132574512424041,1.9018236362256413,1.938017912711415,2
1768376242019911148,8.726244458769461,9.053241814089315,1.90338965671351,1.938110005100359,2
1768376242095520956,8.871574822785,9.171256164429115,1.9025759871584702,1.9376128925070555,2
1768376242170278055,8.497709453462399,9.134080462720371,1.903138457279978,1.9378133035384302,2
1768376242220051328,7.991389753490674,9.162501296961818,1.9023566622675694,1.9382265853892628,2
1768376242295509839,6.265927444757846,8.891336100800604,1.9022590805741768,1.9395176245725148,2
1768376242370150372,8.333675922228112,8.892648656625568,1.904149916850131,1.9382129393473144,2
1768376242570307296,7.193109376051776,9.227429152298443,1.9012381171795938,1.9379499058630734,2
1768376242620182795,7.874276282287429,9.242036920940338,1.9009607022849209,1.9374880756067612,2
1768376242820043295,6.808072576415913,9.081375464356034,1.901493816731235,1.9377839410840016,2
1768376242895414007,7.5792942615673375,9.03638650018037,1.9024675685694878,1.9381268685826205,2
1768376243020502956,8.464632990564658,9.034381586045926,1.9037853774960938,1.9377790805934907,2
1768376243220238962,5.574771362933495,9.053385452299601,1.9006861583387413,1.9394348720548829,2
1768376243295272381,3.405883110894292,9.10886389488809,1.897950472959509,1.9390377355075221,2
1768376243370200845,9.072468215622242,9.376677281816594,1.9015151593217945,1.937026894832636,2
1768376243420089232,9.841011711547942,9.244713120196067,1.9029945006938829,1.9370354605618303,2
1768376243495042604,3.6609276414452108,9.12943255301019,1.8983544441988964,1.9395648936754442,2
1768376243570251417,8.482492239847428,9.055398442897234,1.9033980263320507,1.9388906031459154,2
1768376243620308650,8.270466024638656,9.028204302397707,1.9031809559292505,1.9382721588451342,2
1768376243696071268,6.437565332628736,9.105130111725058,1.900529921549348,1.937870485212043,2
1768376243770348523,7.846873706490731,9.142454647420205,1.9021543496243938,1.9378536219446636,2
1768376243895826181,5.946177367748939,8.852189438170548,1.9022604207666498,1.9399465531633575,2
1768376243970183977,6.515226471435431,8.782287267721129,1.904201909940144,1.9400138773328257,2
1768376244020462998,8.981282738204088,9.221483307912818,1.9026077253510005,1.9371428293418775,2
1768376244370105567,4.834058078117431,9.248952393024103,1.898720848998687,1.9391394552928014,2
1768376244419858143,4.587014738541395,9.258692024262594,1.8978606443175896,1.9381509129265055,2
1768376244495727633,6.658408976287111,8.883026020617065,1.902602251706678,1.939649846594629,2
1768376244570236914,3.9861789118680324,9.048158362378699,1.8989536669804399,1.939167754120259,2
1768376244695272335,3.8284829339294557,9.032452188229161,1.8992312763261519,1.939794709568593,2
1768376244820875489,4.920239805852988,8.915173355329731,1.9009501871374614,1.9396386612828518,2
1768376244895429195,8.194803796391925,9.197372106688311,1.9024127060840714,1.9373812909151882,2
1768376244970220866,6.423262268455687,9.004163955943925,1.9017778840674526,1.9383316219503601,2
1768376245220339953,8.746863173149766,9.00609219657419,1.9042828840898869,1.9387974249858082,2
1768376245295544574,8.60940580345071,9.18167750625284,1.902851164260758,1.9376183857107956,2
1768376245420017931,6.554048702072768,9.073820252351242,1.901426172906185,1.9389223304845846,2
1768376245496018349,5.459176882444128,8.896736640025562,1.9020458048272368,1.940259741652287,2
1768376245570137759,8.433147169599309,9.074295400734648,1.9031511809533572,1.937353169856896,2
1768376245695827726,6.801690449383502,9.174205975959076,1.9008771756647058,1.937741103589551,2
1768376245770203820,4.690035202754128,9.112832662389186,1.8988772190408185,1.939026732382561,2
1768376245820059166,7.015082452455301,9.140384022064925,1.9007340093517964,1.9376031228954742,2
1768376245897028713,6.7708519507381215,9.093768680195605,1.9015818644617588,1.9386588802036238,2
1768376245970303173,7.033883208758862,9.086230659548614,1.9016542161848509,1.9380000796722752,2
1768376246020078139,4.973568799218064,9.065015379091486,1.9000310190617313,1.939129538277912,2
1768376246296488117,6.158390763316701,9.139924387285232,1.9006105287853785,1.9384451948046746,2
1768376246370108730,4.8356382055578795,9.064936554704222,1.900052239015116,1.9401321515409264,2
1768376246496814033,8.27134567918053,8.931051787314889,1.9033776629869188,1.9379668952105389,2
1768376246570095238,6.959779781270381,9.073144786961969,1.9009222255283074,1.9375069187894596,2
1768376246770099657,6.376544592912481,9.197685479274401,1.8999585376236283,1.9378855884610091,2
1768376246819970707,5.743856556573501,9.055836633281892,1.9005072277291288,1.938373715414691,2
1768376246896907934,8.690519077362291,8.838380487276664,1.9052673795890542,1.9387232173957467,2
1768376246970092571,8.454815194945509,9.236872859903976,1.9022160799689296,1.9369290352153894,2
1768376247097113712,6.062103688239118,8.860261607803032,1.9024264526529346,1.9391182636362674,2
1768376247170411652,6.403198148156264,9.274070301309292,1.8995090468965878,1.9381319067399392,2
1768376247220159558,7.04489436737199,9.107761083763469,1.9013943730979375,1.9385028918018075,2
1768376247370280162,7.1622229920469405,9.039467116538138,1.9020340684996213,1.9386754049076647,2
1768376247419947760,9.16292987532219,9.085933398303114,1.9035794350294273,1.9378820473556806,2
1768376247570092415,8.620837930388925,9.052536907829788,1.903169225648926,1.937573694532897,2
1768376247620035696,7.892614254011665,9.069922738371922,1.9023870212065284,1.9379124160862837,2
1768376247697009127,5.219502004799814,9.081992103481642,1.901105026039829,1.9394828230561914,2
1768376247770165418,10.160185893623108,9.194386029807534,1.9036593350553115,1.9367982363435494,2
1768376247896870475,9.091238843132121,9.042612390249925,1.9040944225610936,1.9380126793138621,2
1768376248170199104,5.023065060461684,8.969332191587883,1.9010122681371666,1.9395138315616494,2
1768376248220365117,7.948228189531559,8.998266250813387,1.9029347287504883,1.9383948568943783,2
1768376248370183342,4.391553675558768,9.055230398320452,1.899225744821222,1.9390879345473186,2
1768376248419979458,5.804322633188308,9.01242241104238,1.9008697563502197,1.9391096742247365,2
1768376248570279696,6.496164183096287,9.092256240088629,1.9011230362678784,1.9392442844982045,2
1768376248770235456,8.191651662741606,9.235582975598728,1.9019777093497727,1.9374071481438537,2
1768376248820494548,6.205457172199447,9.11617999773253,1.9008380932991953,1.9388233207231427,2
1768376248896889520,8.479105400593046,9.145247881426366,1.902635553166599,1.9377582154062376,2
1768376248970339913,6.973670461130066,8.814137083281556,1.9037156429318318,1.9394238694407135,2
1768376249096647524,9.040982813469434,9.132215063509472,1.9030386205489531,1.937453896338826,2
1768376249170544803,6.353780903790351,9.071000195909122,1.9012844145379368,1.9390209325275636,2
1768376249297912612,4.862304316467725,8.990620672077766,1.8999603903092428,1.9388375019304116,2
1768376249370141946,6.306660663581765,8.909174352299328,1.9027396477275298,1.939340178146407,2
1768376249420117190,10.538700507381593,9.177404834078624,1.9052171172759125,1.9370561379023945,2
1768376249498617628,7.845208463876707,9.14573132180982,1.9020820745418685,1.9372077018416587,2
1768376249698120939,8.325354360754655,9.067278672242216,1.9033521987453335,1.9381080429590003,2
1768376249770277876,6.616864945168777,8.975906854516614,1.9016027387333518,1.938373408181155,2
1768376249820035750,6.371414660054198,9.24540300206427,1.9001457919846494,1.9380698610618152,2
1768376249897118630,2.707172587883111,9.200865283638038,1.8970940331629174,1.9389624514849122,2
1768376249971183414,8.15782832391121,9.103857723529087,1.9026112206223198,1.9383303724110976,2
1768376250170986022,8.149131439518786,8.927622636407017,1.90371552475062,1.937990841266663,2
1768376250220419324,7.735698277125946,9.078624584724281,1.9028470712007484,1.938350067319549,2
1768376250298388624,7.0253703347165075,9.039685080909015,1.9024242062159862,1.9388751833521185,2
1768376250370658810,5.06917066859125,9.121148692420338,1.8990961982264472,1.9385776196515287,2
1768376250420551031,8.940419937842004,8.895380806679585,1.9047063557983248,1.9389738701401322,2
1768376250498183224,9.092107165564967,8.766585197530276,1.9059136792912221,1.9393623625132366,2
1768376250570171532,7.269867747210279,9.280830242046884,1.9004788988915058,1.9376386427974266,2
1768376250697049755,7.635051375312951,9.018381377794897,1.902666049506499,1.93846962721291,2
1768376250770156015,4.049788849766145,8.884847436235669,1.9006833926598479,1.9400508924026576,2
1768376250897713946,6.629046947359996,8.980304821667891,1.901157668863311,1.9378609924565835,2
1768376251098331483,5.832599479135059,8.93385668266186,1.9018459997754453,1.9393548018429503,2
1768376251220271295,6.304392538393877,8.867506426784145,1.9023742756034554,1.9391310639987858,2
1768376251295425261,6.1985859599946735,8.93230360140366,1.9020100838380356,1.9391705470453677,2
1768376251370201065,4.584884773787934,9.074968174964159,1.8992847689734196,1.9390701895376103,2
1768376251420227259,7.636989782959569,9.103590108031101,1.9024567814915607,1.9375195558754172,2
1768376251498452131,7.422873280605202,9.368818065770409,1.900168915204385,1.9364631483141173,2
1768376251570629335,7.090888013943086,9.158415151645865,1.901512169323893,1.9390154145977376,2
1768376251770233911,7.8641466460174225,8.990416615883941,1.9032978995305203,1.9380975701479517,2
1768376251898324586,7.3500981874286,9.05281231278673,1.9028986885748993,1.9395868636479396,2
1768376251970372624,5.931152421202901,8.833442403470812,1.9029426462078123,1.9403547738266371,2
1768376252020279410,7.241960789933888,8.974856988205055,1.9032059866703142,1.9390416845419165,2
1768376252170253498,9.220355696065718,9.138680208830396,1.9038643656801093,1.9376423715516888,2
1768376252299530356,5.4804639438741365,8.8853419029305,1.9018095972311004,1.9387775596321428,2
1768376252495229979,7.618776362941837,9.148961848714883,1.9016536848562202,1.938196623142642,2
1768376252570110958,9.495259036237158,9.110645798584596,1.903813647800638,1.9372271317640175,2
1768376252698829652,8.174211179257762,9.278385004637371,1.9013233558793707,1.9378860431679703,2
1768376252770242956,6.497522853753823,9.0695321997675,1.901190240006631,1.9387175198792734,2
1768376252898926522,6.973976712544294,9.265267621495747,1.8998861292297518,1.9367236136302035,2
1768376252970091160,11.316866781188262,9.080964231620763,1.9055919319988734,1.9367928773395238,2
1768376253020230805,7.153218428050723,9.223350863976613,1.9004084826499341,1.9374107751940899,2
1768376253098744097,5.447140510228321,8.762485871269309,1.9022023098911107,1.939444785516316,2
1768376253220081469,5.079842473183049,8.980996048356834,1.9006531105561324,1.9394482883027024,2
1768376253298782723,5.340060653701517,9.07820688822673,1.9001027768436178,1.9383470132728535,2
1768376253498894902,5.707303550843701,8.957931522491334,1.9013083557844108,1.9383031994521296,2
1768376253570135994,6.160440585030624,9.126699506192935,1.9006773068463665,1.9384729317107694,2
1768376253700313350,5.960732054193452,8.923982849089596,1.9018259563397872,1.9388419267463979,2
1768376253770528627,7.9677423236523826,9.017137681333521,1.9034830095973112,1.9377683367876903,2
1768376253819945488,8.690522186950878,9.120257491940361,1.9025508517859804,1.9371367337194474,2
1768376253970182089,9.498804383273551,9.019377929489563,1.9044528754572367,1.9383686747906435,2
1768376254020009488,4.960617286748237,8.699459164186582,1.9023840107858154,1.9406459750291296,2
1768376254220477651,6.191850329177129,8.99619974282693,1.9010938301246332,1.9384928582000673,2
1768376254299869350,7.221889218821387,9.138249253751859,1.9015126729339014,1.9381238105664875,2
1768376254570093237,4.192735034551642,8.66321775791275,1.902212983591067,1.9414940907235678,2
1768376254695484962,5.948530726769263,9.070181729295799,1.9012257915300455,1.939935612252962,2
1768376254770290548,6.586385309420351,9.250687971420264,1.9000752722941674,1.9378697808905383,2
1768376254970518224,5.8636276293178025,8.982479856895301,1.901502258824874,1.9392508241357946,2
1768376255020502821,7.875750923240776,9.165099668532932,1.9018413583080147,1.937907116128054,2
1768376255100007966,7.401009734077091,9.067309269589348,1.9016807688885433,1.9376722206021568,2
1768376255170188282,6.775819705296726,8.970499600967441,1.9022295299914986,1.9390091698305432,2
1768376255220665570,5.572722359528548,9.059018281875096,1.9002369605186538,1.9384372253065467,2
1768376255295426653,6.877054501823965,9.060958992210685,1.9016463683575926,1.9377480405180452,2
1768376255370039792,6.614032915346346,8.957911642849268,1.9024275592976396,1.9393787710075951,2
1768376255420465617,5.934787570878841,9.003664660913815,1.901484506428011,1.9389764616384892,2
1768376255570737042,1.9923332443954056,9.327938077331895,1.8952069133102722,1.9382025551291426,2
1768376255620189389,7.572669615674821,9.057032845421748,1.9022601328427662,1.938419313221883,2
1768376255770152674,4.8263973649156355,9.013585556140761,1.8998932989555353,1.9389612275596364,2
1768376255820353976,7.78059584155022,8.920675492403626,1.9038341702757977,1.938762331951284,2
1768376255899564068,7.891291981979132,9.10134253209851,1.9019988603246458,1.9381793226555275,2
1768376255970395233,4.578991001314536,8.860144240588395,1.900603711833065,1.9392745921301706,2
1768376256095622050,3.859682571624612,9.10817545514119,1.898185503096367,1.9390946584699544,2
1768376256170138027,6.018542443830155,9.046524257764174,1.9010409030934023,1.9383880035180756,2
1768376256220435948,7.62219401452513,8.937684840769101,1.902820358711772,1.938799497036423,2
1768376256299637260,8.225418272347351,8.945387566427252,1.903708711916537,1.9377377691432187,2
1768376256370501115,8.925687789008041,9.009223233932389,1.9042228950733204,1.9379349314522958,2
1768376256495483653,6.258465910339295,9.361708883595243,1.898947028243895,1.937484947761078,2
1768376256570290277,6.466796444586143,9.04369293779424,1.9018409800443874,1.938919446159316,2
1768376256620078219,6.055646659572922,8.899870655113128,1.9021102094516529,1.9389556138212944,2
1768376256695921016,9.786734397129626,9.104736760925979,1.903923859856431,1.9379693473296922,2
1768376256770287362,3.8157201798294516,9.092370444527605,1.8987842483659376,1.9390591300498154,2
1768376256820388390,5.7545012038304755,9.293287962193755,1.8987060492079018,1.9379095803580602,2
1768376256895715897,6.6042989149199816,9.064934376254113,1.9012287863264796,1.9382609244734252,2
1768376256970162309,6.398086800963432,9.116947131699053,1.9008936399798524,1.938263132270462,2
1768376257095729878,5.094541610667802,9.109603536593767,1.8998457045010715,1.9394323233753354,2
1768376257170353669,6.786785254864425,9.074878976653896,1.9015731478484967,1.9390298210096786,2
1768376257220098132,8.819470930039985,8.893723896839528,1.9049438818651456,1.9388059729693525,2
1768376257370236289,5.0769654025115685,8.980799582190151,1.9007219601547003,1.9396791673322056,2
1768376257495743600,8.248355353111414,9.127125743635203,1.9024824805885776,1.9377297526692148,2
1768376257570758250,5.72018152127729,9.13107387666892,1.9006120691747577,1.9386551848863054,2
1768376257620322063,6.6086361643391545,9.00606486807542,1.901800597955181,1.9388882822711802,2
1768376257770488489,6.148750998612229,8.912945988603864,1.9021745008818758,1.9388208296031861,2
1768376257820001926,7.168429086842565,9.031543660535313,1.9020796842664776,1.9383337534676608,2
1768376257895781646,6.088246584736501,9.114993005448536,1.9004430709071987,1.938027251392497,2
1768376257970239512,6.384500702894869,9.15775785742507,1.9001766958199944,1.9378436540199815,2
1768376258095546295,6.370219473220917,9.045056692356413,1.9016546431031949,1.9392475650240215,2
1768376258170244379,6.076507943792331,8.975563008382007,1.9018753341817016,1.9395786000574873,2
1768376258420600286,8.724010571781182,9.082994161816698,1.9035851464499685,1.9380960956825128,2
1768376258570311101,7.866678256697623,9.120541191729698,1.9023285029210244,1.9379569764995428,2
1768376258620162823,8.115434366683383,9.109791822297971,1.9020527611359486,1.9376663147004052,2
1768376258970805405,6.87057555851589,9.141727384698715,1.9012840699413527,1.9376191434938332,2
1768376259020488179,7.744174546382876,9.125991529606733,1.9015950185655408,1.9375734792147115,2
1768376259095706507,8.096061596246651,9.057187387409648,1.9025871864332853,1.9371956921402118,2
1768376259170477795,6.230762858383088,8.890824943117986,1.9023660630022583,1.9395543300779485,2
1768376259220392196,8.121278923842734,9.204241742601816,1.901570128871982,1.9372085223880857,2
1768376259295435967,7.785270691701651,9.049519429224846,1.9024406995834806,1.9384343871407548,2
1768376259495847897,6.126886888502714,9.06209080405259,1.9015119400282838,1.9390389101950674,2
1768376259570621551,10.043346589368563,9.259915689454273,1.9033654953307961,1.9366698015273311,2
1768376259695899790,8.786354358317539,9.148074807163926,1.9027259160543484,1.9370142352997572,2
1768376259895700157,8.827618624007272,9.050987402574934,1.903577195471889,1.9379395945369258,2
1768376259970121584,5.1825959884870265,8.953970559741942,1.9009227662022725,1.9392080553992603,2
1768376260020367566,8.21373310246809,9.002141263295236,1.9033056359273994,1.93897632265861,2
1768376260170413099,5.065062516466545,8.915995940118982,1.9010929857330845,1.9394673558305873,2
1768376260220103500,3.652771874582017,8.931657793608972,1.8993614067185316,1.9391418710005666,2
1768376260420285781,5.811439209199909,8.678204739833784,1.9034991993143122,1.9405390769923894,2
1768376260495872446,6.73915347079812,9.137507391183687,1.9008283331135216,1.938106518816981,2
1768376260570273183,9.613147552393508,9.201577088226061,1.9035422555979378,1.9373563313425715,2
1768376260620062918,9.10715029537812,9.085565007745327,1.9036150498448356,1.9374907517747035,2
1768376260696215545,7.605265153235674,8.995173927313212,1.9028582145685893,1.9391985214815317,2
1768376260821367969,7.459127641970653,9.32889431529334,1.9000514222390061,1.937167088837696,2
1768376260895266701,7.066661352171932,9.12631448517003,1.9013744843159663,1.9385012442631688,2
1768376260970265496,7.075892675857842,9.128318162827831,1.901540558468497,1.9379876844571746,2
1768376261020005161,9.539478661753309,9.094446561423956,1.9038580198039858,1.9372378050047125,2
1768376261095301263,8.330901896845155,8.971330005269953,1.9039303627080748,1.938621350978573,2
1768376261170445103,9.167951813897401,9.131563620635045,1.9032221062248333,1.9368655468244946,2
1768376261220017901,8.025224252631302,9.020710173300632,1.902703164637555,1.938085302038436,2
1768376261295320387,5.749350136288411,8.984605509512527,1.9012333823636045,1.9391187505621215,2
1768376261370501888,8.537851130418828,9.116351202914313,1.9029760246916816,1.9377389527227278,2
1768376261420068090,7.771790323884531,9.14298775090312,1.902062415869049,1.9374531294903157,2
1768376261570350965,5.212054186631621,8.894008523633673,1.9014727748599356,1.9399567497483108,2
1768376261620762275,5.547638326979021,9.012036741787366,1.9006457087663573,1.9393439293072574,2
1768376261695173894,5.880209326749819,9.049880450476717,1.9007718464697405,1.9386667611755057,2
1768376261770421187,4.86834165904293,9.116765270352024,1.899451764956634,1.9382477784835885,2
1768376261820239143,7.527601972614928,8.988856870499706,1.9029880303584734,1.9389637872923613,2
1768376261895531536,5.789093034180626,9.113052940849611,1.9008186934050808,1.9390775728214904,2
1768376261970398272,8.907947510925274,9.199329644447252,1.9023252224897764,1.9369100003060429,2
1768376262095425051,7.942943780774536,9.059692360935117,1.9032438380548151,1.9385604943751857,2
1768376262170561884,7.303475219606836,9.170026004270262,1.9007969027237284,1.9373630554710268,2
1768376262295288820,7.344116583386517,9.303946554375955,1.899940523704372,1.936944453466916,2
1768376262495707766,6.562249033540635,9.125330943073955,1.9002720730007827,1.937239071716172,2
1768376262570535771,6.138224619666621,9.069851743599742,1.9008165926279865,1.9391261280438568,2
1768376262620231069,6.929830142325288,8.884858534689169,1.9027737728720415,1.93950469338229,2
1768376262695199647,5.9302215878938025,9.369052906989848,1.8984447905523854,1.937064717915218,2
1768376262772386046,4.778143183969075,9.019074698721035,1.9000536807557304,1.9392344792243323,2
1768376262895691065,4.50633737111561,9.1059505245081,1.8986222382672966,1.938402701383566,2
1768376262970763555,8.183765829330225,9.137603489121592,1.9025572253638487,1.937576080014207,2
1768376263020308825,7.5333854241226295,9.080202822177315,1.9026941298182714,1.9377497052609178,2
1768376263095269114,7.201455981229898,9.182705491597257,1.901607154547263,1.9381068490222948,2
1768376263170732157,6.524999076849003,9.179350254771489,1.9003058183073074,1.9379157289193203,2
1768376263220891150,4.4368811112509565,9.13622858185141,1.8985518850006482,1.9385873066012143,2
1768376263371149761,7.634573965528579,9.027675264493107,1.9023454509693947,1.9385932969378445,2
1768376263570995523,7.458625701935784,9.05189447743602,1.9029700093117237,1.939014935549736,2
1768376263620530850,8.646200423190864,9.019398488962914,1.903897152749055,1.9384612383152628,2
1768376263770790449,6.3511023816411605,9.030116168789826,1.901636682310287,1.9389765707159259,2
1768376263820171631,7.1483351046226495,9.008517209570728,1.90167776802472,1.9387975617585649,2
1768376264095484643,8.734690757639108,9.185009571834266,1.902413627708585,1.937871283649224,2
1768376264220130991,7.723235066041889,9.086250548851883,1.902171114208328,1.9380954678522904,2
1768376264295380568,4.708131631840473,9.069967959607878,1.8992335763994703,1.9387271539499022,2
1768376264371507056,6.70536786668996,9.017453619616454,1.9017122447224204,1.9386521252235323,2
1768376264495414532,6.770330152956694,8.990615344422528,1.901869450582892,1.9378409368762983,2
1768376264571371394,8.35939645836059,8.826199200174338,1.9043284449211821,1.9391416488863198,2
1768376264695375099,7.978305072627867,9.09042004158448,1.901811708885108,1.937518158587864,2
1768376264820451854,6.498536811048616,9.145577207385891,1.9011120900766365,1.9388523267465176,2
1768376264895466623,9.557671004401858,9.03182775251076,1.9036621057313066,1.9371709344611028,2
1768376265020746181,5.374896719124722,9.148328105823568,1.898992669413934,1.9383976292530194,2
1768376265095183102,6.838529829952256,8.684902014568578,1.9041513533536294,1.9399494436405142,2
1768376265171510595,5.9903719647975695,8.754339216174975,1.9028992332747408,1.9396398808618442,2
1768376265220475938,5.229199685450325,8.955596952880107,1.9002698371671285,1.9396168991552025,2
1768376265295498796,6.771685314373332,9.399422940806067,1.8997378885186251,1.9378315449717602,2
1768376265371182174,7.189197747095699,8.957736257947793,1.902982192259301,1.9390771351164449,2
1768376265420312802,8.044943129595028,8.983900627269833,1.9031731539575671,1.9385182668905832,2
1768376265495670960,6.374431324886132,8.790701962225322,1.9028784297511514,1.9396052769404337,2
1768376265620529078,9.09994949008186,8.977163517064573,1.904204561782452,1.9379238482936987,2
1768376265771182435,6.435414678182871,8.805904497440455,1.9035215553166402,1.9397121619636564,2
1768376265820576023,6.206875546258317,8.870879890933153,1.9025486421561382,1.939487363906561,2
1768376265971011065,7.313588429125106,9.250307530261752,1.9004759882694657,1.9373639008416297,2
1768376266020368748,7.573567725471575,9.144375742092153,1.9017744259444618,1.9380617058977214,2
1768376266171206676,7.881199875421574,9.086474872515954,1.9023904383156354,1.9383519325759357,2
1768376266220267727,7.675493722984372,8.960553938853453,1.9034130424457398,1.9388462213668545,2
1768376266295424261,9.320354828668886,9.141868317007662,1.9032014310061234,1.9369599493539598,2
1768376266371108092,7.083881572540918,8.970980128885525,1.9023836124537912,1.9386763885282932,2
1768376266420510903,4.470519915941384,9.127443877564286,1.8989665838165621,1.9384241655431231,2
1768376266495267373,6.460540395958114,9.069745559994214,1.901165459983902,1.9385244991706125,2
1768376266571956310,8.116778884891707,9.076827443650137,1.902469697113911,1.937562309453169,2
1768376266620634104,10.006381874018366,9.345115639632873,1.9021747077129685,1.9356723532073272,2
1768376266695165621,7.86202049878848,9.196046034879302,1.9016013246822743,1.936693616191923,2
1768376266820593643,5.975371663194284,9.127080414969809,1.9007007524131034,1.9387708811964899,2
1768376266895516217,7.014009910931485,9.191839395794556,1.9012237706027912,1.9384134007525744,2
1768376266973545743,8.207234417811904,8.81876204112468,1.9044247268969074,1.938979611743009,2
1768376267020255551,5.047285777098232,8.847386110475956,1.901515613696587,1.9396416272950425,2
1768376267095316528,4.706418066942941,8.797742949260346,1.9017381078715547,1.9410433456349792,2
1768376267171584749,5.3711895335106785,8.950029483522242,1.9005307254681187,1.938623273569211,2
1768376267572050446,6.67478528251686,9.202798344703552,1.9004958871743922,1.9387960335953334,2
1768376267695646208,6.783240412479463,8.824507090845636,1.9030427131371097,1.9399656746615508,2
1768376267772455775,8.287618894085691,9.01558865483097,1.903434783760186,1.9383199516580887,2
1768376267820561255,6.519875042115597,9.069404437819122,1.901427247200785,1.9385921689793404,2
1768376267895717609,8.768053606616588,9.066699447689901,1.9031560548446924,1.9373265723251818,2
1768376267972074054,6.106064688416124,9.268620207254195,1.8992909285299293,1.9373824335425076,2
1768376268020308280,6.566019095112896,8.934247525049388,1.9024117621433116,1.938702673068203,2
1768376268172203400,9.070767654319356,8.982794166131244,1.9042095088182878,1.9377047983919253,2
1768376268220212380,7.497852856058751,9.125044397374774,1.9015762166850436,1.9372993774692262,2
1768376268295322251,3.556147099471607,9.196500460544415,1.8973716380580112,1.9385200108191498,2
1768376268420370532,5.813646991235988,8.933125828096674,1.9013001134593708,1.9398202186984312,2
1768376268495630416,6.586325142694971,9.063833803053635,1.9011851897747187,1.9380863389345269,2
1768376268772802104,8.137620520977995,8.698069666594035,1.9051735395484568,1.9394593233120467,2
1768376268820518449,8.388780098042448,8.999977937703044,1.9038625205044233,1.9382796305655827,2
1768376268972565813,8.960524022340488,9.137102466247867,1.9030459734290746,1.9366746916794415,2
1768376269020212425,7.149690666303998,9.168601558627543,1.9009898664727665,1.9376467154553487,2
1768376269095643244,7.984622576842293,8.832374215038984,1.9043990376469182,1.9389502807612125,2
1768376269172489047,8.264561534578219,9.139707915087664,1.9018239699861912,1.9366651134948338,2
1768376269295350142,5.798692376220549,9.031148712153994,1.9008540074983806,1.9397163737686116,2
1768376269372835491,6.369974347481655,9.165302258301535,1.900277315072532,1.9378744073230463,2
1768376269420066662,7.44656977024305,9.090185945983407,1.902034526448313,1.9379804844472923,2
1768376269773213963,5.932214208442366,9.194989663840758,1.9002658442552816,1.9380626853212835,2
1768376269820409750,8.11604579752112,8.902691147158514,1.904814512125309,1.93989970636452,2
1768376269895351862,7.482163299955769,9.029069559481425,1.9026316665832987,1.9384527544756447,2
1768376270020843670,6.419449237688557,9.169856996684961,1.9005237830107617,1.9384678128314166,2
1768376270095322635,6.160729960451805,9.108470350492455,1.9005642596688526,1.938082432799878,2
1768376270220578273,5.893125018445744,9.026620559240312,1.9013565468974065,1.9388248571713915,2
1768376270295830883,6.134426220946176,8.955633559405854,1.9015976768541627,1.9389309265358,2
1768376270420682659,7.521390583545617,9.023987969501723,1.902379091400256,1.9388231953411585,2
1768376270573045967,7.479598890024697,9.052213515978826,1.9028624782168724,1.9384812002034326,2
1768376270773820620,8.910894447100137,9.31719066772236,1.9015911823146614,1.9362530072712354,2
1768376270820516844,8.490744988742138,9.00455588820349,1.903813630082698,1.93791035022956,2
1768376270973487438,6.228276545552358,8.933138352830788,1.9018854269037566,1.9388829731019699,2
1768376271020255323,5.897369014127962,8.950979098661334,1.9019574906413574,1.939255007783577,2
1768376271220661143,5.634895105093962,9.101578001199037,1.9005350875565168,1.9382938318785898,2
1768376271295332638,3.8705114842267907,9.091035147823927,1.898717708017438,1.9391687513336853,2
1768376271420535607,7.305688817911493,9.145072666328936,1.9014331910430406,1.9377884659904598,2
1768376271574824640,7.428099208502736,8.963500853840369,1.9026042494499753,1.938401365632015,2
1768376271620336702,5.412476507433928,9.099392437766955,1.9000236785135172,1.938882198624511,2
1768376271695219008,7.95516583094491,8.941367822076232,1.903499976454652,1.9388538988981057,2
1768376271973910353,6.1025697898828835,8.848134175057258,1.9020341741948674,1.938814458230881,2
1768376272020402619,8.208377825760893,8.879939746170221,1.9038556410730407,1.9382748339428852,2
1768376272095699872,6.238299440471939,9.098690233817209,1.9004556065773672,1.938076650164281,2
1768376272174734022,5.481210968142358,9.201896561039563,1.8993830903707123,1.9385072719082426,2
1768376272420490068,8.586125198772443,9.048410414295045,1.9030200168865128,1.9373904775628166,2
1768376272495694942,5.251094169284931,9.009294959081979,1.9006438622973567,1.939253706374365,2
1768376272574986284,5.29738430688842,8.951453931426578,1.900848748148124,1.939246091401163,2
1768376272620354074,6.6902752949267175,8.898078996527534,1.9025516402407587,1.938628164041737,2
1768376272695373010,7.493098916228291,9.053648044570375,1.9019516183966398,1.9379174780121524,2
1768376272774458044,5.20020186955894,9.09681723984851,1.8994177246978867,1.9379602940298402,2
1768376272820495956,6.166504732348699,8.720243389980226,1.9034797731408395,1.9400969853592502,2
1768376272895527455,5.798939074243892,9.040060481031139,1.9010513620190561,1.9392411202153348,2
1768376272970218370,7.704521191950642,9.055660590875986,1.9025092090039832,1.9378437705446154,2
1768376273020647665,7.826680934998498,9.190046578159425,1.9018184657552226,1.9379006366252727,2
1768376273220682583,8.718720249440537,9.195917105949633,1.9018416205228925,1.9369703776292329,2
1768376273374730233,5.2282898186515325,9.197002234987057,1.8982844967885544,1.9369863601405872,2
1768376273495499842,8.158339201346676,8.956931818769634,1.9040454720057551,1.9395547680844776,2
1768376273574556464,4.84793588350807,8.989327283846029,1.9000106898657336,1.939458663371087,2
1768376273620723184,4.090754895129667,9.072298708895978,1.8988329339864691,1.9394513236674078,2
1768376273695561637,5.943439765856651,8.779791066489045,1.9026307364300725,1.9399811239020042,2
1768376273774893996,9.302754797169133,9.048283500300755,1.903888416146346,1.937350522321108,2
1768376273820353922,8.432224366847318,8.814838792798664,1.904808951066123,1.9381527835505468,2
1768376274020648275,9.204926960167725,8.78559319318676,1.9055106121486691,1.938731002961392,2
1768376274095510272,6.071868562689264,9.07764384330953,1.9005647094331906,1.938185654181929,2
1768376274171151275,8.373410630063471,8.818955736018344,1.9049663952545914,1.9381684095428717,2
1768376274220280178,7.384426841575031,9.045498421069636,1.902277773796748,1.9382240254734946,2
1768376274295523493,8.358177627695307,9.00022946201447,1.9036238472073168,1.9383820966779362,2
1768376274371066095,8.560751772963116,9.002142714591344,1.903436324258496,1.9384837984313852,2
1768376274495537062,8.283376289812683,9.113060985896531,1.9026093756644693,1.938177136244646,2
1768376274575116317,6.950010653391736,8.919807965189202,1.9029601147803097,1.939346057714106,2
1768376274620236696,7.785338079462578,8.993423480278874,1.9031261708389067,1.9382111827929291,2
1768376274695318060,5.002353458659625,8.97292038450812,1.9005429435917796,1.939650574862164,2
1768376274774870081,7.645769784996093,9.179960733574449,1.9013525915470992,1.9372479762605752,2
1768376274895772676,7.166419251244616,8.91129228897869,1.9027602693078545,1.9386607084267462,2
1768376274974903246,6.6380368940424095,8.923995779135806,1.9025821638276275,1.9387824253038786,2
1768376275020644696,9.618786821699254,8.976593457658394,1.9047970647198644,1.9375095958272701,2
1768376275095479979,0.6492586354804875,9.184973803028674,1.8936386273058812,1.939894060847143,2
1768376275170840956,7.940181385859502,8.919873098220805,1.9033856514693497,1.9381021794455437,2
1768376275220453596,6.672824718443104,9.237664188494982,1.899777457142459,1.9382854814841668,2
1768376275295440883,7.1435312083789615,9.125916707109543,1.9013889105437007,1.937816532513186,2
1768376275370745681,7.772332702603801,8.916002642287362,1.9039655956212966,1.9395221292731712,2
1768376275495354594,5.511448260895335,9.060682144998477,1.900422389468175,1.9381686688765756,2
1768376275574999954,6.2202895647278655,8.991245739246597,1.9013299943231337,1.9387707759182498,2
1768376275620588875,9.191105450296666,9.106517734486697,1.9037216764809506,1.937650122723814,2
1768376275695567138,6.05332555343896,8.968693650698611,1.9012556072716162,1.9385140285453346,2
1768376275820321226,9.240105827936995,8.901760211432878,1.9046374346849961,1.9380976007998736,2
1768376275895533368,7.733885817391428,8.945834549505895,1.9032968175880804,1.938356799504636,2
1768376275975164782,7.91388214254285,8.921767585647208,1.9037007823416614,1.9386760221498622,2
1768376276095837055,6.732518165599277,9.022292268167647,1.901614919265011,1.9386147730114018,2
1768376276170506831,7.116894867304602,8.979563762740378,1.9026973484782328,1.9390529542359285,2
1768376276220270767,6.443060113941357,8.918056324845237,1.9026108092286678,1.9396121928502459,2
1768376276295735312,5.2699295882934205,8.99920334161892,1.900652662865864,1.9393082746404626,2
1768376276420794418,4.514927539974067,9.049374825177567,1.899352412542324,1.9390920922724781,2
1768376276495762644,7.590084920858775,9.188760039826246,1.9014110307461511,1.9371877284168602,2
1768376276695494383,7.702894057044718,8.989234012495599,1.9026230761701215,1.938475546716963,2
1768376276770741699,5.207905716844374,8.98539841152854,1.90060412100542,1.9388567103638608,2
1768376276895590656,8.546858947629632,9.100434428350935,1.9024765856001637,1.9374549491929773,2
1768376277095438648,9.603826067135168,8.974517441411232,1.9046937065199734,1.9375653663053591,2
1768376277171008861,6.462107495433855,9.124869946144306,1.9010309006431894,1.9384504720881766,2
1768376277295773526,6.983300240086532,9.051076182575835,1.902084722657078,1.9380985117488552,2
1768376277370577584,7.969600315382408,9.09131915482582,1.902375084213096,1.93811040484476,2
1768376277495527713,8.748779524558437,9.178616445561811,1.9026264639943617,1.9369768725798655,2
1768376277695422466,5.739936485398278,9.103085283530328,1.9008347627398345,1.9391144671945835,2
1768376277770550159,6.355296164673563,9.013992389023135,1.9011097997794086,1.9386012369029655,2
1768376277820379658,6.6751450728634865,8.828057363782918,1.903703839005013,1.9397302136192909,2
1768376277895301464,5.256399477769458,8.919773003151308,1.9015118826134376,1.939488195551527,2
1768376277970899512,7.512714809768006,9.433367084809756,1.8999175582081962,1.9366769077992503,2
1768376278020653747,5.28928902509862,8.969675417117967,1.9011008555889357,1.939630605477759,2
1768376278095854716,3.6700252401771216,8.995932313671187,1.898325374106722,1.939080419632706,2
1768376278220372218,6.709254696446232,8.698856965515649,1.9041218719184683,1.9408015797924187,2
1768376278371046300,7.3590760357176155,8.742713583033265,1.904251206861075,1.938590831671702,2
1768376278420826069,5.115586120925997,9.088444270364832,1.9000496330989363,1.939415493242988,2
1768376278570838607,4.596555615461684,9.275728742811108,1.897794805648586,1.9379473165865215,2
1768376278695733519,9.167752345216051,9.183252454556737,1.9030762982012066,1.937378294237639,2
1768376278820226224,7.615354903121707,9.04851521705432,1.9025324978986753,1.938163515733703,2
1768376278895440888,6.932319168097223,8.936824214315646,1.903516704526036,1.9392151941381266,2
1768376279020705356,9.77007134101271,9.15625902828218,1.903712101576796,1.936570482843588,2
1768376279095468789,7.867880115699721,9.010020846915717,1.902738462352633,1.9379583985505886,2
1768376279171104150,7.584505135764585,9.105586492675553,1.9017136224299045,1.9381150978549688,2
1768376279220481581,7.142814231748229,9.001647901180563,1.9017522292944706,1.9376633290757936,2
1768376279295495213,6.381043980466794,8.929309134702589,1.9020274239476707,1.9396233307937376,2
1768376279370286494,5.460592676134635,8.905360553938468,1.9013911029326498,1.939026882487488,2
1768376279420495824,3.824927742838602,9.21606658745612,1.898249773073802,1.9392025486173237,2
1768376279495444901,6.167592089609153,8.620586612491968,1.9041255113557507,1.9402120676286665,2
1768376279571415143,6.975328726558372,9.096354054300475,1.9018449009292917,1.9389227448740716,2
1768376279620502393,8.411297035503251,9.085959694813772,1.9027931802591405,1.9385742864262012,2
1768376279695405440,7.211140373068581,9.172575649956581,1.9011288652201035,1.937757873251368,2
1768376279771052535,7.319336510493102,9.234074600492649,1.9004328622868372,1.937547833321383,2
1768376279820536170,6.183476898866669,9.005837015888885,1.900833613480857,1.937967109871493,2
1768376279895547799,6.277194582147816,9.114055815303482,1.9008844446287798,1.9386489366308857,2
1768376280020503083,5.4669272311234085,9.050366210559028,1.9000441456088384,1.9384401891666625,2
1768376280220361506,4.971791724920127,8.924881193743941,1.9004260157838901,1.939087816640134,2
1768376280370491487,6.263817547922157,8.986051123009997,1.90135537693176,1.9387689999543147,2
1768376280570974079,6.681411947164317,8.95327862733831,1.9017383487190893,1.938368193688543,2
1768376280695579453,9.482763013455964,9.226185047495534,1.9028120457606894,1.9369183716711929,2
1768376280770659296,5.454114069298743,8.931354197105943,1.901686914229744,1.9395250047288541,2
1768376280895441401,8.937688965098722,8.919089232838875,1.904550457740046,1.9383307583939906,2
1768376281095480662,5.035675357160985,9.096580472013379,1.8990822190318455,1.938385268289853,2
1768376281170563612,7.936600797075144,8.999889612815753,1.9028217779022691,1.9383861810484582,2
1768376281295576273,6.339324985438655,8.842964262703484,1.902351537835805,1.9400300013838598,2
1768376281370785346,7.1789193889917335,8.952838705255958,1.9025289768152867,1.938783118494178,2
1768376281496114965,6.456399885406361,9.182758677787037,1.9002798244034251,1.9379029794206912,2
1768376281570572828,6.410219413641505,9.128983424151762,1.9002646224460766,1.9388795677814867,2
1768376281620629162,5.711685692048718,8.896506467044098,1.9015801406478194,1.939258179389589,2
1768376281695479018,8.311809437637319,8.95227385299593,1.9042054889363509,1.939088067453596,2
1768376281770356827,6.134584082658767,9.379822264355784,1.8989462595532132,1.9376384656078192,2
1768376281820867918,9.409255758338508,8.956297367585922,1.9051871281606856,1.9386744366990751,2
1768376282020369851,5.8675981834108715,9.073687334885163,1.9002258156132634,1.938076963096641,2
1768376282095715145,5.895182155311929,9.026159178920636,1.9010689797686418,1.9390287054103168,2
1768376282220771990,9.768001996988795,9.35399358571863,1.9028115878587428,1.936886744924172,2
1768376282370579807,6.184909055256149,9.175142918674911,1.8999395445769938,1.9382019620574051,2
1768376282421076735,8.565295995186961,9.053826349299777,1.9033365830870428,1.9378549866995831,2
1768376282495480416,6.669707954271464,8.818813724195426,1.9030919110300808,1.9395028119088455,2
1768376282620333279,9.624756969892179,9.250064710460899,1.902872959802298,1.9368678645646817,2
1768376282695431906,5.160954369172188,8.901377174221954,1.9014568572162711,1.9399714077842987,2
1768376282770598876,6.080763389542776,9.004185341066053,1.9011170747366901,1.938811028542891,2
1768376282970830699,6.131883681825823,9.073740434036287,1.9006458417785514,1.9383891429118567,2
1768376283020395234,8.868373965325693,9.39068737621271,1.9008810346311042,1.936346662075621,2
1768376283095933863,7.367050607073988,8.967783674333825,1.9028110931378595,1.938518792572197,2
1768376283171154786,6.72501351363719,9.164801943122622,1.9006120890062013,1.9377235145020766,2
1768376283221081540,7.234319200453365,9.042776982643538,1.9016160434885607,1.9380426221500875,2
1768376283295508746,8.619460361201314,8.728379209133788,1.9052957964726458,1.9389059316417214,2
1768376283420420691,5.253472052765051,9.082821107860298,1.8998805131485048,1.9383931489919262,2
1768376283571070661,6.56667880081252,8.772081135203347,1.9030751937962271,1.939668216220002,2
1768376283695557293,8.51949785311068,9.113722436579302,1.903018841354285,1.9387710169383134,2
1768376283770859074,4.9114679499961955,8.992439114470267,1.9001255765560823,1.9396373499189934,2
1768376283820398508,3.983359694242239,8.821293340910973,1.9004138832088755,1.9399973050761676,2
1768376283896063500,9.455882800703419,9.193341322052891,1.9033849931741418,1.937626142456401,2
1768376283970980738,5.958330370257947,9.174262272791033,1.8997907723003422,1.9382018683213573,2
1768376284020579488,6.217730898212315,9.016258947627815,1.901123579397447,1.9389213727542352,2
1768376284170952435,6.867109712822783,9.021570931487744,1.901475315682277,1.9381970074540928,2
1768376284220469971,8.327557046172496,9.281916422408944,1.9014284839465911,1.9372911652847542,2
1768376284295342377,6.850822499328446,9.230621380373414,1.9001095914214534,1.9370408596578723,2
1768376284370862403,6.3849098643915525,8.654901600408653,1.9037979747582348,1.9395527338741854,2
1768376284420483332,7.1377520621171975,9.201740235692577,1.9005403235154088,1.936970834637202,2
1768376284570818471,6.198031222609757,8.91388456611931,1.901952874848807,1.938916663996249,2
1768376284695656599,5.0855648082333005,8.975213223696898,1.9006157377796153,1.9395605480234626,2
1768376284770765625,7.768866588906187,9.146481418487186,1.9016364162067625,1.9379523690511995,2
1768376284895563877,7.154225847697093,8.990695938606034,1.902513002626371,1.9387076150480906,2
1768376284970717615,5.683678747112397,9.19081426453713,1.899587998481178,1.9381347972183591,2
1768376285095792682,5.553807227842045,8.956599261840758,1.9007940467762714,1.9389688006755603,2
1768376285170508993,3.886026634390749,8.906875238528826,1.899556616248517,1.9396099470873354,2
1768376285295478338,6.684239311325557,9.072455837967643,1.9006475689517783,1.9377606892667745,2
1768376285420426531,6.3786026569256915,8.868581573862715,1.9023899720103628,1.9380097540866381,2
1768376285495285121,8.181024135351489,8.975631679196711,1.9033612222942797,1.938233824678467,2
1768376285570911236,6.878623959704067,9.024314537088246,1.901357368442091,1.9381324348880586,2
1768376285620527679,7.860026759681116,9.292520257109484,1.9005503664329557,1.9374825050081235,2
1768376285695546587,7.362346283751542,9.259200779984484,1.9008404201455082,1.937709742198866,2
1768376285770412663,7.484780642490696,8.82697511027071,1.9030710244202884,1.9382685994235769,2
1768376285820591292,9.685318700057621,9.242749160852854,1.9028296423107227,1.9368343577189737,2
1768376285895496258,4.86835888989523,9.105870710581337,1.8997091830827872,1.9391202913679182,2
1768376285970759796,7.404784516271246,9.050706045230259,1.90248155019878,1.9386323999670036,2
1768376286020484295,6.472051038048265,8.818410265869726,1.9021007692321277,1.9385269167470527,2
1768376286095387961,7.376983803426551,8.964405118085944,1.902642193623714,1.9382450313652093,2
1768376286170647354,8.310722297064643,9.126267046128818,1.9024817207175477,1.937518717432271,2
1768376286220503264,6.455781938349725,8.926822301421074,1.9020970953622014,1.9388281547054937,2
1768376286295624629,7.960338761683117,8.91771413818838,1.9031700274920846,1.9383393200566985,2
1768376286495925913,7.234906186620593,9.136740060748487,1.9007640013632816,1.937871996324895,2
1768376286570893630,5.731446640308446,9.035868614320318,1.9006252623036475,1.9384619901805549,2
1768376286620802310,9.357467107304673,9.115727673019686,1.9033108467167725,1.936845083562061,2
1768376286695803238,6.475589960730721,9.047034400276383,1.9016463488160564,1.9392727771164693,2
1768376286895990878,8.73984231713143,9.207007823760247,1.9024036596170661,1.9372969797443649,2
1768376286970952767,6.814466140423248,8.858295924262498,1.9028025865678717,1.9386886752046188,2
1768376287095965303,6.507032055620865,8.950329477112758,1.9020208870199629,1.9387634998091188,2
1768376287220810393,6.741171110987709,8.962260134520074,1.9021966080022028,1.9389102915762642,2
1768376287295399707,8.559263273296924,8.849813276126772,1.905179083206776,1.9396321883164793,2
1768376287370520439,6.469991704699973,9.005459149291761,1.9014916897344658,1.9392471122442345,2
1768376287420347003,6.94268730417158,8.988204293709165,1.9024287030245892,1.9392045475363986,2
1768376287495757001,6.813416791044746,8.885077529597284,1.9021067763270827,1.9390034065039468,2
1768376287570572504,8.589726907638484,8.845256155175901,1.9044687094160595,1.9379333744086609,2
1768376287620447240,4.420769084760634,8.820211555638602,1.9001534304504364,1.9390283175972822,2
1768376287695446161,6.364421548301191,9.002552992543324,1.9011546316923187,1.937593498026348,2
1768376287895613566,6.555828907444106,8.952687462033287,1.9018048075620677,1.938873717019359,2
1768376287970991561,5.748249664880634,9.03748434456777,1.900943089365397,1.9393250714969963,2
1768376288021092209,8.248917026933977,8.837149150395227,1.9047396219101287,1.9384231524397162,2
1768376288095938289,6.563775277434791,8.906744337814715,1.9020244399971755,1.9387381112550546,2
1768376288220465903,5.150487261268211,9.10427476137507,1.899525872210452,1.938958173914544,2
1768376288295483939,6.514356444606184,8.965234782131397,1.902043128851127,1.9388666728971973,2
1768376288370709441,5.054143290531998,9.000128321292033,1.899882550910174,1.9386616364489417,2
1768376288496119905,7.653952364948591,9.196832056822137,1.9013701642588536,1.9373488749951915,2
1768376288570724708,5.910345592229804,8.936161807196035,1.9015506729788445,1.9393315313707657,2
1768376288620479059,7.211754975247731,8.932978643506067,1.9033214457252303,1.9392413989998198,2
1768376288770707391,7.2977805650067396,9.068539493893157,1.9017385429682856,1.9381158006129031,2
1768376288820443466,7.038823238551428,9.087298332409155,1.9015713935377314,1.9382055053958687,2
1768376288895478154,8.048612615532136,9.116273871573705,1.9017852742097494,1.937407854820485,2
1768376289020858945,6.086630963509254,8.92005631079832,1.9018839736131263,1.9391345026559927,2
1768376289095677270,9.229013230472205,9.076909231037519,1.9035921234579691,1.9371806688209396,2
1768376289171193753,7.519660813633422,8.833953271810184,1.9037993404534037,1.9387873174962227,2
1768376289220396873,4.726112829768869,8.983848158159025,1.8998360027461878,1.9391933383902162,2
1768376289295484531,7.9650528277266375,8.80553084366616,1.9046726212365577,1.939197988103449,2
1768376289370941127,7.1293308531432675,9.194687160302639,1.9008920372104952,1.9381645535714014,2
1768376289420451107,8.153872816826446,9.046035481121804,1.9024534912114912,1.9375076275428982,2
1768376289570936312,6.085276992903177,8.75186644719404,1.9031100744723135,1.9397920484870441,2
1768376289620801221,6.764254104288048,9.024900681857446,1.9012755136232902,1.9377597948940357,2
1768376289695492422,8.130128005161552,9.118255906682084,1.9020028007820005,1.9376029533040862,2
1768376289770476659,8.85661236615376,9.220925853395544,1.9018043844292711,1.9364689191916802,2
1768376289820646714,7.567896858703405,8.884944192783566,1.9039458066945791,1.9392593445338526,2
1768376289970900745,7.885639063542671,9.32559919800375,1.9012622809549424,1.9378982601647694,2
1768376290095848736,6.563369693995291,9.465524450984566,1.8987572744177028,1.9377995454740087,2
1768376290170862042,7.549610240754179,9.128302814977703,1.9017499159482585,1.9375299054698918,2
1768376290220385630,7.118095351389631,9.031123268106139,1.9017082887358412,1.937843358043257,2
1768376290295497879,6.185262775116218,9.21298230690963,1.8998792147940258,1.9376696431508007,2
1768376290420828012,8.065935444623973,9.03289787472482,1.9028834002899127,1.938022414387441,2
1768376290495448588,6.770893661369737,9.2212307925112,1.9003610947312009,1.9376321352671602,2
1768376290695606375,6.857392250619432,9.001575947182548,1.9023081642337378,1.9382222085445828,2
1768376290820469910,5.194934743249835,8.889781318286497,1.901415146623336,1.93985851209776,2
1768376290895644629,7.6157101752794,8.906852946944264,1.903453909003637,1.9383223081233996,2
1768376290970691374,5.648219604436511,8.885524788737694,1.9014771113070166,1.939359095661431,2
1768376291095569846,6.136223499594973,9.040389605793942,1.9010087925349528,1.9377200730338746,2
1768376291171038911,3.685812334857541,9.00313799750904,1.898569564546052,1.9391459765013173,2
1768376291221296873,8.47279051609462,8.876567045986683,1.904158999847669,1.937770194800448,2
1768376291295464662,6.8533029352468855,9.260521636670735,1.9002910208760115,1.9374052959619343,2
1768376291370524970,6.104972155045685,9.074159821145473,1.9005798412871087,1.938358986897347,2
1768376291420470402,9.337415832521456,9.123173672303471,1.9040076474005363,1.9381793494665702,2
1768376291495765218,5.86185857348398,9.05460824548352,1.9006649214016738,1.9379764420347498,2
1768376291570899463,9.083560847707561,9.17437926363478,1.9026734044707452,1.9372565902329546,2
1768376291620388847,11.244033708891044,9.205285452711124,1.9046578422125477,1.9367537649806423,2
1768376291770779059,6.892663526520071,8.86858945983601,1.9033721513166497,1.9386812804574596,2
1768376291820405144,9.078034495945131,9.077398955874102,1.9034226567725652,1.9369369644340677,2
1768376291895506152,6.642847770714333,8.707114129005877,1.9038826928471893,1.9403537804565754,2
1768376291970618309,7.173339836813231,9.060771242461632,1.902011193429311,1.9377397868862638,2
1768376292020733579,7.279760302832727,8.857260698076711,1.9029350090521366,1.9385883789119471,2
1768376292096028841,4.5616265948804635,9.01132445802836,1.899070331097914,1.9383013801657871,2
1768376292220437873,6.008804367382936,8.849628600992661,1.902062550570936,1.938755014028868,2
1768376292370624054,5.613123925102714,9.027244284821794,1.9007413824778183,1.938956196169531,2
1768376292420385966,7.057906203653319,9.084896370909407,1.9014986403967487,1.9372268191702968,2
1768376292495966833,6.189532540728848,9.094842345586189,1.9001630766818844,1.9380542355096493,2
1768376292620832943,6.166081581994609,8.953192550715459,1.9020973146739881,1.9390740934229727,2
1768376292695877858,7.85928385519985,8.95207320445306,1.9028606143206879,1.9380183403705824,2
1768376292770659147,7.212873847648904,9.010599714784016,1.9019847944916974,1.937864751012286,2
1768376292820650210,6.419598824132899,8.967980983916716,1.9017823191927434,1.938504549194308,2
1768376292895699264,9.225842144623853,9.143734591439218,1.9027794175963961,1.9379187941001268,2
1768376292970571171,5.827108943466941,8.883833014064983,1.901979285169806,1.9394378910117656,2
1768376293020864419,6.574934656085718,8.978906749341068,1.9026932341911529,1.9389640526374274,2
1768376293095465901,4.896986671279802,8.864188357420192,1.900886637275901,1.9397377731641972,2
1768376293220495932,5.990856200649652,9.115986010306907,1.9000869623041718,1.9381872739250776,2
1768376293370642765,9.520731497484336,9.0829309325066,1.9036665068736514,1.9370179142913209,2
1768376293420313199,7.442328490171901,9.07656705504995,1.9017565804846532,1.9376006804541195,2
1768376293570693248,7.341178601717679,9.21221141828926,1.900912238932109,1.937748980644124,2
1768376293620472777,4.6556860554816115,9.041639083503613,1.8989282273714059,1.9382207341930195,2
1768376293695600659,5.0863358293997685,9.188489945235617,1.8986117449260018,1.9382041136344499,2
1768376293770712572,9.734687603140335,9.094551746418913,1.9035835224699411,1.9374575073413531,2
1768376293895490937,6.099129359212974,9.234392104423703,1.8993083521500327,1.9380317269627283,2
1768376293970618112,6.500459407437376,9.040123226842883,1.9010861167999464,1.9389311369690627,2
1768376294020499903,4.816013637805927,8.790471144037088,1.9015852838148735,1.9391120721567066,2
1768376294095493241,7.149310706008549,9.168742988796762,1.9013064195962317,1.9382343872259618,2
1768376294170802319,6.060118173774276,9.243834494513202,1.8995393166294816,1.9376794613014505,2
1768376294220615212,5.6968179820446885,9.226994160375979,1.899328012659021,1.938534207022502,2
1768376294370744698,6.119886791843054,8.98786275406563,1.9008746773237197,1.9385698832213034,2
1768376294495480047,9.908082268913931,9.095028860793617,1.903787560106938,1.9363532241756922,2
1768376294570505586,5.479083053877343,9.209078951301166,1.8999419337111632,1.9388765217578416,2
1768376294620436600,8.205989884517928,8.940152856573894,1.9032931517899172,1.937935555768594,2
1768376294820814608,6.701783485662194,9.087493830835259,1.900744728392415,1.93823454240752,2
1768376294970690473,5.051595219070615,9.048553473112397,1.8999131195193328,1.9390597774450742,2
1768376295020534836,7.7793472559504195,9.01873699256686,1.9020340746942512,1.937010519098271,2
1768376295095537938,8.292130308827472,8.958739511579985,1.9032963760988018,1.9381249138350087,2
1768376295170746537,7.3514692343787935,9.021390750703107,1.902223902879161,1.9380448284512672,2
1768376295220660419,6.892027605343243,8.78903699215378,1.9035704151177992,1.9397890933294333,2
1768376295295505554,8.489881634430985,8.918226110504266,1.9037693742734727,1.9389621514839215,2
1768376295370643807,6.08130009934249,9.108530973608788,1.900712985438659,1.93869898487802,2
1768376295420798406,8.101857803891166,9.075124102145407,1.9031932986782805,1.939014661828817,2
1768376295495837457,4.241972560745211,9.054731010265176,1.898714693815613,1.9382959378324298,2
1768376295571155752,7.759593279757615,9.036612912557688,1.902509239962474,1.9379291217210552,2
1768376295620630564,6.4163651880599915,9.059921386623254,1.9008341852209696,1.9377528631179701,2
1768376295770734520,4.335571177398023,8.910751688637552,1.9001616805063732,1.9399100599449253,2
1768376295820488282,8.844017658654835,9.011343904664368,1.9036802796072962,1.9380878989727197,2
1768376295970632773,8.922394348716889,8.780685448671578,1.9057072337227612,1.9390680836772207,2
1768376296095505517,5.962923835516554,8.880654944807238,1.9019584049924616,1.9393411488932883,2
1768376296170545990,7.688763426612066,9.095717100526036,1.9017199576053951,1.937374405286905,2
1768376296495771919,5.65481101776677,8.887397627611211,1.9017305728345357,1.9391780735601443,2
1768376296620917017,7.448318606529503,9.161782160155258,1.901338699467299,1.937774802850334,2
1768376296696007742,6.783687651330084,9.118570356322952,1.9007512954033832,1.9385874122697522,2
1768376296770782024,5.601946585441775,8.944487184337373,1.9004689058708333,1.9388040604299477,2
1768376296970689643,7.850295921954631,9.185358146516455,1.9011856952585178,1.9370747530287797,2
1768376297095535041,5.865878866743168,8.863372402357696,1.9021445815721192,1.9399695599946478,2
1768376297170894479,4.387189174229311,9.332905105494007,1.897288147022568,1.9384277742650782,2
1768376297220443003,6.971058821690024,8.823506964830697,1.9033752516107592,1.9392926123016843,2
1768376297370504301,8.06858286030998,9.350288529441496,1.9003954379210097,1.9362270727759243,2
1768376297420569968,6.972390953076335,8.92745050579255,1.9025923740905952,1.938558316726367,2
1768376297495816499,6.0727314878974425,8.899590334446737,1.9019319150332215,1.9391993645754708,2
1768376297570677005,7.174925818952849,8.766643688709713,1.90356945402022,1.9391076151010758,2
1768376297820994124,5.437371720022011,9.127465483285736,1.8996484349731626,1.9384598805433024,2
1768376297895488036,6.050922678043857,9.173654238613366,1.8997733305379882,1.9375699691690893,2
1768376297970763022,10.214014804577065,9.18179843062713,1.90365430921713,1.9365571842803597,2
1768376298020699015,9.475470980945477,9.326655821532993,1.9021571025184558,1.9360652310113127,2
1768376298095574490,4.953133596894421,9.182189479401362,1.8986678662867869,1.938289483075726,2
1768376298220964996,9.404012421881491,9.26142866207196,1.9023340830725919,1.936794032388184,2
1768376298296793389,5.475499233036585,8.86188218900284,1.90127821360434,1.93927575729583,2
1768376298371271698,5.358846331667388,9.148983081870218,1.8986250130371511,1.9377510718838897,2
1768376298420689282,7.46357904587347,8.662566582460864,1.905271787054594,1.9399979013458228,2
1768376298570794216,6.7064222117219074,9.271144804325958,1.9000412835648761,1.937058078263323,2
1768376298620663916,6.780373547690788,9.011746880545315,1.9017455692042637,1.9385684874797418,2
1768376298695430479,6.404312035562576,8.900233238979641,1.9023102456116798,1.9388680433266912,2
1768376298820804458,5.908555214710232,9.142990507617402,1.9001704765892717,1.9380677033625027,2
1768376298970917344,6.254647044629191,8.865668838248219,1.9018935614006067,1.9382922401443354,2
1768376299171209381,4.449836029806642,8.883579408160074,1.9008771035187981,1.9406762040972894,2
1768376299220688875,5.402778714978851,9.077707274832111,1.8999744741142057,1.9386597277518272,2
1768376299295873350,5.943367872631056,9.069462240530974,1.9010153602076116,1.9388115873020981,2
1768376299421063191,7.091992480951603,8.960256415713495,1.9024966482920551,1.9383692592197388,2
1768376299495445026,9.207876209770038,9.05078913856302,1.9039128259999203,1.9376793943186281,2
1768376299695572190,10.928838617644487,9.094286312805453,1.9047366609893408,1.9367296153467226,2
1768376299770538517,6.955118709199626,9.089258884420069,1.9015828905245098,1.9381357562658652,2
1768376299895724199,6.840829243208724,8.999515827011761,1.9014620036533443,1.9383847436440313,2
1768376299971020981,5.3860106497338744,9.016519677146052,1.9004048562769984,1.9386006389266375,2
1768376300220592706,7.5783630405859,8.997933298478717,1.902442201378004,1.9381632764526011,2
1768376300295593663,6.522010051835059,9.087265850025332,1.9010328065972937,1.938275380980314,2
1768376300371409500,5.1332762763782736,9.059412036770604,1.9003651975103184,1.9388479617693877,2
1768376300420931978,6.186637967959374,8.998564752064054,1.9015399551792942,1.9393434402523808,2
1768376300495960873,5.812282887120768,8.847318112921174,1.9016378805994096,1.9386448818166089,2
1768376300620481881,5.969345897438583,8.91721444652141,1.9020621001573739,1.9394285350929057,2
1768376300771525604,6.237691552369418,9.342860354618375,1.8988589365194066,1.9371633828834485,2
1768376300820722711,5.46001859192824,8.934174331044588,1.9008447592831763,1.938858993348715,2
1768376300895614284,4.241247383410807,8.955340270566346,1.8992157239958463,1.9388113704616932,2
1768376300970933428,7.373391388884931,9.069754254118719,1.9018922947420358,1.9388768760986617,2
1768376301020420833,4.922101824782699,9.158810967139274,1.898996084601667,1.9388180955461782,2
1768376301095734400,6.759038845967735,8.800870676206475,1.9030513737547088,1.9390126720299725,2
1768376301220412189,4.779635623403555,8.792370469789685,1.9013604637728543,1.9402539868961135,2
1768376301495967881,4.506603466228221,9.164884204063691,1.8979625969472742,1.938716009202446,2
1768376301570537395,7.2327167472274745,9.181060481500364,1.9013793666268526,1.9381098637765581,2
1768376301770512992,7.3063983201751,9.05552293092285,1.9012892314074579,1.9379568559501756,2
1768376301820433586,6.306730794224169,8.995764293955263,1.9017115566196503,1.9393530932712282,2
1768376301895572135,5.489569923902149,8.864421484036548,1.9006768799108156,1.9394324053457421,2
1768376302020583962,7.437742231738875,9.149316921057423,1.901512415993522,1.9379385473625357,2
1768376302095499093,10.004384345603246,8.957934614458436,1.905352070164754,1.9383316490295919,2
1768376302170742631,9.185336436138947,9.00340227425213,1.9039756953592375,1.9374601299751812,2
1768376302220560436,5.425616122302079,8.939998657006585,1.900825961222231,1.9387597918491235,2
1768376302295939640,6.91534784414749,8.937427525155991,1.9023287461007894,1.9390713878099601,2
1768376302420622717,6.556440896847038,9.030803160934743,1.9018579884479434,1.9390417007121867,2
1768376302496116142,8.588299305318792,9.0418497651174,1.9033697274867145,1.9378831005534984,2
1768376302571076241,6.919552782003624,9.052418902016747,1.901427840154746,1.93867125276476,2
1768376302620978021,6.9367326929388184,9.039693290189998,1.9015963068886326,1.9377826115817198,2
1768376302695635551,7.249873387207728,9.060181379486961,1.9020325780838458,1.938493119536813,2
1768376302771394672,9.060997001776316,9.051497151931283,1.9035053806757862,1.937183639923328,2
1768376302896079538,6.241982457011241,8.688273296677524,1.9033105188825983,1.9395012424540459,2
1768376302970730925,7.290857424923969,8.976191455704651,1.9025935306161654,1.939264432058692,2
1768376303095777663,5.95633406766094,9.099509779732116,1.9000431388698942,1.9375430178147888,2
1768376303370698988,6.426882315020643,8.953459790093032,1.9019637650077983,1.9385856640399428,2
1768376303495624008,6.740020308377392,9.100655629467157,1.90098509591393,1.938112422152412,2
1768376303571302265,4.721422404217135,9.083991655685912,1.8993911125577212,1.938929166159382,2
1768376303620516914,8.863050919516446,9.237074787676153,1.9024097817187213,1.9371459577401606,2
1768376303770598816,4.249404355058273,9.09423120521822,1.8987745287458617,1.938382095891168,2
1768376303895791531,6.276506157268491,8.786612119635201,1.902741233651781,1.9396611462124826,2
1768376304020765973,7.1637491139371345,9.059022214632952,1.901971732345151,1.9391092002938717,2
1768376304096158334,4.521615275586255,9.119668966386952,1.898681066467517,1.9383536384381412,2
1768376304220587355,9.55062107443938,8.836680681123124,1.9054547679960956,1.9383196717712878,2
1768376304295660452,6.5373106195460995,9.062182800247403,1.9007715683478275,1.9380372996059563,2
1768376304370768736,4.761996596158502,8.983004846566473,1.899564922121098,1.9384937558254622,2
1768376304420566085,6.740456233160552,9.081616583889678,1.9010736327322704,1.9378753557464048,2
1768376304495663259,6.661315541553581,9.028654101440793,1.9013246567282283,1.9382867584908945,2
1768376304620494111,6.936349382534068,8.853723932952025,1.9026980179273472,1.938752947324911,2
1768376304695914071,8.054818062475322,8.977532488585462,1.9027765588706378,1.937844427855129,2
1768376304770797166,5.90404877935935,8.635064193274259,1.9030313556788714,1.9400813025008172,2
1768376304821001837,4.047337006525709,9.00171062341145,1.8994006076568821,1.9394481534159969,2
1768376304895770218,7.181782675653281,9.032311133729323,1.9017595834429204,1.9381453384867933,2
1768376304970705212,7.382439334272739,8.853475185760558,1.903217042220436,1.9386331425247059,2
1768376305021489536,9.964367639874405,9.089173309026169,1.9043745539462944,1.936962943236393,2
1768376305095647718,8.064951259735054,9.05778523530787,1.9023380219093842,1.9376600594946494,2
1768376305171172664,7.922963805613525,9.161239832690303,1.9017746128860564,1.937935853430364,2
1768376305220632923,8.404212129822897,8.939701876660575,1.9037357991144572,1.9386331969860082,2
1768376305295998875,6.521997408629243,9.024755136153594,1.901304385287857,1.9384083222681288,2
1768376305420733135,7.111363178968766,9.107720889321948,1.9006004154923268,1.9369736745854422,2
1768376305495867647,7.816145740412894,9.17569192917386,1.9015150226387005,1.9374789048271688,2
1768376305570788234,6.6450144133543,9.205695664075416,1.9004618584580875,1.9381065780147109,2
1768376305695573386,7.17411603378193,9.07422310548914,1.9013586627357486,1.938261417142316,2
1768376305820436376,3.8183557767739185,8.901467747352008,1.8991295658986458,1.9394206797112814,2
1768376305971298491,7.987383792586122,9.04769896918436,1.9026668779461806,1.9378953969055848,2
1768376306170793791,9.992592809084488,9.008071807258935,1.9039439125380515,1.9364760881378833,2
1768376306221009271,6.648285729314196,9.052307623588602,1.9014077667802252,1.9384709450361635,2
1768376306420814128,4.386072379644723,8.835211389776925,1.9008309986439538,1.9405097455734515,2
1768376306495620971,4.8418528128755245,9.273734130360491,1.89809117841775,1.9379169825739853,2
1768376306695573526,6.2742346615221045,9.03076060102192,1.9011374135053827,1.938639568092125,2
1768376306896184340,8.293498559530432,9.091627192925964,1.9020959901569372,1.9373664540998423,2
1768376306970837821,9.752531757497795,9.089455848846315,1.904278356938682,1.9370566188839156,2
1768376307020788977,6.386450665560428,8.999111791109542,1.9014399103272133,1.938586082694482,2
1768376307096141650,7.456740934278283,8.840703557871779,1.9033638328649563,1.9393407296949516,2
1768376307220831265,5.944271159853409,8.975937186121987,1.9012842243383463,1.9383489721158407,2
1768376307295913016,6.696105458984469,9.004520439324937,1.901565584733125,1.9378114812729332,2
1768376307570817255,7.747144314773635,9.242044721434942,1.9008472302225372,1.9368614583011279,2
1768376307620605790,8.586116233713081,9.123984432766775,1.9028245608981789,1.9373622489657643,2
1768376307770641649,8.309319838401219,9.082214647153306,1.902600033850177,1.9379328826639088,2
1768376307820573424,8.79322886297662,9.027076412599115,1.9037727302081442,1.9381982194617857,2
1768376307896110779,6.87907767806184,9.084076049422725,1.9019136148928022,1.9383526233481976,2
1768376307971135027,6.7498960558387555,8.812534344002344,1.9027765998633923,1.9389458067229604,2
1768376308020898917,7.178596552153582,8.871220362022468,1.9034137713674641,1.9395830509440282,2
1768376308170652754,11.64330626522947,9.194710601743576,1.9044835501300565,1.9362481707762271,2
1768376308220606802,6.336927966406947,9.067984722253911,1.901074050395856,1.9387586905282521,2
1768376308295636818,5.368135664546303,9.129635884433155,1.8992222863292187,1.937971195651757,2
1768376308370873792,8.544576413283655,9.037411006088755,1.9028694329002869,1.9371065016980469,2
1768376308420603509,4.450864828785983,8.965167086017868,1.9002068368140652,1.939799322532578,2
1768376308495826749,5.647059201551841,9.065544200516664,1.900653426715432,1.9389430177751557,2
1768376308570863935,9.692880191478848,9.005118599849151,1.9046626409714453,1.9377101012515114,2
1768376308696137669,6.486273539694887,8.788858413344174,1.9036353918346762,1.9393859562744258,2
1768376308771134175,5.3765612088785275,8.814694029461938,1.9020520011618813,1.939158051219431,2
1768376308820697949,3.988450159003065,9.00215348613622,1.8991402133094666,1.9396237491807826,2
1768376308970579305,6.810007098399851,9.046652632442218,1.9018553482047877,1.938772901082476,2
1768376309171284830,6.9131292310911086,8.92297387620872,1.9024480736823035,1.938459369661549,2
1768376309295766837,4.383808647884901,8.924963341602323,1.9002833971359527,1.9401898985898092,2
1768376309370692043,6.056185129456493,9.006031729355833,1.9008994276034934,1.9388610052217148,2
1768376309420905046,3.489795408627705,8.868982223365029,1.8993235102108663,1.9402808182989144,2
1768376309570600765,6.706709955306422,9.047926908403598,1.901582259601449,1.9383567341293653,2
1768376309820671567,7.558789310884384,8.907354460966475,1.9034495140381793,1.9387433245444774,2
1768376309895785219,5.710810891742524,8.949345533163171,1.9013244532902087,1.9388216051113956,2
1768376309970883846,6.034224097166474,9.050573006068573,1.9009153810290806,1.9390864295091934,2
1768376310021118189,7.610864146344376,9.137359843725797,1.901885083869127,1.9375884323788077,2
1768376310170905422,8.293824543036177,9.298899294509344,1.9010503698196077,1.936828762864949,2
1768376310220516531,6.709446298249322,8.93716225076708,1.9021846704806409,1.9382562695474437,2
1768376310295832511,8.68273656436247,9.328507424702243,1.9009438103268372,1.9363688872506735,2
1768376310421179209,6.335149492852521,8.862097156058226,1.9025758430519653,1.938848758067084,2
1768376310570964704,9.279670079127111,9.299914866211235,1.9015108557698621,1.935997577956897,2
1768376310620947388,8.104639143635461,8.997660637454233,1.9024519851605743,1.9372460140839896,2
1768376310695700178,6.83310370832424,8.831010222469041,1.9032050087049537,1.939534866665637,2
1768376310770918278,5.583554121992185,9.003164601021792,1.9007183847073037,1.9392302550636982,2
1768376310820702237,8.241739335461684,9.243755095695038,1.9019064854576497,1.9376020917310188,2
1768376311020943556,7.944388329124141,9.138999929637036,1.9013407099408794,1.9369459060178107,2
1768376311095858693,4.497256377288483,9.124752945611462,1.8987814216073848,1.9389437026750507,2
1768376311170817475,7.540778605079179,8.92604368755807,1.902142565193832,1.938033288937503,2
1768376311370790910,7.3297423236442505,9.204065207506051,1.9010339173213073,1.937395347297337,2
1768376311420879034,6.655119168211376,8.941434872841386,1.9021351625181284,1.9393312017393836,2
1768376311496007292,7.8656954674101165,9.32426393082815,1.8997339379235563,1.9364109948967296,2
1768376311570765779,7.85995838769038,8.904361521822407,1.9038872351122307,1.9383773750819258,2
1768376311620597809,7.065736061914851,9.117133615285956,1.9017872637539088,1.9379518253163426,2
1768376311770882138,3.393482377617163,8.901129280506915,1.898788840605016,1.9390628474583025,2
1768376311895893816,7.327246027654999,9.008144048213142,1.9023360737683264,1.938492436579235,2
1768376312221207469,7.74311206728262,8.788897842970405,1.903669534877262,1.9386423722657136,2
1768376312295735589,7.0845505381311735,9.23850591701243,1.900490533819496,1.9377187199217918,2
1768376312420939272,4.689371513461271,8.92519633647,1.9005725853171391,1.9390993786549922,2
1768376312495912740,5.779049895030086,8.96469801252927,1.9003449642522563,1.9386381679525186,2
1768376312621143038,4.4133810579318755,9.144499704993196,1.8981909542969668,1.938853983457215,2
1768376312696034814,9.433186846972808,8.868465016899485,1.9044555023033864,1.9377830726580665,2
1768376312770735052,8.888415665126992,8.939977242262607,1.9042692086591044,1.938030563208337,2
1768376312895932758,2.8768119376549883,8.72911406985362,1.900232064683078,1.940461762386427,2
1768376312970803076,7.001263841976746,9.013094013465027,1.9017510365336172,1.9385469516366107,2
1768376313095606500,6.560207851530553,8.793338042366985,1.9033552854192208,1.9392404877758618,2
1768376313171367220,8.452346040038083,9.074465806416596,1.9024564963403257,1.937369752105803,2
1768376313220656054,7.493624038910296,9.125078892860332,1.9016527776659176,1.9368888602632013,2
1768376313296174609,5.174665879433604,8.967384878995112,1.9005698009946956,1.9392780673839722,2
1768376313370891126,7.4044119651497375,9.047232266730665,1.9012216465463276,1.9378888834278383,2
1768376313420625193,9.385329605217985,9.034628644535672,1.90411518123278,1.9374158684547726,2
1768376313495748224,4.7192641730400275,8.955942642098787,1.900452499606806,1.9394333560145103,2
1768376313570819871,6.63149280858244,9.302426375405455,1.8992283081659638,1.937205555717133,2
1768376313620829595,10.362178126381627,9.093138499540686,1.9045279331185252,1.9364076699742923,2
1768376313695704804,2.7163549281068455,8.91901078699615,1.899099238873049,1.9403582085360063,2
1768376313771299563,6.528142021319461,9.214431676969804,1.8998223318648608,1.9371245623200812,2
1768376313821726815,4.332443329683411,9.310226021467674,1.8978876102397775,1.938436438322965,2
1768376313896072036,7.956792639838062,9.103799741495616,1.9018702434925847,1.937801962496808,2
1768376314021000784,7.579586312880249,8.99170953987402,1.9023855593848604,1.9385266708274913,2
1768376314296201209,5.196161999920346,8.988158494759869,1.9003903766124393,1.9387583375194237,2
1768376314371182932,6.794506943818002,9.218959921974918,1.9002233577842524,1.9373518700397734,2
1768376314420791913,4.812821219892349,9.284986108522226,1.8982887290547594,1.9377727727703347,2
1768376314495761879,8.760291302763568,8.972041478844092,1.9040869291243547,1.938538636560389,2
1768376314570659293,8.096740900434884,9.42843767559883,1.899782727402059,1.9357410314299364,2
1768376314621775660,6.611008354672432,8.978866487757426,1.9017876938171931,1.9386532703489638,2
1768376314820725128,5.9253148230580255,9.082056021476772,1.9004947566378148,1.938883297846964,2
1768376314895870671,6.578514959197701,9.213837105505561,1.9001769133003203,1.938165613190892,2
1768376314971037488,7.814541705468248,9.206272861726449,1.901039183897924,1.937279416844303,2
1768376315020619361,5.004856832913962,8.917620745680152,1.9011783409412262,1.9396522934366078,2
1768376315095981391,8.040372535939921,9.358746443561813,1.9006161160836075,1.937165755838376,2
1768376315171135503,5.787083270082594,8.764751884681779,1.9023679642288207,1.9389118373554837,2
1768376315295959385,7.937955533981578,9.138475493242648,1.9023955401024422,1.938299693599079,2
1768376315371467337,4.286953082196732,9.153779733778395,1.8982875252741085,1.9384669793102902,2
1768376315421065925,9.153046622647487,9.034344801350226,1.9040012507847346,1.9376572125126594,2
1768376315495830601,7.690713669207261,9.159794219491806,1.9011525004227021,1.9371662303396469,2
1768376315571407531,5.306625368306062,9.029081919750123,1.900407589897024,1.9382772521297846,2
1768376315695754388,7.937096308709979,8.815694007796974,1.9043656158051578,1.9397090797987149,2
1768376315896235845,6.880593049156447,8.931223708102314,1.9016125074559258,1.937582808917669,2
1768376315971068682,7.892774363448263,9.357035305753115,1.9005241802662627,1.9364791791951956,2
1768376316021343320,6.909003151686521,9.205266947264338,1.9005241802662627,1.937470682659242,2
1768376316095837458,7.419039849358322,9.081419709559393,1.9017277770921033,1.9381325872815498,2
1768376316170885109,6.804605795503127,8.594769437533703,1.9048612516413517,1.9403263569064617,2
1768376316220820276,9.343598276635223,8.945253026190391,1.9048612516413517,1.937765876252293,2
1768376316371573633,5.7610169689625845,8.870629100090387,1.9015928245841924,1.9395269893665785,2
1768376316420931151,7.175095984126134,8.980818896052348,1.9018739152452315,1.9376219533743684,2
1768376316570738244,6.294072339291246,8.880338137595999,1.9024317123428145,1.9385071401850444,2
1768376316770983099,6.535102457249531,8.885550232216216,1.9024282320449992,1.9388100393077417,2
1768376316896050887,6.9463132975029485,8.883275497778207,1.9027903094120526,1.938538068663993,2
1768376316970671474,8.368213820260761,9.37928081721901,1.9005933339095304,1.9370617121066165,2
1768376317095865294,6.911952148114242,9.098744072639082,1.9015126093117258,1.938203140595706,2
1768376317221148770,8.07313940291321,9.004125644628072,1.9024293614329009,1.9380086911064953,2
1768376317370834702,7.501163181293347,8.976942825756895,1.902495455664355,1.9383746991592834,2
1768376317496050311,7.99354346681147,8.818538316895717,1.904415895485111,1.9389072893336623,2
1768376317695837816,7.1842803991468696,9.092971942288576,1.901501354346261,1.938009251342409,2
1768376317821710320,6.459707482595611,9.201978933754758,1.9000176241850333,1.9373725216217257,2
1768376317971029704,4.113533699890981,8.967721580476269,1.8994253398835539,1.9389892587750996,2
1768376318095947462,8.509954112215778,9.046613145253435,1.9032625022388998,1.9381261218582493,2
1768376318170783279,6.013230592722962,9.049935608341562,1.901004202866591,1.9384780051635584,2
1768376318221350262,8.015422872712508,9.24804700266467,1.9009315750086688,1.936564387335475,2
1768376318370731513,7.359875131850435,9.025299564069982,1.9020542810100118,1.9374865621793496,2
1768376318421270400,7.0483473105353855,9.042499089616697,1.9017890803161404,1.9381532852697523,2
1768376318621663372,4.072579526373854,8.925266788812412,1.9000354961413,1.940123653804881,2
1768376318820989138,5.6886407036338404,8.795838459378363,1.9018592564709285,1.9392128040653072,2
1768376318895756277,7.615382480310684,9.009163299608923,1.9026020161723807,1.9379937634295359,2
1768376318971074934,8.31131714711697,8.992584633571452,1.9037594093948536,1.9381948047858064,2
1768376319020920269,8.350869599965005,8.856484038156086,1.90384500246492,1.9378270844043082,2
1768376319095734202,9.244996257394611,8.986992821753017,1.9049654191829353,1.9379445145227439,2
1768376319170712247,6.1524537927475365,8.923674194275431,1.9014623969265598,1.9391887915446073,2
1768376319295778309,9.679284449571224,9.115145242634028,1.903870059263571,1.9378363242196026,2
1768376319421040052,5.273362778960511,9.302631922171031,1.8985470149148806,1.9382187361614978,2
1768376319495863970,7.419592940490993,8.919783423718638,1.9031634763117151,1.9383153936736126,2
1768376319695810575,9.24275714311551,8.996411456856707,1.9040412139285297,1.9372791237221678,2
1768376319771114230,7.559310049818135,9.36603706636138,1.899535412298316,1.9368293401724148,2
1768376319821465686,6.916403065637455,9.267748475052853,1.899535412298316,1.9374762965601449,2
1768376319970829291,9.314464882431261,9.24896175857513,1.9025138699933735,1.936526121902561,2
1768376320021769786,6.831309497584259,9.000916544577501,1.9025138699933735,1.939016600724184,2
1768376320095902574,6.398316867117115,9.122596506874721,1.9007117757562701,1.9376280281893827,2
1768376320170848948,4.919524396820529,8.886043443346264,1.9009040271126976,1.939041229267226,2
1768376320220773952,7.522667667908323,9.17176021243634,1.9009040271126976,1.9364289875607994,2
1768376320296022164,7.461158502080512,8.784111955193739,1.9036900772429977,1.9381629260200484,2
1768376320370938278,8.011351247830367,8.711552106024046,1.904905148594336,1.9390039840642443,2
1768376320495703786,6.438966205717156,9.006678651709624,1.9013499855671896,1.938444801028043,2
1768376321021368047,6.2295960203155865,9.002905401772123,1.9015450578362976,1.9391922111692266,2
1768376321095634370,7.873382689142172,9.199484112209774,1.9015012794529098,1.9370345545814918,2
1768376321170792919,7.6918286760705445,9.131528624012123,1.9017935072830954,1.9377990962556988,2
1768376321221154870,6.844464709671261,9.066913137364107,1.9009062524087583,1.9376724886334957,2
1768376321370709090,8.410091984520696,9.083809509316655,1.902631477357735,1.937564256115969,2
1768376321420788546,5.314251365668765,8.907585636055929,1.9008715558576528,1.938811298302688,2
1768376321496070658,7.389390752696734,9.072335881770828,1.9010624145172093,1.9375913056857508,2
1768376321571148946,7.434393786911464,9.100808174171942,1.9020689541361873,1.9386511143583944,2
1768376321621974205,7.633887340785739,9.107867070138738,1.9020689541361873,1.9384514500536922,2
1768376321695721296,7.507512694576723,8.784943991086717,1.9039185245242836,1.9391693190934118,2
1768376321770869246,7.6745805320721505,9.14317807678041,1.9016102175553602,1.9381255527127463,2
1768376321821426935,7.6745805320721505,9.14317807678041,1.9016102175553602,1.9381255527127463,2
1768376321971367525,5.428582791694003,9.115152594366544,1.8990297792986268,1.937673384347637,2
1768376322021507093,4.4042210128683035,9.007019045498275,1.8990297792986268,1.9387026397976694,2
1768376322095772526,4.392840598396175,9.297038177528837,1.897257156604706,1.9378773403086886,2
1768376322170759825,9.322493453634229,8.862384529936367,1.9047888146085554,1.9385454390778838,2
1768376322220926821,5.995440366000526,8.960313395664727,1.901467331152517,1.9391527859093525,2
1768376322371124012,4.594475689016164,8.725942277675292,1.9012194836321683,1.9399704467362608,2
1768376322421039577,6.6900725366245695,9.036619999145207,1.9012194836321683,1.937861904711026,2
1768376322496124684,7.573466627944558,8.999917735612108,1.9028011834381129,1.9380870117848827,2
1768376322695805802,8.147704783664667,9.114518148246777,1.9022596899720567,1.9378521200463308,2
1768376322771530757,9.367580672472009,9.284683200214715,1.9022632284592456,1.9364934795357442,2
1768376322821671283,8.239184740108207,9.080083444186691,1.9022632284592456,1.9376346686234327,2
1768376322896149280,8.530706527296816,9.084549305972946,1.9022755123496955,1.9370295191246798,2
1768376323295756224,5.11382495618995,8.986122110826571,1.900012504187141,1.9385388943858912,2
1768376323371103194,5.122945396138334,9.261509018905429,1.8979722222665727,1.9382829695314745,2
1768376323420914705,5.122945396138334,9.261509018905429,1.8979722222665727,1.9382829695314745,2
1768376323495998931,6.269992097786226,8.862493319901024,1.9023591050311957,1.9391179166299561,2
1768376323570932900,7.647991834903278,9.034936554053273,1.9022747322355522,1.9382765757432614,2
1768376323621239109,7.647991834903278,9.034936554053273,1.9022747322355522,1.9382765757432614,2
1768376323771202847,5.626950010237275,9.365599304236962,1.898502409020069,1.9377172940985794,2
1768376323821441531,5.626950010237275,9.365599304236962,1.898502409020069,1.9377172940985794,2
1768376323896058173,9.764775143382476,8.95386693267246,1.904533982786567,1.9377317072682005,2
1768376324095699010,8.17147523547912,8.885956276471921,1.9032213284954882,1.9381538162323542,2
1768376324170825777,8.658005404762026,9.061505461028158,1.902740899211337,1.936964592075645,2
1768376324221458780,8.658005404762026,9.061505461028158,1.902740899211337,1.936964592075645,2
1768376324296170852,5.656462494247005,8.679467549375877,1.9027605017717861,1.9394580870870997,2
1768376324371010377,7.567928430204374,9.115038528290965,1.902144951497995,1.9382689375142899,2
1768376324420973170,7.567928430204374,9.115038528290965,1.902144951497995,1.9382689375142899,2
1768376324496208693,3.3136571330059095,8.914134730799683,1.898887346344195,1.9399206872221997,2
1768376324570786765,4.58345064005794,8.988103975167437,1.8998668068232258,1.9393763906256403,2
1768376324621005975,4.58345064005794,8.988103975167437,1.8998668068232258,1.9393763906256403,2
1768376324696428140,10.173143591219347,9.082347015547613,1.9048802515108492,1.9373512128397914,2
1768376324771166812,8.38650191522472,9.283748165534275,1.9015129757506652,1.9367052602155013,2
1768376324821322729,8.38650191522472,9.283748165534275,1.9015129757506652,1.9367052602155013,2
1768376324896232321,4.726886246217532,8.952928331608062,1.900559556374074,1.9387851892115975,2
1768376324970802821,7.869214235243449,9.318400899491369,1.900332274416264,1.936573743568146,2
1768376325021407816,7.869214235243449,9.318400899491369,1.900332274416264,1.936573743568146,2
1768376325171179727,6.291132444117276,8.975181285510992,1.9015483148975367,1.938890805717592,2
1768376325220970496,6.291132444117276,8.975181285510992,1.9015483148975367,1.938890805717592,2
1768376325295689629,10.17388109614159,9.30080271574647,1.9029088956603917,1.9368322295661886,2
1768376325371045239,4.106250452676763,9.213401730897104,1.8978074502582978,1.9383194272356408,2
1768376325420825833,4.106250452676763,9.213401730897104,1.8978074502582978,1.9383194272356408,2
1768376325495879766,7.798674523164628,8.92449606420251,1.9029741579269663,1.9376688497286132,2
1768376325770758121,5.614319658474587,9.042774253388279,1.9002616319516041,1.9380659283458193,2
1768376325822145420,5.614319658474587,9.042774253388279,1.9002616319516041,1.9380659283458193,2
1768376325896061036,3.8662350936928824,8.692745770062134,1.9009512139815634,1.940255326041093,2
1768376325971125511,9.640505615873929,9.279733861246154,1.902524085518701,1.9367457254953309,2
1768376326020964016,9.640505615873929,9.279733861246154,1.902524085518701,1.9367457254953309,2
1768376326295961136,7.412289783271353,9.102921646691712,1.9019498554775136,1.9385091950900488,2
1768376326495915224,8.597339912440827,9.014398073261965,1.9031892616461443,1.9374920877297983,2
1768376326571167149,8.994276835893489,8.899322646638671,1.9046907253354073,1.9387034522839175,2
1768376326621513263,8.994276835893489,8.899322646638671,1.9046907253354073,1.9387034522839175,2
1768376326695878872,7.333283573960125,9.096085101446356,1.901207367678807,1.9372343737053497,2
1768376326770888695,6.81210321313519,9.106966227064422,1.9011859037626824,1.9379934907538967,2
1768376326821529581,6.81210321313519,9.106966227064422,1.9011859037626824,1.9379934907538967,2
1768376326970831302,4.469247035931545,8.726997119796064,1.9013839015398288,1.9398961604453897,2
1768376327021426139,4.469247035931545,8.726997119796064,1.9013839015398288,1.9398961604453897,2
1768376327096199072,6.59778593921434,8.779356501084608,1.9037538666999507,1.9398576839641082,2
1768376327170931416,9.887337250265249,9.34258437607578,1.9017396312451926,1.9356923090330347,2
1768376327221323074,9.887337250265249,9.34258437607578,1.9017396312451926,1.9356923090330347,2
1768376327295859317,8.542840727324252,9.088321481681726,1.902687637284939,1.9375506016036235,2
1768376327496284129,7.916821267331509,9.240172320703115,1.9012636019360791,1.937795034822999,2
1768376327570924718,7.78699148101869,9.241803589006368,1.9014174914689252,1.937249123303164,2
1768376327621849384,7.78699148101869,9.241803589006368,1.9014174914689252,1.937249123303164,2
1768376327770971183,6.010013251506852,9.181595804782194,1.8999494149249658,1.9376340797497782,2
1768376327821198231,6.010013251506852,9.181595804782194,1.8999494149249658,1.9376340797497782,2
1768376327970704070,5.500724026843429,9.02547040592045,1.9004085116106129,1.9388028339539172,2
1768376328021248042,5.500724026843429,9.02547040592045,1.9004085116106129,1.9388028339539172,2
1768376328095895179,6.430785270184369,8.860365576587958,1.9020154402323748,1.9387740401765314,2
1768376328170995259,6.8039993993394,8.91084691068883,1.9022960133228624,1.9386568317834132,2
1768376328221075522,6.8039993993394,8.91084691068883,1.9022960133228624,1.9386568317834132,2
1768376328296162849,6.48187964512692,9.081796883027373,1.9008124854569597,1.938640659349994,2
1768376328371219783,10.457315593141558,9.089776424665404,1.9046069414107878,1.9372575674153805,2
1768376328421139947,10.457315593141558,9.089776424665404,1.9046069414107878,1.9372575674153805,2
1768376328496047535,5.297072413192883,9.025498000216366,1.8995317523966642,1.937834271475046,2
1768376328695873909,9.610779487019494,9.089213300553695,1.9037912779779411,1.9366818560138963,2
1768376328771211933,7.503000743735999,9.168775030827863,1.900953393873859,1.937022259690388,2
1768376328821515225,7.503000743735999,9.168775030827863,1.900953393873859,1.937022259690388,2
1768376328971232335,6.3968736959005845,8.907148150307474,1.9020385989544069,1.9384454829249556,2
1768376329021064076,6.3968736959005845,8.907148150307474,1.9020385989544069,1.9384454829249556,2
1768376329171315759,8.195062634510641,9.103880149042658,1.9021877892702452,1.9374060272885523,2
1768376329220880788,8.195062634510641,9.103880149042658,1.9021877892702452,1.9374060272885523,2
1768376329296352488,5.932788071666195,9.043095335028502,1.9007690235292944,1.9387893194373305,2
1768376329496218357,4.938565977765652,9.043059494882348,1.8994524055471982,1.9384048903716802,2
1768376329570821302,9.011510413668544,9.174478649396956,1.9027665165877774,1.9372150175427114,2
1768376329621468676,9.011510413668544,9.174478649396956,1.9027665165877774,1.9372150175427114,2
1768376329770814110,6.00994674573907,9.3108161611568,1.8994442650194845,1.937390736050422,2
1768376329821036047,6.00994674573907,9.3108161611568,1.8994442650194845,1.937390736050422,2
1768376329896376852,6.5701202737364905,9.023384240783857,1.900862744223855,1.9383402039052586,2
1768376329970977446,8.293730894484597,9.100389042293175,1.9027221995576118,1.9370494940838066,2
1768376330021422637,8.293730894484597,9.100389042293175,1.9027221995576118,1.9370494940838066,2
1768376330170998270,6.26049073464241,9.19790827539446,1.900618083671013,1.9383000419631975,2
1768376330221235026,6.26049073464241,9.19790827539446,1.900618083671013,1.9383000419631975,2
1768376330296060815,6.830335274650157,9.396770856260634,1.8984452232090732,1.9359699871346052,2
1768376330371200755,9.486928672858719,9.123685978222147,1.9035052766075269,1.9365477086741931,2
1768376330421686487,9.486928672858719,9.123685978222147,1.9035052766075269,1.9365477086741931,2
1768376330771086686,8.529258075972157,9.122691128303712,1.9022741046458818,1.9367493666410736,2
1768376330821762142,8.529258075972157,9.122691128303712,1.9022741046458818,1.9367493666410736,2
1768376331370865209,7.931307301203949,8.708132571954243,1.9044817840742223,1.9387901144033333,2
1768376331421701642,7.931307301203949,8.708132571954243,1.9044817840742223,1.9387901144033333,2
1768376331495776952,9.429984888760456,9.06287542801262,1.903917713875419,1.9376854299883122,2
1768376331696070162,7.609261280386859,9.120380324494752,1.9012426124972535,1.9364949299726757,2
1768376331896296917,9.936358768164233,9.170045106352179,1.9033326102329076,1.9364917894267548,2
1768376331970874434,8.860519775693243,9.013252719543319,1.903511642330712,1.937759219990705,2
1768376332021515543,8.860519775693243,9.013252719543319,1.903511642330712,1.937759219990705,2
1768376332096391507,5.9799706785443885,9.113853914044583,1.900791330734841,1.9391478749358042,2
1768376332170879488,7.453479269070806,9.141363177604246,1.9015367083216788,1.937202302596047,2
1768376332222148923,7.453479269070806,9.141363177604246,1.9015367083216788,1.937202302596047,2
1768376332295844395,8.4128017479701,9.344363964326723,1.9008300926547896,1.9362886201801588,2
1768376332496125920,5.965362817292208,8.684557835388729,1.9032318751972634,1.9397773466659463,2
1768376332571284019,8.110895866859646,9.009334064318299,1.9025338314499238,1.9374392139999421,2
1768376332622341838,8.110895866859646,9.009334064318299,1.9025338314499238,1.9374392139999421,2
1768376332695954716,8.098746046316885,8.92665631560795,1.9035736974319561,1.9387600290982705,2
1768376332770862235,5.467295986918197,8.668705140355295,1.9020589547286098,1.9388125161307923,2
1768376332822698790,5.467295986918197,8.668705140355295,1.9020589547286098,1.9388125161307923,2
1768376332971251673,8.37993812710569,8.924214206649381,1.903649329119063,1.9377397301328219,2
1768376333021300194,8.37993812710569,8.924214206649381,1.903649329119063,1.9377397301328219,2
1768376333096393803,6.7122589149244405,8.871635828622612,1.902561821612364,1.9386837846246914,2
1768376333296440953,5.398928129332292,9.014564032378384,1.9003426848371836,1.9383430764700007,2
1768376333370726631,5.400255702937118,9.15127314519391,1.8996342476472303,1.9381431819145696,2
1768376333423047808,5.400255702937118,9.15127314519391,1.8996342476472303,1.9381431819145696,2
1768376333496002435,6.805717781147802,9.118995259623242,1.9005701769805141,1.9376331255058112,2
1768376333570888141,5.850421407952,9.144735913176238,1.8996928103580644,1.9380194089700604,2
1768376333622103372,5.850421407952,9.144735913176238,1.8996928103580644,1.9380194089700604,2
1768376333696672430,6.737095012993244,9.262019576090987,1.8998879838908065,1.937816991660796,2
1768376333771406465,7.769324694028912,9.156814113468613,1.9014001072315918,1.9379298953555846,2
1768376333821409050,7.769324694028912,9.156814113468613,1.9014001072315918,1.9379298953555846,2
1768376334170858433,9.37408059268896,8.893578837430598,1.9047101850212578,1.9374415894026753,2
1768376334221784537,9.37408059268896,8.893578837430598,1.9047101850212578,1.9374415894026753,2
1768376334371352143,6.876696860761422,9.148850380927662,1.9004004783522963,1.9376036113195707,2
1768376334422195125,6.876696860761422,9.148850380927662,1.9004004783522963,1.9376036113195707,2
1768376334495994326,9.027683838068956,9.040811667427977,1.903488851329668,1.9381046993213833,2
1768376334554529117,9.027683838068956,9.040811667427977,1.903488851329668,1.9381046993213833,2
1768376334696443379,5.094261163377745,8.953291975328312,1.900650438757117,1.9388468465931121,2
1768376334771522031,9.574700680518244,9.328224063233096,1.9019441218393527,1.9365495720118449,2
1768376334822577171,9.574700680518244,9.328224063233096,1.9019441218393527,1.9365495720118449,2
1768376335095962708,7.074882373541147,8.806198791093717,1.903046011454101,1.938558739000822,2
1768376335171166757,9.588988672425858,9.346120131529526,1.9016195204796567,1.9358118993262685,2
1768376335221917015,9.588988672425858,9.346120131529526,1.9016195204796567,1.9358118993262685,2
1768376335371251834,7.357141923188371,9.27586329155491,1.8991821008894025,1.9369527872943617,2
1768376335422553398,7.357141923188371,9.27586329155491,1.8991821008894025,1.9369527872943617,2
1768376335571584698,7.008168303296758,9.251505769180282,1.9004123898568452,1.9370662935319645,2
1768376335622798879,7.008168303296758,9.251505769180282,1.9004123898568452,1.9370662935319645,2
1768376335696651586,5.675683537857745,8.913853314981555,1.900859836428097,1.9382171945552804,2
1768376335771074665,4.39134520320783,9.16288485804686,1.8982983006972038,1.9381165754534433,2
1768376335823249289,4.39134520320783,9.16288485804686,1.8982983006972038,1.9381165754534433,2
1768376335897398457,5.820876400777442,8.674016298475037,1.902974055117049,1.9399706802092427,2
1768376335970840141,8.647993241205798,9.07926294009477,1.9025922570780676,1.9368102800302607,2
1768376336022108224,8.647993241205798,9.07926294009477,1.9025922570780676,1.9368102800302607,2
1768376336295954746,6.170361603382801,8.824765521742238,1.9025604185401441,1.9395350096523927,2
1768376336371123481,7.609451292507341,8.975970515260082,1.9026308309840483,1.9382819762599877,2
1768376336426397395,7.609451292507341,8.975970515260082,1.9026308309840483,1.9382819762599877,2
1768376336570920443,8.021879872799786,9.096711536464746,1.9019917478593094,1.9380213714478804,2
1768376336622402870,8.021879872799786,9.096711536464746,1.9019917478593094,1.9380213714478804,2
1768376336695894206,7.376199115280091,9.031945651046533,1.9019155094422724,1.9384370067799832,2
1768376336770966143,6.9033049929374535,8.93471778730157,1.9020935825035852,1.9375309399808451,2
1768376336823357590,6.9033049929374535,8.93471778730157,1.9020935825035852,1.9375309399808451,2
1768376336971129709,6.091328396061524,8.907239385393869,1.901687880633017,1.9381489075082055,2
1768376337022502479,6.091328396061524,8.907239385393869,1.901687880633017,1.9381489075082055,2
1768376337096416050,7.224200877353759,8.829033097185784,1.9029144652602488,1.9382721724555956,2
1768376337171370051,6.215329564141392,8.858550819312473,1.9020739182081225,1.939212485906302,2
1768376337222669208,6.215329564141392,8.858550819312473,1.9020739182081225,1.939212485906302,2
1768376337296474324,6.381606856692645,9.169015798195229,1.89965088951648,1.9381027049350428,2
1768376337496805975,5.885736238794292,8.941819076634697,1.9010403306157229,1.9384750650225817,2
1768376337696364217,8.6520271641497,9.22839816955008,1.901696270566516,1.93634573737523,2
1768376337770782075,8.576871133372466,9.077156696323899,1.9028730628740202,1.9369489415541916,2
1768376337822540206,8.576871133372466,9.077156696323899,1.9028730628740202,1.9369489415541916,2
1768376337899095749,5.150401842175967,8.984808022356937,1.8999968867309633,1.9387191599318787,2
1768376337971525843,6.8211377596736344,9.109840282042992,1.9006563127561271,1.9377921290686386,2
1768376338023762943,6.8211377596736344,9.109840282042992,1.9006563127561271,1.9377921290686386,2
1768376338097308855,8.437669904130196,8.98357379151702,1.902926547347359,1.9379800350116203,2
1768376338296287773,9.687374913564861,9.229714079428597,1.9027681555658078,1.9368487267658216,2
1768376338370847623,7.339650737007375,9.226728518325029,1.8998458164743757,1.9363899847081798,2
1768376338424101253,7.339650737007375,9.226728518325029,1.8998458164743757,1.9363899847081798,2
1768376338496396493,7.5334348563775855,9.042421961831998,1.902391684862485,1.9385508396226772,2
1768376338695905041,7.809211676671923,8.932895573637502,1.9027384358219033,1.9383241367092998,2
1768376338771165611,7.614417101454274,8.866144281407651,1.9030763891257172,1.937908472248555,2
1768376338824167435,7.614417101454274,8.866144281407651,1.9030763891257172,1.937908472248555,2
1768376339096482490,9.94082444857236,9.011646486191337,1.9041407744906853,1.936656733389356,2
1768376339296219003,7.333736220649811,9.130027206700188,1.9011817217355118,1.9377835370400527,2
1768376339371088503,6.798904138651141,8.95533526042688,1.9022093779269917,1.9384585229648135,2
1768376339424867877,6.798904138651141,8.95533526042688,1.9022093779269917,1.9384585229648135,2
1768376339496226768,8.816875732934992,9.134057814222965,1.9025383309630903,1.9370911405227598,2
1768376339571489719,6.668370151539538,9.235205049726167,1.8996732768423588,1.9370708083719674,2
1768376339625177973,6.668370151539538,9.235205049726167,1.8996732768423588,1.9370708083719674,2
1768376339896184205,9.945867804857178,8.993466933888277,1.9045716795062235,1.9370567226282212,2
1768376340097515438,9.182317263233042,9.08238298708103,1.9032817085691982,1.937932079173688,2
1768376340170986807,6.959613837647982,9.134537706956502,1.9006486287240822,1.9380057038127032,2
1768376340224095797,6.959613837647982,9.134537706956502,1.9006486287240822,1.9380057038127032,2
1768376340296624136,3.552844101095687,9.054927337933405,1.8980964782619738,1.9391014591235656,2
1768376340696561792,6.8134806356399125,9.003442897068195,1.9010883023047878,1.9382495925593037,2
1768376340770791987,4.806531356738475,8.81216927765459,1.9011076908948437,1.9391839556071813,2
1768376340824874504,4.806531356738475,8.81216927765459,1.9011076908948437,1.9391839556071813,2
1768376340970994851,6.679779219286308,9.193695272142762,1.8995158418902107,1.937078428376258,2
1768376341024797924,6.679779219286308,9.193695272142762,1.8995158418902107,1.937078428376258,2
1768376341096411195,5.2065465631763175,8.907852022402729,1.9005628347073074,1.9391943063219605,2
1768376341296212622,7.089885679409269,8.708963940102798,1.904428895669992,1.9394299631768133,2
1768376341570889254,9.9344852028167,9.13981987989335,1.9035593633820431,1.9367237884880217,2
1768376341625006065,9.9344852028167,9.13981987989335,1.9035593633820431,1.9367237884880217,2
1768376341696688187,8.684415830999326,9.057350888349104,1.9029364936377515,1.9373512408173146,2
1768376341771128130,8.063172796189955,8.966710879353709,1.9029712204255778,1.9377756407047577,2
1768376341824980626,8.063172796189955,8.966710879353709,1.9029712204255778,1.9377756407047577,2
1768376341971565476,7.936215479886988,9.100693924533672,1.9017495149091246,1.936849341459327,2
1768376342025548636,7.936215479886988,9.100693924533672,1.9017495149091246,1.936849341459327,2
1768376342170792903,6.093313452124605,8.863398028864227,1.9012983491102498,1.9388139081574134,2
1768376342225656616,6.093313452124605,8.863398028864227,1.9012983491102498,1.9388139081574134,2
1768376342297205442,3.7007604661909443,9.07604631398064,1.8982902962207524,1.9397124398204544,2
1768376342496058087,7.401249442182012,8.811084684862465,1.9039187696077131,1.9386668941192797,2
1768376342570966861,8.242049127098028,9.208131209983764,1.9014967210140181,1.9369849844593081,2
1768376342626306295,8.242049127098028,9.208131209983764,1.9014967210140181,1.9369849844593081,2
1768376342696108274,6.697318593678503,8.936480641985021,1.9016529769041262,1.9383236290685428,2
1768376342771050601,6.007046000345628,8.872122289329795,1.9013588198989937,1.9383179545998477,2
1768376342825786624,6.007046000345628,8.872122289329795,1.9013588198989937,1.9383179545998477,2
1768376342970993252,5.282998883629153,8.974017028572726,1.9004683248550964,1.9389472597026927,2
1768376343025375239,5.282998883629153,8.974017028572726,1.9004683248550964,1.9389472597026927,2
1768376343096753419,6.540160916867377,8.9907521361774,1.9014872179322477,1.938125118445502,2
1768376343297155923,7.8498278475296335,9.046281240103086,1.9019627716542562,1.9376588123936682,2
1768376343371197211,8.77875709580378,9.020275935691947,1.9034611547018083,1.9372194441316883,2
1768376343426161724,8.77875709580378,9.020275935691947,1.9034611547018083,1.9372194441316883,2
1768376343496561194,4.880162453451575,8.780118657823424,1.9010778961580328,1.9399835238800467,2
1768376343696753032,7.338915375148414,9.068762428639111,1.901568491401696,1.9366793910099565,2
1768376343896560042,6.752200955501442,9.039170875886176,1.9010002039935496,1.9373490365231039,2
1768376343970950237,8.230760169962936,9.153634134528613,1.901720983397592,1.9371398906385136,2
1768376344026147146,8.230760169962936,9.153634134528613,1.901720983397592,1.9371398906385136,2
1768376344097155021,8.052191007134724,9.050215196395586,1.9030946643906865,1.9376791019790798,2
1768376344171367032,7.8733716349284055,9.38276660087279,1.9000875810201736,1.9368669791018691,2
1768376344225245547,7.8733716349284055,9.38276660087279,1.9000875810201736,1.9368669791018691,2
1768376344296546901,6.138697829677797,9.085128932983105,1.9007180594205002,1.9382794299387724,2
1768376344371180599,7.2284088909875255,9.23006598829463,1.900164178462676,1.9373723295030705,2
1768376344426456513,7.2284088909875255,9.23006598829463,1.900164178462676,1.9373723295030705,2
1768376344496310364,5.232041144335398,9.195521129299559,1.8981459249323767,1.9374883803548695,2
1768376344571022019,6.981718590002517,8.795947172245468,1.9035192465568869,1.939459321312307,2
1768376344626155918,6.981718590002517,8.795947172245468,1.9035192465568869,1.939459321312307,2
1768376344971019471,7.242921272724301,9.118619886320687,1.9012713924341584,1.9381014502115121,2
1768376345026327676,7.242921272724301,9.118619886320687,1.9012713924341584,1.9381014502115121,2
1768376345171315373,7.396510042609883,8.95937730229923,1.901973854686475,1.9369977908649947,2
1768376345227280045,7.396510042609883,8.95937730229923,1.901973854686475,1.9369977908649947,2
1768376345296996944,9.423006739617712,9.17784386741371,1.9029043141412227,1.9374592992913566,2
1768376345496378291,7.348718413118904,9.275566158378794,1.9006422958424587,1.93753374666591,2
1768376345571077975,7.670989377118964,8.850144656406504,1.903446684951844,1.9387187591654025,2
1768376345626801599,7.670989377118964,8.850144656406504,1.903446684951844,1.9387187591654025,2
1768376345696346692,6.253131538920487,8.936028811786349,1.9011310877272596,1.937984772989174,2
1768376345770773068,6.568141967121077,8.706777957059764,1.9031694226645421,1.93886437594262,2
1768376345827480272,6.568141967121077,8.706777957059764,1.9031694226645421,1.93886437594262,2
1768376345971568230,8.30333960805918,8.968778847330773,1.9037340273719203,1.9385247264682988,2
1768376346026243502,8.30333960805918,8.968778847330773,1.9037340273719203,1.9385247264682988,2
1768376346171302512,6.046603683835583,9.200756051363738,1.8992573079361272,1.9374611753074789,2
1768376346370961496,3.343437395608939,8.946716091150456,1.8984552114756457,1.9388855831033998,2
1768376346427599232,3.343437395608939,8.946716091150456,1.8984552114756457,1.9388855831033998,2
1768376346496191456,7.018712896323942,9.046221141976158,1.9016411122858847,1.9371110334471349,2
1768376346571229221,10.596909202850835,9.083309838347038,1.9048968861862547,1.9368300825809794,2
1768376346626593488,10.596909202850835,9.083309838347038,1.9048968861862547,1.9368300825809794,2
1768376346896731997,7.4172401540193444,8.995487517950094,1.901992152566279,1.9382488172088848,2
1768376346971387745,8.336470772025928,9.202120242520175,1.901864103511387,1.9379114746178785,2
1768376347028378945,8.336470772025928,9.202120242520175,1.901864103511387,1.9379114746178785,2
1768376347096907806,5.446718665829797,9.052445361518508,1.9002881233146738,1.93855200419775,2
1768376347496682902,8.443432451307409,8.88520215310214,1.9035734750357653,1.9383708648606992,2
1768376347571180032,6.637196707952153,8.981841263462295,1.9018810962260457,1.9391869144432998,2
1768376347628263346,6.637196707952153,8.981841263462295,1.9018810962260457,1.9391869144432998,2
1768376347696572020,7.697946579406922,9.054848975614448,1.9015909310723678,1.936842331025892,2
1768376347771191452,5.634724763372789,9.143526163978489,1.8995803548756949,1.9376000075632112,2
1768376347827464510,5.634724763372789,9.143526163978489,1.8995803548756949,1.9376000075632112,2
1768376347896635878,7.3917196275139485,9.104004872348666,1.9012380747464888,1.9376617008361094,2
1768376347971283342,5.385943525393566,9.248536872934826,1.8980134596854719,1.937273936467386,2
1768376348027223936,5.385943525393566,9.248536872934826,1.8980134596854719,1.937273936467386,2
1768376348096914473,7.529275206535679,9.100007361070384,1.902038234607179,1.9374124186979838,2
1768376348171666779,9.433381970476828,9.1432796716905,1.902612075908012,1.9361402440468505,2
1768376348227235103,9.433381970476828,9.1432796716905,1.902612075908012,1.9361402440468505,2
1768376348297108997,9.600253967352979,9.073159838694439,1.9034423913534284,1.9366594117525302,2
1768376348371657288,6.754034219645488,8.947930863356488,1.901782979087131,1.9388800711583465,2
1768376348427943543,6.754034219645488,8.947930863356488,1.901782979087131,1.9388800711583465,2
1768376348572315020,4.952329225453411,9.015374037273187,1.899463259866037,1.9384926453731113,2
1768376348629193175,4.952329225453411,9.015374037273187,1.899463259866037,1.9384926453731113,2
1768376348771236230,7.043356475638918,8.87179160037366,1.9033806387936443,1.9391154523290541,2
1768376348828617479,7.043356475638918,8.87179160037366,1.9033806387936443,1.9391154523290541,2
1768376348896502525,8.005792601805117,9.287753198952142,1.9009232910341036,1.9370117789572543,2
1768376349096432336,9.447588297751386,9.098352439657539,1.904216272680882,1.9374631294435076,2
1768376349171818532,5.59847183052864,8.836386594934112,1.9014991646932284,1.9395642246440645,2
1768376349221321025,5.59847183052864,8.836386594934112,1.9014991646932284,1.9395642246440645,2
1768376349296779172,8.627579441769173,9.078702596130942,1.9029118361117412,1.9380882857443282,2
1768376349371466041,8.213227654494393,9.017283711314722,1.902852559954111,1.938435077569315,2
1768376349427007979,8.213227654494393,9.017283711314722,1.902852559954111,1.938435077569315,2
1768376349496449143,6.614861767204383,9.201066187836986,1.900039597838677,1.9374921337104185,2
1768376349771506875,8.56892035936263,9.229925933069577,1.901988249792948,1.936855336670639,2
1768376349821775328,8.56892035936263,9.229925933069577,1.901988249792948,1.936855336670639,2
1768376349896743688,8.614308797802117,9.097723657947734,1.9029118732387893,1.9375303752253028,2
1768376349971202303,8.227907632023301,9.025805922591168,1.9031143284264498,1.93786396401565,2
1768376350029267944,8.227907632023301,9.025805922591168,1.9031143284264498,1.93786396401565,2
1768376350096887596,6.971474446512582,9.197099453033944,1.9000502087412858,1.9362256536238018,2
1768376350299037244,7.485292308062386,9.077533582030215,1.9012601323116578,1.937534711365508,2
1768376350696734668,6.359905059195148,8.964958534707936,1.9017367847299145,1.9383883162282147,2
1768376351096597794,5.279842498525644,9.057561408684922,1.8996735208914701,1.938534856942122,2
1768376351170929688,5.9994877894979926,9.161818509875939,1.8993191258552427,1.9374858784605389,2
1768376351228606034,5.9994877894979926,9.161818509875939,1.8993191258552427,1.9374858784605389,2
1768376351296768603,9.489979433593199,9.138584140187977,1.903303258124467,1.936989420926045,2
1768376351371521926,4.17658987195324,8.644334897267253,1.9013517148465489,1.9398515811399133,2
1768376351696990043,7.915932095115874,9.022772168573837,1.9025533510355326,1.9373820307031067,2
1768376351771486684,8.461138799864765,9.159264716193823,1.902074828090334,1.937089992275467,2
1768376351821487581,7.1139557543524745,8.968146295329987,1.902584540346447,1.938201959803491,2
1768376352170924342,6.458201122713447,9.020849474102281,1.9013617204765432,1.938403300488265,2
1768376352229013577,6.458201122713447,9.020849474102281,1.9013617204765432,1.938403300488265,2
1768376352296759672,6.835607981453995,8.943317105451738,1.9021476398406556,1.9383415876432406,2
1768376352371239809,8.45087107584419,9.057736571935372,1.902726337345736,1.9376597802906963,2
1768376352428997251,8.45087107584419,9.057736571935372,1.902726337345736,1.9376597802906963,2
1768376352571269106,4.734847130360986,8.967680146201669,1.8998719186607542,1.9386327059822792,2
1768376352629397654,4.734847130360986,8.967680146201669,1.8998719186607542,1.9386327059822792,2
1768376352697351078,6.973375203650711,8.981169821349974,1.9019650145248173,1.9381255838632485,2
1768376352771167865,6.790108007811213,8.934819617458748,1.902337218660776,1.9392586767624087,2
1768376352828704289,6.790108007811213,8.934819617458748,1.902337218660776,1.9392586767624087,2
1768376353297449560,8.636873260427613,9.010447435427787,1.90288311161869,1.9373345379626579,2
1768376353371349120,6.9252210222847665,8.946190428009075,1.9016980154270633,1.9379867673984776,2
1768376353421486182,6.9252210222847665,8.946190428009075,1.9016980154270633,1.9379867673984776,2
1768376353496715832,9.539396929728383,9.108376222112202,1.903319485366062,1.9363287601453198,2
1768376353571048389,9.015391452221966,9.097058815768465,1.9027185761625962,1.9367405168262337,2
1768376353698701395,7.689547229263738,9.109416397582166,1.9016762293815006,1.9379570948776714,2
1768376353771667189,7.68908946379554,9.326579643440835,1.8997553706563952,1.9363943749131716,2
1768376353821414693,5.3367791187723945,9.111346188216734,1.899709836234664,1.9386411966136285,2
1768376353897356937,4.715824045478323,9.021566623475607,1.8995264990084149,1.9387115308436125,2
1768376353971671656,8.940768528500342,9.251290745205283,1.901833786633823,1.9369297733660056,2
1768376354021314333,8.940768528500342,9.251290745205283,1.901833786633823,1.9369297733660056,2
1768376354097523743,8.118245096317311,9.16020855235791,1.901821958067686,1.9372421557448771,2
1768376354171228048,6.790203920442384,8.967447560623432,1.901646680866403,1.9378658359434082,2
1768376354221061833,8.637562052457914,9.030401212473066,1.9029699096717734,1.9378658359434082,2
1768376354299759070,9.245684946753485,8.918479447391283,1.9043231166386339,1.9369945210296913,2
1768376354370788580,6.78517661415845,9.05152384488863,1.901179267431602,1.938044567590931,2
1768376354421204017,6.78517661415845,9.05152384488863,1.901179267431602,1.938044567590931,2
1768376354699727838,7.017475046263044,9.037448191257878,1.9013657511204938,1.9380341702756718,2
1768376354771493956,7.451555329013093,9.124883844567783,1.9012858235298882,1.9377503844714774,2
1768376354821304984,7.451555329013093,9.124883844567783,1.9012858235298882,1.9377503844714774,2
1768376354898557452,9.386849053343305,9.322712948737198,1.9018145990057176,1.9363668491269483,2
1768376354971516162,8.404797892470617,9.002949723576018,1.9028025162909146,1.9376043666998017,2
1768376355021091284,8.404797892470617,9.002949723576018,1.9028025162909146,1.9376043666998017,2
1768376355098670362,7.174845172448929,8.904233927139702,1.9026543309814807,1.9390687802952862,2
1768376355298167294,6.907675581664385,9.28617934275545,1.8994647442255301,1.9372016780806585,2
1768376355499704150,8.309077933739584,8.96218697443154,1.9032579604592041,1.9386825889088584,2
1768376355572370564,6.422202617964556,8.890148080028283,1.9016170368862835,1.938511920142316,2
1768376355621558180,7.447612782632618,8.62937647949889,1.9044138823776113,1.938511920142316,2
1768376355698391125,9.111095511149303,9.032347256251398,1.9040222277802383,1.937973229946987,2
1768376355771387839,8.350660341650773,9.29738228732718,1.9008317534661512,1.9367032248360194,2
1768376355820995273,7.200566841610634,9.153734102247098,1.900651207829197,1.9370554789845549,2
1768376355897568158,6.9933299084428135,8.90103876122158,1.903584153286426,1.9395653831092923,2
1768376355971832007,5.616923512034466,9.132439633110685,1.8996863233236512,1.938910204074575,2
1768376356098507786,6.584576757033389,8.917936619796496,1.9018851306926796,1.9382381034010194,2
1768376356171935919,7.031993789041957,8.959643514750631,1.901772890486186,1.9382168204712718,2
1768376356221130237,7.031993789041957,8.959643514750631,1.901772890486186,1.9382168204712718,2
1768376356297809968,7.850095195955031,9.142921165672043,1.9015929683472779,1.9375733511736566,2
1768376356371871889,9.135593610920978,9.170672767788597,1.9023696889794572,1.9363060012734368,2
1768376356497950765,7.820257341697001,9.204985570402094,1.9013394281621216,1.9373141073963815,2
1768376356571994653,9.058729983803193,8.9783043472836,1.9040312485245712,1.9375290101535225,2
1768376356621315156,9.058729983803193,8.9783043472836,1.9040312485245712,1.9375290101535225,2
1768376356699281118,6.454270685344987,8.917339148617064,1.9016827704521615,1.9383442302819953,2
1768376356898860505,8.606242415666765,9.169587770645158,1.9020309085468345,1.9364864879556183,2
1768376356971184647,8.347980506506758,9.145876117495067,1.901943413499158,1.9369005982835554,2
1768376357021759805,8.347980506506758,9.145876117495067,1.901943413499158,1.9369005982835554,2
1768376357499074926,10.58458338927415,8.910936217787084,1.9056900698758017,1.9374077269773398,2
1768376357571271359,4.503674718715489,8.652165128267972,1.9022646443751514,1.9405324376962318,2
1768376357771763902,8.73686616131586,9.009405061294585,1.9030419109280154,1.9368992751345326,2
1768376357821495120,8.73686616131586,9.009405061294585,1.9030419109280154,1.9368992751345326,2
1768376357898129506,5.0280943561831215,9.04423492659641,1.8998175750222368,1.9385846519540113,2
1768376357972063019,8.030491738785228,8.774410282150432,1.9038595553112108,1.9384055396439355,2
1768376358021151414,5.05906512286014,8.875371376214776,1.9013789834454256,1.9395043091073485,2
1768376358099446409,6.558032009631454,9.178406036820025,1.90013523539108,1.9376316201921266,2
1768376358220915665,5.907601081019731,9.179581618291037,1.8996567648666707,1.9373378193626447,2
1768376358300476594,8.644007405272713,9.234510935028,1.9016036735349588,1.9363518673357614,2
1768376358371730405,5.358198406933523,9.018881568366464,1.9004556519954177,1.9385377757648803,2
1768376358498914462,7.246976974972785,8.891403960946715,1.9027706659372021,1.9382137154067316,2
1768376358571106061,3.5903893844930757,9.012354981678408,1.8987048978108538,1.9391788278377418,2
1768376358621173819,4.326231702249439,8.805046351244547,1.900899326891947,1.9391788278377418,2
1768376358699971276,5.0331682455699855,9.336827865817314,1.8973176785637824,1.9375739979965403,2
1768376358772352989,7.786453275007599,9.10479087860122,1.9014482961092314,1.9375850325618,2
1768376358820997430,4.951261584583255,9.087613535933192,1.8987393689277723,1.9375850325618,2
1768376358899334678,5.4413879661801,8.934741870312964,1.9005564412006648,1.9380340731645216,2
1768376358971580338,8.514862636628706,8.910037575994288,1.9035588569429136,1.9373617446168452,2
1768376359021460097,7.135577673682558,8.890564456334282,1.9026971905292112,1.939083230618161,2
1768376359099870979,7.948882749896136,8.89549832454439,1.903633872091755,1.938230848707921,2
1768376359171631242,10.174510479381116,9.056761665094731,1.9043290101840107,1.9371273311828778,2
1768376359298783079,7.941247011635566,8.959415691551222,1.9035369517140308,1.9378298309907975,2
1768376359372419621,7.769811142964933,9.205984590904489,1.9005973314104285,1.9364196411969854,2
1768376359498801581,5.773929378321219,8.898161803623879,1.9012295296316404,1.9384288755824488,2
1768376359771845207,6.846996860811583,8.94137117319144,1.9020238012243305,1.9386761227914437,2
1768376359821163120,4.973386941996338,9.200130482978361,1.8984778675172969,1.9386761227914437,2
1768376359971324381,6.052064669674673,9.16200636091591,1.9001891387920726,1.9381569837546244,2
1768376360021552468,6.16503946290381,8.839866052536948,1.9022226410955072,1.9388129298628825,2
1768376360099590645,6.816690596320507,9.100682945733745,1.9009947799943054,1.937174723019547,2
1768376360171133434,6.385413645988436,8.959422213052207,1.9018514387963021,1.9388416007695237,2
1768376360221103444,5.503090048365689,9.063231973587072,1.9005712688886807,1.9388416007695237,2
1768376360299922743,6.287189028347795,8.874763541344063,1.9012406270321422,1.9382367002666137,2
1768376360420936818,6.613388158570599,9.041542717412293,1.9009992731519576,1.9379146764907944,2
1768376360500286544,6.572981111488074,8.958221093783912,1.9011870126031936,1.9380362974960883,2
1768376360571788872,7.274521433758396,8.98164499726245,1.9019123533637239,1.9380527414286493,2
1768376360620924044,9.156608354751627,8.982098612906059,1.9041561314826878,1.9373514469311175,2
1768376360771528190,6.134109667501608,8.80796559242586,1.9030242915311848,1.939236186634725,2
1768376360821237316,6.732678928070168,9.081839457295384,1.9007625663306207,1.937953242146474,2
1768376360971233636,6.042219122312842,8.959456406631617,1.901222748692037,1.9384486005150785,2
1768376361100064382,9.073540272501956,9.132149038771049,1.9024511150465986,1.9368719040355622,2
1768376361171388753,8.342314604822265,8.970539428698704,1.9032089053202776,1.9382399818585765,2
1768376361220884508,8.34550113057686,9.075902831666102,1.902585077612509,1.9381443195799668,2
1768376361300804399,7.010224202705251,9.05997627038621,1.9012959172717332,1.937788191410135,2
1768376361371723538,6.090572851766396,8.776261408217103,1.9026958652587844,1.9393541267049108,2
1768376361421136954,7.404775547298792,9.237840030925744,1.900180213914279,1.9368890159569214,2
1768376361501516370,5.8281278283200955,8.814667641929336,1.9019620551118581,1.9395945981432514,2
1768376361571406040,6.713273891418181,9.09843216157116,1.9000028327719232,1.9376154543233213,2
1768376361621330454,8.282665070236117,9.17622121485885,1.9016317371054952,1.936841666554728,2
1768376361772048967,7.3560916408337285,9.066202960297463,1.9012009478298282,1.9373011345477813,2
1768376361821119673,6.821813343985461,9.016123012384941,1.9013708663586102,1.9384949115926977,2
1768376361900828488,6.162775840917734,9.053507948029692,1.900239944645341,1.9381887455661373,2
1768376361971269062,6.58996109775134,8.989747516723734,1.9016706757648683,1.9387143953947354,2
1768376362020908568,7.836535735227246,9.126666850568494,1.9015041914393012,1.9375893242011577,2
1768376362101979969,5.864759691767807,9.118074666310003,1.8997333115432877,1.938187393955218,2
1768376362171611994,7.215797270576418,9.250522711110417,1.9005152968823524,1.9379280830618262,2
1768376362301116192,5.042668880496981,9.154426098659803,1.898757763652581,1.9376962227214911,2
1768376362371425723,6.6086584771243295,8.992238557330689,1.9013701352800463,1.9386645527464512,2
1768376362421329003,7.12792275954599,9.001727371411556,1.901992922875539,1.9388525397701812,2
1768376362501394157,5.251461858160722,8.878110619728897,1.901031346288745,1.9399863428765323,2
1768376362700998865,10.132826535126371,9.162756605393346,1.9032347939305023,1.9358833815816094,2
1768376362772209700,7.2962539967118545,8.97696063402396,1.9022610406786744,1.9386956146585228,2
1768376362820870117,7.775268196921203,8.986117710785354,1.9031411557475448,1.9381983641779723,2
1768376362900557877,7.958645973464851,8.967325437142918,1.9026352702103284,1.9381566250133415,2
1768376362971311775,6.702112385084558,8.98627244565666,1.9011801733241038,1.9382852124532537,2
1768376363102218750,7.5743050240542065,8.773411454042865,1.9043243841842568,1.9392701721257968,2
1768376363171373258,7.831108488687066,9.101458139929543,1.9023671426497204,1.937648771015839,2
1768376363221444722,9.299704938835252,9.061536047806314,1.9034053401440407,1.9374175632917174,2
1768376363302644998,8.491669277119307,9.060999678768582,1.9025160267226442,1.9370816947547929,2
1768376363371265147,6.062480251159075,9.016603946698762,1.9007449150274363,1.9386378561422455,2
1768376363421016438,4.995032851955905,8.959398127146377,1.8996976429346497,1.9385292216199652,2
1768376363500222544,5.983158729446325,8.987501080308597,1.9008126789745536,1.9384715240900625,2
1768376363571677779,5.5025527457390755,9.08882690140145,1.8998408600550392,1.9385312110808033,2
1768376363771811120,6.551720679758066,9.379749447598044,1.8987705594167659,1.9372340065123645,2
1768376363821260704,4.318651869929857,9.0281436059814,1.898991186858725,1.9392836267864253,2
1768376363901560459,7.951595505061082,9.209349283024661,1.9010935799499482,1.9373101214672797,2
1768376364101835105,3.2817010890147102,8.913449986583291,1.8992192176520748,1.9395514984701316,2
1768376364171460234,4.505303714396058,9.261843027198497,1.897212454933611,1.9376872817000113,2
1768376364302577528,9.432196840629015,9.173044862601893,1.9029195865389514,1.9362100169230192,2
1768376364371709665,5.2310997029823,9.188341702850922,1.898365322584056,1.9375326109715416,2
1768376364421088958,5.899505191308219,8.900802194348032,1.9015240377664167,1.9385532941228634,2
1768376364502272917,8.888711005210048,9.172628979164339,1.90240307816791,1.9372664632353478,2
1768376364771307157,6.6245244365132905,9.014226563964554,1.9014470310556368,1.9375381563076082,2
1768376364821262966,8.477418413844084,9.026439233032095,1.9028815649182758,1.937748065630772,2
1768376364902448887,8.998999841687949,8.940280215676093,1.9041001009435377,1.9379312954859138,2
1768376365101794316,8.19852536231136,9.153068404140361,1.901342723905036,1.9363569233152766,2
1768376365172147765,8.43480850095668,9.12780924744847,1.901641934699781,1.9364756622418582,2
1768376365221171027,2.9163692175100397,9.050664652412268,1.8973060707595235,1.9386836045891163,2
1768376365372189061,9.361579199823167,9.101162957392788,1.903095861314543,1.9372626387818332,2
1768376365621311339,5.029509770130947,8.949659067574064,1.8998007167756619,1.938335880322482,2
1768376365702202313,7.9466485034525025,8.929758852388247,1.903683539504163,1.9386231908366298,2
1768376365771466705,7.178029209525594,8.988648352822901,1.9013292690162553,1.937802167739579,2
1768376365821470031,5.330000738275054,9.263381741005382,1.898517201827372,1.9374031614548293,2
1768376365902293925,6.54839839250787,9.174133702270119,1.9001011344298389,1.9379480781558909,2
1768376365972278643,7.209485619228628,8.991774782355476,1.901659007336145,1.9382344460779697,2
1768376366021103512,11.492787969678453,9.14663645328953,1.9050215182800967,1.9357540305107799,2
1768376366171760480,8.594978904051809,9.057952568128652,1.9029990508644459,1.9378858380590382,2
1768376366221222783,7.158888384061868,8.922535178144239,1.902195902082843,1.9380384822123562,2
1768376366303076550,7.77674236609327,9.337490901961205,1.8999170672316257,1.9368423929572456,2
1768376366371753166,5.594130311836754,8.891379084723225,1.9013419590074658,1.9388236549074127,2
1768376366502756340,5.206515610958418,9.169004143372588,1.8985967166853428,1.9378133968554518,2
1768376366703511638,5.5017872135163515,9.054795721526256,1.899517459373868,1.9375705467821505,2
1768376366821310606,6.588548978282871,9.1991711779743,1.8996858389556603,1.9370193181685462,2
1768376366903358507,7.8662181387678665,9.196341969498512,1.901374913015506,1.93759004799259,2
1768376367021168885,6.791983420161518,8.84375794937263,1.9021620110781519,1.9387276914290668,2
1768376367102566240,4.275130628153212,8.95247116801483,1.8988674367199152,1.9381940428697706,2
1768376367304169965,6.788897297652197,9.042994450412715,1.9006369787170454,1.937216508521629,2
1768376367421087062,7.616090155167399,9.121328430524295,1.901212639667568,1.9373176627023996,2
1768376367572051774,8.245048456017923,8.959299157183628,1.9028494540533893,1.9379688517217903,2
1768376367621023010,5.733436596999653,8.994928703159516,1.900394107208772,1.9382931018434284,2
1768376367703829731,5.5112027277262055,8.850208865413382,1.900905766427204,1.939472139381706,2
1768376367821025303,6.81592050623947,8.97389456146801,1.901455049577691,1.9382054611810535,2
1768376367904490733,5.468164591633462,9.004492483517872,1.9000584126233917,1.9380021140635937,2
1768376368103127966,6.862223770306208,8.862636199551794,1.9020143337726143,1.9381738863914317,2
1768376368171833563,7.2170878827668705,9.251381394127504,1.8997741017722256,1.9370197358962291,2
1768376368221126173,7.205339684835721,9.11293565739668,1.9010030780124867,1.9368804062431657,2
1768376368303684474,7.164933026362563,9.025108943004483,1.901603596805804,1.938376397596055,2
1768376368371965776,6.166619091843684,9.084447310468331,1.9003056072030438,1.937916568912103,2
1768376368503971618,5.541885808683311,9.095644159733979,1.8997993026963804,1.9382769883727509,2
1768376368572121741,6.751103431290817,9.094564048404504,1.9009458959545689,1.9375593428104252,2
1768376368621083091,9.514510236112272,9.248492666574979,1.9026252687009388,1.9363351393441235,2
1768376368821333585,7.788842120493911,9.223519545373897,1.900746741384603,1.9367182610601463,2
1768376368903202348,7.204563053303081,8.82236182690725,1.9033303322164092,1.9387179191064439,2
1768376368971547202,6.991754567817088,9.049369623718098,1.900911007195786,1.9374162741234995,2
1768376369021197748,6.806449882108101,9.130481312706259,1.900183650069384,1.9374426889714988,2
1768376369103921167,6.678652967659016,9.0567531656446,1.9014669517672464,1.9383077277058516,2
1768376369171972219,8.333803619177349,9.045857974378533,1.9024452682547233,1.937547285985988,2
1768376369221211580,6.894033769051067,8.97410742482355,1.9017052103572036,1.9384659574232297,2
1768376369304586063,8.152492469088779,9.145989134691755,1.9015250937232775,1.9372589331321055,2
1768376369371477015,5.855106981204505,9.140271291422529,1.9001291495115111,1.9375821979705028,2
1768376369571908504,7.800462229336613,9.026683305979944,1.9026177847811556,1.9386973171173527,2
1768376369621418676,9.001262969595691,9.195526034281936,1.9018360236597114,1.9364415746385117,2
1768376369771739779,9.582391666478784,9.094607150151214,1.9036615095707041,1.9373100933051697,2
1768376369821162338,4.484999543782786,9.056753980620318,1.8987568384328344,1.9379835602534414,2
1768376369971714574,5.826097203363689,9.118327255536675,1.899771210981225,1.9383844673614472,2
1768376370104445076,10.332861888216804,9.252841195633135,1.9028819414484703,1.9359499676276033,2
1768376370172263439,7.951490022237717,8.934918572518148,1.9026195615991601,1.9378546600408961,2
1768376370221123468,7.1809686158901265,9.03289843197405,1.9022352068120383,1.938116240852426,2
1768376370296376397,7.618532004760814,8.961443487842553,1.9027462776594106,1.938034208845457,2
1768376370421290898,5.775502354930406,9.068713950017898,1.9001513251989763,1.9385506079167034,2
1768376370496830626,7.144417299665529,8.8808360538639,1.9024380904428648,1.9384873515806111,2
1768376370621464944,4.608133221593036,9.246526705616498,1.8979985938365778,1.938015556507326,2
1768376370696200935,5.996623308746729,8.805917167060365,1.902493144636668,1.939420551691954,2
1768376370772076199,6.76775832062293,8.98005316851024,1.9013592295081938,1.9381620218653608,2
1768376370821127044,6.227211640115637,9.29747022929749,1.8989428485990145,1.937370322653944,2
1768376370904411019,7.897388677816419,8.962896726669678,1.9033417886938342,1.9382288829396404,2
1768376370973249399,7.465214842596879,8.934041099153093,1.9022363867496386,1.9381033470704918,2
1768376371021511260,6.885123201036736,9.015793249734568,1.901385872125104,1.9378167436674232,2
1768376371096636169,7.94078273055443,8.868558881010756,1.9036194269520448,1.9383207094339145,2
1768376371172439362,9.967302734637196,9.048131391891811,1.9037597008248228,1.9365885850436628,2
1768376371221125768,6.505818183732304,8.829037403679894,1.90214408819577,1.9394688279303425,2
1768376371421189473,8.20791858998593,9.006406198041434,1.9029643809678796,1.9380966113743736,2
1768376371573268359,5.978948249917071,9.06901894815365,1.90003139567346,1.938434497576192,2
1768376371621113346,8.755081224146366,9.240590249293032,1.901257075324768,1.9358409994102603,2
1768376371696628982,5.606042209765683,8.996802435246012,1.9000707381378796,1.9383548846354028,2
1768376371772050073,8.701918253699814,9.131912927281558,1.9019883230827073,1.9366695750912315,2
1768376371904819479,7.765605855778679,9.057795582736444,1.9011887198118522,1.936767548278849,2
1768376371971914674,7.180516981594387,9.095736366141573,1.9009163084259713,1.9374976430421278,2
1768376372021575595,6.413479626980356,9.014662351511278,1.9005664827500135,1.9378515723021905,2
1768376372096639612,8.114228780840005,9.150809035278291,1.9013785900873044,1.9370217049629443,2
1768376372221135228,8.171349724533705,9.044865244490795,1.9028713365559267,1.9382753412110858,2
1768376372296204092,9.14481967829528,9.288509043181234,1.901620341656615,1.9361617256179797,2
1768376372375365214,8.200415459592714,8.889722442484652,1.9029281965215936,1.9371362867703892,2
1768376372572339031,5.3590031775945235,8.874087815870757,1.90075577908899,1.9389734756915011,2
1768376372621427826,5.7161747085088255,8.83179329982105,1.9014917650929013,1.9383595004710916,2
1768376372696844688,8.548705666052037,9.102609260612848,1.902423401341801,1.9367121871485111,2
1768376372772309535,6.995578384397794,8.923331940331842,1.9024518550267633,1.9389306211656379,2
1768376372821451103,6.411132679448039,9.08129837550837,1.9004105953651764,1.9380017415076274,2
1768376372896861827,7.039193105742525,9.137329880980015,1.9008436004875426,1.937548444130958,2
1768376373021360098,5.830298608659357,8.842649347037332,1.901404333573578,1.9382778124037878,2
1768376373096618002,6.781824339946896,9.133642367696647,1.900486317381522,1.9376207172026971,2
1768376373373175203,3.863847462092007,8.842711999591783,1.8997183811898959,1.9392123169470563,2
1768376373421057764,7.467101800605613,9.202426047640174,1.900695455496009,1.9374283540775277,2
1768376373496983742,3.318735436776077,9.075447076089947,1.8974252046546538,1.9384398861329377,2
1768376373572805758,5.787992265509079,9.026437608785129,1.900166462853842,1.9383915036012442,2
1768376373621373804,5.430268297837992,8.752188503805431,1.9019938544594546,1.9393351816988103,2
1768376373696533199,8.21634504842983,8.941922875262012,1.9030710914770865,1.9381524074178467,2
1768376373772714657,6.2857689031068364,9.2850949144331,1.8989428352268631,1.9370260598297708,2
1768376373972765771,7.1659837342947785,8.99316547541551,1.9014640411204304,1.9373942377653113,2
1768376374096844240,7.891230283010753,8.95276182306369,1.9030254509641984,1.9380752776969454,2
1768376374297077771,8.644609084820898,8.935778144430243,1.9037252244038299,1.9380925825281476,2
1768376374376320499,9.96309453603006,9.42620563547494,1.9013719033245728,1.9348625303998146,2
1768376374421253093,5.079106132461542,9.034167469005137,1.8996101360924247,1.9390440157693618,2
1768376374496323494,8.482054244391968,8.936485825517359,1.9034718903255292,1.9370352144293685,2
1768376374573616907,8.572502501656976,9.136672070816568,1.9026204244025133,1.9371621630667257,2
1768376374621615681,9.063095997390525,9.286808561163868,1.9014586036722596,1.9370090677619707,2
1768376374696316072,4.706930374174023,9.106882820266708,1.8988382561156603,1.9382325782302277,2
1768376374775109422,7.167034371290182,9.032362484727805,1.9012581093191976,1.9374580273695532,2
1768376374896390283,6.2097966609244715,8.984465615094633,1.9008546259256294,1.9379808238958796,2
1768376375021507873,5.8742263761102365,8.908746892950774,1.9010730059822984,1.9386398407989553,2
1768376375096300779,10.721030464746262,9.025166961254506,1.9047590383207447,1.9366228907665357,2
1768376375173265987,5.073571906178964,8.928049609200633,1.900338145899894,1.938757496065278,2
1768376375296340423,7.256659813166033,9.04708172648882,1.901554661523089,1.937537310923132,2
1768376375372418424,6.8613314878116505,9.054158367041552,1.9008258814002807,1.937012224399076,2
1768376375421250130,7.785036497220954,8.851070878582396,1.9029280328256801,1.9378971689919602,2
1768376375496230804,7.984065787445926,9.136102973701162,1.9018978845609367,1.9376993758035135,2
1768376375573962251,7.249405664095043,8.96627263884496,1.9021825474716332,1.9384742742318837,2
1768376375621293100,8.661297675388147,8.940149643905874,1.9038150656846042,1.9376116708729108,2
1768376375696699592,6.435305454361995,8.730373211057296,1.902805268831576,1.9390254952155648,2
1768376375896547833,6.164316119531277,8.987268308771398,1.900565403312627,1.9379916138399707,2
1768376375977941365,8.709733510179118,9.06451392127097,1.902540845132791,1.9369027935802685,2
1768376376096257845,6.927925505104682,8.714122593328291,1.903470274594709,1.9393596923712417,2
1768376376174621285,7.634498249549759,8.908076745782203,1.902996018543352,1.93756079619947,2
1768376376296439050,5.556540398093057,9.081063686309513,1.8998124594687675,1.938307091918892,2
1768376376374409022,5.916996121198448,8.9930937957204,1.900975041786878,1.938911453079199,2
1768376376496447357,6.48186860487554,8.975816271024039,1.9009903810097917,1.9376442658623194,2
1768376376621772211,6.962957108627821,8.940435541802975,1.9019171407762698,1.93853080204375,2
1768376376821746856,6.888098162870948,9.193858510967935,1.900235260740631,1.9376182356564138,2
1768376376896431835,7.3420761986024985,8.956256248590934,1.9023633435421663,1.9385039062603693,2
1768376377021881159,6.152531317887844,9.037998948172959,1.9003286910443096,1.9381973065388023,2
1768376377096250007,7.135374432312602,9.224989791292362,1.9002481899624204,1.937035280345686,2
1768376377176027692,7.619847908965527,8.886005112091594,1.9030954717220123,1.9380804978509605,2
1768376377221340910,3.9114243427817996,8.964438677598865,1.8996736560654326,1.9394566613650877,2
1768376377296478395,7.079116251025086,8.949845284959054,1.9022689663222307,1.9383740624256776,2
1768376377496275865,5.023279888648036,9.030294763875848,1.899482177563781,1.937977139912311,2
1768376377578015983,6.69930097869198,9.240462081138231,1.899644519645387,1.9371490130641236,2
1768376377621843503,7.801748208080772,9.101908910716272,1.9018208198578603,1.9377792391319253,2
1768376377696403389,7.94681027284061,8.872095663269775,1.9034926965435204,1.938654869815679,2
1768376377821454862,6.715152084150633,8.750905310398853,1.9031847895936702,1.939101135804686,2
1768376377896373887,6.920644594911707,9.089340599209882,1.900876165283107,1.93732153343185,2
1768376377978323384,9.183173796178279,9.118773701273046,1.9025765919711544,1.9363178480726477,2
1768376378096399024,5.931897091016047,9.020477734298083,1.9005309310398943,1.9380015381005904,2
1768376378174680793,7.1855737986992185,8.839165250734169,1.903305805162208,1.9395643016118196,2
1768376378221745862,9.092358017372293,9.126241665117176,1.9027009649122717,1.9369494939188243,2
1768376378296435563,7.039135331014634,8.852748400687954,1.9030625718537573,1.9385078913868643,2
1768376378375019245,6.9523360978136495,8.834111175019755,1.902621033681665,1.9387341332427548,2
1768376378421426606,6.713310791143456,8.984137155762522,1.901341930081006,1.9383393496883814,2
1768376378696210556,8.309794101752477,8.927935259266462,1.9027612497024948,1.937452639826742,2
1768376378775485071,4.527741679521968,9.18458292408824,1.8983110116829007,1.9381333742038982,2
1768376378822911753,6.555212053333648,9.223771404546671,1.8992746724070453,1.937413222466364,2
1768376378975912732,6.85126928137314,8.982956249750861,1.9019875674367126,1.938796296447206,2
1768376379022397833,7.96280074518152,9.356915850146192,1.9002430508336001,1.9364143634357125,2
1768376379174532061,11.148320152402968,9.131470801867794,1.9044832478534446,1.9357531740635279,2
1768376379296416037,6.845761717005461,9.048328930851422,1.9013020337731428,1.937951616668568,2
1768376379374603837,6.797238553879703,8.926011161948452,1.9016999156203822,1.9386772633671883,2
1768376379422753800,5.453998687273698,9.137731570835152,1.8990396671229761,1.9378140293270876,2
1768376379575430092,6.382561734801007,9.03024637510206,1.9010364327578366,1.9369192450105428,2
1768376379622899058,9.092166227304022,8.999780386195454,1.9032637116159081,1.9378267342933262,2
1768376379696364176,8.973022788138163,9.237238564597401,1.9021944950009095,1.9360075752027148,2
1768376379774985960,6.540506394564716,8.74627346447467,1.9029030418535244,1.9393973870140406,2
1768376379977240306,8.976220619049569,8.868358444701943,1.904555290189037,1.9381979531393572,2
1768376380096300990,5.944740451914843,8.800165242452184,1.901878620542198,1.9390705220036337,2
1768376380177668922,5.206827119345059,8.715437577628355,1.9013449803574345,1.9391428053228377,2
1768376380223165552,6.761808052731855,9.083952051011712,1.9006379330890442,1.9369705668672257,2
1768376380296315904,6.579544078015642,9.15311768955713,1.8998673876503205,1.9368517286651779,2
1768376380376582939,7.327388524773992,8.986552729246581,1.9019894220491922,1.9375120934479297,2
1768376380496521270,6.9422333749609155,8.875548892106057,1.901891225253467,1.9382296490395126,2
1768376380575750080,5.965051291275447,9.153666697491891,1.8994215001505788,1.9377381211792601,2
1768376380696581794,7.0425066264081515,8.95538830252513,1.9023088396726409,1.9378397631838278,2
1768376380823902832,7.417437222181356,8.806202436803149,1.9034539808074757,1.9380904064119284,2
1768376380896370253,7.418099155023894,8.958905657116508,1.9018434923956047,1.9370545007415265,2
1768376381024205520,9.418271874770623,9.026965742787594,1.903330663385274,1.9370540606822582,2
1768376381096241620,8.017457183224996,8.907395526343876,1.9033021891867234,1.9380400596434095,2
1768376381223389417,6.901806294284496,8.790745684852542,1.9027990617775472,1.9390170078535534,2
1768376381296467554,7.413787047895415,8.751213205825236,1.9039700824997599,1.9392620698792224,2
1768376381377620032,6.6955428403745465,9.02020915663501,1.9016131174137232,1.9384983860954146,2
1768376381496398835,6.646831070351578,8.917958799151473,1.9019480123330088,1.9382840275141964,2
1768376381579449505,5.287959610249748,8.793129138844458,1.9008499462091033,1.9388504493132297,2
1768376381696334133,7.615057111145296,9.022432580148637,1.9021953091370372,1.9379418174842398,2
1768376381776374340,7.363078117543109,8.950690446747704,1.9017937929145907,1.9374453288939055,2
1768376381896272250,6.855423544535055,8.824345005094079,1.9028385064717495,1.9388825673056354,2
1768376382022752625,7.725565057573602,8.995609994146989,1.9020625582365929,1.9377961334058116,2
1768376382096741519,7.729599430343237,9.13400771163875,1.901666574212852,1.9371406684280026,2
1768376382376186107,8.711861908128338,9.175468809861439,1.9014256976439572,1.9360354782098004,2
1768376382423062036,6.403998421330881,8.888019753837938,1.9012418774041138,1.93756125118051,2
1768376382577711030,7.332793253907344,8.813280901660862,1.9028357557974893,1.9382251075837278,2
1768376382823623137,6.506757310410061,8.835774587353587,1.9022201629156275,1.9386612150457772,2
1768376382896370318,8.995879303040466,9.033852842238229,1.902947113458573,1.9380978787916778,2
1768376382977920159,6.069073313963225,9.010279030941794,1.900758436106228,1.9379622994806331,2
1768376383096634013,6.107340279685847,9.04211156498958,1.90049889237246,1.9381620178814085,2
1768376383177281287,8.521259889634925,9.294173295790712,1.9010114495638721,1.9359898847157306,2
1768376383224249858,7.7180719279668075,8.87178524683998,1.9033512379291606,1.9377788504785094,2
1768376383296550898,7.157414842156484,8.924406743723033,1.9024197508342358,1.9386214625774036,2
1768376383424188843,7.746651664886084,9.112452012797974,1.9011991750531863,1.9369793770187866,2
1768376383496322184,6.403868719218941,9.045336505702666,1.9011179552825734,1.9380556964915896,2
1768376383576490001,7.0196065953047615,9.036278807089158,1.9013339140886603,1.9380581099098162,2
1768376383624865025,6.7519196144274485,9.192400975617783,1.9000378787755423,1.9369559673751353,2
1768376383696861439,4.9642568838277334,8.793587755392357,1.9012321474543972,1.9397479421424613,2
1768376383778386274,7.196078571054532,8.822705484558288,1.902832473727014,1.9384142073346922,2
1768376383824340278,8.880001965271722,9.283611755599072,1.9015226471862858,1.9365700336826916,2
1768376383896636399,9.119320264704411,9.172351428568987,1.9026630853014723,1.9366238678025687,2
1768376383977247297,7.571757578382465,8.915520057174842,1.9023715573373554,1.9379414289484302,2
1768376384024308890,6.895494211486053,9.068654823729862,1.900705738082086,1.9370000665886813,2
1768376384096317153,6.99885278810064,9.135077715578424,1.9011695056516689,1.9373690002549355,2
1768376384178734237,7.52943689139407,9.181349314288541,1.90091917139091,1.9371503182588667,2
1768376384224529324,9.515557751497594,8.942295141318736,1.9042792179088126,1.9371630924802166,2
1768376384296455319,6.527484092867963,8.897174678347191,1.9021176640496806,1.938736717781957,2
1768376384376899668,7.165136320996357,8.782358838386296,1.9039970013323781,1.93965808025149,2
1768376384496661971,7.677482698572602,9.049531845644765,1.9013927102902648,1.9369140166423484,2
1768376384578062362,8.020593385384966,8.960275396539233,1.9033405530632421,1.9385127013478327,2
1768376384625219302,6.123406023006206,9.197708194776315,1.898755337735698,1.9373372276050298,2
1768376384696448092,7.107061770182499,8.800587862185685,1.9028037739050239,1.938427083112162,2
1768376384777192400,10.213812342578121,9.02919548490549,1.9045084974079645,1.937345626846579,2
1768376384896456095,8.196973895785886,9.071777997310765,1.9024105738721975,1.9371630206701822,2
1768376385096562390,5.742639295122087,9.129031815200792,1.8991534181827232,1.938077485752032,2
1768376385178726421,7.57890662362759,9.468225268767151,1.8990590470791444,1.936345369310511,2
1768376385225279417,6.692021757902067,8.685987095206741,1.9032906057862804,1.9395416149252196,2
1768376385296585471,10.230595936835618,8.955682498178417,1.9052816875431142,1.9374112256166542,2
1768376385378505244,7.705864334268897,9.044286063684773,1.9023667007768559,1.9382069722285427,2
1768376385625297218,9.038216404395616,9.068742579550323,1.9029233413158637,1.936870596963828,2
1768376385696535551,7.667042792537826,9.160528258852333,1.9004644281050025,1.93661579114459,2
1768376385824895308,5.79520617859286,8.952598975483403,1.900773339461943,1.9387924954049789,2
1768376385896566495,7.457346778548368,9.103914899378477,1.9014962668195292,1.937736495072945,2
1768376386178638626,8.99381780847519,8.901839406313,1.9042656790687689,1.9382088548399519,2
1768376386225292231,6.514624884658371,8.866879723161166,1.902109727884721,1.9392561735723035,2
1768376386296718813,9.105915354421068,8.830084101932922,1.9050069722574374,1.9376612970283702,2
1768376386425548996,6.152629361642958,8.877653812528877,1.901881639078261,1.938758264669355,2
1768376386626026386,8.371245250472725,9.039782565062607,1.9027574977514425,1.9371232901983533,2
1768376386696456618,7.784209427016853,9.026015673861464,1.9018874122774152,1.9374463152266301,2
1768376386971956225,9.343529801497441,8.871303264728251,1.9040347136578437,1.936971971408481,2
1768376387021441278,8.256168289476618,8.764289310293165,1.9041921873521097,1.9378341479680976,2
1768376387096460244,8.791054451912528,9.141391165344169,1.9023379645197647,1.9367346426363905,2
1768376387222051006,5.352324604119163,9.320374019463737,1.8978052619898025,1.9368627977626651,2
1768376387296398423,6.493155161532593,9.09268936600173,1.8999154227974702,1.937273723231819,2
1768376387379100058,8.047768735226724,9.198587000264682,1.901371616690672,1.9370740934912185,2
1768376387426393362,5.997051129561504,8.844399654456407,1.9016557949666684,1.9388180804500026,2
1768376387696434572,7.646627282263951,9.140063495232603,1.9008811190975272,1.936970338427194,2
1768376387826086513,9.072712102271119,9.151768837036578,1.9023676906706175,1.9368077278850693,2
1768376387896602247,7.184436788427728,8.938620184785083,1.9025293600156878,1.938352691089128,2
1768376388022353566,5.757893658787427,8.91579958020559,1.9008008625808128,1.9389625241326294,2
1768376388096813634,5.7104609264295725,9.067199820069282,1.8995731935919635,1.937618437964058,2
1768376388178691339,8.003142735267588,8.897355469897938,1.9028916726709835,1.9372335798315234,2
1768376388222325906,8.641586160092585,8.989545058219175,1.9028312657690505,1.937284550930214,2
1768376388371832457,9.18579778230888,8.8993956167935,1.9042354995178887,1.937493659814473,2
1768376388421966449,6.898120155514942,8.959772770698134,1.9015360071063316,1.9386497081122167,2
1768376388496986947,8.02311728135785,9.245186865296635,1.9011763038220804,1.9368705426470836,2
1768376388579362239,8.134399099858136,9.059881892738602,1.901354854005734,1.9363703798025316,2
1768376388822176528,8.727101237383517,9.111897443565454,1.9029846020867813,1.9371009910437065,2
1768376388979656616,8.01911401088451,9.268712593363244,1.9008691110681004,1.936762769130724,2
1768376389021922733,6.208677575386012,8.849225716313622,1.902440035653891,1.9388731947021554,2
1768376389171887493,4.172796512099897,9.044780238699934,1.8980198586946453,1.9384237431341331,2
1768376389221961441,9.287304727516377,8.80610947609139,1.9053341819017013,1.938530258474015,2
1768376389296674019,11.615212398296881,9.204745005728553,1.9046180185007526,1.9356543668346533,2
1768376389421783680,7.44255655670667,8.868092948776969,1.9029198092384692,1.9376011383006315,2
1768376389622398249,8.069508525756941,8.856918780947938,1.903695671172502,1.938788125721955,2
1768376389696450239,7.330377720316195,9.087381377580739,1.9012716786913337,1.9379480492492585,2
1768376389821847894,9.235366148212965,9.13851277826181,1.9028602259846958,1.9368545835313882,2
1768376389896477362,7.568308596641149,9.07585200889465,1.9024027137435011,1.9378490170515326,2
1768376389972201726,7.922782407845164,9.16472457909541,1.9014545501091782,1.9371416427958,2
1768376390021973191,6.173111083094485,8.895508625682117,1.9021585909530432,1.9394027022295675,2
1768376390096463803,8.444200609633912,9.20583845623055,1.90150684298149,1.9362895126213755,2
1768376390172042409,9.061106856821821,9.228498804181628,1.9016248446360646,1.936427043027065,2
1768376390372073961,6.171079390079548,9.076609741043137,1.9008430325135166,1.9387662022818293,2
1768376390571757117,5.184562879753107,9.064046438265674,1.8998323886577586,1.938571996710333,2
1768376390621954770,5.988548954930062,9.03468153673337,1.9002670815117104,1.937527823512484,2
1768376390772228793,7.744368697537141,9.177973641746478,1.9009044124723786,1.9374853603018312,2
1768376390821661294,7.135806894852159,8.86608751351863,1.9026647861079593,1.9386137564190624,2
1768376390971672029,8.616490098456664,9.083417473803763,1.9027823243991935,1.9374960484188395,2
1768376391021440258,8.81680259896056,9.027194071118677,1.9027347948647697,1.9371507144032654,2
1768376391096984131,7.214553954906888,9.066978965782996,1.9012582305269639,1.937029267696014,2
1768376391171951051,8.208157384730352,9.006031247133418,1.9029309471180909,1.938228741937248,2
1768376391221736112,7.243670220600462,8.928387557930552,1.90223788499686,1.938516776702748,2
1768376391372200614,4.478962066799319,9.073577128273374,1.8981828287157239,1.9382039877210147,2
1768376391421778791,7.282906556590918,8.877398008301586,1.903592953691233,1.938853654440609,2
1768376391697052079,6.6976434354735215,9.15563153942286,1.9002276131411315,1.9376471323471371,2
1768376391772129415,7.539237203162186,9.000778883427571,1.9023082510106868,1.9379712176318524,2
1768376391821442166,6.522402581559339,9.23341081523515,1.8998982798833586,1.9370477337775838,2
1768376391896805521,4.6313404380897705,9.189855741437691,1.897930512042794,1.9380540130133477,2
1768376391971640561,5.937266429384636,9.01503859899509,1.9006524568789922,1.9381988933717575,2
1768376392096852205,7.080815724536338,9.07103191020976,1.901103297011667,1.9381772322345991,2
1768376392171722674,8.283487537349865,9.058245582171967,1.9026395343348936,1.9374869740629046,2
1768376392221284861,6.894664648345206,9.10051981285701,1.9005900393047133,1.9374420463170783,2
1768376392371594774,6.2627307464222515,9.112418800228333,1.900114919665549,1.9378842772102256,2
1768376392496833224,7.336349660140407,9.162004490493095,1.9006215974999234,1.937257570256678,2
1768376392571719980,6.837915695690366,9.016975349999113,1.9009507386263218,1.9384433808799577,2
1768376392821567085,6.113893423776773,8.905736359152757,1.9015916446878127,1.9381853153185922,2
1768376392896539549,6.726446378041873,8.990706003099543,1.900428444441068,1.9369658985823814,2
1768376392971699632,4.434664642725572,8.691085257273594,1.9011761411821286,1.9399289646629023,2
1768376393021480000,5.997258029505792,9.00402460295717,1.9006323421317697,1.9378396658580472,2
1768376393221566355,10.190688101660239,9.075703124068076,1.9036963628904005,1.9363259047893029,2
1768376393299125675,6.220676138755321,9.036528621764756,1.8998917145467615,1.9372445444397854,2
1768376393371498802,7.07611116827378,8.96344999304148,1.901875157529177,1.9376608584314787,2
1768376393421540076,7.420682139479551,8.915303852731565,1.9030186507040854,1.9386826793974319,2
1768376393496604157,8.76050082729063,9.301701641002225,1.9007437534359986,1.9360992050593688,2
1768376393571735963,9.636844207337125,9.336174972619368,1.900845627468462,1.9347988164652168,2
1768376393621891859,5.2078519527642975,8.943653590598064,1.9002756875838314,1.937924596825696,2
1768376393821622883,7.5786069535923595,8.91240853074227,1.9026438545709647,1.9374159272574036,2
1768376393896506355,8.350135855425433,8.991957477527873,1.9026439092536618,1.9377554268219395,2
1768376393971500361,8.669766309238769,8.875395921419416,1.9039882154026617,1.9377560275265586,2
1768376394021342098,10.04063321951576,8.92554949774363,1.9048517218691585,1.9375019966328577,2
1768376394096952332,8.106609850063062,9.166743847464696,1.900844474044879,1.9359899231254536,2
1768376394171549137,7.593958151137947,9.0698658440196,1.9015373840669925,1.9376923950714833,2
1768376394296765708,4.906391248775233,9.178770379363966,1.8979295146080817,1.9373596805134536,2
1768376394421537893,3.8471629035590205,8.656189827355208,1.9009460980349042,1.9398956418115292,2
1768376394496607193,7.3583429309724835,8.920792347738118,1.9027496100395505,1.9388181864518634,2
1768376394571563578,6.275641701264156,9.146645057372673,1.8999103539822877,1.9375888546088456,2
1768376394621503386,8.049271425781823,9.031534236201228,1.9023592157317544,1.9376269327440825,2
1768376394696807406,8.422737705828798,9.102037963007604,1.9022661915471508,1.9373766423475876,2
1768376394771686699,6.639656197547916,8.969379874542202,1.9021202063235914,1.938866211963855,2
1768376394821353170,5.834832007465041,9.125731028182896,1.8993441136896045,1.938594527455191,2
1768376394896994573,6.374121418566858,9.091681907417613,1.8999976540414814,1.9378574797449224,2
1768376394971499596,8.689296182943673,9.228340130842774,1.9013110272406373,1.9367546104540374,2
1768376395021618371,5.956153776190964,9.30531970582259,1.8994946586453827,1.9383232900636345,2
1768376395096767251,6.064435094356835,9.058184758170356,1.9007470688167307,1.9390179381607955,2
1768376395171525727,6.202913288607004,8.989810664771392,1.9007862565851719,1.9385549955332326,2
1768376395371519411,9.904353283069378,9.29276380092809,1.9025900615114753,1.9364491706756204,2
1768376395421260232,8.668436017736258,8.993942736232711,1.9032327844467682,1.9377848685440553,2
1768376395496864963,4.690211292514679,9.254887679213788,1.8976818561397155,1.938613007974534,2
1768376395771828015,10.019562231195378,9.122227370315231,1.9035470245661263,1.9369932098336065,2
1768376396021691242,8.504628566955885,9.432805953111187,1.900500773084979,1.9372742399689105,2
1768376396097016174,5.831015926980765,8.815207255459763,1.901747048334608,1.9392519150349639,2
1768376396221655919,6.787964869235719,9.090926690687759,1.9009226477292829,1.9380841199087004,2
1768376396296961852,5.080337455168227,8.945977090430976,1.900310835775436,1.9391464591762049,2
1768376396421613428,5.031921623620539,9.096681016494617,1.898938120997139,1.9384460786579765,2
1768376396497461702,6.371958894998642,9.116989057012788,1.9002856779797297,1.9387725690054856,2
1768376396571648533,6.9163685635471595,8.963221591195692,1.902633040608783,1.9393776466415968,2
1768376396621465952,7.981813912096181,9.252929477398997,1.900956612396123,1.9373739953514435,2
1768376396697118752,10.247560050129723,9.178363560144824,1.9040811219986347,1.9370086807857987,2
1768376396771593201,6.528488965823698,9.211633458270386,1.9004212048490534,1.9380848733712317,2
1768376396821715254,7.955546863248619,9.048380077838935,1.9026206258460363,1.9388328321319652,2
1768376396897052402,5.748309229326232,9.178222775236298,1.8995598882693778,1.9387808371056978,2
1768376396971491939,4.625559504680243,8.985946334177385,1.89919679669572,1.9390957549262258,2
1768376397021326914,3.0847800315634277,9.201612686810488,1.8961287305311245,1.938344185918895,2
1768376397171499726,6.261444924983595,8.654942667588985,1.9035612666725819,1.9400033352121953,2
1768376397221731075,7.040547477123793,8.988232578876561,1.9014871025183875,1.9389132398301014,2
1768376397297871046,5.952050587192614,9.015036355926139,1.9012967181496505,1.9391242164957234,2
1768376397371387621,6.990544814489796,9.042542624976019,1.901176805431062,1.9382169834142344,2
1768376397421502441,4.154596907339991,9.014034554332587,1.8991839947980267,1.9400605495399244,2
1768376397497179588,8.12629019719635,9.05860985858527,1.9022388414904077,1.93757147546643,2
1768376397571390955,2.8732913742843813,8.714065973825319,1.8999109292891363,1.940889253087558,2
1768376397621853175,7.601988444013719,9.236676821916449,1.9004496156499444,1.9378389130558793,2
1768376397697401707,5.983806312409357,8.926255542336452,1.9018558222422197,1.9395875928440214,2
1768376397771551364,5.877544351782227,9.215382015143723,1.899433670197728,1.938539675010438,2
1768376397821403923,5.554857498143662,8.709696899462982,1.9028085552433605,1.940792545618205,2
1768376397896590510,7.450392544856799,8.719242750056075,1.9041195242009743,1.9393735963379852,2
1768376398021433964,6.4966770145771235,8.921395794146015,1.9014691378109978,1.9388233182532422,2
1768376398221704576,7.632536049997807,9.141169772420916,1.9010424783895385,1.9373157525532116,2
1768376398371759216,4.58112176642711,8.855042558021351,1.9011340473136482,1.9409716657575555,2
1768376398421621378,6.456978365647181,8.840853570596586,1.9026192320170674,1.9391440828398994,2
1768376398497736102,9.440649462161721,9.21486432490353,1.9027841326254893,1.937332033889546,2
1768376398697589274,6.052270659764547,9.1759447828377,1.8992579196783252,1.9379321709220114,2
1768376398771669429,5.16355992918438,8.87781205750492,1.900057053516939,1.9389641183315673,2
1768376398972799820,4.723591488822398,8.800187929285913,1.9006074889553022,1.9390327919930694,2
1768376399021828460,4.840857313320734,8.846525997445424,1.9002957053641834,1.9388383701959495,2
1768376399097919897,7.93510595069713,9.088579293412135,1.9018976029524461,1.9372927758233238,2
1768376399171651654,8.15577280743529,9.250012157470707,1.9009280136810824,1.9373626051955304,2
1768376399298221226,6.263306828185655,9.192969183896706,1.8994966767398307,1.937409030700077,2
1768376399371448625,5.55890282167093,8.916675438856794,1.9003712678273998,1.9384678190855678,2
1768376399421468388,6.487099526909512,8.813486639651787,1.90253203210661,1.9389153629355045,2
1768376399498633432,7.105126408670781,9.042877170455364,1.9007421671831313,1.9377455129610879,2
1768376399621423872,2.520435217965078,8.911668554711527,1.8982595252315266,1.940302664376843,2
1768376399698886809,5.122357141883471,8.710819551183299,1.9015764876963024,1.9396863734257883,2
1768376399821434590,8.390619608128036,8.935516048540347,1.9035399568983538,1.9380899008623262,2
1768376399897929254,6.753997879357376,9.020536697630611,1.901291065728307,1.9381636096579145,2
1768376399971517658,10.78773160973645,9.053793889013084,1.9047954049696152,1.936834744573721,2
1768376400221449493,6.802839788842663,9.208953766389692,1.89996258522934,1.9373797444009937,2
1768376400298694297,6.271243619878852,8.987961624128252,1.9011718173935725,1.9383184255225347,2
1768376400371717323,8.111448892857531,9.123217713347303,1.9016615151318974,1.9377204717056644,2
1768376400421764541,9.20013430184663,9.089325687084413,1.9032665168074414,1.937897361294263,2
1768376400571686106,4.869875934049528,8.859206979902687,1.9013004866574128,1.9405305798757362,2
1768376400771728582,8.454326612947538,9.13537998516234,1.9021993321568222,1.9373528843520866,2
1768376400821935128,6.054434080718707,9.032328777660284,1.9007040158070538,1.9388065748103183,2
1768376400899112832,5.305777063164818,8.704000800026519,1.9021178102907745,1.9403193153566023,2
1768376400971647572,7.354262054915406,8.848864344018494,1.9036354672284135,1.9394123213772896,2
1768376401021452734,8.91818100284203,8.750030326558393,1.9050720130824104,1.9387408677391404,2
1768376401099973057,4.021810311823248,8.768722680824759,1.8997781542977372,1.9403728961598037,2
1768376401172333079,5.462466178222325,8.736248022170878,1.901777961532273,1.9389215779161226,2
1768376401299671922,9.524797203828372,8.962988524431648,1.9044465576196967,1.9376263405642624,2
1768376401371446137,5.677510810611963,8.579499106816469,1.9034866731010125,1.940739246525012,2
1768376401421850724,7.096766909848506,9.209499677874206,1.9002597539267851,1.936989495202887,2
1768376401499010374,10.11468423074291,9.10328211140673,1.9041446271958034,1.9377196421715999,2
1768376401571498242,7.627176915499634,9.02969947709981,1.9026931687077575,1.9382142421689672,2
1768376401700066667,9.023487833946797,9.037142762927994,1.90382218507578,1.9384028506188768,2
1768376401771673994,6.9789293582454,9.16066345219838,1.9010128370051929,1.9377792890484415,2
1768376401821345025,4.839610115418891,9.035462424772927,1.8998652430802612,1.9389147147136685,2
1768376401899276671,6.18177130571218,9.177827830163208,1.9002576898846,1.93867688181613,2
1768376401971669674,7.049723191434376,9.22972489416746,1.8998393538604208,1.9372263872878852,2
1768376402021476780,6.6173715281188095,8.857777240780786,1.9029722961525326,1.9391199604695781,2
1768376402171653595,5.464383602949985,8.919905583409118,1.9008752742078874,1.9390128348176143,2
1768376402500552642,4.879861217958137,8.867000228399277,1.9002051182602795,1.9385290742485046,2
1768376402571672617,5.0277956921771505,9.041769125622395,1.9000062584648805,1.9390870806230658,2
1768376402621571878,4.86539792530194,8.817943085931665,1.9008212570457785,1.939444927511992,2
1768376402700914683,5.646945703836614,8.947371508888539,1.9008759411550753,1.938804995218832,2
1768376402821575715,7.197039889682122,8.792565818926137,1.9031062034139008,1.9391758696746915,2
1768376402899929383,6.183943563900396,8.862870452739019,1.9019255099573389,1.9395150988439889,2
1768376402971482765,8.129837054878575,9.211888812539643,1.9010989947574743,1.9370396127892184,2
1768376403021629076,8.044794430910773,8.93949021683186,1.903203814807211,1.9380529065864247,2
1768376403171542353,8.585573870603103,9.00757139100369,1.9033895902927904,1.9376372232658345,2
1768376403371813340,5.955956402646345,9.026866996539159,1.9008144644762914,1.9387876686902743,2
1768376403421457721,6.675215545624447,9.095165186001003,1.9002264746717326,1.938086245183221,2
1768376403500020701,6.476719324886249,9.007177099894736,1.9007304853372347,1.937906053816956,2
1768376403621688713,5.119357229770083,8.704028610337764,1.9026477844698026,1.9411439639823869,2
1768376403701403823,5.4415647050092275,9.270810300112444,1.8985328816533005,1.9384379958070233,2
1768376403771790349,6.252396701743379,8.840528845918877,1.9019990753737266,1.9390883584971264,2
1768376403900086524,7.946984884872554,9.211804309602257,1.9010401994028554,1.936478790429637,2
1768376403971582582,6.364631043462188,9.002602695873053,1.9015275989720914,1.9386721401554605,2
1768376404022019127,9.521352982215348,9.07766345943361,1.9032156015362431,1.9372960320891484,2
1768376404101077253,7.792729273641719,8.951635136516742,1.9029040872000358,1.9389975604334262,2
1768376404171594317,7.307444186075873,9.0654486916595,1.9016520560350314,1.937982539300244,2
1768376404301120676,7.745234444948013,9.248357098789066,1.9003640120635243,1.9369359020040822,2
1768376404371598907,10.07996813844314,8.989719504193124,1.9044389647771363,1.9372051016079141,2
1768376404421574843,6.020782131713975,8.808695678754741,1.9019061626563254,1.9393508198922473,2
1768376404571616612,9.619455747277295,8.999945318788635,1.9040919746994163,1.9380804498040307,2
1768376404621290049,5.428695533568284,8.839260539463591,1.901424587106565,1.939982248540584,2
1768376404771739618,5.586046784591847,9.215204860750244,1.8980592100629792,1.9373655217768937,2
1768376404901070064,6.311576281247566,8.971035410976606,1.9011147604486311,1.9386106564358667,2
1768376404971505364,5.7926735991460365,9.159954075763782,1.8997714855197394,1.938273612864515,2
1768376405096827994,5.651819108261291,8.926241275483898,1.9006383233172905,1.9388634433352552,2
1768376405171638807,6.341405168194925,9.146223257964984,1.8999684839885043,1.937723598132592,2
1768376405221559873,9.275643069330153,9.102091994996261,1.902879545982488,1.9369184038221772,2
1768376405300865181,6.065691662234141,8.912861192072464,1.9014675794384375,1.9387368488483314,2
1768376405421388461,7.5025035231448545,8.98471863539298,1.9022470964505136,1.9377311646721702,2
1768376405501177155,4.734195296412835,8.887986303298241,1.9008981125370865,1.9398097560974483,2
1768376405571623967,9.2331547659521,9.058606993746634,1.9039662061353029,1.9379217331405194,2
1768376405621688934,7.72203557006601,9.030723989994026,1.90252480433867,1.938150189767526,2
1768376405701214494,8.331537096184505,9.13804533020711,1.9020149391494303,1.9373439220323563,2
1768376405771578154,8.203593902353257,9.200301191498161,1.9013118820762631,1.9365259015947556,2
1768376405822223809,4.892610160767141,8.974891521721199,1.8989185231467314,1.9379685257913726,2
1768376405897054503,8.926468608816851,8.886792435728674,1.9044143992723925,1.9381816652444679,2
1768376406021510391,7.508143987101423,9.032600486918962,1.9019118294188597,1.9382139465195083,2
1768376406171696099,6.637985837331328,8.961273217204482,1.9013304183921873,1.9393659720697332,2
1768376406371783711,7.682083330411205,9.011113572994821,1.902119487796641,1.9369552897385198,2
1768376406421692200,5.854742572756644,8.992041585590663,1.9010942937036541,1.9389345038926302,2
1768376406497155738,6.634426906271251,9.048024262317808,1.9015657219112574,1.9390177992215762,2
1768376406571814521,6.512875445692234,9.080199841064902,1.9008097531960026,1.93818902583912,2
1768376406697128717,6.961611033456494,9.025678446458535,1.9013952318263079,1.9382188588500644,2
1768376406821894727,6.644250269121743,8.844495829227922,1.902278648013446,1.9384396491164775,2
1768376406897130116,2.3593602026612537,8.734947176064034,1.8985682853360082,1.9401264669388607,2
1768376406971607996,7.132848350288379,9.186021591454786,1.9002509072513964,1.937217972093642,2
1768376407021559001,7.431587697012354,9.176724467858044,1.9010535081944013,1.9382579762804388,2
1768376407096879985,9.768402959305922,9.11125646323808,1.9029765621727648,1.9362661077880794,2
1768376407222072823,8.33158519847843,9.039848527201025,1.9019848281549163,1.9370032701862694,2
1768376407371660970,6.6161770158508215,9.017826737917499,1.9011491728997663,1.9382330352161419,2
1768376407421926682,6.189837234108486,9.275594496506937,1.8992432023318637,1.9373081785593653,2
1768376407496970908,6.295195068023007,9.186875965074652,1.8996705685950879,1.9372103634155655,2
1768376407571666203,6.9754586225401205,9.438293947431777,1.8987932925514293,1.9368336846157632,2
1768376407621938760,4.863085635308684,8.92948215133188,1.8993676944550348,1.9385611163536187,2
1768376407701726059,7.4990330781712355,9.097334142983662,1.901772400268431,1.9374514873660784,2
1768376407771578984,6.075270586449744,9.048749795042898,1.900508331291873,1.9382389442738033,2
1768376407821529808,5.575304213150556,9.206294769417989,1.8989361531531888,1.9376369670819005,2
1768376407897162918,6.697607953348506,9.153318917123354,1.9000887362453218,1.9382833298598006,2
1768376408021647201,9.579033112479873,8.935848174796346,1.9047425912953173,1.9378225872335628,2
1768376408097232755,7.141271785816361,9.104186071589213,1.9012458616625523,1.9379796874023716,2
1768376408172011522,4.490712154890275,8.881762400833749,1.900408424309234,1.9400757701252893,2
1768376408297047045,6.603417553798563,9.139694981331418,1.900131345677566,1.9377131088494899,2
1768376408421654191,6.638055560699074,9.238009172581158,1.899918956124027,1.9372846702876725,2
1768376408497198490,6.395621883209968,8.941287333921004,1.9016591781577386,1.9394849684083464,2
1768376408571514590,6.159144063526467,8.89579335308973,1.9013552143679335,1.9376629221406825,2
1768376408696532615,6.826398596079031,8.927515651363931,1.9015313138549452,1.9386484292561759,2
1768376408821593638,5.950078072074705,8.849634241324614,1.9020072813073639,1.9386773069540189,2
1768376408896895971,7.724154772458469,9.071176849673197,1.9021837938894337,1.9385464200667966,2
1768376409296942167,8.088993758742058,9.012828779317454,1.9026079333994603,1.9384969246223278,2
1768376409371671024,6.78435402748967,9.259712796719748,1.8997874233220076,1.9377720461514496,2
1768376409497115926,7.090306707467464,9.15723395798854,1.900924168949834,1.9383478973004309,2
1768376409571917879,5.399918524760405,9.104993902146028,1.8993307726719362,1.938326191097052,2
1768376409697155195,9.910367044613233,8.964270458764089,1.9051894737548163,1.9383502455258954,2
1768376409771693438,7.346365653198905,9.320507762859275,1.9002690121737034,1.9373925793973883,2
1768376409821516530,7.968470849698761,8.992544689919958,1.9025478752418252,1.9377141711635237,2
1768376409971836022,4.935664540916651,9.069623574728391,1.8995908272621804,1.9387768440303723,2
1768376410021866762,6.48599010744233,8.916576180584055,1.9020527668539025,1.9393542099144299,2
1768376410096981624,8.356640043231556,9.15032301503495,1.9014313715802829,1.9367862891896028,2
1768376410171552042,6.156773869249621,9.122633939037087,1.9005706139106175,1.9392126310842304,2
1768376410222904935,3.7656853923693223,8.809382770066414,1.9005622662770705,1.940398122711652,2
1768376410296668647,5.091186856124086,8.88402328381604,1.9008435516705615,1.9395278362860486,2
1768376410571600491,7.842468813290759,8.817867072644018,1.9036670039733659,1.9390961010092842,2
1768376410622001777,6.2959911346491815,8.852056559286028,1.9017834026985265,1.9389469369046552,2
1768376410696796325,5.681853225560474,9.23343672157768,1.898680979071313,1.9376548715829494,2
1768376410772974560,6.587154000283535,9.029932443649873,1.9009295875829804,1.9382323703062767,2
1768376411021528023,5.585842665367879,9.261063922476838,1.8985928457318206,1.93753806486352,2
1768376411096653868,7.9590875251678295,8.90555638896925,1.9031751481359855,1.9383324159442716,2
1768376411171595227,8.623292478585842,9.201418369393242,1.901633291270814,1.9364390533159,2
1768376411221561555,5.24469153491558,9.23438786043929,1.8982954383663113,1.9377684609814418,2
1768376411296913259,5.23415277490602,8.94064823156761,1.9008380447380835,1.9390354872906896,2
1768376411497022989,5.582067165243565,8.901757427603304,1.9010356661146213,1.9392956067265406,2
1768376411571766313,5.531800689758004,9.02318495158565,1.9001480758049136,1.9392236520544632,2
1768376411621516471,7.168588679939747,9.121733151324605,1.900806746545361,1.9372733297349813,2
1768376411771735590,5.1296943335230605,9.083035804695044,1.8993064434825406,1.938341393155686,2
1768376411821486199,4.754758166402251,9.04293245928475,1.8992777253735795,1.9386322480106342,2
1768376411971580810,6.960461950590524,8.916067763323678,1.9023627123756195,1.9388877117227243,2
1768376412097121343,6.181149797016339,9.008650774856749,1.9007080471790596,1.938056473044813,2
1768376412171884113,6.312941752592671,9.029061330150219,1.9008174661926256,1.9380089434013146,2
1768376412221504824,7.308413763080557,8.865307047018343,1.9028095419193536,1.9387931139876782,2
1768376412296796586,9.380807709506778,9.00373065431257,1.9037678247826326,1.9370804852665477,2
1768376412421344004,7.573934645002112,9.036847751897039,1.9015161536928213,1.9376566372337758,2
1768376412497055120,8.173096496870924,9.319947437574646,1.9003837271877917,1.9363293145281553,2
1768376412571612549,5.454461551115841,8.960014630403892,1.9006489596861789,1.9395965602588627,2
1768376412621732406,8.660709498309549,9.003073194772806,1.9030927037923338,1.937310669948933,2
1768376412696782676,7.793821544662682,9.054149002987954,1.9017886937419148,1.9374451293854074,2
1768376412822148897,6.510517404775262,8.968485896236839,1.9012719827590472,1.9381240239932136,2
1768376412896642120,9.78501178545832,8.998964539179461,1.9042368195194688,1.9375268595628914,2
1768376412971498511,6.8260771559987,9.387383332661697,1.899157146933775,1.9377960702007053,2
1768376413022170956,4.063021337335604,9.273374669488913,1.896776296081619,1.9380460917763571,2
1768376413171581767,5.467627624844651,9.013470583201787,1.9009591226839442,1.9389034350776853,2
1768376413221598451,7.059078193176749,9.017635236885745,1.9017511422817823,1.937926321401201,2
1768376413297197756,8.821820980387196,9.145588838039632,1.9023636541200668,1.937511410567188,2
1768376413372068706,8.450784109364617,9.077648657457187,1.9021620054418051,1.936936193362144,2
1768376413421526357,8.143392578760178,9.0089845458836,1.9029767898447458,1.9384219310279474,2
1768376413571937634,8.955467650848314,8.851069164295044,1.9045442105365749,1.9392998192613873,2
1768376413621753251,7.973796277457756,9.205235472331161,1.9008237028710324,1.9365689089991256,2
1768376413696666608,8.026055253040454,9.051031125113846,1.9023087985967395,1.938521656841082,2
1768376414021508820,6.260430208556711,8.93572904061061,1.90126397143818,1.9385465750111723,2
1768376414171753803,9.075466451740066,8.863003897909845,1.9043247885041197,1.9385856505022272,2
1768376414221479555,4.8637608132990895,9.10932404056488,1.8985875169945696,1.9383524411058906,2
1768376414297157099,4.295898767315398,8.968142382623247,1.8988161185411159,1.93910288861984,2
1768376414371985703,3.878166660728599,8.955043985928699,1.8991377252216521,1.939625040068839,2
1768376414496535858,6.404193208924047,9.082030502423606,1.900390704616414,1.9386095707861224,2
1768376414572092131,5.799670998395179,9.13903413530407,1.899945284381551,1.9389913501583964,2
1768376414622051773,3.935689460455194,9.374366133348307,1.8958716202518737,1.937557451576824,2
1768376414821697208,5.665813432864875,9.238771901143357,1.898445499371247,1.938026899959676,2
1768376414973177280,9.220252518783889,9.098201192969547,1.9028080732926835,1.9372126074982279,2
1768376415021825312,8.110622083387753,8.973773376477933,1.9029266461419116,1.9390147963185251,2
1768376415096696899,8.27469447513196,8.77019071614798,1.903916896967262,1.938584035150708,2
1768376415171951358,8.435873973579477,8.978553738861981,1.9025595264320398,1.9369821414906367,2
1768376415221988084,5.612515870796031,9.163530219818389,1.8996042298592284,1.938102281538481,2
1768376415421678004,9.60079685468429,8.994899223036347,1.904687287464054,1.9377058348642004,2
1768376415496634426,8.916840115118063,9.303494951946774,1.9012898492963326,1.9366355610729253,2
1768376415571811575,6.125054292019483,8.788419448374253,1.9019252957123465,1.9396874755804803,2
1768376415621664876,8.399246344970024,9.322881334892353,1.9009779399197457,1.9369273289202356,2
1768376415696686674,6.057272122639734,9.00237195155719,1.9009639063159287,1.9385911209490208,2
1768376415772357069,5.735234516003107,9.008827330798619,1.8999226456689646,1.9375565908801422,2
1768376415821501199,6.16303690181752,9.015954493929806,1.9009345649329896,1.9384309687114125,2
1768376416021750921,7.378693440707407,9.041476171306046,1.9017098281568008,1.9380744742313432,2
1768376416172324588,7.849961007318829,8.937361326333527,1.9027012535342547,1.938333324158307,2
1768376416421505312,7.7087710893721795,9.266360337140044,1.900561215458161,1.9370806174160522,2
1768376416496902184,6.777714075381747,9.270853578416359,1.8997445448919281,1.937835097975652,2
1768376416572444834,6.209201256397012,8.689958600308303,1.9029499200522062,1.9393283703173105,2
1768376416621769402,7.659050996373651,9.145251765134573,1.9015504587681284,1.9371118080316938,2
1768376416773192182,7.214391545489418,8.910763340553068,1.9028737026570377,1.9384668439387442,2
1768376416821750559,7.453166981621573,9.130057197085524,1.901428076783601,1.9383609966923223,2
1768376416975052717,6.525080434369945,9.230905143009874,1.8992523884803185,1.9371097927047944,2
1768376417021565938,7.392814125104286,8.90404848926507,1.9028797725989286,1.9383870326811141,2
1768376417096620799,7.287386620294489,9.232921889533287,1.9005619860587466,1.9380290810925194,2
1768376417172558258,10.599547841315893,9.161947398959228,1.9039623982435467,1.9366114352083574,2
1768376417221607355,7.117112196872943,9.176154672794159,1.9006209425628158,1.9380208171660522,2
1768376417296614262,5.4640236083025595,8.855943705303314,1.9014548560161186,1.93965466317259,2
1768376417373957789,7.931542361458099,8.946989878095494,1.902286683782269,1.9381446887790839,2
1768376417421792226,8.286694125441585,8.89234347462713,1.9032448729373752,1.937785190343822,2
1768376417496695350,8.018348857500524,9.072998365904906,1.9018506531842925,1.9380010608204432,2
1768376417621663648,7.311550357397056,8.911146036246326,1.9030023692278584,1.9389760454886795,2
1768376417696639355,5.53696953704752,9.06579983598246,1.8997288742444491,1.9387071270959868,2
1768376417896809946,7.727612873463796,9.024839055847643,1.9021791332292861,1.9378121236523236,2
1768376418096822839,8.446664791854408,9.10811723779006,1.9021079197143953,1.9374459270218602,2
1768376418172748484,7.059331647408129,9.171742162568668,1.90058822233009,1.937570149658945,2
1768376418221504198,7.292445457777852,9.12164145136506,1.9007359810621858,1.9370146668138777,2
1768376418296887124,6.175394766132047,8.95053508178673,1.901765332717719,1.9393553179478886,2
1768376418373147025,6.74877382563821,9.038670180328536,1.901176807453674,1.9382981397383001,2
1768376418421882619,6.59596614603708,9.027264963930957,1.9011546897133247,1.9383672574271003,2
1768376418497197612,8.470106405629396,9.187330215964204,1.9021624552691097,1.9375205037440921,2
1768376418572370221,6.657770849820777,9.017683594703852,1.9011849562508878,1.9376951871630927,2
1768376418621480530,5.296341988581865,8.705884139741658,1.9025218202400906,1.9403806152906462,2
1768376418696575223,10.483380186999902,9.218615864696515,1.9038805784561705,1.9366793711523054,2
1768376418774003373,9.373994918288053,9.334874252618409,1.9017777869946446,1.9361629284286574,2
1768376418821746351,5.611164098048516,8.857557538772134,1.901434282732406,1.9392811491386586,2
1768376418897014953,7.563583336922752,8.906561025746118,1.9029550211980215,1.9382977441146854,2
1768376418974280706,6.42369575821089,8.900988718558752,1.9014081759528674,1.938356409131471,2
1768376419021740876,6.881450504765185,9.301048939658228,1.8992534671585104,1.9370425039200019,2
1768376419173557814,6.280565233104385,9.015928771906012,1.900939339212598,1.9384914366679153,2
1768376419221936343,5.920875881217924,8.99902836028277,1.9004259345834171,1.9378739351251515,2
1768376419421589670,5.708643197106955,9.112514362297812,1.899541969851716,1.938636513202,2
1768376419497184179,7.34662467427416,9.05749956210785,1.9012269792704763,1.9378928507076543,2
1768376419575861239,9.007597705171344,9.409152921538956,1.900468814066901,1.9358362765310067,2
1768376419621680181,8.535817233624954,9.217943207106703,1.9013239512808822,1.9362536752664121,2
1768376419698002155,7.223181283320557,8.961900012108453,1.9023568650953442,1.9393348183277013,2
1768376419821670332,6.0348051220315835,9.17326133779284,1.8997121755805209,1.9378167671450408,2
1768376419897167889,3.4332447815632605,8.84490711053783,1.899230282581871,1.939927600168905,2
1768376420021728465,6.3444134987404865,8.868593911839161,1.9015373298309888,1.9381291703999841,2
1768376420097116082,5.61314169367777,8.907237053736942,1.9012186951904306,1.9387407419560025,2
1768376420174772777,7.564312880330437,9.157334243375793,1.9012915620993518,1.937464748903982,2
1768376420221537064,7.6551649296741076,8.940220222784951,1.902915009775027,1.9381093136382717,2
1768376420296622583,6.818816355315116,9.005957980170399,1.901413291902313,1.9379836503400327,2
1768376420373666905,7.362675187593037,8.90292371786444,1.902959150620861,1.9389579138540018,2
1768376420696813152,6.043323097679298,9.042184734273706,1.901116579592007,1.938524858860399,2
1768376420774826050,6.307370044704497,8.922253285931072,1.9018594165536478,1.9388229586687216,2
1768376420821784462,6.953287430121913,8.716896769867134,1.903632072530617,1.9401093484950116,2
1768376420896615075,7.696489075242008,8.922430805002616,1.9025350511276244,1.9382794115294417,2
1768376420974718053,6.928504128029145,9.119107049449498,1.9006571906770875,1.937650597827584,2
1768376421175421917,9.447870399916125,8.905916142620212,1.9043105471919108,1.9378820822573473,2
1768376421221783310,6.372695908009263,8.919843143331468,1.9013755173307216,1.9382248376842595,2
1768376421297138637,5.524725030503497,8.543583314781252,1.9033254411396576,1.9403908069050264,2
1768376421496844596,7.202005619124208,8.869490199991144,1.90279982325399,1.938291390124739,2
1768376421696799784,7.092103586801235,9.153521354533869,1.9004637574837626,1.9370196446116752,2
1768376421821797941,6.293922350370185,8.924932686645741,1.9009961551564982,1.9384958573591071,2
1768376421897034507,4.451462039390064,9.047661366543988,1.8989965506586322,1.93830217665826,2
1768376421975540593,7.021208674658164,9.088659053601786,1.901152669302545,1.9382230868440107,2
1768376422021696301,7.128076349800283,9.087861090218261,1.901386552233206,1.9378952894822996,2
1768376422175721275,8.410192966419539,8.94220443887112,1.9032995073032564,1.937456056821069,2
1768376422221764617,9.162704119058729,9.038633406102484,1.9028693617231065,1.9372384491943828,2
1768376422296942884,7.228552716552539,8.993156934919526,1.9014313095846644,1.9377631948450458,2
1768376422496705572,6.978000884090951,8.826427324662914,1.9031154212534405,1.938709016057031,2
1768376422576392758,6.768453531915686,9.021812754374892,1.9011635897896186,1.937397092129879,2
1768376422621589872,8.030830766823316,9.275934400578812,1.9007948719518988,1.9372248741369404,2
1768376422697019947,11.045155903737669,9.344103282281633,1.9033516665207044,1.936534805917855,2
1768376422775881112,7.273953014125478,9.09506303410452,1.9013474079631199,1.9381131468223183,2
1768376422821962561,5.444248989320721,9.165128248421682,1.8996430497363894,1.9385331285768033,2
1768376422896933785,7.9319767455579,8.86892987743944,1.902980610319518,1.9378726110592146,2
1768376423096925531,8.652191250297259,8.85656386837935,1.9039440260021987,1.937715914505337,2
1768376423176025780,7.793410133344114,9.308879553588092,1.9002263303431381,1.9364457773635781,2
1768376423221834404,5.177294443306835,8.722812884434324,1.9023279659633408,1.9406682649236209,2
1768376423375774194,8.001989395081566,8.93358851172941,1.9032708166880474,1.937861147902785,2
1768376423496799528,5.910635571419354,9.049689547906487,1.899931898958108,1.937847921593079,2
1768376423576381416,6.873185367976875,8.8028318504046,1.9030493488809648,1.9396186715164678,2
1768376423697014075,6.042465210206238,8.785998151386565,1.9023746948065696,1.9391628593791177,2
1768376423775603634,4.416686250362067,8.718465835326787,1.9003607720300666,1.940133592749114,2
1768376423821991302,5.395716955126861,8.851163517215143,1.9006223410493248,1.9386022139914296,2
1768376423896847871,8.775955435068816,8.930115780980742,1.9037372141351574,1.9377601085900256,2
1768376424021737321,6.0744990161814005,9.308144624200892,1.8985451913690545,1.9373522964083163,2
1768376424176041900,9.440996272702007,9.15437584144727,1.9028667484619974,1.936696734294365,2
1768376424221572422,6.242779453407898,9.086426848315382,1.9005609808884245,1.938364570504628,2
1768376424376325620,7.81032251128555,8.92092769104868,1.9026706463747016,1.938044737910307,2
1768376424421607034,9.139117151717668,9.149540890039377,1.902696544354932,1.9370903697207411,2
1768376424496621171,5.150385850034134,9.23388273170921,1.8980318163654586,1.9378827427614298,2
1768376424576699333,7.96225683373275,9.100628598903139,1.9017869551565374,1.9376916154168713,2
1768376424696768335,7.324871851691839,9.009641312766709,1.9015255433667329,1.9382654706458096,2
1768376424772595951,5.864257621561952,9.128701073216625,1.8998069172927528,1.9385093801999924,2
1768376424896858207,3.6647263863411883,8.942409923305942,1.898997946244428,1.939359830679141,2
1768376424972449171,7.980866997794545,9.073840289625934,1.9018582999688765,1.9376723611021003,2
1768376425021588178,7.063786595606691,9.211860750482014,1.9005478142317673,1.9385208576521975,2
1768376425096829182,6.930560546174913,8.83896563417443,1.903080589737459,1.938666014579081,2
1768376425176739744,3.469182649935343,8.969458302620392,1.897850238563806,1.9387191057643265,2
1768376425221989051,8.154880443181023,8.93920872076476,1.9028577719676483,1.9381155998877138,2
1768376425421757408,6.377377961387598,8.82313470878591,1.9019555173490619,1.9384504014702002,2
1768376425497098340,8.479315633274753,9.004586374143596,1.9023911546358514,1.937632030312419,2
1768376425696804662,6.403019565844215,9.093881876374244,1.9007823794721643,1.938138207589714,2
1768376425772318994,8.0601842030108,9.037141478222514,1.9021120293625635,1.9379129605749195,2
1768376425821984787,7.5782455210531285,9.219317095695514,1.9003737284500084,1.93668992833736,2
1768376426172332984,6.025953107761994,9.000778668333831,1.9006474418671961,1.9378925404045204,2
1768376426221515288,7.915374816391374,9.135394904378416,1.901901021081309,1.9383742742611318,2
1768376426372114835,8.505561626946045,9.209087869755404,1.901352625235535,1.9369506673850971,2
1768376426421621969,5.754429927534943,9.09028605223944,1.8996995209432954,1.9383151371534675,2
1768376426496800427,8.250260801012432,9.031857829534086,1.9026180798785963,1.9378654238840878,2
1768376426572595784,6.151512541323845,8.927527306064242,1.9013442183502012,1.9388357204933975,2
1768376426696899714,6.48070840613113,8.96834553148188,1.9013675657946942,1.938678026817716,2
1768376426772933361,6.350099178364488,9.296341511697984,1.898976734421876,1.9368575805287631,2
1768376427021622707,5.638313963676866,8.815831680384747,1.9010877089894442,1.938920891701954,2
1768376427172366711,8.702100302399263,8.863442515427407,1.9036981457024915,1.937797510734893,2
1768376427296718353,8.188527396300938,9.042428202111783,1.9026064824946807,1.9370110544871173,2
1768376427421591828,9.110391713106125,9.008539004681724,1.903362086111014,1.937412205983546,2
1768376427497233928,6.052539541572921,9.035690928008815,1.900491983430219,1.9381623661907206,2
1768376427573052876,8.910572081858747,8.988478653033363,1.9036956348730654,1.9391500564946356,2
1768376427621654868,5.496263392104961,8.888304731107011,1.900702661636742,1.9389072334635205,2
1768376427698336899,6.563396930503007,9.024737476941766,1.9012331828893423,1.9385690030357687,2
1768376427772804057,7.590148468000324,9.186378910635964,1.9004162709447106,1.937035077596542,2
1768376427896833814,8.053103420597063,9.1650362752124,1.900929220229767,1.9370086694018183,2
1768376427972222406,8.566859783639691,9.336071435586108,1.9004168049494576,1.9368394236100677,2
1768376428022248826,5.25822113619423,9.014056403319293,1.9000433085794703,1.9393217064417374,2
1768376428296709237,7.882987791377083,8.7698972849174,1.9039088222954927,1.9387036359139733,2
1768376428372885422,6.4908621956754065,8.80033172015908,1.9031027499328281,1.940023440583737,2
1768376428421711062,8.436107390603409,9.071657293649912,1.9023519175900863,1.9376287878832652,2
1768376428497201443,7.14300997632944,8.98103815524236,1.902011612394292,1.938770934034438,2
1768376428697409897,6.032228867100198,8.915366479009535,1.900892668180308,1.9380617942993863,2
1768376428772252038,5.883153113168005,9.120308480269538,1.89992402097803,1.9387435412027354,2
1768376428821724382,6.612202373323051,9.12176137518984,1.9009429393410413,1.9379376206417982,2
1768376428896896533,9.318094667590149,8.998023756436774,1.903814386995554,1.9370761344520324,2
1768376429022063374,5.062767990055228,8.97076186540364,1.89971008356502,1.9390235688517987,2
1768376429171961418,8.65337365047747,9.021072393654647,1.902263783500375,1.9373808889892137,2
1768376429221549457,8.074915242046066,9.29626802710306,1.8999887024363427,1.9368613134918273,2
1768376429296858010,6.842080686662699,8.703152432139804,1.9038033186566992,1.9396064494329384,2
1768376429372245563,7.718354544233197,9.146117158223062,1.9015113522502944,1.9376320016070077,2
1768376429421922656,6.051774099716356,8.882841778944886,1.9012522152163147,1.9379526040100805,2
1768376429496941705,5.334622299784542,8.769083286910524,1.9015975226708164,1.939276280657042,2
1768376429571759744,6.674892297649393,8.875526232896894,1.9019125525081098,1.9390394958218886,2
1768376429822229322,6.675900610226604,8.945063507227779,1.9010011084587324,1.9379234510653898,2
1768376429896571879,6.480012006722546,8.80548290812364,1.9023405382783207,1.939166888838159,2
1768376430022152690,5.3649073440895645,9.106205151138631,1.899622335863695,1.9383721935407392,2
1768376430097246860,6.448187864094734,9.37200469944782,1.8976892832040302,1.936660036108447,2
1768376430171806670,7.833583264724053,9.19239381323323,1.901133876920988,1.9374560119012743,2
1768376430221816996,4.259620294611244,8.758481030304326,1.900842297419502,1.940194358045349,2
1768376430296837888,6.385075721883959,9.044265890413921,1.9011269137521631,1.938690613448937,2
1768376430371873241,4.549629282111889,8.857897676973291,1.9001354766840737,1.9403348075414808,2
1768376430496765225,4.247402857993743,8.878476014817657,1.900733515095159,1.9407895429137811,2
1768376430572437311,4.9007623114829535,8.925416702236166,1.899896715221736,1.9400498529480903,2
1768376430622303017,8.900847218768604,9.088511357876543,1.9030956095351168,1.9379141505019635,2
1768376430772495936,7.613717124000052,8.824194597089694,1.903961102172814,1.9388976982177386,2
1768376430821833173,4.657081068071944,8.925031375046037,1.8997116133416325,1.9392269804049012,2
1768376430896762633,6.6620407408293225,9.176073079052003,1.8995879120805497,1.937397383007287,2
1768376430971901527,5.803376204537747,9.077121078511245,1.899788049965742,1.9381669634001777,2
1768376431171724258,6.694544377411349,8.827211994329197,1.902562358543707,1.9386289609861023,2
1768376431421647367,7.431599668664024,8.977672276773607,1.9021700835036888,1.9379849790037198,2
1768376431497128631,9.436605781165675,9.265393586853918,1.9015383770701941,1.9359776516245706,2
1768376431821795185,7.416645140170264,9.119870728524784,1.900997823562107,1.9375206804445382,2
1768376431897272583,6.362797353409055,9.141602193111188,1.8995630665112364,1.9376442718773859,2
1768376431971835627,8.034702538258776,9.06569911162685,1.90168982996974,1.9372211059831919,2
1768376432097001458,7.118300657046328,9.243068682871613,1.8993038835403004,1.9365567097690284,2
1768376432172202246,6.48154701425141,9.08736009063219,1.9001485907405162,1.9385323991177987,2
1768376432221769340,8.268595652646482,9.089322234903555,1.9019802838976219,1.9370107859043326,2
1768376432371965899,5.186485346175385,8.866857863829722,1.9005567429232084,1.9390547668955636,2
1768376432497292211,8.88728153858942,9.01956824762978,1.902165634081474,1.9375216069695476,2
1768376432572330259,6.621066305766421,9.049296457055487,1.900536571208181,1.9384362924243927,2
1768376432621793931,7.951027777220121,9.087936255804125,1.9022592144638923,1.9378497884567925,2
1768376432696976256,4.743695593749431,9.155205462366046,1.8979484570991034,1.937928682661562,2
1768376432771891957,7.8334691049426475,8.984717958164046,1.9021346203697898,1.9377962562502038,2
1768376432821872654,7.073532914036562,8.928996076594682,1.9018071246847024,1.9389227004616396,2
1768376432897180741,8.302532986834255,9.09831390562138,1.9016138687556507,1.936529545720042,2
1768376432972199778,7.158445767512234,8.810310379650502,1.9027628371764667,1.937798923940633,2
1768376433021708766,7.547416217428493,9.034156979745005,1.901786875072425,1.937293916172548,2
1768376433096779335,5.551787323830437,9.303249994449768,1.8980188683921073,1.9362989474807697,2
1768376433172181744,4.899230288393452,8.974453476188518,1.8993987688334597,1.9385524948774215,2
1768376433221729202,8.547625945044546,9.212720044496319,1.9014774415227613,1.9369444134357239,2
1768376433297292983,7.818727055067143,9.087910228439812,1.9013392203620396,1.937590632210417,2
1768376433371913851,7.004655618538358,8.973257881046976,1.9016245194812933,1.9380898766079298,2
1768376433421531323,8.044318209273316,9.104334176916865,1.9020290645956346,1.9378380415590377,2
1768376433621923003,5.114947230138167,9.04080301774218,1.8994795734142191,1.9383826964741,2
1768376433771953343,8.125201844362717,9.152589574529932,1.9011520995890305,1.9375950841874725,2
1768376433822234333,4.854575693027829,8.767515736165466,1.9008205918135612,1.9400091789487406,2
1768376433897186808,5.810859078695607,9.08143652460792,1.8997118017233336,1.9377424821543523,2
1768376434021642588,8.097227232976678,8.999823167751924,1.9025985388968998,1.9379172819668529,2
1768376434097029646,5.084515203326312,8.768115356716278,1.901353550130091,1.940447411303752,2
1768376434221822498,9.142318602942234,9.160167290830122,1.9024766927277785,1.936728820474404,2
1768376434296824474,7.010466716964814,8.837789952112677,1.903121646899636,1.9384350037843037,2
1768376434372050881,8.442293786926847,9.090143766435274,1.9026631246247017,1.937678534183621,2
1768376434421750860,7.262949158162613,9.052883677420079,1.901935826903596,1.9375542808241264,2
1768376434571964722,4.18915965167499,9.031086852546169,1.8989328253785993,1.9387811716490917,2
1768376434621625262,3.7739910379763764,8.851464537143132,1.899746950087755,1.9396618879355167,2
1768376434696872057,6.819900636709564,9.217698979221712,1.8999233602237944,1.93718916325069,2
1768376434772115280,6.794315689438779,8.97094936113941,1.9011584728270623,1.9377169911160468,2
1768376434972252295,7.1563470300781695,9.110791925385287,1.9005400070324074,1.9375842950988196,2
1768376435021914994,7.823230086585475,9.167996967555624,1.9013010784445814,1.9378047664094935,2
1768376435097091239,7.179373602717254,8.84317642794928,1.9024150829810926,1.9388300452093399,2
1768376435171726039,8.546754325605477,9.003174460884516,1.9035016077008962,1.9381946952600297,2
1768376435221778406,8.16938906244502,9.041950408187576,1.9018301722404518,1.9373558837526843,2
1768376435371906316,6.610545395880907,9.105974715202235,1.8999964209472757,1.9379631364787964,2
1768376435496859947,7.466517833302433,9.158439575524426,1.900324798026745,1.9377075288258179,2
1768376435571707573,10.131947138074526,8.90369514596019,1.9050386403532078,1.9381485987761005,2
1768376435772028406,4.69496926017654,9.090977508000448,1.8991769953891278,1.9390289899902002,2
1768376435821843250,10.047248377505813,8.974518179852636,1.9048535942135072,1.9376332486597243,2
1768376435972221812,6.9134765176053214,8.665953926103693,1.9035691280922744,1.9395800937499472,2
1768376436172137707,5.504674849455382,8.999132668862742,1.9006345966736455,1.9390304221718253,2
1768376436222124545,11.597960196427781,8.817114354708641,1.9076489652506534,1.9379475459603153,2
1768376436296718182,8.214301031345128,9.264211709634196,1.9007736649640448,1.9365557874673407,2
1768376436372010227,7.947282400428968,9.062920064026532,1.9017504621574388,1.937360223113807,2
1768376436496883985,6.056571112720732,8.930398921622828,1.901343070174863,1.939466568471975,2
1768376436621581476,4.666686711494394,8.878594111027976,1.9000672162723262,1.9391148354676688,2
1768376436697250451,8.963566002566647,8.795058866966762,1.905400701884747,1.939069305265329,2
1768376436896900156,4.139475570108964,9.211316694288143,1.8966401281500584,1.9380017467917254,2
1768376436971881258,8.00383943092453,8.949933351559793,1.9027802252051458,1.9379551894450247,2
1768376437096842229,7.14745839088371,9.038975344597,1.901029018161015,1.9383413923962205,2
1768376437172058518,9.915234264525008,9.114253825915117,1.9035268379031047,1.9378722730828202,2
1768376437221670677,10.225282480590625,8.928663202793313,1.905066215586379,1.936929202305064,2
1768376437371839023,5.890443415997426,8.935800663372953,1.901079648286347,1.9385219457419756,2
1768376437421569905,4.104480311181158,8.882524993171538,1.89960892338974,1.9395085774223955,2
1768376437496896725,10.67745151744548,9.069423355206727,1.9040626836943684,1.937304484908744,2
1768376437571901613,8.603049379296568,9.071262133905861,1.9029786102200086,1.938799590659854,2
1768376437621888369,7.237036478617398,8.942102308904744,1.9022360635520215,1.9384665945067496,2
1768376437696889957,5.266297458869751,8.982369212771246,1.9003748398725042,1.9388157432848732,2
1768376437772049009,8.99572651958569,8.92433091220645,1.903653558974277,1.9372920486425755,2
1768376437821854685,5.320932935611644,9.176456271459317,1.8988689644256893,1.9380725609805902,2
1768376437897181944,6.854145861688865,8.883387142473381,1.902529116041396,1.9389776052964016,2
1768376437971833038,6.602677428251047,9.20830397691831,1.8995918145453385,1.9378904891850457,2
1768376438096943691,6.09247424986159,8.981655021577147,1.9008412989060315,1.9383006558878744,2
1768376438296831375,5.53040730568255,8.724536337127546,1.902100367251399,1.939965396554893,2
1768376438421916823,6.158515207816739,8.991803924775766,1.901095323147754,1.9378673062853613,2
1768376438571876741,5.658299371033015,8.924985278404337,1.9009133141461771,1.9390203550001108,2
1768376438621762798,7.353930268325204,9.050813568319878,1.9012223997041673,1.9371883439604534,2
1768376438697188183,8.933869057371924,9.057930228482473,1.9029480110422132,1.937324957098752,2
1768376438772132489,5.269833563574355,8.753272894922697,1.90097282346479,1.938853005670497,2
1768376438896921829,5.651346823335901,8.911371377277456,1.9003975208653758,1.9388129961175937,2
1768376438971908559,7.976272654862893,9.13075438623119,1.9016041690204992,1.9370580709908864,2
1768376439172097338,6.687925759786273,8.84973185322144,1.9019673110090134,1.9387527840369105,2
1768376439296738167,5.7276710001554765,9.015576297260807,1.8996686062591908,1.9385139224534496,2
1768376439371854984,7.211729620695273,9.008046740986394,1.9014752561958144,1.9391513582475681,2
1768376439421912476,8.170179604138239,8.940225610183697,1.90296131945122,1.937831892437079,2
1768376439496877564,6.78892611707016,8.953131327473377,1.9015800071181128,1.9383529612538308,2
1768376439697165345,6.93750386772507,9.160698531917307,1.9003327586544587,1.9374159208806776,2
1768376439771927139,10.10798584780237,9.2828115360937,1.902207862390349,1.935857713887218,2
1768376439821764298,7.348540228818923,9.041991958405301,1.9015554244323671,1.937773339940117,2
1768376439972185979,4.697003794819299,8.837072613286816,1.9004421297886422,1.9393817844361645,2
1768376440022301802,8.187546762005837,9.00864062384541,1.9026370924616538,1.937750786334465,2
1768376440096935151,7.659157817734963,9.000623828724937,1.9023044114002106,1.9382308239018275,2
1768376440172321310,7.871824550389261,9.357699904170584,1.899987692762269,1.9365454356928185,2
1768376440221757125,6.679719121031491,9.100468049970017,1.9005306161352573,1.9379358528522692,2
1768376440422096982,7.15700800721919,9.2334112739295,1.899717213752007,1.9366683048863504,2
1768376440496916225,6.6951060319353495,9.123811411815058,1.9005985026122256,1.9377960881843965,2
1768376440572037742,7.639182730752703,9.093186662195885,1.9013840129893498,1.9376380408976321,2
1768376440771739999,8.621164339247533,9.090697221914255,1.9029749869858652,1.938045060056046,2
1768376440971874287,5.824942097637731,9.014417331177388,1.9003579489288815,1.938139535724328,2
1768376441096752965,9.303961479558254,9.206084554833305,1.9025026613816771,1.9368169380422229,2
1768376441171987731,7.529094284282278,9.085790286362457,1.9012596091359413,1.9373475024326672,2
1768376441372093765,7.802778787227682,9.023575040812306,1.9025486643278073,1.9380767212313605,2
1768376441421958093,7.049040582455257,8.991797146614632,1.9014742160907503,1.938639195274749,2
1768376441696793301,7.138731858139957,9.142092013561138,1.90108429524139,1.9376763020069177,2
1768376441771974618,6.894939865961014,9.288496999829757,1.8993183425204874,1.938019792653968,2
1768376441896821698,8.875637615894938,9.08244665286123,1.9028811409951345,1.9379869316530174,2
1768376442021703207,5.419309004534689,8.938090240842861,1.9002971018598482,1.93941658268863,2
1768376442096921090,4.827035861524109,8.750192013801211,1.9011661080142819,1.93970309347577,2
1768376442171997257,6.54223089644379,9.185438696474526,1.90004599447724,1.9380595425313913,2
1768376442296900210,7.723532910562936,9.097455496360855,1.9011193788859098,1.9375500461201778,2
1768376442422255883,6.835122643469749,8.99165805652422,1.9008658878870999,1.9371445559617126,2
1768376442571895379,4.806099105086448,9.050089873720133,1.899059317453724,1.9388631349511527,2
1768376442621774510,6.07188141189452,8.745354022345229,1.9024240446662768,1.9392184539605304,2
1768376442696793300,7.724713633304514,8.980531811798878,1.9024831387127155,1.9380430163189142,2
1768376442772392257,5.563354081753458,8.99402632489395,1.8998286352905684,1.9384474601817887,2
1768376442822016346,8.911896226055038,9.052838604438827,1.9028374634175447,1.9375305381333845,2
1768376442897462392,7.960527678207763,9.033047985727551,1.9021481216586802,1.9374112237030652,2
1768376442971837456,5.465841588537801,9.094055208959189,1.899979283018077,1.9394994928402784,2
1768376443171795638,5.8920085598508365,9.475382310260011,1.896988294230735,1.9365962170734703,2
1768376443222125517,8.962031281424476,9.009092268382854,1.9035802958286534,1.937669328308356,2
1768376443372090046,6.461521454544927,8.874914280008397,1.9015239959221766,1.9389295936157755,2
1768376443421794904,8.989921531438627,9.03710899548624,1.9035506670034055,1.9377147815084494,2
1768376443496824126,6.7823721177628915,8.890175754528306,1.9015715192848446,1.9377173949608104,2
1768376443572434143,8.779346979377767,9.208134884552926,1.9017469242875618,1.9369342318704008,2
1768376443621666793,6.721816545520509,9.04019006700259,1.9010560969078987,1.938140749841796,2
1768376443697381888,5.056567970981751,9.279395842488968,1.897606969770439,1.9372516029743896,2
1768376443821990674,7.646021412325288,8.871995255484771,1.9033846217043147,1.9387082583689021,2
1768376443897006666,4.074541271124055,8.824712361765545,1.9011140107931446,1.9412365379747514,2
1768376443971683340,7.004109600873054,8.961193019442392,1.9019903549640136,1.938990209531969,2
1768376444171963762,8.576897439839248,8.891200255846156,1.903439454037929,1.9377812153950875,2
1768376444222069552,8.991335060642092,9.296587468391786,1.901272718911819,1.936898615411891,2
1768376444297231559,6.530887848862799,9.006396500355143,1.9009033231002037,1.9380647200049772,2
1768376444372513138,5.585647651900727,8.99273184260915,1.9008631385397603,1.939140792213243,2
1768376444497045035,6.588727197910371,9.09084436584348,1.9008626575533243,1.93883444873168,2
1768376444571960709,7.847923594499262,9.079408646335047,1.9017910786805858,1.9379813878831185,2
1768376444621965516,6.882145412671736,9.245081756646831,1.9000719691873544,1.9379583834807437,2
1768376444696856451,8.407281792508714,9.181998343751532,1.9022524375589744,1.938370727751883,2
1768376444771806202,7.0426975882103005,9.06259336994613,1.901850973081494,1.9387443770098751,2
1768376444822081123,9.919904409700697,9.404756855366754,1.901463895394899,1.9370347560451582,2
1768376444971987918,9.324066016781707,9.476277809102925,1.9005679203525947,1.9369668144320187,2
1768376445022181647,8.885080402367018,9.52044546819288,1.9001197747695353,1.9366824934220273,2
1768376445097186196,5.845030252709105,9.041064749354609,1.899929986758282,1.9395742840181516,2
1768376445172411977,9.114765198660058,9.398049073440298,1.9007254694857911,1.9374800062293311,2
1768376445221690301,5.7590069017317,9.344811448417676,1.8979359369979978,1.9387608910056549,2
1768376445297362825,10.089192269934655,9.19308048630304,1.9034715260901836,1.9391690575082812,2
1768376445371900256,9.791251467860862,9.3174610525767,1.9017943270171993,1.9380894257824266,2
1768376445571892903,8.610455012185492,9.259379454695964,1.9015749836157136,1.93956647817512,2
1768376445621843587,9.359099465588994,9.608529975264792,1.899863758051434,1.9376334637752355,2
1768376445696874374,6.825949275183207,9.395535938901666,1.8980765674631752,1.9377524948740956,2
1768376445772038082,7.801483533299791,9.076555623494542,1.9016014983376546,1.9392451122946732,2
1768376445971910087,11.821141935274282,9.348861480527708,1.9039609740641652,1.9377072870132288,2
1768376446097457169,11.350195454365108,9.564283625786665,1.9016623567762865,1.9369470210879436,2
1768376446172062954,8.118901075773177,9.283038361079614,1.9009744813929934,1.9386704460530788,2
1768376446222035960,7.294880855492458,9.412889266650927,1.899221399242838,1.9382005109733635,2
1768376446297355129,6.611363846214413,9.379764232681746,1.8989734111474974,1.9395105147371736,2
1768376446421869871,7.22217413403814,9.180809139907383,1.900334371958422,1.9388121956797106,2
1768376446496911113,8.640212985860929,9.183107194098897,1.9018848406147408,1.9388995450428999,2
1768376446572400358,7.724661150330325,9.291034382342907,1.8998278164605884,1.9377454543312862,2
1768376446622262601,10.19632867120257,9.26423452738674,1.9023289738764042,1.9373658634454702,2
1768376446696829253,7.763390588519048,9.325329432128195,1.9000598736481777,1.937298994895901,2
1768376446771937015,10.449455534544239,9.246490386458238,1.9028625172926756,1.9369470554998192,2
1768376446896858198,5.681180639194094,9.267207207396357,1.8984699139406243,1.9381364323415962,2
1768376446971883870,8.383750459305839,8.978264525228756,1.9027534398585189,1.938259097857332,2
1768376447097363879,9.060892060316794,9.04120692998062,1.902738301126486,1.9373619488938048,2
1768376447221926087,8.252892272738954,9.260828325048616,1.901342710457985,1.9382348501172222,2
1768376447296940863,9.254801692265335,9.098186247677656,1.9028126449636202,1.9377863314104473,2
1768376447421947121,7.585662840284613,9.321709011626032,1.899790049516448,1.9375883136180916,2
1768376447496849412,7.822094801621882,8.983006727854908,1.9024253664107829,1.9378605839333813,2
1768376447696928697,7.494793562015323,8.847319459256271,1.9031709522693525,1.939244091887114,2
1768376447772266682,8.674971941464271,8.968682632021572,1.9030549057170658,1.9379753882817774,2
1768376447972478154,7.16419342488428,8.918604674177455,1.901422547002043,1.9380972884850656,2
1768376448172016816,9.855659746380807,9.043454724323349,1.9042753440783309,1.9375423760203838,2
1768376448372414636,4.652571891409885,8.955901247757284,1.8996737486028772,1.9395302325546682,2
1768376448497557488,5.997852541970605,8.94276580492502,1.9008137803086842,1.9382337686493705,2
1768376448621733939,6.816502806124669,8.927733649908118,1.9016430649769052,1.9387914386154022,2
1768376448772213884,7.857464940638659,8.99212421590817,1.902464811156721,1.9380181376586099,2
1768376448972072029,9.351085536785986,8.95248064821762,1.9038699144546287,1.9372733950119656,2
1768376449021740357,8.157939405472714,9.046344098474057,1.901851599732405,1.9373275891320294,2
1768376449096930170,7.387109882069032,8.979274770977776,1.9022593033524884,1.9389635381292238,2
1768376449222126605,6.260484457836668,9.00497473699731,1.9010257140602462,1.9384123748977031,2
1768376449296836721,6.723864732416818,8.94306417434368,1.9015114402365128,1.9387587184196309,2
1768376449421873688,9.022968651324348,9.115782423515208,1.9027383985803812,1.9378405281376827,2
1768376449497018156,6.697572847748523,9.087526566240816,1.90049191974607,1.9375382969776793,2
1768376449697226294,7.504630754662456,9.083072898819918,1.9012139209752223,1.9374432237040056,2
1768376449772044689,7.762557256998814,8.80832359344167,1.9036943416771284,1.9402168189895928,2
1768376449822331650,7.114827244246502,8.828343975029963,1.9028370964610672,1.938934047066516,2
1768376449972240704,4.238885170530615,9.101330443204345,1.8979829663512846,1.9381041833967816,2
1768376450022199232,7.551778658396069,9.044615534742604,1.9016926259150273,1.938887629785126,2
1768376450171942942,8.463438513045762,8.846470358206327,1.9039768377035664,1.938001068581566,2
1768376450221799666,3.8688282222909542,8.982835523144054,1.898871197062808,1.9398009787481676,2
1768376450296988792,6.850894259751827,9.13634798671322,1.9006593130732623,1.9386140028209504,2
1768376450372114489,10.022526598096215,9.338030286718762,1.901865440111493,1.936614242649797,2
1768376450497205281,8.862087442488509,9.048035762644282,1.903173310363431,1.9369580781624918,2
1768376450571857582,7.890555282020095,9.012623250709852,1.9017841882333109,1.9374615792776977,2
1768376450822172623,4.25906931787523,9.023899217320553,1.898562588027345,1.9387222078421376,2
1768376450971867295,7.507799488764677,9.0595359833366,1.9013187450003608,1.9375908168698668,2
1768376451021832314,9.48300996008511,9.330488531378615,1.9010442360052477,1.935920513940939,2
1768376451097344931,6.020960341456938,9.14277593849202,1.8996414165747615,1.9380512356469943,2
1768376451171832220,5.507075664554106,8.550179419750213,1.903574242718926,1.9403959170846095,2
1768376451222406299,6.128900566096718,8.691677319042789,1.902536715590662,1.9396434230212891,2
1768376451422072180,6.141375803335514,8.904188588922144,1.901314587778858,1.9383859258441416,2
1768376451497001877,7.201352363589653,9.000436657474848,1.9018413164474788,1.9388711299162529,2
1768376451571922215,6.347887322451395,8.760127657503128,1.9033062772429588,1.9399258248680185,2
1768376451772371614,8.570392327084564,9.462027751595024,1.8997419523912644,1.935516927215823,2
1768376451821815418,6.515458443775879,8.99326212100938,1.9010236112572225,1.9387846324262301,2
1768376451972228261,6.612928476556812,9.009285231801938,1.9010963700118109,1.9383746910377333,2
1768376452022070187,8.370588868122919,9.041285376570636,1.9023559032510762,1.9373046067841673,2
1768376452097170925,7.986765020995712,8.987150692604217,1.9024310879291366,1.9376104751150627,2
1768376452172056854,10.802699948152306,9.228987715163639,1.9033604304802876,1.935549441416315,2
1768376452297446543,8.495448748443657,9.02403778025326,1.9028401500918473,1.9375584969174402,2
1768376452372461081,4.777705532518439,9.10909161486651,1.8984159241722323,1.9383372796575202,2
1768376452421702699,6.691629800311238,8.997134003038584,1.900756048646884,1.9380396317491804,2
1768376452497122915,4.958196051279673,8.921816829563697,1.9002673089125586,1.9394531900853178,2
1768376452572337144,7.0361067776159025,9.049660711616074,1.9011228236547695,1.9376819861810457,2
1768376452697099741,4.0060970496687,8.983097674322721,1.8988569062468081,1.9395124629577136,2
1768376452771729906,7.696658047327221,8.857734194251446,1.9027174127403772,1.9380869854685117,2
1768376452897102820,6.765444320840475,8.75994661056149,1.9027369291372145,1.9392995763295393,2
1768376453021848984,6.7506414947506865,8.9199625070974,1.9018919649384471,1.9387691795534592,2
1768376453297023906,7.529999084133099,8.980689334766895,1.9021854514942653,1.9390867036772994,2
1768376453371968854,6.32816852750806,8.981540524451198,1.900512384326883,1.9382811540899867,2
1768376453422013639,7.531655475583765,9.137852692563852,1.9014588338920548,1.9380269423543282,2
1768376453497173230,6.761455770717628,8.88864190878387,1.9023097667343838,1.939014306478978,2
1768376453572089167,7.144625361590773,9.02232742858316,1.901205976079479,1.9384987941142384,2
1768376453622080534,8.135524816742956,8.987640382782974,1.9027950677250107,1.9382376207376053,2
1768376453697090532,6.653483519602599,8.95685487632007,1.9011202878969138,1.9383607288647027,2
1768376453772104703,9.335577569008935,8.832150952243154,1.904474923677134,1.9385091232585399,2
1768376453822043072,6.442237607125145,9.026220124748319,1.9003704881478904,1.9377614417204985,2
1768376453897050979,3.7349161734081537,8.931408580297296,1.8991789848823446,1.9396922776461922,2
1768376453972381665,6.721635232133538,9.130756335379168,1.8998500206572766,1.9378136376534214,2
1768376454021962744,9.869572989606112,9.127716403742165,1.9024344498161434,1.9357177780209034,2
1768376454097382863,5.941492138026083,9.085854623455022,1.8995831776685534,1.9377317795241764,2
1768376454172073952,7.437210921158455,9.07699285614451,1.901396265687072,1.938245250028449,2
1768376454222066367,6.9647260509939635,9.20683143524602,1.8997237064309076,1.937229244562195,2
1768376454297121201,6.600091663713004,8.802602667314192,1.9020536325249215,1.9387400426505856,2
1768376454422213068,6.667924107317091,9.197664588206154,1.899701696360099,1.9374635788969548,2
1768376454496920541,8.826007622026344,9.082485085268624,1.9017456452574888,1.9375974117694408,2
1768376454571970687,8.08596884062096,8.748307292617325,1.9041885219112507,1.9380696908601867,2
1768376454622099405,5.516618325171363,8.678501723992605,1.9024946647226302,1.9394012333254986,2
1768376454696860491,8.480403890607224,8.877893151143912,1.903527044819491,1.9386542449141866,2
1768376454772455945,7.731571230993328,8.803491644288938,1.9035241298543284,1.9385522914128104,2
1768376454821870722,6.395252167706866,9.148121620236454,1.899926028151636,1.938479299119842,2
1768376454897282987,9.627246395381928,9.018381652842438,1.903464016654723,1.9365809259671243,2
1768376454971955027,8.268311133996065,8.994113902681656,1.9028222004474564,1.938026079807251,2
1768376455022020146,6.934010310573502,9.202850045749903,1.8997963551894348,1.9374468482258074,2
1768376455172468042,9.033787840077467,9.118851594511291,1.9022987029250191,1.9369178188995908,2
1768376455222183324,6.411620969881238,9.293062345878653,1.898809417209797,1.9371120806709525,2
1768376455296827722,10.264302044775686,9.02494700921786,1.9036986825651705,1.9364900594171068,2
1768376455421878922,7.030926321331954,8.91833366896064,1.9022029838193504,1.9384629908042401,2
1768376455497068898,9.329290086020459,9.176613612839391,1.902281548547526,1.9361236984919337,2
1768376455572625410,8.201921485110786,8.90025054250302,1.9027898046461278,1.9378997979843242,2
1768376455697423126,7.568448806283268,9.15740601588623,1.9011521464141985,1.9372063506714385,2
1768376455821815857,6.770729026523092,9.215174808784186,1.8990791859738916,1.9378094643430608,2
1768376456022245043,9.263367331681982,9.171340413681648,1.9025426493064406,1.9372496577758331,2
1768376456097112892,8.991356867540379,8.99361802635194,1.9029544362841078,1.9374286490085957,2
1768376456171983139,6.183361333452764,9.310553294247264,1.8986739055532575,1.9368801407919416,2
1768376456221788208,7.777441400567131,9.155294852843188,1.9017232529881243,1.9380762129694042,2
1768376456296858296,4.552149723857646,8.902601950547247,1.9006008714489426,1.940020101361561,2
1768376456421958448,7.480914007608419,9.060252621602523,1.9007671505861863,1.936669047283556,2
1768376456572415047,8.955113236253531,9.18782223871279,1.9019439754077094,1.9371596675433114,2
1768376456621908361,4.649073237031898,9.039805436689951,1.8994568641206924,1.9388570553656204,2
1768376456697109554,6.120480888509805,8.997214116493321,1.9008722360115142,1.9376629594360173,2
1768376456822176264,8.321241227711162,9.040429398201066,1.902754618760525,1.9383810183915169,2
1768376456896989663,7.3039082378196785,9.10299515549828,1.9006429473701683,1.9380592989512182,2
1768376456972045860,4.938613345125908,9.166589186349377,1.8987481783142997,1.9384622871232755,2
1768376457172423239,5.188254328085007,9.1076485401469,1.8997535876805818,1.9376866892391207,2
1768376457297090848,7.388899635888846,9.085718545062509,1.901353763885315,1.9374999930720602,2
1768376457422001040,8.29410069546399,9.288608272802712,1.900292602966504,1.9363442825030486,2
1768376457496918058,6.822701704287892,9.06754723713458,1.9003220884422143,1.9378570032887097,2
1768376457571941537,5.671185165378345,8.940818800143226,1.9010066767458955,1.9382680877252285,2
1768376457622406539,8.238548604440288,9.22624214965513,1.9018374883732057,1.9367607819217465,2
1768376457772084319,5.798020665759074,9.005419796441068,1.9000118856186023,1.9384953614915474,2
1768376457821882680,9.351505288650808,9.024761482084683,1.9036387075643388,1.937862447634483,2
1768376457897233240,9.891527025756686,9.07960321250049,1.9035407719342146,1.9367238100437245,2
1768376457972308623,8.693031414360508,9.076367749062587,1.9024824199890986,1.9366829012967561,2
1768376458022342866,8.693031414360508,9.076367749062587,1.9024824199890986,1.9366829012967561,2
1768376458172378138,6.000106465698707,9.023080017789797,1.9003808326400569,1.9386914991469664,2
1768376458222253544,7.8675265607321965,8.894551630499867,1.9030101219825992,1.9383348910832412,2
1768376458297210903,5.7459198500993125,8.946359657003871,1.9008572130963426,1.9391699495527397,2
1768376458372093916,8.053761356185962,9.268115465150178,1.900299019564515,1.9366947415531635,2
1768376458422534800,5.414615822791902,8.781939117856059,1.9010943577551302,1.9384262496873472,2
1768376458497200159,4.543527729698571,8.950817711266444,1.9001377364716678,1.9392609460302739,2
1768376458621972809,8.483664122483026,8.858595377148964,1.9035301811628826,1.937374746227765,2
1768376458697080644,9.634756675772405,9.18923386299837,1.9026938476046087,1.9363491120826217,2
1768376458821852407,6.3838107770144426,9.018818102088542,1.9007256870553384,1.9387912540882004,2
1768376458897345254,6.192039039902397,9.108492445710494,1.8999735122304195,1.9387995330031855,2
1768376459296993644,5.6692841965320095,9.14439812086591,1.8989318603157979,1.9380681926022643,2
1768376459371949017,7.146517699785582,9.14442712006141,1.9005258933662599,1.9372562344414817,2
1768376459422135043,7.175215634867227,8.871122421984852,1.901921839391443,1.938413900231398,2
1768376459496898115,8.135441794994147,9.214609884486544,1.9007688344856213,1.9366487261637648,2
1768376459572365452,7.429499247590288,8.813828509189335,1.90230740378677,1.9379749712296965,2
1768376459622114154,7.086304137246424,8.614733585150358,1.9037627670324,1.9387666872838876,2
1768376459822064827,7.347811966605278,8.755221898488665,1.9036315505162316,1.9398858275281021,2
1768376460022149522,5.96302438711005,9.16257246237851,1.8995530495157122,1.9379161500342628,2
1768376460171917845,6.976483076186035,8.866936085285511,1.9022683114407923,1.9378774449675416,2
1768376460222332620,9.082219791469948,9.033811240225713,1.9033677947477656,1.937579033360595,2
1768376460422125664,4.026495482909898,8.631987262992354,1.9010339099296214,1.940373304318486,2
1768376460571954037,5.1388889694210516,9.086670516384824,1.8989093325220245,1.9382027483659503,2
1768376460622094861,8.473609007416005,9.164588948548696,1.9014897653852092,1.9368755721560054,2
1768376460697195331,8.985037820441466,9.042401840642702,1.9031746306217625,1.937064537019753,2
1768376460772136385,6.007895925093543,8.902330956884242,1.9013459541123519,1.9394394119319893,2
1768376460971797013,6.655031879255313,8.917455528579568,1.9012418091444088,1.9387646377983347,2
1768376461022001630,7.116762584914449,9.083579475510847,1.9006383420987287,1.9380322312895781,2
1768376461172294242,7.157629136774535,8.939826561572561,1.901972943586391,1.9387261453051834,2
1768376461371938210,8.176140341183746,9.269315838248607,1.9004316336334794,1.9368736921367902,2
1768376461622378090,7.903133154513853,9.145731159729772,1.901574413136284,1.9376378533881087,2
1768376461697069776,6.153337533136183,9.260460333921657,1.898614387444248,1.9369691802692584,2
1768376461772264566,9.159485495991326,9.197134490420373,1.901474737020132,1.9359749105281352,2
1768376461822135886,10.463553769858969,9.081796489111982,1.904118151382138,1.9365386776058549,2
1768376461896776091,6.776767815677376,8.987612337827262,1.901036564409498,1.9379571491979342,2
1768376461972561304,7.563427818583213,9.112541133703555,1.9010279706029254,1.9378065294317517,2
1768376462097322548,8.532025416690292,9.050089947300236,1.902869746241643,1.9377918805349137,2
1768376462171991429,7.88064557643553,9.010803724794767,1.9024810858461163,1.9381548194591562,2
1768376462297326476,6.308882843672148,9.040331929051789,1.9004021880787638,1.9378884732423836,2
1768376462372429570,7.905645130040995,9.077508896955733,1.9013748721060029,1.9376888708039888,2
1768376462422548872,7.905645130040995,9.077508896955733,1.9013748721060029,1.9376888708039888,2
1768376462497065864,5.505199761643986,8.885022719558048,1.9011857639073366,1.9391063939928848,2
1768376462622204274,5.057038671980596,8.907063337205663,1.8995725105646577,1.938263126174775,2
1768376462697268018,8.783652636479067,8.825938376730932,1.9042883749841195,1.9386039502813064,2
1768376462772157314,9.915855715834088,9.325612742389433,1.9013397994411083,1.9364736450067168,2
1768376462823088572,5.654736265443994,8.93874522444546,1.9005045625588857,1.9388690064217404,2
1768376462897293627,8.752301176301769,9.031888618078218,1.9028146725740878,1.9372673001300176,2
1768376462972361465,8.402721423842685,9.152869843916188,1.9017425000724326,1.937342805683232,2
1768376463022006117,9.111752971811438,9.047164661560847,1.9030254627052041,1.9378335041647448,2
1768376463097072237,9.354769038722788,8.96394828598418,1.9036696312144534,1.9378536493595193,2
1768376463297105185,7.375231137091154,9.014869179659144,1.9012706832255017,1.9381987233859883,2
1768376463372244072,6.967509665118277,9.215505740268183,1.8998437549558302,1.9371770647904067,2
1768376463422036951,7.6343597895005555,9.006413905401184,1.9014036997064652,1.9374175315017799,2
1768376463497041966,5.0421141760332855,9.194324609930039,1.8984895326519744,1.9382210369827648,2
1768376463572420063,6.153369585365276,9.07478130830147,1.899051910048571,1.9371808470194138,2
1768376463621857532,8.281104838210318,8.809890043808533,1.903384110038307,1.937541523380123,2
1768376463697115992,8.33072070894847,8.974758258649114,1.902886568892875,1.9382226483433764,2
1768376463772089818,6.70974610671804,9.186364716121997,1.8999433695808163,1.9372900920363156,2
1768376463822125262,8.555849667545523,9.309078378780425,1.9008504437524019,1.9361042424081532,2
1768376463897472949,6.7515771663479995,9.024320957244838,1.9014475673680407,1.9379545870757164,2
1768376464097153740,5.584502817819859,8.9107281894458,1.9001659069338426,1.9384856335316483,2
1768376464171954540,6.319474161987415,8.864205038132546,1.9019963306017815,1.9391491535133234,2
1768376464296985607,6.305771647553415,9.191047051460826,1.8990922229338363,1.9373370519310587,2
1768376464422226096,7.378804888588997,9.026101613637719,1.9015113219208282,1.9378618103929712,2
1768376464496952877,6.418052962015031,8.986476587502564,1.9005902951598808,1.9381611213151546,2
1768376464622896732,5.581216151729018,8.859217571609713,1.9009202558864,1.9385693130057788,2
1768376464972361833,6.460208959745861,9.17038077024658,1.8999424543013272,1.9376028310895494,2
1768376465022378497,7.979273531798059,9.01816643891463,1.9026487847640992,1.9383380802208645,2
1768376465097128510,8.545599665721326,8.942847627022275,1.903221959538716,1.93755837264011,2
1768376465222083715,6.851743631118623,9.214407627020512,1.8991406618766693,1.936395051859393,2
1768376465498546484,6.9554553454984624,8.890413380993463,1.9014539513052722,1.937739729599801,2
1768376465572151982,8.500576787388026,9.03076074566368,1.9028872737745397,1.937711165118888,2
1768376465622124685,9.453935614775588,9.017321976813994,1.9032980743645307,1.937161080701511,2
1768376465771886757,8.453472834625941,8.985634403725973,1.90305718182493,1.938214479075155,2
1768376465822581837,8.451123610512257,9.132735142664902,1.9017322888299115,1.9376795166026488,2
1768376465897008217,6.671234362572331,9.053230900468893,1.9006910134403536,1.9387298396342196,2
1768376466296936537,8.847252679571316,9.544295397877772,1.8991537422513156,1.9359032639819307,2
1768376466372410761,8.074391167552708,9.05600959980688,1.901448161454297,1.9363907190046927,2
1768376466422905520,7.399385615591392,9.051524678065324,1.9011157504379625,1.9381976446665854,2
1768376466696992709,7.158166901238383,8.794202426036042,1.9023050207684504,1.9385770020500843,2
1768376466822195937,7.701010468835978,9.090941578397917,1.9013214607480102,1.9369233074419077,2
1768376466897629120,6.9646130160425646,9.33712393899001,1.8993045148539769,1.9370850539726772,2
1768376466972039507,10.516596610201878,9.016969037221008,1.9045801254272243,1.937099937349645,2
1768376467171912229,5.826019738817356,9.0875115119549,1.8999605481015927,1.9384131170614662,2
1768376467222341389,6.000506838994335,8.990719302195034,1.8999605481015927,1.9382486427423768,2
1768376467297460223,8.684458319387911,9.057183001610118,1.9022371194361838,1.9369570626253008,2
1768376467371959919,7.11875708769516,9.130409948081423,1.9003956524392323,1.937019128009784,2
1768376467422770589,4.631628734553361,8.981811784376026,1.8989295687622139,1.9378935979498602,2
1768376467496968492,8.261406584222364,8.85313098209169,1.902700356138117,1.9375814197708352,2
1768376467696933394,5.516208017358082,8.961783227770317,1.9005292025276619,1.93899516267377,2
1768376467772113790,6.819644219813625,9.067701897160571,1.9010324705049142,1.9386569074156728,2
1768376467822635123,7.763047191633232,9.177180689938574,1.9010324705049142,1.9377140707938645,2
1768376467897022877,8.37757922894622,8.908425110453878,1.9029032100471628,1.9377784232575423,2
1768376467972116080,5.992993401081836,8.976835523381423,1.9003772511838264,1.938334259562585,2
1768376468022417668,5.992993401081836,8.976835523381423,1.9003772511838264,1.938334259562585,2
1768376468497737838,8.145275830754084,9.066779616084734,1.9016074454289686,1.937144616346109,2
1768376468572037451,5.811508645454655,9.194457158205418,1.8985341300971226,1.9377119302875176,2
1768376468622685749,6.903947952574541,9.303139659518887,1.8985341300971226,1.9366086011272738,2
1768376468697093567,8.536005627484133,8.884774064819263,1.9037020286011885,1.9384602795974166,2
1768376468772062033,7.327573228476325,8.995389440946282,1.9011040715137333,1.937064128069536,2
1768376468822129516,4.0186269698760935,8.788448102680917,1.899949759246437,1.9396372533188626,2
1768376468897091203,6.351476490072727,8.949465034465495,1.9005319001183854,1.9375477998815536,2
1768376468972462996,7.8691754217044,8.739024999079392,1.903965440246324,1.9394467116038814,2
1768376469172425180,8.358421982219921,9.185228174403036,1.901280602015946,1.93644035490761,2
1768376469222508884,8.358421982219921,9.185228174403036,1.901280602015946,1.93644035490761,2
1768376469297035285,6.639186264109975,8.902476289275956,1.9015328745122126,1.9386638893186832,2
1768376469372229518,6.707741296805514,8.738573066550275,1.9027169997419495,1.9383307921492945,2
1768376469422562301,7.905228959856014,8.854095219640858,1.9027169997419495,1.9371316892982524,2
1768376469497379759,7.295944179116942,9.43415388053237,1.898595533451377,1.9359949545135946,2
1768376469572237654,6.186752599495859,8.903440088667166,1.9010521490202081,1.9379257886384604,2
1768376469622083328,6.838791701102576,8.976178848028665,1.9010521490202081,1.937269673383646,2
1768376469697277638,6.931063212407995,8.75239464934574,1.9026776593626016,1.9378004818311085,2
1768376469972312747,9.394536932012532,9.491442884559307,1.8995839606130929,1.9339541331486767,2
1768376470022217080,5.765813206404236,9.147151082269763,1.8995839606130929,1.937589526287457,2
1768376470172083810,6.965018152645497,9.053965205185007,1.9005578588901717,1.9377926310137132,2
1768376470222455757,8.839466363023352,9.171961787543076,1.9005578588901717,1.935915414815204,2
1768376470372025114,10.692678917672227,8.869881630546775,1.9045901295957857,1.9362768642182744,2
1768376470422556006,11.377121336110019,8.963250722687,1.9045901295957857,1.9355911989301793,2
1768376470496904629,7.591762044680372,8.845609625702474,1.9018807034506349,1.937030823998184,2
1768376470572102697,8.14049832664998,9.0019584579844,1.9011160120859454,1.9361849284081958,2
1768376470622567575,8.106923806705746,8.931533706177325,1.9011160120859454,1.9362256035694934,2
1768376470697070938,8.13874910304535,8.784571766969943,1.9015409005368895,1.9360930059833412,2
1768376470772494304,9.610057840019115,9.11715053541657,1.9014284036261933,1.9349692569902257,2
1768376470822460820,8.31033358554678,8.828477925926716,1.9014284036261933,1.936291213494995,2
1768376470897495756,8.082661361478616,9.219806538691465,1.8983028893696967,1.9338673970450921,2
1768376470972168493,5.571502569063469,8.89229766941266,1.8983028893696967,1.936388049985977,2
1768376471022391113,5.48976597641726,8.844469873655022,1.8983028893696967,1.9364780136262068,2
1768376471097653002,4.882653311355067,8.74877869217345,1.8983028893696967,1.9370913713279516,2
1768376471171965729,4.882653311355067,8.74877869217345,1.8983028893696967,1.9370913713279516,2
1768376471222533715,4.882653311355067,8.74877869217345,1.8983028893696967,1.9370913713279516,2
1768376471297128313,4.812529047866665,8.805875224828613,1.8983028893696967,1.9371558274794214,2
1768376471372072230,3.677365390439835,8.669994552389447,1.8983028893696967,1.9382951632701237,2
1768376471422166384,3.677365390439835,8.669994552389447,1.8983028893696967,1.9382951632701237,2
1768376471497230185,3.3999670015176786,8.705998158815735,1.8983028893696967,1.9385713458101395,2
1768376471572271078,2.5122372217827316,8.58351382556479,1.8983028893696967,1.9394621886944674,2
1768376471622759675,3.2742839509252164,8.721287189674465,1.8983028893696967,1.938695154826211,2
1768376471697076230,2.419152131066804,8.603481741472303,1.8983028893696967,1.9395556367192373,2
1768376471772178711,1.8409099575584786,8.546640817718542,1.8983028893696967,1.9401322107505068,2
1768376471822164973,1.4613992165157796,8.501122285540838,1.8983028893696967,1.9405158510429068,2
1768376471897012666,1.8589869856511232,8.5404049259056,1.8983028893696967,1.9401163991537786,2
1768376471954930069,1.8589869856511232,8.5404049259056,1.8983028893696967,1.9401163991537786,2
1768376472097418367,5.538221719018299,7.163663751732177,1.9007324122312876,1.9384425531870204,2
1768376472297315737,6.468293348550702,8.832510459918366,1.90303344483728,1.9398854476384921,2
1768376472497871570,6.422866437698849,9.142157110124769,1.9005299020557547,1.9387316870708446,2
1768376472572672669,5.978169960701329,9.271171771126879,1.8996724392275357,1.9400119459521898,2
1768376472622385782,5.978169960701329,9.271171771126879,1.8996724392275357,1.9400119459521898,2
1768376472697130074,7.995705867434033,9.340826623905444,1.9008383642330782,1.9397915863766255,2
1768376472772098416,7.7314873228084835,9.205551042812555,1.9023748553031574,1.9400561430221703,2
1768376472822526322,7.7314873228084835,9.205551042812555,1.9023748553031574,1.9400561430221703,2
1768376472896991819,3.939167539872779,8.911169052428866,1.9004763403299798,1.9414280567529874,2
1768376472972273588,7.210561465367471,8.883989157778112,1.9037956816094117,1.9407957532993847,2
1768376473022318226,7.210561465367471,8.883989157778112,1.9037956816094117,1.9407957532993847,2
1768376473097025272,4.512149147545719,9.174928269470461,1.8994150880196667,1.9407815674651985,2
1768376473172280670,6.473617620573302,9.394840550940614,1.8991600517908742,1.9382711406188666,2
1768376473222439957,6.473617620573302,9.394840550940614,1.8991600517908742,1.9382711406188666,2
1768376473297387357,7.5033754688442755,8.89440605776828,1.9020167294911146,1.9386559303051456,2
1768376473372395839,8.176159433381125,9.131547915801226,1.9017540774317945,1.9371100767435847,2
1768376473422175160,8.176159433381125,9.131547915801226,1.9017540774317945,1.9371100767435847,2
1768376473497373971,8.1680426337436,8.951579033961838,1.9025877236747544,1.9378532907281971,2
1768376473697252119,6.4526039052734685,9.133393132894904,1.9000128912624104,1.9378061167843996,2
1768376473772103634,8.657539695595018,9.15310225521733,1.9019125259254575,1.9370821852366367,2
1768376473822278201,8.657539695595018,9.15310225521733,1.9019125259254575,1.9370821852366367,2
1768376473897454844,11.302512238737128,9.195896225008264,1.9041032080033828,1.937095410112265,2
1768376473972316592,7.219465306728345,9.1560397993691,1.9002450955451673,1.937499525968645,2
1768376474022585601,7.219465306728345,9.1560397993691,1.9002450955451673,1.937499525968645,2
1768376474097702696,6.8537311013099345,8.935709714041325,1.9018353336104252,1.9387396245357578,2
1768376474155000105,6.8537311013099345,8.935709714041325,1.9018353336104252,1.9387396245357578,2
1768376474222632698,7.690599012976973,8.89909349407202,1.9030118151221136,1.9383410401201449,2
1768376474297253447,9.547155008070574,8.911672211717127,1.9044287497302999,1.9372470984332948,2
1768376474696942977,5.980941008654206,8.97932901157177,1.9003624838942323,1.937292338041582,2
1768376474772270440,6.414723238287623,9.01335822286635,1.9006986946720694,1.9381687208455312,2
1768376474822710918,6.414723238287623,9.01335822286635,1.9006986946720694,1.9381687208455312,2
1768376474897683133,6.610820813837792,9.08633549906027,1.899970002126872,1.937145272114284,2
1768376474972534590,6.987116557582107,8.841683584765896,1.9020945325949188,1.9379190241946507,2
1768376475022969939,6.987116557582107,8.841683584765896,1.9020945325949188,1.9379190241946507,2
1768376475222991405,7.847226187381651,9.161624844605933,1.9010687764704206,1.9365251051695906,2
1768376475497161973,6.466093213729263,8.953138736774084,1.9009225081573586,1.9383943833650337,2
1768376475572150501,5.540491162645322,9.24057628952947,1.8978827878338638,1.9361893457561623,2
1768376475622410620,5.540491162645322,9.24057628952947,1.8978827878338638,1.9361893457561623,2
1768376475697280774,7.554297622282435,9.056513436987375,1.9014516844266964,1.937132435360589,2
1768376475772262144,9.091686806747434,9.147678352500863,1.901915679938965,1.9360169571353782,2
1768376475822636852,9.091686806747434,9.147678352500863,1.901915679938965,1.9360169571353782,2
1768376476222334700,6.145103614824343,9.157639604936987,1.8994325386300013,1.9374722055305058,2
1768376476297312197,7.686489125714235,9.08348543857619,1.9013942751653952,1.9371814568165264,2
1768376476372417928,8.594613620859448,9.06037381799552,1.9020277596121185,1.9364762170670815,2
1768376476422404071,8.594613620859448,9.06037381799552,1.9020277596121185,1.9364762170670815,2
1768376476497133868,10.048182473100686,9.28897720817392,1.9022531365321653,1.9362276991316034,2
1768376476554702273,10.048182473100686,9.28897720817392,1.9022531365321653,1.9362276991316034,2
1768376476623124082,6.560122103554944,8.772319311037412,1.902373452362712,1.9387450406824986,2
1768376476771994376,9.192954739732473,9.203453456600716,1.9018405011615487,1.9366880891131386,2
1768376476822371551,9.192954739732473,9.203453456600716,1.9018405011615487,1.9366880891131386,2
1768376476897077692,8.569420920339299,9.198032783418173,1.901194665516334,1.9356078172339515,2
1768376477097629738,8.822872720815944,8.896888769082059,1.9033340280382904,1.9369944844383702,2
1768376477172585693,4.138240840045881,9.001740393692215,1.8987823726042263,1.9384890826931813,2
1768376477222319390,4.138240840045881,9.001740393692215,1.8987823726042263,1.9384890826931813,2
1768376477297249617,6.637537454135645,8.966197660100638,1.9011470985064167,1.9382045983408,2
1768376477372010194,4.761466896799682,8.923624682373546,1.8997043251313313,1.9382679106163576,2
1768376477422715451,4.761466896799682,8.923624682373546,1.8997043251313313,1.9382679106163576,2
1768376477697463682,7.523661310584906,9.000679774077787,1.9015526370627667,1.9374340876950518,2
1768376477755027724,7.523661310584906,9.000679774077787,1.9015526370627667,1.9374340876950518,2
1768376477822956419,6.043752757487697,9.093508105326888,1.8994328403153955,1.9378367258224019,2
1768376477897194890,6.822148560732266,8.884050072772014,1.9019341329058286,1.9373980525856096,2
1768376477955562043,6.822148560732266,8.884050072772014,1.9019341329058286,1.9373980525856096,2
1768376478497507450,8.959589986329508,9.201726156339607,1.9019211855872638,1.9362488271776306,2
1768376478555369178,8.959589986329508,9.201726156339607,1.9019211855872638,1.9362488271776306,2
1768376478622727890,8.390700314740318,9.20669842321936,1.900839193450792,1.936753344358036,2
1768376478696961048,7.906086196649564,9.074711801985698,1.9010303637735881,1.9365735750992392,2
1768376478754968297,7.906086196649564,9.074711801985698,1.9010303637735881,1.9365735750992392,2
1768376478822336144,6.821483764512193,8.822619575577038,1.901911566424603,1.9381842875155506,2
1768376478896959190,9.052255392338004,8.80170737044366,1.9044976225894656,1.9381657752128347,2
1768376478972185045,6.119971613136377,8.897975825898287,1.9011748062452947,1.9386874515917358,2
1768376479022573092,6.119971613136377,8.897975825898287,1.9011748062452947,1.9386874515917358,2
1768376479097012573,7.019932938283402,8.914055645390857,1.9013081610045506,1.9372544637608033,2
1768376479155278882,7.019932938283402,8.914055645390857,1.9013081610045506,1.9372544637608033,2
1768376479372045925,8.501495345631271,9.105731591341522,1.9017617209577558,1.9367440536552554,2
1768376479422579708,8.501495345631271,9.105731591341522,1.9017617209577558,1.9367440536552554,2
1768376479497423238,8.434565889062329,9.072381518714204,1.9021219891896215,1.9373537123192484,2
1768376479554729457,8.434565889062329,9.072381518714204,1.9021219891896215,1.9373537123192484,2
1768376479622670425,8.221076501808922,8.864193564877281,1.9032985149350319,1.9382076842061093,2
1768376479697288680,6.598787126560479,8.963575125944738,1.9013696555598367,1.9382349819022402,2
1768376479772159560,7.945601444756534,8.994479273909938,1.9009793170384883,1.93628901480252,2
1768376479822224749,7.945601444756534,8.994479273909938,1.9009793170384883,1.93628901480252,2
1768376479897297477,7.78073030939197,8.719899811235601,1.9038939540218898,1.9387454974024685,2
1768376479955015198,7.78073030939197,8.719899811235601,1.9038939540218898,1.9387454974024685,2
1768376480022961782,8.130456896120686,9.16475552852668,1.9011880289453853,1.9372195434955042,2
1768376480097021394,8.247834117814712,9.026730089866335,1.9016404696220646,1.9363720851978812,2
1768376480297239692,7.708036849344735,8.994145931920702,1.9022448935589533,1.9380050270458768,2
1768376480355217964,7.498904865768985,8.855758316917123,1.902927727897626,1.9380050270458768,2
1768376480422579828,7.218388219455418,8.99538447447763,1.901564224164229,1.9368229912920172,2
1768376480573279879,7.511629605802428,8.800996265664747,1.903171442802244,1.9378065920727499,2
1768376480622216459,7.511629605802428,8.800996265664747,1.903171442802244,1.9378065920727499,2
1768376480697222751,8.26563849838391,8.888120690923024,1.902514956876919,1.937192494013835,2
1768376480897501085,9.591518109156594,8.734118063881816,1.9054409873840166,1.9369953961543571,2
1768376480954621876,9.591518109156594,8.734118063881816,1.9054409873840166,1.9369953961543571,2
1768376481097887778,9.22374706802942,8.982261788693203,1.9035824632719662,1.9365249752031821,2
1768376481155686268,9.22374706802942,8.982261788693203,1.9035824632719662,1.9365249752031821,2
1768376481223362274,9.681297175933912,8.94913407536165,1.9044154048726902,1.936848347511214,2
1768376481297460921,7.007740523986339,8.836191036775979,1.9017060151744902,1.9380510534494773,2
1768376481497951296,8.641487626469768,9.028080302828368,1.9024044801825086,1.9367369698293604,2
1768376481572153585,6.6323028161510145,9.010513601521948,1.9012931501115573,1.9380007964634072,2
1768376481622639984,6.6323028161510145,9.010513601521948,1.9012931501115573,1.9380007964634072,2
1768376481697100661,4.294710125141821,8.71258388345115,1.9000609740393186,1.938948257833241,2
1768376481772134921,5.4657329868819104,9.001382471052796,1.8998198824172927,1.9382151592153427,2
1768376481825016596,5.4657329868819104,9.001382471052796,1.8998198824172927,1.9382151592153427,2
1768376481897113701,7.25543386126537,9.053076570911482,1.9011708906968656,1.9377003845397576,2
1768376481972107986,6.545358145709779,8.849146589560906,1.9023160709887368,1.9392772858206582,2
1768376482023495193,6.545358145709779,8.849146589560906,1.9023160709887368,1.9392772858206582,2
1768376482172323027,6.3945398717104585,8.792695644114303,1.9017788584450197,1.9387778182995838,2
1768376482222965795,6.3945398717104585,8.792695644114303,1.9017788584450197,1.9387778182995838,2
1768376482298078322,8.136244584353358,8.905552797852708,1.9032209151790476,1.9389824638382216,2
1768376482372365621,5.189986857957241,8.789927930419177,1.901395819149204,1.9394103913613374,2
1768376482425673593,5.189986857957241,8.789927930419177,1.901395819149204,1.9394103913613374,2
1768376482497711475,9.88394697111672,9.015802619528289,1.9039756004750916,1.9372848365922457,2
1768376482697158667,7.01806295936902,9.04725471468542,1.9013191653473602,1.938377518456636,2
1768376482772249182,8.525278410248527,9.247935646341084,1.9007169209484536,1.935219545587092,2
1768376482823144904,8.525278410248527,9.247935646341084,1.9007169209484536,1.935219545587092,2
1768376482897321334,7.531398243411758,9.034161939263333,1.9011353197597907,1.9371695576682482,2
1768376482972678625,5.330303396041014,8.966861825255732,1.8995992344902861,1.9382754999616627,2
1768376483024920651,5.330303396041014,8.966861825255732,1.8995992344902861,1.9382754999616627,2
1768376483097241421,8.509291727745394,9.001242027322181,1.9023459237655533,1.936609392620581,2
1768376483172204361,8.108824528753056,9.0169968094539,1.9023489724424467,1.937309496663207,2
1768376483224274741,8.108824528753056,9.0169968094539,1.9023489724424467,1.937309496663207,2
1768376483372334864,9.468360111360541,9.340666074127189,1.9020479752428834,1.93631588343591,2
1768376483424630718,9.468360111360541,9.340666074127189,1.9020479752428834,1.93631588343591,2
1768376483497329782,10.550087836728395,9.292323188519438,1.9025559335031557,1.9355546619360702,2
1768376483572529925,5.136592019926445,8.939201196164227,1.8996817826362904,1.9386894606580038,2
1768376483624128439,5.136592019926445,8.939201196164227,1.8996817826362904,1.9386894606580038,2
1768376483897584970,6.166527818954215,8.742362464782806,1.902235184528329,1.9391750637558356,2
1768376483972518887,6.09845649471441,8.900637952017549,1.9012963523814195,1.9385730738776403,2
1768376484023555633,6.09845649471441,8.900637952017549,1.9012963523814195,1.9385730738776403,2
1768376484097466616,7.349765378360962,9.079872790155408,1.900927119134948,1.9371898737874496,2
1768376484172133207,5.851458779926544,8.886621224957217,1.9008325009095741,1.9381387120062825,2
1768376484223632333,5.851458779926544,8.886621224957217,1.9008325009095741,1.9381387120062825,2
1768376484297326491,6.870386167144638,9.122928905954463,1.9002114550196667,1.9377850823704441,2
1768376484372609065,9.819663926582622,9.099255115038048,1.902987456413605,1.9363935611354308,2
1768376484424573177,9.819663926582622,9.099255115038048,1.902987456413605,1.9363935611354308,2
1768376484497684798,4.606801186318954,8.604931349327765,1.9021872794409898,1.9396077662000273,2
1768376484772240353,5.875328332606289,8.870443640026792,1.9010683886910518,1.9390486875675916,2
1768376484824700757,5.875328332606289,8.870443640026792,1.9010683886910518,1.9390486875675916,2
1768376484897514252,7.312973872421358,9.209435481325125,1.8998879770447459,1.937266590183387,2
1768376485097986761,9.419044758361306,8.816159548038359,1.904859543129367,1.9366794150829747,2
1768376485297985836,6.637983835187322,9.113870252049468,1.8993191233862177,1.9363035033761034,2
1768376485372802887,9.40440713541335,9.013481420013893,1.903187277984896,1.93642551331691,2
1768376485424625361,9.40440713541335,9.013481420013893,1.903187277984896,1.93642551331691,2
1768376485497526545,4.913125047897315,8.911847181390675,1.8993999136503783,1.9382214076471584,2
1768376485572461000,9.258736027179415,8.982310482459546,1.903411860382593,1.9365662612866208,2
1768376485625997050,9.258736027179415,8.982310482459546,1.903411860382593,1.9365662612866208,2
1768376485697223339,6.60695823422075,8.859447505117666,1.9023928064072153,1.9383992046544178,2
1768376485772237829,7.590802087257487,9.006080319902916,1.9019483344608994,1.9375048347923953,2
1768376485825090093,7.590802087257487,9.006080319902916,1.9019483344608994,1.9375048347923953,2
1768376486097700396,7.977928691763392,9.109159621263636,1.9018926807717937,1.9373329108012796,2
1768376486172543814,9.935370535350652,9.15860916544373,1.9028960509834183,1.9369195283319776,2
1768376486224785393,9.935370535350652,9.15860916544373,1.9028960509834183,1.9369195283319776,2
1768376486372222544,7.080118886751974,8.970617833762477,1.9019423875704689,1.9380003991216832,2
1768376486424908154,7.080118886751974,8.970617833762477,1.9019423875704689,1.9380003991216832,2
1768376486497415335,7.92390531244358,9.023271113484599,1.9017549122408302,1.9362487200330227,2
1768376486572600674,11.080395769061724,9.085237270451934,1.9041886391625547,1.9361501323701795,2
1768376486624572062,11.080395769061724,9.085237270451934,1.9041886391625547,1.9361501323701795,2
1768376486697385746,6.638303461417472,8.982882569507346,1.9015131994088974,1.9379241683828097,2
1768376486772212993,8.70944187824474,8.792792865089393,1.904744249933881,1.9385915270195921,2
1768376486826253679,8.70944187824474,8.792792865089393,1.904744249933881,1.9385915270195921,2
1768376486898079973,5.7392485763430034,8.783098863795303,1.9015932762611527,1.938524077779656,2
1768376486972514154,5.884064283766088,9.13744425505847,1.8985617609750611,1.9367424909284863,2
1768376487024126918,5.884064283766088,9.13744425505847,1.8985617609750611,1.9367424909284863,2
1768376487098802671,5.157272170372762,8.875205336604195,1.900635068597103,1.9388525068289337,2
1768376487172105529,8.815826756391587,9.10694337656524,1.9023488202669903,1.9368730697847851,2
1768376487226283748,8.815826756391587,9.10694337656524,1.9023488202669903,1.9368730697847851,2
1768376487298533847,8.575819585827649,9.165592263381457,1.9014834487750727,1.9368174585932558,2
1768376487373563203,7.02212300786087,8.82184713374727,1.902647201697857,1.9394365829822904,2
1768376487425874139,7.02212300786087,8.82184713374727,1.902647201697857,1.9394365829822904,2
1768376487572887344,5.799558685928963,8.803857596229472,1.901563422297397,1.9397439653601853,2
1768376487628086585,5.799558685928963,8.803857596229472,1.901563422297397,1.9397439653601853,2
1768376487697753167,7.023032371660909,9.07765485080042,1.9002643440436973,1.9374244550410584,2
1768376487772271278,7.8987551789722055,9.130659233421488,1.901010256619942,1.9371728461932725,2
1768376487827758042,7.8987551789722055,9.130659233421488,1.901010256619942,1.9371728461932725,2
1768376487972374270,7.546951936457491,8.664755509266962,1.903890433201531,1.9388291378708007,2
1768376488025197331,7.546951936457491,8.664755509266962,1.903890433201531,1.9388291378708007,2
1768376488097343157,7.237596906752852,8.794437226188515,1.9024850786026726,1.9379577828746777,2
1768376488172235707,4.535367886983943,8.613254988958971,1.9014753210541102,1.9397806626859597,2
1768376488225051789,4.535367886983943,8.613254988958971,1.9014753210541102,1.9397806626859597,2
1768376488297323971,7.558486892550675,8.858282124229095,1.9028147520043837,1.9379195990754987,2
1768376488372527512,6.736933754318608,8.903820670846024,1.9019000548435974,1.9382185339817473,2
1768376488426899113,6.736933754318608,8.903820670846024,1.9019000548435974,1.9382185339817473,2
1768376488497475338,5.619585788071646,9.04103959124059,1.8996260279494905,1.93791170754514,2
1768376488572560107,6.696004554821222,8.802278199676305,1.901591045445969,1.9378274817023748,2
1768376488626797072,6.696004554821222,8.802278199676305,1.901591045445969,1.9378274817023748,2
1768376488698215677,9.304992106128118,8.90918647102301,1.9033374717174103,1.9363520905227336,2
1768376488897634934,6.245958318598754,8.906706907969376,1.9006515977275924,1.9371183802432965,2
1768376489097957459,7.058137493429539,8.507948803684824,1.9050676707966527,1.9406266248102042,2
1768376489297713006,6.491818210644151,9.0832093736241,1.900292337282941,1.9378528328075424,2
1768376489497658716,7.812042832835653,9.04347196094438,1.9011463168636684,1.9368923816277057,2
1768376489572236156,6.989673303484434,9.006909806313542,1.9008309282545683,1.9375351952586848,2
1768376489627966656,6.989673303484434,9.006909806313542,1.9008309282545683,1.9375351952586848,2
1768376489697858546,9.369327081756529,9.148692887322518,1.902627712758585,1.9368945800546546,2
1768376489772532483,5.593873531880567,9.001638273545167,1.899495197070265,1.9383350081308228,2
1768376489826667873,5.593873531880567,9.001638273545167,1.899495197070265,1.9383350081308228,2
1768376489972401534,5.842352852240662,9.128655248900543,1.8991058420092517,1.9379540753708997,2
1768376490026696597,5.842352852240662,9.128655248900543,1.8991058420092517,1.9379540753708997,2
1768376490098316382,9.004343989405417,8.906242886913226,1.9036636349222151,1.937360034368553,2
1768376490172397747,8.503231195061245,9.214599900910493,1.900828616814835,1.9361343005580856,2
1768376490227616798,8.503231195061245,9.214599900910493,1.900828616814835,1.9361343005580856,2
1768376490297836096,7.264270810769746,8.911255339991138,1.901791061170991,1.9380807408631948,2
1768376490372591592,6.786323087342616,8.86535889240224,1.9014833856197,1.937747464045943,2
1768376490428708331,6.786323087342616,8.86535889240224,1.9014833856197,1.937747464045943,2
1768376490572048915,8.035057903947207,9.008766438940446,1.9026794233194695,1.9378829541552516,2
1768376490629259487,8.035057903947207,9.008766438940446,1.9026794233194695,1.9378829541552516,2
1768376490697493234,5.419026239778635,9.03067192931121,1.8991568336173184,1.9370632515276227,2
1768376490897728925,10.368762126922837,8.808326671979211,1.9056582438185676,1.937148716532019,2
1768376491172103886,8.230118651204599,8.855664889143455,1.9029056301556018,1.9373635564345884,2
1768376491227647486,8.230118651204599,8.855664889143455,1.9029056301556018,1.9373635564345884,2
1768376491297584773,7.956012508535171,9.07683265691234,1.9011956067804656,1.936796421045988,2
1768376491372248014,8.690485036912943,8.840488364150783,1.903498310812231,1.9374668645291604,2
1768376491427542364,8.690485036912943,8.840488364150783,1.903498310812231,1.9374668645291604,2
1768376491572445795,9.133292980239238,8.948318551771749,1.9037101121078963,1.9375199090918211,2
1768376491628248180,9.133292980239238,8.948318551771749,1.9037101121078963,1.9375199090918211,2
1768376491697735248,8.036823908944557,8.915082701554706,1.9028860422868075,1.9370180199789164,2
1768376491772503628,6.358902631488972,8.982303983787606,1.9016172916692518,1.9392845645828052,2
1768376491828768326,6.358902631488972,8.982303983787606,1.9016172916692518,1.9392845645828052,2
1768376492097448540,4.721114419135031,8.838957440010443,1.8999986913136497,1.9392188387252094,2
1768376492297661673,8.951927257835779,8.67953624367463,1.9053843191580706,1.93851501765075,2
1768376492372497254,7.202528571561118,9.011876771551922,1.90117779035416,1.937700149681589,2
1768376492427340661,7.202528571561118,9.011876771551922,1.90117779035416,1.937700149681589,2
1768376492497729687,7.291055616376996,9.303184759363415,1.8990953408053426,1.9366398768858804,2
1768376492572324775,7.9275851957947285,9.083132748403564,1.9012553662330702,1.9371426781258128,2
1768376492629164746,7.9275851957947285,9.083132748403564,1.9012553662330702,1.9371426781258128,2
1768376492698142614,5.344339531783149,9.058563253057873,1.8991263356552033,1.9377853066381174,2
1768376492772331617,7.2017232189252045,8.976018430523332,1.9012973928955066,1.937435817643246,2
1768376492826819627,7.2017232189252045,8.976018430523332,1.9012973928955066,1.937435817643246,2
1768376492897442996,9.412287581822554,9.29616008772124,1.9006104762898832,1.9352057710831574,2
1768376492972181415,8.744114156494787,9.206196699940735,1.9012985547349968,1.9366449774686785,2
1768376493029522698,8.744114156494787,9.206196699940735,1.9012985547349968,1.9366449774686785,2
1768376493098028128,8.496291167704895,9.210434557685987,1.901738638573859,1.9372967361415918,2
1768376493297478108,7.34236789039544,8.909029241078589,1.9016587155244664,1.9372210724983212,2
1768376493372251791,8.507664917764224,9.036832511495597,1.90226117982662,1.9366259910644654,2
1768376493430907817,8.507664917764224,9.036832511495597,1.90226117982662,1.9366259910644654,2
1768376493497916832,7.8207868069810615,8.87748238179586,1.902910906831048,1.9378638964977382,2
1768376493697893467,5.705125767421881,8.832952976435502,1.901393777805188,1.9384146687433186,2
1768376493772079990,6.171311985241568,8.729990967464834,1.9025077283012275,1.9387915929647466,2
1768376493828869751,6.171311985241568,8.729990967464834,1.9025077283012275,1.9387915929647466,2
1768376493897824474,8.327862941802877,8.934126370489574,1.9028006264223387,1.9374333243281154,2
1768376493973135374,5.558921575611331,9.020301705631065,1.8990628677257866,1.9372465184562233,2
1768376494028353520,6.926495232542296,9.07976719801679,1.900116578362199,1.9370814803444265,2
1768376494297551292,8.432531774137386,8.529112510830055,1.9060864959272428,1.9389592925676324,2
1768376494372524957,7.066229708462268,9.012722630426323,1.9010996718170046,1.9377276578203455,2
1768376494428159685,7.066229708462268,9.012722630426323,1.9010996718170046,1.9377276578203455,2
1768376494497431255,7.143397245740868,9.19692512483572,1.8993830604888615,1.9359596860117905,2
1768376494772310156,7.043490785081596,8.752799299948233,1.9027214860423143,1.9378433386463672,2
1768376494829081949,7.043490785081596,8.752799299948233,1.9027214860423143,1.9378433386463672,2
1768376494897732853,6.566513403518881,8.836952513464123,1.9015773974596875,1.9378729437143882,2
1768376494972269233,6.403152619035124,8.959138004165723,1.9010971743275302,1.9376231610925019,2
1768376495027604019,6.403152619035124,8.959138004165723,1.9010971743275302,1.9376231610925019,2
1768376495172513474,6.267413848628944,8.814674178865733,1.9015400648956367,1.93762438351274,2
1768376495230319375,6.267413848628944,8.814674178865733,1.9015400648956367,1.93762438351274,2
1768376495297888760,5.575712884205775,8.671408862131488,1.9014636975379333,1.9389848722025465,2
1768376495497990171,6.1849268604923235,8.84042492657202,1.9012483619416813,1.9389659060684343,2
1768376495572106398,5.964861124533538,8.802380160103347,1.901647361017275,1.938981800445714,2
1768376495629819236,5.964861124533538,8.802380160103347,1.901647361017275,1.938981800445714,2
1768376495697991138,7.6003308671552805,8.982562490036125,1.9017162963259235,1.9375656362007574,2
1768376495772549805,8.60850146099068,8.850955986108378,1.9033490302008784,1.9367786130360072,2
1768376495829598689,8.60850146099068,8.850955986108378,1.9033490302008784,1.9367786130360072,2
1768376495898565805,7.193261630443093,8.881488470086222,1.901847645862012,1.937445450578837,2
1768376495972432450,7.8917127195978765,9.00457852209556,1.9018246385936235,1.9371808054917141,2
1768376496028596196,7.8917127195978765,9.00457852209556,1.9018246385936235,1.9371808054917141,2
1768376496098391701,7.382140216881883,8.738412718033302,1.9028054096125957,1.9382452537597432,2
1768376496173137142,7.736307712548962,9.041508485856598,1.9017128165508799,1.9372625469187474,2
1768376496229431313,7.736307712548962,9.041508485856598,1.9017128165508799,1.9372625469187474,2
1768376496297750127,6.615960307375435,8.875963251576858,1.9016939978732426,1.9383925096231773,2
1768376496497978544,6.254376813353835,8.740596538855687,1.90216763019713,1.9382898774327577,2
1768376496572578728,5.337398538338922,8.93819355796712,1.8995548104053095,1.9376141121454662,2
1768376496630156135,5.337398538338922,8.93819355796712,1.8995548104053095,1.9376141121454662,2
1768376496697414769,3.221822223154369,8.941001141990714,1.8984497860210034,1.9397563846361268,2
1768376496772102230,4.726269849592013,9.037987014628085,1.897873614187174,1.9373417854330672,2
1768376496828947990,4.726269849592013,9.037987014628085,1.897873614187174,1.9373417854330672,2
1768376496897412608,9.183153536697741,8.638184084648211,1.9055451899688596,1.9376738622269987,2
1768376497097843922,8.545450453961045,8.985965565604081,1.902342411170886,1.9367093013150354,2
1768376497172738758,7.6612235580182375,9.043948735022235,1.9014829036282712,1.936901281999364,2
1768376497229358615,7.6612235580182375,9.043948735022235,1.9014829036282712,1.936901281999364,2
1768376497298094299,8.241145759753765,8.935274397714013,1.9031142010511226,1.9373646884589621,2
1768376497372302170,6.825825324964896,9.21946738233504,1.8993305728767171,1.9361534769528919,2
1768376497422754922,6.825825324964896,9.21946738233504,1.8993305728767171,1.9361534769528919,2
1768376497498754210,8.800626704326797,8.871950227445003,1.9040804147869712,1.9372065751959344,2
1768376497697732219,9.556256472931013,9.030119993405501,1.9033513427671147,1.9366884505202324,2
1768376497898403041,7.523838589740484,8.824039062613988,1.9032424565890982,1.9381327213868385,2
1768376498098625047,9.089170140573088,8.982225443547714,1.9030279730128281,1.9365078877407622,2
1768376498297740196,7.4192686817564635,8.982991003028713,1.9014502525414543,1.937293859390733,2
1768376498572615449,7.649293196119178,8.8140425877729,1.9033656498449372,1.9382360126244254,2
1768376498622976717,7.649293196119178,8.8140425877729,1.9033656498449372,1.9382360126244254,2
1768376498898024277,7.959815916162238,8.600737645095984,1.904425002592549,1.9385743744205202,2
1768376498972421500,6.273139785667903,8.898806633092006,1.901140065935767,1.9383702891397938,2
1768376499030075603,6.273139785667903,8.898806633092006,1.901140065935767,1.9383702891397938,2
1768376499298681293,6.929800220873972,8.768234358384422,1.9027778958392796,1.9383736199520285,2
1768376499372377237,9.355181531955692,9.216566667530158,1.9017433301405648,1.9355413895300289,2
1768376499422337535,9.355181531955692,9.216566667530158,1.9017433301405648,1.9355413895300289,2
1768376499898340422,9.529872648440074,8.813526232434405,1.9046261489812641,1.9369152504316152,2
1768376500097604304,6.66137788811727,8.94623130122985,1.9014070264023442,1.938160127104316,2
1768376500172786172,9.65899145065352,8.948978311888355,1.9036188988526692,1.9361569133623913,2
1768376500222463151,9.65899145065352,8.948978311888355,1.9036188988526692,1.9361569133623913,2
1768376500298409402,6.540578006440034,8.926766451405115,1.901104158347128,1.937539178769994,2
1768376500372688278,7.68653078463255,8.839922026245048,1.902745083936136,1.9380919292691239,2
1768376500422725804,7.68653078463255,8.839922026245048,1.902745083936136,1.9380919292691239,2
1768376500498334010,7.860844974086456,8.938005504325353,1.9023034736712798,1.9367246489169747,2
1768376500772493776,6.899196143100417,9.157044600896326,1.8994923535338437,1.9361190286221865,2
1768376500822856479,6.899196143100417,9.157044600896326,1.8994923535338437,1.9361190286221865,2
1768376500898499648,6.548202824707028,8.876145822417232,1.9015520618859592,1.9382984312627687,2
1768376500972630772,3.972521779954663,8.687845188993013,1.9000678810429477,1.93923769309657,2
1768376501022276414,3.972521779954663,8.687845188993013,1.9000678810429477,1.93923769309657,2
1768376501298431567,7.82232693425855,8.96420602162452,1.9024670843715246,1.9378224906434807,2
1768376501498484506,6.441150710342347,8.920417573688113,1.9011093906398848,1.9378142825699034,2
1768376501698249252,7.031809812835688,9.070719128675579,1.9009357468233892,1.9372558625409924,2
1768376501772326812,6.989128726585525,8.88504115920446,1.9014794195743188,1.937623326217777,2
1768376501822290202,6.989128726585525,8.88504115920446,1.9014794195743188,1.937623326217777,2
1768376501899359564,5.064014488455726,8.778718408150302,1.9010592959156387,1.9397375385238549,2
1768376501972361852,5.72842641623339,8.787989968711186,1.9015493660062608,1.9390461764743503,2
1768376502022092859,5.72842641623339,8.787989968711186,1.9015493660062608,1.9390461764743503,2
1768376502099208220,6.418308572229581,9.029432067898147,1.9000001286431107,1.937647736548746,2
1768376502172883567,9.236848678811915,9.1616179880836,1.9025712955477758,1.93670474872985,2
1768376502222436556,9.236848678811915,9.1616179880836,1.9025712955477758,1.93670474872985,2
1768376502300920190,8.071472705722504,8.996940004467355,1.9022884509002036,1.9374769269093226,2
1768376502372711854,6.997737657133074,8.727725296927648,1.9034251804720124,1.9388906656903269,2
1768376502422568028,5.410535806214423,8.888712190957918,1.9008008334702258,1.9388906656903269,2
1768376502499362473,6.831084514910879,8.814395194864728,1.9023344763103136,1.9374709567508834,2
1768376502573483604,7.8239404260984635,9.071805283547526,1.9015249206156293,1.936815735647174,2
1768376502622142153,9.711652338091348,8.91056047012653,1.9044800687272347,1.936815735647174,2
1768376502772818959,8.552990939018956,9.013923898127176,1.9025664365512627,1.9364348778713856,2
1768376502822468177,8.552990939018956,9.013923898127176,1.9025664365512627,1.9364348778713856,2
1768376502900015306,8.401609927674691,8.790812806036357,1.90402286923942,1.9379469073871156,2
1768376502972416545,8.985100717965322,9.262507827446692,1.900999058390673,1.9362746505993575,2
1768376503022805355,8.985100717965322,9.262507827446692,1.900999058390673,1.9362746505993575,2
1768376503100762340,4.427654064829145,9.195720310360562,1.8977542662552656,1.9377032062955435,2
1768376503499653326,4.917360534790305,8.744891622300585,1.9010503555406086,1.9387664314637403,2
1768376503699140074,6.93934760768955,8.821379056473145,1.9025046075561627,1.938556942367418,2
1768376504100381817,9.933301869338607,8.721034944774576,1.9059379636137534,1.9385163117170618,2
1768376504222481612,11.488875972895052,9.081017691695553,1.9049603556806591,1.9367302905416952,2
1768376504300900163,8.587566596315321,9.052709765343815,1.9022337640755513,1.9377314203101752,2
1768376504372775071,8.913944002409968,9.061966537401373,1.9023941520315788,1.936565855769976,2
1768376504422278552,7.012721395270649,8.97311817996239,1.9017716233597122,1.9386599427697728,2
1768376504499936813,7.556440745232873,9.044274290596167,1.9014120161197667,1.9375777984738904,2
1768376504573183063,9.133888611653651,8.86211741905645,1.9039014889659687,1.9377435255039606,2
1768376504622499041,8.090730857605033,8.993021700539504,1.901996078237375,1.9377435255039606,2
1768376504700378757,9.576135384813389,9.186535849818995,1.9020813840289819,1.9359797985993148,2
1768376504899432376,7.688220774080712,8.696992478472952,1.9041413706118382,1.9391756819452592,2
1768376504973589489,9.904268253810855,9.04937507076313,1.9039170884681458,1.9368779600252248,2
1768376505022431381,9.904268253810855,9.04937507076313,1.9039170884681458,1.9368779600252248,2
1768376505099943494,8.04229942700041,9.06091528506771,1.902077609795557,1.936906939209302,2
1768376505172559272,5.644625774735568,9.128305562136038,1.8987822870188602,1.9371975984696088,2
1768376505300638004,8.265752870783016,8.896743704294668,1.9030171841563592,1.9374980270540432,2
1768376505373127361,7.250493507268807,8.695258600060978,1.9031119392486948,1.9383656723471505,2
1768376505422305436,6.876480571595733,8.869914623813813,1.901611055445164,1.9383656723471505,2
1768376505572721653,3.5355371696104143,8.880569097139151,1.8987056407613576,1.9387177237828754,2
1768376505700948533,4.962227208226588,8.988418774498403,1.8990707555544841,1.9380185527696117,2
1768376505901284356,8.972634442983685,9.094140635634883,1.9019847661271847,1.9360937973896533,2
1768376505972597197,5.890697839596504,8.814871611299093,1.9018578329517433,1.9387969342627664,2
1768376506099887125,6.271002300835438,8.987616514057777,1.9000230936016853,1.9371832777379914,2
1768376506172543437,9.75346825400858,8.909169758576915,1.903913627247513,1.9367880009104916,2
1768376506222649328,9.75346825400858,8.909169758576915,1.903913627247513,1.9367880009104916,2
1768376506302519665,8.726055469832295,9.143356223118241,1.901796682350403,1.9364918673273586,2
1768376506372487809,7.483028878580988,9.12008762898704,1.900753402086506,1.936955983990272,2
1768376506502435839,7.505975269209264,8.805293458711336,1.9029136512912528,1.937601420168455,2
1768376506572584601,8.724896604781707,8.872878854872404,1.9039926355374202,1.937209752043923,2
1768376506773560661,7.950747897816912,8.817099399806194,1.903090472109141,1.9371226877179033,2
1768376506901917909,9.083178587538265,8.89773005523328,1.9042224049044498,1.937672151968925,2
1768376506973871371,6.0163675921245385,8.893814956894087,1.9012203904670268,1.937631793276309,2
1768376507022458633,8.162634794586898,8.93467583920379,1.9030295475266616,1.937631793276309,2
1768376507100457541,8.194075017342373,8.857008268712342,1.9027392219794836,1.937149491350905,2
1768376507173086344,6.958710687816616,8.572126754947927,1.9039775214975356,1.9388460400600214,2
1768376507300486082,6.7924524652625,9.040505356821114,1.9006734884938061,1.9370655147325768,2
1768376507372938710,6.128654440179959,9.108391482299012,1.8995712141688819,1.9376056669011583,2
1768376507422351823,7.510550672094052,8.92229204653457,1.9025529387317348,1.938254570496264,2
1768376507572574204,9.597902806947722,8.736874899408251,1.9054332486702372,1.937280979658182,2
1768376507772399348,8.413872652323073,8.946912038998278,1.9027175706256123,1.9372901396920663,2
1768376507822259848,7.064311512591237,8.798516416794733,1.9023424780193365,1.9372901396920663,2
1768376508222374581,7.962332982469178,8.711044883758136,1.903526734586823,1.938072166358664,2
1768376508373429786,6.141583484779334,8.622868452303544,1.9029692207576638,1.9383689698620061,2
1768376508572790022,8.2666465124146,8.6836604559537,1.90443046028988,1.9389293031522594,2
1768376508622195401,6.36517308351503,8.714197704686386,1.9025014132812301,1.9386030953283762,2
1768376508822685255,9.317868478963653,8.821585162828205,1.9042454222978689,1.9375473256795086,2
1768376508903949413,6.777043405865157,8.897378467040548,1.9012131296719965,1.9374816494005307,2
1768376509102882541,6.64388380041947,9.024841765206869,1.9001334435462227,1.9371646119032238,2
1768376509173026891,8.602594301893918,8.95863461536881,1.9023428862831455,1.936958073345852,2
1768376509222693400,10.371854946639392,9.00646998214796,1.9039777852718358,1.9366400051331079,2
1768376509372374897,5.310492506108044,8.906216203221696,1.8994421840802977,1.9380501647223167,2
1768376509422235158,7.204081874375268,8.689137598235648,1.9022112083364344,1.9376813919780613,2
1768376509573262896,6.567571121340432,8.776409648856184,1.9016691828070356,1.9382716238586566,2
1768376509622517973,6.704311885640024,8.762201188820871,1.901944603779815,1.9382716238586566,2
1768376509703142473,7.917056445001958,8.841059185989694,1.9029707196967316,1.937432811008867,2
1768376509773285786,7.292392908974321,9.010630652273823,1.901608278863868,1.937700227164405,2
1768376509902626599,7.610321528498831,9.164102415041521,1.9003741417879114,1.9366500323026563,2
1768376509972692463,6.477586788589118,9.179352473561254,1.8986054834362152,1.9373577141019398,2
1768376510172833372,5.919187256690606,9.015317257371521,1.8999574346868242,1.9371355801674306,2
1768376510222100382,7.450155630175592,9.153654185089046,1.9000126876203056,1.9359144850768202,2
1768376510303452284,6.736954618719926,9.158757457062332,1.8992354911540739,1.9373740993803934,2
1768376510372716787,8.542841468883067,9.228110266920401,1.9007972658036143,1.9361995723017231,2
1768376510422452606,8.939088285419006,9.036897092140327,1.9025365382232857,1.9363049857814034,2
1768376510502545150,8.047489037729116,8.981544427961675,1.9018233401119098,1.9374873919025892,2
1768376510572480289,7.320833244953473,9.137788180756626,1.9003736015918884,1.9368797668758082,2
1768376510702769647,6.759782013926685,8.995809357169756,1.900830005506225,1.9375024980590327,2
1768376510772759189,7.2452987249149725,8.737485827466665,1.902881968249202,1.9394436711833722,2
1768376510822254002,6.01844109589722,8.794703423705904,1.9014620223588812,1.9390227162316709,2
1768376510902171121,9.768497262263587,9.200871655848328,1.9021241617483096,1.93643117553946,2
1768376510972686429,7.6346987365627506,9.28605484232087,1.8992393382422794,1.9375323155535207,2
1768376511022289883,6.829109513732057,8.930847243107307,1.9010487751533256,1.9376688134542182,2
1768376511103520291,10.7269341376941,9.568795992213182,1.900682698475254,1.934849271166379,2
1768376511172743665,5.338008967741725,8.972197735883789,1.8992756439357843,1.937509123963291,2
1768376511372633678,4.625895230715216,8.999709251750783,1.898178685992111,1.937475038537894,2
1768376511422411439,6.0444849895866515,8.958918307570707,1.9001868429259392,1.9378088339315482,2
1768376511573044783,9.271885078597553,8.93286611057888,1.9039226341764406,1.9376600858570612,2
1768376511622363354,9.113852222456975,9.044812331061147,1.9027958308320987,1.9365667763562084,2
1768376511703067178,8.67332914987018,9.020590631980127,1.901992077423084,1.9366202031133049,2
1768376511822423934,8.333233876912427,9.091264923342319,1.9013020443956243,1.9365470380111331,2
1768376511902116339,9.033138695176302,9.108987453985298,1.901527072688748,1.93557202902935,2
1768376511973020043,10.047902823775878,9.184237691896248,1.9025934336422143,1.9363867846610467,2
1768376512022442736,8.736013794238273,8.961152293154313,1.9035238850503633,1.9381541322519873,2
1768376512172824487,10.19130492060194,8.777649310125557,1.9049533057689763,1.9373363131353563,2
1768376512372726987,6.101830237458694,8.969466948546387,1.9004194666903176,1.9382471775691792,2
1768376512422329417,7.276853724095922,9.06092130865976,1.900057097240702,1.9369277701716996,2
1768376512622284480,6.599587689733788,8.969442130487682,1.900516561988709,1.9377656357118815,2
1768376512704157073,4.394237896754527,8.803457036301207,1.8993117215547097,1.9381511653883743,2
1768376512822759649,6.103227538014622,9.012538074240103,1.899615363764657,1.9372455292321449,2
1768376512904592238,8.686671051254091,9.024107021412826,1.901290038734652,1.9367116327535296,2
1768376513104606859,7.015521367870425,8.949778000095026,1.9016263957989827,1.9373860925078044,2
1768376513172827855,6.14190982246865,8.847621612477933,1.9011315972009268,1.9387652549054066,2
1768376513222330467,7.044568941931173,9.000774102553557,1.9009298578043015,1.9369472580772282,2
1768376513372887699,7.29462856327201,8.787849307214758,1.9020103739350342,1.9378640691600177,2
1768376513422255611,6.136567945141724,8.84821713630933,1.9014388313104549,1.9386714847565834,2
1768376513502734030,7.467388335760772,9.014619053682063,1.901336584726884,1.936838918073375,2
1768376513572572178,6.974039096758977,8.893276548632212,1.9015818996418703,1.9382327237515045,2
1768376513622375970,7.498781930248333,9.094119629478223,1.9007437048428586,1.936757390987271,2
1768376513703653359,6.214770626409516,8.860239019407297,1.901864255124341,1.9394546210156676,2
1768376513773148040,9.141048111646288,8.984896272526944,1.9038332524535093,1.9379110667008843,2
1768376513822333441,7.761163113205516,9.203906096720532,1.9001248088975007,1.9367124808565903,2
1768376513903962850,5.143602730509178,8.762087755708784,1.9001170964975185,1.9393149672262286,2
1768376513973063061,9.265616064499715,8.973379687539081,1.9034122531788042,1.9365189014473574,2
1768376514022249143,6.924926543076415,8.589273936690153,1.9042582360817872,1.9401550304385615,2
1768376514172671093,9.973867521887003,8.88631261382574,1.9045340867975358,1.937287214653859,2
1768376514222197354,2.545038538384059,8.842365764201688,1.897626406236114,1.939351255597066,2
1768376514304444124,6.973678487619539,8.788179482588621,1.9025754072504821,1.938990035276956,2
1768376514372465019,8.014687237390294,8.859261845962749,1.902792476553686,1.9371320023779484,2
1768376514705158413,6.215885296462664,8.92565135800614,1.9008647863066332,1.93888341262805,2
1768376514773249629,6.56514209315584,8.971659039970595,1.9002435968471787,1.9375432569539675,2
1768376514822260479,6.435984321344179,8.848281019733953,1.9016383098119836,1.9381802068447522,2
1768376514905583456,7.694982136623674,9.09188670135125,1.9006397640944364,1.936778085562402,2
1768376515022258766,11.154660567531227,8.939871806878,1.9055438252477628,1.9367505443593727,2
1768376515222390010,5.868543814131932,9.022568423730199,1.9004299707666108,1.9375050157651614,2
1768376515372576661,6.256449594280733,8.857552701856799,1.9008267061467001,1.9376910641802894,2
1768376515622474140,6.8003889681491625,8.728306091277844,1.9015764729866735,1.938298990496384,2
1768376515697488074,10.55914662204227,8.993992755320365,1.9036673183743067,1.9359088239764515,2
1768376515772564309,4.072546314482839,8.649986948920528,1.9001554411016184,1.9388088745763818,2
1768376515822294200,6.7971621997200415,8.963340739974326,1.901035007669733,1.937231566615958,2
1768376515973055672,9.41017384332743,8.960635565889692,1.9033092968799696,1.936919570065907,2
1768376516022436357,7.609022814873079,9.21569854050202,1.899273537790211,1.9357282843262469,2
1768376516105656265,6.765989369644343,9.012641582144044,1.9007964377195716,1.9379101844009916,2
1768376516173651852,6.818560230890558,9.066258575329568,1.9005903948958072,1.9377448227220035,2
1768376516422445707,9.233528803718416,9.035778777094016,1.9028739435209727,1.9370144223954304,2
1768376516573368560,5.3781114166921995,9.00573958361272,1.898763178219643,1.9374762695048406,2
1768376516705409624,5.05890575893253,9.047890962583805,1.8988298479122885,1.9371634117098742,2
1768376516905497356,6.74528576975586,9.119125812690891,1.9000123536439744,1.9373170360121763,2
1768376517105659776,6.636403729145313,9.095190846258163,1.899758890332247,1.9370486320261455,2
1768376517174070341,9.677244513244254,9.362294704218021,1.9009465476391094,1.9350961459149028,2
1768376517222254586,7.139263266433105,9.016342689904645,1.9018903748943905,1.9375965740962848,2
1768376517297691881,10.432967985332553,8.783376494194508,1.9056290523907915,1.9368588944222995,2
1768376517422326170,8.612674302739931,9.119352012601308,1.9013636613807758,1.9354423028772643,2
1768376517505520420,5.757044152416846,8.672455893621995,1.9015763065684061,1.938545254974098,2
1768376517573180892,6.924865134799951,8.824490299611808,1.901936937661255,1.9375465147293343,2
1768376517622438492,9.008207921851419,8.841890724995816,1.9037805170116686,1.9376479295201945,2
1768376517698075684,9.627369732117419,8.950145616810595,1.9034125911465654,1.9361957121268962,2
1768376517772952681,4.760776434351799,8.574604377913339,1.9020887280996515,1.939767623104702,2
1768376517822659452,7.719680084792957,9.04452363571871,1.9012026216188085,1.9370058653367057,2
1768376517905875458,6.435815706421932,9.090215143335978,1.8993751759590891,1.9364330598708632,2
1768376517972935383,9.434188820933942,9.258377310122793,1.901282796965101,1.9360125817631173,2
1768376518022880743,8.82399895185948,9.016184515884607,1.9028783342927162,1.9370534498348992,2
1768376518098128231,6.658035196715373,8.884946250623685,1.9016261475284402,1.9377650471195957,2
1768376518172870769,8.931430963316833,9.175810813733383,1.9015035870257806,1.9359588508519374,2
1768376518298890221,10.536086717901627,9.127404909436681,1.902653452647386,1.9350656581532726,2
1768376518373798751,9.00762665412902,9.048458005553297,1.902389589337071,1.9364928375359767,2
1768376518498061496,7.811257391090898,9.042313225526653,1.9009254973690801,1.9361740751048724,2
1768376518573147254,7.0831733491434345,9.004806610428055,1.9007135204191778,1.9379276222658552,2
1768376518897929347,9.845041207366956,9.052463222848017,1.9023060467252972,1.9354320528540434,2
1768376518973652957,8.572233960862041,8.941945466897078,1.9029589758857575,1.9370314437008496,2
1768376519098039922,9.752818976357158,9.152694516145337,1.902161194807493,1.9353459247876712,2
1768376519173054132,10.09633377591923,8.981700764716201,1.903964263934151,1.9364812947517902,2
1768376519372883551,6.282629083038449,8.699007524771714,1.9020596181892007,1.9381522433414864,2
1768376519422272837,5.501351843749447,8.868019486003224,1.900311639051714,1.9383438767992833,2
1768376519622646670,6.409380623596084,9.032964704300927,1.9004450250686489,1.937347826571446,2
1768376519697991475,8.307395834162845,8.95737131701527,1.9023791375975885,1.9378500847889026,2
1768376519773572467,6.840615782935933,8.856276106958772,1.902081752121454,1.938060831119379,2
1768376519822849216,8.4133286432313,9.180229483200204,1.900816092412279,1.935612941784718,2
1768376519973890040,7.541702539965556,9.17802048566256,1.9003323383210464,1.936868504995191,2
1768376520097716402,7.113950269932445,8.832724623673721,1.9018116839821388,1.9370743300552868,2
1768376520222548484,6.851635618814855,9.157730918153332,1.8999782326602048,1.9367826198159603,2
1768376520298148947,5.634409573943788,9.012643232507708,1.9001530068591888,1.9374173679401878,2
1768376520373801783,9.3284232620785,8.945011658307982,1.903693879245775,1.9364801648569614,2
1768376520622398277,7.358519061259283,9.04519557920339,1.9008528142896555,1.9366963465823144,2
1768376520698095110,6.73397045062285,8.88211054578435,1.9004520735328887,1.9376725949418843,2
1768376520897316734,8.801405153487929,8.86707961138476,1.9037296191461324,1.9374091108343547,2
1768376520973998696,8.972085289784104,8.958441732484836,1.9033420209339593,1.9373978038234516,2
1768376521022387856,9.726850611162297,8.843349472916225,1.9041177131146725,1.9374055222732751,2
1768376521173374225,7.245153652786884,8.988931164449308,1.9010566658788395,1.9373146765932163,2
1768376521222233069,8.266411654096029,9.005167082621679,1.901763819284564,1.9369558800774578,2
1768376521298281034,6.440823284746822,8.768928612106462,1.9018807082789146,1.9384092141557283,2
1768376521377233381,8.203809033623388,9.10306840332204,1.9013271657067006,1.9368428979095107,2
1768376521422421768,9.037440816551445,9.07474807983152,1.9026163721111622,1.9365740023898872,2
1768376521497628842,5.392221628522043,8.728141018909511,1.9012397562927266,1.9389448813864378,2
1768376521576043006,8.943259238846535,8.993542466602712,1.90299469386118,1.9372906876867741,2
1768376521697698542,7.672315169537924,9.07665830628916,1.9005607206785553,1.9374118911551754,2
1768376521822622922,8.689027359144452,9.16753887234501,1.9012931820448995,1.9364824373635274,2
1768376521897754154,7.30524385545217,9.056484369571573,1.900803784168162,1.9369292833129677,2
1768376521974223625,8.656664187452812,8.920743357261413,1.9025520298786358,1.9362485098212414,2
1768376522175578513,8.11958104816779,8.896507369969417,1.9029143547114271,1.9377016211080054,2
1768376522224136493,9.056408019191498,8.985926086547417,1.9031045367351038,1.9370652653769254,2
1768376522297759446,5.656361323612469,9.101236374867257,1.8997451739020956,1.9379349541268989,2
1768376522375422075,9.251118688572202,9.387368463904377,1.9008608335509196,1.9350917893420063,2
1768376522422464391,7.918693273416322,9.045578304455061,1.901683664407226,1.9364679482868885,2
1768376522497725756,7.803570562050055,8.693699886722598,1.9038901297064326,1.9378840867610394,2
1768376522573576372,4.55076160901613,8.87662179753319,1.9002282844999245,1.9393418832926173,2
1768376522622660708,6.872489432523388,8.89243294933553,1.9021215182917641,1.9380812025747085,2
1768376522697664314,5.972668498247735,8.741549072846825,1.9022800282256918,1.9394316720280307,2
1768376522774335753,6.783007927292584,8.99207394147546,1.9007018632422807,1.9372150456425778,2
1768376522897562456,6.681803465717895,8.876289891699196,1.9013866973180238,1.9379738543199825,2
1768376523097588711,7.081788619856866,8.981244031380687,1.9010269051311302,1.9369864413462794,2
1768376523174973533,8.145377975202095,8.92029474111471,1.9027426924596356,1.9375324340322675,2
1768376523222523688,9.39246165319374,9.025626615242459,1.902446442389487,1.936386625550291,2
1768376523378760496,6.2668547305335665,9.124366170613214,1.8992983795693517,1.9376867530134738,2
1768376523422719545,7.3042250155834765,8.856035190562292,1.9026495242956016,1.9383349130045815,2
1768376523497460914,5.9728613520415585,9.097048596558132,1.898760584235261,1.9365873968829237,2
1768376523575675233,6.983677921504228,8.930469058506047,1.9019381858528845,1.938520894946557,2
1768376523697512425,6.857408648677232,8.965890331233885,1.9005203868006417,1.9377656899507756,2
1768376523822677489,7.974008753856898,8.702447838293942,1.9038628103093693,1.938408276747442,2
1768376523974854321,7.868192187905132,8.934003611497575,1.902360622099098,1.9372321823289738,2
1768376524022896348,7.957503889217898,8.984283118074606,1.9024223733150545,1.9377306571006003,2
1768376524097516081,9.280098861632169,8.845707521293795,1.904806070038517,1.93782014632675,2
1768376524222863439,7.2990767227754105,9.007510846425877,1.9011590002167162,1.937059705169843,2
1768376524297589799,9.521253665693452,8.844245005015514,1.9039262793219895,1.9370271763944764,2
1768376524498248040,10.764874682294145,9.174042593830885,1.9033285578603725,1.9351833026976655,2
1768376524575955244,7.740171555449038,8.919896979248788,1.9019308549885874,1.9373400319283378,2
1768376524897502667,7.680662143382699,9.030725435687799,1.9010846197161655,1.9372118460177892,2
1768376524975400013,7.470996785624129,8.813946847662075,1.9031496706841982,1.9375981016281651,2
1768376525097574471,8.76976127950635,8.93410559702758,1.902853468481938,1.9366122936243306,2
1768376525376975448,5.401056937172521,8.948686610824968,1.900184111596171,1.9380955516881362,2
1768376525426858383,8.866831966524158,8.78976288817382,1.9035772072580985,1.9372085967495023,2
1768376525497689988,6.888788778686816,8.987026279001274,1.901369197837651,1.9370927256921078,2
1768376525575527900,5.838686807488669,9.263348689397429,1.8976946649260071,1.9362729143092872,2
1768376525776515143,8.977116370604499,8.938755043789506,1.902314028205512,1.935899424997363,2
1768376525897366741,6.3609063880794015,9.079992048226643,1.8994789692218441,1.9372287055799207,2
1768376525976621753,8.768744442780863,9.058168628659987,1.9026265488928324,1.9368717394220478,2
1768376526023754582,8.88513840572247,9.12395259907253,1.9018823223421115,1.937006297278155,2
1768376526097797125,5.391381890176294,9.141976272788757,1.898404635289144,1.9375592402084845,2
1768376526175436400,11.060491314819787,9.34184532373899,1.9018370197219727,1.9341440151098381,2
1768376526297620221,6.88706707292619,8.954287060891273,1.9005996481536227,1.9367445332737137,2
1768376526375575490,6.656937525618467,8.942337530963847,1.9011328358216002,1.9379688599583653,2
1768376526497492771,6.6257494246129145,8.758332739149688,1.9021932930296241,1.9378782628672613,2
1768376526623354952,7.472971395623862,8.89693378952683,1.902459475223427,1.9385236919660054,2
1768376526697375975,6.155625140481957,8.856957038206945,1.901034386971392,1.9377412198347888,2
1768376526777631400,10.082564453616438,9.114986185420998,1.9028131235452728,1.9363234996782266,2
1768376526823360738,8.32716984973736,9.19741585228294,1.9003895083137765,1.935719278028805,2
1768376526897549677,8.289919975786209,8.89399102711629,1.9029492476149987,1.9381487249461544,2
1768376527097629525,6.977168794306099,8.757945545309141,1.9028502116157981,1.9378764624148155,2
1768376527177308664,11.71217630576904,8.937776951520512,1.9060718302958701,1.9369690184828945,2
1768376527223891398,6.240343322214459,8.827269557351464,1.9014701479965745,1.9378971067917712,2
1768376527297816336,7.701341100479375,9.165174890730464,1.9004439334396341,1.936440369282705,2
1768376527376629234,8.175409443145654,8.903732950026649,1.9025561460910683,1.93708746894777,2
1768376527577457846,10.238712298570984,8.967346509228722,1.9038729804037466,1.9363159486786397,2
1768376527824441532,6.578144374857153,8.73169910858477,1.9021235253344972,1.9383594829025315,2
1768376528097577929,8.303400653375315,8.82374608220731,1.9028605329261619,1.9369409967348956,2
1768376528176800077,10.866638800539397,8.987191159582194,1.9040750778401443,1.9356883298226137,2
1768376528224391075,9.12623614931718,8.81212260240543,1.9036387236705594,1.9367074399357183,2
1768376528297651618,7.906138931392581,9.06477276441918,1.9016053391409118,1.93790285562948,2
1768376528378544394,9.924385848891548,8.959166441219612,1.9038745611977286,1.936723507998892,2
1768376528424691462,6.937824889652555,8.894670761354512,1.901720290556243,1.9378184321907277,2
1768376528577251194,9.457321223749204,9.186907424172178,1.901355175072263,1.9355185039921174,2
1768376528623636395,8.336276079936589,8.909764654002794,1.9026376014247262,1.9372643553433002,2
1768376528697580724,7.100313654909041,8.76916035273378,1.9025784844270561,1.9385698860005884,2
1768376528776906069,7.182765656962076,8.9242436793637,1.9016215430502257,1.9381383315486866,2
1768376528824772235,9.166517430377663,8.853761769050923,1.9037770607786728,1.9370460523058377,2
1768376528897482697,8.750362041806126,9.212627786884077,1.901300340985495,1.9362920425372525,2
1768376528979425645,6.355649446945,9.046207961917203,1.8997331401986843,1.9367941302819396,2
1768376529178675020,9.35375204292166,8.848348787502733,1.904391300101715,1.937216904485467,2
1768376529223677836,7.761200791607692,8.756332537844694,1.902868430795817,1.9377487452171027,2
1768376529297580602,8.47104275969901,8.967364231250277,1.90283725184466,1.9373897759985568,2
1768376529377832303,7.736701263180157,9.029560925534165,1.9018478293751158,1.9374751511812054,2
1768376529425089709,8.79147765926569,8.910728880629623,1.9031784572358825,1.9370356464041034,2
1768376529498143998,7.142198583921067,8.936122318719757,1.9017758184533453,1.937610276391856,2
1768376529577907311,9.245585012772839,9.104926087602152,1.902130017140775,1.9357414831774495,2
1768376529624387129,10.287298230300612,9.017468224829036,1.904032115126929,1.9367962839021282,2
1768376529697501416,6.991727220577948,9.147083209142556,1.900009860882098,1.9363675331549959,2
1768376529777517454,10.462031898395008,8.993526637301184,1.9042964320304245,1.936206473316999,2
1768376529824633413,7.626742118494123,8.780842075256647,1.9029815355008233,1.9376298704058446,2
1768376530024931774,7.044134074695174,9.010099560992797,1.900544957564302,1.9369465471525027,2
1768376530178738730,4.97356679165728,8.668077468988892,1.9011300444646766,1.9386164783337045,2
1768376530225511635,6.402013102503545,9.128481458440955,1.8995756916217925,1.9373530333246831,2
1768376530297589201,8.37044225338368,9.132814050616936,1.9010045299661318,1.9369629098230365,2
1768376530377347667,7.669394047729483,8.87252388471493,1.9020510670730266,1.9380454436011965,2
1768376530497555252,9.032174989852981,9.153383747695676,1.9023528735168314,1.9369862865366392,2
1768376530624953544,8.351605066907686,9.194521099322241,1.9005025443128358,1.9356098354305655,2
1768376530697652071,9.371574473285182,9.076251778639747,1.9025459165874643,1.9363868015538148,2
1768376530777680573,5.2053196986636685,9.10305013292053,1.898520466343221,1.9375866464077482,2
1768376530825673635,7.450021475093438,8.968996843310574,1.9016360514715476,1.9371869136559097,2
1768376530898008273,8.492079679447428,8.842103455887118,1.903563464257789,1.9378915500693379,2
1768376530980551978,9.070258275357679,9.024525310109778,1.9034123361238677,1.9374648516400654,2
1768376531097611943,7.0888379686973035,8.977256899143166,1.9017006575515885,1.9380065062382499,2
1768376531179181347,7.517559233970461,9.108517115614628,1.900306941351322,1.9365384482593306,2
1768376531297680590,8.873860920090904,8.823099297318867,1.903777553308713,1.936948268619631,2
1768376531378417026,8.06504065342728,9.259871792905104,1.8991571573664536,1.9353838408227912,2
1768376531425606274,6.549926811905138,9.23886594490674,1.898285004946333,1.935719138807585,2
1768376531497586961,10.193604916952648,8.809538687903482,1.9053973680784273,1.937048668411192,2
1768376531579956673,7.031044145525911,9.05063115716596,1.9004683607961468,1.9370364145726386,2
1768376531827769119,6.736082784376096,8.983693641481379,1.9002229751115145,1.9371559015546995,2
1768376531897805589,9.418703170151144,8.982573766017316,1.90362112764452,1.9365371364645936,2
1768376532027601008,8.486229543959611,9.099938725477655,1.9019466056947718,1.9367092113983477,2
1768376532180990388,10.202823477056366,8.985841206672255,1.9042968219545633,1.9363511824868913,2
1768376532223698381,5.54597019469405,8.936780028625128,1.9000271340497417,1.9381016089519283,2
1768376532297617451,5.538189708505392,9.1937118659196,1.8979652044390596,1.937277571879883,2
1768376532373248463,5.431570057323087,9.045417348257397,1.8989111972169637,1.937913826545563,2
1768376532426780149,11.356016499512345,8.91423779819149,1.9055049838375129,1.9363431661635444,2
1768376532497734977,8.209417588217027,8.795690139668647,1.902898045774367,1.9367440397550435,2
1768376532580142809,9.736680578344759,9.254880833461762,1.9022502899334228,1.9355450518746995,2
1768376532626194633,7.466657794416465,9.029980058658,1.901751753671808,1.9371803388005955,2
1768376532697826207,8.177347583717909,8.920571028901811,1.9026084309967917,1.9375975141351083,2
1768376532778845385,9.209739521214066,9.002397690063745,1.9030515888003487,1.9367250077828848,2
1768376532979392364,8.742742943302018,9.129060883689139,1.9016909726595839,1.9364684509580512,2
1768376533097540381,6.293255997955605,9.14732066764991,1.899173444706386,1.9371174823690978,2
1768376533178759079,6.785173918253395,8.98476908353457,1.9011456345429394,1.938109701420853,2
1768376533227446502,9.611267847278171,9.015922124500692,1.9039689286975634,1.9374190898353578,2
1768376533298090121,6.664659518276439,8.839987205133154,1.9015562999527043,1.938607719661611,2
1768376533427126439,7.5931784574201355,8.987521873975618,1.9015258386290559,1.9369933444907623,2
1768376533497526952,9.04055453779784,9.091960189071091,1.9021396906202557,1.9366516196102752,2
1768376533579285318,4.985026674259485,8.784741365747946,1.9004093268570235,1.9389374600091556,2
1768376533626448286,6.947014602022961,9.326731496458365,1.8983850193630378,1.9361463238350856,2
1768376533697557037,9.412341139396707,8.932029652149726,1.9038045282260774,1.936376114016059,2
1768376533779258031,11.140461997625195,9.116486097540346,1.903479413586347,1.9357927982275374,2
1768376533826462887,8.569825828413258,9.109528621389298,1.9017911094295228,1.936658189530819,2
1768376533897465693,8.480272261111477,8.982577258852952,1.9025954895244048,1.9378378517805688,2
1768376534026646249,9.676365813140686,8.841455606736686,1.9048583294552468,1.9373712726022607,2
1768376534097480101,7.9011073806660725,8.992793002211434,1.9016481865803765,1.936535300466767,2
1768376534180437144,8.28169769422793,8.96405451377804,1.9021472047128116,1.9366733462497525,2
1768376534226884320,8.273848155776031,9.004991819630723,1.901967430020744,1.9372934691302417,2
1768376534297799477,8.850904948471516,8.878549073016604,1.903719294898521,1.9373336363994078,2
1768376534379845027,8.670821800521589,8.93589027187451,1.9030519051437704,1.9373872224745528,2
1768376534427395149,5.691030787802642,8.822500682679886,1.9004457883680486,1.9379738409401137,2
1768376534497403311,9.092726321423328,8.89740220062193,1.903515442829722,1.937145612169176,2
1768376534625975019,5.362705156438663,9.127912046635679,1.898303899028902,1.9371682249182258,2
1768376534697604950,5.483884806430472,9.048143759812843,1.8985522784224338,1.9373352143425557,2
1768376534780556187,8.971412164937576,8.943883768071295,1.9033568755977244,1.9366619786871377,2
1768376534826967195,6.3031958797614696,8.498979918319545,1.9038075307354627,1.9397688499434815,2
1768376534898004860,7.665949516636017,8.930478555330101,1.9020653392279896,1.9369026917779926,2
1768376534980832527,8.781095718424003,8.977862116920193,1.9030264226402138,1.9374181856869186,2
1768376535097605471,8.805971575229554,8.807204905449943,1.9045494436687886,1.9381309801150857,2
1768376535179708158,8.761918785406886,9.195929365785595,1.9014447152209626,1.9360964935272513,2
1768376535226870042,8.997524679478897,9.10220432288873,1.9020090809240977,1.9364875601176734,2
1768376535297629753,9.066979554826826,9.126601841228554,1.9014764167806233,1.9355429944989189,2
1768376535497628889,6.7297260406509185,8.943231600596851,1.9006183942016468,1.9377907253859714,2
1768376535627388420,7.611597528310643,9.00433295778135,1.9012782508785517,1.9372637413219018,2
1768376535827402587,3.505520673987128,9.016969609692788,1.8976790587970758,1.9384482335417887,2
1768376535973150727,4.176326581051937,9.177668029299433,1.8973272971271087,1.937700231409658,2
1768376536180593882,7.217921292436369,9.098458950758587,1.9005450991307962,1.9372097909772743,2
1768376536373312113,4.117615545142117,8.905435603127945,1.8991425087899088,1.9387054130048724,2
1768376536423256311,8.630558308720948,8.939089466785626,1.903011092757072,1.9377401124806528,2
1768376536497966476,7.973322839837094,9.049079888287947,1.9008904970267861,1.9368474736717831,2
1768376536573207978,10.591299250561903,9.250934137162355,1.9026162361514518,1.9357801181924372,2
1768376536623150938,8.787133385345758,9.268189796827874,1.9009995672998339,1.9361779028010149,2
1768376536773043292,7.968052694157901,8.79455312146395,1.902702524292362,1.937090687789883,2
1768376536973212887,8.001112357881368,9.069457127922155,1.9012843250358455,1.9367886740217157,2
1768376537097777222,10.506068755796072,8.986779189890763,1.903661723181443,1.935790577348761,2
1768376537222693301,7.488247802094561,8.779774053270154,1.9028134915377022,1.9371587089094133,2
1768376537422790790,7.621129568279983,8.817788200628012,1.90269057699398,1.938354628756192,2
1768376537497774391,9.116449196031162,8.957223709811005,1.9023551878235259,1.9365115508938797,2
1768376537697422343,9.392786285326693,9.000963872456333,1.9028058890940631,1.9363969527445726,2
1768376537772834205,5.392170535517993,8.743476684274867,1.9016054595438283,1.9384716361341967,2
1768376538097918395,10.745452260332966,8.987419970946899,1.9041040140468162,1.9362634744282103,2
1768376538172967717,8.396726938313837,9.034891104774799,1.9020881641724792,1.9372902355869224,2
1768376538222870665,7.749116389246913,9.01819958465854,1.90146401061666,1.9369793824161148,2
1768376538297686505,7.037385546102115,9.021565224838888,1.9009431732479938,1.9371711788917052,2
1768376538372804650,7.399806558952227,9.066194477738248,1.9006786312969526,1.9368098717104858,2
1768376538497633513,8.869694534067163,9.146728097924836,1.9017137706191496,1.9364497471064555,2
1768376538572621250,7.4245712933358465,8.872936460378751,1.902124835240192,1.9381316033121427,2
1768376538697582054,8.218338919756096,9.030361510661066,1.9013135298959252,1.9368509502135522,2
1768376538897607512,7.104511744245201,9.07661349049198,1.9000108366693196,1.937028444902218,2
1768376538972587863,7.206352890892109,8.706582054171063,1.9030981664651583,1.9383399411615094,2
1768376539022621327,8.886010789509013,9.07270253951311,1.9021264161898637,1.9364541237591923,2
1768376539097445724,8.971577502324246,9.030257942240969,1.9027553126062249,1.9367414909749838,2
1768376539372720369,10.396799484019947,9.120273408378802,1.902869940503356,1.9357744274929365,2
1768376539422671444,6.1261572694808475,8.86981782146939,1.9010737623430103,1.9386474562134497,2
1768376539697790897,7.834395584628728,8.989990366683069,1.9016560132455107,1.9373317956998357,2
1768376539772571256,4.777713248847126,8.760755544564013,1.9002694782175154,1.9390392595178028,2
1768376539822631082,9.164793128952464,9.063767544017965,1.902021678667391,1.9361056686216922,2
1768376539897577223,5.744778531813433,8.870711985196277,1.8999578481813204,1.9379799831076432,2
1768376539972970360,6.163490831569085,8.903245110425045,1.90035048587848,1.938276724427884,2
1768376540023139835,7.130339096515836,8.870164543229427,1.901474986408182,1.938219987912724,2
1768376540172540324,6.7332507326594015,8.802011002553682,1.901832112760069,1.9383430271990156,2
1768376540222586389,9.971777154707873,8.962218394746667,1.9042133281028504,1.9367297232044378,2
1768376540297644693,6.93398783450383,8.974426602362584,1.9013114007869767,1.9376745069127594,2
1768376540372829802,7.352960454781288,9.045329899698492,1.9013119138430705,1.9379277942063406,2
1768376540423210523,9.535000009291306,8.887548732730718,1.9045057814552495,1.9382606257468602,2
1768376540573048508,9.378587157651719,8.966160939060513,1.903234175593219,1.9370648560047756,2
1768376540697716848,9.685543405138164,9.001058682127308,1.9035617163786598,1.9366708913122892,2
1768376540772737750,8.442293287373559,9.008367628472007,1.9023584237625553,1.937541451116479,2
1768376540897883342,5.2483357968862165,8.926375421772498,1.9004447084584342,1.939033682354319,2
1768376540972884150,10.427817141910323,9.129818946605415,1.9035632208564295,1.936270030257534,2
1768376541097911255,11.159072555828153,9.11443365005533,1.9037417935639906,1.9353122918074994,2
1768376541172658379,8.415549365866859,9.016842681795463,1.9018104292927882,1.9359426396126216,2
1768376541297652208,6.455856699197238,8.47548354246171,1.9040920879345644,1.9394492158350778,2
1768376541372841428,8.930682486179009,9.124602513250068,1.9020837799506451,1.9366764265635916,2
1768376541422434916,11.214988212987276,8.877795027380282,1.9057566608358623,1.9369517097794098,2
1768376541497692314,8.912562205312113,9.046171181989699,1.9023727360449498,1.936566300053352,2
1768376541623080015,6.957630951175409,9.148570692758277,1.8997044864455797,1.9370432964652746,2
1768376541823185882,6.702463759366006,9.123610180877407,1.9001765116211566,1.9375337718114929,2
1768376541972949199,5.4036585251207025,8.686699735340584,1.9014291355831379,1.9391418151599709,2
1768376542022862135,7.918744452389159,8.859367182691603,1.9020986873233743,1.936840774773404,2
1768376542100289922,7.523633961912912,8.878011471024628,1.9023088013681941,1.9376411453898166,2
1768376542222613293,6.010067697392207,9.070645703204566,1.899318683574256,1.937526757602252,2
1768376542297993279,7.814858791771462,8.876435283832448,1.9024602539007138,1.9382787692966459,2
1768376542422761589,9.602599049795435,9.106130559316666,1.9023273157713492,1.9358380865839324,2
1768376542498108395,8.911977946572058,8.880300812131779,1.9035668909750314,1.9377837758017797,2
1768376542572676867,9.185260385683458,8.998371459727538,1.9032504914156565,1.9376857308309885,2
1768376542622680742,7.4906915992489775,8.97034906463365,1.9010106730209342,1.9368110701151626,2
1768376542697927701,7.410920505758201,8.979529571597226,1.9013327048134223,1.9375266926961983,2
1768376542773135133,8.422105109170408,9.009359319577264,1.9024466554518302,1.9374235120561765,2
1768376542822585303,6.301627429703638,8.749144656005306,1.9031531701131452,1.939819907810165,2
1768376542897962217,7.650486916412458,8.934619979934274,1.902234851537839,1.9375655643044372,2
1768376542972879066,10.691170977334297,9.020405331339648,1.9043716313430674,1.936424469092052,2
1768376543098065842,7.5413865779501155,9.199576632430315,1.8998505361737026,1.93662186786623,2
1768376543172909600,9.113186863173528,8.894698540146319,1.9035183066403287,1.9376681796491795,2
1768376543372716929,5.282037509015902,9.191397532806818,1.8972851116272116,1.935925619140288,2
1768376543422871792,6.548502704808001,9.034045405407383,1.9012202809668166,1.9376199028246384,2
1768376543572852694,7.46722014106882,8.827045752692936,1.9026983857270456,1.938075608417358,2
1768376543623007547,6.781303287406226,8.741411625739342,1.902466730851301,1.9384050488760933,2
1768376543697969990,8.245356348688615,8.949261348356922,1.9022095731478244,1.937133294362046,2
1768376543772823756,6.773875549519692,8.708491383240446,1.9032387161836077,1.9390203666468082,2
1768376543897827011,7.019100371290721,8.960266710800864,1.900925782535646,1.9373317976047977,2
1768376543972717110,6.8240431389725575,8.943390727748666,1.9007323801013587,1.9374467913750424,2
1768376544099174805,7.63542365431058,9.039293380065654,1.9017986122554353,1.9376325636617948,2
1768376544222530272,7.795854948264402,8.747397254266712,1.903770010190111,1.9382512425115161,2
1768376544372751563,5.247369864253226,8.684795188453792,1.9017541761947525,1.9387751575787953,2
1768376544422503400,7.1237554254601765,9.03035772536856,1.9005563755126627,1.9373543520389624,2
1768376544498447389,7.3609981296776095,8.894503867165147,1.9018823241395015,1.9376565045160627,2
1768376544572588350,9.081525255483447,8.776121152302881,1.9041786344780192,1.9375717318062589,2
1768376544622593147,8.773185396301342,9.101971928958742,1.9021624696298456,1.9373267985755103,2
1768376544772604966,12.184502082444926,8.861037729785085,1.9068979873970777,1.936999228296136,2
1768376544823179113,7.704478156558503,8.92674105008945,1.9024120675835101,1.9378469513741046,2
1768376544898800877,10.323927654669829,9.225167422462759,1.9026039347858212,1.9367202992713741,2
1768376545022576084,8.034962981428473,9.044454833049342,1.9013234255614941,1.9366311171366661,2
1768376545099345663,9.34776644370272,8.941378731979318,1.903244667025018,1.9360595267684504,2
1768376545298774768,6.693979642504511,8.790002298956828,1.9018735464454468,1.9381190351822877,2
1768376545372747979,8.937607772089073,9.133090483674254,1.901743527462774,1.936255676365055,2
1768376545622821108,8.518648698624176,9.048136008061762,1.9017617399602795,1.9369314021077364,2
1768376545699319630,7.84150163531816,8.819683831397999,1.9031288956364159,1.9382611882164873,2
1768376545772726730,7.077182604368959,8.7659957317833,1.9023704442300666,1.9383761055740978,2
1768376545898601691,6.587119469722458,8.723792349072948,1.9033526465136459,1.939416812707862,2
1768376546022673488,7.035318982361094,9.076954816688552,1.9007526367961676,1.937255550475589,2
1768376546100042647,6.130535241537727,8.811421468534578,1.901706108592607,1.9386269214437837,2
1768376546222823284,7.019946636708463,8.675594913727057,1.9032164252142856,1.9387831555510315,2
1768376546298731866,7.91190474266501,8.822869567072697,1.9031547080114561,1.937326031283439,2
1768376546372723789,7.577858513097002,8.971851167330657,1.9015005216895158,1.9370473926043568,2
1768376546422691187,7.226700199503666,9.112831644276934,1.9002163711861275,1.936929519674098,2
1768376546623274408,7.531604927030422,8.910444450252806,1.9024013742946475,1.9374759783675606,2
1768376546772659674,7.764938557559553,9.023338625725872,1.9015824865921689,1.9373300338086261,2
1768376547022763202,7.733630547550163,9.159336829384499,1.9003909787491926,1.9364192455780878,2
1768376547172976856,7.772164597236397,8.952110652265432,1.90178901284894,1.93830579862412,2
1768376547223133527,10.322213506498423,9.04068025202702,1.903727624377343,1.9360851370844452,2
1768376547299764231,8.066506927797201,9.137529292694442,1.9007091286125712,1.9365260036239902,2
1768376547373171230,6.900739308143722,8.986821916408408,1.9009441197423773,1.9375785505608218,2
1768376547422562095,7.495647980435338,8.943564154412133,1.901752603200736,1.9377415933141997,2
1768376547500383759,6.421335277911222,8.752815377040603,1.9020289402585493,1.938485770268921,2
1768376547572839954,8.954777770787903,8.95906280178811,1.9030197533649675,1.9366476564886324,2
1768376547622772908,5.176681992324683,8.778942110052515,1.9009542491316085,1.938777655311154,2
1768376547699691423,3.635150377910623,9.007722155502515,1.8972832230565626,1.9377640956803555,2
1768376547772787453,8.002030497991974,9.147186790573878,1.9007913534500702,1.9367116423526463,2
1768376547822966908,8.955478207365086,9.047271928178331,1.9029525215096237,1.9369364438131218,2
1768376547972685741,7.726958697626074,8.796278520779339,1.9022562310841982,1.937822268958525,2
1768376548022711739,9.02048962793689,8.81328009638898,1.9041915336439066,1.9370092440489444,2
1768376548100101558,6.7912266839433855,9.017148645300512,1.9005148559233125,1.9378563525354062,2
1768376548172858522,10.342537597513024,9.075341358799037,1.9034279601400734,1.9361745870916822,2
1768376548222964107,5.34329856008342,8.932687298600618,1.8997901122551866,1.9382048922636377,2
1768376548300460294,9.662054575557244,9.130600748722525,1.9025512306446357,1.9361142285579873,2
1768376548500235114,7.227042223090896,9.012676032601481,1.9003869656014374,1.937034152952016,2
1768376548622815587,8.75412458439273,9.048255075131635,1.9020608589025887,1.9368750500317085,2
1768376548772721832,9.512678027536747,8.637195291213148,1.9058815064289982,1.9373187934975518,2
1768376548822828414,5.001757217629299,9.079882456353007,1.8983555710129896,1.9371868462621036,2
1768376548900299191,7.096524775153323,9.044288117206046,1.9003189993400413,1.9370784977672948,2
1768376548972823869,7.601255373930638,9.10183400782144,1.9008304733224277,1.9369997327762534,2
1768376549222585005,8.97375412942547,9.190015151781461,1.901529617090886,1.9353380757055334,2
1768376549300817278,9.514478276352323,9.000172074367477,1.9034642974561513,1.9371435938386574,2
1768376549372820036,10.956689651969054,9.152234133554076,1.9035864620632466,1.9356997354805274,2
1768376549422625297,6.246245335547407,9.008216485853119,1.8999600947972408,1.937295810729488,2
1768376549622851045,9.992223986906135,8.899090486025013,1.9048624962366287,1.9379862685137945,2
1768376549701049143,6.287129261407953,8.777139488048087,1.9015377817796204,1.9375541623611796,2
1768376549772854112,6.376116220823125,9.29545237651542,1.8984540218711872,1.937455124764723,2
1768376549822979398,7.943788475465174,8.966136997446402,1.9020892110859473,1.9372774184503874,2
1768376549973908176,5.703520206737256,9.015708112418933,1.8992782041686622,1.9380155030040451,2
1768376550023390336,7.753868176977541,8.886229396895247,1.902053529142365,1.9372060874134232,2
1768376550102481295,6.254190953285166,8.914611437225725,1.9008017918520717,1.9378173405140109,2
1768376550172784478,6.654652674547901,9.10160811032416,1.8999603555061986,1.9371691451402293,2
1768376550222678959,8.130974359784604,9.049511594251834,1.9012071554925163,1.9362047395886008,2
1768376550298185639,6.741256925134609,8.83084505649577,1.901866464762084,1.9380291284640652,2
1768376550372952774,7.932474900621989,9.153141161105166,1.900860364862666,1.93689263103556,2
1768376550423194779,7.218299691535313,8.708772945516806,1.9034413818001457,1.938536975078313,2
1768376550502745825,5.738465755296351,8.769383232526348,1.9008198259430167,1.9380006948256205,2
1768376550572916463,5.9856543847123245,8.799964637250604,1.901223289411541,1.9386926328500707,2
1768376550622704454,6.21029497757708,8.977705146311473,1.8996484942064544,1.9372915910873463,2
1768376550701101471,7.060952358147965,8.905343660542979,1.9014683518350783,1.9375406046352928,2
1768376550772735514,5.717840374624528,8.998030931124655,1.8998801293276157,1.9378273792868512,2
1768376550822704526,8.559860827799026,9.113072037333726,1.9015082816645845,1.9362514729178728,2
1768376550901347770,9.191911196405611,9.11587879518862,1.901857429000322,1.936359152200429,2
1768376550972653348,5.694060098904163,8.8861491644945,1.9006777426417214,1.9380104705999106,2
1768376551101281455,6.142275787967,8.895233329561176,1.90177301433441,1.9385310738907304,2
1768376551223272577,6.824463916745183,8.908204903887842,1.901484781676713,1.9383150756851752,2
1768376551301419328,7.0448384142707265,9.11502265769975,1.899609518082249,1.9361538811155141,2
1768376551422858886,8.724060473860318,9.105081976262252,1.9017811788577068,1.9367801228732744,2
1768376551498433082,8.616512903420137,9.047152359102713,1.902359261201685,1.9365783459336308,2
1768376551572693276,10.028291585386429,9.194137159477643,1.9019547654782767,1.9358203269215362,2
1768376551622701107,7.26981882121458,9.16457299601948,1.8997436204121607,1.9367106245050514,2
1768376551701812580,8.55765736931291,8.960419615665298,1.9025148302434247,1.9370360805262503,2
1768376551822735878,8.684082878164023,8.84028623498686,1.9037439401665193,1.9378836207787213,2
1768376551901116182,6.9080062172957035,8.839776651324286,1.9015379044887826,1.9378146311276574,2
1768376552022944932,5.782504130827482,8.965879993529674,1.899718232227251,1.9378395420413552,2
1768376552102224244,11.543291853272075,8.961824096883207,1.9056199512591447,1.937101523936278,2
1768376552222599305,8.69394985376859,8.933806345111808,1.9021878646278645,1.936088910989067,2
1768376552302065227,6.40814962118208,8.910958923011437,1.9013510805586715,1.9382363973706,2
1768376552502434295,8.00213095720892,8.874204982650026,1.9023585865087251,1.9379821709826297,2
1768376552572748380,7.899578746521696,8.88409167476367,1.9024621189195003,1.9380402413799305,2
1768376552622620280,7.370052415886397,8.842346928516267,1.902798348263658,1.9384195657207557,2
1768376552702744697,8.607976952641705,8.853835969741183,1.903714130796944,1.9376822814558567,2
1768376552972879065,7.078226519532826,8.853721249088224,1.9019316482697142,1.9382570387703402,2
1768376553022615883,3.380762848264718,8.722187827337127,1.8994680734338132,1.9400260559923028,2
1768376553172830524,8.22040735425933,9.115158568181032,1.9014005659028799,1.9367963494054505,2
1768376553298159687,9.817836877213937,8.96973001350579,1.9037079066896483,1.9368507032329112,2
1768376553422508478,8.966003178086712,9.10908150293217,1.9017861157999278,1.9364551542006898,2
1768376553498584868,6.692382404671182,8.81986406970899,1.901778782601969,1.9381845617939781,2
1768376553572694133,8.162670320952303,9.09497208734492,1.9016875854458082,1.9368041445411415,2
1768376553623199792,8.839578416826921,8.983335746863544,1.902592261419924,1.9366740288464355,2
1768376553698384348,8.217558717153794,9.005845404167575,1.9018594266120632,1.9368855019924793,2
1768376553898045678,6.195149886808471,9.047367999443749,1.8999232994322734,1.9382008584193733,2
1768376554022655471,5.346615759606488,8.860281140088306,1.8999979020930582,1.9388421123304802,2
1768376554098149784,6.244287157719519,8.8699703486689,1.9007661492840229,1.9380210944075125,2
1768376554222735878,7.278900679903444,8.984492736832083,1.9012441761991892,1.9369610677850388,2
1768376554372659422,8.776300890459332,8.842102719029493,1.9038788510813227,1.9375569166265807,2
1768376554423251981,7.792459951975861,8.904291633872248,1.9024985906507517,1.937815421266047,2
1768376554498634501,10.156885372756719,8.721605428488221,1.906176390149323,1.938029580975441,2
1768376554623230577,6.7074880336803755,8.799086721817643,1.902599280769659,1.9384931041408082,2
1768376554702491311,7.141625910234817,8.81804816920031,1.9019374923484336,1.9373174131023885,2
1768376554772776756,7.7888652954178905,9.104599771155575,1.9009689323172652,1.9372487653360535,2
1768376554822704830,6.765415157847343,9.030537392306993,1.9001378575798533,1.9370894817568454,2
1768376554898567633,6.752632450392149,8.878640328500582,1.9010846523768614,1.9376636781073422,2
1768376554972665198,8.51760735812257,8.969073677281255,1.901969361988807,1.9356401562090855,2
1768376555023014558,6.074452612405246,9.142588753814703,1.8995159228925464,1.9375180950442168,2
1768376555098267947,7.738157425459802,8.965998687335444,1.9015946083372177,1.9371904179683932,2
1768376555222810716,9.09085055250225,9.077066095710563,1.9019605689665728,1.9364532177880112,2
1768376555298162813,9.340700122863588,9.14424398462926,1.9017811791497414,1.9361864618969113,2
1768376555422781787,7.58052891026062,9.111922937313677,1.9011927216751368,1.937486860364427,2
1768376555498126955,7.552843187403679,8.803198525428378,1.902614287958483,1.937696877521119,2
1768376555572838261,6.835479107842213,8.832686046693185,1.901523536349331,1.9380057083889821,2
1768376555698435772,7.70636000084246,8.829570206423865,1.9021055759067607,1.9370948574697449,2
1768376555773220439,8.04706316707371,8.951113682392272,1.901616012086699,1.9369260826247887,2
1768376555822618533,4.907369401056183,8.999422428683754,1.898663016523951,1.937332187615451,2
1768376555898391933,7.648951524477754,8.711798542939073,1.9035120537739598,1.9380736325717551,2
1768376555972792590,7.980621861147785,9.088949805963148,1.9010263115652157,1.936796943232885,2
1768376556023261737,8.472033100034748,9.028456507350139,1.9022878350214576,1.9375417200373641,2
1768376556098813501,9.023770072423831,8.908280621939994,1.9038906112055929,1.9373789991151278,2
1768376556172830451,6.7866094732262905,8.76394083712598,1.9019521668648205,1.937558964640243,2
1768376556223116452,7.52148339276415,8.94116755880522,1.9016522090533188,1.937074826503505,2
1768376556297846543,11.120727721155577,9.077886883697042,1.90409444826853,1.936102438081602,2
1768376556372672772,7.096365739637234,8.905767269107809,1.9015181040928029,1.9368942039405674,2
1768376556422758081,7.0799334230320365,9.007843402112856,1.9009586590942047,1.9375970365736714,2
1768376556497923133,8.711882292800732,9.146756684678715,1.9012469942581858,1.9361185433305752,2
1768376556623039185,7.292333907467752,8.815631373929298,1.902757534469846,1.9379668725569494,2
1768376556898148748,5.419268372698349,8.932416918566378,1.8998385215544646,1.9378106507833195,2
1768376557022709443,6.753114120578774,9.118551119822463,1.8995945822332965,1.9360614600530293,2
1768376557173734369,6.925627934508016,9.02143233729264,1.9003623345481453,1.9366996009927924,2
1768376557222750143,6.091921717391369,8.990077031097416,1.9002608779198398,1.937249383782613,2
1768376557297662387,8.994064902990928,8.682420033270434,1.905069343542504,1.9382188878848197,2
1768376557373006386,8.978472324848497,8.929623416953708,1.9026952483103534,1.935717646574343,2
1768376557422569916,7.669296854997176,8.746623830214865,1.9033833784876895,1.938347534305973,2
1768376557622844184,7.653067793980339,8.939804686295972,1.9016238925126991,1.9369053163187113,2
1768376557698060199,7.218386815381006,9.178816431633017,1.8992604894600267,1.936119331241657,2
1768376557772844783,7.29597210388766,8.769217763416519,1.9030409153630339,1.938233888571005,2
1768376557822754981,6.831681491358488,9.124088520419393,1.8993191258577102,1.9363927775260965,2
1768376558022592302,7.942217400808804,9.00648993718522,1.9012462715770413,1.9362966100023595,2
1768376558098168436,7.047860738978562,8.540755288735138,1.9039187445480987,1.9381834548424457,2
1768376558173010181,7.003394484996983,8.675956787009321,1.9029668132021262,1.93878431623303,2
1768376558222731513,8.80708747997061,8.981292891537285,1.9024843196201966,1.9361074424670777,2
1768376558497805436,4.52955735363858,9.178535436210478,1.898117831709296,1.937664781183632,2
1768376558572792477,9.025136994014638,8.809818133353684,1.903919130281542,1.9371694618446278,2
1768376558622707300,7.496031606142317,9.165047087298037,1.9002207605749566,1.9364106001087327,2
1768376558822582450,9.851109276536096,9.267097845966731,1.9013938249124562,1.93553938141756,2
1768376558897908272,7.989616953585799,9.06926103224566,1.9013491909869582,1.9365411637476166,2
1768376558973088365,6.906900008837535,8.982658789759181,1.9015311704062978,1.938636342296534,2
1768376559172774970,7.287998587680367,8.982310746303552,1.901398255092607,1.9373493112340214,2
1768376559222933798,6.915100753433823,8.95026616507544,1.9007610142065614,1.9367122144145243,2
1768376559298170136,8.314668967794425,9.056460069471663,1.9014405452703216,1.936240071881994,2
1768376559373434354,8.07305336434272,9.041337484708986,1.9016517337507421,1.9369215869894674,2
1768376559622708765,10.95936401290909,9.03750982730766,1.9041594211352535,1.935497114714326,2
1768376559697792723,9.848325802810809,8.716420987669213,1.9059902203981267,1.938172922335146,2
1768376559772730200,9.339113076071826,8.99767415643882,1.9030466231468863,1.9368753188852912,2
1768376559822935938,7.716406921811858,8.77677320181219,1.9031942973466836,1.937380767393341,2
1768376559898200202,6.971693466180984,9.101329923624686,1.9003538900498638,1.9373673951146924,2
1768376560222955515,8.193053257554928,9.112085729133739,1.9005473746192196,1.936626684050327,2
1768376560298093988,8.6115113768499,8.741175324751563,1.9033453000269864,1.9370957559661786,2
1768376560372922744,8.209220550322804,8.865493615800148,1.9029966138037095,1.9379678914250298,2
1768376560498004523,8.69937736430737,8.956797700016098,1.902934853345799,1.9369282668765166,2
1768376560573166889,7.718985442659809,8.819819006275194,1.9023316767301879,1.9378078838692627,2
1768376560623061382,10.547441446094874,8.788872332719075,1.9053766235301604,1.9363516957578055,2
1768376560697892050,6.451518014926716,8.962512234340451,1.9003960829476512,1.9377241346590015,2
1768376560772969286,9.358352251863877,9.033431115003465,1.9026943341932379,1.936616979707436,2
1768376560823094639,8.32286888393341,9.02723009122956,1.9019376154317382,1.9366392335741023,2
1768376560898192676,7.689544224193989,9.2696867026984,1.8999752895965694,1.9367108610276902,2
1768376561023101039,7.135485766452732,9.036506808362798,1.9012566482435183,1.9376430575204795,2
1768376561097847036,7.15760042342195,8.929592535570825,1.901438911753885,1.9384505534488459,2
1768376561172991967,9.881894060824292,9.028785713397255,1.9031015650843535,1.9370171002292464,2
1768376561223072408,8.829749967518952,9.018627241913688,1.9021458246948304,1.9366382837006768,2
1768376561297655269,8.237325193207523,8.868526484534089,1.9024926382042056,1.9373599278909575,2
1768376561373052830,7.845841940203657,9.152558974849002,1.9012777418178073,1.9371672524971961,2
1768376561422931948,8.636535496393538,8.747632265943926,1.9042981443691944,1.9385759599711936,2
1768376561498040014,7.218675096411165,8.7784215589915,1.9020795503078176,1.9380914975089782,2
1768376561573093681,7.814367935230049,9.290877916295685,1.8998570224274915,1.9362888128683573,2
1768376561622997760,7.984657482652757,8.970662022603207,1.9017775381725766,1.9367999872053006,2
1768376561822970366,7.260379209314438,9.065757659116745,1.900117914792644,1.9366643040608091,2
1768376561973605339,9.441096700931073,8.897439575399558,1.903436798630412,1.937338591459706,2
1768376562097877774,6.47642149734895,8.706018900987086,1.9022700014572593,1.9392795581173814,2
1768376562298234271,7.6605479392022335,8.881917491495182,1.9014853954315454,1.9368811687604006,2
1768376562372995700,7.575068908348914,8.830946199566744,1.9027137925964566,1.9379682052857334,2
1768376562576729998,5.921072289788887,8.755007922634118,1.9003627516353054,1.9376840711567873,2
1768376562622952476,7.688261280179409,8.904060067477937,1.902334901802408,1.9375348670124584,2
1768376562697687512,7.582101591466772,9.020302109550505,1.9013606762519042,1.9372408012138564,2
1768376562773542927,7.126304086066515,9.021882414498867,1.9003104955367771,1.9369026151723827,2
1768376562822724297,9.418169490488015,9.00477472767018,1.903523749108369,1.9379906648150724,2
1768376562897834720,10.460214650030109,9.283468807108902,1.9020997616556357,1.9357422433539642,2
1768376562973327845,7.956403034815818,9.026390859871439,1.901356653301999,1.9363541838425598,2
1768376563098310379,9.383885023152239,9.052783120571986,1.9026051336448053,1.9365741612141785,2
1768376563173251698,7.443521484329585,8.989369788870418,1.9013718817895482,1.937284197656307,2
1768376563497960797,6.941585180535004,9.090586020362187,1.9004529455136248,1.9372671869327482,2
1768376563574959984,11.333526253865855,8.926871548782003,1.9052407929329722,1.9363773342618003,2
1768376563622688111,8.431130972526901,8.950356053545148,1.9025347604329883,1.9367380262081444,2
1768376563698446743,5.137654689334248,8.735696381796311,1.9008151769259072,1.9386788971618127,2
1768376563773659381,6.425889948278973,8.85538822327149,1.9012587239890266,1.9384078789175414,2
1768376563823136577,8.816739431666942,9.040492288269645,1.9017282372478839,1.936234289502631,2
1768376563973729747,10.16118471559646,8.920413359222458,1.904323940286551,1.9363263393606798,2
1768376564023348882,7.1875805663417225,8.702016866777102,1.9024499356540363,1.938256071229988,2
1768376564098212362,8.15531763498445,8.988198849462595,1.9016671554572655,1.936727847224355,2
1768376564174013737,9.809325128035118,8.919717634717747,1.9038220961800487,1.9366081300260778,2
1768376564222700094,7.542634744337473,9.002973024319955,1.900669137589521,1.936345456227558,2
1768376564297795998,10.3697302220509,9.2184015907798,1.9024286124074976,1.9355095035515346,2
1768376564373396488,9.884181311224705,8.9696287984631,1.9037410918212077,1.9362683547201918,2
1768376564422812897,10.137691258760961,8.979299528115428,1.9037741682798794,1.9362740157307525,2
1768376564497957654,8.898752260066756,8.837839796978706,1.9036988277986615,1.9374279960526049,2
1768376564577474201,8.727903308969553,9.111137911999927,1.9015971453859537,1.9367346141349435,2
1768376564697809593,7.977703458196483,8.964192456417178,1.901760487994365,1.9371677458698766,2
1768376564775935445,7.109778207645467,9.089409820280972,1.9002007153265243,1.9369890990131735,2
1768376564898109715,6.668929137656487,8.793438801755356,1.9019366302961005,1.9388384167294355,2
1768376564973626701,7.755493984576978,8.850905058303255,1.9028048687563457,1.9377940081405813,2
1768376565022679460,8.402105480402877,8.975367262953517,1.9026486645910727,1.9377546694437662,2
1768376565097798419,7.8434168535779225,9.034928692756935,1.9016541577332389,1.9370510836010308,2
1768376565174676124,8.052229166875424,8.87555572642226,1.9027333151554944,1.938164117583993,2
1768376565223190188,6.811617882469756,9.130325847641416,1.8997997659608594,1.937337991369297,2
1768376565376991817,8.224015798104833,9.119476747367218,1.9009845568560346,1.9369786758825358,2
1768376565623333061,8.699955928989755,9.023070898582848,1.9020686700108795,1.9371558602048637,2
1768376565697852720,5.056022309053665,8.69945858624524,1.9013469200943907,1.9397491887637033,2
1768376565823255236,7.826535910021581,8.881953975893577,1.9021709958614528,1.937660664889637,2
1768376565897973442,9.921838896689295,8.767084788048656,1.9056978918369318,1.9381424133225815,2
1768376565975061404,8.514022661587406,8.917993045447176,1.9027600377675735,1.9375101709667597,2
1768376566023297836,10.556644904027968,9.049095715742705,1.9042167131484546,1.9372237940659203,2
1768376566174817906,9.32948059407468,8.787538586961073,1.9042462383640841,1.9383115850959467,2
1768376566223150104,5.757697628157921,8.752586692993892,1.901428562453242,1.9380085454638707,2
1768376566297902894,8.658792409940386,8.847957031886876,1.9033803441386963,1.9376538636799283,2
1768376566375774605,6.576173549057929,8.734434848896955,1.9023289285837761,1.9384875476550416,2
1768376566422943643,5.3719527185878135,8.879494439858695,1.9003985626130484,1.9384067295122782,2
1768376566497825452,7.910711852952224,9.15761363174468,1.9010174799847341,1.9365203796347812,2
1768376566577049279,9.030640701704673,9.049565634143372,1.9014251674450813,1.9360752093742573,2
1768376566622696496,5.045938997568555,9.089404444312134,1.8981058193090241,1.9374609358686399,2
1768376566697591048,8.188863710382854,9.055694376119778,1.901827088013739,1.9371668160293345,2
1768376566775274674,8.011674275170355,8.794673624453457,1.903693007235985,1.9376282562857157,2
1768376566822758207,6.02999545522076,8.852687026773856,1.9007564375951709,1.937918799514915,2
1768376566897879812,10.305650385152632,9.057823807852126,1.903330938925909,1.9357190486685316,2
1768376566975119025,9.49550521798792,9.220622545926922,1.9013123368804616,1.9351396003399772,2
1768376567022981449,8.402814222422172,8.8537206596671,1.9029699257238082,1.9377853333708739,2
1768376567097889591,6.947037551396695,9.089211631770457,1.9002646485367791,1.9364661040342939,2
1768376567175400285,8.088437111723135,8.882424426432769,1.9023063916113512,1.9371801763211003,2
1768376567222889672,10.727270601039285,9.04607921618941,1.9041605925465375,1.9360475867309963,2
1768376567297832613,8.2058285465898,8.833660216267788,1.9032062116773776,1.9372708420606515,2
1768376567422684170,7.928269994375015,8.835123088987165,1.9029901718578055,1.938254504308403,2
1768376567773427257,7.162101595839854,8.996508746244722,1.9007350321727399,1.9368487644515828,2
1768376567898027703,9.09887351028038,8.919853154983516,1.9032333629799516,1.9370488343365835,2
1768376567973403271,6.970285074119564,8.710721555267106,1.902533799739033,1.9374019058227527,2
1768376568022877581,6.541818110606501,8.951373345814215,1.9003237880195527,1.9368940001873056,2
1768376568097787182,6.172060005043445,8.764215139977312,1.9019838420247246,1.9388044594346694,2
1768376568375571476,8.780473917834541,8.987140819716187,1.9026207545186355,1.936956521693787,2
1768376568422865649,7.030238436549041,8.930842041599849,1.900975162455086,1.937607301256262,2
1768376568498502290,7.844194212806688,9.113702137465722,1.9006636128181695,1.9362070440835981,2
1768376568576464077,9.524704190303934,9.075681581341856,1.9029032500287404,1.937318514360712,2
1768376568622833159,5.485153187434699,9.019663668130733,1.8995185524271456,1.937222351814898,2
1768376568698035998,6.426565331886014,9.04558071424317,1.899639309862812,1.9370469658767506,2
1768376568777102725,8.6200342125613,9.060573795055154,1.902185573168299,1.9367756794777753,2
1768376568822950743,6.626280929896922,8.991339909422301,1.9009501611562614,1.9375687227135048,2
1768376568898312876,5.773517951903173,9.059117210919702,1.8991302815896356,1.9371680588550955,2
1768376568976546846,8.066154696346306,9.14827450913636,1.9004471793374356,1.9357940018901287,2
1768376569023275455,9.190625710588485,8.799635593663291,1.9043802097457767,1.9368837513061912,2
1768376569097724806,5.7687556810128715,8.668799836251482,1.9018487456926851,1.9386124014407002,2
1768376569376661577,7.0533702391730735,8.849458710563017,1.9018825502483445,1.9382781806656593,2
1768376569423198656,8.091399554190915,8.924597975992931,1.9015438981435497,1.9369352074239785,2
1768376569498039435,7.309998081793667,9.101297395983533,1.9001464502053917,1.9371674215558607,2
1768376569622837612,6.261023005495359,9.024354221236832,1.9001261470464825,1.938304027686564,2
1768376569698315365,9.71326664869232,8.86557486294958,1.903968561371617,1.936848072487508,2
1768376569822801973,8.867637688780405,8.945388976081398,1.9029115838844215,1.9367646596875319,2
1768376569897876927,8.685196797747707,8.82825534031136,1.903440650958406,1.9373332705885167,2
1768376570097850266,9.37503970462239,8.993377927759061,1.9030222026357322,1.9361133394163195,2
1768376570176946218,8.126345192146278,8.798759387563607,1.9030950893970133,1.9382535252271784,2
1768376570298020645,9.138929934728202,9.157459065779904,1.90150387960812,1.936137893176231,2
1768376570377272852,7.541363961493852,9.289989404915424,1.899391397157902,1.9361773516317786,2
1768376570497967753,7.638443026500186,8.906085276595354,1.9016417653308935,1.9379823645574565,2
1768376570622868256,7.951307595587043,9.041582511755418,1.9019396323072697,1.936946293031512,2
1768376570697821542,8.400152026030616,8.862195948220624,1.903080850818607,1.9378208695565167,2
1768376570777041201,7.659214880018528,9.005096355441715,1.9010246616943403,1.9364138651086225,2
1768376570822901513,7.565162912483325,8.91628975549736,1.9019995325040897,1.9379062801862126,2
1768376570897978055,7.437927492591978,9.084543441452887,1.90033112208248,1.9375651865645798,2
1768376571023007224,6.867578633389604,8.989109473569217,1.9008747238735242,1.9376081403703267,2
1768376571098477572,8.21155621584091,8.99136084337054,1.9018220615434183,1.9370350034736914,2
1768376571177134170,11.097813526166567,8.98326500249871,1.9045923866937555,1.9362317718763533,2
1768376571223277198,7.173146950863352,9.030543196012825,1.9004308268836505,1.9362236239602753,2
1768376571298111475,5.564577408996962,9.162123631133609,1.8985513629627249,1.9377101036930102,2
1768376571498155087,7.373900242362508,8.920228624433035,1.901297653257748,1.9377191389862694,2
1768376571577435289,7.948357922888949,9.297478350733092,1.8995096875932191,1.9359222852272238,2
1768376571622856100,7.106389283566994,9.0818641381008,1.9007902402575754,1.9380867273206006,2
1768376571777638089,7.333966350900445,9.201665644616673,1.899715509807014,1.9367849024398918,2
1768376571898050741,8.896208841528086,8.921961052946154,1.9030607093694665,1.937146985028892,2
1768376571973929777,7.529539849825184,9.075972059335012,1.9005586163818027,1.936885182286455,2
1768376572023256238,7.043168600674665,8.935783564749402,1.9008836970478733,1.9365783649854382,2
1768376572097898690,8.79480509500885,8.974167248480315,1.9026811394344392,1.9373179313815228,2
1768376572173409142,6.292193859581685,8.835534491446978,1.9013533572040426,1.9375389948606816,2
1768376572223228801,8.141177444886738,9.00589046853559,1.9024524631928865,1.9375597585455793,2
1768376572297927491,8.302043389471825,8.820859712003537,1.9039177378170236,1.9374996620135063,2
1768376572373457963,9.139806087480107,8.639976474224623,1.9053904283019325,1.9377849540986793,2
1768376572422852896,7.8201389924619225,8.70694420978529,1.903639518422856,1.9380667788677588,2
1768376572498304114,7.744794677653433,8.942073755080092,1.9014645860701762,1.9367553301331788,2
1768376572576650119,5.763000015977848,9.026903936051934,1.899371343069396,1.9383962177757807,2
1768376572625287367,7.646185251156901,9.042764378355912,1.901726683573114,1.9373088061621222,2
1768376572698366383,9.375366045411893,9.001342130010036,1.9032019140387375,1.9364316698351933,2
1768376572777428314,8.318825367906735,8.757082207633333,1.9039633856086318,1.9386102834923515,2
1768376572822775434,7.766048371134149,8.819705251307743,1.9026130533958394,1.9370645368156016,2
1768376572973434000,9.025064101187752,9.132234747475879,1.9024104707870235,1.9370580838259603,2
1768376573022724831,9.488071711951873,8.812268069502307,1.9049180058552844,1.9368323835943095,2
1768376573097910563,6.1749867378237955,9.107449063705756,1.8994630584971837,1.9368839077357216,2
1768376573173518698,10.142339924819499,8.960107150239002,1.9034243547096539,1.9367977549057387,2
1768376573297908459,10.884851779798144,9.010787933323682,1.904241700468784,1.9363938714294258,2
1768376573422819549,7.715433466706001,8.817253910737206,1.9027348060064968,1.937934710089261,2
1768376573497963643,9.42854487402034,8.885326431904605,1.9040419451310835,1.9368615151638804,2
1768376573573770582,9.03152473539115,9.08899702238953,1.9021708944542564,1.9367766894331233,2
1768376573623251621,8.250162851401122,9.10106298213685,1.9008411569305117,1.9360136016250318,2
1768376573697889045,11.689941114612523,9.093313053059763,1.9045461499339553,1.9362978583253505,2
1768376573773350651,8.849435181493392,8.822316882265978,1.903689909322,1.9374186941117328,2
1768376573823263994,8.150641461112551,8.99670961840405,1.9018872277971195,1.9358842192890087,2
1768376573897916762,8.857766280155444,8.956427308560947,1.9030697040672242,1.936836778721126,2
1768376573973549738,4.650008179782894,9.240536799960147,1.8966187759553228,1.936602726847506,2
1768376574098783496,4.710062873411802,8.90709357483353,1.8989574405258023,1.9378245018883884,2
1768376574173078805,3.965089800876953,8.967069158786277,1.8990262158082953,1.939254417514177,2
1768376574223088857,6.686226971260423,9.180771212787516,1.8988816390646903,1.9366144909732845,2
1768376574298338980,8.5936367183157,8.855129216618758,1.902854280599376,1.9365837086799573,2
1768376574497926797,2.652779951880957,8.624044323514129,1.8995377417364212,1.9404549386049017,2
1768376574573748264,10.717146445905268,9.108088981097467,1.9037457730088396,1.9355971234360112,2
1768376574622801838,6.387015151040565,8.71270758335153,1.9022581048419802,1.9380064034266204,2
1768376574698396521,8.751853768365958,8.793692165296006,1.9036450552565933,1.937179190881239,2
1768376574773634646,6.958322828323205,9.038624133687247,1.900778745638094,1.938122342853631,2
1768376574897870316,9.370305204557727,8.984095147061982,1.903141195449891,1.9362608029802633,2
1768376574973331932,8.37001265762316,9.020675491195194,1.901869928858287,1.936576299988929,2
1768376575022872084,8.466554551210814,8.99333658847415,1.901974210447635,1.9373636043459077,2
1768376575098426878,8.672415178020199,9.011874944142104,1.9023173780784475,1.936713881978844,2
1768376575173479199,7.302431588891212,8.77140198398973,1.9028384061919308,1.9381439538447927,2
1768376575223070343,6.870570102440077,8.870360996837391,1.9014278907984479,1.9382357303874735,2
1768376575297994851,10.987235878033852,8.753126092133488,1.905665743940224,1.9369280869977583,2
1768376575373333314,8.683770196978635,8.907362398927303,1.9025377828218468,1.9368179035872382,2
1768376575423004778,6.988898877012595,9.037216807219393,1.9009648033351076,1.9373686071791527,2
1768376575498016532,7.78555398331493,8.977223846685261,1.9014332310274569,1.9366991011536592,2
1768376575573166283,7.684645365725773,8.88721025664078,1.9020808107933411,1.936993214014877,2
1768376575623150636,10.91914983978759,8.944686450063365,1.905760650755475,1.9363550042988416,2
1768376575698109364,8.462368940626241,9.254219471514896,1.9011686717266967,1.9362111690601258,2
1768376575822675884,8.507503213683876,8.762315399037286,1.9034811052598133,1.9376871452910736,2
1768376575973300650,6.225080688244011,8.82235113832488,1.9016188387395474,1.938720135602429,2
1768376576022949093,7.291500226243697,8.928267720269995,1.9018856651625804,1.9379546272962038,2
1768376576098354650,5.388176680752199,8.917837176256947,1.8999725106634975,1.9391069079270982,2
1768376576223250151,7.197000675391196,9.285826764079221,1.899420049798176,1.9369909702486974,2
1768376576422833177,10.032566785381336,9.053413346607428,1.9037451296821126,1.9369154693304453,2
1768376576498086706,11.056607495184556,8.77261583880597,1.906169974145983,1.936698624700301,2
1768376576573054539,10.514783193049215,9.027940989059106,1.904161110595031,1.9364033698240255,2
1768376576698381393,5.149949600339987,8.954857194072837,1.8994132365289358,1.9376807168742647,2
1768376576822973047,8.560237769632772,8.938572854973408,1.9028957268749989,1.9380260076126143,2
1768376576897928558,8.98855854306091,8.888203311287649,1.903063376558397,1.936823960803882,2
1768376576973321529,7.889882201640885,8.643019115226966,1.9046658717239158,1.9380981823602321,2
1768376577022769930,8.937893637165573,8.945566157797654,1.9029217204333824,1.937114525286474,2
1768376577222804740,8.884892250984322,8.822755068152103,1.9030083446562966,1.9364426954971132,2
1768376577297987099,9.234948851726044,8.744126784090621,1.9039891800293456,1.9370818744933944,2
1768376577497940937,8.57672750995353,8.95887399505391,1.9027538537379944,1.9379873539833161,2
1768376577773371922,9.35045315009031,8.893851346029992,1.903080101372315,1.9362039764431538,2
1768376577822833321,6.452741521370209,9.058609221908979,1.899856347005352,1.9369656516769347,2
1768376578022972760,6.1808497379962635,9.118205046971017,1.8989101826067534,1.9371439446306853,2
1768376578098293722,9.234136622170652,8.764715547780572,1.9048712098151523,1.9385784151011105,2
1768376578173517428,7.186999740653954,8.903590861013674,1.9014112732449078,1.9382854363280084,2
1768376578298420186,7.389744383949903,8.95664062669232,1.9012050898112143,1.9365734657160363,2
1768376578373386105,9.896992942189264,8.803171729824527,1.9048470244789795,1.9369632342626384,2
1768376578423219544,8.61654038436499,8.983587955954752,1.9022010434763368,1.9364201428801597,2
1768376578572896923,6.5545700334184165,9.023847107839815,1.9002871975323703,1.9374354029587493,2
1768376578622704589,6.237281962544472,9.058016097303415,1.8989039289902885,1.9366337413282015,2
1768376578697833421,10.349207509112057,9.11613771463375,1.903406411374482,1.9360156974503062,2
1768376578773119743,7.786007440125253,8.815968930976245,1.9025025373065763,1.9376550825554129,2
1768376578898418941,8.760558062355761,9.081186488708354,1.901525705628439,1.9361574882389767,2
1768376578973106716,7.798959883337675,9.252713732591442,1.8997810104644663,1.9357278689827422,2
1768376579023254346,6.983693640125521,8.95129824159883,1.9006782742732344,1.9369222680781544,2
1768376579222981384,9.653696483277407,8.974257039043392,1.9031090066031446,1.9367413725278104,2
1768376579297886182,7.0820296777514,8.867667114227364,1.901817867618812,1.9382691940273453,2
1768376579373179661,8.797707748245509,8.719374421569313,1.9041031893733145,1.9383039309878227,2
1768376579423533804,7.697154053614819,8.956143459530738,1.9011278259943176,1.9371685012191677,2
1768376579573551963,7.588993944851907,8.83697968836373,1.902171588609082,1.937534336290398,2
1768376579622862579,6.755808666326635,9.059378366723621,1.9000655952297587,1.9377553639429945,2
1768376579697924922,8.211656727348693,8.99410358823673,1.9021032547142844,1.9364784051641983,2
1768376579822818194,9.4122272102648,8.836830192874128,1.90420145483989,1.9369898143784448,2
1768376579898551191,7.8347946766146315,8.897249783446957,1.9021135920211334,1.9365894075357957,2
1768376580022999869,9.77837599233844,9.02927567772337,1.9029052323198923,1.9358714530410173,2
1768376580173023577,9.54982684581629,8.995915318801115,1.9034372111871163,1.9368437812069952,2
1768376580223008533,9.441704143617224,8.833925344610941,1.904139732693489,1.9371327634631368,2
1768376580297958168,9.663302749256308,8.944043821649782,1.9035135626119373,1.936689167721048,2
1768376580372888774,7.1962976754009755,8.772227750374519,1.90201480798616,1.9383191324713314,2
1768376580422875076,8.919506399029276,8.932083787615067,1.9030052244013516,1.9371123523879548,2
1768376580498880241,10.028587420573665,8.949344907641077,1.9037809983087133,1.9362952116890164,2
1768376580573235740,7.246271650943825,8.73268650657841,1.902882143657264,1.9384952349717117,2
1768376580622764417,8.221079852089419,8.84892834865409,1.9026719075140195,1.9373677456452376,2
1768376580973678385,7.158350966708138,8.89562735058589,1.9008672474936121,1.937233709851782,2
1768376581097968426,6.7453453673678165,8.943788986037392,1.9014837497173063,1.9378769543965482,2
1768376581222907640,9.353988117944745,9.283680909834512,1.900856777017435,1.9348865312261432,2
1768376581298149967,9.1632479440662,8.749747121968857,1.904269962715112,1.937282700155648,2
1768376581373129575,10.236202448933751,8.740105778605102,1.9048925076079102,1.9368622599659868,2
1768376581422999641,8.10781064783872,8.609817143214235,1.9045652290396935,1.9385288399688958,2
1768376581572891812,6.394376103488364,8.88940007860317,1.9009929263667855,1.937579959396737,2
1768376581622950250,7.898999541923191,8.963038630423867,1.9021254861538772,1.9372320197946589,2
1768376581698110809,7.366179331740108,8.994278990641375,1.9009006019196928,1.9369727542747386,2
1768376581773098903,8.431229410258645,8.942104405518315,1.902773661755366,1.936793151260219,2
1768376581822830699,6.865841010686102,8.826751043802918,1.9020568244792122,1.9377702839238715,2
1768376581973087345,5.224727796293793,9.08566012795134,1.898677510426546,1.9371190097856108,2
1768376582022916821,8.516607668807685,8.865080527014413,1.9031614395332788,1.937426357754302,2
1768376582173281327,5.884693094911464,9.098110670031838,1.898765774726699,1.9370422862330607,2
1768376582223183376,8.237402322025966,9.096085737299315,1.901731261701811,1.9364906525982604,2
1768376582373147681,8.534560813639125,8.92859428510001,1.9024842204849708,1.937675411668271,2
1768376582498453119,7.473407370988339,8.646680311335565,1.9035664329489899,1.9381986488726861,2
1768376582573005095,10.190428332344403,9.138902117431346,1.9029367049599768,1.9354839768552357,2
1768376582622736631,11.004720145617153,8.62833129586434,1.9069185806554096,1.937051769063228,2
1768376582698335773,8.389157274480308,8.65529629719239,1.9042772253954396,1.9381550619180339,2
1768376582823174110,8.843136422207687,9.066623008524163,1.9018837750064606,1.936311930863905,2
1768376582897966438,4.907633844119852,8.947165990836988,1.8993137760043424,1.937737582984583,2
1768376582973328253,7.163689623275182,8.968339070043038,1.9013706876383898,1.9382338988526449,2
1768376583023211793,6.303422358235,9.012431599963566,1.8995376056027697,1.9368992195978472,2
1768376583098447399,8.363056577541217,9.05682569213035,1.901723456493323,1.9370331188971042,2
1768376583172962307,5.879125797495943,8.618877220564368,1.9022040865036014,1.9386974608392267,2
1768376583222853420,7.76740405016918,9.078856797941176,1.9012754392300626,1.9370297583486304,2
1768376583373296033,8.805999023580036,8.805099120884234,1.904033300869422,1.937793005107817,2
1768376583498233899,5.673331986296271,8.792143655656718,1.9008986639900993,1.9384297928483814,2
1768376583573048640,7.285190967362798,8.79704797563444,1.9025328171422475,1.9386748818697879,2
1768376583698065304,6.866925517194922,9.116679683590256,1.9000733101895702,1.9376190245974518,2
1768376583773391710,9.849199524265329,9.090403259916842,1.902718953263203,1.936357451777638,2
1768376583822937359,6.340026068107907,9.022790544012238,1.89982061383213,1.9373178144013155,2
1768376583898086713,8.219626698133142,8.97972278794529,1.9020290706683136,1.9366605760671454,2
1768376583972931559,8.426157285268632,8.933104414400146,1.9028592691273825,1.9366685337045821,2
1768376584022825848,10.166312052816595,8.984494589815698,1.9043778570753502,1.9367238423115183,2
1768376584097883862,6.622345037679445,9.021864932227214,1.9005267035919577,1.937581551136971,2
1768376584222859358,10.496105887854323,9.188874474234046,1.9022880409337541,1.9353974898296522,2
1768376584297960949,8.838045153961804,9.003452063999713,1.9024785239835886,1.936333871016617,2
1768376584373403514,10.303542727923665,8.952010264436165,1.90458487125627,1.9376583153488738,2
1768376584498036182,6.173733972493878,8.763398097189464,1.9017114500755656,1.9386094624146195,2
1768376584622837266,8.179310773201998,9.200764956313401,1.900177065102084,1.9358983563182277,2
1768376584697925773,7.435077826181358,8.939448303534885,1.9013630318435149,1.9362185572851334,2
1768376584773003111,8.049715205981078,8.938917677688478,1.9022965424132658,1.937537918115557,2
1768376585022734235,7.9012630474968315,8.970261400543336,1.9017224232759515,1.937131034770957,2
1768376585173259087,9.759285483750935,9.127125606458819,1.9023758207071235,1.9353382011430982,2
1768376585373055014,6.926654919501729,8.949072090495681,1.9008856696876806,1.9374762404918158,2
1768376585423008423,7.7504313065117625,9.044621694344142,1.9006202793626936,1.9359969694890033,2
1768376585498495034,6.565839485074054,8.780286360822641,1.901840933133302,1.9383117560255592,2
1768376585573021451,6.6530924353482845,9.078676426301339,1.8996392062639147,1.9374167995792093,2
1768376585623076011,7.709155603541795,8.64232803009438,1.904119381506103,1.9386668986817726,2
1768376585772855083,4.663810077961683,9.029702057965338,1.8993141282786485,1.938979882331764,2
1768376585898354340,8.897507656553172,8.938053947239514,1.9029413609289754,1.9371121945165966,2
1768376585973393341,6.1049328995930185,8.891361044360673,1.9005660520805987,1.9382312649019102,2
1768376586022758251,7.483565526889668,9.153689104773,1.8994324588293652,1.9360601817857432,2
1768376586098039888,8.618007934432903,8.749747087121824,1.9036959450176827,1.9376638546185512,2
1768376586573065995,9.761982045680906,9.358576292124297,1.9005874586351867,1.9353150931538146,2
1768376586623259365,5.99593636112794,8.85141207729385,1.9003891053304003,1.9370278419952087,2
1768376586773131379,8.2489819573206,8.818268911869064,1.9035703601792746,1.9379459732445126,2
1768376586898175145,9.117407505080166,8.929156315560425,1.9025849068811147,1.936137072368257,2
1768376586973017042,3.835157555829083,8.958067112437336,1.8977284927557856,1.9378645167699666,2
1768376587022825687,7.292956481140145,9.046157034773136,1.9004740265098385,1.9373525484494865,2
1768376587172954034,7.746263593934044,9.010894320336485,1.902010039897227,1.9380841350463713,2
1768376587422933217,8.06510465588861,9.027437616115181,1.9013790205440793,1.9370866085478946,2
1768376587498302299,7.925358426122298,9.029523591341476,1.9009828749366922,1.9368096535656354,2
1768376587573282255,9.756201868977632,9.0042371643892,1.903295528036252,1.9362895554298623,2
1768376587698391878,5.941861355782008,8.994159010678349,1.8993951704322514,1.9365484895429832,2
1768376587823325313,7.332960283783496,9.045550028347305,1.9004365111106767,1.9372898731926596,2
1768376587973090623,7.1824800890387674,9.041929757193422,1.9002057337343174,1.9370437145202788,2
1768376588098238906,7.3832706962402295,8.802084786973614,1.9024098158168545,1.9381040691573481,2
1768376588172906823,9.288024248422122,9.10961105207545,1.9018401656150163,1.9359965522993399,2
1768376588222839745,10.486505503634724,9.024405931223058,1.9037556097204342,1.9359616709647265,2
1768376588297995956,9.320790126740253,9.015469775395282,1.903188152402348,1.9367637591843743,2
1768376588422934453,9.122831721602997,9.088408071167267,1.9025763437666685,1.937264373858219,2
1768376588497983754,9.181996785688762,9.212617311297645,1.900917551106944,1.935978091558543,2
1768376588573017727,8.615811604440804,8.83580581086509,1.9039536432454938,1.9382707045591328,2
1768376588622872521,7.95668786617143,9.215000802188865,1.9005449547670392,1.936666368259012,2
1768376588698269636,7.570691327434931,9.148069845186823,1.9003581673076064,1.9371883561199605,2
1768376588823195462,7.0068509397203105,9.038232180438174,1.9005534090976535,1.937031109898226,2
1768376588898029545,6.827627073735298,9.073478757149271,1.8997933982495008,1.9366152490619695,2
1768376588972971465,10.041048818822063,8.884135412249488,1.904088605398583,1.936491002968181,2
1768376589022775839,8.534635831194404,9.20898034275268,1.901152112194957,1.9367521753478418,2
1768376589173015458,7.404121487384341,9.075418829304178,1.9008541858556052,1.937235933737558,2
1768376589222789360,6.269708161405818,8.820011824107175,1.9013317464829675,1.9381623132700891,2
1768376589298663813,6.767589263958262,8.719427002026013,1.902066356064005,1.9382492183325188,2
1768376589373097047,10.052019976499071,9.071681482972052,1.9038496191267775,1.9369355681784457,2
1768376589422987023,7.533576416859811,9.100632291218414,1.9007869643489403,1.9376154620337724,2
1768376589573006178,5.625383311143484,8.958311484156054,1.8993096020516442,1.9375173074092802,2
1768376589623499932,10.91192018723941,8.864338889067097,1.9049998838688567,1.9366082349799558,2
1768376589773148739,8.435444349973675,8.937415914603752,1.9026599300184313,1.9378613809007343,2
1768376589823060048,5.383193458300406,8.839957011082559,1.9004964303083196,1.9384536239034658,2
1768376589898023652,7.411665874148099,8.967166454001772,1.9016328747509892,1.9372608195492214,2
1768376590023203424,8.606989890797223,8.869557100223947,1.90359032366839,1.9381249116242334,2
1768376590173494711,7.5515295352834855,8.985513565095625,1.9010453823095543,1.9368526008623592,2
1768376590223163203,11.1492505691424,9.05286270910118,1.903298844372873,1.935499459515626,2
1768376590298173257,6.314860127339728,8.854620741691878,1.9011640681807351,1.937927190844643,2
1768376590373113695,8.771603169541509,9.2529539222117,1.9006455294823374,1.9358117288536179,2
1768376590422869872,9.921883307171475,9.261541708365785,1.902085844828604,1.9353461105725607,2
1768376590498054005,8.382007240335776,9.045138520219025,1.9014832858602293,1.9362445703544147,2
1768376590623200442,8.048585736249336,8.900221434944354,1.901872422419414,1.9369938411737264,2
1768376590698096192,10.9315986245615,8.84992148809659,1.9053701992535783,1.936572692722734,2
1768376590823172578,8.527878158940405,8.842792760543063,1.9034941066482831,1.9379090485692898,2
1768376590973528128,6.930520744876656,8.869574230355486,1.9013993888691127,1.9369664726525724,2
1768376591023132860,7.384208704360518,8.746360693378808,1.9026559332420105,1.9372609465242498,2
1768376591098413278,6.97706542543286,8.977812175659837,1.901275320026259,1.9382547735885907,2
1768376591173288358,6.297777579417296,8.705342553315722,1.9024438734475884,1.9394583096759128,2
1768376591223091882,7.912742977804976,8.958623887213344,1.9016082847460463,1.9370736940812878,2
1768376591373094643,5.600451442757448,9.101478851729818,1.8988050662725704,1.9373116524230967,2
1768376591423217246,11.338948655125414,9.36653095817943,1.9018768978561194,1.9338064203871344,2
1768376591773049958,8.077155387157253,8.885114567794746,1.9025247571096537,1.9378380109826092,2
1768376591823274478,9.57563195392086,9.093806840817617,1.9024357948461352,1.9359369400670954,2
1768376591898013425,8.489967339176951,9.078709822806799,1.9014877751222559,1.9363338755775166,2
1768376591972994043,8.341080832314773,8.892827941615955,1.902359737717955,1.9364965089424413,2
1768376592023113815,7.734490518817916,9.070831235027876,1.900924650526169,1.936812725474495,2
1768376592098400563,8.80227669254352,9.153552089062824,1.9010864708614497,1.93579947175867,2
1768376592173452480,6.458044259636253,9.080556236134075,1.8987707641809286,1.9362614459685494,2
1768376592373185591,6.953181313482437,9.231815254932023,1.8985839379054312,1.936370099819075,2
1768376592423189169,5.488286422859812,8.697977392398277,1.9016563180889219,1.939219003249685,2
1768376592498104994,9.523021139510313,8.946297818532303,1.903493421501117,1.9370329997235354,2
1768376592572946357,7.510254579141451,8.85066070293564,1.902381259662601,1.937124292123646,2
1768376592622924606,7.747008275586609,8.822290817115444,1.9024469777274224,1.9376022846164795,2
1768376592772944481,7.4579105021288505,8.922994209633277,1.9019169979219923,1.9377603002416381,2
1768376592823077806,8.549875543127472,8.975267915926082,1.9018430260087105,1.9359069213706703,2
1768376593023381374,9.92585608275287,8.895965721916639,1.9032620248806078,1.9360028044667388,2
1768376593098338746,8.795565827213414,9.088596548532033,1.9021273701599313,1.9364091699597068,2
1768376593173149800,8.551940172620398,9.08247591107584,1.9014779608803587,1.9368766353005755,2
1768376593223338941,9.766367058154257,9.172238354593317,1.9021595565064713,1.936651299239978,2
1768376593298047456,7.086117068472619,9.302006776376555,1.8985834744169332,1.9359368452433754,2
1768376593373444609,8.09437810842173,8.902148117319074,1.9025895765528218,1.937377632551756,2
1768376593422847586,10.97120822218045,8.81898149895111,1.9054406019119354,1.9364195425126507,2
1768376593498199810,8.308318596600417,8.943968152891367,1.902251713501004,1.936778219443952,2
1768376593573393882,9.564197039169109,9.233009047006869,1.9011881456849342,1.9347383763878527,2
1768376593698065353,9.002568046461157,8.753930138757623,1.9049290987160403,1.9385154652929486,2
1768376593898039885,7.754644418077827,8.943224565270214,1.9018940770339152,1.937355603625608,2
1768376593973327116,7.321939276000666,8.93014379227596,1.901407670793815,1.9372955027347032,2
1768376594023341269,8.532408624187138,8.958252435581969,1.9023317179121213,1.9368032881385637,2
1768376594098158896,8.816739696252185,9.035195846935354,1.9022434782433602,1.9366482333908352,2
1768376594223041771,7.8559580936954365,8.885101498792732,1.9021146428342328,1.936913982922801,2
1768376594373289730,7.186389848260255,8.82477001350495,1.9020109276033685,1.9382315273510156,2
1768376594573142615,8.454791106018877,8.81099820049135,1.9035669786586267,1.9373820312295105,2
1768376594622903485,9.51937341100595,9.001286203785428,1.9032132847598249,1.9361780381087346,2
1768376594773291910,9.972938356122008,9.118316770253715,1.902522016992336,1.9359575180490036,2
1768376594822878284,9.982003278914853,9.00220881655312,1.9033881061257076,1.9359010749934358,2
1768376594898392514,7.988439820017401,8.905987637062834,1.9023001878857129,1.9380639897774379,2
1768376594973532684,8.2429482568811,8.934624097737279,1.9030478591876658,1.9373409036911577,2
1768376595023394237,4.702257822547518,8.816311826936575,1.899786842456196,1.9378546282285123,2
1768376595298044056,7.065629498800741,8.865890450565749,1.9016717710978814,1.937431655038464,2
1768376595422827989,10.586048610718102,9.128118242991745,1.903433192229401,1.935927813684864,2
1768376595497868040,6.82813357661094,8.968004084762876,1.90162849712265,1.9379233213731022,2
1768376595773139217,4.57119136444617,8.640239088259543,1.901709618478913,1.9397583086722285,2
1768376595973148006,7.6069264028901795,8.909812800371228,1.9015502200015713,1.938281808973589,2
1768376596023112772,8.169573790287377,8.988035842462551,1.9019540674260718,1.9375135563120627,2
1768376596098461107,9.37698711960766,8.93549561251873,1.9041598569135851,1.93735617328518,2
1768376596298015328,7.838248785268176,8.811691335149611,1.9027387118658128,1.9369116553297536,2
1768376596373123288,7.095036870775395,9.05251319898992,1.9002067999885661,1.937081893462417,2
1768376596498467617,9.964435008475547,8.789406244898926,1.9056575854915596,1.9380647513460556,2
1768376596573511648,9.73870316145442,9.006400655402897,1.903484730148326,1.9366730290043905,2
1768376596622992407,7.41166657693082,8.937425276764523,1.9008681194861872,1.9373836519255303,2
1768376596698086996,7.020490530160073,9.188271692948279,1.8994267862500296,1.93692822834433,2
1768376596773069529,7.571409785297911,8.949671601247646,1.9012435382240493,1.9372123308634492,2
1768376596822977495,9.823381930446962,9.122145670742025,1.9017953648809791,1.9359221701701463,2
1768376596897939430,6.331360147871168,9.042079905614278,1.8996207512671737,1.9370664548650036,2
1768376596973068031,10.572317414992538,9.086081814436193,1.9041214895692824,1.9359076318004682,2
1768376597022860735,11.153610252159218,9.138045504456036,1.903829959784517,1.935671000585281,2
1768376597097797965,10.583900022550496,9.041593699713424,1.904056559949614,1.9366639025359427,2
1768376597173069006,7.896910448002448,9.215883575112873,1.8997226681309134,1.9363378810837772,2
1768376597222920245,6.677395653690299,9.315167144102844,1.8986171585068359,1.9366883286549557,2
1768376597297981569,5.597110193497512,8.762715724052935,1.9010698619064055,1.938078651621307,2
1768376597422925980,9.727460938421473,8.857949108533209,1.9042009324078104,1.9367500985717843,2
1768376597498117475,7.072929922685489,9.468163982264306,1.8974611210297734,1.9351292770263677,2
1768376597623245535,8.485537878033078,9.259548860609435,1.9005486489422598,1.9360063033381374,2
1768376597697987040,8.648674934446099,9.131950232906316,1.901285173151797,1.9359925357781653,2
1768376597773169011,8.671487093620867,9.045664314082416,1.9014429182341532,1.9361354632010845,2
1768376597823374482,6.292638678878859,9.068396817322725,1.899984164630488,1.9373717818101988,2
1768376598022992995,7.558291403890305,8.907041953681583,1.9019069017271137,1.9368315879547968,2
1768376598098517190,10.228462160797758,9.03121684056924,1.9034052616556756,1.936030740156592,2
1768376598173050999,6.198625802665614,8.888622503420738,1.9008560419647984,1.9379871971733629,2
1768376598222855569,9.47878367088717,8.95752197534125,1.9029640859719463,1.935723362095279,2
1768376598298395276,10.727367668681653,8.998035396336773,1.903909596914434,1.9357872131656693,2
1768376598373247405,7.36764468410156,8.926485660404056,1.9010438752031182,1.9374051325555035,2
1768376598423059294,7.093325697113739,8.857948575438822,1.9019087380475417,1.9382507512333136,2
1768376598498099103,7.177488813105093,8.913292937612455,1.9016817180155923,1.9372619486843448,2
1768376598573060651,5.161185562729376,8.986080042273915,1.8989183335031121,1.9380561653700075,2
1768376598623326887,6.095663820247177,8.829929514112003,1.9007886835921042,1.9385298901362744,2
1768376598698275140,9.284223059830454,9.18415710400056,1.9014724578549518,1.9361590748968769,2
1768376598898511639,8.956997439990566,8.924272681785379,1.903013763553577,1.937065399001347,2
1768376598973018106,7.7669175805439306,9.167313449263752,1.9003378618884739,1.9364047968025788,2
1768376599097938751,6.187697019478078,9.163592395280697,1.89874406032549,1.9363340853064368,2
1768376599173390591,5.9857890435945915,8.892184375742893,1.9002440765797917,1.9379767829224377,2
1768376599222933815,5.381127053284862,8.699620465559779,1.9008969510256049,1.938458130211179,2
1768376599297981967,8.863228391533529,8.738443822061397,1.9048044233361927,1.9376375175736333,2
1768376599373091840,8.609075874938865,9.091888275655137,1.9019109051430214,1.937213075236778,2
1768376599498401233,6.600630483705849,9.014599147787967,1.9002539467421764,1.9382030334194122,2
1768376599622860705,8.414765452263495,9.086324664978548,1.9014463387663376,1.936953526928136,2
1768376599698160529,7.753118894650912,8.893428620426176,1.90215868873517,1.9375270593474274,2
1768376599898147425,11.126043415739861,8.931913729658007,1.9046612988230613,1.9361032413222117,2
1768376600023008212,6.379405199606447,8.854083616818848,1.9007693862660624,1.9378204794772005,2
1768376600098123227,9.16388381828348,9.205547303162414,1.9011835196329163,1.9362035055425457,2
1768376600172993218,10.67123875105902,9.129432511995828,1.9028240242717849,1.9352376122783013,2
1768376600222869584,8.438233928143024,8.98528722963247,1.9023610837552125,1.9369839145058898,2
1768376600297835769,7.818658453140559,9.018937979586221,1.9012573776297976,1.9378679821007254,2
1768376600373503944,8.251829621307438,9.033486995960564,1.901498764992788,1.9368544461451043,2
1768376600422987350,8.152845965375466,8.94250922291274,1.9023409295894087,1.9374336137436867,2
1768376600498214307,3.8311930929595395,8.674442860971972,1.90017643100511,1.9395069331192025,2
1768376600573135222,9.449808170554519,9.12590276594905,1.9019387328295558,1.9358025189384271,2
1768376600623282988,8.459937449432298,8.840401493972744,1.9028351455346273,1.9367679059092937,2
1768376600698301680,6.459940568716238,8.877142824268773,1.9014897443533676,1.9376550811154614,2
1768376600773127715,8.864083362856379,8.922170530790602,1.902951022393607,1.9370704784313864,2
1768376600898230220,8.683702336549137,8.946414872426175,1.903031944488183,1.9365723131628052,2
1768376600973175529,6.486779533185105,8.926028157735265,1.9008712703121469,1.937844679983236,2
1768376601023213600,5.086118755392555,8.87229570781764,1.8994063400626142,1.9376398137390292,2
1768376601098254181,12.737634485182614,9.31837690779414,1.90360409296815,1.9338809355718323,2
1768376601173552356,8.700178852221407,8.982396185654828,1.9023198188255297,1.9363735728410232,2
1768376601222899709,8.603536794037803,8.85372186871401,1.90334030969,1.9375996572784304,2
1768376601298181683,8.851626001080692,9.234970782582534,1.900833347295058,1.9361788921127747,2
1768376601373153675,8.461691146015138,9.257106930323163,1.8999375469369264,1.9349517787558197,2
1768376601423119452,7.964969110247244,8.805872492660695,1.9033479752360694,1.9376167760304868,2
1768376601623461839,6.083982722479675,8.63609397651558,1.9020533747437443,1.9385903804556273,2
1768376601773318144,7.364990873241384,8.834450058794392,1.902819665804248,1.937253965821098,2
1768376601822978153,8.209187501236226,8.86326361142277,1.902860927594015,1.9375108212597343,2
1768376601898178429,8.24692993472409,9.059738732838518,1.9018560089471137,1.9369062745524404,2
1768376601973259826,7.618150320557238,8.827462525130102,1.902712119670785,1.937935585996923,2
1768376602022901385,7.180593557612802,8.84509016819769,1.901812451920077,1.937414090823761,2
1768376602173130113,7.444608562245492,8.886418909230192,1.9018320421298642,1.9368823224424614,2
1768376602223090988,6.746502128827103,8.968775393457076,1.9005627908475198,1.9378711125040518,2
1768376602297985849,6.878988022200883,8.842597605735588,1.9016161626281156,1.9375132304678513,2
1768376602373192855,8.37860546520175,9.186696580619522,1.9004726439722266,1.936790243440994,2
1768376602423189220,6.31999190713417,8.823966178976685,1.9011658851867956,1.9375560435329924,2
1768376602498110251,6.200775856519458,9.016617950915755,1.9003314929166706,1.9376778134295525,2
1768376602573217889,7.176458967530053,9.054325260737686,1.9007217022581184,1.9367982535572958,2
1768376602623108586,6.545222925457894,8.967859059703372,1.9005740066742247,1.9376942385132954,2
1768376602698093650,7.55721789193764,8.8769877687743,1.9017782906341807,1.9369686222148494,2
1768376602773368967,7.867455380673016,8.95739340950919,1.9020795528895336,1.9369881229665962,2
1768376602823150494,7.448443525317927,8.821826927536863,1.9018465323119447,1.937825627720651,2
1768376603023493084,5.807461861982333,8.932762937519914,1.8998404060049803,1.9377421195985947,2
1768376603098059616,9.92385571922716,8.97783361630351,1.9038408894555798,1.9367554234746707,2
1768376603423367751,7.688165821766901,8.874917277641632,1.902340199063538,1.9384723003171977,2
1768376603573347091,6.763035154564445,8.892738317733032,1.9019170971540196,1.9380261782811552,2
1768376603698489930,8.762688140767638,9.01330424980078,1.9023916943165675,1.9373633122530194,2
1768376603773345293,8.3774651740125,8.800253092146738,1.9029087044220623,1.9375056716730858,2
1768376603823222796,7.76176436775855,9.014909902277198,1.9010385954469065,1.9370475123719457,2
1768376603898258194,8.79713566187168,9.09381248022343,1.9016228303972298,1.9366113971220722,2
1768376604023206154,5.25074089601496,8.95090752939416,1.89930463098026,1.9383447024077005,2
1768376604098131893,8.277847725894016,8.892779345181587,1.902442648962985,1.9368138754077477,2
1768376604173123373,9.434503833965824,8.870334789442774,1.9035587903424143,1.9370346452406255,2
1768376604223109075,9.149013981058607,8.923190302173646,1.9031411383777401,1.937507948385822,2
1768376604298008872,6.286069474760403,8.645314766913563,1.901871338995939,1.937937192378634,2
1768376604373328977,9.24988392570314,8.968178782401628,1.9029548621120016,1.9367768109968355,2
1768376604423134455,7.19476817059439,8.74780793843008,1.9027290581301373,1.9383211375345089,2
1768376604498158080,9.239306069663389,9.030763942591351,1.9024052965589917,1.9358058941555936,2
1768376604573107097,7.791210018812,9.161293259266861,1.9005913926411406,1.9365195925377152,2
1768376604622989071,7.105964469026116,9.032503523040214,1.900345551222828,1.93703748097921,2
1768376604773143156,5.859026071135309,8.794974697425214,1.9011272885526744,1.938692381082949,2
1768376604973101978,11.932138175406948,9.105111725646843,1.9049677249345407,1.9355768951168955,2
1768376605023440815,6.356249959028837,8.612393250039176,1.9022869423433342,1.938429611920598,2
1768376605223745381,7.954483055849559,9.007593900330965,1.9016078364197713,1.9373545143100932,2
1768376605373177801,8.96486564237553,8.987823566475393,1.902247529115583,1.9365839547219044,2
1768376605573041084,7.903408042709392,9.138417204439806,1.9007967891744726,1.93688941632309,2
1768376605623228181,11.001248231230498,9.150879378872549,1.9029329104824038,1.9353378607078493,2
1768376605698044437,8.13449050012549,8.846920781307631,1.903024695880625,1.9377474287350196,2
1768376605773171914,7.1515469547009936,8.816493411598534,1.9024601336876856,1.9385655954062926,2
1768376605823476127,8.999958271562747,8.97006543492615,1.9025418313501543,1.936633987468305,2
1768376605898412046,6.822716178741972,8.701762171761064,1.9027889014577455,1.9389639236752894,2
1768376605973564623,7.554017606647756,9.408231346100218,1.8984627165626136,1.935366652034083,2
1768376606023168884,7.582100580728168,8.793608441282103,1.9022396768172432,1.937665216448678,2
1768376606173211291,9.565768830719579,9.008524832154528,1.9027146929159282,1.936312023043161,2
1768376606223210946,7.437002866616194,9.228557420235799,1.8995599675445223,1.93636063663676,2
1768376606298051661,3.5481296789074968,9.032738876307283,1.897049339244029,1.937857583748699,2
1768376606423215433,5.961036118570462,8.966086825884974,1.9000379781440573,1.9377461014662196,2
1768376606573102667,8.215015605533393,9.058423703733249,1.9013938812796902,1.9366652963710576,2
1768376606773270840,4.443621245517226,8.811103796492768,1.8994551029398752,1.938839917143291,2
1768376606823142798,9.411169977766143,9.00626519172137,1.9028717347553696,1.9362909904620211,2
1768376606898281568,9.757413914708302,9.039534644190503,1.9034321003606216,1.9367976126592772,2
1768376606973315464,5.633605535297015,8.878076500675432,1.8997987060054082,1.9379822196338348,2
1768376607023092736,10.387732546528028,8.83019431997965,1.905357668752314,1.9374598878475653,2
1768376607173275318,7.676059283292069,8.761441480361913,1.9031663104318937,1.9373483873402402,2
1768376607223627443,6.11591000431666,9.116129350987197,1.898795712012472,1.9370218941145991,2
1768376607297995147,8.366669594812137,8.928768892685353,1.9021083750262486,1.937355107580684,2
1768376607423144736,10.027307198981372,9.246243774480106,1.9013361561797157,1.9347831802222848,2
1768376607573124405,8.250003476712786,8.75581536314633,1.903399468748304,1.9367501885161031,2
1768376607623237951,4.6293994522663695,8.80342910882423,1.8993008796261277,1.9386754189652358,2
1768376607773092346,5.018018438822214,8.635307282822431,1.9005311868324841,1.9391036749247126,2
1768376607823476728,9.650084169136264,9.302997895225923,1.9010693938435386,1.9350113756973184,2
1768376607898024223,6.476951916227991,9.031821420272859,1.900077046370872,1.9370496832018906,2
1768376607973571667,6.66365895510701,9.225181648962748,1.8990224049865307,1.937428072273632,2
1768376608173289112,9.062876427632371,8.915506539219024,1.9024553637964883,1.9367346446629732,2
1768376608223232950,10.061106721592328,9.014147558524833,1.9030284218002342,1.9366077574616565,2
1768376608373516957,8.689453404793657,8.966523514791934,1.9021544273785673,1.937049127180957,2
1768376608423445212,7.794184057458908,8.91022559854015,1.9021544273785673,1.937942207539663,2
1768376608498693280,6.745733226842576,8.80514464263887,1.9014246690830527,1.9376219782452162,2
1768376608573462905,7.021792254226611,8.6390320253953,1.903096243546583,1.9376162654931672,2
1768376608698103116,8.294413668350042,9.065802328905741,1.901234174897547,1.9358492326153915,2
1768376608823185410,8.55938721559557,8.961541677030109,1.9026551799672256,1.9362294723075673,2
1768376608898083198,6.056890937923498,9.008627288658879,1.900044798300857,1.9378927648115742,2
1768376609023226133,9.262037426577052,8.80940786156032,1.9042974833869826,1.9375826067273658,2
1768376609173133562,9.273378203001892,8.893816099021665,1.903606068939478,1.9373057577541752,2
1768376609223166792,7.3917043402558225,8.914968224804033,1.9012067688229235,1.9373634237246093,2
1768376609373587521,6.800278251733571,8.995329388412458,1.900314370844441,1.9372879728012005,2
1768376609498473262,11.087167802321218,8.95310524494374,1.9048041754542895,1.9363697895079859,2
1768376609573362572,10.321378532837766,8.896868861750207,1.9041226633124486,1.936613311630882,2
1768376609623346392,5.520045179120858,8.984816032012985,1.899202737797991,1.9378328785414896,2
1768376609698100151,6.252825928328765,8.965939868428073,1.900514852693012,1.9375156513213092,2
1768376609773108888,7.227179010325546,8.627915129232274,1.9034065689183444,1.93865786528265,2
1768376609823452375,7.227179010325546,8.627915129232274,1.9034065689183444,1.93865786528265,2
1768376609898142931,5.557223996537797,8.88235203240686,1.9000917854054582,1.938338058628807,2
1768376610098241332,8.842148598535493,8.797711267725099,1.903965494657363,1.937685353899958,2
1768376610298110412,4.3510622399502985,8.858514848152254,1.899335703303947,1.93839151212346,2
1768376610373083149,5.804813991924673,8.960010762388585,1.8998978374636855,1.938489999340745,2
1768376610573191254,8.747746588952277,9.073532337349064,1.9013225081453224,1.935353973970327,2
1768376610623590097,9.815744010770677,9.027152688127941,1.9033715652616952,1.9363333726781802,2
1768376610698119930,8.882996187956183,9.205301839672074,1.9010425013916579,1.9356886940328382,2
1768376610773469957,7.352863434320067,8.869750018581769,1.9019056494944206,1.9380560786905088,2
1768376610823493577,7.41043156684551,8.958196538012759,1.9014578729531026,1.9376289915945797,2
1768376610898071822,9.411621181111052,9.139961265924189,1.9017863578133838,1.9357113756281161,2
1768376610973111335,6.137030717046077,8.88222729135824,1.9003767381028025,1.9380304520901415,2
1768376611023447737,6.824981962454846,8.831521143954244,1.9016017205693423,1.93837457784194,2
1768376611098066600,6.851627989713949,8.782006752974915,1.902073063328126,1.93833113045474,2
1768376611173038891,9.57776324732107,9.004035473524738,1.9028518458809964,1.936145078138037,2
1768376611224130112,9.924940201269772,8.862281979443987,1.9041462574077268,1.9368325335069398,2
1768376611298317134,6.785242174498052,8.99014487541637,1.9004190475864702,1.9368760831344105,2
1768376611497959820,7.33660695129279,8.893734042448632,1.9012049997686034,1.9372768059104755,2
1768376611573299347,6.579769010789827,8.69960086336756,1.9020385857914341,1.9384377735430927,2
1768376611623182048,8.072951757027713,8.891258837003598,1.9020385857914341,1.9369423144349256,2
1768376611823193118,6.479078477698685,8.751499538785925,1.9015784974182035,1.9383657038796003,2
1768376611898538525,6.232531253703266,8.79560838881476,1.9014984937164157,1.938623293597175,2
1768376611973255841,7.423465812160801,8.732418802346258,1.902894530945591,1.9379562499460263,2
1768376612023760780,6.855710870037335,8.836315628317767,1.901119580481039,1.9372952010039763,2
1768376612098004913,5.5260450477594425,9.161842798020652,1.898479748067614,1.9378510589753046,2
1768376612173185445,10.433020085853562,9.144701901772113,1.9033844408646308,1.935826806077893,2
1768376612298387504,9.940277683197607,9.098283084233792,1.9022037159645553,1.9350289208221838,2
1768376612498119197,7.869870367864573,8.9607096642309,1.9014890250317242,1.9363330821055038,2
1768376612573243802,9.33105906989451,9.121498226743856,1.901841460202018,1.9361861778661165,2
1768376612623333142,8.192683435096937,9.036802013833556,1.901841460202018,1.9373162683205796,2
1768376612698269837,8.536327488571471,9.032422363192635,1.9018339925393215,1.9373520931573969,2
1768376612773282016,7.627394867777637,8.993695914886207,1.9012623397520614,1.93730255361084,2
1768376612973277137,7.215610380891357,8.793500089575538,1.9025407347092336,1.9377774384921718,2
1768376613023362541,5.952071492224986,8.86667904501454,1.9004689225111635,1.9377714354585165,2
1768376613097958417,6.970021146493588,9.275267289445019,1.8983299249640853,1.9359759817986077,2
1768376613173331430,7.716846523871945,9.060388609035236,1.9007212642178177,1.9368237960634338,2
1768376613224077954,7.769897422625238,8.882944928159839,1.9019003479927201,1.9370788471576526,2
1768376613298489259,8.477850029963374,8.836335187422428,1.9026011280820285,1.9372381264004002,2
1768376613573098299,5.989270394233026,8.943795064962007,1.9003644037741896,1.9375959135569636,2
1768376613773069442,9.77699605849458,8.711714361025036,1.904965441777648,1.9371599116272953,2
1768376613823726947,11.198936812181204,8.926783605958317,1.9049003335253145,1.9350271287724474,2
1768376613898398371,5.831791345443316,8.85187076098899,1.9005508475942374,1.9380990988829336,2
1768376613973429580,10.584979847409137,9.104802604626514,1.9036802721645358,1.9362294905471886,2
1768376614023867246,9.768626615255016,8.963353256036115,1.9036625204101927,1.9363336676573628,2
1768376614098217550,6.4830513592499805,9.06018616276493,1.8996317578729132,1.9369215441735166,2
1768376614173480262,7.413710783804817,9.094178147672663,1.9004864523896512,1.936170278297834,2
1768376614224036384,7.195363687799716,8.97161885988387,1.9004864523896512,1.9363987428343141,2
1768376614373388417,10.252272454093658,9.127811992339325,1.9031907673599562,1.9353566276251934,2
1768376614498529248,6.875885040360519,9.075083145665397,1.9001679035415058,1.9376660327367605,2
1768376614573293730,4.686124119144264,9.23333453120022,1.8964893965674263,1.9368105099961854,2
1768376614623728925,4.686124119144264,9.23333453120022,1.8964893965674263,1.9368105099961854,2
1768376614773377395,8.392558682471796,8.95559259525465,1.9029597885640368,1.9375889642688415,2
1768376614823855304,8.106100483584289,9.201462035826204,1.9000117542517951,1.9361496708082528,2
1768376614898480758,5.6351062936994545,8.786717972731932,1.90116013073384,1.9386817970802654,2
1768376614973290920,8.317400716234324,9.280101573520557,1.8994458343004663,1.9350160485560082,2
1768376615024136770,5.972571103195046,9.062075761073473,1.8994458343004663,1.9373613639873282,2
1768376615098370050,8.23573481524309,9.044795437229633,1.9017762790599053,1.9368762340451904,2
1768376615173408629,7.9871222473477665,9.183457246695625,1.8997516322437196,1.935945487012774,2
1768376615223493093,7.703708757779815,9.042878339501343,1.901618922130632,1.9378510772623745,2
1768376615373269908,8.067560024651588,8.5772083561351,1.9048837226476674,1.938015470431868,2
1768376615423703966,9.584928510504076,8.716854660739374,1.9048837226476674,1.936501111987723,2
1768376615497973545,5.481827190843891,9.183428411686354,1.8981256540288298,1.936787079935201,2
1768376615573455295,6.803901830217063,8.926661323175496,1.90161083956717,1.9383781256065857,2
1768376615773369331,9.12172519685206,8.966623952709357,1.9031334690115578,1.9367085547817575,2
1768376615823979296,9.436386481957992,8.99968930094976,1.9031334690115578,1.9363900157308087,2
1768376615898460095,6.093388096083618,8.911727504284665,1.9001328798198525,1.936743864854723,2
1768376615973073761,7.838592474392891,9.006800639621673,1.9016615300544333,1.9373476727039378,2
1768376616023781476,9.965222567836607,9.237541191854282,1.9016615300544333,1.9352122734694632,2
1768376616173520905,7.26271327292749,9.076787942556539,1.9002443882899875,1.936826777899495,2
1768376616223618496,8.896208354623125,8.86704342287167,1.903945511473771,1.9376772999294802,2
1768376616298161810,9.123573221417658,9.289600713943113,1.900354963206918,1.9352191151037084,2
1768376616498132980,7.289114173838707,8.93609462421359,1.9014510014436972,1.9373255953685256,2
1768376616624438245,8.427878411555678,8.915430670062307,1.9022598830542305,1.936764470317021,2
1768376616698770967,8.47130110640526,9.044430953195407,1.9018518597025162,1.9367762195477622,2
1768376616773185030,8.056272856879154,8.837157144973316,1.903023286090429,1.9378777549455644,2
1768376616823437591,7.914776598558548,8.794425668345148,1.903023286090429,1.9380156445866754,2
1768376616897919534,11.463707125175748,9.074116567713444,1.9045708747904357,1.9353502696280533,2
1768376616973164980,10.740034782875663,8.869481275964514,1.9045485919504197,1.936397481401562,2
1768376617023595277,9.911759796905173,8.870545785300925,1.9045485919504197,1.9372185347705952,2
1768376617098082384,5.735159957652058,8.798433603229805,1.9011284578201404,1.9390559975376176,2
1768376617298364190,6.980820454913328,8.889419724383515,1.9008719559160991,1.936890230347685,2
1768376617373519210,9.112943308337451,8.83521436145872,1.9037482642382526,1.937124178849617,2
1768376617423694599,9.112943308337451,8.83521436145872,1.9037482642382526,1.937124178849617,2
1768376617573132107,8.425823976225377,8.916365644243681,1.902774003821968,1.937753469417581,2
1768376617625421898,9.07054051766587,8.954021855063788,1.902774003821968,1.9371071650239389,2
1768376617773227770,7.175271530774463,8.693639469544209,1.903406626562629,1.939106252677285,2
1768376617823462902,7.175271530774463,8.693639469544209,1.903406626562629,1.939106252677285,2
1768376617898134637,8.06428149287508,9.020492005985018,1.9012823691154712,1.937149619318327,2
1768376617973336751,4.610095264459435,8.759253427351917,1.899420841510665,1.9388908449267226,2
1768376618098108751,10.446403501881418,9.222420819573607,1.9026885456438651,1.9362846619499086,2
1768376618298769241,5.646082763168581,8.883503109998129,1.9004189851386202,1.9384479221133437,2
1768376618498492510,8.039604363081931,9.04722776330056,1.9009553387360638,1.9357029364332194,2
1768376618554958259,8.039604363081931,9.04722776330056,1.9009553387360638,1.9357029364332194,2
1768376618623996098,5.153998498943935,9.114651115294869,1.898155323604172,1.93724366607103,2
1768376618698349885,10.28686550275526,8.894701510934482,1.9042078622150254,1.936515803476144,2
1768376618773296341,9.38609567170845,9.216246632878118,1.9012978393903401,1.935501652971809,2
1768376618824166700,9.38609567170845,9.216246632878118,1.9012978393903401,1.935501652971809,2
1768376618898271957,7.768377600958942,8.885029624958483,1.9025530705001168,1.9380236080595583,2
1768376618973274565,8.532838141005472,8.96555618674684,1.9021358784337943,1.9365534809665885,2
1768376619023688868,8.532838141005472,8.96555618674684,1.9021358784337943,1.9365534809665885,2
1768376619098458511,9.652526869617706,9.141595824397964,1.901438888325613,1.9350948522282658,2
1768376619173541024,10.338199116790348,9.18000693627562,1.9019767942417933,1.9348585051958116,2
1768376619223638732,10.338199116790348,9.18000693627562,1.9019767942417933,1.9348585051958116,2
1768376619298255517,9.056253257903935,9.01136688432257,1.9020282874103847,1.9361053950129306,2
1768376619373228459,6.64863796224946,8.987616425927694,1.9002084587053294,1.9374144698555165,2
1768376619423797464,6.755643554910318,8.971017236642039,1.9002084587053294,1.9373068941735203,2
1768376619498000943,7.965131579608986,8.847018401410143,1.9022710738171695,1.9372470331880185,2
1768376619573335318,8.2270582003523,8.986034323131399,1.901271077138283,1.9361174635229714,2
1768376619623975923,8.89452445887362,9.101344705873768,1.901271077138283,1.9354370872875992,2
1768376619698402923,6.930618652446041,8.787815286488282,1.9016876397620057,1.9376990811281654,2
1768376619773124043,9.392893115400813,8.84388416031292,1.9035247685044134,1.9369383271394476,2
1768376619823490060,9.392893115400813,8.84388416031292,1.9035247685044134,1.9369383271394476,2
1768376619898473588,7.323897101132459,8.699092590711363,1.9023945842027292,1.9377599873856148,2
1768376619973815490,7.491482547355766,9.084889657354019,1.900567350169684,1.936732343903289,2
1768376620023371063,7.491482547355766,9.084889657354019,1.900567350169684,1.936732343903289,2
1768376620098417144,8.535709170070849,8.849096839069315,1.9028525033250168,1.9367503708589844,2
1768376620173330664,8.49110907166617,9.075659040209255,1.9016190058247933,1.9364722469428683,2
1768376620223394212,8.49110907166617,9.075659040209255,1.9016190058247933,1.9364722469428683,2
1768376620298229559,7.562814923314898,8.75147081518335,1.9027360684567753,1.9382261337795283,2
1768376620498337355,6.49920734503473,8.711182216233642,1.9021509617177614,1.9386099597794733,2
1768376620573291390,7.87844522879233,8.720671917586722,1.9038563163680842,1.937520024097774,2
1768376620623712624,7.87844522879233,8.720671917586722,1.9038563163680842,1.937520024097774,2
1768376620698419661,9.236585021900945,9.036816122550807,1.9028020285493679,1.9361811311713457,2
1768376620773527212,8.900480083291917,8.891283273246433,1.9034524732815234,1.9375821091873475,2
1768376620824673874,9.572653815670185,8.876743261638907,1.9034524732815234,1.9369162426530728,2
1768376620973154306,6.262626062096377,8.66111022907845,1.9022007350523134,1.9392547846446997,2
1768376621023712497,6.262626062096377,8.66111022907845,1.9022007350523134,1.9392547846446997,2
1768376621223423225,5.555058604160168,8.859116907922596,1.900222616030047,1.9383774916493222,2
1768376621498500253,7.64419753156198,8.989650600796173,1.9007833582967224,1.936084052842745,2
1768376621554679449,7.64419753156198,8.989650600796173,1.9007833582967224,1.936084052842745,2
1768376621698272393,9.410420992234547,9.237176196465457,1.901569270072983,1.9360503658126604,2
1768376621773079642,7.684140015217444,9.02228877056986,1.9007715098892657,1.9365058135688094,2
1768376621824070313,7.684140015217444,9.02228877056986,1.9007715098892657,1.9365058135688094,2
1768376621898528787,10.310986089581142,9.415428381128194,1.9011412767496623,1.93507164309063,2
1768376621973320713,9.33825856824333,8.885287649182352,1.9030466227303677,1.936489100222259,2
1768376622023279582,9.33825856824333,8.885287649182352,1.9030466227303677,1.936489100222259,2
1768376622098590763,6.907598602467591,9.130009954075096,1.8998627956211158,1.9368027647588548,2
1768376622173163160,7.11236567081297,9.269049226191248,1.8986446776317984,1.93675787019314,2
1768376622224256867,7.11236567081297,9.269049226191248,1.8986446776317984,1.93675787019314,2
1768376622297952504,9.122920032128778,9.053643782510063,1.9022836493100195,1.9360792708989465,2
1768376622354635669,9.122920032128778,9.053643782510063,1.9022836493100195,1.9360792708989465,2
1768376622498236411,10.908930254898141,9.156449309260573,1.9029806284172393,1.9353413523460175,2
1768376622573312676,10.787647201226491,8.79901767994564,1.9054704734999963,1.9362975777144042,2
1768376622623325489,10.787647201226491,8.79901767994564,1.9054704734999963,1.9362975777144042,2
1768376623173182439,7.6250819713128415,8.790729391902282,1.9029506964324667,1.9381010757457868,2
1768376623224971021,7.6250819713128415,8.790729391902282,1.9029506964324667,1.9381010757457868,2
1768376623298210073,8.212595611752915,8.88938783361956,1.9021862606459434,1.9365728804804692,2
1768376623354925123,8.212595611752915,8.88938783361956,1.9021862606459434,1.9365728804804692,2
1768376623500256682,8.40793168999121,8.743991794783655,1.9038891219358114,1.9375343786128996,2
1768376623573215276,6.1713326475205665,8.78784195502139,1.9005337165229044,1.937761615583266,2
1768376623623723008,6.1713326475205665,8.78784195502139,1.9005337165229044,1.937761615583266,2
1768376623698949617,9.014133476938024,8.761926937022896,1.904567404968964,1.936761621052828,2
1768376623773378872,8.926346256967532,8.791307792431812,1.9036088128849085,1.9372027295287346,2
1768376623823621634,8.926346256967532,8.791307792431812,1.9036088128849085,1.9372027295287346,2
1768376623898356913,9.785189157587082,9.094042372460725,1.9021185001927685,1.9359864639462283,2
1768376623973228621,6.331493521420928,8.844744395580454,1.900936545093477,1.937744724273592,2
1768376624023994645,6.331493521420928,8.844744395580454,1.900936545093477,1.937744724273592,2
1768376624098252992,8.61554276046017,8.704408886020403,1.903625838319323,1.9375112128710497,2
1768376624154559372,8.61554276046017,8.704408886020403,1.903625838319323,1.9375112128710497,2
1768376624223550014,6.566402932587145,8.732046694525485,1.9012513254487426,1.9370140073138382,2
1768376624298052316,8.539796040002434,8.74335530393677,1.9037419907440731,1.93732639530453,2
1768376624355144465,8.539796040002434,8.74335530393677,1.9037419907440731,1.93732639530453,2
1768376624424241524,7.612100966242652,8.709494114543219,1.9027327025333993,1.937136050216124,2
1768376624498237009,7.926950581905734,8.819624525165187,1.9022168832090707,1.9373007062953715,2
1768376624555566010,7.926950581905734,8.819624525165187,1.9022168832090707,1.9373007062953715,2
1768376624623344532,11.315835367376792,9.136408229248199,1.902694118548004,1.9346556219219795,2
1768376624698626792,7.047377946925781,8.755163617129378,1.9022324653058524,1.937845415658319,2
1768376624754946823,7.047377946925781,8.755163617129378,1.9022324653058524,1.937845415658319,2
1768376624823961857,6.406455641376985,8.861706388767647,1.9010621221863722,1.9369278953260773,2
1768376624898042232,9.915934419267636,9.00965286483328,1.9034897242213344,1.9359347378576057,2
1768376624955213309,9.915934419267636,9.00965286483328,1.9034897242213344,1.9359347378576057,2
1768376625224899797,8.390514220006029,8.704055495885786,1.9036112549936113,1.937600497559628,2
1768376625423561974,5.98243806995824,9.072966249159673,1.8990760974802965,1.9374198769979243,2
1768376625623883409,8.68645043990135,9.0053128691817,1.9017830476909314,1.9363304937943289,2
1768376625698662324,7.81379086325118,8.800260197321302,1.901942374823086,1.9377202902833204,2
1768376625754769331,7.81379086325118,8.800260197321302,1.901942374823086,1.9377202902833204,2
1768376626098738582,8.646842486934148,8.880038549314373,1.9031061948685755,1.937223870745444,2
1768376626156057107,8.646842486934148,8.880038549314373,1.9031061948685755,1.937223870745444,2
1768376626223461262,7.250915461236795,9.06053819405079,1.9001244652411815,1.9359396396585933,2
1768376626298548038,6.805242582433424,8.790221327019513,1.9015963948259231,1.937930284427229,2
1768376626355855502,6.805242582433424,8.790221327019513,1.9015963948259231,1.937930284427229,2
1768376626424360114,5.029233562783064,8.831779243874708,1.8996082522084836,1.9385481999102419,2
1768376626498269450,9.635540726698144,8.907239332133091,1.9028590072002969,1.9354940061749109,2
1768376626556189851,9.635540726698144,8.907239332133091,1.9028590072002969,1.9354940061749109,2
1768376626623569072,9.25295069855503,8.96403982365703,1.9023930736094046,1.9361819674260112,2
1768376626698086437,9.322401535934333,8.917127207986708,1.9035308657075434,1.9376276233873664,2
1768376626755105680,9.322401535934333,8.917127207986708,1.9035308657075434,1.9376276233873664,2
1768376626823544100,7.769894720357051,9.00872944925279,1.9015550573013542,1.9373675850732643,2
1768376627098217994,6.129881608963439,8.906144157547121,1.9002455751349223,1.9374847803448532,2
1768376627498357402,9.30524400126398,8.985601211277752,1.902605004343367,1.9359503306634358,2
1768376627556328883,9.30524400126398,8.985601211277752,1.902605004343367,1.9359503306634358,2
1768376627698905197,8.926667148090317,9.150464075257725,1.9019021293158378,1.9368340646929891,2
1768376627755577624,8.926667148090317,9.150464075257725,1.9019021293158378,1.9368340646929891,2
1768376627898175608,9.95150236505693,8.792804200933944,1.904729207991945,1.9374771439344611,2
1768376627956622503,9.95150236505693,8.792804200933944,1.904729207991945,1.9374771439344611,2
1768376628023974906,6.3506473923955475,8.929616280511784,1.89964045952828,1.937192176600748,2
1768376628298107143,5.942369175347517,8.98037252297047,1.899589355475001,1.9367491761201296,2
1768376628498490853,6.0908118122786625,9.255938655173395,1.8979934140644354,1.9362243587689874,2
1768376628573554613,8.55128286336182,8.91422228109877,1.9030469883945396,1.9373124097720569,2
1768376628623585403,8.55128286336182,8.91422228109877,1.9030469883945396,1.9373124097720569,2
1768376628699314232,7.765809007182822,9.072846855363958,1.9006271584839871,1.9360963159909372,2
1768376628773341513,7.3591755616977395,8.985593264613437,1.9010089857767065,1.9370700089419395,2
1768376628823861013,7.3591755616977395,8.985593264613437,1.9010089857767065,1.9370700089419395,2
1768376628898447597,6.8587583549644116,9.16577135777642,1.8989662458713488,1.9355296543444713,2
1768376629098440703,8.467181400499957,8.507722774425234,1.9042174380341588,1.9384249563776474,2
1768376629173178306,9.880140318117236,8.67179289037413,1.9054841721352662,1.9372886303411212,2
1768376629223799072,9.880140318117236,8.67179289037413,1.9054841721352662,1.9372886303411212,2
1768376629299103743,6.207033445395638,8.847935236853218,1.9006729069568469,1.937978309037278,2
1768376629498314091,10.092611876833635,9.156349587414107,1.9025732297926958,1.9353316053122958,2
1768376629573407563,5.999109653213486,8.989727496369913,1.899354964463187,1.937364984368667,2
1768376629623966586,5.999109653213486,8.989727496369913,1.899354964463187,1.937364984368667,2
1768376629698571825,9.645523736673045,8.659096603602094,1.9052002100243492,1.937148983735467,2
1768376629756934690,9.645523736673045,8.659096603602094,1.9052002100243492,1.937148983735467,2
1768376629823703049,8.015205143713677,8.81860697891483,1.902626023032958,1.9375808364044513,2
1768376630024384809,8.051483317410124,8.919424140825981,1.902109040065127,1.9368895430915014,2
1768376630099038977,6.002146235049244,8.895685532095868,1.9004355969973634,1.9370072377960137,2
1768376630173504181,7.5075763525203065,9.152561901875487,1.8997129072813117,1.9362100526655346,2
1768376630224286801,7.5075763525203065,9.152561901875487,1.8997129072813117,1.9362100526655346,2
1768376630298343697,8.282304342194458,8.961387895822062,1.901946919707815,1.936748356783878,2
1768376630373172198,5.619658742032296,9.044086509501128,1.898830531034522,1.937647192321603,2
1768376630424758045,5.619658742032296,9.044086509501128,1.898830531034522,1.937647192321603,2
1768376630498437033,8.644026006352279,8.979344883649647,1.9018568366480557,1.9364277137432746,2
1768376630573545587,8.115264805805156,8.920056603822475,1.9018188094360517,1.935879042242973,2
1768376630625509283,8.115264805805156,8.920056603822475,1.9018188094360517,1.935879042242973,2
1768376630773341253,6.377998658794404,8.867609873966654,1.9005373544063697,1.9370850209702506,2
1768376630825416749,6.377998658794404,8.867609873966654,1.9005373544063697,1.9370850209702506,2
1768376630898476856,5.863738111411054,9.0480719530433,1.8990094334759136,1.9368427940449782,2
1768376630973199460,7.376415495644828,8.995600108944386,1.900917867375325,1.9372566251087526,2
1768376631025003827,7.376415495644828,8.995600108944386,1.900917867375325,1.9372566251087526,2
1768376631099061456,7.6575671694532055,9.333300617724717,1.898642570068986,1.935802540544988,2
1768376631173431640,7.59250998212968,9.086008986867846,1.899676091848949,1.9359573311160032,2
1768376631225011510,7.59250998212968,9.086008986867846,1.899676091848949,1.9359573311160032,2
1768376631498903638,8.830736041481213,9.045101473345213,1.9015191290016389,1.935464904623863,2
1768376631773169137,5.694931256724711,8.824572541341148,1.8999370224942271,1.9379153419648105,2
1768376631826745318,5.694931256724711,8.824572541341148,1.8999370224942271,1.9379153419648105,2
1768376631898519306,7.54675761795065,8.854627674871317,1.9023120621918537,1.9379451997522,2
1768376631973134385,8.365776527920588,8.950941808514346,1.9024265746384386,1.9377110527145538,2
1768376632025807061,8.365776527920588,8.950941808514346,1.9024265746384386,1.9377110527145538,2
1768376632098595898,5.80657511852678,8.857787686534836,1.9004343838167006,1.9376999674484672,2
1768376632173587243,9.328099078238283,8.971392686203766,1.9025611727617195,1.936307661436704,2
1768376632228169838,9.328099078238283,8.971392686203766,1.9025611727617195,1.936307661436704,2
1768376632298796568,6.925091890823021,9.13241687154757,1.8994831517432882,1.936511340681943,2
1768376632373580641,6.714934134856687,8.772724489890631,1.9019821892941102,1.937688264794853,2
1768376632424868535,6.714934134856687,8.772724489890631,1.9019821892941102,1.937688264794853,2
1768376632498789050,7.424376434273183,8.895680971109835,1.901969859715666,1.937551863742501,2
1768376632573238770,9.400393661528339,9.106500188106962,1.9018778081184298,1.9356094772619687,2
1768376632625323123,9.400393661528339,9.106500188106962,1.9018778081184298,1.9356094772619687,2
1768376632698656949,8.933551322807265,8.750845644720991,1.9040887881758384,1.9371159003833556,2
1768376632902343618,7.197215645348587,8.857190995055827,1.901472193025755,1.937122597789188,2
1768376632973560625,6.678436721434533,8.816238628535599,1.9011270844504535,1.9380674684182575,2
1768376633026184691,6.678436721434533,8.816238628535599,1.9011270844504535,1.9380674684182575,2
1768376633173220571,8.5501549458884,8.90778413122289,1.902390187933414,1.9367063832895641,2
1768376633225630832,8.5501549458884,8.90778413122289,1.902390187933414,1.9367063832895641,2
1768376633298842883,7.173372407873968,8.996813030366583,1.9004811328681224,1.937021523388251,2
1768376633373407478,8.713687908785017,8.950983134118719,1.9021294762547607,1.9364594280116962,2
1768376633425904706,8.713687908785017,8.950983134118719,1.9021294762547607,1.9364594280116962,2
1768376633498611343,7.508457149268066,9.106557423858913,1.8999759080322975,1.9368643911026067,2
1768376633573239843,6.0389742977045024,9.06714823427419,1.8994667607390072,1.9376935973693572,2
1768376633628162493,6.0389742977045024,9.06714823427419,1.8994667607390072,1.9376935973693572,2
1768376633773442289,9.445401793600539,8.790621973865203,1.904338322953675,1.9371567479146798,2
1768376633825626252,9.445401793600539,8.790621973865203,1.904338322953675,1.9371567479146798,2
1768376633898631347,8.297191605006304,8.985729365573313,1.902050108064305,1.9365538524953099,2
1768376634173657807,8.177299039451302,9.145824392607997,1.9002578938508041,1.9361762081705334,2
1768376634225156980,8.177299039451302,9.145824392607997,1.9002578938508041,1.9361762081705334,2
1768376634698613022,8.180863140148764,8.905376919419293,1.9022686626852479,1.9371388207802285,2
1768376634899290238,5.936101414403261,9.074556756258389,1.8991678717424973,1.937769491227039,2
1768376634973250507,6.023341269637106,8.675450545169594,1.9018943124178984,1.9390482097910553,2
1768376635027665358,6.023341269637106,8.675450545169594,1.9018943124178984,1.9390482097910553,2
1768376635099364378,6.769066732623896,8.913831096908355,1.9000973316263925,1.9364561593229448,2
1768376635499219701,8.65751870016962,9.039429425563945,1.9020160256022982,1.9359636657082417,2
1768376635699862676,8.391961543502857,8.980836529840223,1.901612821632959,1.9366896924096975,2
1768376635773666340,7.027319576477398,8.96924472292636,1.9007786530658626,1.9373943905174813,2
1768376635825817035,7.027319576477398,8.96924472292636,1.9007786530658626,1.9373943905174813,2
1768376635899287169,8.575860765499543,8.624644107525443,1.9046318742192327,1.9380400432429947,2
1768376635973319311,8.058381417157534,9.035575147228533,1.9013436025700425,1.9367409241730833,2
1768376636026859716,8.058381417157534,9.035575147228533,1.9013436025700425,1.9367409241730833,2
1768376636098561206,6.555535644554356,8.883230340244165,1.9010926730370894,1.9378330042619054,2
1768376636173378216,7.6527801084007585,8.68703030493357,1.9025747147782217,1.9370396195993913,2
1768376636227489069,7.6527801084007585,8.68703030493357,1.9025747147782217,1.9370396195993913,2
1768376636298304088,8.391665616567012,8.993545280113839,1.9016858035150708,1.936378263599736,2
1768376636498704993,7.904034998457599,9.056322375118556,1.9007456312153428,1.936693603188648,2
1768376636700434737,6.575359119663116,9.13593270496515,1.8991436679574276,1.9368620456881156,2
1768376636773522663,6.826686972497553,8.758932249453043,1.9014114149964776,1.9373248375322938,2
1768376636826803647,6.826686972497553,8.758932249453043,1.9014114149964776,1.9373248375322938,2
1768376636898735339,9.605057436931741,8.879820718315724,1.9038445465483778,1.936692878905982,2
1768376636973572137,6.850920196972199,8.78428141183816,1.9022277252635151,1.938256677708853,2
1768376637029310241,6.850920196972199,8.78428141183816,1.9022277252635151,1.938256677708853,2
1768376637099003907,9.933932684529578,9.092587173057563,1.9022758557022346,1.9352036160977402,2
1768376637173407374,4.453723848095947,8.874057886824508,1.8993963369632962,1.938281278827798,2
1768376637227576503,4.453723848095947,8.874057886824508,1.8993963369632962,1.938281278827798,2
1768376637298929741,7.666122142470755,8.963075733519434,1.9013876685462545,1.9365343679098095,2
1768376637373186814,6.583994198830823,8.946716259909747,1.9000164149340621,1.936822699616177,2
1768376637428496346,6.583994198830823,8.946716259909747,1.9000164149340621,1.936822699616177,2
1768376637498691281,8.283564532758803,8.944440920221751,1.9024536163554921,1.9364448939311691,2
1768376637573315130,6.77391927893134,8.911959876686426,1.9006546066268943,1.9364262193356532,2
1768376637627156090,6.77391927893134,8.911959876686426,1.9006546066268943,1.9364262193356532,2
1768376637698838164,8.770711070847037,9.25822815513167,1.9002583508805913,1.9352496893093,2
1768376637773403960,8.995840773475372,8.828947765893341,1.9033465470808058,1.9370331602017126,2
1768376637829338447,8.995840773475372,8.828947765893341,1.9033465470808058,1.9370331602017126,2
1768376637898656542,7.401780301546479,8.868910695382455,1.9016726121696002,1.9373187864014116,2
1768376637973965309,7.425174420308656,9.140785167136265,1.899466840740944,1.9351494743800963,2
1768376638029114347,7.425174420308656,9.140785167136265,1.899466840740944,1.9351494743800963,2
1768376638098552255,7.506739862143563,8.81196187200677,1.9019945605802824,1.9367961545534673,2
1768376638174120562,6.472369353728968,8.842788709627904,1.9008571518829236,1.937318736576172,2
1768376638227665209,6.472369353728968,8.842788709627904,1.9008571518829236,1.937318736576172,2
1768376638298601367,10.152365003304853,8.916970573725001,1.903616538716566,1.9362481104078677,2
1768376638498604024,7.966682207461329,8.906374353943512,1.9022000574006321,1.9376691860316486,2
1768376638573291835,8.856427465486094,8.846187126737936,1.903041098610278,1.9366667049716353,2
1768376638628631854,8.856427465486094,8.846187126737936,1.903041098610278,1.9366667049716353,2
1768376638698432766,5.812279888702143,8.869670188758803,1.9002710701137648,1.9373290712608888,2
1768376638773738710,9.066562354361318,8.73216652306727,1.9041677698383443,1.9371400706480317,2
1768376638828340990,9.066562354361318,8.73216652306727,1.9041677698383443,1.9371400706480317,2
1768376638899100568,5.423060125689272,8.893506821838136,1.8997405702352652,1.9370607106145468,2
1768376639098833413,9.956167304971064,9.090152336833176,1.902410276562275,1.9354716702771646,2
1768376639498440562,7.855600254121908,8.972522008023134,1.9021614503322781,1.9378343193363416,2
1768376639699014458,6.092856873006758,8.80053433672266,1.901113493013296,1.938138221293728,2
1768376639773312005,6.7806026214152215,8.747105524050488,1.9018886766596284,1.9375405768312077,2
1768376639828542091,6.7806026214152215,8.747105524050488,1.9018886766596284,1.9375405768312077,2
1768376640173481790,9.672564187402699,8.71609055030335,1.9054437004346623,1.9369822908364256,2
1768376640229658222,9.672564187402699,8.71609055030335,1.9054437004346623,1.9369822908364256,2
1768376640373373785,6.7085266251936115,8.927025347821749,1.9012305644810488,1.9375357154272204,2
1768376640428935309,6.7085266251936115,8.927025347821749,1.9012305644810488,1.9375357154272204,2
1768376640698618374,8.947170278172045,8.760969340753627,1.904189188350808,1.9381607985201093,2
1768376640773187549,7.117482050861934,8.910709514938162,1.9007921765305906,1.9362914040665191,2
1768376640828650955,7.117482050861934,8.910709514938162,1.9007921765305906,1.9362914040665191,2
1768376640973275950,7.45234191105526,8.81583010210116,1.9024173015094554,1.9375058908215357,2
1768376641028817920,7.45234191105526,8.81583010210116,1.9024173015094554,1.9375058908215357,2
1768376641299011440,9.600786796142513,9.101703372823872,1.9025183704487805,1.9356288767868868,2
1768376641498502483,8.711137343988762,9.056787958106636,1.9018626881789111,1.9365898290984611,2
1768376641773446948,7.772031322361483,8.847881557551036,1.9019742558409307,1.9365417777588658,2
1768376641828985967,7.772031322361483,8.847881557551036,1.9019742558409307,1.9365417777588658,2
1768376641898457427,3.2987359422917972,8.684960307461683,1.8988483907654368,1.938770578239941,2
1768376641973724988,7.265341409915305,8.717952396309864,1.9027953452630433,1.9380895619292453,2
1768376642029131866,7.265341409915305,8.717952396309864,1.9027953452630433,1.9380895619292453,2
1768376642098771393,10.720180582726835,8.929032576456224,1.904322089260053,1.936442533504985,2
1768376642173192628,10.77517559532759,9.021368820366943,1.9034910434416015,1.9355940244716783,2
1768376642229631489,10.77517559532759,9.021368820366943,1.9034910434416015,1.9355940244716783,2
1768376642299018711,4.718618944981934,8.770393956518804,1.8995301493284182,1.9379958854100403,2
1768376642373343921,7.630284454548608,8.988895687936145,1.9005007987338538,1.9368755526293377,2
1768376642430252378,7.630284454548608,8.988895687936145,1.9005007987338538,1.9368755526293377,2
1768376642573103147,8.999256577771897,9.053456543980067,1.9019919018641225,1.936083516646754,2
1768376642629791657,8.999256577771897,9.053456543980067,1.9019919018641225,1.936083516646754,2
1768376642773495505,7.783875031933674,8.928827323877405,1.9017053253127505,1.9372836140104281,2
1768376642830423213,7.783875031933674,8.928827323877405,1.9017053253127505,1.9372836140104281,2
1768376642899043370,6.618353290771539,8.901463963223932,1.9006764586728377,1.9376766256094817,2
1768376642973644717,9.140873748498812,8.864122716334586,1.9032266409084535,1.9364592168546126,2
1768376643030339891,9.140873748498812,8.864122716334586,1.9032266409084535,1.9364592168546126,2
1768376643098544218,5.32355266339235,8.823520405276666,1.8998876069542499,1.9388065025057424,2
1768376643373501978,8.497159239964747,8.931009324229754,1.9020680318954328,1.9369911723740545,2
1768376643430998311,8.497159239964747,8.931009324229754,1.9020680318954328,1.9369911723740545,2
1768376643573793332,6.003993543832076,8.876045846465159,1.9001058940383109,1.9374565716757794,2
1768376643631765601,6.003993543832076,8.876045846465159,1.9001058940383109,1.9374565716757794,2
1768376643898805492,8.034254657894202,8.8988903972035,1.9020540916736541,1.9373556736909834,2
1768376644098858096,6.726072280573092,8.923559232532762,1.9010923927374899,1.9375876860565282,2
1768376644173815289,9.941740873623983,8.939260850868518,1.903927831197763,1.9369402956495259,2
1768376644230891589,9.941740873623983,8.939260850868518,1.903927831197763,1.9369402956495259,2
1768376644298887491,8.275718347069194,8.66880901701731,1.9041245721581928,1.9385392055420132,2
1768376644373236174,7.155072431734633,8.884303279895933,1.9011577803352622,1.9371799248308237,2
1768376644429935680,7.155072431734633,8.884303279895933,1.9011577803352622,1.9371799248308237,2
1768376644498856344,9.546453569530655,9.082027276123593,1.902944418216038,1.9370675231193852,2
1768376644573835196,9.687061285025278,9.007012648085597,1.9031059864387458,1.9362516472467144,2
1768376644630600175,9.687061285025278,9.007012648085597,1.9031059864387458,1.9362516472467144,2
1768376644773277773,8.63057309041193,9.000007260289602,1.902205109120503,1.936416179696273,2
1768376644829895225,8.63057309041193,9.000007260289602,1.902205109120503,1.936416179696273,2
1768376644898729104,9.471776992506786,9.339758644161554,1.9004159522662756,1.9348796007893967,2
1768376645373455467,5.942064716159212,8.909881448627551,1.899805255703719,1.9377902081543736,2
1768376645431746808,5.942064716159212,8.909881448627551,1.899805255703719,1.9377902081543736,2
1768376645573479701,8.538790382699668,9.287813692201226,1.8997482792050462,1.9353234661540668,2
1768376645631085103,8.538790382699668,9.287813692201226,1.8997482792050462,1.9353234661540668,2
1768376645699016960,7.2677819088626805,9.01710821513707,1.9003892938620017,1.9372296180050812,2
1768376645899008496,7.1731271393831175,8.99914118830721,1.900675283419869,1.9367612394395328,2
1768376645973370988,5.353136727941132,9.178748608766831,1.8972084761233479,1.936849451135818,2
1768376646031352714,5.353136727941132,9.178748608766831,1.8972084761233479,1.936849451135818,2
1768376646099051967,9.078432361899091,8.838982325432442,1.9034065667794733,1.9371764803571792,2
1768376646174206161,5.838618331571066,8.836922691104446,1.9005825395640539,1.9384564397050188,2
1768376646223212638,5.838618331571066,8.836922691104446,1.9005825395640539,1.9384564397050188,2
1768376646298988357,7.433569113421745,8.740052912495033,1.902194738042761,1.9372383644625972,2
1768376646373371638,8.454301588370683,8.991844870447714,1.9023238685138726,1.936985233638012,2
1768376646423433497,8.454301588370683,8.991844870447714,1.9023238685138726,1.936985233638012,2
1768376646500594482,6.494906642019904,9.09288752294839,1.8993583813783212,1.9361923321137855,2
1768376646573669813,4.8776876773259925,8.960839943642227,1.8988427355521131,1.9381071387776896,2
1768376646623288544,4.8776876773259925,8.960839943642227,1.8988427355521131,1.9381071387776896,2
1768376646699046339,8.773156890914846,8.708050895400929,1.9037907082665755,1.9368027621914932,2
1768376646773507001,8.172201875022544,8.915595034836562,1.902357910560553,1.9369264884953536,2
1768376646831618247,8.172201875022544,8.915595034836562,1.902357910560553,1.9369264884953536,2
1768376646973453343,7.359836909822892,8.911408699634546,1.9017946735987379,1.9380903512363805,2
1768376647031754616,7.359836909822892,8.911408699634546,1.9017946735987379,1.9380903512363805,2
1768376647173513400,8.901572510545464,9.030233450091995,1.9024930887506142,1.9375591220681347,2
1768376647224014504,8.901572510545464,9.030233450091995,1.9024930887506142,1.9375591220681347,2
1768376647299116933,9.050655602088176,8.970492163250785,1.9024076089495479,1.936765224732288,2
1768376647373462156,6.1853465326688895,9.047268898472044,1.8993222962076954,1.9369105521739152,2
1768376647424025278,6.1853465326688895,9.047268898472044,1.8993222962076954,1.9369105521739152,2
1768376647499522416,7.048983274573928,8.826492924227189,1.9020661176588938,1.9378401641160823,2
1768376647699771270,8.38741679502597,8.919544982029276,1.902061146555129,1.936664240380449,2
1768376647774419756,8.501981733063602,8.972441540438886,1.9025026521154562,1.9378217755364526,2
1768376647824429463,8.501981733063602,8.972441540438886,1.9025026521154562,1.9378217755364526,2
1768376647899000137,7.91501909234027,9.076081844680932,1.901063447723181,1.936156527944602,2
1768376648300819200,7.9009258160478435,8.927219001831293,1.9016024577157578,1.9366066494205436,2
1768376648499451162,9.324326037181807,8.795268836684297,1.9039006111841859,1.9366731238796082,2
1768376648573512893,4.720663894237642,8.75218436410551,1.900149646138029,1.938707391514893,2
1768376648631561952,4.720663894237642,8.75218436410551,1.900149646138029,1.938707391514893,2
1768376648699932103,5.699711982193545,9.040929889127453,1.8990349886620812,1.936733367213056,2
1768376648773707678,8.542479864370511,8.910980652804664,1.9029044236417514,1.9379700543031027,2
1768376648823668959,8.542479864370511,8.910980652804664,1.9029044236417514,1.9379700543031027,2
1768376648899344683,9.946169750427725,8.993067985402249,1.9033885875331202,1.9361067982235831,2
1768376648973422441,8.86136738118637,8.725038948156604,1.9037462281580995,1.9370839108404265,2
1768376649023703038,8.86136738118637,8.725038948156604,1.9037462281580995,1.9370839108404265,2
1768376649100542424,6.305651719318295,8.92095318042207,1.9005177146082175,1.9382071547754558,2
1768376649299978578,9.56406582208369,8.907826988454417,1.9036617688750495,1.9362042717048706,2
1768376649373612430,10.633687840698292,9.118335626549323,1.9032488832642098,1.935404712022316,2
1768376649423974369,10.633687840698292,9.118335626549323,1.9032488832642098,1.935404712022316,2
1768376649499376844,8.834426897300185,9.091324668035252,1.90209147088997,1.9370293448960574,2
1768376649573387063,8.382426589698344,9.066895488045839,1.9011183658343653,1.9368637793566275,2
1768376649623777322,8.382426589698344,9.066895488045839,1.9011183658343653,1.9368637793566275,2
1768376649699930115,11.098495330451374,8.86779481076108,1.9054334619113626,1.9366140593940222,2
1768376649773762216,7.6051092619473515,8.897049898442699,1.9020641889132035,1.9368274287415286,2
1768376649823848234,7.6051092619473515,8.897049898442699,1.9020641889132035,1.9368274287415286,2
1768376649899906403,8.003280087075737,9.085769289790168,1.9002364476739333,1.9356299196438609,2
1768376649974375382,5.178209366377473,8.827452569155811,1.9002138663115768,1.9388299846827128,2
1768376650023594441,5.178209366377473,8.827452569155811,1.9002138663115768,1.9388299846827128,2
1768376650100536370,7.4108969445081385,8.73513427372884,1.9027863096669033,1.9379040407928048,2
1768376650173388778,8.9689474227721,8.716429213509736,1.9041295112293837,1.9374182871332262,2
1768376650223594802,8.9689474227721,8.716429213509736,1.9041295112293837,1.9374182871332262,2
1768376650300294944,6.330733267877253,9.008208649893445,1.899788191142512,1.9373660127709018,2
1768376650573427958,8.754911422637068,8.936686918759971,1.902809831290062,1.9365676668479541,2
1768376650623427322,8.84322331257903,9.138247659487114,1.9014203380427597,1.9364452265900736,2
1768376650774503602,10.296614038121321,9.132003782108058,1.9015903931594844,1.9350024110226502,2
1768376650823377939,10.296614038121321,9.132003782108058,1.9015903931594844,1.9350024110226502,2
1768376650973978593,9.57781663592061,8.776748749195688,1.9047509930211333,1.937514004425657,2
1768376651023940110,9.57781663592061,8.776748749195688,1.9047509930211333,1.937514004425657,2
1768376651173757877,9.822227086628832,8.895582492868687,1.90418865810157,1.9366181409333802,2
1768376651223425815,9.822227086628832,8.895582492868687,1.90418865810157,1.9366181409333802,2
1768376651373650019,12.278857713899916,9.034432460673417,1.904818905985895,1.93543804053457,2
1768376651423809477,12.278857713899916,9.034432460673417,1.904818905985895,1.93543804053457,2
1768376651499844921,10.910759889985577,9.221949767143757,1.9029346087177037,1.9349717082142897,2
1768376651573671975,8.828627684171364,8.89688055172121,1.9029923980505388,1.9371572846088072,2
1768376651773768440,10.975208155745042,8.762822580669585,1.9058538723907361,1.9361793564758583,2
1768376651823817910,6.979260411392962,9.005635533106013,1.9001421422795601,1.9361793564758583,2
1768376651900816262,7.0550755764746675,8.727451164831058,1.9025946822441953,1.9382644226822454,2
1768376651973514445,8.945374917405768,9.089899759317166,1.9012782519640592,1.9359868184751332,2
1768376652023403576,8.945374917405768,9.089899759317166,1.9012782519640592,1.9359868184751332,2
1768376652173346288,10.300295065957199,8.95590545181495,1.9036161939020864,1.9363306179550763,2
1768376652223379304,10.300295065957199,8.95590545181495,1.9036161939020864,1.9363306179550763,2
1768376652300634685,8.030503753131857,8.960437692612837,1.9016127065545525,1.9370805881661322,2
1768376652373923022,6.412153836308443,8.922302985136907,1.9004733115807633,1.9374345881090698,2
1768376652423340467,6.61037825394839,8.814269013108738,1.9017325030900187,1.9377787210119823,2
1768376652574364172,10.410135648323715,8.955611190096432,1.9039388535002437,1.9367282759389723,2
1768376652623421846,6.927270491744686,8.672971840498366,1.9026305873079898,1.9388598538509332,2
1768376652775246131,6.959891253039308,9.020194906609499,1.9002494593436143,1.9371327009402515,2
1768376652823458297,6.4242468563215915,9.110125617243945,1.8990978349306071,1.9371327009402515,2
1768376652901521620,8.588780979385646,9.222932175255728,1.9000428646615515,1.9351247146356285,2
1768376652973740928,7.848575262299651,8.962622941579271,1.9011496506067682,1.936807645990589,2
1768376653023679059,8.30052967388406,9.00366063530173,1.901745522230982,1.9366987563782023,2
1768376653101916791,8.032629374411293,8.781602641444474,1.9033760243247277,1.9372585081166527,2
1768376653175143169,6.147283949985427,8.93025540825796,1.9001704176964311,1.9381955055056432,2
1768376653223383616,5.625367049817198,8.812790987081618,1.9004966417140614,1.9381955055056432,2
1768376653301372870,7.516465980224485,8.698572959559396,1.9032359156602239,1.9385108027236355,2
1768376653373836899,7.973130075472179,8.960992352761888,1.9017011777326944,1.9365028003756894,2
1768376653501153931,5.222368553242429,8.946440384644356,1.8990428784502957,1.9378793481268881,2
1768376653573804150,7.447139080650089,9.07429996340612,1.9002209769134581,1.9364333714754625,2
1768376653624043106,5.778585447127282,9.093900886227276,1.8989270574873007,1.936961766909959,2
1768376653823457517,6.483088005130533,9.007052904422626,1.9000235087146282,1.93713089642833,2
1768376653901856313,5.441432962448145,8.702339751611072,1.9006969508669773,1.9382493937163612,2
1768376653973936090,10.667501118047928,9.14029182729939,1.9026399639689409,1.9354277042647046,2
1768376654103596863,6.242089516958149,8.691166584843977,1.9015594871382673,1.9379780114398875,2
1768376654374153609,5.0968993145734665,8.65926669085932,1.9010324661894542,1.9381137864526088,2
1768376654423814991,5.0968993145734665,8.65926669085932,1.9010324661894542,1.9381137864526088,2
1768376654573824999,7.309146129999,9.034398052997027,1.900419472093099,1.937161094433881,2
1768376654623389937,8.829332434678872,9.026099049205282,1.9021331604754168,1.9370065843037374,2
1768376654701823406,9.278389176902602,8.68698569064452,1.9050869817023959,1.9370338713767397,2
1768376654773713510,11.33288481825745,8.911690957282211,1.9053735172979744,1.9359301169602185,2
1768376654823488154,7.714520575185624,8.937532189769186,1.9018151529076972,1.9369566239720728,2
1768376654903339615,6.958344714357745,9.103483724775936,1.900018233656916,1.937325527885531,2
1768376654973468904,7.900210251254425,9.131388421860104,1.9005295796626211,1.936258048114061,2
1768376655023573820,9.03572495858973,8.855022331726277,1.9035208585099521,1.9370571356933668,2
1768376655173622076,6.7790263906766235,8.805625815655581,1.9015445569041538,1.9381469338720843,2
1768376655301988390,9.78200349399816,9.086119024792303,1.9025895420559578,1.9359281676666786,2
1768376655373538515,10.109106002418544,9.079044662426588,1.9028109728023488,1.9357184022631007,2
1768376655501605234,8.889911463404676,8.977391358028948,1.9026229170755988,1.9370409013081136,2
1768376655573802151,10.501958968777814,9.015712897262398,1.9035326411479354,1.937226725471406,2
1768376655623239299,5.901858631472745,9.033870019293516,1.899436859932764,1.9374776142505137,2
1768376655774268285,8.2437667027917,8.850875331112116,1.9028115253626117,1.9369956356027593,2
1768376655823568084,7.331069108507116,8.918844192315646,1.9014467994434114,1.9369956356027593,2
1768376655901733744,7.687769156683899,8.957602774836742,1.901391710798005,1.9368392997561528,2
1768376655973410079,8.021227263403263,9.022158472062962,1.9014125830015058,1.936735611833355,2
1768376656102941685,9.752968338365475,8.95722311255367,1.9035838730167698,1.9359278617817857,2
1768376656223351662,6.670727444636704,8.770794790865088,1.9017802312071455,1.9386356669376419,2
1768376656374211393,6.159101124368904,8.80667597882634,1.900679310979316,1.937480864936552,2
1768376656423541553,9.695789230284024,8.82512566433233,1.9042396296743334,1.9366429976093698,2
1768376656505419007,8.037464074886813,8.920657772872344,1.9020833686583596,1.9372747757955846,2
1768376656573727097,8.15433426314316,9.062588259707809,1.901159138008318,1.9365120100842697,2
1768376656623374532,6.130487814517416,8.949733736630527,1.8998279186231397,1.9365120100842697,2
1768376656702673802,7.702024199442992,8.817476211145674,1.9020387851893468,1.9374804380119892,2
1768376656773563748,10.74307800541452,8.953589649540758,1.903963240861461,1.9361801921952098,2
1768376656903708198,6.9528252500670185,8.860362524547588,1.901437333170213,1.9374863883904518,2
1768376656974068666,7.953013402654641,8.702424031771024,1.9040347767052272,1.9377855297048452,2
1768376657174250747,4.775644684610336,8.803551990800784,1.8994491984328157,1.9388510636905394,2
1768376657303621432,7.189758580542049,8.968736928457231,1.9010696765476984,1.936561020943115,2
1768376657423401087,6.378620661126044,9.03751744661955,1.8990538229933307,1.9364760890069528,2
1768376657505139252,9.914463161036613,8.946133703525428,1.9037321394542595,1.9364016925934167,2
1768376657573604051,9.560797454587933,9.143015677529084,1.9016893586634638,1.9349994571230351,2
1768376657623586921,7.268135425090305,8.99828992228464,1.9007223936200204,1.9368964544152303,2
1768376657774253918,8.853089296859462,8.771078299639662,1.9031151261405301,1.9363594770158288,2
1768376657823323444,7.117773090060453,9.057232677095504,1.9000410392027576,1.936562374448536,2
1768376657975255470,8.113589328030857,9.259821803325726,1.899336209690344,1.9352095189175915,2
1768376658023747892,8.257769109321744,9.063127838474331,1.9007850233523942,1.9352095189175915,2
1768376658223318421,7.085783082538377,8.92113987697895,1.9010935878847348,1.9367183389898917,2
1768376658374306139,8.138817848944546,9.174223332238737,1.900492598291301,1.9362964696758544,2
1768376658424135048,8.648712710453532,8.956185116041121,1.9027496863593745,1.9374435582703537,2
1768376658503940953,6.534816180672198,8.839606542229305,1.9008528743391582,1.9371652278486917,2
1768376658573640997,5.358291873213794,8.869457015659112,1.900446095080326,1.9380698818561195,2
1768376658623315949,6.82161515421198,9.170680036091719,1.898835768866206,1.9364244055979332,2
1768376658774169047,9.506230233590651,8.973114830856318,1.9032054340941522,1.9366025567517264,2
1768376658823593303,7.230644198366276,8.745817736908533,1.902688865429272,1.9377014396330905,2
1768376659174082956,9.385643197837412,9.042741981000304,1.902580068423555,1.9360866565206567,2
1768376659223407901,6.656104202223734,9.088701282343916,1.900196277869344,1.9374387078397075,2
1768376659305934263,8.47178818227401,8.88300087776078,1.9025035482338137,1.9367352258541537,2
1768376659373730075,8.69716090132866,8.959838794142605,1.9021071048247213,1.9373647501328009,2
1768376659423651655,7.420734213299918,8.956244755943118,1.9011868142065855,1.936833032232161,2
1768376659504205757,7.314672575179593,8.93962303839507,1.901335188657598,1.937109935370337,2
1768376659573629316,10.074432683044865,8.825643751693507,1.9043125812472546,1.9367717229455736,2
1768376659623438288,7.158839147814788,8.95477127692605,1.9015496498034599,1.9380005255121746,2
1768376659773816441,7.372174003892784,8.891577072023026,1.901407988286631,1.9369634365284418,2
1768376659823367561,7.3486964010427425,8.799905830453714,1.901940843585988,1.938125269176769,2
1768376659973797461,5.192524876966864,8.907357181231166,1.89881490532145,1.9372807836464023,2
1768376660023530512,9.800285473237302,8.729262955446886,1.9053675995048365,1.9379372536999422,2
1768376660174404278,8.417105845736517,8.925503926359019,1.9022231186719416,1.9370504208123618,2
1768376660223595237,8.47869146964575,9.08246695550454,1.9017675273284935,1.936617950902652,2
1768376660304584980,6.948378882023265,8.920501701721228,1.9001817433553536,1.936369142571377,2
1768376660373832708,10.199590232143896,9.233370758611633,1.9021820304559607,1.935460660737857,2
1768376660423302039,6.728189562443365,9.187704966423167,1.898979901374215,1.9363414777855499,2
1768376660506915302,7.518543775244746,8.85656221341258,1.901693561934517,1.9374573307962633,2
1768376660573541197,7.613087632958315,8.987781248758616,1.9009968322009057,1.9366222948386174,2
1768376660623691694,6.600917721472532,9.062534616501715,1.9001167845163698,1.937542426041742,2
1768376660773897447,6.6442110646423025,8.93481155861369,1.900938133118569,1.9382391641201249,2
1768376660823730472,9.073317639146872,9.159058662701892,1.9014608433112854,1.9362008395707955,2
1768376660904578317,8.325479084379639,9.157130450679988,1.9006869076351,1.936956170652988,2
1768376661023394075,7.153103044908571,9.029626900210317,1.9002339324337307,1.937283725412522,2
1768376661173960623,11.213067058601922,8.723596668865895,1.9063411350616628,1.9368422343526837,2
1768376661305068891,8.706283943025639,8.749937396930687,1.9033788446789381,1.937136935743401,2
1768376661374161537,8.470137549998036,8.728623293399691,1.9042095775008134,1.9379394688380154,2
1768376661504993198,7.7259956398829654,8.991609031605382,1.90073039153207,1.9367271497264769,2
1768376661573910852,5.984616645584806,8.974686047955952,1.8989333221104117,1.9370902337818128,2
1768376661623550502,10.23387167744727,8.933227186459073,1.9036996705945923,1.9356412955291853,2
1768376661705861273,7.310765053820001,9.029868913495017,1.9006991557815927,1.937115469268382,2
1768376661773925747,7.762741624404823,8.825958955786074,1.9028604190921996,1.9378385369407405,2
1768376661823552990,8.190796261933864,8.800139241449635,1.9022877701577636,1.9368712482057884,2
1768376661906734738,9.485029724006111,8.994525119303223,1.9032738107959906,1.9363467368443337,2
1768376662023397411,5.318355291843213,8.96990869217689,1.89949346162472,1.9372587533729972,2
1768376662223389063,8.92237072785984,9.02585861760476,1.9023433251412638,1.9368808275271032,2
1768376662299141856,9.123601409903204,8.997647457597976,1.902503337542368,1.9368744438841663,2
1768376662373956115,6.643698553661093,9.06244360220226,1.8993194308334163,1.9369150799767048,2
1768376662423725276,5.357908555097879,8.887911715819403,1.9001280312761826,1.9388659863301647,2
1768376662505257894,8.169474844672342,9.147505290474339,1.900890310738552,1.9363007161108263,2
1768376662574200847,6.651452549172099,9.17485607487167,1.8984542844594368,1.9361743452017421,2
1768376662623519800,6.91439857026066,8.940298220777214,1.9007733616302882,1.9376829382098315,2
1768376662823296411,10.154895924713081,9.283158441059774,1.9012052121686345,1.9352679639053196,2
1768376662905309646,7.976423016854417,9.127379033332044,1.9004916032455235,1.9363055726374272,2
1768376663023559421,10.231003194428157,8.9802918425528,1.9037029757633905,1.9361117304512478,2
1768376663223548725,10.900831691358137,9.001466589387897,1.9040879969769358,1.9361944657526398,2
1768376663373945574,9.551762843403422,8.911808559457764,1.903181455425442,1.9370097714773542,2
1768376663423398958,8.67951817594248,9.192087037094058,1.900258716512926,1.9351754499057547,2
1768376663506112052,7.9039201041266605,9.135333446834617,1.8998542621078638,1.9366534661913577,2
1768376663553753856,6.680966220180551,8.913814776884923,1.9011052365227035,1.9382656315879538,2
1768376663623660471,8.002785806258572,9.120707177572552,1.9008394003857756,1.936591219256783,2
1768376663773560537,7.938662448327971,8.90995870135124,1.9016489422739047,1.936967508478774,2
1768376663906186771,8.819491109848476,8.946124735018765,1.9030716317366696,1.937898832820778,2
1768376664023725377,9.208233499215623,8.849566932946647,1.9035968465529147,1.9370420639303443,2
1768376664104822655,8.900771343968383,8.7384008715139,1.9046970896968325,1.9380835332453832,2
1768376664174058194,9.564368642435817,8.995512012952627,1.902581983962855,1.935409361953364,2
1768376664306686990,4.567794611402665,8.916027570817379,1.8985990999807592,1.9377377103763904,2
1768376664423800656,10.071889368916453,8.836892135952839,1.9044705994926736,1.9360976268184618,2
1768376664506211254,8.582151847188912,8.987995506516214,1.901796665772964,1.9353375494159741,2
1768376664574052688,7.573312300344748,9.065770831332392,1.9003001528663077,1.9362566117491244,2
1768376664773885530,5.649685499387047,9.147808286617153,1.8978195503837916,1.9363324637868382,2
1768376664906704969,7.867542460069821,8.973138140107228,1.9015600907636632,1.9369669187249265,2
1768376664974017757,7.347303545613304,8.842896116755778,1.9020924500492713,1.93768474780466,2
1768376665023854304,6.388486849583153,9.083482942672589,1.9000843023583083,1.9374386670648174,2
1768376665174149867,7.245879085605145,8.985312858026118,1.9007476700980117,1.9368339939174977,2
1768376665306431807,4.678807965754483,8.896031743467683,1.8985070293660598,1.937976107417057,2
1768376665423470419,6.736828548371099,9.00564290947574,1.8995848084247795,1.9369180960589758,2
1768376665505516697,7.264835545675252,9.063062386435771,1.900356198954242,1.9366030826560563,2
1768376665574060921,9.895997542453738,9.03677146682777,1.902793061853987,1.9360173486945673,2
1768376665623563883,8.02805143071006,8.523492186721988,1.9048396092046282,1.9388785759822198,2
1768376665973963980,7.7341361588758595,9.116688040844755,1.8997061078748334,1.9357573324966613,2
1768376666106168219,7.174717922196594,8.97945905789072,1.9000165410308985,1.936614952753181,2
1768376666174780341,8.912866201989722,8.946144341691546,1.9025721591235811,1.9359864396595907,2
1768376666299164007,7.4832813804295295,9.006646276614314,1.900981332938041,1.9367187372642356,2
1768376666374783342,5.929584831654955,8.869475060958926,1.9005360935269815,1.9380691082555792,2
1768376666423749284,8.782285308823301,8.799454073811548,1.9037909628572693,1.9363915061384624,2
1768376666498985722,7.355574045525559,9.05717766704882,1.8996040830796042,1.9359888338798552,2
1768376666774349894,5.894622565403962,9.053553233612165,1.8989229311461011,1.937155875281202,2
1768376666823662719,7.190018739712922,8.836956918275531,1.9022433076700722,1.9382411294932926,2
1768376666974475921,5.550888297112033,8.900421773296296,1.8988996869694508,1.9373137508906748,2
1768376667023422630,9.38905033584203,9.067290991084652,1.9024164095894114,1.936868175834703,2
1768376667177398015,7.962497868050367,8.901810797702245,1.901739570953317,1.936916150375423,2
1768376667223971838,8.442761568107304,9.18980554951544,1.9004262357923167,1.9357157572088655,2
1768376667298687902,10.457062287911434,8.911720334592575,1.903864653995234,1.9357101213283276,2
1768376667374481701,7.806126739331898,9.004447016004347,1.9010115291574963,1.9363028936595577,2
1768376667506681441,6.371680519988487,9.068128848653274,1.8989747735630156,1.9366646471039568,2
1768376667574746158,5.937988883994549,8.794206481545569,1.9001114266538988,1.9371105053497424,2
1768376667623439755,7.5271774363792066,8.858948099807636,1.9020564424211528,1.9368582843906053,2
1768376667698839389,10.123234290153826,9.024935455349283,1.9028149754259216,1.935862588595306,2
1768376667774658425,8.448541892380756,8.988670465052198,1.9018727847973842,1.9369983132128192,2
1768376667823470114,8.067194191801796,9.040811513941362,1.9012324730509185,1.936518009158097,2
1768376667974078849,8.476802878859324,8.93452353590959,1.9023785971967972,1.9372447663952201,2
1768376668023462124,8.228154592785808,9.026378997255927,1.901000763698755,1.9364841679940898,2
1768376668174430199,6.632538887336503,8.816281091576004,1.900809705998149,1.9377748938288972,2
1768376668298680495,7.832136863756389,8.892464223757765,1.9013650258453223,1.9360815540152854,2
1768376668374525882,9.01396232572882,8.936050933431709,1.9027533717516352,1.9368379295566482,2
1768376668574502862,7.345812073947355,8.932879676874345,1.9010464627872097,1.9369225524535587,2
1768376668699187983,7.35249521144743,8.980876402502613,1.9007324672996642,1.9370936396962153,2
1768376668775078940,9.357822268012628,8.902644473519445,1.9036355917892014,1.9364117559793435,2
1768376668823367696,7.131808756233982,9.044744546998748,1.9005969583095208,1.9366890720461338,2
1768376668899000259,6.775186715423764,9.03869915333494,1.8996431461252505,1.9369795958924518,2
1768376669098512866,5.8152859306108695,8.984347446996544,1.899514062842286,1.9372785365472105,2
1768376669181018440,6.4750781310392025,8.985574992055541,1.900074800213089,1.9369667729063706,2
1768376669223426144,5.6045565930658015,8.781760427381101,1.9010939158079991,1.9390807870975442,2
1768376669298453650,10.06718203795498,9.010464114617603,1.9031111949161994,1.9356932577521218,2
1768376669375236098,8.80652082746991,8.955580899902174,1.90240042658124,1.9362359530284097,2
1768376669423316188,8.227373958638706,8.797670642600165,1.9031591019963547,1.9369093001985422,2
1768376669498703055,8.647182627855354,9.02423653435384,1.9018120617651102,1.9367566798900355,2
1768376669575015829,6.870859314470845,8.803007975187972,1.901814238512224,1.938040122941522,2
1768376669623522583,8.096962007222874,8.999593201871313,1.9010962943134941,1.9364045228645446,2
1768376669698473875,7.60134382292188,9.049205477090316,1.9013303092599219,1.9371247869118398,2
1768376669898655678,8.12508203712703,8.839709824420323,1.9027724007917688,1.937300638420494,2
1768376669976082999,5.796522555817196,8.885158724360851,1.9001587527417905,1.9380729742311824,2
1768376670099550339,9.496485688272216,9.044461520393716,1.9023178051793441,1.9366230957796482,2
1768376670176094649,8.636812880235656,8.880390002686992,1.903288892480734,1.9374179041536754,2
1768376670223449880,5.320146890837707,8.651962429036798,1.901538610335526,1.9391417727200233,2
1768376670575637910,5.41914199594018,8.95072005220743,1.8990474131029897,1.937835160035774,2
1768376670623754857,5.68307929924039,8.723771802187892,1.9006303194848093,1.9378355699749727,2
1768376670698485923,8.841050742323997,8.91949741843954,1.9028593538651546,1.9366967522184197,2
1768376670775764420,7.539161515777382,8.84231137641331,1.9017291151379725,1.936528432897999,2
1768376670823300298,10.061245205913227,9.065295209194561,1.9020274107251753,1.9346638807145125,2
1768376670899267059,9.464090321257723,8.808387281091797,1.9040165306173644,1.9373725079939377,2
1768376670975729100,7.4159337079293675,8.866461544663348,1.9019751291979117,1.937139532092946,2
1768376671023769624,6.970701286331593,9.14313496387922,1.9001520207199853,1.936860379385228,2
1768376671223569529,7.921474216479707,9.027769314743525,1.9014918800544376,1.9368174681903112,2
1768376671298484082,9.731144437340689,8.926110962637809,1.903174765973583,1.9351391685872936,2
1768376671376063262,8.504894333899227,9.030735024012014,1.901019939731635,1.9358049436915277,2
1768376671423483738,5.88234240469987,9.124304561668998,1.8979816100232416,1.9365046495186242,2
1768376671498613207,6.395421156912162,9.121209035562876,1.8988133692689138,1.9360452634912837,2
1768376671576796991,7.6873863707824786,8.84841319449107,1.9015999678076165,1.9364243523584577,2
1768376671623863845,9.510011193175405,9.065297085482786,1.9024961068523927,1.9360068608900836,2
1768376671776623674,8.342660515389566,8.900340754660206,1.902272240699508,1.9370731580768235,2
1768376672023801413,8.851857915874284,8.795518970180378,1.9032261546325902,1.9376629010014357,2
1768376672176722871,9.262968913233083,8.802157613236808,1.9043425175410116,1.9374119447091054,2
1768376672223909604,7.907400177253221,9.055850281624233,1.9007187697356367,1.9362151970466819,2
1768376672298620807,5.51206751469846,8.90259445714795,1.8996883192065257,1.9378798711828407,2
1768376672378842986,9.388555344462146,8.763518217802625,1.9043568387981773,1.9367444036618018,2
1768376672423698834,7.0366157125660855,9.151345876270684,1.8987845009285975,1.9365626961819216,2
1768376672575757767,5.123183467190984,8.741456880331578,1.900359758274604,1.937679419348362,2
1768376672698574789,6.5410187789243235,8.74209884167379,1.9011940526961455,1.9373012277528026,2
1768376672779627796,8.717608356500373,8.873194809047606,1.9036009686688105,1.9384451838121934,2
1768376673023926987,10.260400922479374,8.99987025761688,1.9034204367832128,1.9360153150977688,2
1768376673098709076,9.69902723917837,9.051908087651103,1.9022352201265411,1.9357202773674744,2
1768376673223724442,7.28919561575081,9.038155279207608,1.9000194910195156,1.9362155288558505,2
1768376673376495454,9.261535786547759,8.977906503802192,1.9028520515868954,1.9365309904075125,2
1768376673424064854,8.066117719208954,9.193049907946419,1.900508482417304,1.9363163443508868,2
1768376673577312124,7.700078082026884,8.719114167455173,1.9037190316125459,1.9373102398493331,2
1768376673624053069,8.952053608090038,8.845637595057303,1.9040474196823582,1.937300415246624,2
1768376673698627195,5.153691606279764,8.902267952865042,1.8991214917821502,1.9375714943997497,2
1768376673776969994,7.924305948096011,8.912078779954618,1.9027115400729044,1.9374811857943282,2
1768376673824515264,6.914544832915315,8.979524469791068,1.9008458430734099,1.9370194836672543,2
1768376673898574278,8.628908130554391,8.904974488985497,1.9025032140659672,1.936167070796301,2
1768376673977253515,5.7143300475090975,8.754594655209049,1.9012564383360384,1.9375542113657498,2
1768376674023711581,3.956300994053308,8.68474182847062,1.8997617004500993,1.9384112695388744,2
1768376674098542103,5.9007786363416415,9.086388557562397,1.8984542126583166,1.9366531298553198,2
1768376674176686714,7.984563439437764,8.751145905283172,1.9028149315569707,1.9363908627018687,2
1768376674298581115,9.996769915111337,9.026072360089142,1.9027630355840905,1.9347952398721853,2
1768376674378414362,8.396135379342029,8.964399447670191,1.9023874880654446,1.9367826189266772,2
1768376674424732684,9.106936442794256,9.046600742831448,1.9018157949085128,1.9358436409101942,2
1768376674499176335,9.68144191358733,8.819444135884247,1.9036548087537397,1.936232470399714,2
1768376674624270523,5.846593990632476,8.847627161162606,1.900293759917269,1.9380203291865845,2
1768376674698543383,10.641542676543159,9.119115074883346,1.9029902013367397,1.9354128648293067,2
1768376674776666462,7.251769354504001,8.711370241738177,1.9021786178925562,1.9376916343337638,2
1768376674899333728,8.816464181010453,8.885545353588874,1.9019643793998264,1.9358441031536968,2
1768376675098522383,8.055471080093302,8.94311710623111,1.9014384278731429,1.9352921199685804,2
1768376675178166904,6.465956053821609,8.8270475904976,1.9009393803326997,1.937011792731626,2
1768376675224558802,5.290278867225773,8.42484291311568,1.9021016670626754,1.938868769939935,2
1768376675298600904,8.604541276740818,8.947352136875098,1.901715940000943,1.9355439100749208,2
1768376675378189913,5.515787254416926,8.757010776596083,1.899553364634153,1.937384659349812,2
1768376675498374605,7.7551981160968175,8.981648262562112,1.90065976246537,1.9360756398683108,2
1768376675578242313,6.684265099720088,8.7941700488025,1.9016669363342271,1.9374806522858818,2
1768376675625151469,4.774891395475267,8.990857631309478,1.8984436418469535,1.9367563959669978,2
1768376675777789849,8.742682503957377,8.94762720603786,1.9015761484379419,1.9361343385492296,2
1768376675898575079,4.7450499641485955,8.476108229357877,1.9016224181158485,1.9380957357479598,2
1768376676025270868,8.16339053816284,8.895624886491138,1.9022419086542963,1.9372226294376231,2
1768376676098520721,5.080749482879066,8.868773527379036,1.8990138549960707,1.9371492929122007,2
1768376676177864229,6.519373197412914,8.410008184507848,1.9037759575663469,1.9382283782796303,2
1768376676298679755,10.045408359769414,8.918001454622472,1.904214504791441,1.936747484046418,2
1768376676378909069,7.49895075616358,8.624385923973543,1.9036244977689687,1.9390574768865065,2
1768376676425650948,8.464971236849639,8.745646688487486,1.9030851088055813,1.9360322676590154,2
1768376676498485996,9.747031166634335,8.719299192377665,1.905248206160682,1.9375180022710004,2
1768376676578452289,7.440051056287755,8.572769797336552,1.903990826420512,1.938775897569776,2
1768376676778129187,8.78743883409916,9.256046276703712,1.9002312333415579,1.935049551679803,2
1768376676826199628,8.5528913574211,8.771894032591955,1.9029359217746977,1.9367593858823349,2
1768376676898627844,7.252405602075074,9.180542004265464,1.8988745878445354,1.9361009586501803,2
1768376676977742535,8.300315793933866,9.21685479818142,1.899572326473239,1.935723005206635,2
1768376677025791913,7.518051693333527,8.786074956565585,1.9027156948112063,1.9385033218687266,2
1768376677098504976,8.238904009831405,8.627114600886916,1.9047477158246722,1.9380119222064367,2
1768376677225883568,8.625608521501071,8.928726066863126,1.902847533721327,1.9367650661416338,2
1768376677426042466,7.2830360138489425,8.498140261691063,1.9040679924126467,1.938855116637229,2
1768376677578610067,10.879767351512637,9.054644326832966,1.9036612525744405,1.9348504390059191,2
1768376677625922983,6.313375758961959,8.78009193022821,1.9009146017962653,1.9370339496270301,2
1768376677698503484,6.224710521612442,9.008758585067836,1.899698565153664,1.9363027144442342,2
1768376677777723312,8.603947262905809,8.871819423856698,1.9025659678838498,1.9368306424222452,2
1768376677826577591,8.348622841181541,8.724548419626368,1.9033231493947824,1.9365053757040507,2
1768376677978855878,6.575976233288872,8.64707049161073,1.902065419324439,1.9374975208528271,2
1768376678098669679,3.5515728720256767,8.811938401170243,1.8985820517524465,1.9386150169208238,2
1768376678178947038,6.263296297972065,8.956476933075084,1.9004756042772437,1.9385009531579604,2
1768376678298930128,9.814252939041035,8.844535242734475,1.904045203176198,1.9370749625355814,2
1768376678379800345,7.717716568202082,8.868664600471869,1.9019077030036622,1.9375398954325527,2
1768376678426511939,7.443159636029151,8.789815264373258,1.902229329510816,1.937413448761624,2
1768376678498658550,9.120040187888812,8.934118725722337,1.9023618550151675,1.9363051859496996,2
1768376678581969255,8.337424568769514,8.490096192684708,1.9048526294740828,1.9387797050615108,2
1768376678626466005,8.184566529647386,9.022735585004245,1.9011159303605365,1.9366576893638037,2
1768376678698640396,8.296071735320654,8.885512843057517,1.902141509940828,1.9368080742412601,2
1768376678827325546,7.415889935334485,8.656740831022105,1.9025985047240277,1.9383117426120227,2
1768376678898755524,8.756948356441141,8.56264385348962,1.9044622279468642,1.9370839448830113,2
1768376678980247217,8.468820970841673,8.812312513437812,1.9026540122378368,1.936882195616842,2
1768376679098740008,8.398415654595981,8.795902118081745,1.9027835888005844,1.935552989390046,2
1768376679298661194,7.265703930508405,9.3453559135441,1.8976409511995347,1.935462246013319,2
1768376679374216862,5.703104644485535,8.876938428442706,1.8997969620403503,1.9375951801845335,2
1768376679427023219,7.518813461359297,9.087026538091596,1.900163682911064,1.9359629710463664,2
1768376679580108351,10.53288821303311,8.981189614079028,1.904138650465025,1.9356978206166422,2
1768376679627386404,10.059874677919467,9.06886440861916,1.9026136418718058,1.9359280036366462,2
1768376679698605071,8.202970704549672,9.278430820960502,1.8996266536956885,1.9358432018489262,2
1768376679823679458,9.373486013412924,8.94755388751954,1.902777910053045,1.9360102825818823,2
1768376679980664092,5.669792946453978,8.691418591704489,1.9008010513754534,1.938303653130701,2
1768376680026614728,9.146062990888382,8.874016326254846,1.90281695041398,1.936922090125419,2
1768376680179799427,4.895896952857859,8.792806364260167,1.8999297421887,1.9385892331963164,2
1768376680427533190,10.438096666470775,8.708889049950134,1.9054928749715896,1.9364999801411633,2
1768376680498596357,5.896139424276248,8.888186459958375,1.899060255029812,1.9370673570305967,2
1768376680579525538,6.580042375413875,8.706057704465435,1.9013370137058354,1.938281048634259,2
1768376680627504770,8.40533767952345,8.800695379070458,1.9024955992979624,1.9371647973028177,2
1768376680698574234,7.390551898399211,8.929048069059224,1.900574254645547,1.9369337546733891,2
1768376680780917558,8.634179926204855,9.075521699808016,1.90107232103331,1.935904554492289,2
1768376680898735152,7.4592676771259026,8.847102666906952,1.901688485113495,1.937160861880611,2
1768376680980892827,4.216493604653815,8.863937538368079,1.8982185470632496,1.9377415483241793,2
1768376681180612396,9.177045871251233,9.05346262320325,1.901776666679253,1.9359677561976327,2
1768376681227803060,7.855998350552396,8.935114537101574,1.9016000052609567,1.9376113351339677,2
1768376681299423951,5.911616149800292,8.750563883743528,1.9007940878213745,1.9384255143945641,2
1768376681380055909,7.899110221427863,8.855181220099324,1.9018608119158957,1.936877484649398,2
1768376681427940259,10.10274990027793,9.06626421921268,1.9020130947239131,1.9356947063951988,2
1768376681498726394,6.859585339206831,8.750035710164047,1.9019241734710945,1.9381334625807076,2
1768376681627857563,6.251067920946873,8.685020961416852,1.9016904490722966,1.9383398078494294,2
1768376681698628553,8.23518332099904,8.814336497828668,1.903104381039852,1.9377088426881492,2
1768376681827544131,5.964130812757595,9.118827026181318,1.899058361474813,1.9364751316320352,2
1768376682098870589,6.904696098540164,8.950101512215095,1.9009001051035452,1.9376353705081504,2
1768376682227942253,6.172917185723215,9.210504240560015,1.8989529275716188,1.9369301762974083,2
1768376682298790301,8.349186180190982,8.942779071488172,1.9022227175853543,1.9370803278948303,2
1768376682381209555,6.558000403640074,8.8295102685464,1.9010389676136148,1.9370646712365573,2
1768376682498806991,9.540649723997818,8.992640934460074,1.902607607285657,1.93623467805597,2
1768376682573767348,10.862111317916145,9.09501080605308,1.9033711948763867,1.9345899411847354,2
1768376682628396499,8.280692016572111,9.060792118875385,1.9006725421901067,1.9355700205921016,2
1768376682698735349,9.255621094592659,9.101192849119776,1.9017868255383685,1.9363869691072497,2
1768376682780577102,7.751325743450499,8.949171422456189,1.901527673412147,1.9374607297256212,2
1768376682898911649,6.345950983274395,9.004685065541217,1.8995180724646528,1.936898139832675,2
1768376682980954800,6.267457191738268,8.892565853122512,1.9000507928190906,1.9377372385707365,2
1768376683174142389,8.178848270005812,8.889416420167906,1.9023765690966346,1.9370244866118382,2
1768376683382208072,7.553740263585018,8.738866573423385,1.9019075468308142,1.937189881572387,2
1768376683428651800,10.795898957742578,8.964429783430441,1.9040720861878568,1.936339235545345,2
1768376683498755389,8.461300840723274,9.217176772653339,1.9000658909746224,1.9355889333363696,2
1768376683581234987,9.169966776356508,8.919746271982326,1.9028066015840848,1.936699756611794,2
1768376683624198283,8.236890297840915,8.88810067023107,1.9028902916624457,1.9369529941289707,2
1768376683698709807,6.305948357210545,9.259640195906314,1.897860994440995,1.9365604621529875,2
1768376683774477461,7.107420199327308,8.925177362720513,1.9009327558693248,1.9369487744195484,2
1768376683824111008,8.729392617469856,8.930162747722894,1.9023587073656745,1.936447893347382,2
1768376683898522662,8.989974208416518,8.825773891960921,1.903544451057271,1.9374123832573154,2
1768376683981239024,7.367074072526458,8.93738683023816,1.9008279487308757,1.9367005855196895,2
1768376684028602937,8.779964537717788,8.836657747481727,1.9029024362523996,1.9367074534580278,2
1768376684098728566,5.827946921268534,8.99649319563847,1.899375887105476,1.937733810781108,2
1768376684381597822,8.037544629588167,8.881337393918768,1.9024209910865555,1.937702566215028,2
1768376684423963395,7.017339934527023,8.846512768044029,1.9016746838167293,1.9377280338106306,2
1768376684498741905,7.8187637587892045,9.006954808356538,1.9009786399796689,1.9371707557728621,2
1768376684624142055,5.185606005075893,8.709745718597931,1.9005135247740765,1.9387459612080657,2
1768376684698928535,9.826790635218297,9.030975104166455,1.9031554601472107,1.936070604918395,2
1768376684782056876,7.558949883482713,8.628124943469084,1.903001578787727,1.9367644164423654,2
1768376684824311992,8.630237620461001,9.004059225232403,1.9020890876143168,1.9362977681034623,2
1768376684898643134,10.920081373400725,8.9843284444611,1.9042951843793021,1.9359366813647743,2
1768376684973650824,10.9212879855205,8.745122751366418,1.9057103465109677,1.9368342518075206,2
1768376685024660522,9.055460458888165,8.652017613000398,1.904657693293216,1.9374948527107263,2
1768376685098745522,7.172192581682113,8.682676507794865,1.9032420987225074,1.9389531481096696,2
1768376685174207742,10.57839711545161,9.119153655368608,1.9031040808567727,1.9357916806057225,2
1768376685424145314,8.590520689844672,9.123103126384782,1.9013506246098653,1.9358711880888764,2
1768376685498579989,10.398361818705792,8.997390305774088,1.9038193940223416,1.935950850271054,2
1768376685573882763,11.425881708509111,8.993362011063255,1.9045255908144771,1.9351241707895621,2
1768376685624461578,6.109042523082309,9.156666622795735,1.8985228424479528,1.9367418108449654,2
1768376685698934166,5.804000997925884,8.933022395169395,1.8998570782585138,1.9380332781300864,2
1768376685774260895,6.284718143217516,8.917915031821451,1.900955264335187,1.9386885125869788,2
1768376685898690562,9.824607565664722,8.833624872309997,1.904519766337734,1.936205097388155,2
1768376685973896432,8.750242372563832,8.75428854435254,1.9033208664023933,1.9364819381670342,2
1768376686024088102,7.767090500789164,8.69564776308459,1.9035569232736966,1.9383057859020592,2
1768376686098808697,6.524751232117154,8.808386800633722,1.900999884958264,1.9379248676989729,2
1768376686174186314,9.17065580520915,8.833736320841993,1.9037485255492699,1.937880315834868,2
1768376686298584624,8.319991116180425,8.813987127643596,1.9031862282755956,1.9377426892786187,2
1768376686373867157,7.897127220626743,9.11697616664189,1.9004464579045375,1.9365009095039591,2
1768376686424010037,9.117084544908671,8.948557001062484,1.9021513326423365,1.936431565835017,2
1768376686499194152,8.681278690226168,8.811873988530449,1.9034461558814808,1.9370751311867729,2
1768376686574119347,10.317514437235165,8.722596239600161,1.9056636816227412,1.937420537503067,2
1768376686698570245,14.021324588815887,9.06028170167195,1.9068611727894365,1.9351400316448022,2
1768376686774143016,8.90125624986604,8.77458212297802,1.9034883391903716,1.9368346723512364,2
1768376686824133629,9.342492955281667,8.75819158462672,1.9038123080729943,1.9368310050761255,2
1768376686899168863,8.141895159213819,8.977232505443396,1.9015969509863457,1.9367684806759573,2
1768376687098792254,8.989554943783729,8.8862593751837,1.9029870574554815,1.937198928100911,2
1768376687174228251,6.617576117467827,8.901074152322279,1.9007035962196859,1.9378164019200481,2
1768376687223479128,7.59332281472469,8.934866938600303,1.900935468716478,1.93642981355003,2
1768376687374133591,6.803090152399216,8.698096535548633,1.9015397509587306,1.9380758024587348,2
1768376687574062800,5.299418679487244,8.870832835936321,1.8997530326819188,1.9379480296010854,2
1768376687774082830,7.257115903436473,9.315108315793895,1.8981192383282215,1.9356943730444427,2
1768376687823998876,10.170142349626099,9.001833380821632,1.9029172908946625,1.9356389219758663,2
1768376687899669904,7.188836614644201,8.83440972727365,1.901358684260011,1.9368704448179535,2
1768376688023789632,7.212927635786626,8.787907914121963,1.9021301690406731,1.9376151924941996,2
1768376688099078209,8.160059147844567,8.892758983940562,1.9017975449580609,1.9366291201376042,2
1768376688173565975,6.3910322225217975,9.04114103017318,1.899544607482266,1.9371868323772807,2
1768376688298748952,7.0451038317391745,8.654666513636704,1.9026021009253407,1.9385292467246782,2
1768376688373656020,8.01612799169038,9.052941533464676,1.901191052467905,1.9371135359377332,2
1768376688498823289,8.884061850728209,8.984829041981012,1.9021306457900526,1.937047478936996,2
1768376688574114226,9.15935776080401,9.102433624475452,1.901840062209036,1.9369480805786905,2
1768376688623631325,6.840720290546942,9.003581557337085,1.9007176485993078,1.9375360881781265,2
1768376688699622968,7.741737315358543,8.955834180909537,1.9012429506296737,1.936425203048641,2
1768376688773691967,8.799511360421564,9.03798671215286,1.9017699959016299,1.936276319821399,2
1768376688823910590,9.145328802951935,9.219998471775016,1.9011829738927033,1.93630884569047,2
1768376688898794954,6.463332281221534,8.784454008013709,1.9005311859466834,1.9374930678043605,2
1768376688973711954,9.566759386337553,8.77321719696458,1.904174113666727,1.9369260272630688,2
1768376689098721001,5.267979158548375,8.803254864043256,1.8993885145038936,1.9368228679391912,2
1768376689173683129,8.992798149896286,8.590490414413752,1.9051736137323543,1.9373403531201647,2
1768376689224119533,2.074558402852311,8.931810439383653,1.8957628403589566,1.9383706625833264,2
1768376689299064805,7.685583609065683,9.046903359606327,1.9008990068697045,1.9362790257516507,2
1768376689498622036,8.447005710191746,8.882396463976624,1.9020660350659297,1.9358403918119038,2
1768376689573779305,7.327514371281207,8.783381742502133,1.9016691632459195,1.9376405841654352,2
1768376689698994803,5.456413575354091,8.88366359184147,1.8999893777868506,1.9384133383416027,2
1768376689824190329,7.506658934561816,8.960126059582441,1.9011106789868222,1.9370174474834134,2
1768376689973950961,9.60323769103777,8.759812408805468,1.9039482266616354,1.936691163404617,2
1768376690024061938,7.447703581515253,8.813468182571981,1.9022343329320968,1.93760735765605,2
1768376690098941967,7.072917944046742,8.643133353443204,1.902073058154098,1.9380265297539496,2
1768376690173873472,8.24755170885183,8.8281861332933,1.9026652562562678,1.9372872447140241,2
1768376690223614268,7.6748881847950035,8.663913978039972,1.903683771992114,1.9384110353126227,2
1768376690298584226,7.22133938429792,8.471298042745298,1.9037966750166022,1.9377146759875739,2
1768376690373838276,7.2211778018580475,8.726451064671972,1.9020116722280207,1.9371194828430447,2
1768376690499021967,6.763538008825121,8.942088506815855,1.9001221906709296,1.9368563537223686,2
1768376690573789434,7.411344352661553,8.97666425713179,1.9005434555822835,1.9364916002849843,2
1768376690623598338,7.204241561364455,9.063996080425635,1.9003272856570745,1.9375177963052788,2
1768376690698801117,9.644290585584248,8.77172221265571,1.9045689288206207,1.9373015160750955,2
1768376690824037137,5.0958627438866255,8.851324129915366,1.8995545573811456,1.9378334760897458,2
1768376690898903270,8.810818930973907,8.824069819092182,1.9029939302632788,1.9371198675607912,2
1768376691023542078,7.258478204003271,9.00390627548837,1.9005464456976007,1.9370179547812705,2
1768376691173713971,9.318042363901213,8.915259988472803,1.9022497676597687,1.9359166012739402,2
1768376691223781611,5.851053316797694,8.79104597482407,1.8999697279591399,1.9374813616911037,2
1768376691299043949,7.756750480701458,8.8900226276229,1.9014669069410934,1.9363574525354776,2
1768376691373634056,5.656340054719378,8.700831385904133,1.9007671050639434,1.93799879187911,2
1768376691423841972,7.201189636943717,8.990903410376154,1.9009638102461814,1.937564380512455,2
1768376691573851988,8.13652406653853,8.848092010530802,1.9021512592759404,1.9373720940437478,2
1768376691698757384,8.656880685003365,8.898180538678343,1.90262813662227,1.937133309763219,2
1768376691773748602,6.224628571324553,8.994516806291148,1.8994903372847307,1.9371446207865495,2
1768376691823994934,9.658652833999692,9.165471418642621,1.9017725112543618,1.9359766687949902,2
1768376691898764228,8.985817314597577,8.855330935786972,1.9029072171986545,1.9365103657821843,2
1768376691974088012,4.462567910540116,8.872597224702035,1.898619274393348,1.9382363974300925,2
1768376692023811272,8.483667223279756,8.963912678135982,1.9021965223388348,1.9372691379184916,2
1768376692101941688,4.87825481697346,8.717407881266709,1.9003388057642139,1.9388463725740392,2
1768376692173905096,7.616616217424266,8.87201555184228,1.901565296843564,1.9372933094633835,2
1768376692223736803,6.912156830945593,8.838184451848525,1.9014290892019625,1.938032381231869,2
1768376692299401751,6.319166038032398,9.023701178317365,1.8995659587108473,1.937709809486091,2
1768376692374035103,7.737319724342218,8.823566544308116,1.902188661629812,1.9381100208480015,2
1768376692499253678,7.77515959644437,8.722493901828626,1.9035795322354303,1.9379339113916663,2
1768376692574010215,8.35209814968163,8.988585820465104,1.901513581422478,1.9363925138651075,2
1768376692624024935,5.290007227005233,8.581737122810884,1.901771113865598,1.9388543553982915,2
1768376692699614603,6.273892815752857,8.76016508583091,1.9009578781474505,1.937755024537655,2
1768376692899100157,8.93754262742319,8.877786191231479,1.9027807871691624,1.936625828711857,2
1768376692973910693,8.79533219139872,8.962536104052056,1.9020578629368436,1.9361928270486222,2
1768376693098805516,8.417119894011504,8.937687230809274,1.902293607157772,1.9371414498433794,2
1768376693174059890,9.658309565330203,8.953477403128185,1.903294686533716,1.9367386573563676,2
1768376693223604503,9.15730051419783,8.932005472435693,1.9025777015561818,1.9362197530578744,2
1768376693299351460,7.103217695170638,9.09044022939122,1.899812638767973,1.9366413186656473,2
1768376693373573125,9.224466400955311,8.94686931517148,1.9034636430321896,1.9363758697900026,2
1768376693423731594,8.45853716033007,8.988432406328089,1.9020038505783374,1.9366990828797872,2
1768376693573764504,7.627016164617917,9.048849143211605,1.900996506817154,1.9373955914792764,2
1768376693623760057,6.235811488079612,8.931543078467222,1.899651685564164,1.9374929506478498,2
1768376693699764656,9.686330046842606,9.070924322450509,1.9025523219720164,1.935682491600566,2
1768376693823520331,9.077781895190817,8.843650825356141,1.9032072199371999,1.9361953322745868,2
1768376694100089591,7.472766824179633,9.035735518607932,1.9008025923628935,1.9365889144750843,2
1768376694173617692,10.452672085444759,8.945294797612721,1.9038447630854531,1.9359034788760618,2
1768376694299965282,8.674181499300992,9.058585054571932,1.9008697593076478,1.935835703282201,2
1768376694373809737,8.028664629961657,8.672864303398637,1.9032406795960275,1.9376528513634543,2
1768376694500590800,8.3520854764636,8.766120258832991,1.902828412849009,1.9370029482336117,2
1768376694573803192,9.744135552846256,9.044527855671436,1.9023761588305041,1.935645060492109,2
1768376694624113307,8.614130171353818,8.808758431605577,1.90342931037116,1.937256671714148,2
1768376694700129856,7.672648068759669,8.793991315327782,1.9024247730573116,1.9370625818007337,2
1768376694773863307,8.139297415374003,8.788833918356392,1.9030864015384172,1.9374532504663593,2
1768376695173736145,8.421939578381554,8.658587307392741,1.903658970742861,1.9375045806967772,2
1768376695223741393,5.860048667553519,8.794902379524904,1.9002977695624022,1.9376907656130773,2
1768376695300776921,5.896898492431024,8.954564996450362,1.8990246789049108,1.93706141977271,2
1768376695373910454,9.592403884632672,9.090407259401013,1.9017009204673376,1.935511684525612,2
1768376695424024254,8.720336280463536,8.946468472817342,1.9019994572904757,1.9363496746633653,2
1768376695499891725,7.438937831691028,8.74597944937665,1.9019818952720586,1.9374057405472553,2
1768376695573925996,7.389481236895756,9.195755515624166,1.8992012027206933,1.936124025974403,2
1768376695699353329,6.0003490679978455,8.845583207826634,1.900626262070474,1.9375341530583294,2
1768376695773964025,8.020404055488761,8.732301163296944,1.9030062184107301,1.9374813110573983,2
1768376695823658040,7.343872416808006,8.880096499104871,1.9018911109228245,1.938201607941504,2
1768376695973709906,10.250200073942617,8.859772504118526,1.9042616498433467,1.9363749117440883,2
1768376696023951839,10.017608267071543,9.091607702973063,1.9027210059216484,1.9356746879063016,2
1768376696173695936,6.691713565500912,8.885499878316509,1.9003932749979597,1.9369189942213467,2
1768376696299227030,4.0423407509324605,9.057761893839407,1.8971145860385163,1.93735715381364,2
1768376696373767308,9.14409112548209,9.132997555275786,1.9014219276460496,1.9358006210881362,2
1768376696423679218,8.222912701031815,8.638246435782893,1.904161857316368,1.9373102647704354,2
1768376696501080642,6.673977098623052,8.650029023477003,1.902305493674937,1.9384042141571207,2
1768376696573785650,7.997411379725428,8.958807199325468,1.901726794763177,1.9371749197929389,2
1768376696774026846,6.651158837932991,8.798626230707796,1.900923209881231,1.9371959614043885,2
1768376696824055986,11.466897535123755,8.936993256445865,1.9048577659042227,1.9354118809897507,2
1768376696900690400,6.753155118485399,8.98304659032954,1.9002687334957762,1.937515713191862,2
1768376697103488841,8.442326020681179,8.89206301230117,1.9019159892111581,1.9358544569944072,2
1768376697173763781,5.143485248508828,8.798229266878703,1.9000642026502894,1.9376795205751374,2
1768376697301837884,7.67330691175383,8.984833967213318,1.9010015452629796,1.9370896755164722,2
1768376697423617008,5.854330088280291,8.947059109581089,1.9001955494849687,1.9376980529148238,2
1768376697501087682,7.386373158286608,8.53915038496847,1.903501316121738,1.9383170135378331,2
1768376697573875362,7.832019496033293,8.731799771019865,1.9029137976738728,1.9379667027649106,2
1768376697623911560,5.903055691437231,8.91567707350853,1.8998237820621735,1.9377820908530101,2
1768376697702091318,6.649387228117698,8.999004940310455,1.8998100235946058,1.9372888141048379,2
1768376697823761825,5.594087887270005,8.675542191412942,1.9012275066378335,1.938629052268407,2
1768376697900747781,8.115201339253808,8.98983771026139,1.90175520611162,1.9366957516817773,2
1768376697973927235,9.140752791245932,8.663638911615806,1.9046789452113448,1.9376003808571867,2
1768376698023759182,5.301767528780532,8.854346680463273,1.8989962809842946,1.9373201468816632,2
1768376698173697479,8.268875171312251,8.898037418230537,1.9025565570257672,1.937220578668231,2
1768376698301662010,9.702309761758565,8.983944368835964,1.9026194832239693,1.9360719610705786,2
1768376698373849075,7.455305956721503,8.857763670415189,1.9020997127257322,1.938325046811076,2
1768376698423759723,7.540868324460215,8.884411580899215,1.9015792432630934,1.9376983737458715,2
1768376698501630523,8.606596415059675,8.837349584351676,1.9029038390396267,1.9369726176779767,2
1768376698623559727,5.106354788843914,8.828146698954649,1.8994299478375856,1.9378999666517411,2
1768376698773843303,8.818462407720551,8.966183091525837,1.902486612536003,1.936210966241399,2
1768376698902421381,9.71769156407487,9.024859251357542,1.9024164020703886,1.9358148520166902,2
1768376699023692256,10.57323639861485,9.22282220672544,1.9019952075710922,1.935087500503342,2
1768376699173866276,8.84968613635495,8.755340355596275,1.9031410444442785,1.936564099027006,2
1768376699223749459,8.355051068767327,9.19743318257867,1.9000585532707646,1.9360686974905272,2
1768376699302587949,7.067084784201816,8.868359800022443,1.9011090201653014,1.936290842716202,2
1768376699423725556,6.186591634794958,9.08430585213745,1.8990872529526568,1.9374764966863804,2
1768376699499543559,5.8203829492087245,8.730190186991326,1.901150158081595,1.9381457809558804,2
1768376699623651802,5.76515349601503,8.75562206539238,1.9012241990962377,1.9379241927301403,2
1768376699773608485,7.692672701437919,8.866185392362171,1.9016170661992133,1.9363268369935331,2
1768376699823733405,9.2338994531862,8.87925384773402,1.9032820719580767,1.936712092903873,2
1768376699902040402,6.647961730573249,9.17830269377174,1.8992073778091991,1.9366664169044536,2
1768376699973926572,7.93077393339936,8.76900887255568,1.9024604773466265,1.937285899351724,2
1768376700101708465,6.662865190645517,8.898252848858315,1.9004972219329606,1.9373653629433367,2
1768376700223870888,7.582453662702937,8.545917863112683,1.904109772858522,1.9383265185483556,2
1768376700302500690,7.974757360859952,9.10065416336871,1.9005364125208786,1.9364693386296419,2
1768376700373950575,6.722408714783246,8.790142284854909,1.9013139169660702,1.937550675981462,2
1768376700424085935,7.249402353257883,8.806992473209336,1.901414556829624,1.937405560111421,2
1768376700499448358,8.558614871140069,8.854908838724185,1.902387339650193,1.9368244280562674,2
1768376700573853328,4.369742043762503,8.857385115745172,1.899183394244637,1.9387319704749497,2
1768376700623973336,5.891814061573131,8.799300220041166,1.9010543767590842,1.9383256857676527,2
1768376700703100340,9.030320934220626,8.990158072891141,1.9021557718945774,1.9363127331285603,2
1768376700973776916,9.111312335356558,8.873452736976674,1.9022597467064206,1.934885959628183,2
1768376701103671638,7.283649399457914,8.763330716796636,1.9020694497324824,1.9377084628070067,2
1768376701173829592,7.683219414237996,8.978439913279285,1.9005179338337208,1.9371532935039548,2
1768376701223661674,9.217684834106121,8.93379769315493,1.9027212331117231,1.936176248400325,2
1768376701303529959,6.814570482236659,8.739907981206624,1.9017770523182624,1.9372311167500886,2
1768376701423766919,9.721870238598607,8.875714366907667,1.903492401053429,1.9364588672949052,2
1768376701503504689,6.662101190898495,8.795623219104417,1.901193544881716,1.937410187612551,2
1768376701573746532,4.6783153793164,8.834295022350044,1.8987242471900634,1.9374955725886864,2
1768376701623802982,7.484194190558124,9.141884355581126,1.8994872906370397,1.935697770515675,2
1768376701703569400,5.771692066358192,8.737061893155046,1.9009893907748654,1.938522924118631,2
1768376701903582623,7.092297838664718,8.919094567917806,1.9015090828978134,1.9380204136375752,2
1768376701973773949,11.022959178174752,8.924763251165592,1.9042017596584544,1.9358216096884449,2
1768376702023877468,8.936063499872526,8.961270653959762,1.902711424794676,1.936347005521263,2
1768376702099318501,8.514846615604643,8.71588493529776,1.903391790054745,1.937863968582445,2
1768376702173760366,9.17294242052491,9.180679778728457,1.9013081423128158,1.9357230797399656,2
1768376702223770866,8.508018091663905,9.122311297624362,1.9006390123955215,1.9360042796433257,2
1768376702298841804,7.6283016367917345,9.069325525270564,1.9000407604540135,1.936529635816317,2
1768376702373860298,6.860139594709214,8.770880031672139,1.901843956052627,1.9379648303325185,2
1768376702424085256,6.123326861285472,9.040286485206526,1.899053503516268,1.9365551861629078,2
1768376702503719121,7.639991857888884,8.999680688845379,1.9009009213253905,1.936372262532301,2
1768376702574009188,9.019418918338795,9.052613505130527,1.9017868523068862,1.9364097250541867,2
1768376702623855137,8.094990203490804,9.03332538040436,1.9008801602213732,1.9361249260179367,2
1768376702699323752,9.346233040720797,8.923294717902113,1.9026781649094933,1.9358360017831704,2
1768376702899801439,6.540345862789287,8.973921787757085,1.9003673997814297,1.9369003421485682,2
1768376702973732979,11.337553865911287,9.085774154155423,1.9039133579313858,1.935008391071209,2
1768376703024181394,9.845741262678231,8.963962244848702,1.902949766487014,1.9358888336218816,2
1768376703103559467,7.255860356688126,9.357717518001719,1.8984583743833283,1.9356638878440577,2
1768376703174023796,6.133721688923455,8.797544276031243,1.900473533477125,1.9377693221725192,2
1768376703224173173,10.520760604726176,8.889355697721985,1.904272696341824,1.9371165326012165,2
1768376703423715306,7.366415330342546,9.001624061031936,1.9010865878272263,1.937265907384653,2
1768376703499185454,8.390780040439028,9.045838806738653,1.9013146398822525,1.936151188338191,2
1768376703623642675,9.202834201474275,8.966402767408134,1.902558551100505,1.936950530018019,2
1768376703773844494,7.356207612960075,8.874990331713743,1.901122377447045,1.9369442103751116,2
1768376703973712912,8.716236293657253,9.223302321355707,1.900229983846295,1.9354909847794775,2
1768376704024046628,10.680190223296693,9.035969157793,1.9034947626906604,1.9353179924256003,2
1768376704099279787,6.075457302328946,8.989014232073218,1.8992296584532073,1.9368254298566232,2
1768376704173678807,7.115331753736687,9.139933585353152,1.899820315361953,1.9373685554191629,2
1768376704299598322,7.897872346434909,8.94695781206721,1.9014571883439486,1.9368934505629656,2
1768376704373761618,9.008898886549321,8.761408601628533,1.9041155311808426,1.9373607705843492,2
1768376704423723680,9.264049992484757,9.054397410040284,1.9024108431376041,1.9359733565849102,2
1768376704499102695,9.886079365704514,9.007434993780079,1.90305752769413,1.9361895225973036,2
1768376704623890644,9.50474936417578,8.814210143729605,1.904173047602666,1.9371155348756708,2
1768376705023863843,8.227824034130249,8.909133411161198,1.902198212045344,1.9371810799076055,2
1768376705099049675,9.361666537500035,9.064516652375133,1.9019374634499198,1.9358581522138119,2
1768376705175106362,10.265170468495288,8.680080743912361,1.9058695197624622,1.9375542733072089,2
1768376705299690643,9.476236441243513,8.92794889544988,1.9031405867661888,1.9367889086555705,2
1768376705373746041,10.500591221290101,8.982204682954125,1.9034697576331308,1.9358556451576248,2
1768376705423808520,6.78391007439938,8.909991949794996,1.9009218067955724,1.9379025188233368,2
1768376705574034444,7.867647463002392,8.83184237840061,1.9020603605201758,1.9373630735470644,2
1768376705623854662,7.403971987407054,8.83619827847448,1.9020144106123387,1.9375923367882444,2
1768376705773865381,8.105314011242148,8.85469954854603,1.9029964930358827,1.9380014339017937,2
1768376705823777355,6.431762550294984,8.830741980083612,1.9012567104396234,1.9378103812636254,2
1768376705898814982,8.109124560132797,8.901881785311405,1.9021874387973414,1.9375666842869625,2
1768376705973927772,8.377083942683994,8.658630104654238,1.9034714421606538,1.9375584814839946,2
1768376706024081688,9.519273649740256,8.937764719315917,1.9038620789917062,1.9369148219214192,2
1768376706099076573,9.791179516639215,9.098754512284684,1.9023031412865639,1.9357993710669834,2
1768376706224314949,7.8557885380592385,9.016572852834436,1.9008753489257975,1.9361278679496063,2
1768376706424222899,9.443765040116459,9.059951674549191,1.9013870608002723,1.9353646749788456,2
1768376706573812288,6.751090656792247,8.898475693038268,1.9008910764998919,1.9382050912492792,2
1768376706623880508,7.0980660413826335,8.934663329363783,1.9005262196478996,1.9372132862869114,2
1768376706823704185,9.006711120620459,8.966228722136913,1.9025900329786842,1.9368602548874536,2
1768376706899157862,9.019613306481045,9.127042627081108,1.9008571436680548,1.9347658049701804,2
1768376706974306028,6.759340715937423,9.105685788978136,1.8988438781748824,1.9362386761193118,2
1768376707098882099,7.854174737123021,8.812069527884352,1.9028093572663067,1.937976085601289,2
1768376707174059998,7.362287524587119,8.84217821101906,1.9013224468229013,1.9373487115702532,2
1768376707223844943,8.37254607264093,8.821937377059054,1.902517055621939,1.9371147354175777,2
1768376707299141442,9.02318478632358,8.68329727974837,1.9040380017824257,1.9379045794298255,2
1768376707373770928,9.727539801232421,8.94846425655405,1.9034195712314381,1.9369067156071176,2
1768376707623775023,8.275811293504187,8.889294238581842,1.902075091828929,1.936501620252755,2
1768376707699325368,9.186914483359843,9.313096068703404,1.9007334895964794,1.9355157481512564,2
1768376707773677329,7.591752704130483,8.726259231716814,1.9028601960862448,1.9379596235955434,2
1768376707824007123,4.542424955982893,9.071359794461616,1.8969588087413778,1.936692105999611,2
1768376707899320998,5.956711532463466,8.965255615616353,1.899077748019171,1.9367431367088077,2
1768376708023814747,8.471230113694217,8.99697887974237,1.9016447319632968,1.936961170344359,2
1768376708098921910,7.278100437239976,8.843840282625791,1.901363449200343,1.9375224305366177,2
1768376708173838998,11.428606773828065,8.964616242117636,1.9049193768964936,1.9359027914871478,2
1768376708223761513,10.256205350551273,8.981313983532885,1.9030023299598662,1.9356510471174557,2
1768376708423851807,6.858809052216142,8.679424266108812,1.9019669005793092,1.938074203390761,2
1768376708498943173,6.570857186614543,8.635760958385879,1.9024274073095726,1.9392693369880423,2
1768376708574237274,7.76351351925153,8.882126811393835,1.902256916404192,1.9373989394683102,2
1768376708698935713,7.786264740135662,9.142239873055107,1.8998247636679786,1.9357334316704595,2
1768376708824362754,9.085529145357762,8.924294655066651,1.902110550033711,1.9363510150251728,2
1768376708899197088,6.0234787807940116,8.990673339834508,1.8991433088619842,1.936801513938527,2
1768376708973939575,7.589498955703045,9.108705156472892,1.9005390929523922,1.9371646271065328,2
1768376709098741145,9.290220575089325,9.140901714135317,1.9011644126051255,1.9352787274187242,2
1768376709223898465,8.797651453680055,8.76590788280305,1.9034681599780523,1.936757171646743,2
1768376709299362082,10.394166997386378,8.7698154490005,1.9051262932452449,1.9369095723220555,2
1768376709374140231,4.922042509013069,8.820235264899187,1.899515734285508,1.938926763482731,2
1768376709499062530,6.814927075670996,9.061825599816306,1.8994836769708725,1.9360352278076898,2
1768376709576384954,7.601180744018166,8.73952525113686,1.9029682740338791,1.9383113383148483,2
1768376709623957437,7.700097764746339,8.665887337649904,1.9037925812651757,1.9386221496709772,2
1768376709699103557,8.206357075550619,8.857584938220386,1.9015904382886422,1.9366239002985783,2
1768376709774431008,7.098416679588215,8.774936006395029,1.9015231860404902,1.937533566654166,2
1768376709898997542,9.63930595881779,8.973647400036642,1.902681493986132,1.9358382200469346,2
1768376710023701276,7.092133444431825,8.951201289896458,1.9006221111792487,1.936850380695313,2
1768376710099160633,10.42715577724973,9.144267294513515,1.9030304497732546,1.935914143572098,2
1768376710223712059,10.000710020498849,8.903194427691922,1.903370127853624,1.935905981197979,2
1768376710298836599,8.595003475502905,9.035431075873868,1.9012053935495883,1.9366377424229437,2
1768376710424154996,8.091320242832989,9.001633892856848,1.9014448386379459,1.9366724999024805,2
1768376710498834518,7.623125702173716,9.13258111177059,1.8997429022142565,1.9362674291719397,2
1768376710698815793,8.42465709045137,8.952499674598887,1.901657193398361,1.9363338779312442,2
1768376710773751987,8.21462382079563,9.060256386529128,1.901193855968165,1.9369032249023228,2
1768376710823701743,7.4111671313144,9.03792677667135,1.8999896551740092,1.9356368299355373,2
1768376711174589881,6.678499411015837,8.824968681903341,1.9012200178830685,1.9375516165921065,2
1768376711223963694,6.827122676698494,8.677611891870058,1.90257048084884,1.938443425576317,2
1768376711375158719,7.35860848543779,8.861961957229592,1.901419053036368,1.937130515330039,2
1768376711498908933,7.778126307883326,8.942070531174835,1.9015025331017317,1.9363540150006613,2
1768376711774673452,7.355549355092972,8.739739114616974,1.9023819003677458,1.9371934243751625,2
1768376711824213545,6.745740029509895,8.683240213979516,1.901766680979499,1.9377242097220897,2
1768376711899054551,8.151757687470784,9.085564482458581,1.900588806332228,1.9366338795460454,2
1768376712023979109,7.832603295696794,8.93146708215809,1.9015574082335842,1.937328836233035,2
1768376712099529073,8.32539712656688,8.783317179947398,1.9028545818193947,1.9371853915493964,2
1768376712175090073,8.843683243825673,9.05297025134143,1.90175013864546,1.936758994730025,2
1768376712374908415,10.228335465822358,9.06741518029005,1.9018406461882023,1.9342006040550639,2
1768376712423891877,9.405650095291263,9.179953948732992,1.9012066287025602,1.935291212426992,2
1768376712698978080,7.516045944681249,9.013861548155027,1.9007508005161688,1.9370055308380396,2
1768376712823842690,7.435844474156683,8.895862269303134,1.9016937570930503,1.9374682546784723,2
1768376712898800418,9.048166094708376,8.923769847577027,1.901941507246348,1.9365274877559464,2
1768376712975382796,4.228447315160144,8.593890342899108,1.9007771303089378,1.9391430409336896,2
1768376713023874902,5.303222211287428,8.855625501866879,1.9001910293293653,1.9378507784861536,2
1768376713098729809,7.441612038605827,8.792309030461368,1.902208991194672,1.937438379233188,2
1768376713175069398,8.328012615630875,9.063785378919597,1.9015332101953284,1.9373741680910308,2
1768376713223721629,8.014446500623773,8.802921582652825,1.9031130870118924,1.93758229111455,2
1768376713299137832,8.204591844436004,8.735618463542668,1.9034462141544186,1.9375382248705943,2
1768376713423755855,9.266195718950376,9.14342126011635,1.901635169955889,1.9357599750409151,2
1768376713499185372,6.056141280238236,8.882699634108375,1.9006401684981453,1.9381213603413554,2
1768376713624071879,7.0163054991996265,8.990924625350537,1.9006517501049625,1.9369931835177416,2
1768376713775096014,7.265761377760693,8.973398493920161,1.9007951366294207,1.9370627045896058,2
1768376713823841285,9.213548069848532,8.93588157490528,1.9025421411713368,1.9364419082889488,2
1768376713898799587,6.827248540140385,8.942262744622127,1.9008124677331932,1.9370900564268958,2
1768376714024209535,8.63761655004014,9.013549548893575,1.9019873659575415,1.9364514292152342,2
1768376714099041382,7.048951904565115,9.064607291191937,1.900100160599004,1.9372381946469017,2
1768376714176233726,9.765499531752875,8.946786864324825,1.903698975107373,1.9366137715885292,2
1768376714224191452,9.44757344077507,8.814177720142004,1.9042026694544962,1.937162989891336,2
1768376714298788666,9.340499316499384,8.955953663886781,1.9027088272823272,1.9370626140469291,2
1768376714377435847,6.929198079740795,8.763609703345715,1.9016532580785703,1.9378236985366766,2
1768376714699180373,8.93693859919642,9.231070016530632,1.9003475826535512,1.935415565268334,2
1768376714776289815,6.710995956633603,9.054552352945732,1.9000856113902849,1.9373284573900942,2
1768376714823765395,9.843438788720293,9.23655893594321,1.9013425908941988,1.9357878549173506,2
1768376715023899687,9.515274722450506,8.885979445140551,1.9031966667029567,1.9360512330543802,2
1768376715176659712,9.186768072682705,8.982627973339612,1.9025303428011968,1.9362117669479095,2
1768376715224307856,7.9699565754789425,8.947423604862399,1.9008462862491537,1.9354050628441046,2
1768376715376340821,7.363356085852146,9.024467267933671,1.9001566931282943,1.9361994737749373,2
1768376715423740326,8.211108322579763,8.90077174008668,1.9020825117445577,1.9370013508714163,2
1768376715498723289,9.940186592288125,8.972369862343907,1.9030671650243376,1.9361424175046857,2
1768376715577130773,10.207907551963213,8.83188543440828,1.9043057113966324,1.9365879809518178,2
1768376715699017844,10.279949569172109,8.72451163348247,1.9051963306185946,1.9366910844733851,2
1768376715776863174,8.560720210514017,8.962095970261101,1.9018160660674428,1.9366661576963564,2
1768376715823768040,8.63994651280997,8.918697912142953,1.9024541368976298,1.93690561289802,2
1768376715899268776,6.439469880689108,9.007331950900985,1.8992208310582976,1.9368766124525134,2
1768376716099374685,8.857143598679285,8.87837071336918,1.9029539064434826,1.936693275039167,2
1768376716177057704,6.782666338917442,8.862826752394612,1.9011935517764527,1.9376184606526166,2
1768376716224203357,6.5243516045625505,8.951060474469534,1.899925171060502,1.9368852141013162,2
1768376716298797777,12.129391006717949,9.263623463987638,1.9027141100064229,1.9341207274021268,2
1768376716423768169,7.693444746438516,8.801279494122221,1.902060815606164,1.9366883320156902,2
1768376716499006877,8.273974047886323,8.903457740784821,1.9019009188048641,1.9361888242591145,2
1768376716576785678,9.303761751255246,9.009258347300273,1.9022828581860323,1.9361930130743346,2
1768376716623958113,8.258773126697871,8.681503131234415,1.9035507287269977,1.9379402063059428,2
1768376716698889831,8.944879693383756,8.935861292763205,1.9025089696524728,1.9364408383494491,2
1768376716777605009,6.719158261748515,8.853429101607992,1.900981291066704,1.9374223442679102,2
1768376716823842087,7.795974535604211,8.74735872412676,1.9031740924323177,1.9375517328322316,2
1768376716898899566,8.872943221772012,8.953025778395677,1.9023337682875223,1.9359421055502999,2
1768376716977162660,7.5625297106183265,9.02415440216489,1.9008340707018576,1.936393441563065,2
1768376717023686641,7.8120749094450215,8.867418890148445,1.9015723311640134,1.936587468443282,2
1768376717098890862,5.813499704973246,8.743872250183356,1.9011878516149072,1.9376953825502747,2
1768376717176834335,7.946882251757437,8.813306055492726,1.9024216526611026,1.937360866933304,2
1768376717298888142,8.496092343236672,8.802092939485124,1.9033473964446592,1.937346794835649,2
1768376717377542721,8.883422740404878,8.9425865425047,1.9029129084408871,1.9364938784706267,2
1768376717699346468,8.557061819476797,8.858741600506164,1.9028311587494153,1.937115385068669,2
1768376717777055349,8.823469323039124,9.033907663743907,1.9016942638428438,1.9358210586076419,2
1768376717823860977,7.5914595793522555,8.844248322061423,1.9015885764279314,1.9371883357505841,2
1768376717898877603,9.63951579832556,8.939919163787556,1.9032317611034175,1.9369673732229256,2
1768376718023867082,11.326339947796527,8.954996346587365,1.904455249205141,1.9352766938478927,2
1768376718099461979,6.184108581435588,8.631600664255645,1.9016728811983232,1.9379126933861561,2
1768376718178460243,9.018041628305884,8.626774911360783,1.9050441786905483,1.9375366739958517,2
1768376718223716325,7.2255182883356195,8.87146768659048,1.9011425087967961,1.9368806124613422,2
1768376718377733783,6.9701959695840365,8.85274940383282,1.9015224478020358,1.9378032479828358,2
1768376718578124968,5.7842096095443996,8.913089239457072,1.8996961562926185,1.9376888007242017,2
1768376718623928951,6.443203975321943,8.950202319336116,1.8997846921525687,1.9372732462271598,2
1768376718699168844,6.8344767515047256,9.048031840776297,1.8994518716933722,1.9358196135539263,2
1768376718823874475,7.123414049873045,8.869979872430147,1.9010471763265604,1.9371573280846937,2
1768376718978264508,7.475018367695929,8.978292289904042,1.9002494100186305,1.9359651725329199,2
1768376719023796816,8.783381346500585,8.77797159368429,1.9034790974731892,1.9372918562994863,2
1768376719098848897,6.56569736005963,9.249161920554863,1.8983736308928942,1.9367234965094542,2
1768376719178624178,7.5458841556586,8.859712740742527,1.9015990040924646,1.9367963999992712,2
1768376719224236330,6.681538024941425,8.79287312248281,1.9009891618052241,1.9379604764099458,2
1768376719424193641,7.268150172274668,8.67073378706792,1.9026675711023637,1.9372239204223913,2
1768376719578271235,8.669649740977725,8.924416466124637,1.902091408996687,1.936006642924742,2
1768376719623848835,9.799525968694711,8.902199182005418,1.9032708683430954,1.9363882737716116,2
1768376719778344664,8.617337466351183,8.984800990474778,1.9015472677035157,1.936275299919404,2
1768376719824123207,5.835723946895799,8.940097634301102,1.89983614681344,1.937477021502135,2
1768376719899279238,8.712685247600271,8.836686961824071,1.9027611609565216,1.936914059001738,2
1768376719978379042,4.479489241106638,9.049387716163166,1.8971633551146643,1.9370656861047046,2
1768376720024232414,7.1499131821848305,8.821370357527227,1.9012739497558457,1.9367935210759275,2
1768376720099078439,7.364991004118693,8.699276938056165,1.9027127750888724,1.9374210245305614,2
1768376720179257453,8.142592247262215,8.894768434995381,1.9021226671577738,1.9364693232754542,2
1768376720223936424,10.706160871229553,8.848903119848837,1.9046130418346134,1.93571890071328,2
1768376720298883066,6.465576914620685,8.955789470116905,1.9000317197184364,1.9369851089205286,2
1768376720574119294,10.270836568829766,8.742121880878925,1.9050705943790673,1.9368381390966738,2
1768376720624056687,8.909656842338576,9.115936580066949,1.9015091698725695,1.9361101837279073,2
1768376720778221897,9.6313630456073,8.868071137595763,1.9031138993106242,1.9358598203659911,2
1768376720823974493,6.369721800923989,8.86428113572148,1.9006731806509716,1.9380964991595624,2
1768376720899274063,6.525882626068791,8.952602723315039,1.8997749691819952,1.9369163055918737,2
1768376720974334386,7.5327901269623965,8.828633163484028,1.9022880766450871,1.9377365747012798,2
1768376721175127585,10.350544896613023,8.883546612291877,1.9036771291289838,1.9359217787795815,2
1768376721223815128,9.094677462035516,8.812825243072377,1.903202487224709,1.9362727922173542,2
1768376721498968837,7.360009473788676,8.729044034572997,1.9021032479882654,1.9372648134060955,2
1768376721573988129,4.535336881175356,8.680171505390168,1.8999212126276965,1.9383769901380659,2
1768376721774454790,8.032339464709937,8.951018938195,1.9017075282406835,1.936435146369072,2
1768376721823722560,9.623173605330049,9.213419526791508,1.9007971825541854,1.9350065812762027,2
1768376722023786472,7.46499626958097,8.966175214306343,1.9002827742538333,1.9367674478572225,2
1768376722099439603,7.6440655414666825,9.004491629287264,1.900563640526013,1.9367468719806304,2
1768376722174230301,7.7855024266684225,8.839276747508045,1.9019589544316673,1.9372908653312935,2
1768376722375053101,8.330193611322256,8.81958981600802,1.9025189013431274,1.937414309838251,2
1768376722423956060,7.56168303590754,9.166509596605763,1.899617217977829,1.9359783611728874,2
1768376722498819588,6.654114962437729,8.765753426439625,1.9015526153642173,1.938103870389455,2
1768376722574548409,8.523171238260074,8.883813248640413,1.9024271860345392,1.9375173688777636,2
1768376722624009836,10.135507501992214,8.969680738077072,1.903321703692868,1.9361346786338707,2
1768376722698957812,7.182619657340128,8.648845574309323,1.9027060293549152,1.9381995666904088,2
1768376722773808255,11.702826062956806,8.956311403742776,1.9045152898867885,1.9351871298630683,2
1768376722823749016,6.771325483313939,8.96364096617618,1.8997780150966648,1.9366440204894648,2
1768376722973915220,5.890985282488215,8.83402849050923,1.900388107644621,1.937791202942672,2
1768376723099421213,4.468671151125259,8.90549881765095,1.898264130862333,1.9376555342497261,2
1768376723174445906,6.336563727631361,8.704075875452927,1.9015435252682829,1.938132248817301,2
1768376723224160316,6.824325496022965,8.957784823652014,1.9007101725944537,1.9373732343824397,2
1768376723299294712,8.937725641308125,8.851185695349605,1.902372718460336,1.9364451162662208,2
1768376723374525499,7.186402239454326,8.570107285209561,1.903478050465132,1.9394241133649113,2
1768376723423717346,6.24606300368824,9.11420316479086,1.8990436514445306,1.937325793314101,2
1768376723498772815,9.674393193880748,8.8934642957691,1.903405526772142,1.936648101106603,2
1768376723574329599,6.858380171510969,8.613137759746978,1.9032723213095473,1.9390619023552162,2
1768376723623931600,5.963276530082551,8.810969681059184,1.8999790643790566,1.937461704295834,2
1768376723774037400,7.479645912286115,8.977124010064454,1.900866517414259,1.93681487279433,2
1768376723824026707,8.198409376968696,9.040920660207513,1.9007792978414115,1.9360436295432184,2
1768376723899006623,8.746541421052356,9.230258465208982,1.9005370890866582,1.936091021917976,2
1768376724098853811,7.85578128916109,8.824193341533558,1.9020230464415189,1.937139699741224,2
1768376724224183341,6.900134145824799,8.71409806869835,1.9022650957395117,1.9380828838645445,2
1768376724423723483,7.594824655375865,8.909024657323666,1.901422746548751,1.9368928036704607,2
1768376724499477283,8.03060390221888,9.010437419121075,1.9011739531115133,1.936936332271641,2
1768376724623721765,9.424732194463381,9.116790225189332,1.9010025818555258,1.9351420823568997,2
1768376724774537336,9.116223840331505,8.967889220320837,1.9023160283886604,1.9363432760831532,2
1768376724823865854,8.60141072905729,9.098339691702488,1.9011436960284558,1.935795246619144,2
1768376724899019615,6.385868839274833,8.761147247709857,1.9019384577778404,1.9392856092716515,2
1768376724974421903,9.817521589406297,8.928251318016427,1.9031334902069152,1.93648620654883,2
1768376725023891362,6.2655791445589415,9.167561840612313,1.898739643951987,1.9373929854503888,2
1768376725098975854,11.710725963774982,9.116507285828465,1.903994167156515,1.9351616404581053,2
1768376725299092163,5.758541112750093,9.029491205975454,1.8982558429634135,1.9371067422290584,2
1768376725373868152,8.733239829250783,8.636429302070315,1.904490428909791,1.9376120022923018,2
1768376725424212949,6.15822289390322,8.755896970848385,1.9006875512602535,1.9384989088790265,2
1768376725499040045,8.56284327697443,8.708211542720854,1.9035864622804017,1.9371773961713221,2
1768376725574564164,9.842677368797403,8.645798717253289,1.9056719072509825,1.9376402785229667,2
1768376725624144098,8.733188193620123,9.049862224002426,1.9006113797082123,1.9353781892611002,2
1768376725698938470,9.915084712882605,8.856735241540955,1.903625721047101,1.9360509910968422,2
1768376725774281669,9.083285554140286,8.758288214666148,1.9035900455749024,1.9369203840409706,2
1768376725823801851,7.575150451675672,8.950001907623601,1.9006714585369917,1.9368591257164567,2
1768376725898988112,8.648390716725851,8.839704799536685,1.9030414399145197,1.9372914517318067,2
1768376725974318344,8.308876342683957,9.09912076209099,1.900563653430413,1.9363923978314521,2
1768376726024173294,7.6937487449681985,8.83536220496496,1.9016066980093072,1.9365874919699657,2
1768376726174034353,7.568444173958078,8.884614073066302,1.9016011429153605,1.9371737766971417,2
1768376726223729288,8.802343788643086,9.07688138128256,1.90165657569604,1.9358145754675384,2
1768376726298890880,8.344339443818294,8.81341955035091,1.9027790466391121,1.9367010010477792,2
1768376726424049727,7.036252943230625,9.001985010066985,1.9000430172536906,1.9367262151086067,2
1768376726573814386,9.242295554083402,9.205099429560875,1.9008957143243665,1.9358461182987434,2
1768376726624612427,5.1829764979829385,8.829585756181691,1.8996739433408254,1.937327378451124,2
1768376726699252719,8.12358909926525,8.972597131477164,1.9013376467377265,1.9367332834674218,2
1768376726823868940,11.177063484498762,9.055700905237256,1.9032940939437877,1.9355830442276194,2
1768376726899079275,7.605401661810562,8.868520106397812,1.9015457289626025,1.9370291521372742,2
1768376727098957571,7.095435774785663,8.863436567232288,1.9008472888865517,1.9359042459438423,2
1768376727224346667,9.471917412824604,9.049715252521466,1.9018261877403448,1.936171755557331,2
1768376727298852465,8.72822044128485,8.798866000240187,1.9029661767258577,1.936479507862425,2
1768376727374370482,8.193805430050327,8.614452026291675,1.904061846628836,1.937584477356216,2
1768376727424092589,9.155506683395709,8.984847429570658,1.9023808996053295,1.935883996664607,2
1768376727499042127,9.854879535334149,8.99884319780161,1.903199136779002,1.9352797004886246,2
1768376727573970208,8.46198243375329,8.91171729114209,1.9020516282511584,1.936476766599336,2
1768376727623822532,6.136869801093958,8.733532604163043,1.901064990973055,1.9374033396874988,2
1768376727774245146,8.300603828509834,9.060878238356185,1.900748891950289,1.9362030467443454,2
1768376727974469853,9.29987814218558,8.747700516632255,1.9039643192593645,1.937324371229381,2
1768376728023904630,7.033985717198155,8.860073774690527,1.901107673940581,1.9371313939747923,2
1768376728098903186,11.017436345996945,8.736338034169869,1.9062185412005441,1.9367721803014393,2
1768376728223925536,11.46318400681734,9.057761329649543,1.903868875753817,1.9353616855655909,2
1768376728298865148,7.6800301379493785,8.98670466573688,1.9005990060031994,1.9362372951909115,2
1768376728574229225,8.287682569046328,9.025419281312889,1.9008703477655349,1.936229671379082,2
1768376728624224017,7.996942662321871,8.65287086245055,1.9037880384633903,1.9371643747167366,2
1768376728698935579,11.378576400342011,8.99979062834696,1.9040261456917391,1.9353963389047095,2
1768376728823910704,9.897922336670417,9.05323849128273,1.9024650478846608,1.9361160477766957,2
1768376728899315043,5.848183316105926,8.900856523848006,1.8999518940376097,1.9377329726674184,2
1768376728974168251,7.954692324998014,8.990302655319665,1.9012797416365306,1.936504077190744,2
1768376729023807184,6.782737473657097,8.903811840446448,1.900333060404281,1.9365190911371695,2
1768376729099428641,7.367623813397062,8.83867189679197,1.9024344040006518,1.9376531734385047,2
1768376729223816804,7.111338514736332,8.80525319790789,1.9016178052697956,1.9372271162812702,2
1768376729373885935,8.06942592187343,8.48593363426322,1.9051288615154358,1.9387198389489768,2
1768376729499405406,9.312505897097534,8.91945338361877,1.9028779384987018,1.9361677762070246,2
1768376729698837372,8.591131294095167,8.782802060690194,1.9028893839126366,1.937086512249978,2
1768376729773897234,6.662393963088098,8.835990745515321,1.900823725613678,1.9371308088500023,2
1768376730023716532,5.886690316928567,8.758986861291467,1.9002394855021894,1.9371591368908723,2
1768376730099727108,7.975397851443855,8.876087770627406,1.9016802245227065,1.9373514969524266,2
1768376730174050346,6.9140887716245825,8.981889187923286,1.9003056765818855,1.9365241146154306,2
1768376730299061282,9.171114970921268,8.981687072420234,1.902468640654764,1.935371630304574,2
1768376730374050273,5.597222206648933,8.718591112894478,1.9014970893821461,1.9388384153178957,2
1768376730623922750,8.210414257221021,8.952184455948807,1.9020377880223043,1.9362856793072347,2
1768376730699238010,8.951195667294742,9.143544976774786,1.9014673431993985,1.9360701650788334,2
1768376730774107202,7.636701792541389,8.82529204152389,1.9019860289808945,1.9376680999136229,2
1768376730823843973,8.044496129690826,8.92312868283403,1.9021253301149432,1.936985846542357,2
1768376730898944106,8.921869933955717,8.962716926038167,1.9019023407343059,1.9358051162274759,2
1768376731098894297,6.9270513116153065,8.814656717417382,1.9008983686634853,1.9370683373203124,2
1768376731224213702,9.299951899184755,9.123723995015467,1.9015660526806257,1.9359648820724213,2
1768376731373881471,6.212768016503167,8.820990396784694,1.9005889372130709,1.9375255773734195,2
1768376731423831138,7.833594120749021,8.756184540878664,1.9026086688987602,1.9377441739295058,2
1768376731623760375,8.493849708661072,9.045742320741027,1.9017742271822697,1.9365954967369803,2
1768376731774039968,5.603497110629796,8.793597025552298,1.9006599642294884,1.9393094339170909,2
1768376731824482918,6.685839739315691,8.76806746607077,1.9015670756649359,1.9379621631404973,2
1768376731899075541,10.32694950174573,9.114404744366754,1.9027711691846803,1.935888301338476,2
1768376731973929217,7.74860444453962,8.958925894335561,1.9015451427681949,1.9376330143387956,2
1768376732024227682,6.790646529281519,8.72598926279976,1.9021909502670376,1.9379745577891316,2
1768376732099377980,9.578590947221688,8.928214005247536,1.9033184561443952,1.9368019250418549,2
1768376732174184375,9.252757012144563,8.958941960535611,1.9023070649204317,1.936596599924487,2
1768376732374259162,9.250007348240663,8.696135314344563,1.9040431950508778,1.9367138088695293,2
1768376732499094194,7.915815243646707,8.96692677362718,1.9014989967631564,1.9370184810331803,2
1768376732699105287,6.041639304555924,8.754521024695558,1.900598010181512,1.937949299638111,2
1768376732824310503,6.567317740218792,8.822967267953533,1.9013837486711487,1.9381319057114534,2
1768376732899306596,9.206470849462134,8.854822707224125,1.9029765435009265,1.936731994513126,2
1768376733023778812,10.494981274028037,9.091690569357434,1.9027158046636854,1.935634144928224,2
1768376733098893834,8.466545430490635,8.887320044933185,1.902218203303576,1.9367306709839665,2
1768376733174122514,7.004943814062026,8.896844792086698,1.9009226704084008,1.9365000107338384,2
1768376733223978120,9.895898380689605,9.084615872521733,1.9026047568911388,1.936179049605068,2
1768376733298934265,6.938250606997043,9.055452261314608,1.8995249425651688,1.9361635413644593,2
1768376733374404647,8.526417079828263,8.89753111614553,1.9027082160514581,1.9367953836473173,2
1768376733423804435,11.514592457172235,8.83154945769948,1.9047031187416024,1.9356450678164001,2
1768376733498938248,7.516017782548623,8.918190711222797,1.9013200642407013,1.9371761748690106,2
1768376733573899004,6.91517699082711,9.0017173022463,1.9000926431423646,1.9363488206563604,2
1768376733773934789,7.046731529543493,8.763442171501742,1.901367735163071,1.9374796710571063,2
1768376733823825569,6.393463863106241,8.658630154868904,1.9016663597873906,1.9376039197232675,2
1768376733898837185,9.256878475963681,9.009910576919518,1.9018439712741249,1.9358122553961443,2
1768376733974182547,6.549529584233937,8.94158429638514,1.8998098040319582,1.9362751654228134,2
1768376734024082267,7.7268890261465994,8.875204504762014,1.9017274437595924,1.9368152291958352,2
1768376734173965599,5.987730219810139,8.716511836804013,1.9012446726759158,1.9375425786855265,2
1768376734223816106,5.134507787094567,9.045558694454456,1.8978571366455408,1.9366662623046567,2
1768376734299083163,6.270496099045175,8.611381018581705,1.9017321919432295,1.9382294652147751,2
1768376734374118725,3.872153501788711,8.938000767478073,1.897450880442322,1.9380554402516597,2
1768376734424190899,9.140159603884035,8.942525192938444,1.9029382964436583,1.9363221719653,2
1768376734498893588,6.064129424577791,8.584754981747588,1.9022932360847078,1.9382667899864818,2
1768376734623814778,9.371979007259723,9.011785592488389,1.9016952841824066,1.9346218411295761,2
1768376734774417937,6.522543861690933,8.951519591856709,1.8996751095809674,1.9361033042040798,2
1768376734823959626,8.19937652611169,8.910730224012948,1.9020920447971434,1.9375137584179891,2
1768376734899473832,7.108090757227181,8.797327071827128,1.9014171015853987,1.937148201850361,2
1768376734974185139,7.781719485307814,8.580096624329315,1.9039509283669382,1.9392390377755322,2
1768376735023875555,10.99221216152313,8.692413846037507,1.9053536799549569,1.936567603177339,2
1768376735099111827,9.216776266171234,8.629948904690956,1.9044227055880778,1.9372602246484676,2
1768376735174423006,9.259977619969106,8.919815462374997,1.9017219835289572,1.935003333392627,2
1768376735223907043,7.261569586382022,8.840754139849812,1.9012465698249355,1.9365360645495284,2
1768376735299144172,8.210581062194189,8.573882505478604,1.9038017914179413,1.9382135003936978,2
1768376735373902627,11.149772780522982,8.94453878937149,1.9054270316999975,1.93594843928269,2
1768376735423843323,10.291773390675107,8.91832602354426,1.9037521764982568,1.9361801960700806,2
1768376735623786014,11.32823863478949,8.71678941357513,1.9062784967722788,1.9366551734692963,2
1768376735899107356,10.808696681487762,9.026110600331933,1.9034442756827024,1.9363247929565248,2
1768376735973908777,9.361877929185303,9.270518665546177,1.9008292073744117,1.9362454212270441,2
1768376736024228324,9.138878133049255,9.033713649200282,1.9021703416388596,1.9363853838914857,2
1768376736174086268,7.273774617877038,8.529298870996,1.9029038318734062,1.9379718688106606,2
1768376736223881998,6.1429670898027755,8.849989981285159,1.900245885848828,1.9375535544392661,2
1768376736299446295,6.398061702596047,8.938582821975505,1.8996030413629708,1.9371861576134675,2
1768376736423876769,8.845815979859006,8.979334180688943,1.9021893186356404,1.935906233491787,2
1768376736499103830,5.861266678666155,9.093406622717382,1.8988666265518703,1.9375781129770324,2
1768376736574218266,8.48228233520154,8.603565622607192,1.9032246526328578,1.937498738619518,2
1768376736623904386,7.682390915438653,8.961463787455612,1.9010478232770196,1.9369485687849233,2
1768376736824024706,11.169510785548953,8.950414870868656,1.9043743988422088,1.9358798853524202,2
1768376736974069744,8.69257037232174,8.680347631684395,1.9027976786694478,1.9369282869270112,2
1768376737023947402,8.09047789032169,8.945291146255201,1.900898007350772,1.9360833662992916,2
1768376737174056387,8.099878234103297,8.895128369375543,1.9010268781247315,1.9364672852437004,2
1768376737299068103,7.770849662438906,8.516788944979972,1.9042487121233123,1.93802713153213,2
1768376737374133656,8.35046493540026,9.22532300987003,1.8994780239673326,1.934594904643746,2
1768376737424392192,7.6592767893228775,8.79069957554496,1.9010574892871914,1.9367412341152856,2
1768376737498957564,8.809505147046037,8.769629495740178,1.9028619751823552,1.9363774469047657,2
1768376737624038498,4.664300011905764,8.689955537689602,1.9001925412910388,1.9373647449637423,2
1768376737773930167,7.161076987485027,8.894858347696363,1.9006357981827546,1.9372997404215888,2
1768376737824427225,9.325174705937078,8.908005508940953,1.902744464425823,1.9364122050470107,2
1768376737899331781,6.396803326586431,9.037833676296833,1.8990333673071005,1.936791950227937,2
1768376738099229049,7.487633947305561,8.802688303706093,1.9015318070872285,1.937395670047985,2
1768376738173977607,7.779619621461675,8.875476298269803,1.901630807612198,1.9372350108106515,2
1768376738224219371,9.440797297662673,8.807800776851966,1.9033989321992673,1.9370495425458516,2
1768376738498986034,8.923461017059209,8.835373580421159,1.9027283030466053,1.9360917628253633,2
1768376738574070961,6.874812636128436,9.050273202250898,1.8996926601591266,1.9371920150067747,2
1768376738698887759,6.279893387656887,9.08382908662078,1.8993123140047827,1.9369224895594033,2
1768376738774294436,6.010477727939945,9.14784709552454,1.8982433892309492,1.9362637950424395,2
1768376738823957873,8.614498334774678,9.25457185864331,1.8993298520800286,1.9346859862608732,2
1768376738899248117,6.579637240357483,8.669391635443786,1.9013935151897259,1.9380724212729543,2
1768376738974150671,7.128928288149261,8.980343322546291,1.8997731203312356,1.936616782381085,2
1768376739023972503,11.14002024160099,8.837635697323158,1.9051419653459698,1.93668135491472,2
1768376739099428934,8.512168681607424,8.819519108295859,1.9029813441295675,1.9370789636155619,2
1768376739224407565,8.605218551040794,9.02777747754759,1.9018367425937057,1.9364264208991582,2
1768376739299092802,8.762228401777872,9.055985458536062,1.9012054814257386,1.935391850314782,2
1768376739499038667,10.748744957758127,8.988372167866544,1.9033804678996198,1.9353977974287921,2
1768376739574015630,5.2155145140007075,8.606590212074714,1.9005351349441613,1.938577572078998,2
1768376739623964441,9.413197141594942,8.891439364450811,1.9029877135207434,1.9363148170875364,2
1768376739699664223,7.550784382494902,8.841588086923363,1.901522269010384,1.937311624212652,2
1768376739774093020,8.103532319521989,9.08654144249926,1.9002185928946331,1.9360456308202914,2
1768376739824158577,9.219110023122479,8.916354702018277,1.902968749068927,1.936617592327831,2
1768376739974179858,8.567534589321246,8.83637298971988,1.902250412592829,1.93679037630312,2
1768376740099012007,8.465798340886899,8.857654014051986,1.9021634312317626,1.937191565460991,2
1768376740174413132,7.871320674715854,8.79730616513744,1.9024173327149634,1.937238058250631,2
1768376740299000000,8.333161998265615,8.549126430071126,1.9045345875792465,1.9373815720169438,2
1768376740374174026,8.46849731364685,8.68903423254639,1.9038369669099435,1.9371109534982747,2
1768376740574496247,7.44306459596733,9.080292215890188,1.9001848840337177,1.9367710968194858,2
1768376740699125209,8.785779364564705,8.820295603075564,1.903237989532657,1.9368625333949157,2
1768376740774128959,7.188567876235119,8.895987129565611,1.9009418734642392,1.9358101272268202,2
1768376740823974416,9.234360480322001,8.645458064912118,1.9047148729747263,1.9375436942578237,2
1768376740974200228,7.105094074005391,8.959927479344106,1.8998896890439985,1.9362184513887923,2
1768376741098983370,7.9291991335186385,8.976424304067972,1.9016524498831375,1.9367533186402666,2
1768376741423983201,7.496108775227439,9.184615700907976,1.8990331075780378,1.9356341302947306,2
1768376741499073938,10.315421685541004,8.770422255755717,1.905123578552512,1.9374392937460936,2
1768376741574088346,4.514140022898738,8.992213277082397,1.8973272737767801,1.9370414013796933,2
1768376741624063222,7.961301193143644,8.432940630407222,1.904964455157399,1.939020006992596,2
1768376741699398532,5.134382371797086,8.758226405207925,1.9000177351663308,1.9385638217703103,2
1768376741823942039,8.789310038152864,8.659282748840115,1.9039598703111245,1.9377640325026624,2
1768376741899308188,5.99929186481285,8.804597296230789,1.9001551703420354,1.9371017643209913,2
1768376741973990600,7.6802792324262015,8.746468333112908,1.902627414297955,1.9377994656855733,2
1768376742024293777,7.359031682805606,8.880794033501216,1.9011650212819757,1.9374658261280082,2
1768376742099223342,7.607765251549825,8.712856343240965,1.9023203372112665,1.9374272430702484,2
1768376742224330495,9.96793859420153,9.1945837633616,1.9011172950350195,1.9352052568026605,2
1768376742374385346,9.168809724364735,9.162487438507883,1.9012335846693642,1.9357083108342998,2
1768376742424285310,9.759831086451287,9.006554384257006,1.9033095030449225,1.9361353627149043,2
1768376742499153502,9.047645411190075,9.132161780934108,1.9015876120925788,1.9352480836029364,2
1768376742624334815,9.379696482029187,8.979102753860737,1.9028356664260977,1.9365473607439543,2
1768376742774064846,10.868781519500548,9.238848997167826,1.9025052674065843,1.9357659856668943,2
1768376742823883539,7.953453053885617,8.89037286289935,1.901796790462136,1.9376660121286486,2
1768376742899104471,8.453585571060351,8.757009881113811,1.9030122519421449,1.9371512033900498,2
1768376742973991068,6.509727986086622,8.995421099782515,1.8997310043364914,1.936778525820754,2
1768376743099128844,7.225509031220767,8.913147018564574,1.9006496908986585,1.936531698091904,2
1768376743223993752,7.330426861104522,9.002016825009175,1.8997008383565757,1.9362572731424474,2
1768376743299014244,8.047328361904915,9.084508181206155,1.9006165972473776,1.9355174239197241,2
1768376743424057522,6.9280722825737495,8.861577414834642,1.9008844634737438,1.9374853261455547,2
1768376743699230837,7.273710486884077,8.791596832359787,1.9021045089090574,1.9371756355362058,2
1768376743774070781,7.558845205165143,8.944625957066474,1.9012640113419843,1.936954305123807,2
1768376743899206869,9.23666833169845,9.171692709831621,1.9015153400365032,1.9361090597242379,2
1768376744024431101,8.963696111814246,8.608998855136027,1.9045520943428293,1.9374550854254702,2
1768376744098986662,8.970294430737935,8.706091404047907,1.90347891745713,1.9364774403687295,2
1768376744174119214,9.073237352323016,8.593035986136531,1.9044966749608043,1.9372372332064038,2
