timestamp,dist_error_mm,angle_error_deg,est_dist_param_m,gt_center_dist_m,visible_gt_tags
1767257417102700068,8.931995572948882,1.6124673172755366,0.7024590834245014,0.7332189258233737,4
1767257417220483337,9.054866915324755,1.6618734708402183,0.7024508378262669,0.7331791617867148,4
1767257417295220871,9.16181993143661,1.6000638712644764,0.702715517111213,0.733127924993167,4
1767257417495660769,9.078824459938462,1.611539843157466,0.7026004236155596,0.7331723795005134,4
1767257417545793932,8.932015607004185,1.6119456187169243,0.7024117311351935,0.7331418084704345,4
1767257417620834482,8.871238491021781,1.6221262887738221,0.7023007517066694,0.7331851765132009,4
1767257417745610928,8.92742463173346,1.5685201244547027,0.7026210164032998,0.7332146940614558,4
1767257417820846270,8.904435882912122,1.6160726377325576,0.7024184795919072,0.7332050223848906,4
1767257417895400993,9.1677000913013,1.610729274954433,0.7027049846101449,0.7331530392908989,4
1767257417945236201,8.89713863903463,1.6184834924823313,0.7023364723187728,0.7331878381635712,4
1767257418020319669,8.977960079091464,1.6637697970186065,0.7023668825822847,0.7332056013509896,4
1767257418095862636,9.001694283831686,1.6332372905276529,0.7024596827555065,0.7331737475611286,4
1767257418145819826,9.05680336996073,1.6112021163791648,0.7026178677238999,0.7331884343293464,4
1767257418345704965,8.909601579248472,1.611770803027282,0.7024810057688905,0.7332008385763361,4
1767257418420800029,9.039116949202896,1.5786693216942902,0.7026874680735079,0.7331885089771408,4
1767257418620421712,8.979118746016868,1.5930846798818956,0.7025590155753915,0.7331668823641606,4
1767257418695297723,8.959744184984242,1.609200349958667,0.7025000026630132,0.7332131227533495,4
1767257418745136290,9.038403516734794,1.6606985415375721,0.7024977687219772,0.7332104833280466,4
1767257418820532293,9.030086276067273,1.6380964064014403,0.7025300852703575,0.7331866649755366,4
1767257418896144134,9.056841479151533,1.5976016707410174,0.7025959822979956,0.7331405777252656,4
1767257418945791596,8.99981312959186,1.6337941617031673,0.7024610495209185,0.7331729545023302,4
1767257419020356072,8.93880578815276,1.6014590419489378,0.7025561412723224,0.7331860431396565,4
1767257419145648561,8.878531948274704,1.6328614048316996,0.7023386481024714,0.7332132394888808,4
1767257419345686303,9.187818181378482,1.6415784474723774,0.702678485834342,0.7332284326501933,4
1767257419420859846,8.907468655618533,1.6263255132085073,0.7022789179593291,0.733146612227116,4
1767257419545857635,8.933789013704674,1.6456315418906626,0.7023043216984505,0.7331918104969123,4
1767257419620189261,9.070290427744322,1.58667232705798,0.7026124083097621,0.73315920920027,4
1767257419695636637,9.035966749680103,1.626287825116592,0.7025139453438721,0.7332279454752232,4
1767257419895304610,9.06501592866704,1.6127072717480568,0.7024962728100499,0.7331449416345275,4
1767257420020263521,8.935073519115932,1.6415602882826927,0.7023287274497422,0.7331983386396461,4
1767257420095066058,8.980084585657021,1.6591007205915145,0.7023165420296802,0.7331904491213992,4
1767257420145719968,8.848358600777818,1.5853601133260693,0.7024541295223495,0.7331803505060366,4
1767257420220207419,9.147364377592782,1.606248465120588,0.7027177405986056,0.7331641423119951,4
1767257420298027501,9.162143071981376,1.6652141035127879,0.7024831369512337,0.7332060929443406,4
1767257420345623872,9.059379672156975,1.6297522033483933,0.7025167228652468,0.733206478503875,4
1767257420420748133,9.137939608829694,1.632744041170594,0.7026554997914447,0.7332196006799103,4
1767257420495160399,9.056385107144681,1.5995333852295757,0.7026437318305764,0.7331553855187322,4
1767257420545591609,9.103777033311111,1.6360337331198158,0.7025303892758192,0.7331938654656814,4
1767257420620374413,9.172040793572812,1.648728139623076,0.7025990785300533,0.733193821439964,4
1767257420745287192,9.034404833135113,1.5999384706111721,0.7026100579152015,0.7331944531045487,4
1767257420820452283,9.207645447683376,1.6130272124260097,0.7027667961881284,0.7332189979244644,4
1767257420946082465,9.130475740092736,1.6359128054891847,0.7025021801760778,0.7331648246964437,4
1767257421020905286,8.841822145074785,1.6411052092583702,0.7023935736517436,0.7332558728416664,4
1767257421095080517,8.788103282453275,1.6199889373955776,0.7023861031278457,0.7332767497277272,4
1767257421221219028,9.142110369677269,1.6279415476357195,0.7026742170031908,0.7332004723757839,4
1767257421345749889,8.91364934906036,1.615434161490291,0.7024131644783108,0.7331913505024346,4
1767257421420222637,8.722784260247085,1.61688201098849,0.7021931986466048,0.7331581511888281,4
1767257421495239624,8.896650987934462,1.6067771047288761,0.7024031638750171,0.7331952225910818,4
1767257421695229265,9.06201861984124,1.6330030450379265,0.7025870047192084,0.7332443180184938,4
1767257421745784107,8.967626431853004,1.620270209574835,0.7024755971300946,0.7331955832868925,4
1767257421820443991,8.908432207938134,1.636176951120252,0.7023275642442519,0.7331578970696925,4
1767257421895721986,8.928878698452491,1.6436887730124334,0.7023506157078105,0.7332340392144652,4
1767257421946047536,9.019937277107148,1.692396993200164,0.7021555476566247,0.7331425544856308,4
1767257422020283141,9.011140365398296,1.6073959763759949,0.7025123135832438,0.7332248157137531,4
1767257422145726772,8.994850147100886,1.6416905092306435,0.7024302515118444,0.733223773771158,4
1767257422220438813,9.087647802154653,1.6048425183958517,0.7025990362492381,0.7331765029136948,4
1767257422295195413,8.90821068919001,1.6171522879230698,0.7023590947287823,0.7331856090200635,4
1767257422345535657,9.072761501482397,1.6318148882308499,0.7025902347159334,0.7332204132515296,4
1767257422420693601,8.957151904502968,1.6090822160241538,0.7024196404825068,0.733163391141046,4
1767257422495467343,8.795460628074125,1.6118621990258868,0.702274381965725,0.7332042353262961,4
1767257422545664530,9.092284966192077,1.622083364734336,0.7025455308725512,0.7331863263128618,4
1767257422620542025,9.00116152207997,1.658913588966077,0.702344601043727,0.7331766176762559,4
1767257422695825561,9.013452856447056,1.642646049825596,0.7023883512254688,0.7332076777482799,4
1767257422820147408,8.937438269813192,1.6102641426115014,0.7025143606030115,0.7332024965398324,4
1767257422895476313,8.950687701349436,1.635846629782379,0.702480450453609,0.7332359454920138,4
1767257423296063957,8.908998261344836,1.6437096738333399,0.7023345870126326,0.7332186468817641,4
1767257423345154593,8.88971685680695,1.576915619220064,0.7024265861490052,0.7331371159468534,4
1767257423496790603,9.004906446606785,1.5906128477504364,0.7025730384272022,0.7331746898057436,4
1767257423545057151,9.067868050179339,1.635508627368593,0.7025538729819505,0.7331547296367373,4
1767257423620652262,9.015855165800502,1.637508270310772,0.7024303657987744,0.7331653688818692,4
1767257423745286519,8.97646404055019,1.6545814116581223,0.7024341251601902,0.7332474711873158,4
1767257423820236054,8.965158874183699,1.6373732480855923,0.7023884909134627,0.7331763955170417,4
1767257423895579664,9.044884999351076,1.604513989800122,0.7025883447487065,0.7331931575715878,4
1767257424095513868,8.99928738108191,1.6050739041298208,0.7025221340326958,0.7331707576423245,4
1767257424145775784,8.9487405340426,1.6027416610889205,0.70255318397879,0.7332418140439546,4
1767257424220348565,9.141289109965701,1.6141129758329869,0.7026118797404536,0.733117529887594,4
1767257424295504864,9.012052302374563,1.5890661731530042,0.7025228180021086,0.733168978262423,4
1767257424345966386,9.087973763989732,1.6140943837861053,0.7026226002493331,0.7331971583806883,4
1767257424420254208,9.163246278956372,1.6107108818498426,0.7027210352242576,0.7332159012679259,4
1767257424821078863,8.884434728197888,1.5984578361784225,0.7024141830383562,0.7331581583759273,4
1767257424895695570,8.885368897199818,1.6313171966099445,0.7023513637629955,0.733225718627856,4
1767257424945454336,9.069598752564968,1.6079201507091543,0.7025343957883287,0.7331666469223466,4
1767257425020571336,9.099722481973437,1.6922141093659029,0.7024932781613257,0.7332159970780442,4
1767257425095216196,8.93051175356896,1.5880876066873226,0.702449762795085,0.7331548173347519,4
1767257425145885734,8.915669221147171,1.6114114210456156,0.702458523071585,0.7332101901876624,4
1767257425220566481,8.875481333253443,1.6167507145385351,0.7023182604312871,0.7331860870587329,4
1767257425295656682,8.96291729544485,1.6129079218361702,0.7024447182797915,0.7331826529231568,4
1767257425345175209,8.97102161641894,1.6487146081412494,0.7023026243121739,0.7331430438609592,4
1767257425495396581,8.845861970174784,1.5737106622218489,0.7023986527392906,0.7332027407666641,4
1767257425545135397,9.01199136997677,1.636501320197795,0.7024663889944182,0.7332207021000097,4
1767257425620305803,9.14866073285381,1.6303577715682491,0.7026217693802032,0.7331598867287861,4
1767257425895389067,8.990596706607178,1.6047197300509308,0.702503727038424,0.7331462028741061,4
1767257426021103792,9.203319740959559,1.6467148479724336,0.7026158556222791,0.733158279961698,4
1767257426095290969,9.179010418335132,1.6670403536204104,0.7025389997394567,0.7331611479301883,4
1767257426145141447,9.080555989600336,1.6272019575275696,0.7026060606620634,0.7332197927745423,4
1767257426295399267,9.04878880513782,1.6520557554818989,0.7024240171222007,0.7331686850545338,4
1767257426420192852,9.096639915730842,1.6391703168219494,0.70252579161396,0.7331648742467942,4
1767257426695372244,9.03313245577686,1.6298198702114846,0.7024656441293766,0.7331841846322399,4
1767257426745431205,9.013923948120727,1.6071810353734217,0.7025430408631655,0.7332194792128961,4
1767257426895222324,9.043385398734838,1.630239018100962,0.7025817787289302,0.7331866068842181,4
1767257427021115495,8.81345783632681,1.5798300332937532,0.7023611616866317,0.7331594499819845,4
1767257427145602906,9.035346143335342,1.6403000778085444,0.7024425490088827,0.7332061704782965,4
1767257427220471628,8.980789422724067,1.5970520332095264,0.7025531822144948,0.7331999238350293,4
1767257427295554404,8.955539866585926,1.6563998810910872,0.7024243040938509,0.7332326956538503,4
1767257427420562085,8.852592115011992,1.6101929119208653,0.7023445964872592,0.7331767194510345,4
1767257427695225651,8.997102353628051,1.6374851644748785,0.7024142021510531,0.7331836839994357,4
1767257427745417775,9.003027522134222,1.6024889726080083,0.7026812970702876,0.7332901159350238,4
1767257427895264154,9.039669481343493,1.622769165076915,0.7025363243262455,0.7331685523957907,4
1767257428095376244,8.94040099008131,1.618854800961866,0.7024585519072963,0.7331888681993464,4
1767257428220181270,9.178675352175203,1.625220507296259,0.7026624960470103,0.7331590998768049,4
1767257428294921012,8.944240286995363,1.6269453413279598,0.7023900060820181,0.7331915659651586,4
1767257428344995651,9.058253068971677,1.6085318434016629,0.7027317496112869,0.7332633680373816,4
1767257428420402313,9.114546573433579,1.6295173563392442,0.702624340230278,0.7332212251666452,4
1767257428545483167,8.90567753684024,1.6236648774745637,0.7023664242991611,0.7331942606878585,4
1767257428620193360,9.074954401356528,1.6121357538375638,0.7026218005075306,0.7332008281969334,4
1767257428695665232,8.964235560700363,1.6270338688995902,0.702411838188057,0.7331690497393022,4
1767257428745505251,9.024124581995308,1.6200104707587986,0.7026096459449764,0.7332062388897653,4
1767257428895001194,8.927483459292285,1.6073670927889228,0.702433974895196,0.7331885022074643,4
1767257428945055459,8.961199786349795,1.5927029744015195,0.7025774233546818,0.7332010587200096,4
1767257429020124536,8.897645750453709,1.5972262727307862,0.7024686497630431,0.7331725154141262,4
1767257429220850617,9.028369999465768,1.6097056810323682,0.7025325561250932,0.7331808487202983,4
1767257429294985716,9.178733518920513,1.615905217891056,0.7027451811206272,0.7331977099812923,4
1767257429345765166,9.076713355426925,1.7166228339012504,0.7021721190500789,0.7331120021816212,4
1767257429494955717,9.086906146345441,1.6238813132327037,0.702628446285625,0.7332102774276685,4
1767257429620054016,9.130325174848796,1.6241188703425788,0.7026559759281862,0.7331975984234314,4
1767257429694915206,9.042799712116745,1.6379740054161045,0.7024323326731149,0.7331604866344501,4
1767257429745715662,8.976171110944065,1.6245685351690329,0.7024892829971288,0.7332046421557922,4
1767257429945479606,8.983715727015952,1.591047907332986,0.702488434895854,0.7331468830359226,4
1767257430020513339,9.047854579959825,1.612690097216537,0.7026308535992505,0.7331713622853712,4
1767257430145487392,8.693396621583748,1.588859176672363,0.7023512459047132,0.7332547038206646,4
1767257430220513846,8.945887320236267,1.618924693226922,0.7024483499225019,0.733181589506825,4
1767257430295363437,8.99539466151933,1.654344346849562,0.7023701256347503,0.7332363155555123,4
1767257430495680133,9.132313506130195,1.6407882089938357,0.7024972873557136,0.7331835212700473,4
1767257430620428195,8.902650845748816,1.6066663288633467,0.7024365941793325,0.7331823932478662,4
1767257430694851478,8.993041306262661,1.6075810224890432,0.7023853631959891,0.7331217328886807,4
1767257430745074538,9.070300333790303,1.622784705327227,0.7025245657166349,0.7331403888356272,4
1767257430819964293,9.08988058230975,1.6207118989047002,0.702547061177631,0.7331759386139767,4
1767257431095283848,9.108278352110144,1.6379622273888959,0.7025180225210812,0.7331859388881944,4
1767257431220337513,9.028161902875143,1.6708645057368388,0.7022920083315197,0.733195798710873,4
1767257431295414595,8.89893253598284,1.649505123904398,0.7023026527561113,0.7331681377782079,4
1767257431495320432,9.149583919583094,1.6164453198028232,0.7026390121789031,0.7331921187294714,4
1767257431945808735,8.956129476907604,1.6554109612784442,0.7022121385640988,0.7331485643951566,4
1767257432095300271,8.978071298316515,1.6330166129558377,0.702434324412657,0.7332394839119245,4
1767257432145642957,8.703148237733881,1.60972240994371,0.7022692363319258,0.7332079529295552,4
1767257432220273151,9.003265890343837,1.593734498180597,0.7025800517620984,0.7331383139895473,4
1767257432345222214,9.122962064471718,1.6260933373775914,0.702680298968714,0.7332012466455226,4
1767257432420031387,8.97520265342855,1.6112579059233951,0.7025085731256665,0.7332278298718433,4
1767257432495044746,9.02052447256596,1.5972001051353233,0.7025599481790814,0.7331812068383025,4
1767257432545288541,8.96735608612287,1.6244097844383127,0.7024127287072329,0.7331997906569169,4
1767257432620651181,9.190926034291058,1.6366882530579565,0.7026761390326802,0.7331485000359194,4
1767257432694765663,8.819297751823107,1.5783799141070545,0.7025107720740306,0.7332206390575713,4
1767257432745589935,9.161021717920104,1.648466204415395,0.7025903196234,0.7331680091349634,4
1767257432820153828,9.073896102939294,1.6095845375154705,0.7025091958505885,0.733171036697211,4
1767257432895298357,8.968603966220234,1.6280158408509373,0.7024604056288752,0.7332266784291555,4
1767257432945672405,8.923981093192479,1.6190809707656566,0.7023383921997061,0.7331638691406746,4
1767257433145433610,9.02361936892615,1.622819864756426,0.7025951884311226,0.7331899859117779,4
1767257433220554309,8.806805578084887,1.5657062392374772,0.7024903715192472,0.7332079378516692,4
1767257433345805806,9.064973110740503,1.6152229497998398,0.7026492696105553,0.7332005734552315,4
1767257433420596700,8.930230630257551,1.653099989554007,0.7022498683421554,0.733230718399769,4
1767257433495418847,9.124241068671823,1.622492019713132,0.7025914238763084,0.7331674641317358,4
1767257433620103259,8.966308460787499,1.6292620436999006,0.7024571551266452,0.7332198117620321,4
1767257433819911762,9.043610505440114,1.6717223404213406,0.702353195937353,0.7331883068716386,4
1767257433895383420,9.12970351680853,1.6210716077142606,0.7025195591173515,0.7331477243239516,4
1767257434020265555,8.830972165111305,1.5878893995997683,0.7023868186545238,0.733224921031211,4
1767257434095539708,8.910310714818849,1.6150283701767756,0.7023985385417264,0.7331741430528073,4
1767257434220087592,9.13531961139935,1.6280324220059643,0.7026428140739487,0.7331652469131847,4
1767257434295617353,8.823841483988737,1.6133151014225071,0.7023951198575594,0.7332612560683596,4
1767257434345782432,8.983168193484659,1.6341752526053637,0.702529449162393,0.7332168138989225,4
1767257434420141874,9.007720834499523,1.620218968644171,0.702530523216106,0.7331818942489139,4
1767257434494802482,9.24471357560941,1.676417067180153,0.7025917453827248,0.7331778788804582,4
1767257434545069839,9.089932348229857,1.6301614934371094,0.7026662587084108,0.7332204282535081,4
1767257434744854874,8.926271109544581,1.6180083807696384,0.702329284962632,0.7331925322692581,4
1767257435095550801,9.089146698939455,1.6562248348577753,0.7024418965466925,0.7331457503192352,4
1767257435145632654,9.081797420580461,1.6135424636767803,0.7026800232409279,0.7331941384778521,4
1767257435220289587,8.911009759978272,1.5982177387940475,0.702489337934452,0.7332019619398703,4
1767257435345904338,8.986483595965101,1.624325852738864,0.7024545639735055,0.7331071060488099,4
1767257435420017365,9.069350364342421,1.6096842614113847,0.7027182423320085,0.7331974305298822,4
1767257435495414050,9.006036822745589,1.6174100287889548,0.7024072998252016,0.7331364757762201,4
1767257435545795053,8.960424011567047,1.6351959753769798,0.7024128894675118,0.7332192671724381,4
1767257435745171746,8.979494829047475,1.620706570452832,0.7024801627588095,0.7332106493054128,4
1767257435820432116,9.008438924912877,1.633584965464953,0.7025636925072063,0.7332240733716586,4
1767257436095531368,9.13181662160001,1.6262836531331633,0.7026104530895537,0.7331880761059837,4
1767257436145512028,9.139886152121024,1.675568752421732,0.7024623075218924,0.7332207355703784,4
1767257436220253203,9.144944596653492,1.6543272755928815,0.7024373601865964,0.7331412047283741,4
1767257436345505001,8.964336058782552,1.647665589910409,0.702398089491312,0.733205857017885,4
1767257436419888256,9.110557551776033,1.6154437653244658,0.7026469328567488,0.7331547145651682,4
1767257436495570556,9.245027415820118,1.6458346401485728,0.7026128638273131,0.7331437987577213,4
1767257436620524036,8.890767906593489,1.5833623202161546,0.702558510626822,0.7332323994481224,4
1767257436695449484,9.085091366621167,1.6096256715310655,0.7026543874790434,0.7332232720763826,4
1767257436745092955,9.201757384291852,1.6143050733007573,0.7027422762312509,0.7331939370797806,4
1767257436821070568,9.068106102114504,1.618928226673736,0.7025594662966169,0.7331781874198108,4
1767257436895565608,9.014072193449852,1.6742382040837414,0.7022836099883689,0.7331680022092035,4
1767257436945481177,9.085706305991149,1.571240390835079,0.702758346500402,0.7331893891428565,4
1767257437094849337,9.13151803550749,1.64370512660867,0.7026134609447335,0.7331712055441071,4
1767257437145440514,9.101186675977146,1.5814519667279119,0.7026724488310546,0.7331800540931758,4
1767257437220991975,8.779762185674223,1.6062921314839536,0.7023039303143129,0.7332200263762663,4
1767257437344820718,9.181782859909005,1.6152073225672101,0.702788458664889,0.7331935976606551,4
1767257437420542439,8.897506108969221,1.6360011667859162,0.7023166852927839,0.7331812448373989,4
1767257437494904050,9.073163228661585,1.6444716134862114,0.7024814282966229,0.7331975894086356,4
1767257437545229038,9.135871512637173,1.6492218639125564,0.7025141843509576,0.7331597817393041,4
1767257437695083713,8.970679052732521,1.5950995568816517,0.7025696194387875,0.7331405632379859,4
1767257437745466522,9.115097684607276,1.6344348684326502,0.7025310723494551,0.7331709090703726,4
1767257437894854810,9.018385083871872,1.5900651006369535,0.7025946335741102,0.7332137546632876,4
1767257437945628256,9.205149047929018,1.6334251972412992,0.7026262769466578,0.7331378040298181,4
1767257438020034898,9.053869329034182,1.6296645695109915,0.7025316860470601,0.7331855782293653,4
1767257438220772270,9.160822783281342,1.644956681084854,0.7025253943948279,0.7331413545793891,4
1767257438295611091,8.976633568399395,1.6080475315068183,0.702476271972082,0.7331834912876148,4
1767257438345290643,8.966041727376695,1.5988833219038008,0.702528131690365,0.7331996244032926,4
1767257438545124740,9.034411917023144,1.6195837317112554,0.7025505663551268,0.7332260766211052,4
1767257438620071197,9.01362223873614,1.64609885997837,0.7024946405684653,0.7332161769265291,4
1767257438695549491,8.872290752304668,1.590089775573114,0.7025222828786882,0.7331878170884872,4
1767257438745492780,8.944172738072131,1.6077268135132747,0.7024345591889547,0.7331641665734334,4
1767257438820679863,8.885496779641123,1.5966630834171724,0.70241195744847,0.7331438250572513,4
1767257438945618671,8.94540389986631,1.5874427452526854,0.7025854593602922,0.733162348632431,4
1767257439094965711,9.001891453344403,1.6194770250598687,0.702485348812174,0.733186354698972,4
1767257439145246550,8.99074663375976,1.643817479772277,0.7023712503176215,0.7332022304566309,4
1767257439220406370,8.88272448779559,1.6386752082735199,0.7023041685953256,0.7331538542222714,4
1767257439295141623,9.086758660571515,1.6277629666953242,0.7025011671719873,0.7331614443001582,4
1767257439344833936,8.829314237052689,1.6344945585085058,0.7022167376379275,0.7331782599341147,4
1767257439420290028,9.168468484638591,1.6429722144034342,0.7026287676383413,0.7331795583414061,4
1767257439495611809,8.952041157964441,1.6125573760375427,0.7024649786921566,0.733207787759567,4
1767257439545112338,8.930824865003629,1.5857974217601098,0.7025212013246953,0.7331797082805974,4
1767257439695534288,9.169579695187169,1.6410990056587846,0.7026546072351394,0.7331923165465631,4
1767257439745651694,8.886614723738639,1.590703362404315,0.7024833803575703,0.7332090936698734,4
1767257439820655925,9.115753266767058,1.6201748597024124,0.702681025455336,0.7332104542542511,4
1767257439894761045,8.882434297394992,1.6030737694985042,0.7023834671590505,0.7332104537050846,4
1767257439944997408,8.969238430886817,1.6152847985793728,0.702460827944028,0.7331675344675794,4
1767257440020546563,8.896891326792055,1.595565061502005,0.7024604012406469,0.7331587163624241,4
1767257440219848610,8.868781290806481,1.6135345136896448,0.7023670976403349,0.7331733320896463,4
1767257440295109875,9.049587757041344,1.6616033351972597,0.7024482161448614,0.7332142158801357,4
1767257440345304754,8.771698243732807,1.6063055445573724,0.7021766391702418,0.7331678125537373,4
1767257440495120252,8.82163903543043,1.6060680198908026,0.7023329555683523,0.7332006540017446,4
1767257440545057879,8.913780496533018,1.6240519231440864,0.7023996198556225,0.7331634987056398,4
1767257440620277749,8.870217155426463,1.634131062233312,0.702271553784052,0.7331484869935799,4
1767257440695479659,8.862973961773491,1.6217146640307443,0.7023582865567128,0.733202625217682,4
1767257440744854338,9.124021210945465,1.6619177789309572,0.7024760525915394,0.7331826211594661,4
1767257440820055833,8.911064949461478,1.5943457430232364,0.7024894329513495,0.733189354297203,4
1767257441220745177,9.024441669424398,1.6247992997622633,0.7024789798038388,0.7331603039248111,4
1767257441295541936,9.038437711591186,1.6360165428851974,0.7025137026453324,0.7332153840697566,4
1767257441345151552,8.977639023618034,1.6261206729281081,0.7024527145857481,0.7332142503185897,4
1767257441495279185,9.055366427197399,1.6352463205500738,0.7024524510737271,0.7331159401199753,4
1767257441544961643,9.042966806027785,1.6853253027287423,0.7022420809424926,0.733189067623957,4
1767257441620281836,9.109185340779646,1.7224992190801496,0.7021841527501732,0.7331764367010817,4
1767257441695315179,9.019132781596717,1.6198834152687944,0.702486817134192,0.7331512245044026,4
1767257441745531755,8.96843481009968,1.6160706809062095,0.7024809630789279,0.7331972441721719,4
1767257441895233933,9.019971759465118,1.6368913182611837,0.7024372462564291,0.7331535322131956,4
1767257442144831498,8.838818859975618,1.617552334300505,0.7024060041778841,0.7332312397978313,4
1767257442219856664,9.024426400757623,1.6402006841490382,0.702545769027027,0.7332187189944401,4
1767257442295476948,8.960286288117402,1.6156242248685717,0.7024341044391242,0.7332246774218656,4
1767257442494969493,9.148387751479303,1.6451191009250896,0.702452357763398,0.7331433749004744,4
1767257442620501039,8.926208894127207,1.6195847789818067,0.7024649903492991,0.7331808208571461,4
1767257442694732089,8.971737301200932,1.625025098523978,0.7024710245782667,0.7331846702044563,4
1767257442745240803,9.144656029411502,1.6263317057070932,0.7026339018079237,0.7331797535761302,4
1767257442820559133,8.862026527290734,1.59926578665808,0.7024868629880011,0.7331713344998732,4
1767257442895308057,9.037848346599485,1.605234848693522,0.7025138307353959,0.7331466936300078,4
1767257443020367126,8.930394824011367,1.6258457529184507,0.7022720094343295,0.7331324789283205,4
1767257443095314924,8.878866389910423,1.627354364498583,0.702264850616256,0.733152537243259,4
1767257443220519066,9.104389332148855,1.6375154879740428,0.7024867182269909,0.733144439547168,4
1767257443294805572,9.11308489391538,1.5994998890766834,0.7026142103157901,0.733166135698547,4
1767257443494920101,8.762722329647588,1.634356654609267,0.7021511945158189,0.7331942122828629,4
1767257443545486642,8.898630415289377,1.5939147475239046,0.7024263334115761,0.733144346570562,4
1767257443619714015,8.886411732717981,1.631513825272339,0.702198317896631,0.7331462453245776,4
1767257443694760637,9.04814599878867,1.6582639190931232,0.7024871366088729,0.7331595825917655,4
1767257443745255095,8.98915519278576,1.607836727409677,0.7024540760214415,0.7331630038151734,4
1767257443820521674,8.986318506088109,1.6248928429788825,0.7024163620093931,0.7331868792730747,4
1767257443895315016,9.02409081534772,1.6229206273271215,0.7024910397914649,0.7331843347976634,4
1767257443944741851,8.863347781523645,1.594695741552642,0.7023980050069943,0.7331767885284538,4
1767257444019884181,8.992724106786309,1.5933606794227246,0.7025165991542782,0.7331289583276419,4
1767257444144866130,8.994973989932875,1.610551476463696,0.7025527594059906,0.7331999073175768,4
1767257444220591008,9.09355016277047,1.6329884970147928,0.7025841258131247,0.733176103214983,4
1767257444295397828,9.083171069466989,1.6467508597043017,0.7025519872672968,0.7331738974851163,4
1767257444345318562,9.094403012078423,1.617256054842965,0.7024843274880569,0.7331249417745559,4
1767257444420354618,9.03455113886109,1.6489353418276986,0.7024440812907385,0.7332122631521119,4
1767257444495458171,9.013297131154285,1.6444199708920033,0.7023736292575,0.7332010110119945,4
1767257444695132945,9.198773641169389,1.6535284955958724,0.7025696937717135,0.7331733434021203,4
1767257444745306497,8.990736157001521,1.6539167990920136,0.7023348726103965,0.7331618225820672,4
1767257444945408634,9.002240404675899,1.614638889207213,0.7025855030273724,0.73320685271541,4
1767257445145304408,8.918969277309174,1.6203621671305297,0.7024400576187317,0.7331814415193267,4
1767257445294803562,8.977608652347868,1.6122370569206192,0.7025627715456858,0.7332109059609837,4
1767257445494867449,8.885974097531225,1.6333390101764949,0.7023502628929109,0.7332124741766125,4
1767257445695221193,8.981382389898428,1.633979728097479,0.7024742299428484,0.7331994183030331,4
1767257445745229810,9.015866113168848,1.630669662108907,0.7025120716853549,0.7331755977934803,4
1767257445820618390,9.094086453252048,1.622398514517263,0.7025536946149411,0.733159094826096,4
1767257445945010800,9.032152309611408,1.62975741054683,0.7024538097078565,0.7331406554875153,4
1767257446019847992,8.921077771391284,1.6766599301393035,0.7021233432033233,0.7331348174775436,4
1767257446094804064,8.90556709076673,1.6474812421597544,0.7022431947143508,0.733159015884512,4
1767257446144904455,9.00147129986495,1.6114347936612052,0.7025381333819242,0.733183482628767,4
1767257446220684727,8.967468066184757,1.6749283817161003,0.7022570603146803,0.7331723441231838,4
1767257446295549116,8.955603435489067,1.64391225677886,0.7024066725003703,0.7331866489509555,4
1767257446495144481,8.86509921339773,1.6042371795701467,0.7024701600442105,0.7331714213175053,4
1767257446620504336,8.925675756416673,1.611425453189908,0.7024304416891403,0.7331893327855412,4
1767257446695310658,9.12603542084578,1.641901101900947,0.7024515236976269,0.7331389648211455,4
1767257446745501159,8.957586985031574,1.616854716355069,0.7024366860588308,0.7331643818194408,4
1767257446820489590,8.996419610941665,1.6156946148328686,0.7025459305875332,0.7331837972280338,4
1767257446894700598,8.855374252623506,1.6211042401503672,0.7023943155143832,0.7332277049894965,4
1767257446945595208,8.901504978155227,1.6036915016403714,0.7025138767811151,0.733201642066225,4
1767257447020068847,9.106980814083233,1.6037792057459752,0.70267119933498,0.7331963924116789,4
1767257447220522127,9.076005858109859,1.642446162663904,0.7025232245308721,0.7331835860327844,4
1767257447295134457,9.106220484641492,1.6300252167605265,0.7026018934080875,0.733169395903188,4
1767257447345169377,9.154370796391698,1.6239190346910197,0.7026302646256596,0.7331850180672733,4
1767257447420438057,9.21079165474481,1.6395282215033304,0.7026740038000564,0.7331725479566564,4
1767257447495333399,9.226946418247838,1.6287110353882783,0.7027772274535978,0.7331918955977973,4
1767257447620312001,8.881172153421213,1.6317322852231646,0.7022644236437792,0.7331573344917082,4
1767257447694737056,8.975914905359318,1.6220712299436473,0.7024504035165349,0.7331020784567409,4
1767257447745222616,8.991416380458862,1.627660115062071,0.7024415592846228,0.733166161000914,4
1767257447820280385,8.98457348935855,1.6476664670321863,0.7023970525636575,0.7331902887535399,4
1767257447894740730,9.127956786903702,1.6363074756893394,0.7025849202913375,0.7332222191243967,4
1767257448019831791,9.136856011921267,1.6259277961676557,0.7026118854584962,0.7332100131814967,4
1767257448095554731,9.033723865077171,1.6441852312213583,0.7024634059852718,0.7332013273326572,4
1767257448295303068,9.036498497508871,1.6370052082271842,0.7024448461723185,0.73318669640368,4
1767257448420704902,8.997339586437448,1.6370396342318612,0.7023959529504047,0.7331434406853625,4
1767257448495046910,8.888456613407536,1.618022585417576,0.7023767156037994,0.7331539804613294,4
1767257448544834850,8.943649782037543,1.6316443783447596,0.7023822901793009,0.7331527299528029,4
1767257448619869765,9.001489384463435,1.5950786354359678,0.7025093129072841,0.7331688550505367,4
1767257448695097999,8.953360840885827,1.6221367162663625,0.7023923749641082,0.7331395899918655,4
1767257448745220058,9.213737052334082,1.6317071518431383,0.7026577383493581,0.7331825311974606,4
1767257448820399519,8.928076010775055,1.6274279629545807,0.7024393099929157,0.7331937213494143,4
1767257448894971384,9.105029937139463,1.6414253945659647,0.7025502662243946,0.7331699214361078,4
1767257449019887612,8.85751368609533,1.6700567114508373,0.7021873115834283,0.7332216969644889,4
1767257449095247167,9.081961216693802,1.6306670220449164,0.7024714323493751,0.7331521353628788,4
1767257449145445608,8.995716972957535,1.6265486843709316,0.7024794678032916,0.7332233110577433,4
1767257449220424649,8.937849262493414,1.6226287166540918,0.7024494680741912,0.733169611160249,4
1767257449295347112,8.88406958921173,1.6019589992542713,0.7024423460856426,0.7331929697298,4
1767257449420120251,9.03151963417237,1.6443071407874574,0.7024327199132815,0.7331876816151754,4
1767257449545585346,9.024618616575886,1.6565680155941325,0.7023675581513479,0.7331308848174483,4
1767257449745286765,9.033680429695877,1.6510727626045387,0.702433793595289,0.7332163300074223,4
1767257449895446552,9.015407848329659,1.6244865068743368,0.7024719891206965,0.733167448614014,4
1767257449945528831,9.020025420025778,1.648846412218607,0.7024176885618105,0.733209235150563,4
1767257450095055061,9.188678730131294,1.6339994408529148,0.7026219823484219,0.7331678614326683,4
1767257450145253022,9.016089837459829,1.632416426954732,0.7025314094903019,0.733210045150794,4
1767257450220546635,8.971742713541397,1.6189140560989845,0.7024756503168101,0.7331588137199645,4
1767257450295013910,9.022194996048505,1.6363589421859812,0.7023959480651736,0.7331673832739581,4
1767257450345083964,8.977000925489698,1.5872004805225473,0.7025946842017646,0.7331829193452005,4
1767257450495283192,9.157028070129636,1.6055384767358118,0.7026446612435848,0.7331333999606546,4
1767257450620152476,8.950350479633551,1.6257441540641628,0.7024878701337874,0.7332127069684091,4
1767257450819764173,8.910429373235274,1.6033696061224434,0.7024259763947346,0.7331732032378885,4
1767257450895156865,9.05606657655833,1.602832847312114,0.702497735003401,0.7331412634101712,4
1767257450945585775,8.926890956506117,1.5973042074595218,0.7025304731242517,0.733215966109762,4
1767257451094940077,9.02330922524075,1.6554575500890552,0.7023687139211784,0.7331669131369263,4
1767257451345299496,9.039311922559246,1.6089404092709834,0.7025869151472454,0.7332140515932027,4
1767257451420086843,9.224229178152799,1.6277222370374027,0.7027302392141317,0.7331665275643895,4
1767257451619903620,8.984649435831326,1.6530503304986346,0.7023401920617183,0.7331994633517768,4
1767257451694697376,9.03716911102026,1.6199773600783098,0.7024702330985739,0.7331747730724829,4
1767257451744818192,8.69709257100193,1.6134590309353558,0.7021956408656067,0.733222140325506,4
1767257451895146021,9.071451948981736,1.6601230711553256,0.7024092246293488,0.7331842839054296,4
1767257452095260672,9.065073602311013,1.630535557764155,0.7025617601827788,0.7331558158297816,4
1767257452144677087,9.152020409623818,1.644609279518724,0.7024896350662919,0.733117803241637,4
1767257452220110460,8.99941901236312,1.623976146393257,0.7025121821925941,0.7331669413275923,4
1767257452294584151,9.088538910030586,1.6680659740437755,0.7024190531231319,0.7331968736833363,4
1767257452545160252,8.934382711401678,1.6271706982656673,0.702432571833633,0.7331737812216049,4
1767257452620137619,8.905400301113087,1.6418067628866022,0.7022577181500033,0.7331793523626269,4
1767257452820491424,8.968712262058087,1.614892264680404,0.7024632280629513,0.7331617618157117,4
1767257452894599280,8.903613575015012,1.649300063290417,0.7022507748383047,0.7332040471723794,4
1767257452944746557,9.028617397801808,1.6036185459285126,0.7026396638710555,0.7331771390292287,4
1767257453019770841,8.948380465027107,1.6263360928871533,0.7023986428379134,0.7331618546068088,4
1767257453145380881,9.041621286408507,1.6199153070013608,0.7025125870939608,0.7331532720743654,4
1767257453294556593,9.213053481074262,1.6285140586349574,0.7026724773401578,0.733201875655854,4
1767257453495032426,8.952585868530427,1.6218620211444024,0.7024826524527694,0.7332238799320514,4
1767257453545228073,8.944544022543187,1.5890159778614017,0.7024820605585718,0.7331818174653284,4
1767257453620096960,8.80481745935413,1.6189018066221106,0.7022027620578196,0.7332104968198886,4
1767257453695013809,8.930864701540697,1.6135082391436095,0.702448604860831,0.7332258638649523,4
1767257453820331054,8.967907465231239,1.6023973664707911,0.7024430673701157,0.7331557620186702,4
1767257453894836506,9.015882774345174,1.6086963231878175,0.702480894453547,0.73314516422596,4
1767257454145197456,8.820970856119548,1.5998026028889638,0.7024212658539635,0.7332114666592833,4
1767257454344835688,9.220224345061423,1.6383574684497755,0.7026317286093556,0.7331579029652212,4
1767257454420435481,9.155892012252531,1.6627569710796126,0.7023974675253433,0.7331254107482392,4
1767257454545115463,8.945769102453927,1.6291206060976582,0.7024506188513271,0.7332094456966607,4
1767257454620092593,9.049359800435642,1.645161336177506,0.7024082074140703,0.7331756846071679,4
1767257454820280537,9.107336345896556,1.6188905174167323,0.7026163883087106,0.7331433113836711,4
1767257454894471533,8.928744483537976,1.6528617538858428,0.7023339859950211,0.7331725154693077,4
1767257454944588847,9.002929391095815,1.645647771866785,0.7024251603637496,0.7331612806821344,4
1767257455019680212,9.005789332294789,1.6038794092140582,0.7025853478276326,0.7331605569873031,4
1767257455144628200,9.076645915225722,1.6594064940494164,0.7023842814766597,0.7331326989433714,4
1767257455219741683,8.979767755137424,1.580861153622315,0.702556760799332,0.7331621511418656,4
1767257455345125374,8.843089481600174,1.6224213728204535,0.7022535987554633,0.7331865828041538,4
1767257455420083979,8.952534851561111,1.644296172403712,0.7023696875020579,0.7331719481691151,4
1767257455495218124,9.177339422465236,1.6404732503511235,0.7026191240012839,0.7331598749637039,4
1767257455544524895,8.947495080813162,1.6119120918895,0.7024575432946477,0.7331744151658682,4
1767257455620301241,9.003427248967299,1.6098371896008814,0.7025238289750265,0.7331676888545641,4
1767257455695531016,8.80557513173963,1.6179352017194233,0.7022546163714879,0.7331751546000498,4
1767257455745344384,9.05303003686142,1.6607465803547727,0.7024430588469726,0.7331714690888457,4
1767257455894816944,9.061875945318153,1.6450022920435012,0.7024782434003503,0.733154626866523,4
1767257456020368073,8.999819368598061,1.6067531079634318,0.7024629021022022,0.7331265578268419,4
1767257456095019369,9.13631772974799,1.6282044962897855,0.702655147159653,0.733162568396431,4
1767257456145183163,9.126634283279866,1.7020174106087467,0.7023959445406769,0.7332103726174751,4
1767257456294792685,9.076564795642117,1.6457182195614535,0.7024346731762281,0.7331636632616721,4
1767257456420342278,9.168357755522493,1.6390515991663044,0.7025826286286788,0.7331333256998751,4
1767257456494887766,9.01997217688033,1.6251650028190892,0.7024705416638515,0.7331579507636168,4
1767257456544743690,9.023768222952588,1.570894281507528,0.702733433580194,0.733196288606407,4
1767257456695550492,8.945163473663031,1.6120339258253462,0.7023850423375408,0.7331458900329053,4
1767257456895241959,8.88672083689701,1.5865668011718275,0.7025421586035777,0.7331817832744598,4
1767257456945284541,8.928786843561465,1.6984097621118899,0.702119012767197,0.7332166906832012,4
1767257457020046266,8.921553708895358,1.645694343102026,0.7022125793287127,0.7331312662765017,4
1767257457219824669,8.875133254327539,1.619196843515846,0.7023825585705454,0.733228866080322,4
1767257457345003637,8.953314728347483,1.650456786233439,0.7023215632398596,0.7332116709394997,4
1767257457494612950,9.099475768682419,1.6418485706047443,0.7024471101719606,0.7331660348041751,4
1767257457545066086,8.88111717762663,1.638778801499823,0.7023724178970057,0.7332605640836182,4
1767257457619474188,8.986575660241968,1.6366950296735903,0.7024474801262335,0.7332012908367908,4
1767257457695183201,9.1853334410531,1.6241272787964205,0.702752834382095,0.733196770774781,4
1767257457820217059,9.138977888390464,1.6555572095066045,0.7025212928077783,0.7331566578317087,4
1767257457894492809,9.083621904502404,1.6365460754689003,0.7025102953691349,0.7331838262568312,4
1767257457945204986,8.994311887576156,1.5939496304243608,0.7024618318796719,0.7331213988162376,4
1767257458020146172,9.229668232562883,1.6603800938569706,0.7025953623530551,0.7331516922689015,4
1767257458094651016,9.134583852754341,1.6421108738965968,0.7025586305526593,0.7331987489968803,4
1767257458219721824,8.927435564518582,1.6158943311509917,0.7024046585937967,0.7331371292318098,4
1767257458294519912,9.036250095769137,1.64995505875621,0.7024773711763918,0.733214969973352,4
1767257458494751249,8.806339451069679,1.6113936795091879,0.7023259730430198,0.7331949138816592,4
1767257458695288157,8.833475648721056,1.6281757301443198,0.7023325627351784,0.7332183173454467,4
1767257458745162225,8.800288653951105,1.5777566404618757,0.7024203251861886,0.7331852718934131,4
1767257458820070664,8.998980552388458,1.6354471790160359,0.7023313046640028,0.7331112629400279,4
1767257458894894243,9.039696919325824,1.622607357635547,0.702448508730737,0.7331256169298189,4
1767257458945107668,8.802875244022456,1.6159222147004415,0.7022623887419172,0.733174750155491,4
1767257459019980081,8.819460377570643,1.6259480980488588,0.7022752844930054,0.7331685123371695,4
1767257459095108152,9.116833151533555,1.5843614030357571,0.7027238300766995,0.7332132651577143,4
1767257459220207747,9.105704573129426,1.6278436405045198,0.702527293681313,0.7331709735749259,4
1767257459295105450,9.175590613397455,1.6730435241926993,0.7024659773422547,0.7331735673246709,4
1767257459545119441,9.05621605297602,1.6564681599092046,0.702430479690593,0.7331754778961833,4
1767257459695083963,8.987865563377163,1.6319165651149565,0.702521739720194,0.7332015023682596,4
1767257459745508156,9.01600109862466,1.7043374952336228,0.7020681736943724,0.7331440648102572,4
1767257459945127499,8.921170956204815,1.602963548001338,0.7023838960769501,0.7331549909558491,4
1767257460095348038,8.903268803899689,1.6082592187608882,0.7024648736355551,0.7331806742768888,4
1767257460144882704,9.102913171506689,1.6498445639037536,0.7024372515096453,0.7331555776734804,4
1767257460220170604,8.905829996632587,1.6442306615899296,0.7023696773815903,0.7332000768385852,4
1767257460419974472,8.967543566256175,1.5899546515662155,0.7024643372932063,0.7331477420490425,4
1767257460495239776,9.019671538217588,1.6047112418515384,0.7026090638320213,0.7331514461890805,4
1767257460619560554,8.996591819196986,1.606936110050348,0.7025362092786863,0.7331367206406953,4
1767257460694820060,9.130407618867743,1.6254856715088988,0.702534247920933,0.7331265974359612,4
1767257460745149931,8.943529516037941,1.6187373398124134,0.7023656447954422,0.733149716777226,4
1767257460944893299,8.986616851936358,1.6283612896114448,0.702445092469127,0.7331950843902355,4
1767257461019825443,9.238020253001578,1.6382499553080647,0.7026293104336226,0.7331549815531458,4
1767257461095154790,8.947366511246502,1.6096491839970375,0.7025374769083292,0.7331945417647949,4
1767257461144937386,8.99849468848235,1.6023523278978706,0.702531269723238,0.7331737118969023,4
1767257461220143364,8.935974782037226,1.6387157157817507,0.7022926205199477,0.7331444880577368,4
1767257461294630046,9.114101737924818,1.6097039133083422,0.7026584949157797,0.7331613043656813,4
1767257461344459456,8.936320550809619,1.6190968645344967,0.7024663155267981,0.7331916178384419,4
1767257461419939593,9.006351617030894,1.6244327500084927,0.702490171079856,0.7331805570249369,4
1767257461494837729,9.115833422029374,1.622088314464943,0.7026072992893377,0.7331927582837315,4
1767257461694638437,9.21250131608109,1.6330509411179337,0.7026528427324717,0.733185142027207,4
1767257461745192930,9.07877739093843,1.6788491661516138,0.7023884563051948,0.7332395080850865,4
1767257461820428571,8.90210147382897,1.6380093886519727,0.702253213156078,0.7331688073201367,4
1767257461894961821,9.043521898248974,1.645729291404673,0.7024876401508239,0.7332119384695167,4
1767257461944822465,8.936784604210878,1.620493592299478,0.7024197847335504,0.733226298370259,4
1767257462020082566,8.914049810493596,1.6276768586675523,0.7023550364850113,0.7331717559892165,4
1767257462219844461,9.180866507022767,1.6557413997218415,0.7025199780759989,0.7331114954770708,4
1767257462495114771,9.1936888552,1.6370509523542076,0.7026683297206106,0.7331577584028323,4
1767257462544758103,9.098705598907909,1.6003050972861936,0.7026965821129657,0.7331804642626584,4
1767257462620036847,8.967803404007713,1.633052381225951,0.7025046366772928,0.7332109249244199,4
1767257462694963231,9.001995421867637,1.6174563345090183,0.7024852178819445,0.7330974037641527,4
1767257462745338089,8.916871184641572,1.5918310634301547,0.7024852178819445,0.7331908039843769,4
1767257462820220387,9.006646680049135,1.6536252316328952,0.7023479510416494,0.7331378740597528,4
1767257462894957143,9.025522599692138,1.6492410799117474,0.7024108541329247,0.7331698053875001,4
1767257463094665466,8.940469897864677,1.6261544265470087,0.7024034703220002,0.733194582559795,4
1767257463145114554,9.003009764304014,1.596257005473506,0.7025782862681291,0.7331546824731142,4
1767257463219773166,9.05905297270615,1.6101083640447784,0.7026210366664217,0.7331800153564304,4
1767257463419605135,9.075390001899164,1.7077799929372548,0.7021549934880764,0.7331249837201129,4
1767257463495188986,8.91450319464604,1.6030059069316616,0.7024575029198532,0.7331888106163913,4
1767257463544865785,9.073217229172315,1.6521882482195303,0.7024538836798113,0.7332022727444286,4
1767257463694760109,8.823672833748741,1.6216675133026799,0.7022032192214462,0.7331679600750357,4
1767257463744943401,8.994235153355401,1.6143679176067278,0.7025446183319272,0.7332157186453299,4
1767257463895168248,9.089409113391621,1.627800505295895,0.7025430534169101,0.7331705472626224,4
1767257464144878332,9.172192145721404,1.6568329149969743,0.7024716814999296,0.7331196975504218,4
1767257464219634081,9.044043290520332,1.6480488183775017,0.7024303794643825,0.7331869956551476,4
1767257464419967247,8.899428419619992,1.617176628018188,0.7023836139721346,0.7331920269026337,4
1767257464620000862,9.187917969435965,1.6698597260570394,0.7024981148650574,0.7331691858199669,4
1767257464695049756,9.121681286057282,1.6064103263107592,0.7027290083908386,0.7331784637826901,4
1767257464745085146,8.893392361419616,1.6370933956893488,0.7023075305332793,0.7331546563508684,4
1767257464894790079,9.106025592870104,1.6398603110821162,0.7025809206976612,0.7331809702815482,4
1767257464944718131,9.056703707400526,1.691305730715078,0.7021796542099277,0.7331247068877699,4
1767257465019759883,8.986091120127826,1.6233872911426503,0.7024671026351189,0.7331449620411506,4
1767257465219991936,9.008969973794967,1.604323015532641,0.7025387350078395,0.7331591142448698,4
1767257465345020973,8.778783045338635,1.6205387056374716,0.7021880758678971,0.7331618407576959,4
1767257465420015160,9.079764747437657,1.645957903029102,0.7024091270963976,0.733091730968106,4
1767257465494678260,8.903930820244433,1.6394180757257157,0.7023492113961047,0.7331830338536478,4
1767257465619751984,9.083172111245318,1.6363012360071627,0.7025249812427564,0.7331559247391111,4
1767257465694644645,9.23777111504509,1.6426372581828077,0.7027585123343698,0.7332000899171648,4
1767257465744917142,8.890849395453259,1.644204793230849,0.7022573263186207,0.7331788445677015,4
1767257465819488671,9.020830961488645,1.638689360567208,0.702486621354456,0.7331947060812101,4
1767257465895226107,8.988693091175115,1.6221995047602866,0.7024488707708052,0.7331262468517943,4
1767257466020254936,8.963162852568708,1.6242869798030086,0.7023034960124966,0.7331238188137484,4
1767257466095059021,9.16696167535591,1.6237124163532788,0.702655295980514,0.7331171240826525,4
1767257466144440712,9.104011565809088,1.6901494519405893,0.7022471632160954,0.7331244045162426,4
1767257466345091306,8.959513848355805,1.5909648901750695,0.702587133672708,0.7331940183867702,4
1767257466419555647,8.981582167993608,1.6460840554456313,0.7023820432129778,0.7332009798542743,4
1767257466494889929,9.04677875006099,1.6493684191135178,0.7024060384612255,0.733180043097055,4
1767257466694763821,9.080500729370943,1.6105614191834248,0.7025533923273829,0.7331329527533499,4
1767257466819485637,9.01246202927708,1.616700786267605,0.7024248242852613,0.73314615425616,4
1767257466945121669,9.000937135086984,1.6434412292298126,0.702419903778073,0.7331574151590358,4
1767257467095057850,8.90141912987341,1.5849643825179294,0.7025158403855859,0.7331479633781428,4
1767257467144861570,8.89987750969945,1.678836858963849,0.702137854383911,0.7331834774349631,4
1767257467294993297,9.017570569849088,1.628581605755325,0.7024709545938337,0.7331911806374268,4
1767257467495245586,8.870783962366403,1.629332045551909,0.7023374306912422,0.7331743982018819,4
1767257467619685240,9.151309259262108,1.6374431560458451,0.7024676155289115,0.7331094262060041,4
1767257467694806598,8.954630630462646,1.5715581198135917,0.7026143179956896,0.7331810529488733,4
1767257467744753090,8.979952742788067,1.599463593877698,0.7026143179956896,0.7331551007937543,4
1767257467820072240,9.236537326164807,1.6000531068480044,0.7027710816792297,0.7330972317674085,4
1767257467894797423,8.997918277822592,1.6364402443523127,0.7024060493931102,0.7331849164090584,4
1767257467944922788,9.120486227488511,1.6576860582447053,0.7024059433431445,0.7331307196518545,4
1767257468019794277,8.997547905339687,1.6660014118917301,0.702295236559572,0.7331663002902828,4
1767257468094734071,8.983091405918353,1.6544600305328148,0.7022904475287945,0.7331410993023866,4
1767257468219408095,9.19745724828136,1.646594093111162,0.7027149748659351,0.733179423148604,4
1767257468294543112,9.03862374413289,1.619004670287695,0.7025355142116002,0.7331363091011813,4
1767257468419678894,9.00389431831783,1.6023137458560035,0.7024997637185229,0.7331826303526959,4
1767257468545069146,9.004359867746835,1.6685986376852127,0.7021975702664067,0.7331162687314738,4
1767257468619659005,8.75479721836314,1.6392251711189416,0.7021457082904226,0.7331518059472827,4
1767257468694447350,8.989254335634577,1.6579969495632623,0.7023762435502264,0.7331599259895237,4
1767257468744435985,8.95210418306458,1.6914089419139882,0.7021005355671918,0.7331383002205148,4
1767257468819939781,8.946487963804817,1.626370975072842,0.7023190089129157,0.73314335045728,4
1767257469019938387,9.040465704565515,1.6739841422805954,0.7023932966853444,0.733186160863915,4
1767257469094673848,9.078110908599335,1.6621022638442524,0.7024905921611345,0.7332050575012725,4
1767257469294968912,9.329429710676184,1.6487875285971691,0.7027109811484438,0.7331740116935361,4
1767257469344993315,8.983568020243027,1.6889144184808795,0.702104268213372,0.7331457016700678,4
1767257469420131700,8.955165344000203,1.6853811985132723,0.7022780840871492,0.7332019836632192,4
1767257469545501923,9.081148732546618,1.6762335323984756,0.7022127416648056,0.7330785620035812,4
1767257469695053861,8.85247247601917,1.6324141988780267,0.7022981246025096,0.7331967811548818,4
1767257469744332511,9.018809503977486,1.6981657072806358,0.7021949870695818,0.7331202091742002,4
1767257469819883159,8.944997992594406,1.6827851205391984,0.7021657831435256,0.7331352209833764,4
1767257469894822944,8.903900508424268,1.6038057009514683,0.7024633256156787,0.7331846369018321,4
1767257469945151941,8.924094086731893,1.6026364782686398,0.7024633256156787,0.7331720655628008,4
1767257470020083806,9.042909443949366,1.6364293893568265,0.7024377568265837,0.7331576810956661,4
1767257470094666008,8.921171474071343,1.5942350196514057,0.7025461167871891,0.7331496081989336,4
1767257470145011225,8.925172488059129,1.5725293721784894,0.7025461167871891,0.7331474055572977,4
1767257470220095664,9.143564315006735,1.6543805505208455,0.7024583360368215,0.733141213603778,4
1767257470294413348,9.004796719254248,1.662765975063358,0.7023493455953186,0.7331658614956231,4
1767257470345130218,9.042894979384265,1.6429215907842802,0.7023493455953186,0.7331167771231752,4
1767257470419342659,9.078247986510357,1.6022802353304826,0.7026600151136484,0.7331505019901373,4
1767257470494754358,8.80116070493553,1.609228939309671,0.7022668471294374,0.7331546268999755,4
1767257470545004359,8.848888713026138,1.6033079521440825,0.7022668471294374,0.7330965953208645,4
1767257470819570185,9.15534448602806,1.6337338082563746,0.7026253382145204,0.7331974672043019,4
1767257470945286152,8.998760688211371,1.7038787558659012,0.7021401918936946,0.733182678789592,4
1767257471019739328,9.234660065428946,1.642392881446518,0.702635045739594,0.7330986587799301,4
1767257471094223132,9.090508147745812,1.5807263313501296,0.7026939793333433,0.7331465732837786,4
1767257471144392385,9.090508147745812,1.5807263313501296,0.7026939793333433,0.7331465732837786,4
1767257471294769672,9.052001502125817,1.6089509756678533,0.70262056665023,0.7331762564910836,4
1767257471344701726,9.09668043954548,1.6100054471383398,0.70262056665023,0.7331252541207713,4
1767257471420113722,9.087847408242977,1.6334382258610964,0.7025343204892289,0.7331580190965891,4
1767257471494792734,8.863041730458598,1.6196924877894328,0.7023453137200995,0.7332208096208278,4
1767257471544936808,8.863041730458598,1.6196924877894328,0.7023453137200995,0.7332208096208278,4
1767257471620031619,8.916784894768991,1.5965871223293708,0.7025079060790584,0.7331689008001742,4
1767257471894536136,8.990142967899018,1.613399741085435,0.7025140016111213,0.7331586807128004,4
1767257471944886553,9.04177036867182,1.6136295521614497,0.7025140016111213,0.7331033455578998,4
1767257472094556297,9.043255618763846,1.6390620346788976,0.7024893531956129,0.7331981473861802,4
1767257472145097658,9.043255618763846,1.6390620346788976,0.7024893531956129,0.7331981473861802,4
1767257472219469847,9.160357160656329,1.6294992679280775,0.7026258443783179,0.7331586666507462,4
1767257472294362362,9.011860190014097,1.626289424398919,0.7024886857994351,0.7331446542131296,4
1767257472344843891,9.011860190014097,1.626289424398919,0.7024886857994351,0.7331446542131296,4
1767257472419954076,8.984058298494691,1.6170004068966564,0.702463822818181,0.7331538890109225,4
1767257472694900317,8.982035977121994,1.6086351674431323,0.7024701976993108,0.7331896430026121,4
1767257472745123633,8.982035977121994,1.6086351674431323,0.7024701976993108,0.7331896430026121,4
1767257472819938004,8.994995044772525,1.6516393085816905,0.7023740350925938,0.733210021158178,4
1767257472894866805,8.834199831506462,1.6212648052278902,0.7022961075636609,0.7331657861789747,4
1767257472944908326,8.844344843139007,1.6081107409201145,0.7022961075636609,0.7331524666192368,4
1767257473019613168,9.105478960883984,1.6213401039901187,0.7025184989528386,0.7331424694552386,4
1767257473094298791,9.03762740018854,1.6048373854942757,0.7025479803406299,0.7331700915013456,4
1767257473145293915,9.03762740018854,1.6048373854942757,0.7025479803406299,0.7331700915013456,4
1767257473219934154,8.907193820193115,1.6373812575903322,0.7023847026191578,0.7332089471570589,4
1767257473294992357,9.150296544524483,1.6109081367414038,0.7026693676780613,0.7331604031824236,4
1767257473344961732,9.199347540114644,1.6182386660092225,0.7026693676780613,0.7331125605397268,4
1767257473420096776,8.83027713279294,1.6235001996756655,0.7022525126449572,0.7331897727803374,4
1767257473494929638,9.016826101058694,1.6603428894013705,0.7023209074296748,0.7331214673496733,4
1767257473545102243,9.016826101058694,1.6603428894013705,0.7023209074296748,0.7331214673496733,4
1767257473619921696,8.947289957101368,1.5999451463992087,0.702517889164168,0.7331879761962238,4
1767257473819295036,9.007156947943184,1.6030422223037442,0.7025465313999807,0.7331129544173192,4
1767257474094212232,8.900551888770924,1.6144699643010294,0.7024194220345772,0.7331933791171223,4
1767257474144343850,8.900551888770924,1.6144699643010294,0.7024194220345772,0.7331933791171223,4
1767257474219954600,9.031436146126115,1.6375271450022897,0.7024272457734168,0.7331648993545912,4
1767257474819925817,9.13356669489751,1.6026276581448526,0.7025759835185723,0.7331236738484979,4
1767257474894973667,9.010595176867199,1.6188153225335642,0.7025085074021071,0.7331767963798357,4
1767257474944987425,9.010595176867199,1.6188153225335642,0.7025085074021071,0.7331767963798357,4
1767257475019255955,9.048487052792265,1.6389601428603966,0.7024496961963708,0.7331284396673363,4
1767257475095010024,8.876118423651768,1.635966334627675,0.7023272456501946,0.7332167669438993,4
1767257475144929190,8.876118423651768,1.635966334627675,0.7023272456501946,0.7332167669438993,4
1767257475219313082,8.91159574346656,1.6218466000893028,0.702315235614624,0.7331858940061281,4
1767257475419772972,8.984495306608608,1.6242807407258313,0.7025608163813913,0.7331912373748378,4
1767257475694395197,9.050110038969272,1.7167680402397862,0.7022208311153969,0.7332106672306875,4
1767257475745043248,9.050110038969272,1.7167680402397862,0.7022208311153969,0.7332106672306875,4
1767257475819840147,9.206911848595233,1.6394443968914367,0.7026230090596576,0.7331315956163524,4
1767257476019519521,8.949316326066103,1.690810266103673,0.7020421505124462,0.7331125497424718,4
1767257476095206611,9.120956614416365,1.622600948007699,0.7026038274542349,0.733171432183515,4
1767257476145228109,9.120956614416365,1.622600948007699,0.7026038274542349,0.733171432183515,4
1767257476294319884,8.909833853100624,1.6106197834484923,0.7024108619258572,0.7331723238413786,4
1767257476344549525,8.909833853100624,1.6106197834484923,0.7024108619258572,0.7331723238413786,4
1767257476419802193,9.05843695284625,1.6283405875289523,0.7025037565307586,0.7331677035118067,4
1767257476620037172,9.052580175958669,1.6743912017557039,0.7022467690611726,0.7331138631562683,4
1767257476695094946,9.317496456653362,1.6812144060806233,0.7025146814395549,0.7330939660080683,4
1767257476745009642,9.317496456653362,1.6812144060806233,0.7025146814395549,0.7330939660080683,4
1767257476820025136,8.870254839571157,1.6311508997521005,0.7022928437766544,0.7331413231371624,4
1767257477020104156,8.956635174570128,1.5981993696955317,0.7024889818596126,0.733173569931534,4
1767257477220019075,8.969680498219223,1.6086538513665078,0.7025021968933194,0.733175017307706,4
1767257477294951182,9.030034676281495,1.6063669734879895,0.7025610198980777,0.7331529143239114,4
1767257477345178839,9.030034676281495,1.6063669734879895,0.7025610198980777,0.7331529143239114,4
1767257477419935024,8.891295559254054,1.6558863613008834,0.702214940210694,0.7331753746151426,4
1767257477494666414,9.085830005132522,1.6406603083927422,0.7024606457000331,0.733131426528391,4
1767257477544927308,9.085830005132522,1.6406603083927422,0.7024606457000331,0.733131426528391,4
1767257477619917182,9.040394027553745,1.6342584577369759,0.7024829882757514,0.7331739474414742,4
1767257477694371207,9.230555873758316,1.6315938610738865,0.7026473622868596,0.7331425586568912,4
1767257477744895142,9.230555873758316,1.6315938610738865,0.7026473622868596,0.7331425586568912,4
1767257477819688747,9.077557801475455,1.6638201793348069,0.7024979422407227,0.7331423094223717,4
1767257477894898377,8.842568758785863,1.6111074573075466,0.7023804922642328,0.7331977298525513,4
1767257477944951125,8.842568758785863,1.6111074573075466,0.7023804922642328,0.7331977298525513,4
1767257478019901878,9.06738810093266,1.6862128922746142,0.7022986814567865,0.7331471474855028,4
1767257478094673740,9.050205650559473,1.6266942198570855,0.7025024780544117,0.7331575668183131,4
1767257478145284447,9.050205650559473,1.6266942198570855,0.7025024780544117,0.7331575668183131,4
1767257478494132432,8.910787809545685,1.6095293512029625,0.7024665571548061,0.7331748618382993,4
1767257478545172232,8.910787809545685,1.6095293512029625,0.7024665571548061,0.7331748618382993,4
1767257479019938980,9.122293674729054,1.6452965305637095,0.7024877788959889,0.733135814491153,4
1767257479094677935,9.209691223685645,1.62912639431954,0.7026909925333957,0.7331631047131458,4
1767257479145559476,9.209691223685645,1.62912639431954,0.7026909925333957,0.7331631047131458,4
1767257479219664246,9.092038978676165,1.654291094672301,0.7023300342049216,0.733120097942054,4
1767257479294184549,9.07945088921258,1.6208263958291895,0.702612681764866,0.7332002511100851,4
1767257479345233358,9.07945088921258,1.6208263958291895,0.702612681764866,0.7332002511100851,4
1767257479494383213,8.905033500119064,1.6329091537253517,0.7024329276643313,0.733189034595424,4
1767257479544987929,8.905033500119064,1.6329091537253517,0.7024329276643313,0.733189034595424,4
1767257479619889582,8.855716095040655,1.6344326727590746,0.70232468555253,0.7331976898223362,4
1767257479694817321,9.176417721477591,1.6178784335438372,0.7026149174847006,0.7331229029319903,4
1767257479744862280,9.176417721477591,1.6178784335438372,0.7026149174847006,0.7331229029319903,4
1767257479819651571,9.181338849781007,1.653601854630134,0.7025603256456657,0.733148327731752,4
1767257480094388675,8.791295071960526,1.637902578575861,0.7022489619414874,0.7331970817768511,4
1767257480145046280,8.791295071960526,1.637902578575861,0.7022489619414874,0.7331970817768511,4
1767257480219772739,8.931178097326796,1.6917369721171664,0.7021125779981089,0.7331409961083333,4
1767257480294227596,8.942391089276857,1.6370172611855704,0.7023768359778321,0.7332273290722504,4
1767257480345083893,8.942391089276857,1.6370172611855704,0.7023768359778321,0.7332273290722504,4
1767257480494721375,9.145227859972405,1.6300346970497874,0.702692777739854,0.7331830052419291,4
1767257480545184626,9.145227859972405,1.6300346970497874,0.702692777739854,0.7331830052419291,4
1767257480619767984,8.838591047390597,1.6859210497286765,0.7020592818460242,0.7331964957195763,4
1767257480694348332,9.085961859228163,1.622325788908634,0.7025279911117456,0.7331563055115132,4
1767257480745126803,9.085961859228163,1.622325788908634,0.7025279911117456,0.7331563055115132,4
1767257480894477523,8.902756114279043,1.6066674252245834,0.7023784666526501,0.733136964162307,4
1767257480944742312,8.902756114279043,1.6066674252245834,0.7023784666526501,0.733136964162307,4
1767257481094345778,8.970968576135663,1.634961197689431,0.7024416182791774,0.7331929828573368,4
1767257481144995891,8.970968576135663,1.634961197689431,0.7024416182791774,0.7331929828573368,4
1767257481294659061,9.028118903893434,1.6449991926365277,0.702392980087592,0.7331672624341529,4
1767257481344483626,9.028118903893434,1.6449991926365277,0.702392980087592,0.7331672624341529,4
1767257481419270736,9.208309589885054,1.6818051960672715,0.7024038973926291,0.7330825501887871,4
1767257481494839341,9.162560360541082,1.6069636638909264,0.7027403442715039,0.7331910751280398,4
1767257481545102425,9.162560360541082,1.6069636638909264,0.7027403442715039,0.7331910751280398,4
1767257481694645609,8.939058973625347,1.589103320230683,0.702521401417066,0.7331671643689546,4
1767257481744463650,8.939058973625347,1.589103320230683,0.702521401417066,0.7331671643689546,4
1767257482094242373,8.901136021328803,1.6025219561032782,0.7023819253147391,0.7331499858232744,4
1767257482144281625,8.901136021328803,1.6025219561032782,0.7023819253147391,0.7331499858232744,4
1767257482219365976,9.099009570954774,1.6068021366072844,0.7026618810671046,0.7331579063664959,4
1767257482294142877,8.968231454734244,1.6497690799750062,0.7022752350520551,0.7331500174266286,4
1767257482345107314,8.968231454734244,1.6497690799750062,0.7022752350520551,0.7331500174266286,4
1767257482419708588,9.060787161006335,1.6517409723370566,0.702272601996461,0.7331080046682472,4
1767257482694562433,9.046070788315097,1.6234651933857651,0.7025186803807879,0.7331866016733202,4
1767257482745171361,9.046070788315097,1.6234651933857651,0.7025186803807879,0.7331866016733202,4
1767257482819660875,8.847625538260019,1.644650961681701,0.7021310798054546,0.7331515662506928,4
1767257482894656276,8.89336870881252,1.608754503742431,0.7023939674369456,0.7331893653825545,4
1767257482944607834,8.89336870881252,1.608754503742431,0.7023939674369456,0.7331893653825545,4
1767257483019536812,9.023899574918005,1.7107617648218338,0.7020629826029029,0.733090752180858,4
1767257483220073631,9.084145319709801,1.6806498215013874,0.7023705933760404,0.7331688475442136,4
1767257483294247139,8.991935108341288,1.6130399336693748,0.7024735880639669,0.7331634151033808,4
1767257483344784293,8.991935108341288,1.6130399336693748,0.7024735880639669,0.7331634151033808,4
1767257483419614788,9.019282080502954,1.5948138440927115,0.7025161549066729,0.7331552125426077,4
1767257483694326317,8.952274633289958,1.603652680497745,0.7025274863113099,0.7331863054468796,4
1767257483744972507,8.952274633289958,1.603652680497745,0.7025274863113099,0.7331863054468796,4
1767257483819935078,9.07607264644017,1.6154460260408834,0.7026147246224171,0.7331482548838608,4
1767257483894701811,8.83876163273456,1.6126473721114225,0.7022305027729411,0.7331389486670346,4
1767257483945041933,8.83876163273456,1.6126473721114225,0.7022305027729411,0.7331389486670346,4
1767257484019756111,8.97330236598959,1.661155637748398,0.7021764055474783,0.7331358072413364,4
1767257484094685474,9.057190537980485,1.6274428590129446,0.7024937499802738,0.7331868201991828,4
1767257484144795244,9.057190537980485,1.6274428590129446,0.7024937499802738,0.7331868201991828,4
1767257484219575591,9.12805415266904,1.6816825695232838,0.7023722304939198,0.7331593543323712,4
1767257484294818392,8.969292780340087,1.5958003723835772,0.702498547165301,0.7331032704080073,4
1767257484345557407,8.969292780340087,1.5958003723835772,0.702498547165301,0.7331032704080073,4
1767257484494456536,9.091034959716415,1.600985992779808,0.7026050127591915,0.7331207633432748,4
1767257484544924346,9.091034959716415,1.600985992779808,0.7026050127591915,0.7331207633432748,4
1767257484619467007,8.983086788789008,1.6674382891806405,0.702214573693858,0.7331253566025767,4
1767257484894296973,8.991898258582154,1.6053916447144365,0.7024338864333024,0.7331288105874116,4
1767257484944797628,8.991898258582154,1.6053916447144365,0.7024338864333024,0.7331288105874116,4
1767257485019244024,8.82908022676332,1.6139813361681554,0.7022960261892155,0.7332107571951791,4
1767257485094392253,8.943753312329772,1.6267869309800627,0.7023376462405281,0.7331566631251989,4
1767257485144845699,8.943753312329772,1.6267869309800627,0.7023376462405281,0.7331566631251989,4
1767257485419738266,9.010217286068434,1.6179135897238497,0.702595876823074,0.7331626229970574,4
1767257485694747084,9.1236782865024,1.6248854761165883,0.7026321412807233,0.7331800299571828,4
1767257485744825195,9.1236782865024,1.6248854761165883,0.7026321412807233,0.7331800299571828,4
1767257485819430058,8.968218983854136,1.6134615449106127,0.7025067873814224,0.7331477838123358,4
1767257485894612657,9.076472762736486,1.6762771818540267,0.7023561827291165,0.7331453963479676,4
1767257485944761664,9.076472762736486,1.6762771818540267,0.7023561827291165,0.7331453963479676,4
1767257486019736718,8.949235851057558,1.6046232565599587,0.7024887233677156,0.7331632479827934,4
1767257486219499442,8.892220766521518,1.6953251119440957,0.7019632339026229,0.7331095293925892,4
1767257486294353869,9.07088532953182,1.6556766335125126,0.7024172941730287,0.7331761809089055,4
1767257486344963273,9.07088532953182,1.6556766335125126,0.7024172941730287,0.7331761809089055,4
1767257486419603518,8.974182414840381,1.6647288803386664,0.7022328684183969,0.7331274058976841,4
1767257486619611254,9.133390830034172,1.7036908618946087,0.7022285142073096,0.7331048680059649,4
1767257486694425228,9.015167089236664,1.651747140345626,0.7023841388010889,0.7331732404087078,4
1767257486744924300,9.015167089236664,1.651747140345626,0.7023841388010889,0.7331732404087078,4
1767257486819973125,9.089183208235706,1.7060971030266954,0.7021652234969511,0.7331240906693137,4
1767257486894298170,8.738982237839533,1.6209840936842326,0.7021874802910715,0.7331720882770404,4
1767257486944878543,8.738982237839533,1.6209840936842326,0.7021874802910715,0.7331720882770404,4
1767257487094193392,8.956748326634735,1.6395388957730814,0.702309708254368,0.7331322176327122,4
1767257487144725180,8.956748326634735,1.6395388957730814,0.702309708254368,0.7331322176327122,4
1767257487219867551,8.895502560118285,1.6570453680736699,0.702166151639047,0.7331304219625501,4
1767257487419919779,8.968137367294183,1.688600748813335,0.7021005883368556,0.7330948221775601,4
1767257487494479884,9.013725087043456,1.6275335453320576,0.7024341413076692,0.7331869564125045,4
1767257487544721344,9.013725087043456,1.6275335453320576,0.7024341413076692,0.7331869564125045,4
1767257487619456526,9.221743566295682,1.6425100651463747,0.7026251162293835,0.7331075705638428,4
1767257487694063013,8.938014169422859,1.6350240029091032,0.7023787387063278,0.733148747017815,4
1767257487744640833,8.938014169422859,1.6350240029091032,0.7023787387063278,0.733148747017815,4
1767257487820716386,9.03338907415785,1.6520422848973024,0.7023734986599701,0.7331134845894265,4
1767257487894906148,8.929733982727338,1.6312216301934483,0.7023603376102798,0.7331942037459737,4
1767257487944726704,8.929733982727338,1.6312216301934483,0.7023603376102798,0.7331942037459737,4
1767257488019435441,9.172925533992515,1.6926404083531554,0.7022903129194358,0.7331090951856597,4
1767257488219899569,9.151365080269924,1.6161196438280077,0.7025249766969658,0.7331035645479813,4
1767257488295247059,9.067060616124945,1.6572505843275174,0.7023729200320208,0.7331336704701373,4
1767257488344548611,9.067060616124945,1.6572505843275174,0.7023729200320208,0.7331336704701373,4
1767257488419720309,8.945520316934964,1.6281800520493397,0.702447583250586,0.7331851654123497,4
1767257488694309555,9.158676173048663,1.6583244947760856,0.7025065725717218,0.7331667977902938,4
1767257488744945522,9.158676173048663,1.6583244947760856,0.7025065725717218,0.7331667977902938,4
1767257488820115384,9.118345741445433,1.6267840479891549,0.7024474495975701,0.7331238326126516,4
1767257488894603486,9.23811716005385,1.6287492688249532,0.7026677831456285,0.7331222537595767,4
1767257488945400246,9.23811716005385,1.6287492688249532,0.7026677831456285,0.7331222537595767,4
1767257489020501296,9.134973996060669,1.698672415925107,0.70218569051589,0.7330781441276776,4
1767257489094397080,9.068415089135584,1.6201386608216877,0.7025994711060006,0.7331781900464226,4
1767257489145455062,9.068415089135584,1.6201386608216877,0.7025994711060006,0.7331781900464226,4
1767257489294389552,8.948665521969822,1.6278697714397172,0.7024496163002145,0.7332107513455782,4
1767257489345521415,8.948665521969822,1.6278697714397172,0.7024496163002145,0.7332107513455782,4
1767257489694356970,9.105775727299982,1.659829285385211,0.7022884134371601,0.7330877958737801,4
1767257489745025333,9.105775727299982,1.659829285385211,0.7022884134371601,0.7330877958737801,4
1767257489819997907,9.113867005261955,1.6861980481322718,0.7021956428891553,0.7330498328923527,4
1767257490093939599,9.050949197290992,1.617225375436605,0.7026202168407488,0.7331450883627453,4
1767257490144232711,9.050949197290992,1.617225375436605,0.7026202168407488,0.7331450883627453,4
1767257490219784429,8.950885388281371,1.6245164710503759,0.7023672117530952,0.7331626951568024,4
1767257490294433877,9.107872397294049,1.6191195485907852,0.70253216805405,0.7331543329736352,4
1767257490344706985,9.107872397294049,1.6191195485907852,0.70253216805405,0.7331543329736352,4
1767257490494864741,9.131347970889658,1.5749173812007513,0.7028267488147629,0.7331621527877076,4
1767257490544666034,9.131347970889658,1.5749173812007513,0.7028267488147629,0.7331621527877076,4
1767257490694574467,9.08076354011833,1.6131757995103142,0.7026341307268974,0.7332170043084568,4
1767257490744942832,9.08076354011833,1.6131757995103142,0.7026341307268974,0.7332170043084568,4
1767257490893983662,9.15360729575232,1.6327395325253404,0.7027454792742585,0.733217871163977,4
1767257490943925844,9.15360729575232,1.6327395325253404,0.7027454792742585,0.733217871163977,4
1767257491019261742,8.910035289860563,1.660835543141353,0.7021252669281011,0.7331315576652512,4
1767257491094613035,9.079787019054208,1.6501731422622068,0.7024607502389638,0.7331762521619936,4
1767257491145009290,9.079787019054208,1.6501731422622068,0.7024607502389638,0.7331762521619936,4
1767257491219911240,9.20430372058223,1.6264817767187816,0.7026092889811472,0.7330558610449853,4
1767257491294015504,8.951496681067205,1.6190309435883834,0.7024570822094838,0.7332162575520174,4
1767257491345405647,8.951496681067205,1.6190309435883834,0.7024570822094838,0.7332162575520174,4
1767257491419941278,9.02484243236723,1.6603192617407645,0.7023252499279069,0.7331662317554999,4
1767257491494660570,9.071986943606337,1.6075168590930387,0.7026164347436773,0.7331853957871316,4
1767257491544698145,9.071986943606337,1.6075168590930387,0.7026164347436773,0.7331853957871316,4
1767257491619776539,9.174309223846988,1.637086589979559,0.702551170149271,0.7331395998941154,4
1767257491894525593,9.07223863378559,1.6333865112462613,0.7025064020379252,0.7331572020568098,4
1767257491944693807,9.07223863378559,1.6333865112462613,0.7025064020379252,0.7331572020568098,4
1767257492019675786,9.197958100671144,1.6115408010484267,0.7026222111115887,0.733105900828903,4
1767257492219695496,9.087169326927436,1.6346119256293314,0.7025155346631846,0.7331741404610862,4
1767257492294639404,8.975759174001618,1.6231885447678776,0.7024231239304309,0.733143043342666,4
1767257492344838014,8.975759174001618,1.6231885447678776,0.7024231239304309,0.733143043342666,4
1767257492494677899,9.129090783092654,1.6054642444129539,0.7025969096515532,0.7331130636221286,4
1767257492543954086,9.129090783092654,1.6054642444129539,0.7025969096515532,0.7331130636221286,4
1767257492619599296,9.097633481120692,1.602705427258801,0.7026362687325073,0.7331441050840487,4
1767257492819704034,8.984222149958644,1.6333580132569383,0.7023909587691722,0.7331386071091133,4
1767257492894258169,9.078881393168814,1.6472240248893046,0.7024875431880273,0.7331774516351062,4
1767257492944812735,9.078881393168814,1.6472240248893046,0.7024875431880273,0.7331774516351062,4
1767257493019584603,9.303603909800895,1.6770419975690174,0.7026313890735717,0.733168108196241,4
1767257493094352611,9.158568108787012,1.612730230256382,0.702647255517454,0.7331389805876888,4
1767257493144322862,9.158568108787012,1.612730230256382,0.702647255517454,0.7331389805876888,4
1767257493293968575,8.89355178106921,1.6598814181348065,0.7022383543299536,0.733166847095965,4
1767257493344290767,8.89355178106921,1.6598814181348065,0.7022383543299536,0.733166847095965,4
1767257493419723031,8.937285331971022,1.6505386442977255,0.702357969697069,0.733193151926473,4
1767257493694564246,8.945931704431697,1.6174782319226864,0.7023869619926785,0.7331688422451546,4
1767257493744695754,8.976271166647344,1.5874379434979473,0.7025251491404422,0.7331688422451546,4
1767257493944730973,8.992765840259874,1.594156019762204,0.7025386435579333,0.733165980156434,4
1767257494019863257,9.034753840628905,1.6150475939311078,0.7025910178389716,0.7331647274913415,4
1767257494094512944,9.079170104236756,1.593269384657333,0.7027170099749714,0.7331761367388183,4
1767257494144592542,9.079170104236756,1.593269384657333,0.7027170099749714,0.7331761367388183,4
1767257494294350767,9.244511976539194,1.6470428722905575,0.7025765089872628,0.7331061753587648,4
1767257494344299621,9.244511976539194,1.6470428722905575,0.7025765089872628,0.7331061753587648,4
1767257494419501596,8.907710502604305,1.6129797843051428,0.7023889333787798,0.7332236657048145,4
1767257494494408086,8.959345188784829,1.6376700740597532,0.7023145475915762,0.7331414168481225,4
1767257494544315962,8.959345188784829,1.6376700740597532,0.7023145475915762,0.7331414168481225,4
1767257494619550237,8.807826885838477,1.6782543218042227,0.7021488641452482,0.7332009948884263,4
1767257494694583441,9.046941346181224,1.6812096954544997,0.7023281500352403,0.7331519850099039,4
1767257494743984985,9.046941346181224,1.6812096954544997,0.7023281500352403,0.7331519850099039,4
1767257495019554642,8.914957736356532,1.6259429391500335,0.7023930469955739,0.7331818126369185,4
1767257495094392517,9.10707246497211,1.6891500267321864,0.7022156237878027,0.7331129897720258,4
1767257495144551043,9.106468773066867,1.6480982350323554,0.7024795405533234,0.7331450209363034,4
1767257495294295340,9.057283593442156,1.6925585011253563,0.7021291298538569,0.7330758052317286,4
1767257495419827816,9.03624124988356,1.6364804638411696,0.7024618836531544,0.7331610498083575,4
1767257495544569464,9.102408984554167,1.6268307695788309,0.7024079282725743,0.733103100503978,4
1767257495619761280,9.074088603078568,1.5775794954694897,0.702707526655923,0.7331568028320732,4
1767257495693970853,9.000337020382275,1.6827584034313874,0.7021237813888875,0.7331066182454691,4
1767257495819595740,8.986371711420249,1.64608049732596,0.7023781901739139,0.7331863818263669,4
1767257495894508127,8.906648146663088,1.6438465682838024,0.7022111314061499,0.7331279052199824,4
1767257495944657794,8.906648146663088,1.6438465682838024,0.7022111314061499,0.7331279052199824,4
1767257496294092995,9.17912632399065,1.6334259128120638,0.7026827875732861,0.7331561570265086,4
1767257496344738418,9.17912632399065,1.6334259128120638,0.7026827875732861,0.7331561570265086,4
1767257496419939466,8.929915437737357,1.5900817766838162,0.7024241168633923,0.7330975449476765,4
1767257496694002012,9.185733939326646,1.6408889277974799,0.702583758145864,0.7331395811192248,4
1767257496744103101,9.185733939326646,1.6408889277974799,0.702583758145864,0.7331395811192248,4
1767257496819748293,8.901444952599036,1.612225236986701,0.7024140603301549,0.7331870865281858,4
1767257497019814431,8.727354668648267,1.6254538210546134,0.7021466284238268,0.7331417333621477,4
1767257497093744866,9.0796801390457,1.6582990145561296,0.7024044659405555,0.7331465861346621,4
1767257497144542176,9.0796801390457,1.6582990145561296,0.7024044659405555,0.7331465861346621,4
1767257497219725131,9.001584492098758,1.5873242713151656,0.7025453062263706,0.7331383924206663,4
1767257497293920753,8.855239512818969,1.606055055388212,0.7024123855287094,0.7331799070840352,4
1767257497344007910,8.855239512818969,1.606055055388212,0.7024123855287094,0.7331799070840352,4
1767257497494635010,9.137921507155866,1.6440812129792828,0.7025255718837679,0.7331282204487068,4
1767257497544232684,9.137921507155866,1.6440812129792828,0.7025255718837679,0.7331282204487068,4
1767257497694538077,9.128257081666092,1.64521471273138,0.7025028087893948,0.7331774322148631,4
1767257497744593489,9.128257081666092,1.64521471273138,0.7025028087893948,0.7331774322148631,4
1767257497894418308,9.04898569677226,1.6096209224531541,0.7024831301002727,0.7331071474785091,4
1767257497944768535,9.04898569677226,1.6096209224531541,0.7024831301002727,0.7331071474785091,4
1767257498019682251,8.829319254157975,1.6069728740218032,0.7022889467625103,0.7331536367218604,4
1767257498094174741,8.933741900291947,1.6294056818147953,0.7023595975815135,0.7331616301030275,4
1767257498144463430,8.933741900291947,1.6294056818147953,0.7023595975815135,0.7331616301030275,4
1767257498294523563,8.933574581515114,1.6265574888217262,0.7023748734659102,0.7331639728770277,4
1767257498344562368,8.933574581515114,1.6265574888217262,0.7023748734659102,0.7331639728770277,4
1767257498419765674,8.959752295747304,1.611921244026791,0.7024974497038183,0.7331862784859222,4
1767257498544491594,9.176297151346159,1.5979749703491053,0.7027928751663857,0.7331706530609057,4
1767257498619966593,9.106272886895251,1.632481606242997,0.7025293292808754,0.7331240642691519,4
1767257498694506885,9.09244683379229,1.6126554059201519,0.7025594460623862,0.7331335176279393,4
1767257498744475737,9.09244683379229,1.6126554059201519,0.7025594460623862,0.7331335176279393,4
1767257498819753023,9.226625129151845,1.6311579446343343,0.7026541393530995,0.7331311729726859,4
1767257499019529096,9.121314320503782,1.6124892606859909,0.7026620723804443,0.7331503132376149,4
1767257499219570019,9.285374483317232,1.645742722726275,0.7026303182242055,0.7331263205364006,4
1767257499294360996,9.097592263215383,1.6777757665057074,0.7023720533699591,0.733143233371995,4
1767257499344380376,9.050163256650091,1.629253015533711,0.7025804981753971,0.7331765414926875,4
1767257499419606788,9.016212782810173,1.5803158548409408,0.7025678072560808,0.7331606674870332,4
1767257499494629317,8.966699025436121,1.621714451549915,0.7024511347907686,0.7331792222472471,4
1767257499544662101,8.966699025436121,1.621714451549915,0.7024511347907686,0.7331792222472471,4
1767257499619683580,9.036747377412112,1.6390843095134506,0.702462768748841,0.7331960787692868,4
1767257499693902090,8.947151088693484,1.623816898785565,0.7023712872519742,0.7331322830862165,4
1767257499744667897,8.947151088693484,1.623816898785565,0.7023712872519742,0.7331322830862165,4
1767257499819344901,9.106072665539866,1.6074842506082838,0.7025513587083791,0.7331174731184658,4
1767257500019783740,9.06656486809354,1.6345278899534395,0.7025427372502452,0.7331734372980009,4
1767257500144231782,8.981745218186067,1.607554774647936,0.7024762262284374,0.7331139113737934,4
1767257500219611443,9.047661871331103,1.6732088526537368,0.7022359215605101,0.7330956096729622,4
1767257500419957038,8.961302292561202,1.6477108970050303,0.7022872586426225,0.7331472898171842,4
1767257500494456569,9.20035024960475,1.6358643517985103,0.7026597602663955,0.7331634654141059,4
1767257500544566939,9.20035024960475,1.6358643517985103,0.7026597602663955,0.7331634654141059,4
1767257500695176091,9.057637872213364,1.64245068576995,0.7023896807999884,0.7331410989587528,4
1767257500744033558,9.057637872213364,1.64245068576995,0.7023896807999884,0.7331410989587528,4
1767257501019829932,9.247943763375455,1.6383159516227936,0.7026591709718516,0.7330973229479191,4
1767257501094600928,8.8735993313237,1.6604924770723168,0.702142787482487,0.7331605023780065,4
1767257501219552643,9.079321958674779,1.6464673597799464,0.7024769343024934,0.7331610074570325,4
1767257501419838042,9.15655201751453,1.6332119165450203,0.7026130302388316,0.7331404749820559,4
1767257501694421079,9.040498489447657,1.6332113740228436,0.7025635984616304,0.7331700925873864,4
1767257501744340920,9.040498489447657,1.6332113740228436,0.7025635984616304,0.7331700925873864,4
1767257501819759456,8.986024367037771,1.6435984424952397,0.7023775880616031,0.7331490425005049,4
1767257501893798025,8.822055051230905,1.6861481531273286,0.7019984265097582,0.7331651090536966,4
1767257501943912685,8.888826301965857,1.6334161890548544,0.7023096049533927,0.7331651090536966,4
1767257502019483618,9.194780995809948,1.629449570716286,0.7026317366727001,0.7331256754960722,4
1767257502094325490,8.79139887787639,1.7063494963261445,0.7018829309745347,0.7331531058891159,4
1767257502294697664,8.832825565810776,1.6571647775345963,0.702041447427688,0.7331385950648888,4
1767257502344419344,8.855489330178656,1.6029910533079,0.7023381978471842,0.7331513701733892,4
1767257502419444847,9.106837918881672,1.6185035645934862,0.7024882105310902,0.7330908073889171,4
1767257502543914611,8.86839558697783,1.6269401560588403,0.7022956085327081,0.7331541306103359,4
1767257502620215649,8.914140165126149,1.5830192395754499,0.7024574245272188,0.7331557274427283,4
1767257502694948039,9.094821943243957,1.6359476210768118,0.7024770343763298,0.7330754367236118,4
1767257502744607186,9.065429892591514,1.662673202670618,0.7023554578612173,0.7331123947334406,4
1767257502819613469,9.06288458795701,1.6319841567952622,0.7024584032770849,0.7331140711445627,4
1767257502893891512,8.995661368152664,1.6483060695860197,0.7023562964591388,0.7331497317210269,4
1767257502944597224,8.995661368152664,1.6483060695860197,0.7023562964591388,0.7331497317210269,4
1767257503019149262,9.077561737968253,1.6513277315709758,0.7023777182609783,0.733113399927264,4
1767257503094038392,9.115377870806295,1.620449621825293,0.7026354640617487,0.7331287147702591,4
1767257503144169329,9.115377870806295,1.620449621825293,0.7026354640617487,0.7331287147702591,4
1767257503219795293,9.176552737884647,1.6424928440235809,0.7025401827477781,0.7331331210362892,4
1767257503344220815,9.0021463631067,1.6569900607450911,0.7023636192290434,0.7331681517707281,4
1767257503419727101,9.194157756843513,1.682959890103548,0.7024288978502651,0.733138155927679,4
1767257503894488166,9.113986887485437,1.6886576075064867,0.7022732663893319,0.733137400160545,4
1767257503944593641,9.083670252112652,1.6081544190442973,0.7025801719794824,0.733137400160545,4
1767257504019963416,8.922747732826197,1.6280469121161267,0.7023694804154,0.7331588363008837,4
1767257504094209174,9.024217647416343,1.619001948023386,0.7024701794022358,0.7331252534954786,4
1767257504144476478,9.155795777564313,1.6465533829165366,0.702499037696378,0.7331252534954786,4
1767257504219868671,9.023279717159438,1.6181755218507137,0.7024683128234024,0.7331001656946355,4
1767257504294778575,9.073835932415397,1.6400228391741292,0.7023761760205555,0.7331235219209671,4
1767257504344794601,9.272097619693165,1.6482988965363434,0.7025858044163587,0.7331235219209671,4
1767257504620035987,8.767973195983103,1.6028749111926721,0.702376443649322,0.7331794302611475,4
1767257504744597563,9.011363893256519,1.622775927550173,0.7024959920043143,0.7331583620167605,4
1767257504819647668,9.073216112835848,1.6207042960787965,0.7026152503109953,0.7331581563203923,4
1767257505019525404,9.229409395701271,1.672360581187906,0.7025674430866952,0.733139518875993,4
1767257505219546212,9.05709308169278,1.64533107601597,0.7024057565699041,0.7331290110649553,4
1767257505294403981,9.11267330284149,1.6142481705770282,0.702592482134914,0.7331466973497849,4
1767257505344351481,8.923963906785183,1.6005122247070158,0.7024478068052622,0.7331690723443135,4
1767257505419500148,8.83217822067106,1.5882155209918725,0.7023878904882194,0.7332167875221153,4
1767257505494342793,8.984783943245201,1.6147219274790199,0.7023975159476076,0.7331289309820621,4
1767257505544035047,9.05141565157097,1.6395204342308332,0.7024350448408024,0.7331769136623519,4
1767257505618804998,9.261350306801198,1.6432172315289868,0.7026819304031998,0.7331466734960604,4
1767257505697381240,8.929995230719578,1.6304867976227506,0.7023459205358029,0.7331633949310813,4
1767257505743878818,9.048888995493275,1.6307940746051997,0.7024806189813522,0.7331633949310813,4
1767257505819190314,9.167324445129243,1.6192431028820091,0.7026880922743558,0.7331790992668181,4
1767257505894485277,9.200770031335125,1.6678957051271166,0.7024533831972428,0.7331255197757722,4
1767257506094580824,9.059462154820675,1.665019867040676,0.702345055427995,0.7331304419042939,4
1767257506144487883,8.942722313558527,1.6009145353461611,0.7025741378743651,0.733175948224941,4
1767257506294477114,9.116589987534729,1.6246956605230507,0.7025672988178822,0.7331409334467612,4
1767257506419178637,8.960836251165949,1.6836897262055477,0.7022801146018277,0.7332246842677818,4
1767257506619823478,8.935650122761762,1.6171063015153406,0.7023663001868525,0.7331371624604838,4
1767257506694684738,9.025514206945973,1.6247271354630501,0.7024332835057422,0.7330983752445007,4
1767257506819506546,9.081839333698882,1.6207893784579745,0.7025217401094943,0.7331272042232871,4
1767257506894503764,9.108066544187722,1.6405787498441748,0.7024860605726417,0.7330995313218776,4
1767257507019600040,9.167388175013835,1.6438385938067177,0.7024522831718907,0.7330832300889315,4
1767257507094576979,9.210791503168615,1.6685645228639938,0.7025407369810116,0.7331347630618728,4
1767257507144609314,9.135741666812747,1.6668876923858147,0.7024880041548576,0.7331846194247429,4
1767257507219230530,9.110499505471825,1.6134541501828845,0.702706760448055,0.7331638462708961,4
1767257507294477519,9.216947644581474,1.6001678557391936,0.7027149416181199,0.7330887028889699,4
1767257507419465232,8.987828287695176,1.6350613793688482,0.702508007644334,0.7331716652704036,4
1767257507494464457,8.973784589591638,1.6027922119790485,0.702498201582921,0.7331525332098834,4
1767257507544440137,8.984276258452105,1.6680834985696957,0.7023949398943778,0.7332017825485053,4
1767257507619532160,9.122267021316688,1.635621364399935,0.7025287032632267,0.7331400383308188,4
1767257507694803830,8.978820699391598,1.5965055682058416,0.7025507918484674,0.7331427401706937,4
1767257507744286436,9.013223523851476,1.6283934965176896,0.7023886988130595,0.7331514434985439,4
1767257507820031050,9.00542733524401,1.6412524596157676,0.7024209624540804,0.7331966369753344,4
1767257507894556776,9.307810731817302,1.6365344265217883,0.7028031034010421,0.7331625146211593,4
1767257508094621717,9.123992134714598,1.6532383748348984,0.7025061432823124,0.733193455240761,4
1767257508219071172,9.109597098921117,1.636204403541848,0.7025271212473769,0.7331253980963129,4
1767257508294553930,9.096612787116044,1.6493398262102976,0.7023747564695869,0.7330812210150058,4
1767257508344501459,9.105866277995256,1.655543688383851,0.7024563184245829,0.7331298303810134,4
1767257508494524293,9.039841824067585,1.6450490146015702,0.7025231919498546,0.7331961839731298,4
1767257508544137330,9.105511046304194,1.603290254341171,0.7027658501974743,0.7331452855576687,4
1767257508619792482,9.083440514601193,1.6329818646841048,0.7025611029853728,0.7331471965664162,4
1767257508744758915,8.915583284965445,1.6360659045704489,0.7022924134451872,0.7331244174479276,4
1767257508819693126,9.022082687077493,1.6326466216758198,0.7024170054011678,0.7331355309476552,4
1767257508894504819,9.19369413097959,1.6248632870091508,0.7025829935625025,0.733089853692547,4
1767257509094663103,9.087329186695857,1.7105739649358902,0.7021516677650677,0.7331021148921434,4
1767257509219930436,9.107369486902272,1.618183328897973,0.7025501216734388,0.7331308617225699,4
1767257509294596742,9.144463943523974,1.631869706863503,0.7025214636063466,0.7330974556781122,4
1767257509344056057,8.716459525097587,1.5822194499268618,0.7022573284907491,0.7331357857056717,4
1767257509419688242,9.035089339221592,1.6380961008246078,0.7024009663988421,0.7331321653522985,4
1767257509494621502,9.264214751864897,1.646540317012873,0.7026302178788334,0.7331139209237552,4
1767257509544221598,9.08411936729847,1.656768217102771,0.7024914329764883,0.7331841470290492,4
1767257509619330256,9.130684983718385,1.6272740457535995,0.702558996590985,0.7331276928513557,4
1767257509694578186,9.05307236620978,1.648299925287464,0.7023716181643036,0.7331130467965564,4
1767257509743996247,9.172975161350628,1.646630129960919,0.7026095023635341,0.7331395915743261,4
1767257509820207630,9.17049255737734,1.627962649410022,0.7027420917199599,0.7331613299748476,4
1767257509894558384,9.053447449675067,1.6320794062663544,0.7025006144361589,0.7331437453285016,4
1767257510294414560,9.07691598912097,1.6188284521069456,0.7025914198267159,0.7331529144758365,4
1767257510494615619,8.920814869159965,1.6406501953905148,0.7022846888595371,0.7331422527256886,4
1767257510544584965,9.19538356372318,1.6224073119279365,0.7026499818441588,0.7331356292623761,4
1767257510619475564,9.133106474967567,1.6212359888942567,0.7025777611003339,0.7331164190142733,4
1767257510694393331,9.17475992590755,1.678354913401416,0.702524948062656,0.7331821590443568,4
1767257510744134850,8.998532064330767,1.643420369291082,0.7024217895259427,0.7331569362049147,4
1767257510819815874,8.938060400342174,1.6254563085337739,0.7023476543270201,0.7331540708066817,4
1767257510943928005,9.058795014575072,1.630084420666978,0.7025645990739013,0.733126640952756,4
1767257511093889008,9.112801789768476,1.6311997235575757,0.7024745868208727,0.7331144229297102,4
1767257511219592358,9.023617411058172,1.6412103619154452,0.7024063678456793,0.7331556323934857,4
1767257511294511623,9.169770862172744,1.6365759244643623,0.7025293488117086,0.7331530189703317,4
1767257511344820478,9.035957824985118,1.628740991883628,0.7025066085381123,0.7331819992502242,4
1767257511419174337,9.119476488694488,1.6521215172588164,0.7024331779342798,0.7331213882908001,4
1767257511543949156,9.233733231725271,1.6372711471712142,0.7026120837740563,0.7330926312164002,4
1767257511619415688,9.028368069076809,1.66492962501602,0.7022990445318531,0.733098194003422,4
1767257511894675427,9.236265958022072,1.6522290263149648,0.702515833712029,0.7330683642857404,4
1767257511944595207,9.013134897803866,1.6358847970431631,0.7024133418106505,0.7331534799057765,4
1767257512019481827,8.967215595954258,1.6292816568133461,0.702393617677902,0.7331508714310556,4
1767257512094554539,8.985544429463864,1.6542912535928573,0.7023075918484982,0.7331317477466675,4
1767257512219396889,9.203863245639932,1.6629877819407894,0.7025187453637521,0.7331471240454178,4
1767257512294339044,9.150500716109233,1.620574811531931,0.7026834531479708,0.7331688688635845,4
1767257512344600630,9.14900350941461,1.63866761162217,0.702513048316512,0.7331164154750618,4
1767257512418809679,8.982446877281557,1.6083925214365136,0.702483569498644,0.7331405270834122,4
1767257512494719091,9.03021337272869,1.5950210044626756,0.7024968798578097,0.7331064994898664,4
1767257512544566033,9.07981883215092,1.617896952265988,0.7024923545035409,0.7331128251363761,4
1767257512619099288,8.91792457295626,1.648324692791758,0.702260630561433,0.7331491930733505,4
1767257512694372461,9.133275704436228,1.6066471659511463,0.7025986641449179,0.7331303882115696,4
1767257512744459656,9.140412350422956,1.6293191514090855,0.7025941641008779,0.7331287856401453,4
1767257512818857813,9.191735141333869,1.6257851170263284,0.7026957494210595,0.7331308373156625,4
1767257512944122885,9.114893932361312,1.6345856833521344,0.7024110047958362,0.733111769447329,4
1767257513018875344,9.150222111867002,1.6409626363239247,0.7025061226892222,0.7331196218071907,4
1767257513094580350,9.008109770383133,1.6423441651982857,0.7025188530663342,0.7331720313566039,4
1767257513144655158,9.170045481034062,1.6765339677856077,0.7024239804622681,0.7331710296490092,4
1767257513219136455,9.070173023555949,1.6283463023164375,0.7024750577397532,0.733113673434816,4
1767257513344397906,9.085385877432461,1.626666994207827,0.7025830195097955,0.7331702342711751,4
1767257513418756307,9.027224301786262,1.6158665530498457,0.7024572367419265,0.7331660790555712,4
1767257513494189139,9.21177385031835,1.6405635094240372,0.7027144776265083,0.7331444125943242,4
1767257513544355917,8.98463387192816,1.640963974991229,0.7023272872627891,0.7331109725627772,4
1767257513619357803,9.08125576577168,1.6161193093608068,0.7025795820398355,0.7331821970940238,4
1767257513694396323,9.025967000684588,1.620459774043517,0.7024916999627979,0.7331403700492531,4
1767257513744338116,9.102175119485189,1.6296245224414647,0.7025969318686484,0.7331697998757898,4
1767257513819360623,8.980918812129035,1.6437601657668537,0.7024108778869322,0.7331728840773473,4
1767257513894022461,8.946637129010448,1.6665399942357,0.7023000085116368,0.7331914757086895,4
1767257514093903441,8.983579105579231,1.6315410594454631,0.7024478361961346,0.7331876785680135,4
1767257514219015228,8.927527038861571,1.6111916502053398,0.7024046641830985,0.733140504076876,4
1767257514294152440,8.970651559768283,1.6403382252687644,0.7024596377416592,0.7331637743833956,4
1767257514419399063,9.061976171707009,1.612267528193739,0.7025864226967813,0.7331409363581269,4
1767257514494668227,9.0636385342997,1.6471550479053856,0.7023986180546682,0.7331132776794457,4
1767257514618858016,9.089447088770687,1.6459055026247649,0.7024642706425817,0.7331040578994367,4
1767257514694587365,9.150222577141044,1.638164398061082,0.7025649845544616,0.7331128492403575,4
1767257515094491034,9.09705016562079,1.6445916426417944,0.7024530672063176,0.7331010746491936,4
1767257515144629907,9.13106795072849,1.6314599631720261,0.7024510875482828,0.7331161200116074,4
1767257515219614383,9.105665597043288,1.644179572201044,0.7024517323947412,0.7331279699185577,4
1767257515294298955,8.865427597884889,1.6110859534646216,0.7023464402619997,0.7331312464171967,4
1767257515419181221,9.060189171400278,1.61678310686308,0.7024704184973842,0.733110153079176,4
1767257515494536410,9.156431551713972,1.6373961262680758,0.7026860015497282,0.7331305015987204,4
1767257515619625165,9.00859648808705,1.6025164164392371,0.7025998755042815,0.7331325662489117,4
1767257515694569940,8.995620124571445,1.6509657818066665,0.7022805892509563,0.7330979610437576,4
1767257515819604862,9.105837519383986,1.6547926991207427,0.7024524396400954,0.7331442893361492,4
1767257515894952065,9.24733245698195,1.6483235916174308,0.7025774798809229,0.7330760642375365,4
1767257515944239924,8.999640772033635,1.6135982681708714,0.7024962900073485,0.7331484975896886,4
1767257516019190020,9.018886340620424,1.6428075789970977,0.7023681595730286,0.733094389058007,4
1767257516094341950,9.057834976791469,1.6201959667637624,0.7025365594722841,0.7331391275333006,4
1767257516143758287,9.106105288890998,1.6325310024940936,0.702536198440434,0.7331688279150085,4
1767257516219072687,8.976643053817956,1.6184530160582624,0.7025037078713815,0.7331807398469331,4
1767257516294302949,9.016027142984996,1.6256311873222953,0.702478864923997,0.7331502672184445,4
1767257516344195471,9.096156817389843,1.6513675720621486,0.7024456562230428,0.7331258055970185,4
1767257516418842117,9.064970176273057,1.6662439737174872,0.7022176455896183,0.7330607145279642,4
1767257516494310791,9.05975728905528,1.6397721993972842,0.7025238008792193,0.7331758119923054,4
1767257516743953003,8.879536098166941,1.61117223195124,0.7022886146059464,0.7331289414875707,4
1767257516943997001,9.082352077880662,1.6439540882113544,0.7024747840610287,0.7331291498658759,4
1767257517019425917,9.064448134987746,1.6244552056793387,0.7025169344493053,0.733143256962627,4
1767257517143703009,9.232816654408893,1.6571442581214364,0.7025915132904615,0.7331427007831415,4
1767257517219578012,9.132437471672027,1.6394163702124203,0.7026657380891512,0.7331828750898063,4
1767257517294582444,8.836771590035596,1.6224496068086294,0.7023221217249871,0.7331593056859222,4
1767257517343742402,9.028865122611474,1.6000109849789756,0.7026221023337095,0.7331969806635547,4
1767257517493906408,8.983992757181092,1.5841257756630374,0.702437042345243,0.7330799298951423,4
1767257517619643857,9.366879467880729,1.6738845415930639,0.7026420755266061,0.733123556795542,4
1767257517694720547,9.08929904870892,1.6358322930910607,0.7024888112112143,0.7331505336890566,4
1767257517744447218,8.993920945973844,1.6175731504138613,0.7024288324650315,0.7331056185697974,4
1767257517819646100,8.897821795703642,1.6425305008664193,0.7022431124481119,0.733129651638973,4
1767257517894632568,9.140213378353913,1.6737620167367384,0.7025090803370982,0.7331315711093297,4
1767257518019033144,9.162521965551672,1.6688762342523715,0.7025646891892929,0.7331625530649921,4
1767257518094173879,9.050143540421661,1.6030233857495957,0.7026131122928665,0.7331528190197854,4
1767257518219538785,9.115378419052078,1.6491916091079861,0.7024991502289181,0.7331490571866985,4
1767257518294533980,9.136859041196654,1.6393502256247983,0.7025230080060791,0.7331133669163669,4
1767257518344504293,9.069622830741197,1.5948973437462677,0.7025391874068663,0.7331076805118995,4
1767257518419332672,9.192579492038222,1.6177505198008666,0.7027915643037389,0.7331786287518895,4
1767257518494282688,8.980409406882828,1.5984046670036516,0.7025264152025086,0.73316295798924,4
1767257518543878898,9.004705927868173,1.6115465807685398,0.7025698378826569,0.7331460913627069,4
1767257518619439993,9.23520240145248,1.6228163563497637,0.7026657794686678,0.7331054798122427,4
1767257518818837969,9.080814543737326,1.6368657936762283,0.7025123081466417,0.7331653031590775,4
1767257518944447883,9.169057239831968,1.6163695100279816,0.7027275648284245,0.7331181933834935,4
1767257519019323449,8.97765578891374,1.6571911081745856,0.7023196236406706,0.7331308459788429,4
1767257519143888166,8.803767140655005,1.6400251266233754,0.7021675112072232,0.7331865653508686,4
1767257519219373952,9.082795521896504,1.6295746490408551,0.7026557182399358,0.7332093358229789,4
1767257519294413523,9.18527392517876,1.636070500126226,0.7025964268675333,0.733138887044986,4
1767257519344529740,9.099591974782385,1.6310882139298701,0.702486249652848,0.7331116675653646,4
1767257519494961883,9.196090158725356,1.6445869960552153,0.7025140122446459,0.7331265537207479,4
1767257519694508583,9.037069392195729,1.5983628827320382,0.7025033756279658,0.7331000947874919,4
1767257519743820449,9.214124671740652,1.5978403659398275,0.7028388984168754,0.7331208201586308,4
1767257519944141849,9.018627273034042,1.6274007706425628,0.7024626064758234,0.7331389114377748,4
1767257520144649765,9.216448644122966,1.651293559969853,0.7026340789269685,0.7330921345144846,4
1767257520219272463,9.09002406465309,1.6359767609253602,0.7024896473257946,0.7331098359794044,4
1767257520294515819,8.988897659270245,1.6244433823124362,0.7024207185905045,0.7331598958592532,4
1767257520344320386,9.210966265577603,1.6540262224992717,0.7025552284178768,0.7331278627477075,4
1767257520618792462,9.01690346790851,1.640271549956101,0.7023980261924668,0.7331012602354073,4
1767257520694517330,9.122191230029554,1.6498613895793932,0.7024438411207578,0.7331227857328744,4
1767257520744312423,9.076175011301423,1.6162321999575395,0.7025586367280707,0.7331461079364618,4
1767257520819421909,9.245582712508526,1.6326279704187454,0.7027068085937898,0.7331435556484668,4
1767257520894482501,9.158695064563794,1.6355214877792439,0.7025721740725206,0.7331204806130319,4
1767257520943964493,9.082004155157254,1.6315366671034626,0.7025159374067966,0.7331464690354735,4
1767257521094614233,9.112801478923904,1.6394363776377348,0.7025586862626352,0.7331062334968536,4
1767257521343724928,9.043962570779108,1.600090641210935,0.7025562225716873,0.7331010822066677,4
1767257521419413927,8.820975617585436,1.5959826755550732,0.702341083581416,0.7331678419223894,4
1767257521544315504,9.156741187341444,1.6561804986608315,0.7025586086763849,0.7331829427262991,4
1767257521618892304,9.096136325661753,1.6072221691744342,0.7025765397217151,0.7331344475008098,4
1767257521744353240,9.204952921041066,1.6434248187766085,0.7026007506925969,0.7330864210621981,4
1767257521819265463,9.169579504434534,1.6612411992135618,0.7025377541650139,0.7331528567847921,4
1767257521944332449,9.056256518954697,1.6326614782973774,0.702386101156336,0.7330688520663062,4
1767257522096063191,9.009173163396444,1.6122754999792945,0.7025126578682521,0.733136784649242,4
1767257522144582471,9.221258117045883,1.6277578531544474,0.7026412816680007,0.7330917497353429,4
1767257522294487062,9.112189476287224,1.631274696943244,0.7025937310839954,0.733132943414697,4
1767257522344118773,8.945752282965236,1.614392018673084,0.7023968407072398,0.7331525747081002,4
1767257522494546473,9.024274558870115,1.6261150414059997,0.7024866703818593,0.7331309935306624,4
1767257522544067004,9.00373817024791,1.6106845822286917,0.7024955917275141,0.7331280749095207,4
1767257522619505016,8.983706333234531,1.6061434114515973,0.7024778935546541,0.7331348450509042,4
1767257522743716267,9.128781924952921,1.6184673536328276,0.7025739500356294,0.7331071856563427,4
1767257522819519238,9.096291687481827,1.6347057677655554,0.7026422086742529,0.7331788387410807,4
1767257522894081249,9.15152340775871,1.659966395662897,0.7024494676711339,0.7331069513240352,4
1767257522943737416,9.150476554623088,1.608487279626895,0.7026342928003072,0.7331304692157831,4
1767257523019501388,9.08596612828083,1.6402086876946045,0.7025294646469827,0.733173109497435,4
1767257523219322060,9.100031617624849,1.6292807083999254,0.7025301751292525,0.7331150780669801,4
1767257523294509931,8.946380813357857,1.643589628022286,0.7023184428015439,0.7331381789930405,4
1767257523344430860,9.247845377943765,1.6621231359799444,0.7025658521738046,0.7331168350028914,4
1767257523419181940,9.046714259469123,1.6264651612482102,0.7025377049274507,0.7331531748209447,4
1767257523619170090,9.055812296303145,1.609110928128622,0.7025402131204737,0.7331286915615963,4
1767257523694209863,9.022972725382218,1.6387993116973634,0.702375535334124,0.7330947929551768,4
1767257523743825117,9.041355850176846,1.6796321340148397,0.7022053599622067,0.7331336111069531,4
1767257523819566642,9.02603165499638,1.647473486447998,0.7023000161341473,0.7330848088240587,4
1767257523894730480,9.20850354952918,1.6328850455852828,0.702590124471357,0.733127332563018,4
1767257523944531143,9.139544288711555,1.6138413567527212,0.7026859678387493,0.7331441843961586,4
1767257524094320804,8.975096916104652,1.6134018827347265,0.7024792440017461,0.7331308017941336,4
1767257524219563534,9.07480102678926,1.6416052050705445,0.7024961443509823,0.7331710178997057,4
1767257524294526192,8.98579132594457,1.6730870613538928,0.7023220562793802,0.7331721204782,4
1767257524344383918,9.293256181425068,1.6522218794512422,0.7026696921763009,0.73310054065875,4
1767257524494316009,8.947672702191767,1.606619332162631,0.7023564019947468,0.733130335040125,4
1767257524544647317,9.102661903210961,1.6156941498471358,0.7025024588029942,0.7331035755652422,4
1767257524619350098,8.950379120977736,1.6103712500868952,0.7023984297162722,0.7331205414504711,4
1767257524744664411,9.02884427325712,1.652479441701749,0.7023775824944878,0.7331353694843827,4
1767257524894799953,9.142588970293186,1.6176959663873054,0.7025701435119301,0.7330869415525272,4
1767257524944517753,9.22423586796639,1.6610339551762958,0.7025365415984666,0.7331133080230433,4
1767257525019386659,9.171656739289546,1.6444386749327395,0.7026039357896583,0.7331292604814413,4
1767257525094480155,9.051059428585972,1.610431355608741,0.7025082361271701,0.7330765097129813,4
1767257525144230563,9.163738277762068,1.6627637808374582,0.7023802623259808,0.7330481205758935,4
1767257525218681372,9.018803461619429,1.6455960469695399,0.7024163669065009,0.7331706252668037,4
1767257525294634286,9.089164661458593,1.6835781199265678,0.702308617839383,0.7331567465855091,4
1767257525344071691,9.138710619253976,1.651553525076979,0.7025003349242359,0.7331093323096292,4
1767257525419230234,8.942856060929149,1.6213923654918674,0.7023995569856747,0.7331681033824574,4
1767257525494093224,9.05434895596613,1.6503594765294936,0.702409611196095,0.7331314916472024,4
1767257525544183610,9.089169336732539,1.6216536417912881,0.7026725528031824,0.7332116364509706,4
1767257525618804400,9.242307162182438,1.6276529853378416,0.7026598696817975,0.733121416283022,4
1767257525744835377,9.107226390709489,1.6435749665726633,0.7024551486360993,0.7331179919802688,4
1767257525818875997,9.174892695558379,1.6696660780144266,0.7025016912237014,0.7331570029732666,4
1767257525894704759,9.179087174660317,1.6523063596843328,0.7025766854547005,0.7331355742539186,4
1767257525944609300,9.086777070073214,1.6253014803955825,0.702472136511391,0.733114099666961,4
1767257526093839541,9.335162856923818,1.663281506509659,0.7026641062554819,0.733117945030954,4
1767257526143824437,9.061558770019463,1.6577742192348288,0.7023716631208298,0.7331112992402876,4
1767257526219136433,8.93580281804729,1.623704057473708,0.7024297173963069,0.7331724326181478,4
1767257526294441867,9.063352438471227,1.6580590681996656,0.7023991629340289,0.733144786910224,4
1767257526343530448,9.131188049626537,1.642987294650241,0.7024782656311961,0.7331063415954009,4
1767257526418707226,9.13294122092978,1.6707034403023013,0.7023679734646183,0.7331274797133044,4
1767257526619065657,9.312670091141339,1.642953360773967,0.7027301499278497,0.7330976436847682,4
1767257526694098092,9.11297997047178,1.6365702797883888,0.7024830121245328,0.733102224099185,4
1767257526744563365,9.200394713566261,1.6164825528126112,0.7026166971161208,0.7330590535931462,4
1767257526819614350,9.20116876767063,1.6225887620407622,0.7026607488208865,0.7330969209776264,4
1767257526894417612,9.090517903729056,1.6041656051611735,0.7025294161618432,0.7330820866785617,4
1767257526943968140,9.030650629598957,1.6077394358819084,0.7025071979050742,0.7331244539787399,4
1767257527019539448,8.920652233809667,1.6424808473591248,0.7022588996485831,0.7331285716581313,4
1767257527094413628,9.003539778612346,1.6325350533264384,0.7024276413926442,0.7331378326210974,4
1767257527144223649,8.980627470737579,1.6224742202396805,0.7024514481575912,0.7331159124038154,4
1767257527219286451,8.981656785446269,1.6781925480706543,0.7023403531271639,0.7331521443870733,4
1767257527294332247,9.30320999338452,1.6320989475365526,0.7027290434692434,0.7331326286848108,4
1767257527419084244,9.153056329632037,1.6439358007589038,0.702600528981986,0.7331278512770312,4
1767257527494237252,9.043903946186816,1.6072044724080625,0.7025631631716578,0.7330822776032834,4
1767257527544476717,9.116204328769362,1.6200235793328892,0.7025837524522572,0.7330802079464904,4
1767257527744576061,8.846146026239342,1.6379526891442804,0.7022663820824482,0.733135873548086,4
1767257527819305248,9.058564639593424,1.636031392842306,0.7025187291032425,0.7331381229800221,4
1767257527944012328,9.041461028808317,1.6248453203459714,0.7024667751711541,0.7331510396837246,4
1767257528018956979,9.187622295450337,1.645041826879316,0.702573593883067,0.7331310889740438,4
1767257528094657525,9.135118939295307,1.614399535829442,0.7026419201972666,0.7331314901734818,4
1767257528143767316,9.064375416362292,1.615312626917494,0.7026380997002443,0.7331653617441479,4
1767257528218633042,9.015203405885686,1.628242076633369,0.7024867393153091,0.7331692670000615,4
1767257528294411551,9.02585719270066,1.6225106626509878,0.7024799015953685,0.7331346550583145,4
1767257528343641571,9.07650467953236,1.6427012238464105,0.7025768107022006,0.7331591636335296,4
1767257528494212258,8.943600453673483,1.6782978911225521,0.702214396040918,0.7331374217730705,4
1767257528544221652,9.27566220911058,1.6381070384139118,0.7027263886331261,0.7331037067539224,4
1767257528618950609,9.254840170333622,1.656099756009363,0.7025958878910766,0.733068557102806,4
1767257528694462897,9.227118606508933,1.631515281805592,0.7027360722870724,0.733122035983659,4
1767257528819284740,9.093305041541932,1.6480859839694455,0.7024743324420397,0.7331439432561468,4
1767257528943905215,8.992340642375417,1.6020365898907822,0.7024894268103954,0.7331277340239701,4
1767257529019530569,9.133640559093381,1.6477625704595602,0.7024897073211545,0.7331194397496203,4
1767257529094194135,9.001075759190847,1.6162132065740473,0.7024353978767806,0.7330809510683463,4
1767257529219205180,9.147000262461402,1.6388461193337558,0.7025136236282601,0.7331048029814877,4
1767257529294445087,9.155211116356643,1.6317551923047495,0.7025360899664885,0.7331268237192161,4
1767257529419299513,9.086790062228122,1.6281862356637746,0.7025208075880927,0.733164942801399,4
1767257529693806311,9.039002040419852,1.6353991978651798,0.7023735132165143,0.7331141317498695,4
1767257529743650661,9.032093436734279,1.6204521168986252,0.7024776071056782,0.7331566202198588,4
1767257529894298982,9.199537267444825,1.6268081245354953,0.7027096186526713,0.7331868245764446,4
1767257530019413977,9.104813140745627,1.6212369504191617,0.7025268979254163,0.7330850551425478,4
1767257530144415778,8.974367795598903,1.6011555113431883,0.7024923672858696,0.7331105673990925,4
1767257530218785116,9.056378251971807,1.6035960091974877,0.7025294497102124,0.7331050460943869,4
1767257530343957498,9.114423521824012,1.5996258124514682,0.7027209661103228,0.7331762528389026,4
1767257530418482676,8.970899373451635,1.616976662306326,0.7024786397886537,0.7331682835346532,4
1767257530493976969,9.146026199617019,1.6251970250974002,0.7025925039822463,0.7331123385582744,4
1767257530544057751,9.086864293984087,1.6855776124557824,0.7022952292868093,0.7331368571010507,4
1767257530619229606,8.926221152860458,1.6297966177134644,0.70236819593123,0.7331543424723787,4
1767257530694293679,9.043786302322609,1.6077934105136171,0.70254710458297,0.733126188586465,4
1767257530744269398,9.25813864567493,1.674591910916118,0.7025536827869302,0.7331214173240292,4
1767257530944339365,8.93253892753998,1.6449352709169291,0.7022637528859708,0.7331207329112969,4
1767257531019414000,9.039947737448873,1.6427181385160232,0.7024290726067691,0.7331339354365131,4
1767257531094241023,9.119137314698822,1.6419134724390492,0.7024607865188289,0.7330946214833388,4
1767257531144275731,9.01761325163941,1.590046688772717,0.7025949459553958,0.7331446176321799,4
1767257531218683258,9.106119998081308,1.5996485558362588,0.7026523880119269,0.7331401889696559,4
1767257531293932482,9.156210252859399,1.6467719733904649,0.70251910536905,0.7330962986541124,4
1767257531418679579,9.073942813410785,1.6671786033011704,0.7024129381733643,0.7331758580071881,4
1767257531494172429,9.000751190766376,1.6514737908809252,0.7022888237713328,0.7331011233308885,4
1767257531544279212,8.995404491763615,1.6195954576947464,0.7024175120315191,0.733131249709977,4
1767257531619077633,9.257291908011833,1.6140400738936365,0.7026761609830185,0.7330791361558064,4
1767257531693831024,9.151923653826222,1.6797109045988488,0.7024422678488158,0.7331478498042429,4
1767257531744400403,8.969275161850089,1.6340448912047025,0.7024274594497251,0.7331543932003345,4
1767257531818797820,9.108310444975842,1.6738810196671587,0.7024624708744786,0.7331652263870688,4
1767257531894154083,9.065888845434579,1.6547638389835702,0.7023777183077059,0.7331212653661903,4
1767257532019318361,9.16357341325924,1.631985164557757,0.7025850301096288,0.7331041905648591,4
1767257532093867079,9.17211642777216,1.6649943044344926,0.7024685820138236,0.7331177142923788,4
1767257532144311259,9.130255526882515,1.6157452422622547,0.7026232894096688,0.7331120796340105,4
1767257532218617999,9.03484259880405,1.6328944148610294,0.702426003825138,0.7331097976910688,4
1767257532294063569,9.154909256273935,1.6402949692494204,0.7025117718429574,0.7330682217741085,4
1767257532343802047,9.105552954378314,1.6528688306247123,0.7023713327486946,0.7330833132136118,4
1767257532419280669,8.975464375153841,1.6580147133975227,0.7023389188468336,0.7331453431099331,4
1767257532494110928,9.163872676027918,1.6288897417712171,0.7026589972346603,0.7331506131618322,4
1767257532618673026,9.118623799922121,1.6422066944678364,0.7025069303159392,0.733143065700142,4
1767257532744189447,9.197695611165347,1.662395362317244,0.7024868101307182,0.7331043121972235,4
1767257532819338021,9.057234050294905,1.6153097741546523,0.7025140782324899,0.7331337510658388,4
1767257532894328887,9.067086794619206,1.6427326078510844,0.702520489569349,0.7331518023642309,4
1767257533093933055,9.209748777032845,1.6699039885705318,0.7025038684389041,0.7330968011005976,4
1767257533144137517,8.998639854227108,1.6768154132579383,0.7021287149613029,0.7330718434009362,4
1767257533218978706,9.135584298454846,1.6136050272072606,0.7025631843213447,0.7330917628223614,4
1767257533294020628,9.14307782385082,1.6515077188360565,0.7025185045542987,0.7331307019928052,4
1767257533418702227,8.945303826880524,1.6840537873152688,0.702100140788241,0.7331243212983003,4
1767257533543602330,9.128760916010116,1.6270988486940214,0.7025662802228753,0.7330901995774293,4
1767257533618885980,9.449666344056308,1.657789027870467,0.7028373173589374,0.7331126425320522,4
1767257533694008402,9.023365677637173,1.6326407474542615,0.7024012355005202,0.7330822006981764,4
1767257533744068840,9.165450707895095,1.6778840900816623,0.7023782502182291,0.7330760309392551,4
1767257533819589242,9.004154639450812,1.6587837043415503,0.7022852544470156,0.7331325762526892,4
1767257533894172296,8.95675559598519,1.6557343188310683,0.7022698810943337,0.7331152873369131,4
1767257533944107849,9.101206646765503,1.6507206270818628,0.7025156225582568,0.7331820460673154,4
1767257534019293435,9.291727853872667,1.6281127971778502,0.7027832123526566,0.7331200082317437,4
1767257534143624987,9.233880079327793,1.669083219434374,0.7023996416662228,0.7330868308304153,4
1767257534218600119,9.14509562414112,1.681486128710499,0.7022999081570327,0.7330608603247916,4
1767257534294376303,8.961091529230192,1.6214895778462695,0.7023417441183379,0.7331311288524964,4
1767257534344324774,9.062074179373546,1.6292803894902435,0.7025666930149128,0.7331659604105998,4
1767257534418989751,9.114181129335819,1.6444504179579926,0.7024305292576359,0.7330822268375945,4
1767257534494158395,9.229116235956681,1.6779846613559783,0.7025008003613766,0.7330687789419413,4
1767257534543598542,9.110671094551769,1.6217140364886369,0.7025654511059676,0.7331333409678376,4
1767257534618746764,9.246211306176866,1.6496113644575283,0.7025440821416999,0.7330752883518793,4
1767257534743799859,9.110051114712746,1.6568048811256806,0.7024588634552277,0.7331511151419403,4
1767257534893415024,9.027692719186021,1.6421258063783613,0.7024532399957326,0.7331405744461729,4
1767257534943602548,9.10049247378819,1.6502658458574297,0.7024529592156135,0.7331262192817196,4
1767257535093569168,9.067790666854702,1.6511048189105397,0.7024570904052749,0.7331138590561322,4
1767257535144337596,9.141859957407906,1.6579958771635506,0.7024606156930975,0.7330873521106003,4
1767257535219593235,9.237031179752053,1.638381395606703,0.702649548609281,0.7330994604573453,4
1767257535294120715,8.91584328470907,1.669755816898479,0.7022310833438913,0.7331673095701527,4
1767257535343647465,9.229077362616355,1.6208240445755238,0.7026000555263168,0.7330755181896813,4
1767257535419160252,9.169020263746553,1.641416695378086,0.7025049881864471,0.7330876307036785,4
1767257535494312647,9.177399739757064,1.6496897110247888,0.7024755551217869,0.7330905262572649,4
1767257535544305148,9.340988037014885,1.6458740228735846,0.7027244561276176,0.733085294483416,4
1767257535619340205,8.95036866454113,1.6357318029224381,0.7022237928926057,0.7330923705764878,4
1767257535694090177,9.104514410546383,1.6437015054783881,0.70238746137825,0.7330780698739371,4
1767257535893520184,9.017930147277253,1.6132142014867266,0.7025461373047445,0.7331341149893833,4
1767257535944057785,9.220712394036767,1.6356936792006866,0.7025726955051004,0.7330924272418937,4
1767257536018802763,9.019002877374117,1.6207818127703413,0.7024418815501866,0.7331068696602342,4
1767257536143800457,9.229288324044017,1.650667226801939,0.7025208397396892,0.7330699549844716,4
1767257536219137180,9.016697377025483,1.5993893900460903,0.7025331590038386,0.7331157905406805,4
1767257536419402121,9.005627230816105,1.6362086129964857,0.7023927991399634,0.7331417792559614,4
1767257536493786211,9.054170205435309,1.6295754568193819,0.7024822534994541,0.7331204096993332,4
1767257536543708661,8.944395769082124,1.6380728295228546,0.7022533288740148,0.7331048045249909,4
1767257536619355730,9.036021628892499,1.6493703531648085,0.7024046355233665,0.7331222992843643,4
1767257536743867098,9.134695834878471,1.6577706567590216,0.7024261460413214,0.7331136889118096,4
1767257536893951061,9.069800401196648,1.6322062755780622,0.7024689600484856,0.7330999555130542,4
1767257537018938092,9.06846452966359,1.6499436320071998,0.702396660127848,0.7331337388915011,4
1767257537143956292,9.1407482136322,1.6704128599964372,0.702419617364394,0.7330929189873305,4
1767257537219479353,9.052625608388155,1.6143054864012056,0.7025839036393532,0.7331642859385971,4
1767257537344224678,8.982581700686886,1.6220907928094024,0.7025081571260416,0.7331406878270513,4
1767257537419054636,9.188278657798143,1.674475168645433,0.7024116869086527,0.733124796012666,4
1767257537493797259,9.374923518003953,1.658821708508529,0.7027438814631843,0.7331054508479087,4
1767257537544141520,9.22926239669053,1.6128234221183535,0.7027305546602995,0.733092094358535,4
1767257537694328902,9.158381095429323,1.6644582252140745,0.7024900925471951,0.7331178773199072,4
1767257537743718510,9.101955018724684,1.6285049188444254,0.702457288910373,0.7330916181116144,4
1767257537818928754,8.953685900811914,1.637281521888028,0.7022644852529082,0.7331069249006399,4
1767257537943826700,9.080127028497698,1.650345207447082,0.7024327244966228,0.7331061352880118,4
1767257538093564015,9.125435013359496,1.642599918074694,0.7025604849982133,0.7331615333869084,4
1767257538143628962,9.15090075899505,1.6180722518979769,0.702614897689883,0.7331463836557711,4
1767257538219602061,9.03455031640199,1.6165957721311939,0.7024144357952724,0.733091386836124,4
1767257538344089283,9.12381159166953,1.6015006026333147,0.7026557409628579,0.7330974565193973,4
1767257538418878910,8.909152651993768,1.6085598868286897,0.7023609893898287,0.7331362519608805,4
1767257538498096935,9.164961415321526,1.6222412905067527,0.7025438160753643,0.7330887475949188,4
1767257538543779255,9.113404656088786,1.7123202132419313,0.7021681765685078,0.7330628291530428,4
1767257538744161564,9.161102634909767,1.6405790249833072,0.7025589584528457,0.7331779223020429,4
1767257538818915526,9.004907073212443,1.6557552700296765,0.7023519159224998,0.7331379714021499,4
1767257538894285372,9.029056203236907,1.589084386426222,0.7025784456761637,0.7331236000649777,4
1767257539019436513,9.106626684693309,1.6132510389029446,0.7025602298953667,0.7331346718820839,4
1767257539343587534,9.037119483116696,1.675040280154518,0.7022934041831473,0.7331679686693525,4
1767257539418581187,9.206834321599633,1.6133393020437317,0.7026605273546019,0.7331093566176411,4
1767257539494092085,9.036619724091754,1.631339357881064,0.7025174254831803,0.7331372456999169,4
1767257539544059179,9.125839407197134,1.6692821321171665,0.7024030516067145,0.7330914191341836,4
1767257539619068218,8.98783925154223,1.6561093098089947,0.7023532653445925,0.733128990441679,4
1767257539744121258,9.091992818501037,1.6120356966644986,0.7025298275271683,0.7331122535203711,4
1767257539819178832,9.122548104939066,1.6293409491420074,0.7024846701649867,0.7330865814556673,4
1767257539943667003,9.263525624930157,1.6793168103183884,0.7025169895029426,0.7331165824042065,4
1767257540144255467,8.928977093148326,1.609972303958935,0.7025093114635532,0.7331555734945505,4
1767257540218948036,9.07787600792509,1.6297586979884782,0.7025334984160381,0.733147909914776,4
1767257540494204665,8.817596737722312,1.6313034498545682,0.7022186603415652,0.7331360114762954,4
1767257540543898474,8.897944065208385,1.615536412755693,0.7023922442472188,0.73316189665805,4
1767257540618525689,9.027890659068948,1.6531550381889921,0.7023460242897274,0.7331215127261322,4
1767257540694026356,9.098321987417224,1.6155604663309213,0.7025579773982511,0.7331015205371699,4
1767257540743966106,9.102519555187705,1.6203243261585023,0.7025255570636263,0.7330639092409477,4
1767257540894089245,8.80749050823737,1.6170259587685456,0.7022255648037355,0.7331408863176212,4
1767257541018735412,9.13345706241886,1.6125407027883034,0.7025528637279437,0.7330694314914016,4
1767257541093710573,8.995183277816121,1.6387999808686209,0.7023882671144713,0.7331074305470227,4
1767257541143668473,8.93611315574705,1.6464036685642776,0.7023010828960645,0.7331481665247208,4
1767257541219245189,8.955335525223651,1.617727498756616,0.7023182267290267,0.733079124756992,4
1767257541294303988,9.23893229095729,1.6486867415474744,0.7025963129165499,0.7331284865213835,4
1767257541344077011,9.057906229874346,1.6147087680235854,0.7025716224914786,0.7331581782756496,4
1767257541419004809,9.19511939595341,1.603867744177787,0.7027192512829628,0.7331123631571914,4
1767257541544415125,8.947333101670951,1.615602978617155,0.7024192509419331,0.7331668913650279,4
1767257541893584567,9.069006881400664,1.6321124993919724,0.702414319350659,0.7330631607627122,4
1767257542094088749,9.113750715733948,1.6053312284264105,0.7026811113012245,0.7331136746512705,4
1767257542218887146,8.85833035006267,1.6473655264250289,0.7021834626669834,0.7331753691248459,4
1767257542294350666,9.134844832084044,1.6572800536719736,0.7024223516527036,0.7331305905544658,4
1767257542344267552,9.101229489932084,1.64544434223998,0.7024251344454505,0.7331049466738174,4
1767257542418441142,9.052558235692509,1.6594693055891052,0.7024109966888353,0.7331622722586231,4
1767257542493631702,8.921793875611538,1.6375429507115355,0.7023164688667455,0.7331343443761047,4
1767257542543776088,9.134400944487586,1.595839998527046,0.7027123158937914,0.733120292314814,4
1767257542619339909,9.196776316359845,1.6126887205586247,0.7027086162503823,0.7331007287152941,4
1767257542693892932,9.015984932418952,1.647900222872364,0.7023176738776777,0.7330618760109499,4
1767257542743644684,9.139865168199869,1.6357901276406945,0.7025940501520775,0.7331543174690494,4
1767257542819024428,8.959288449506664,1.6696563090107528,0.7022698650148476,0.7331312298789331,4
1767257542943455475,8.929441289607155,1.635003248740102,0.7023505364897153,0.7331185778537657,4
1767257543019205429,9.134155778738107,1.6533153046810516,0.7024973515569337,0.7331045369521134,4
1767257543093790505,9.070116308974807,1.665086358655983,0.7023219547430168,0.7330860433612111,4
1767257543143934183,8.849120638331431,1.64410325811524,0.7022218018123239,0.7331602651951749,4
1767257543219068836,9.185010495151747,1.6180221336615648,0.7025797434894274,0.733094530039313,4
1767257543343806110,9.13044457486234,1.651671029402819,0.7024681877715016,0.7330948646261689,4
1767257543418921423,9.227084167767963,1.6166098686660353,0.7026301069722425,0.7330743171203036,4
1767257543494025949,9.34921260171273,1.6611436059092055,0.7026704801331687,0.733088246232188,4
1767257543618536002,9.20912656524786,1.6278762644099773,0.7025983361259112,0.7330799064422143,4
1767257543893619844,9.192412026636232,1.654014006515656,0.7025288053785982,0.7330602516673145,4
1767257543943440459,9.166487013679504,1.672816457312507,0.7025299892752208,0.733150773370304,4
1767257544019065122,8.963455754203764,1.6171362726316323,0.7023797087344383,0.7330897402937361,4
1767257544094037543,9.106080592598985,1.6479790374104324,0.7024403982131293,0.7330835287327194,4
1767257544144242075,9.138728373874528,1.596795630316578,0.7026358751586282,0.7330483962246552,4
1767257544219398859,8.993569929101607,1.6079793290067017,0.7024682832406158,0.7331097631654874,4
1767257544294406513,8.934974973901056,1.6490877835157671,0.7024020958642219,0.7331749805818506,4
1767257544343732578,8.99372694044831,1.630329086934913,0.7023897726983382,0.7331005896706069,4
1767257544544252066,9.064814311859903,1.6430809744464685,0.7024857893911759,0.7331363059514946,4
1767257544619108020,9.03895544672606,1.6624047013048584,0.7024690582059724,0.733169543963375,4
1767257544694075912,9.013709769800204,1.6446324292926409,0.7023723421763929,0.7331480347103243,4
1767257544818986845,9.309622354076952,1.6445129924836608,0.7026681994919314,0.7330921374406585,4
1767257544893984244,9.129544961695046,1.6220503318790271,0.7025126742003349,0.7330875638467809,4
1767257544944041613,9.101244660717377,1.6266551804052953,0.702465317237477,0.7330979712370137,4
1767257545019363166,9.037225344234013,1.6329397180286649,0.7024140715439587,0.7331240461481747,4
1767257545093871793,9.15225250422591,1.6781166422222473,0.702370242087129,0.7330953884656569,4
1767257545219050153,8.933184968157427,1.6068838663461624,0.7024255350388509,0.7331570945493033,4
1767257545294229109,9.087465815645125,1.6734850456785757,0.7023412651166968,0.7331240496102039,4
1767257545344125042,9.088030249346568,1.5841637817049647,0.7027033310989383,0.7331239341112016,4
1767257545419251289,9.037820074739077,1.6262184772728225,0.7024177023355002,0.733098212657716,4
1767257545493802078,9.087227685287802,1.6344858992524247,0.7025213562498442,0.7331325009471191,4
1767257545544018284,9.054461447323913,1.620349432708539,0.7025333182015413,0.7331243858781856,4
1767257545693912573,9.115973502325957,1.6291038192599565,0.7025603158724224,0.7331372918173834,4
1767257545819045262,9.056051613340333,1.620366965851369,0.7025769423359086,0.7331664691283175,4
1767257545893776468,9.511180979803079,1.651696751911029,0.7028130020684373,0.7330974455439194,4
1767257545943689310,9.303328022844726,1.6747273682377122,0.7026353561239196,0.7330894131320433,4
1767257546093823806,9.06460152952504,1.6333224245923739,0.7025863395384538,0.7331947327087324,4
1767257546143855733,9.161581653197137,1.6315096823940487,0.7025755443348007,0.7331180074155345,4
1767257546343820939,9.106760374847479,1.6583424300642133,0.7024826154019809,0.7331379431048476,4
1767257546418674237,8.970029596043094,1.6279373965303123,0.7022430631006974,0.7331001535989896,4
1767257546493418694,8.90566786433833,1.7045509153638105,0.7019595178770799,0.7331110805351648,4
1767257546543738537,8.929442689579403,1.6122088020187593,0.702420055824351,0.7331373086765236,4
1767257546618686363,9.047629309641646,1.6519904783507542,0.7023264132788937,0.73308512877982,4
1767257546744011855,9.195533247589482,1.66370247028653,0.7024919649657462,0.7331279692299154,4
1767257546818685540,8.956465788886646,1.6273697377538343,0.7023902194559523,0.7331176586278728,4
1767257546944139916,9.025984262530763,1.6348722119582555,0.7024514910358585,0.7331384754920504,4
1767257547018581788,9.322862053060765,1.6523632894443243,0.7026491576301196,0.7331229443142995,4
1767257547093838856,9.11608063613345,1.6546021181327757,0.7024582233745269,0.7331295726413284,4
1767257547144049281,9.164166219743585,1.6530043814286555,0.7024375760539353,0.7330769552878794,4
1767257547218808622,9.015281547457787,1.6448580425263752,0.7024574357061153,0.7331404906126323,4
1767257547294052641,8.959222925955856,1.5857398774245566,0.7025115884835191,0.7331087570402278,4
1767257547344372490,9.129052649169855,1.6788453484048815,0.7024156161940655,0.7331416163164343,4
1767257547418419291,9.209142634463374,1.6509009583186867,0.7025418938178492,0.7330936009177998,4
1767257547618909524,9.082787494713585,1.653734635508996,0.7024324334539429,0.7331223426790588,4
1767257547693627730,9.260558569060606,1.681331238343865,0.7025458478254182,0.7331163023691379,4
1767257547743697076,9.335826831099014,1.614254509269923,0.7029016903654142,0.7331193673609122,4
1767257548018992140,9.3269428266326,1.6517582379798759,0.7027382829712321,0.73316328162354,4
1767257548093757996,9.19041096809381,1.6353669200525516,0.7025869140724446,0.7331080550036048,4
1767257548143381490,9.26632438724717,1.6596339599341174,0.7025952614061056,0.7330645254514697,4
1767257548218505746,9.009591660538163,1.634890034795661,0.7022835390118073,0.7330865755021369,4
1767257548343855345,9.148199306085235,1.6507456119935318,0.7024621011365264,0.7331204396137119,4
1767257548418868899,9.120204008372323,1.6333048045802236,0.7026441337914945,0.7330989929899989,4
1767257548493672585,9.184914777770171,1.6492845663904112,0.7025220331529285,0.7331007958091424,4
1767257548543679408,9.029795112178828,1.6536419755037102,0.7021950765867375,0.7330608633382087,4
1767257548744010753,9.147378559189235,1.6568407264754326,0.7024612356702519,0.7331408812745251,4
1767257548818293748,9.19675552961885,1.6691082322661888,0.7025820062723055,0.7331437654032104,4
1767257548893398451,9.346220348107614,1.6805339786932272,0.7025736725564755,0.7330998518600884,4
1767257549094001101,9.06483392503965,1.6086470525730368,0.7025912957215488,0.7331150709754947,4
1767257549218430970,9.014349183051218,1.6478856241434177,0.7024209903201102,0.7331454651147753,4
1767257549294087726,9.233052952886345,1.638550835534519,0.7026215196779818,0.7330867729169268,4
1767257549344241115,9.188429994120618,1.6694487586165614,0.7024574212772009,0.7331454887844461,4
1767257549419328827,9.01972998548317,1.6053674627461052,0.7024654080408257,0.7330988618106982,4
1767257549493722050,9.04303666344819,1.6921206238936088,0.7023339184583669,0.7331798815600463,4
1767257549544206492,9.113810632377595,1.626141082416348,0.7026134391177196,0.7331546973608127,4
1767257549618743877,9.004715581253265,1.6231648249215624,0.702362427828716,0.7331039978152274,4
1767257549743991919,9.19832735343984,1.6900610529715956,0.7023047691429499,0.7330613468644491,4
1767257549818727141,9.080017064953317,1.6624974622770419,0.7023548495278865,0.7330965980176125,4
1767257549893828379,8.883981474032687,1.6409373401464549,0.7022037672112038,0.7331149955512527,4
1767257549943855241,9.092122861703134,1.6339687239892935,0.7024477868400495,0.7330951671899483,4
1767257550018781748,9.077414347442803,1.6181961791218993,0.702458697563709,0.7331027642841619,4
1767257550093700761,9.017845614949117,1.6317232772314318,0.7024260629854882,0.7331235045509792,4
1767257550143365488,9.005382708350052,1.6326624392950704,0.7024954379770405,0.7331843499647568,4
1767257550218760371,8.976346448221983,1.6385654166292403,0.7023033745859965,0.7330908227301848,4
1767257550493705155,8.810298006099227,1.628667466756967,0.7021645048567933,0.7331773258108878,4
1767257550543997773,9.190264032031825,1.660158094059697,0.702553664495298,0.7331455545517288,4
1767257550618434623,9.106985307460569,1.6208809097920363,0.7025496929175374,0.7331139806269538,4
1767257550694056759,9.291651758718489,1.6644592668216045,0.7026143318376282,0.7331180141905884,4
1767257550743799527,9.149763473164985,1.6385197801772566,0.7025172224825658,0.7330830496065329,4
1767257550819057691,9.021673105093054,1.6126903501204155,0.7024861922230821,0.7331374594177529,4
1767257550893890173,9.164487072175875,1.6582493427984704,0.7024662164139072,0.7330637469953735,4
1767257550943519402,8.952075096022472,1.6343929389970346,0.7023659263520248,0.7331424760672474,4
1767257551093536201,9.013290459046974,1.586871074727984,0.7026226573894194,0.7331061537817609,4
1767257551143540588,9.141766369724857,1.6357179605937036,0.7025249619662126,0.7330959570886287,4
1767257551218393715,9.27408176411837,1.6807708042355687,0.702426478451613,0.7331028475048827,4
1767257551294012725,9.013978550428625,1.6201672380746726,0.7024768240017099,0.7331330676138142,4
1767257551344176508,9.20135074456596,1.6435318353543742,0.7026446491646265,0.7331612701759901,4
1767257551419027490,9.122501629689639,1.644789125393128,0.7025032116863446,0.7330877936295673,4
1767257551494036196,9.319099876158532,1.681040889880551,0.7025541957429423,0.7330706223644186,4
1767257551543576527,9.038758526373147,1.6550839507436674,0.7024009169620806,0.7331298302811465,4
1767257551618639494,9.072101950359123,1.6214022656843918,0.702457466917417,0.7331194512485124,4
1767257551693385073,9.019031345952166,1.6466607696436355,0.7024640747465205,0.7331612295564865,4
1767257551743858545,9.068403422191395,1.6151878418556076,0.7024435395190403,0.733069904466681,4
1767257551818999839,8.877637249381731,1.6073490615720973,0.702254262755557,0.7330923042387607,4
1767257551943904811,9.238949164467659,1.6580936248543767,0.7025540396061292,0.7330815259965964,4
1767257552144078749,9.143802054925597,1.6615517538132791,0.7024848731653673,0.7331537985701834,4
1767257552343419454,9.188755561742257,1.6312245282659168,0.7025786223865012,0.7331128592397055,4
1767257552418719451,9.026458132938565,1.6214530016850994,0.7023953933893202,0.7331100641860703,4
1767257552493925417,9.285035888452864,1.6526449825217655,0.7026346019490964,0.7331407285539794,4
1767257552543421826,9.061602008303748,1.6375291488989627,0.7025048114116634,0.7331225880886846,4
1767257552893711487,9.13795988236532,1.6864361696261858,0.7023684996176089,0.7330848803703031,4
1767257552943439339,9.057356743658929,1.6463668452634714,0.7023512339650184,0.7331134291591752,4
1767257553018942188,9.11673358208709,1.6341678756068392,0.7024222045544689,0.7331064164610602,4
1767257553093372810,9.199201782884803,1.6499900672321575,0.7025544331951165,0.7331272050729551,4
1767257553143495909,8.888225853444176,1.6451894956263233,0.7022599825099226,0.7331323820669315,4
1767257553218384158,8.9237472798398,1.631953562115676,0.702240202452638,0.7330893936214199,4
1767257553294012338,9.074216521909761,1.6144601427733278,0.7024691088935415,0.7331560673682613,4
1767257553343636541,9.103016618830617,1.6771420979264264,0.7024266466177499,0.733147771769451,4
1767257553419030009,9.047655785353271,1.615458544521702,0.7026033435100758,0.7331082359787027,4
1767257553494079746,9.24841795936926,1.6607883678396766,0.7025582542993001,0.7330784245004106,4
1767257553543331810,9.237693052001061,1.6572164475697713,0.702454668983915,0.7330501923667374,4
1767257553693807852,9.059398955419296,1.6240048348117235,0.7025245596477788,0.7331372247895296,4
1767257553818962797,8.996509925101371,1.6465050697043966,0.702332250280056,0.7331063726333532,4
1767257553894036088,8.991120341451776,1.6209759695839612,0.7024344451577993,0.7331217135466804,4
1767257554218890193,9.225160983313497,1.6070206575521362,0.7027288070321502,0.7330928977016286,4
1767257554293986835,8.938105618978787,1.6341568888612303,0.7024175069976336,0.7331893375715126,4
1767257554343294878,8.954963059745635,1.59791481826428,0.702541417107275,0.7331162391953101,4
1767257554693321781,9.101204054927535,1.6427062676635045,0.7024734999570401,0.7330535620833764,4
1767257554744129969,9.01178347163989,1.6385530120387828,0.7024000273566848,0.7331299425548868,4
1767257554819021145,8.923655982444266,1.6054406474909733,0.7024528696036165,0.7331388776986572,4
1767257555018873015,9.155235375525095,1.6580133940390265,0.7024960346464111,0.7331149634536474,4
1767257555144118226,8.964730656571774,1.6240835822911814,0.7023565873279746,0.7331292550729345,4
1767257555218543834,8.98498524997271,1.6426687172309147,0.7023167023157907,0.7331243128336747,4
1767257555293805001,9.134511586341155,1.6652883848679327,0.7023941516329588,0.733065500560822,4
1767257555494032491,8.984714670419391,1.6855290733074342,0.702084891149209,0.7330855299200408,4
1767257555543726982,9.279156233461316,1.6313284112157167,0.7026777442696815,0.7330346722790904,4
1767257555618806435,9.089732329544464,1.624170803469168,0.7025846212042982,0.733162244135578,4
1767257555698580839,9.150353438612813,1.6226033469920265,0.7026246476684936,0.7331350950131389,4
1767257555893813895,9.043169509620919,1.6354190206368286,0.7023630870905601,0.7330751060257186,4
1767257555943902456,9.110681660107534,1.7022363938220555,0.702158917034015,0.7330998252208328,4
1767257556018680409,9.020883868779418,1.653852551429919,0.7022760877286358,0.7330614996506009,4
1767257556093872488,9.08513283818757,1.6080986266827055,0.7026382320678876,0.7331234690694114,4
1767257556218762623,9.106311717064774,1.6196350233116166,0.7025596776147645,0.7331051596992663,4
1767257556343780538,9.252779720967276,1.6425282089087532,0.7025403241382439,0.7330698939238331,4
1767257556418457167,9.118694377080129,1.6397644879252968,0.7024915932098497,0.7331082775510868,4
1767257556493833821,9.124062352358187,1.642273911405413,0.7024821415873171,0.733108691986641,4
1767257556544038321,9.171392715739636,1.6081084795881473,0.7025542321820359,0.7330490323257239,4
1767257556618349721,9.263196093228343,1.6759195558597042,0.7025649541625418,0.7331147174661751,4
1767257556693293836,9.032231277906423,1.6973577525075274,0.7021174231035044,0.7330745151452721,4
1767257556743488376,9.197815578154579,1.65986899042181,0.7024838387534734,0.7331123623513496,4
1767257556818365347,9.144113620413785,1.6200362327890183,0.7026010957608255,0.733062205503812,4
1767257556893845619,8.802527918819747,1.5885956077252368,0.7023684331816061,0.7331447841674075,4
1767257556944075926,9.23617522603848,1.6680012587190955,0.7025245394830465,0.7331120456587916,4
1767257557093584346,9.275463857336685,1.6323897824237432,0.7027651296302647,0.7331565935862542,4
1767257557143429695,8.986907285700173,1.636300576761098,0.7023190137669045,0.7330992515514044,4
1767257557294029930,9.062915220176437,1.6439596055558257,0.7024316772371638,0.7331146064376962,4
1767257557418537852,9.143443825479714,1.6773631087870908,0.7024293938966133,0.7331421584621585,4
1767257557493796805,9.115803494841646,1.674423750883093,0.7022886069272171,0.7330457182164197,4
1767257557693997553,9.01330153915081,1.6670751653290758,0.702341791230524,0.7331480822769747,4
1767257557743634071,9.046183480884817,1.6653710791513077,0.7023581570508899,0.7331099355231795,4
1767257557818911508,9.282421963928922,1.6654496091999131,0.7025921632832492,0.7330914970972494,4
1767257557893633199,9.224491897682485,1.6587807595747728,0.702596621058358,0.7331077904956661,4
1767257557943965724,9.134224864061459,1.6692911580421306,0.7024114860255213,0.7331083415831344,4
1767257558093347509,8.988456303386627,1.6641165619569076,0.7022764970939505,0.7331221524667553,4
1767257558143986694,9.266694167901711,1.65598111548871,0.7025215076722737,0.7330315988183758,4
1767257558218410891,9.039867498254583,1.6488654049163525,0.7023659624091442,0.7331047589171256,4
1767257558343356865,9.133758343886079,1.6266001235487517,0.7025846676442141,0.7331135252206407,4
1767257558543464363,9.129121919536853,1.655902308540799,0.7024701145539434,0.7331135971836423,4
1767257558693727305,9.078784992222921,1.6583864283074823,0.7023489337156668,0.7330317280011971,4
1767257558744064633,9.312428427013074,1.6679866919166348,0.7025833900423604,0.733091242027634,4
1767257558943925691,8.857652021436845,1.6133835397008214,0.7023744752128289,0.7331309452512399,4
1767257559019195382,9.122356907972806,1.6750994126001078,0.702423136500587,0.7331172521648459,4
1767257559093801701,8.958375933392325,1.6550346899132096,0.7022959873809554,0.7331099012224211,4
1767257559218238447,9.308341104898975,1.6848294364779113,0.7024643930277717,0.7330861008998775,4
1767257559293658360,8.80953945478391,1.6444795969873374,0.7021369205914145,0.7331026311502727,4
1767257559343372703,9.117849046471838,1.644408095958549,0.7024850446865691,0.7331218217899508,4
1767257559493554404,8.870631884313806,1.6649163571142267,0.7021110315747076,0.7330662033486027,4
1767257559543611717,8.929877451507306,1.6037740893629098,0.702429430131824,0.7331093571784686,4
1767257559618688822,9.002380969686087,1.617471987972625,0.7024794493509925,0.7330871732281924,4
1767257559693789846,9.103332237073381,1.643370045335262,0.702452695318574,0.7331247830442482,4
1767257559743679783,9.06874890295395,1.6110475907093975,0.7025351197450376,0.7331151834927958,4
1767257559818592040,9.236372390983183,1.635115461914488,0.7026687404340317,0.7331080467498999,4
1767257559893999197,8.9247418121976,1.6552178322092164,0.7022002182504532,0.7331271085821827,4
1767257559943228865,9.318701089024216,1.6612475781938485,0.7026779162449334,0.7330931583178821,4
1767257560018701755,9.352782244725798,1.692693977835546,0.7025199868906995,0.733085091631721,4
1767257560093789925,9.141358640338936,1.6505128740213315,0.7025129278977119,0.7331051207782869,4
1767257560144021273,9.070254868876138,1.6582808188893379,0.7023533113370083,0.7330715231692365,4
1767257560219047358,9.162583254973766,1.6686588417232906,0.7024359850394388,0.7331223535146746,4
1767257560293181836,9.132120478380411,1.6449267997891222,0.7025203317671047,0.7330699109774247,4
1767257560343211082,8.86950252647667,1.6025340806921737,0.702393341877426,0.7331869256477954,4
1767257560418627549,9.082374791906766,1.617720149056469,0.7024459367785835,0.7330649816233279,4
1767257560493652005,9.207906846109282,1.689853456636395,0.702328860375553,0.7330893822242877,4
1767257560543227413,9.065636686189983,1.6508798917992342,0.702387278386322,0.7331195948594955,4
1767257560619316574,9.287713111224004,1.6292532076612798,0.7027275893066874,0.7330745066010721,4
1767257560694015290,9.007932844245836,1.6971057224516672,0.7021956387533943,0.7330986693876221,4
1767257560743258669,9.16570499409386,1.6323924727644963,0.7025095891436477,0.7330650690925834,4
1767257560818446193,9.169998266208012,1.6444613165190551,0.7025102671130318,0.733062653987682,4
1767257561093927823,8.999595253747273,1.6276502766205858,0.7023846117202768,0.7330778086741375,4
1767257561143679777,9.092758413352332,1.6586567777478614,0.7023573461242296,0.7330941305913111,4
1767257561218464033,9.159011324396339,1.6554852785123575,0.702521302683,0.7331086116569487,4
1767257561293176746,9.041905473620936,1.6035152303020028,0.702543589277754,0.7331070144509697,4
1767257561343171188,9.11288817089073,1.642790389218996,0.7024748260144338,0.7331464856970746,4
1767257561494086606,9.008451810863294,1.643710580020392,0.7024105559988184,0.733132860567415,4
1767257561619180065,9.124708010335603,1.6459300685129565,0.7024388593787686,0.7331033538984801,4
1767257561818252945,8.949225690111028,1.6394901424112704,0.7023287137229576,0.7331072546788988,4
1767257561943720959,9.115593503351892,1.6377817526206424,0.7025265746170255,0.7331363674200525,4
1767257562018884349,9.133006858283776,1.6800822094789958,0.7024057802196155,0.733124483615735,4
1767257562143332826,9.078817234687065,1.658190004015879,0.7023533880422576,0.7330769357575517,4
1767257562293660023,9.083990918724805,1.6370755256880443,0.7024042455405377,0.7330633217283619,4
1767257562343942937,9.220384954602645,1.6696845230815056,0.7025463232656286,0.7331093919157533,4
1767257562418522519,9.287298259212262,1.6597217269944706,0.7026151557748938,0.7330812267776834,4
1767257562494069273,9.062571083563231,1.6703434011482525,0.7023285243968153,0.733108318114622,4
1767257562543826458,9.228670049113097,1.6543947590336332,0.7026013504111344,0.7331004235746442,4
1767257562618926732,9.03338611557003,1.63988596377826,0.702413418855226,0.7331205570672404,4
1767257562743827623,9.005732892422014,1.64077468307926,0.702259451522377,0.7330616326743105,4
1767257563018879719,9.036070615305425,1.6192479711251306,0.7024965303733456,0.7331026641102051,4
1767257563143824956,9.21164362275162,1.6539643354499276,0.7025831856639317,0.7330781648720909,4
1767257563293369292,9.18153607710359,1.6981270644423478,0.7022339448712972,0.7330524558634778,4
1767257563343734280,8.998471090831629,1.637358029146816,0.7023849723906744,0.7331373293390661,4
1767257563418910017,9.201626046099086,1.645566614154706,0.702554339048373,0.7330769282360968,4
1767257563493914195,9.147427837340128,1.6404090199267223,0.7025858194359546,0.7330907785913797,4
1767257563694021302,9.377990330588503,1.683655242352223,0.7026516665551148,0.7331049466345654,4
1767257563743156979,9.011771564111815,1.6357400410366287,0.7024522475186659,0.7331260774166696,4
1767257563893485728,9.02096665794183,1.6532178444119234,0.7023080664185269,0.733097798292486,4
1767257563943062788,9.251628011709979,1.6670705993612949,0.7025848139932814,0.7330993983584695,4
1767257564143805498,9.236650130472256,1.654133032924816,0.7026230717132071,0.7331016845308994,4
1767257564218302840,9.138158815489849,1.6453077680584407,0.7025014514805309,0.7330988862480712,4
1767257564293948130,9.091368094843567,1.6366223799883968,0.7024001053353316,0.7330460882551127,4
1767257564343503799,9.352182766179883,1.636308737490784,0.7028098536641939,0.7330987092498982,4
1767257564493326136,9.279365113672444,1.6713397741058604,0.7026529893725668,0.733107009644234,4
1767257564693401073,9.074927738648597,1.663940468272732,0.7023888893448711,0.7330892598741753,4
1767257564818735223,8.88927135125539,1.6472295882723051,0.7021866973103132,0.7331059501719794,4
1767257564893444036,9.232599341174485,1.6155085844097088,0.7026166818059846,0.7330803134386066,4
1767257564943647986,9.17417187683489,1.6385257056431342,0.7025382505469457,0.7331022518136017,4
1767257565018607734,9.11244772527664,1.6444796759524758,0.7025060197677556,0.7331183413354991,4
1767257565093502984,9.200093837361978,1.67909430071109,0.7024722265551018,0.7330437655556813,4
1767257565218101470,9.094982222199842,1.6238470759790395,0.7025009050900687,0.7331094266822339,4
1767257565293082070,9.18610047714119,1.702245314166266,0.7024270213221601,0.7331596908509636,4
1767257565418829698,9.120256894045609,1.6169371739666096,0.702510727127282,0.7330593186913067,4
1767257565493176837,8.967398735262755,1.618083748285369,0.7023754391549469,0.7330761957316672,4
1767257565543133120,9.083884894550254,1.6007179163218002,0.7025584491351236,0.7330804064412177,4
1767257565818611349,9.027531937910283,1.689644369792812,0.7022981523347348,0.733115045400717,4
1767257565893137357,8.951226636493281,1.6898214366164424,0.7021803850134969,0.733148538947243,4
1767257565943707670,9.153965413245423,1.660205356284468,0.7024678079479668,0.7331034396029777,4
1767257566018789460,9.065292156858252,1.6017750051073405,0.7024914584062717,0.733053738000662,4
1767257566143777152,9.244040968506283,1.6541440049521254,0.7026245240756606,0.7331030632012872,4
1767257566218775179,9.039045064834884,1.6145992076107634,0.70238428193558,0.733080320646185,4
1767257566418856965,8.91349189939994,1.6399959874924137,0.7022359909748249,0.7330852813802529,4
1767257566493720703,9.110538178990435,1.650400803400893,0.7024852500142801,0.7331062807891583,4
1767257566618629085,9.18479411535278,1.6251344549053444,0.7025446496396275,0.7330862036200054,4
1767257566693722433,9.282476911785299,1.6626397949183578,0.702653436111018,0.7330787017997294,4
1767257566818771942,8.93281655931133,1.6409806063048658,0.7022927570774544,0.7330718518761401,4
1767257566943690521,9.008580176209202,1.658780282696665,0.7022676804642148,0.7331006081111122,4
1767257567018076550,9.024109485102905,1.634365391376084,0.7024493268323376,0.7331639908538192,4
1767257567143251461,9.104786013978572,1.6309114896579167,0.7024285241640807,0.7330935653104694,4
1767257567218802799,9.02740058382079,1.6629727919019166,0.7023182212293535,0.7330909264158253,4
1767257567293707098,8.977891665561732,1.644447747850902,0.7023265201550934,0.7331279561258511,4
1767257567418213581,9.171204012315304,1.659111108048515,0.7024825272522435,0.7330793362376102,4
1767257567493618348,9.332302775738155,1.6838201719344537,0.7025268396063824,0.7330765886530836,4
1767257567543517103,9.12880227023749,1.64313244292656,0.7024414630510346,0.7330764143087335,4
1767257567618607762,8.961216186863187,1.6355940515419107,0.7023766871788704,0.7331338388228017,4
1767257567743774003,9.538610105576772,1.6614936144834842,0.7028607988305622,0.7331109243025612,4
1767257567818560233,8.976126033659938,1.6324799600038753,0.7022892059489817,0.7331055970059304,4
1767257567893025365,9.136960778029835,1.652986786791219,0.7024643099500071,0.7331079521016255,4
1767257567943829297,9.250934891941952,1.6316693998133194,0.7027020892793411,0.7330660179009436,4
1767257568018261132,9.18960796345658,1.6380703055653594,0.7026091391744697,0.7330770752206753,4
1767257568093687010,9.138220085716299,1.6510184801747865,0.7024540714148287,0.7331032988149854,4
1767257568218978960,9.115935663390196,1.6681342572617257,0.7023329705937221,0.7330513746928751,4
1767257568293812813,8.920685163364638,1.63722491037687,0.702304895260013,0.7331232963101983,4
1767257568343510225,9.358596443646562,1.6757517094349563,0.7026934070867648,0.7331278685773199,4
1767257568418131852,9.24450465737625,1.661892970530515,0.7024594350797526,0.7330642654516222,4
1767257568493091678,9.031831155496995,1.628075849972306,0.7024803538578096,0.7331037445685211,4
1767257568693125298,9.008699637789498,1.6510271401686345,0.7023055210149937,0.7330843919261938,4
1767257568818583191,9.21410000851064,1.7009804300529319,0.7023753678093059,0.7330805402887007,4
1767257568893623221,8.985161499612593,1.6507370115437934,0.7022488336499166,0.7330798808669362,4
1767257568943567108,8.892360336164472,1.6426998572592915,0.7022169420029843,0.7330758805401295,4
1767257569018433236,9.068471429188207,1.6506104120305223,0.7024048737331221,0.7330778769342571,4
1767257569093511768,8.947093419512942,1.6493084438888106,0.7022590077800068,0.7331103109293826,4
1767257569143310987,9.108004717005901,1.6548050236266556,0.7024550579651612,0.7330844662993408,4
1767257569293543949,9.215331276551941,1.6718056156980294,0.7024485776145739,0.7331105141543742,4
1767257569343828417,9.10835726237802,1.6344990569005486,0.7024448857394605,0.733047760471406,4
1767257569418107464,9.01519250564975,1.6433344750934966,0.7022961274335121,0.7330615960430257,4
1767257569543426964,9.116540345249891,1.7432975242610709,0.701991060611833,0.7330470861860213,4
1767257569618892266,9.316667689612368,1.6700217862770326,0.7025355604080612,0.7330584538679232,4
1767257570093569135,9.108556682992042,1.6206203171889308,0.7025482079421971,0.7330981414613835,4
1767257570218479416,8.976949302508363,1.6313219435471225,0.7024814996184748,0.7331691735643922,4
1767257570293763746,9.085608065586781,1.6432888378344863,0.7024415507222385,0.7330680029670688,4
1767257570343005174,9.130222399888698,1.6766350769188814,0.7023322092099094,0.7330930970665775,4
1767257570493236648,9.146668395058732,1.6222963232496894,0.7025247578057782,0.7330438547013653,4
1767257570543771920,9.115593916029008,1.6088392424585238,0.7026824264056342,0.7331213167912214,4
1767257570693020077,9.174965157119686,1.634083505075555,0.7025976105064773,0.7330657926808352,4
1767257570819019899,8.859137898669323,1.6062248772876044,0.7023560906702667,0.7331346624361673,4
1767257570893794397,9.009321475645926,1.617444824663645,0.7024233056661983,0.7330977538614324,4
1767257570943724489,9.247234257566351,1.6391596716177042,0.7026569599323935,0.7330987055253345,4
1767257571018383518,9.220687501625857,1.6435148773172938,0.7024786159831121,0.7330404214065869,4
1767257571093426735,9.141067593483987,1.6572019555317956,0.7025826791582749,0.733148170094391,4
1767257571143430443,8.927748823280846,1.5915272315710347,0.7024570099254497,0.7331167489858864,4
1767257571218848152,9.205245472884815,1.6442170184766913,0.7025970831440747,0.7331103422571033,4
1767257571343630549,9.084584377696103,1.6431950651812326,0.7023845197401423,0.7330508109872227,4
1767257571418752577,9.244851175393531,1.6538842669466405,0.7026503938544653,0.7330946266445445,4
1767257571543096215,9.01346074794973,1.6182857610198653,0.7024770609136756,0.7331178228437683,4
1767257571693259840,9.049383540164712,1.6559001485068523,0.7024288506522083,0.7331591738759198,4
1767257571743582861,9.21545154869452,1.701172703314539,0.7022528377728583,0.7330311830766213,4
1767257571819091699,9.035061477544627,1.6451470026020891,0.7023542671350889,0.7330628899308634,4
1767257571892805753,9.082380123798695,1.6552317621641064,0.7024329006041089,0.7331007270501445,4
1767257572018602466,9.199123268971988,1.7189853443614111,0.7021427729276446,0.733058684743324,4
1767257572093526477,9.06316684713715,1.6793407509182008,0.7023147163766742,0.7330830471534728,4
1767257572143540954,9.116800796755363,1.6424936691429808,0.7024805651357094,0.7331117972412503,4
1767257572293188692,9.056451543484112,1.6501147405120404,0.702342907945401,0.7330925635406526,4
1767257572493548120,9.168803074391718,1.6706511184278015,0.7024126599961507,0.7330812389087568,4
1767257572543137938,9.134735580126897,1.6554759624020454,0.7025416126988577,0.7331106557676419,4
1767257572618275075,8.828043789797512,1.6487339058700792,0.7021876146833579,0.7331571455349578,4
1767257572693486979,9.089232945812874,1.6373885067229084,0.7025569678487533,0.7331217695051208,4
1767257572743037691,9.033027146490458,1.6057517357677555,0.702493060692338,0.7331338037665006,4
1767257572818798276,9.038027774799563,1.6403491219058823,0.7024317502253179,0.7330967185469173,4
1767257572898135879,9.175093507693077,1.661743531970778,0.7025410179502738,0.7331312475587483,4
1767257573143812817,8.988041412780978,1.6367813137317369,0.7023986134007542,0.7331173514362057,4
1767257573218810503,9.055390125542683,1.6501565050129068,0.702417037549721,0.7331172925449847,4
1767257573418724041,9.095964845801664,1.6881885327079302,0.7023515847566518,0.7331143870791672,4
1767257573493315753,9.043074626075454,1.6910484923431541,0.7023148351100006,0.733131451220397,4
1767257573693007272,9.151119945244645,1.6370730289602204,0.7024845482336726,0.7330748067894293,4
1767257573943343322,9.003964977785106,1.648632140986218,0.7023610540398366,0.7330757763433488,4
1767257574018472243,8.95617446748398,1.6436236590819457,0.7023337775747692,0.7330927632746762,4
1767257574293688926,9.135519437895589,1.6571448571488139,0.7023933853796244,0.7330332466249695,4
1767257574343072340,9.040122478244484,1.6347534740327954,0.7023418622613878,0.7330944459525581,4
1767257574419248230,9.006710996152577,1.617651312078919,0.7024452582403771,0.7331159230080605,4
1767257574493553486,8.90813918460298,1.614877622765832,0.7023501746594896,0.7331232808652858,4
1767257574543546002,9.064734318350197,1.6501205223466666,0.7024735396297161,0.7331443451288342,4
1767257574693809427,9.174025896789061,1.663975386868586,0.7024417749215471,0.7330864299816687,4
1767257574742994303,9.176008492995491,1.6299161132369617,0.7025947407624402,0.7330945731430485,4
1767257574818681391,9.160677191310086,1.6793175868445387,0.7023906562903899,0.7330693874415438,4
1767257574893990785,9.062264573971301,1.6363759863425713,0.7024787527967341,0.7331004648608743,4
1767257575093553811,9.193757429056593,1.669079374275953,0.7024350491291701,0.7330932339388742,4
1767257575143669019,9.07666091735515,1.6124793086502938,0.7025937641993821,0.7331126079878328,4
1767257575293368188,9.116961061433893,1.6536635545982497,0.7024462821486289,0.7330615754134241,4
1767257575343525059,9.151789004435141,1.653157876145391,0.7024784034991634,0.7330925511445965,4
1767257575493391495,9.143995637362345,1.6416623311883856,0.7025129661505196,0.7331175037527455,4
1767257575543630533,9.219295649555704,1.6594470961192684,0.7025959532048337,0.7331031652446492,4
1767257575618424697,9.347111235111338,1.6707569802365374,0.7026931058604047,0.7330683721234932,4
1767257575742959420,9.112411684331189,1.6884379517588344,0.7021503257683013,0.7330233723503378,4
1767257575818593275,9.047318586129949,1.6744775467901416,0.7022523812725364,0.73309317757684,4
1767257575943368968,9.19583153895498,1.6506858416551276,0.7025184709511741,0.7330621833665149,4
1767257576143102722,9.27462060548856,1.647186338504527,0.7026177591972392,0.7331004330606428,4
1767257576218181644,9.202201717232406,1.6498153563567568,0.7025360673986795,0.7330898186344385,4
1767257576293505320,8.998130149649008,1.6380389893138723,0.7023380924304474,0.7330929260207084,4
1767257576343489962,9.175359172056696,1.6592636402861476,0.7024835497613399,0.7330868352787246,4
1767257576418634538,9.160875734328112,1.65257721471559,0.7025040735170489,0.7331029616912018,4
1767257576493592079,9.23463422513382,1.6462825658712323,0.7025822890605508,0.7330847692347517,4
1767257576543633717,9.346494086861167,1.6918274476043973,0.702654032608051,0.7331493208501166,4
1767257576618152892,9.00199562088666,1.6201122550213953,0.7024353008780873,0.7330952691093309,4
1767257576693674951,8.989529583919964,1.6139853058547555,0.7024265941315965,0.7330885914932982,4
1767257576743749851,9.40137695133403,1.6641188897024684,0.7026374281177754,0.7330855245169332,4
1767257576893524559,9.107434999530483,1.6378299273317605,0.7025009053736657,0.7331167000458797,4
1767257576943333306,9.123855977652862,1.6643340426217723,0.7024253821072444,0.7331190217778019,4
1767257577018617037,9.045777219800598,1.6160174386022994,0.7025274742372962,0.733116510944049,4
1767257577093357039,8.97675152951949,1.6419350221461073,0.7022901028749035,0.7330865731045912,4
1767257577143384935,8.960313669485132,1.6253865975056474,0.7024121022980183,0.7331106891096996,4
1767257577218423513,9.212974464949507,1.629619394368654,0.7025365985711246,0.7330678155271456,4
1767257577293592985,9.152862213081537,1.6540138103714654,0.7024789285766599,0.7331076175559142,4
1767257577343525818,9.060439333920755,1.628532075509771,0.7024677740492399,0.7331414729618961,4
1767257577418514466,8.946493243120912,1.6314978906822368,0.7023525147569629,0.7330926741783442,4
1767257577493036879,9.226389615771268,1.6528443355070424,0.7025518102437434,0.7331017966679818,4
1767257577543009914,9.03573797730861,1.6369238157031194,0.7023836232838404,0.7330844333479195,4
1767257577619159744,9.203386057700435,1.6670351767169065,0.7024337550953931,0.7330868513823273,4
1767257577743052157,9.124462496544862,1.652685172751177,0.702448653088905,0.7331252162275127,4
1767257577943445027,9.021091395264524,1.634274443411728,0.7024208051406137,0.7331129700515842,4
1767257578018934197,9.147169130421684,1.6638382760555213,0.7024672617654462,0.7330974979901544,4
1767257578093091190,9.153933246096035,1.6139622196098706,0.7027101441410154,0.7331499155104181,4
1767257578143824175,9.19446763943288,1.6580903864385466,0.702417956838033,0.7330583128007329,4
1767257578418419704,9.055934193212378,1.6431133069978918,0.7023932948780234,0.7331103003562333,4
1767257578493431858,9.261920272869983,1.6323871025263754,0.7026802428565371,0.7330497159755057,4
1767257578618792683,9.044693642688673,1.6288545538613628,0.7024642427059996,0.7331095012826715,4
1767257578693420767,9.18739489664544,1.6362470504086974,0.702604456532766,0.7331040233992333,4
1767257578743386680,9.071407141109212,1.611615431475264,0.7025892900318215,0.7331432097971807,4
1767257578818257485,9.123957450129506,1.6557786848423528,0.7024266026604531,0.733116687075785,4
1767257578943525377,9.179900663892626,1.6635783659987453,0.7025178206991941,0.7331060347028621,4
1767257579418235873,9.067935640682535,1.6417995576883453,0.7024277344866192,0.7330963118877004,4
1767257579617972001,9.089479044530059,1.6662339328004283,0.7024504916015771,0.7331605622580023,4
1767257579743593625,9.263183311914558,1.640537773463458,0.7026776806966638,0.7330923531715118,4
1767257579818557549,8.962343325113032,1.644015981052276,0.7022638241973997,0.7330998413684116,4
1767257579893427608,9.244693496485379,1.6662053995706405,0.7025440801970863,0.7330705029071993,4
1767257580019231179,9.186663771518223,1.6233322069621408,0.7026114244747687,0.7330592168648199,4
1767257580143377802,9.224877216915894,1.6282085722874542,0.7026406945152931,0.7330825895235298,4
1767257580218598962,9.36880043181687,1.6761281173114808,0.7025711442784819,0.7330331619551783,4
1767257580342912789,9.186759125473953,1.626380983287672,0.7025650166210222,0.7330603966766972,4
1767257580418672764,9.13713711453612,1.6451048600206413,0.7024850521730317,0.7330758025462247,4
1767257580493528808,9.151746889492385,1.6295257396131446,0.7025710154083254,0.7331094048353366,4
1767257580543378016,9.117547872910748,1.6501270629300109,0.7023990899153064,0.7330797149926757,4
1767257580693683743,9.25718423577171,1.6453417236213117,0.7026655410323674,0.7331149119946129,4
1767257580943588869,8.956517857929613,1.603390318349467,0.7024610153822282,0.7331151720176258,4
1767257581019051357,9.214001808635409,1.650659097735239,0.702554354707635,0.7330545819206771,4
1767257581093118260,8.941276193647818,1.6501907210994209,0.7022853655516521,0.7331046294320647,4
1767257581143221987,9.176015666734871,1.6462404869511222,0.7025383977843117,0.7331220833763035,4
1767257581293542800,9.042793815042582,1.608380415272521,0.7025093334764959,0.7330888349527609,4
1767257581343832477,9.18373458318744,1.60945974059979,0.7026312049129222,0.7330685420483819,4
1767257581419015015,9.146989039468757,1.6459389041184689,0.7025087733548584,0.7331178679281193,4
1767257581493601634,9.028674693136175,1.6105170945565979,0.7024406195577094,0.7330845595834291,4
1767257581618852855,9.16332746371995,1.66053469494574,0.7025038193183348,0.7331395489383389,4
1767257581818453490,8.962872830619917,1.6623851724094505,0.7022938878739671,0.7330907281958342,4
1767257581893325936,9.383138140193314,1.6500271771054287,0.702777490452169,0.7331119845984106,4
1767257582018624207,8.954179504911842,1.619439429363207,0.7023685223985652,0.7331143311150805,4
1767257582093532776,9.095829583307125,1.611749912948215,0.7026356421940098,0.7331003435149788,4
1767257582143044520,9.15227118749029,1.6184407695268477,0.7025722118423707,0.7330824105250898,4
1767257582218187136,8.986895433852782,1.665788965425562,0.702296235589269,0.733108650008174,4
1767257582293337436,8.907737182320963,1.6716006988042054,0.7022309283241361,0.733130410051328,4
1767257582342940732,9.147059893843013,1.6290997335093913,0.702554571879576,0.7330842502817823,4
1767257582418140657,9.145679027315223,1.6452192001650838,0.7025317634824829,0.7330949866879524,4
1767257582493539330,9.065631509064698,1.6031188753115735,0.7025132672609232,0.7330637911819526,4
1767257582542921020,9.27928459264271,1.6201946183724691,0.7027143707791577,0.7330948942397507,4
1767257582618129600,9.010125590164563,1.6654282297905925,0.7023004022208499,0.7330987091418335,4
1767257582693090679,9.294776906772828,1.6894299359736744,0.7025054251162282,0.7330981116654741,4
1767257582743142728,9.178414207802522,1.6638554233763712,0.7024520194987928,0.7330988858197944,4
1767257582893553642,9.014667924312603,1.6347889628974461,0.7023231156302314,0.7330764018416017,4
1767257583018753057,9.276232875253033,1.6659697036330192,0.7024594208393391,0.7330479740715101,4
1767257583142962517,9.036346409576845,1.6649544221875232,0.7022878033809165,0.7330663014050542,4
1767257583218598043,9.166023087429643,1.6670427369632868,0.7024172534287586,0.7331069234873648,4
1767257583293282522,9.089666716198707,1.6715402189337756,0.7023448674574534,0.733091041204051,4
1767257583343865572,9.15493253485289,1.6269261482301511,0.702565278222798,0.7331041903126134,4
1767257583493420536,9.131317700486363,1.6575095661734804,0.7023935461638944,0.7330917596805807,4
1767257583543071028,9.168240968900232,1.6534256923239086,0.7024911454656748,0.733065791244532,4
1767257583618132777,9.221177501986254,1.676463239696112,0.7024901283585868,0.733068998883851,4
1767257583818073321,8.939794836954729,1.6058673411657438,0.7023929720446737,0.7330873661210665,4
1767257583893638083,9.22576343039605,1.641381725006203,0.7026192913025923,0.7330424880232802,4
1767257583943143531,9.171904103489116,1.6733373619737992,0.7024410059933058,0.733065415194232,4
1767257584018151781,9.047761214231564,1.617896281257118,0.7024073050971986,0.7330366959739212,4
1767257584093545672,9.141971567457553,1.6510864295530954,0.7025337179327934,0.7331141842093152,4
1767257584218561996,8.97925898667873,1.6163069187639025,0.7024204875159431,0.7330623768142608,4
1767257584293538308,9.194593883064206,1.6446701538034245,0.7025535626617962,0.7330457028763004,4
1767257584343290300,9.25366764326052,1.6121993197827102,0.7027847291181794,0.7330903906095025,4
1767257584418818726,9.271012629630814,1.6718216520385722,0.7025491928892786,0.7330684434817997,4
1767257584618523013,8.95664122233697,1.6351105250005176,0.7023450302378818,0.733120980302679,4
1767257584693093404,9.181427371908303,1.6592217058113605,0.7024131350669494,0.733041284613545,4
1767257584743839486,9.101027426538067,1.6173581391230039,0.70258979947952,0.7331019446277569,4
1767257584893289269,9.172940093401971,1.6243607235328106,0.7026261584122725,0.7331203739277359,4
1767257584943332760,9.256682242903103,1.6923398440257587,0.7024668101869094,0.7331106211641658,4
1767257585093551530,9.039235056614636,1.6317336828322981,0.7024312192742093,0.7330850761857683,4
1767257585143055733,9.263896697677797,1.68364088364872,0.7025291614508299,0.733105230746408,4
1767257585218508203,9.100235953048541,1.636644573994882,0.7024330662561633,0.7330556882010533,4
1767257585493555018,9.28701361045059,1.6241032917783702,0.7026068232001146,0.7329961234055795,4
1767257585543509903,9.031684527271434,1.661047252645747,0.7022817091349713,0.7330776475515883,4
1767257585618751729,9.323568795316039,1.6508248030740242,0.7026420461648083,0.7330629373937024,4
1767257585693140632,9.48362070484976,1.621908664188178,0.7029026950572159,0.7330448300051124,4
1767257585743376565,9.108470311153361,1.6316765923576262,0.7025122110442049,0.7331110120418566,4
1767257585818373325,9.122161105991733,1.6475094047274073,0.7025316502887403,0.7331143108821371,4
1767257585893495473,9.288266093885888,1.6815655616036533,0.7024831756070891,0.7330782344119351,4
1767257586093288630,9.24959605540443,1.6689152137342986,0.7025344360084222,0.7330925199657452,4
1767257586143459498,9.202252969442991,1.633619345112234,0.7025691125660247,0.7330833275382092,4
1767257586218000890,9.17206563869144,1.6522096254004561,0.7025041418808453,0.7330706787399238,4
1767257586343293272,9.137349186599142,1.6643305376359185,0.7024703606714642,0.7331079681892074,4
1767257586418275028,9.217038488300911,1.6469851133027196,0.7025811066639635,0.733093041718254,4
1767257586543362423,9.245558689801703,1.637986710343829,0.7026833734455649,0.7330704592541597,4
1767257586618698625,9.184837351367992,1.6406103602090283,0.7025241977895519,0.7330590278665584,4
1767257586743029950,9.24212012701242,1.6938734845219203,0.7025284638804551,0.733081612460673,4
1767257587218303159,9.044923528353621,1.6394509548021012,0.702396197887743,0.7330677171146981,4
1767257587293347885,9.242841442907768,1.6494052594936224,0.7025837517868343,0.7330948892982955,4
1767257587418529707,9.110572076482137,1.6141387125348623,0.7025389555798117,0.7330596253470999,4
1767257587493391930,9.110828700673812,1.6234600973763909,0.7024912360021371,0.7330544903635068,4
1767257587617893739,9.218318770370825,1.640884884625589,0.7026256624311842,0.7330859668792099,4
1767257587818371706,9.178228439299275,1.628518749534452,0.7026345709566205,0.7330785683623261,4
1767257587893362125,9.149129151780123,1.6477691301144053,0.7024340337550389,0.733065431252876,4
1767257587943492020,8.950622913381668,1.6451968147700247,0.7023009303055018,0.7330993778480408,4
1767257588018236586,9.134647062333357,1.6518734955975818,0.7024458754890257,0.7331000008333358,4
1767257588143513921,9.260766916256324,1.657780459355601,0.7025404144714926,0.733043112177489,4
1767257588218520705,9.061378129842645,1.6371590095139437,0.7023432066172086,0.7330427626048692,4
1767257588293584023,9.19819903111263,1.657061994877151,0.702492442916033,0.7330879571269726,4
1767257588343810952,9.276715604358277,1.6717145945934828,0.702523801258913,0.7330700986577112,4
1767257588417903476,9.12405239940739,1.6653542600382052,0.7023820611315361,0.7330727065049256,4
1767257588542929699,9.219535714792727,1.6922086863768753,0.7023959135513513,0.7330732785649797,4
1767257588743958844,9.164218528722179,1.6432484210009677,0.702543696236433,0.73309339439195,4
1767257588818497977,9.105997746286953,1.6714498725262568,0.7024345487316008,0.7331247077542362,4
1767257588893480748,9.07255553858477,1.6073225162866405,0.7026141674292852,0.73306400468437,4
1767257588943759838,9.1607466583018,1.6422556065046598,0.7025828911180965,0.733108814363898,4
1767257589018253724,9.210204567271285,1.6447247964981806,0.7025504300195,0.7330721306127334,4
1767257589092850351,9.176220169132998,1.6424190032204606,0.7025403589368383,0.7330703601281878,4
1767257589143685487,9.162697645451967,1.6281925844830818,0.7025264165904732,0.7330780731255658,4
1767257589218296837,9.235300686239123,1.6593652378676653,0.7026253207006545,0.7331323178354988,4
1767257589618631623,9.268818829735848,1.677082086051429,0.7025206844408809,0.7330725764153542,4
1767257589693137518,9.079605667541957,1.6689813768333654,0.7024282670037791,0.7331175705398865,4
1767257589818493488,9.161408274536154,1.652093720015354,0.7024805810854715,0.7330455576785033,4
1767257589892911806,9.203392711423897,1.6446102399859546,0.7026623644752317,0.7331228475430922,4
1767257589943253852,9.107123224536107,1.604088017305886,0.702532455285761,0.7330230776227115,4
1767257590018728778,9.168798999503846,1.6882617759972454,0.7024307149014376,0.7330746519334043,4
1767257590143570204,9.15930742931792,1.6459088612604449,0.7024838931327355,0.7330454550383042,4
1767257590217879949,9.15413557180933,1.6923905915508466,0.7023658733470551,0.7330929642770246,4
1767257590343059492,9.009543246694896,1.5911900542490485,0.7024834225866544,0.7330729691142216,4
1767257590493475609,9.232845810517642,1.6626745154059526,0.7025344757565403,0.7330729080744942,4
1767257590543497320,8.976589362407639,1.645541055763291,0.7023189846551602,0.7330691319044018,4
1767257590618702619,9.009193605922672,1.5995680562715815,0.7024686358566776,0.7330480375824127,4
1767257590693685281,9.320684429595548,1.643969637167929,0.7027417924948489,0.7330787516440441,4
1767257590818797924,9.026156830057918,1.645267475884104,0.7023676473141724,0.7330846642899338,4
1767257590943449680,9.291728399498433,1.6567048158734627,0.7026585651968015,0.7330784158498144,4
1767257591018734498,9.222090780931058,1.6135927286879066,0.7027346304911467,0.7331269515697252,4
1767257591092922639,9.00837261582932,1.6254685689935304,0.7023901249019328,0.7330562434754158,4
1767257591143480133,9.115059569885231,1.6548521385563917,0.702379847856748,0.7330600804866234,4
1767257591218466622,9.196528193301523,1.649505740862962,0.7025668069721631,0.7331075239553138,4
1767257591293336392,8.878147605515752,1.662797943730798,0.7021560503635227,0.73310939224912,4
1767257591343076510,9.134305778200513,1.6347514798214167,0.7024409739870687,0.7330972630924507,4
1767257591493267406,9.272095111862445,1.6954015988510065,0.7024923588082238,0.7330614203911163,4
1767257591543449416,9.053734448999705,1.6084673050845801,0.7024883904191579,0.7330662861441956,4
1767257591693041359,9.15466123071007,1.653823227580945,0.7024668901039971,0.7331043707165593,4
1767257591818898148,9.208034005043775,1.6181792464369948,0.7026443019416078,0.7330626807220529,4
1767257591893522337,9.12433490289699,1.6477562348635018,0.7024411940735309,0.7331129242179846,4
1767257592018954370,9.283601152952015,1.6603888014908517,0.7024718853025107,0.7330037260761535,4
1767257592293776133,9.174168819791495,1.6308145653504174,0.7026371518784637,0.7331126044124363,4
1767257592343695833,9.185400858219728,1.6920267547155339,0.7023039914284237,0.7330712462000856,4
1767257592418271194,9.093285167449894,1.6453062657289923,0.7024389906117534,0.7330428748945335,4
1767257592492792820,9.231646193052834,1.6624360270786138,0.7025927515376139,0.7330385495753166,4
1767257592543008029,9.244621304515643,1.6468476028513617,0.7025917093490032,0.7330466395657994,4
1767257592693446910,9.280919764758533,1.6601617892852745,0.7025958766979553,0.7330509244063577,4
1767257592743455457,9.277807509964763,1.6450052139836735,0.702643756539364,0.7330560753864748,4
1767257592818656192,9.016200071041203,1.6490569632009653,0.7022966217061914,0.7330506009945458,4
1767257592943126088,9.22068470779369,1.6710965749003803,0.7024793312008624,0.7330927430120012,4
1767257593018654131,9.052241285259166,1.6487340476147956,0.7023494531025923,0.7330535357212459,4
1767257593093003221,9.310998678898507,1.679403607174451,0.7025847922741042,0.7330911636164007,4
1767257593143961065,9.292652964016934,1.6237530630818848,0.7028173083126951,0.7330904690864314,4
1767257593219015669,9.09914317991134,1.6151416753970242,0.7024996015993928,0.7330716273201,4
1767257593293255897,9.073239692168556,1.6274902854610915,0.7023829871173153,0.7330327000367154,4
1767257593418034187,8.971133840774304,1.6387793885521318,0.7024232453534744,0.7330688222329429,4
1767257593543569684,9.117725820247614,1.6661275057187799,0.7024410274339734,0.733115700343097,4
1767257593693620178,9.116852783622953,1.6376646994130948,0.7024856336263151,0.733091444764939,4
1767257593743133324,9.164741529771314,1.6714280769597514,0.7023757350006625,0.733067613782488,4
1767257593943289393,8.965097979047766,1.6273873077250516,0.7023946753889214,0.7330749420238512,4
1767257594018248388,9.118967804733092,1.6472003954537908,0.7024455668888667,0.7331047697603804,4
1767257594093226099,9.186456017375555,1.6473508623455162,0.7025850555434319,0.7330936045087554,4
1767257594143246483,9.072412056061463,1.6495545905041749,0.7023544650980865,0.7330706534866918,4
1767257594218716128,9.203936003016944,1.6433362871088686,0.7025321892880012,0.7330671050975326,4
1767257594342891894,9.272042391255898,1.662570826636336,0.7026406463057985,0.7330839000123575,4
1767257594418566940,9.17760270258361,1.6555182072215955,0.7026030631721355,0.7331548126822386,4
1767257594543113850,9.015223932754557,1.6454545726887573,0.7023916541498236,0.7330938147544331,4
1767257594617954847,9.04199902982905,1.6429152710771644,0.7024086767659887,0.733091316537852,4
1767257594743056686,9.216947387041818,1.635486291411433,0.7025756534184274,0.7330834597644948,4
1767257594818077082,9.067293973350488,1.6485800103968005,0.7022542813391199,0.7330264901345942,4
1767257594893595365,9.147322755632015,1.667171707710673,0.702503228484249,0.7331063774565877,4
1767257594943504943,9.21327121941129,1.6373449694229776,0.7026151514395992,0.7330485714383168,4
1767257595018298184,9.28270574178114,1.6638586643135445,0.7026309876284417,0.7331019656195578,4
1767257595093391433,9.145645848312899,1.638987813799346,0.7026089573997535,0.7331044734136287,4
1767257595293376750,8.97174802876577,1.6680660739362756,0.7022297199185386,0.7331121712662342,4
1767257595418512315,9.068783423739735,1.645959975685914,0.7023914238954713,0.7330849142923732,4
1767257595493437623,9.296603948233507,1.696344622180536,0.7024869598806006,0.7330867183329236,4
1767257595543185480,9.096401331747161,1.6835208047452759,0.7023448683736773,0.7330752831573837,4
1767257595617988910,9.2390824063161,1.6684621286693897,0.7024978693245433,0.7330937375989567,4
1767257595693152596,9.1950664206778,1.655333241360874,0.7024966331863627,0.7330722405396447,4
1767257595743319950,9.125619819323916,1.6424761439266098,0.702427662636864,0.7330689433937035,4
1767257595943699190,9.047212680171835,1.6471196428353716,0.7024235584309253,0.7330997776957906,4
1767257596017852649,9.277557517185953,1.6640570809658466,0.7025060698502964,0.7330338191831138,4
1767257596093578868,9.259608369747486,1.704895575826225,0.7024354165029965,0.7331016557950729,4
1767257596142883542,9.268257799241674,1.6712326391111525,0.7025715583752374,0.7330764032813385,4
1767257596293544252,9.093951433551627,1.6607270033075554,0.7023478973308779,0.7330768855640478,4
1767257596343356203,9.149297173704607,1.6524589872998656,0.7025520863899668,0.7331077671995874,4
1767257596493041684,9.111444074706544,1.6412834740431514,0.7024972003976856,0.733090810327617,4
1767257596543322286,9.160262656421336,1.746813631954594,0.7020370093145021,0.7330276921897858,4
1767257596618363811,8.86561301445321,1.6399305226526308,0.7022437167551562,0.7330886114342304,4
1767257596818824505,9.232927309770877,1.673516335591959,0.7024931149139594,0.7330670866718259,4
1767257596893606398,9.285032653632008,1.6305097553049135,0.7027078474697096,0.7330551393877575,4
1767257596943728952,9.14211210761029,1.6623091922698834,0.702452768282617,0.7330939288681035,4
1767257597018577392,9.282567500920159,1.6891049983260515,0.7024108653189796,0.7330460692177386,4
1767257597343032241,9.03845106983725,1.6758903635938187,0.7022114714090119,0.7330773277323813,4
1767257597418577860,9.259544375138873,1.6975357940020543,0.7023310816280013,0.733058273418757,4
1767257597492923132,9.142467807744858,1.6396495785383551,0.7024964903642501,0.7330602564766284,4
1767257597542845009,9.315713287504135,1.678208611093409,0.7025862517301449,0.7330770706659889,4
1767257597618773716,9.013743550332688,1.6543855303674069,0.7023954589363288,0.7331074041764511,4
1767257597743382480,9.31902865514267,1.6414952665243612,0.7027706771780056,0.7330903639171938,4
1767257597818212762,9.072185919727694,1.6240871001211217,0.7024794615412866,0.7330844695099467,4
1767257597943409901,9.0684586213583,1.6591014094650274,0.7023761572291327,0.73310694485842,4
1767257598017727121,9.33725550413611,1.7020410406904596,0.702516622862859,0.733056513103162,4
1767257598092908644,9.203219482092795,1.6801518050721738,0.7024029346388011,0.7330771923714102,4
1767257598218605586,9.328041791327957,1.6883939252573397,0.7025336358861272,0.7330768352138255,4
1767257598293380122,9.287063811616258,1.6121678896094602,0.7026920295111496,0.7330495305728312,4
1767257598343236316,9.020026021143268,1.6508907531678894,0.70231976510208,0.7330786358431604,4
1767257598418393253,9.148337959591135,1.6607005571592388,0.7024412299961803,0.7330980975826266,4
1767257598492875522,9.302710072790376,1.666466533687346,0.702517842201839,0.7330002808187376,4
1767257598618292894,9.086801629798135,1.668220934990301,0.702338636611535,0.7330790881878106,4
1767257598693664322,9.26544452053113,1.6363667575796808,0.702684690163567,0.733056601933141,4
1767257598743461320,9.488755875073807,1.7087865139246792,0.7025477409933478,0.7329924076312723,4
1767257598893321737,9.083018601979465,1.6618955733312213,0.7025310602610048,0.7331017982634552,4
1767257598943545071,9.171538227239818,1.6495438226123589,0.7024931621092227,0.7330868975168372,4
1767257599018309950,9.083919906081817,1.6827705533012909,0.7023386640411732,0.7330755118893736,4
1767257599092691025,9.212022339458613,1.6417560876083632,0.702589623892304,0.7330604352020256,4
1767257599143461089,9.115111755962468,1.6297021496993804,0.7024478506146612,0.7330697715591278,4
1767257599217842434,9.248822178369863,1.6599001151157302,0.7024921980635109,0.733031948441682,4
1767257599293541002,9.264881303785778,1.6803638338309244,0.7025329722201378,0.7331015668080765,4
1767257599492994560,9.15499190238589,1.6674994506627918,0.7025091442589632,0.7330738761650386,4
1767257599543238093,9.12396333896648,1.6310715952944927,0.7024848122623756,0.733064957760226,4
1767257599618020999,9.31157983957176,1.6744883751631752,0.702472415370261,0.7330478749441913,4
1767257599693600366,9.186660879488272,1.6241237777924467,0.7026302463727541,0.7330472233786592,4
1767257599743060844,9.048241722718341,1.7310502984712681,0.7020425434977292,0.7331238111276759,4
1767257599818474215,9.212581641938499,1.610584098128382,0.7026920915919377,0.7331086051459632,4
1767257599893296466,9.04608691787323,1.6632388912050704,0.7024036062900773,0.7330760208913983,4
1767257599943383200,9.187563787770191,1.6542373665483425,0.7024921182889609,0.7330991690650733,4
1767257600018304129,9.212668217047138,1.6723775045752627,0.7024716064352571,0.7330475158086044,4
1767257600092968137,8.95744117522257,1.651232528863929,0.7023168306445257,0.7330671698577564,4
1767257600143495597,9.17847993449139,1.6557526884990277,0.7025521588611776,0.7330944419401003,4
1767257600293790682,9.227178491928335,1.6653592762740392,0.7024843629134376,0.7330622014877409,4
1767257600343334421,8.936406591122935,1.676069898612136,0.7021688089982113,0.7331002102834768,4
1767257600417857135,9.067900669351925,1.6475107243360316,0.7024761442389704,0.7330898009287906,4
1767257600493581272,9.073754566204407,1.635356472132027,0.7024852912166694,0.7330903714370565,4
1767257600543569803,9.381989798330492,1.647367049163916,0.7027662357113096,0.7330961180631159,4
1767257600618362197,8.940472968085643,1.6443677149690734,0.7022998995730888,0.7330935714632085,4
1767257600693351294,9.08035411402508,1.620903631628302,0.7024313560821729,0.7330451590920087,4
1767257601092966998,9.184390545459276,1.7052240951544244,0.7022916276503004,0.7330739525726954,4
1767257601143239361,9.113136392996823,1.6505780389845424,0.7023954523150687,0.7330390046176766,4
1767257601418443642,9.172927789356189,1.6494262212632382,0.7025385027318564,0.7330640288656765,4
1767257601492736929,9.016726568762511,1.6703400240904047,0.7022973128045168,0.7331307056499206,4
1767257601618559495,8.928666067477554,1.655046553680574,0.702255820544183,0.7331025349582015,4
1767257601693566007,9.218686717835546,1.6297450154094102,0.7026624215995605,0.733062573538141,4
1767257601742865259,9.315199739870494,1.6677314946168786,0.702623866164399,0.7330629542381595,4
1767257601818474995,9.217471204939098,1.639659537807656,0.7025667528912236,0.7330656774945385,4
1767257601892822538,9.004478960360052,1.674434572857541,0.7022958113965323,0.7330907389053826,4
1767257601942816957,9.085167121306913,1.7143417782240036,0.7020103801763335,0.73298108103756,4
1767257602143514740,8.878944022372991,1.6817025423902638,0.7020723603000432,0.7330829891808547,4
1767257602218616059,8.976568587491851,1.641459247025781,0.7023016305017398,0.7331525853231187,4
1767257602293435032,9.035690686919672,1.630130149361327,0.7023763866321555,0.7330545070673582,4
1767257602343633166,9.260413127848977,1.6981228057038757,0.7025722051702495,0.7331349607444028,4
1767257602493118500,8.946156641626569,1.6392563972941305,0.7022861111571878,0.7330977504988068,4
1767257602543425070,8.999175410859927,1.6260960676282559,0.7024439366945952,0.7330918293169919,4
1767257602617751494,9.070569460443156,1.6321797362252428,0.7024900430533048,0.7330801824543022,4
1767257602693727203,9.045432162204548,1.6270521985832234,0.7023110497252827,0.7330259866312355,4
1767257602743608185,9.156569000366655,1.6388308637405937,0.7025959872713801,0.7331146073249342,4
1767257602818468772,9.126741968254137,1.6080765523689418,0.7025081066451724,0.7330465161403524,4
1767257602942863891,9.113955141610175,1.667822719903144,0.7021892090525583,0.7330180622274863,4
1767257603017976171,9.203402559455842,1.6655824976826443,0.7025022092084313,0.7330571647395345,4
1767257603093476051,9.202220716992283,1.6456182779373396,0.7025397324216651,0.7330549846227054,4
1767257603143223203,9.370619132096692,1.6900173399023533,0.7025720738792637,0.7330669271015232,4
1767257603218107407,9.28842697404042,1.6369778507133224,0.7027149816509402,0.7330790757191412,4
1767257603292837919,9.179888557062977,1.6895082977229192,0.7024889699796694,0.7331073494555566,4
1767257603418365488,9.234373279945697,1.6424048995506213,0.702559085182191,0.7329987757971765,4
1767257603493286593,9.07661266316373,1.6357380004959858,0.7024429918980103,0.7330308684759889,4
1767257603618001072,9.218655677626142,1.6550726763516417,0.7025865516080813,0.7330973936523469,4
1767257603817866481,9.044953522650335,1.6118639071728278,0.7024856950716066,0.733058967407111,4
1767257604018109830,9.405905651007739,1.6457859624883397,0.7026778236290354,0.7329753485591335,4
1767257604093740169,9.049326738726492,1.6569055251301346,0.702217745090722,0.7330109370096811,4
1767257604293516443,9.165354006442694,1.651401435647492,0.7024116098056469,0.7330365918425662,4
1767257604343094785,9.230636156022488,1.6685793364900692,0.7025422970389226,0.733073707487365,4
1767257604418327579,9.133837249973077,1.6546561473372232,0.7024646265976819,0.7330708720346509,4
1767257604618680145,9.053048772023619,1.6285297546748914,0.7024453965856324,0.7331051215445942,4
1767257604693000158,9.113250950171349,1.7008536706613564,0.7021784515819702,0.7330282692048895,4
1767257604818401831,9.128239819292116,1.634626673545374,0.7024187847304524,0.7330155269854889,4
1767257604893421463,9.081487764383557,1.6408212268730344,0.7024277115860338,0.7330421488311564,4
1767257605093543151,9.221146962657967,1.642746807887651,0.7025290939863046,0.7330254784030826,4
1767257605218310654,9.134571722054453,1.6073519243118206,0.7025434011398477,0.7330681214240995,4
1767257605293296273,9.18236022570329,1.6241719442070255,0.7025985291275053,0.7331019259895579,4
1767257605343500690,9.16401294321878,1.7010541095118235,0.7022871902079826,0.7331048470290932,4
1767257605493850765,9.077822230895261,1.632315110160841,0.7023707702162163,0.733041932893826,4
1767257605693472254,9.05894111792227,1.6331855837132636,0.7024016533734293,0.7330546051021679,4
1767257605743688327,9.05894111792227,1.6331855837132636,0.7024016533734293,0.7330546051021679,4
1767257605818722434,9.206151265328089,1.6641105162749597,0.7024558937413038,0.7330761634437472,4
1767257605892780252,9.327532357337631,1.6568386358741116,0.7027061256629233,0.7330669687275748,4
1767257605943054721,8.949849717531876,1.6858154061434936,0.7021751704382433,0.7330925701545365,4
1767257606143493025,9.0266463959221,1.7040954161705282,0.7020666928315843,0.7330623907128145,4
1767257606218342326,9.446860192078077,1.65281892774086,0.7027058513157434,0.733018873376747,4
1767257606293405801,9.25866613236781,1.6520058693575703,0.7025942957965376,0.7330644609189784,4
1767257606543330379,9.128328448549826,1.6776947150899186,0.7021591188930291,0.7329480259821817,4
1767257606617868937,9.141986726422747,1.648038734704684,0.7025132210199058,0.7330444149264135,4
1767257606743155842,9.115319746305971,1.6525901830036471,0.7023908502713695,0.7330231819309443,4
1767257606817773516,9.07038133653848,1.645254744533276,0.7024051449339451,0.7330987994646099,4
1767257606893083820,9.146321867075425,1.7017063456992896,0.7022068502131296,0.7330497502238553,4
1767257606943198998,9.183510226058345,1.697569536155661,0.7022040930009921,0.7330535327835759,4
1767257607018473950,9.117350903597554,1.6591263412604051,0.7024717629734621,0.7330954655674389,4
1767257607093416354,9.326286184154654,1.6915496814141162,0.7024155148766527,0.7330031607856686,4
1767257607143263955,9.348909535992656,1.725998093937803,0.7023607013883292,0.7330104796162755,4
1767257607218053213,9.038338958266113,1.6573920044096404,0.7022967679936637,0.7330367660628452,4
1767257607297214610,9.140165336602557,1.6528643563144736,0.702421708548068,0.7330419332023193,4
1767257607343563685,9.09321174101474,1.6495181597046662,0.702421708548068,0.7330905540340865,4
1767257607418460836,9.18055302739118,1.675205001459707,0.7024255240064744,0.7330495278649561,4
1767257607542815565,9.132705694624764,1.7011899016534129,0.7022377608613407,0.7330424934675223,4
1767257607618174931,9.193794119890853,1.6720660160494034,0.7024546231449196,0.7330982976826635,4
1767257607693534595,9.18027825867429,1.6739834052424918,0.7024680868140497,0.7331051068973772,4
1767257607743490307,9.259389242039395,1.7100808755438903,0.702383110702203,0.7330644149423869,4
1767257607893382728,9.187205679678234,1.6651154058671944,0.7025603688084833,0.7330839503379278,4
1767257607943077168,9.108713699649718,1.6660342176073304,0.7022972789931383,0.7330163984913953,4
1767257608017867187,9.254486242600834,1.683725684839442,0.7024886965772836,0.7330705787916958,4
1767257608093184903,9.200834823255843,1.6421832769504334,0.7025169710441678,0.7330817561969604,4
1767257608142757491,9.239983982434419,1.6827439176674652,0.7023676824089949,0.7330368962324464,4
1767257608218432824,9.218428149527558,1.6600583177846306,0.702524877800352,0.7330307535173367,4
1767257608343635073,9.132566652689578,1.6743662092762612,0.7023354829925514,0.7330689166866815,4
1767257608493288663,9.080194562847698,1.6524650759440678,0.7023734862319964,0.7330475876602539,4
1767257608543322789,9.128242950612876,1.6620659064667849,0.7022328447800013,0.7330279949845615,4
1767257608617711600,9.363570373872033,1.6612003937354518,0.7026948518720729,0.7330665287333044,4
1767257608693269235,9.363572001207299,1.6415334031698054,0.7028671699503557,0.7331227010908213,4
1767257608743115840,9.44031446213678,1.6298453808709554,0.7028671699503557,0.7330375400488206,4
1767257608817795973,9.236934464195269,1.6475642342117054,0.7026228311753132,0.7330670619451726,4
1767257608893415928,9.405347127515062,1.676521210272965,0.7027379928174656,0.733084181459473,4
1767257608943237413,9.405347127515062,1.676521210272965,0.7027379928174656,0.733084181459473,4
1767257609018410627,9.081548415876938,1.633750015433706,0.7024347627635708,0.7330479298577518,4
1767257609092792326,9.137245778061631,1.6829057219557932,0.7022982993716762,0.7330606832862403,4
1767257609143743867,9.39437920352104,1.7120396545896797,0.702521093168581,0.7330824368336691,4
1767257609218031594,9.460593835844078,1.647612190345418,0.7027746311141898,0.7330267563552051,4
1767257609293236454,9.085904442086123,1.6161862681782766,0.70248372750421,0.7331003740412112,4
1767257609342636634,9.110230451510603,1.6302898157388233,0.70248372750421,0.7330758756474767,4
1767257609418214903,9.042541083537303,1.6890613869234687,0.7022327307387107,0.73305433149401,4
1767257609618269978,9.22307141764589,1.6695709847410722,0.7024662343779243,0.7330213095134298,4
1767257609693461740,9.203610858467437,1.6496936144031298,0.7025969306285478,0.733048897306478,4
1767257609743347991,9.276529888569751,1.6411132732161167,0.7025969306285478,0.7329681042694111,4
1767257609893219015,9.212249830798935,1.6593305467822899,0.7024579452730192,0.7330264886507643,4
1767257610018026479,8.998550081294688,1.6761050183769695,0.7022352596570445,0.733114412622649,4
1767257610293367063,9.1536103244928,1.6692421614418826,0.7023877119515971,0.7330462130466533,4
1767257610343741540,9.210247286269514,1.6839223547968494,0.7023273149172146,0.7330131133331717,4
1767257610493198409,9.12924456699271,1.6485267504181107,0.702506782339915,0.7330647212699929,4
1767257610543706413,9.134402198695767,1.6468022830003088,0.702506782339915,0.7330561383369356,4
1767257610618666724,9.074303953665485,1.633969295616063,0.7024627024324495,0.7330728621061396,4
1767257610817640418,9.238829289014872,1.6823112476401851,0.7024385612135301,0.7330699838267651,4
1767257610892758886,9.264948553595055,1.670026780655697,0.702505182320566,0.733060185485741,4
1767257610942782598,9.264948553595055,1.670026780655697,0.702505182320566,0.733060185485741,4
1767257611018220483,9.302072080747736,1.6785952030436642,0.7025277137279842,0.7331050915877383,4
1767257611093230796,9.225779170632498,1.653391964958468,0.7026198599832703,0.733065604222867,4
1767257611143316392,9.255768565543443,1.6446306357370295,0.7026198599832703,0.733032880353853,4
1767257611293520031,9.176484509855198,1.6631896634696097,0.7025796417558586,0.733129828374192,4
1767257611343028834,9.236046817121423,1.6490077916339674,0.7025796417558586,0.7330598343316791,4
1767257611418393754,9.200906215842352,1.6628843802075384,0.7023733163768267,0.7330558854286867,4
1767257611493051644,9.259960007762636,1.6724693897406884,0.7024597218090307,0.7330703859374613,4
1767257611543330792,9.259960007762636,1.6724693897406884,0.7024597218090307,0.7330703859374613,4
1767257611693573652,9.069395602699593,1.6415429062343194,0.7023948426008243,0.7330466415116632,4
1767257611742924626,9.069395602699593,1.6415429062343194,0.7023948426008243,0.7330466415116632,4
1767257611817952341,9.430659107897753,1.6947035802256176,0.702533880150065,0.7330671770104157,4
1767257612018513498,9.290934814041307,1.667190799209742,0.7025670302808893,0.7330064537867207,4
1767257612093279683,9.141927442048114,1.678478641625797,0.7023750183230189,0.7330612296102587,4
1767257612143311178,9.205527021469152,1.6630255611215294,0.7023750183230189,0.7329877036331607,4
1767257612417771227,9.340525775771713,1.6397810033593714,0.702705927730438,0.7330425886180554,4
1767257612493076610,9.155682607627668,1.6575788591888134,0.702523380253252,0.7330954431934783,4
1767257612543732414,9.155682607627668,1.6575788591888134,0.702523380253252,0.7330954431934783,4
1767257612893181517,9.118773182733687,1.6308190466414259,0.7025480477804409,0.7330664425470018,4
1767257612943161499,9.118773182733687,1.6308190466414259,0.7025480477804409,0.7330664425470018,4
1767257613018226716,9.272874714789104,1.6341805969368541,0.7026541269790553,0.7330906080744082,4
1767257613093306435,9.2864654506436,1.68575448096474,0.7024913414476468,0.7330716360936097,4
1767257613143594485,9.2864654506436,1.68575448096474,0.7024913414476468,0.7330716360936097,4
1767257613218212623,9.194320526982214,1.6778623247508189,0.7023110184600919,0.7330235528172367,4
1767257613293469886,9.355449280082695,1.6322227015426065,0.702730513247812,0.733029877978077,4
1767257613343468999,9.355449280082695,1.6322227015426065,0.702730513247812,0.733029877978077,4
1767257613418530744,9.243824266278677,1.6468404767126157,0.7025533036994179,0.7330411147419523,4
1767257613493537067,9.069659349633996,1.6484630175356703,0.7023408689994728,0.7330243735654441,4
1767257613543338559,9.069659349633996,1.6484630175356703,0.7023408689994728,0.7330243735654441,4
1767257613618304724,9.203794453599423,1.6714385852235587,0.7024490920494196,0.7330409509547328,4
1767257613818354290,9.262613962426226,1.6727926522054337,0.7025554277121469,0.7330774952160446,4
1767257613893322698,9.329110876437618,1.6538244558209998,0.7026918528769642,0.7330970527076563,4
1767257613943221328,9.329110876437618,1.6538244558209998,0.7026918528769642,0.7330970527076563,4
1767257614093274967,9.238800395032998,1.6997004292562683,0.7024154160392331,0.7330409085103411,4
1767257614143108134,9.239758558957645,1.6772981963822524,0.7024154160392331,0.7330356022615372,4
1767257614218390845,9.186960671278666,1.6406462741786312,0.7024815406924905,0.7330025161790521,4
1767257614293332498,9.190747242300512,1.6414392812485257,0.7025266429007159,0.7330029472773277,4
1767257614343369186,9.190747242300512,1.6414392812485257,0.7025266429007159,0.7330029472773277,4
1767257614418088583,9.134761780003608,1.6762181063478538,0.7024288322699543,0.7330611809562588,4
1767257614618091622,9.090006395298222,1.63486929720154,0.7025075498259375,0.7331061867290206,4
1767257614819046230,9.146770966452333,1.6444458585409165,0.702531928510937,0.7330515174284855,4
1767257614893338854,9.388378230013373,1.6854577666642299,0.7026437747458155,0.7331116979751343,4
1767257614943520633,9.388378230013373,1.6854577666642299,0.7026437747458155,0.7331116979751343,4
1767257615018101225,9.006119290135949,1.6417311649057615,0.7023375391121236,0.7330311653649135,4
1767257615092790688,9.234261472058304,1.6501688000737336,0.7025555251126894,0.7330469792904111,4
1767257615142777755,9.234261472058304,1.6501688000737336,0.7025555251126894,0.7330469792904111,4
1767257615218512786,9.099996515252284,1.6328644843180988,0.7024813298893704,0.7330536844455562,4
1767257615292813965,9.008426215769138,1.6274749753593367,0.7022923996246665,0.7330744189398423,4
1767257615343377441,9.008426215769138,1.6274749753593367,0.7022923996246665,0.7330744189398423,4
1767257615418691822,9.30144703266178,1.6620849835951297,0.7026494604863964,0.7330654902646101,4
1767257615618000399,9.235562918151086,1.678720622014831,0.702571914952332,0.7330938886895908,4
1767257615693305263,9.237412564176761,1.6405179207756564,0.7026673087118337,0.7330722736288966,4
1767257615743321614,9.237412564176761,1.6405179207756564,0.7026673087118337,0.7330722736288966,4
1767257615818413334,9.388201129416519,1.6988861430668423,0.7024860185699889,0.7330535490704735,4
1767257616018251941,8.840971383857976,1.6844654715562906,0.7020523076519781,0.7330897321900658,4
1767257616093540279,9.091150943245307,1.6444809983292143,0.7023592533464167,0.7330262170331527,4
1767257616142851194,9.091150943245307,1.6444809983292143,0.7023592533464167,0.7330262170331527,4
1767257616218446963,9.071610297927691,1.603281448332043,0.7024949714973703,0.7330381683208037,4
1767257616492727765,9.173531118253809,1.6076586760538005,0.7026084611959409,0.7330700995957775,4
1767257616543988311,9.173531118253809,1.6076586760538005,0.7026084611959409,0.7330700995957775,4
1767257616693354837,9.25470650746174,1.6218341009893857,0.7027171696825812,0.7330391981631412,4
1767257616743209889,9.25470650746174,1.6218341009893857,0.7027171696825812,0.7330391981631412,4
1767257616818479381,9.132196052988428,1.6172785043596145,0.7025022072563648,0.7330341976955506,4
1767257616893430018,9.170571366209469,1.6630484622195445,0.7024371579714244,0.7330234368261829,4
1767257616943401166,9.170571366209469,1.6630484622195445,0.7024371579714244,0.7330234368261829,4
1767257617218448608,8.986875247822269,1.6520500662859714,0.7023246627389341,0.7330460870051748,4
1767257617293087830,9.112684413235762,1.6395491558215791,0.7024783216607514,0.7330447674868398,4
1767257617343250401,9.112684413235762,1.6395491558215791,0.7024783216607514,0.7330447674868398,4
1767257617418219516,9.133792537647455,1.6409975403680648,0.7025600505398581,0.7330735680220912,4
1767257617893146027,9.024006587583289,1.6465742132514354,0.7023822649218641,0.7330755663512832,4
1767257617942976966,9.024006587583289,1.6465742132514354,0.7023822649218641,0.7330755663512832,4
1767257618018090194,9.168284656171588,1.6633632505126599,0.7024478672498873,0.7330807545468503,4
1767257618093321388,9.279440411319895,1.6410524126031554,0.7025409155955606,0.7330123972001772,4
1767257618142830014,9.279440411319895,1.6410524126031554,0.7025409155955606,0.7330123972001772,4
1767257618493279952,9.13756758727513,1.6155765183865574,0.7025876396227834,0.733078129948315,4
1767257618543525644,9.13756758727513,1.6155765183865574,0.7025876396227834,0.733078129948315,4
1767257618618354040,9.242339100482333,1.6534740679347377,0.7025989205325788,0.7330600524141313,4
1767257618693326466,9.27558575098053,1.6662549721461308,0.7025858153933545,0.7330376246503594,4
1767257618743558502,9.27558575098053,1.6662549721461308,0.7025858153933545,0.7330376246503594,4
1767257618818050302,9.260375463892467,1.7491953279057637,0.7021344231789701,0.7330661151709196,4
1767257619092956198,9.188848560907958,1.6468514837734005,0.7025348416244116,0.7330137098490643,4
1767257619143683261,9.188848560907958,1.6468514837734005,0.7025348416244116,0.7330137098490643,4
1767257619218182558,9.032555964091138,1.6052744770237117,0.7024079483051171,0.7330057049805172,4
1767257619293255494,9.104128906107679,1.668324515724732,0.7024090374977017,0.7330602292501278,4
1767257619343678835,9.104128906107679,1.668324515724732,0.7024090374977017,0.7330602292501278,4
1767257619418501948,9.113871638508408,1.6266375869655785,0.7024478117170592,0.7330075466396891,4
1767257619493333154,8.874072535536182,1.6191294410056203,0.7022679580304448,0.7330810402862034,4
1767257619543291237,8.874072535536182,1.6191294410056203,0.7022679580304448,0.7330810402862034,4
1767257619618260446,9.123643161720096,1.6980887335765442,0.7021829310893936,0.7330182492857431,4
1767257619818177479,8.984623141761517,1.6281774816035568,0.702297356453889,0.7330568623019196,4
1767257619893395934,9.334597726444628,1.6700260744511863,0.7026022144276014,0.7330081508972126,4
1767257619943351857,9.334597726444628,1.6700260744511863,0.7026022144276014,0.7330081508972126,4
1767257620018315013,9.137583955815654,1.634698570841167,0.7024231560800674,0.7330148465519974,4
1767257620218086544,9.133182241568672,1.6868879936078807,0.702395346091156,0.7330919408726498,4
1767257620293114406,9.307861782419714,1.6715771325551125,0.7025863035760952,0.7330554819316337,4
1767257620343407184,9.307861782419714,1.6715771325551125,0.7025863035760952,0.7330554819316337,4
1767257620418127907,9.258394372256728,1.6666536450750256,0.7024589239356137,0.7330564394481298,4
1767257620493342732,9.310536886383058,1.6692798403520874,0.702515979629567,0.7330413904596889,4
1767257620543399770,9.310536886383058,1.6692798403520874,0.702515979629567,0.7330413904596889,4
1767257620693629681,9.104609876352864,1.673659322492452,0.7024003471615913,0.7331102430669076,4
1767257620743413830,9.104609876352864,1.673659322492452,0.7024003471615913,0.7331102430669076,4
1767257620818339007,9.300201625894289,1.683273868698155,0.70250273573813,0.733045257623603,4
1767257620892776395,9.255742084661179,1.6516514815072565,0.7026163044249376,0.733065117567167,4
1767257620943552439,9.255742084661179,1.6516514815072565,0.7026163044249376,0.733065117567167,4
1767257621093495012,9.324856039238272,1.6578291034863635,0.7025352549224718,0.7329996138253262,4
1767257621143286823,9.324856039238272,1.6578291034863635,0.7025352549224718,0.7329996138253262,4
1767257621218337218,9.266584197918593,1.637022106510054,0.7026749271360411,0.7330620900077052,4
1767257621292862017,9.009785590424869,1.6419271705484497,0.7024217875310395,0.7330891195367519,4
1767257621343181962,9.009785590424869,1.6419271705484497,0.7024217875310395,0.7330891195367519,4
1767257621493375930,9.10910209351956,1.6507165996620023,0.7024144955245913,0.733060327869219,4
1767257621543319682,9.10910209351956,1.6507165996620023,0.7024144955245913,0.733060327869219,4
1767257621693153888,8.952147811358891,1.6665781240735345,0.7021629097086651,0.7330711475141733,4
1767257621743186671,8.952147811358891,1.6665781240735345,0.7021629097086651,0.7330711475141733,4
1767257621818254971,9.215852525241486,1.7290642820540485,0.7021177161866106,0.7330093507304828,4
1767257621892962111,9.091464280866933,1.6431887910236818,0.7024072461638878,0.7330632915212462,4
1767257621943658188,9.091464280866933,1.6431887910236818,0.7024072461638878,0.7330632915212462,4
1767257622093040792,9.224304755758972,1.6579469491734895,0.7025424624147875,0.7330322906693915,4
1767257622143605477,9.224304755758972,1.6579469491734895,0.7025424624147875,0.7330322906693915,4
1767257622218168159,9.308078551836797,1.6883876399827906,0.702424529216434,0.7330256874993288,4
1767257622418176065,9.201539556993321,1.6892562540112936,0.7023150426833599,0.7330298974176161,4
1767257622492999173,9.319433757731922,1.6481970136933688,0.7026759258525421,0.7330588126871035,4
1767257622543397923,9.319433757731922,1.6481970136933688,0.7026759258525421,0.7330588126871035,4
1767257623018252176,9.060806117373588,1.6657051697870988,0.7023416085122035,0.7330363280989647,4
1767257623293254721,9.269340260701476,1.6469332764586544,0.702557364106172,0.7330363927508609,4
1767257623342998230,9.269340260701476,1.6469332764586544,0.702557364106172,0.7330363927508609,4
1767257623493262183,9.2309723831423,1.6874043813148685,0.7023235563725786,0.7329758517107365,4
1767257623543271890,9.2309723831423,1.6874043813148685,0.7023235563725786,0.7329758517107365,4
1767257623618344641,9.06786222875633,1.7199527225080307,0.701984980000244,0.7330074995529738,4
1767257623893377107,9.187173805881411,1.6555600591521629,0.7025359314218161,0.7330393842040749,4
1767257623943318666,9.187173805881411,1.6555600591521629,0.7025359314218161,0.7330393842040749,4
1767257624018584874,9.096606887539549,1.6948953400448443,0.7021559323199067,0.7330262976802393,4
1767257624293391966,9.198102621881144,1.669713051027875,0.7023943896168134,0.7330404988387739,4
1767257624343398398,9.198102621881144,1.669713051027875,0.7023943896168134,0.7330404988387739,4
1767257624417768269,9.005335195358622,1.6253570513748397,0.7024145209200061,0.7330776957294832,4
1767257624493401421,9.273707769960504,1.6779385301633591,0.702472721596721,0.733029247002866,4
1767257624543414284,9.273707769960504,1.6779385301633591,0.702472721596721,0.733029247002866,4
1767257624617847718,9.203409645588078,1.7210931327794052,0.7022452443105716,0.7330524399063211,4
1767257624818110463,8.940685807771187,1.6547634667712126,0.7021326305886031,0.7330084126243813,4
1767257625093077431,9.172025844400022,1.6278176064378984,0.7025787600915891,0.7330636644048469,4
1767257625143516188,9.172025844400022,1.6278176064378984,0.7025787600915891,0.7330636644048469,4
1767257625217755665,9.038911398310034,1.6919526847145931,0.7020692603644497,0.7330338463846124,4
1767257625493308880,9.19541482302655,1.672599019678573,0.7024750944549863,0.7330984493863751,4
1767257625543612360,9.19541482302655,1.672599019678573,0.7024750944549863,0.7330984493863751,4
1767257625618855902,9.225227911380918,1.6642853157824098,0.7024660401717571,0.7330386754662797,4
1767257626092642812,9.364373861039166,1.6822142345988818,0.7025491581536044,0.7330346125166468,4
1767257626143503566,9.364373861039166,1.6822142345988818,0.7025491581536044,0.7330346125166468,4
1767257626218541727,9.198447254590292,1.6617255600626761,0.702436482175003,0.7330632665394832,4
1767257626293294943,9.162830577331915,1.6603361894616098,0.7025242639370636,0.7330383658658809,4
1767257626343235900,9.162830577331915,1.6603361894616098,0.7025242639370636,0.7330383658658809,4
1767257626418301759,8.985807577334137,1.7182958429645494,0.7020273103884254,0.7330380868141272,4
1767257626493216337,8.975917382667454,1.6338960083504743,0.7023056184454529,0.7330453536250146,4
1767257626543433250,8.975917382667454,1.6338960083504743,0.7023056184454529,0.7330453536250146,4
1767257626617714726,9.295756034017998,1.6868487774311312,0.7022620401033557,0.732990853294127,4
1767257626692567887,9.120334515714035,1.6375980538900476,0.7025923597693758,0.733084174300969,4
1767257626744558695,9.120334515714035,1.6375980538900476,0.7025923597693758,0.733084174300969,4
1767257626817723741,9.080119350995952,1.70732934813034,0.7020978319945204,0.7330098904770189,4
1767257627018241285,8.942458904572682,1.656266348636663,0.7022469824145755,0.7331072007149203,4
1767257627093028923,9.162072145317502,1.672845611131822,0.7024530047467458,0.7330753664514821,4
1767257627142896990,9.162072145317502,1.672845611131822,0.7024530047467458,0.7330753664514821,4
1767257627292914904,9.402833373420961,1.694528263372652,0.7025964327999124,0.7330127446982525,4
1767257627343337983,9.402833373420961,1.694528263372652,0.7025964327999124,0.7330127446982525,4
1767257627418743617,9.318942525431861,1.7425774835693568,0.7021807991800733,0.7329886124388595,4
1767257627493372447,9.095952840924015,1.6814132373016264,0.7022844048914328,0.7330339747567819,4
1767257627543401936,9.095952840924015,1.6814132373016264,0.7022844048914328,0.7330339747567819,4
1767257627618412586,8.988583068983424,1.649149227757725,0.702275203800986,0.73301367006804,4
1767257627818954614,9.225562138825083,1.6554277841595308,0.702500234700886,0.7330077419820706,4
1767257627893387068,9.410400032876964,1.6961821114035516,0.7025106309575704,0.7330197131100494,4
1767257627943296167,9.410400032876964,1.6961821114035516,0.7025106309575704,0.7330197131100494,4
1767257628017603619,9.100869180202142,1.7181376761994944,0.7020852611439595,0.733028242891958,4
1767257628093172218,9.051074280276739,1.6693147422240628,0.702280012293197,0.7330411406265827,4
1767257628143803487,9.051074280276739,1.6693147422240628,0.702280012293197,0.7330411406265827,4
1767257628418414553,9.127605340001455,1.628557407106863,0.7025432021439797,0.7330763314662806,4
1767257628492891137,9.333210802576763,1.685052673634555,0.7024699905808686,0.7330184034041406,4
1767257628543223472,9.333210802576763,1.685052673634555,0.7024699905808686,0.7330184034041406,4
1767257628618669799,8.957359755607408,1.6572587679816109,0.7022596046110954,0.7330575394969597,4
1767257629018421613,9.289295651496055,1.663369988202889,0.7026255617108135,0.7330619391091239,4
1767257629093246147,9.361569184903274,1.6919220351848512,0.7025546540141664,0.7330438874571478,4
1767257629143486624,9.361569184903274,1.6919220351848512,0.7025546540141664,0.7330438874571478,4
1767257629217990330,9.135158924061137,1.6990435760653277,0.7022997222939611,0.7331034692506808,4
1767257629618418455,9.11815981311548,1.6616988805770283,0.7024284541776862,0.7330628135438383,4
1767257629693294579,9.12584952352602,1.6679895518887529,0.7023804610494744,0.7330393097682933,4
1767257629743370829,9.12584952352602,1.6679895518887529,0.7023804610494744,0.7330393097682933,4
1767257629893149112,9.292489053974506,1.6957722636095,0.7024906322171888,0.7330896442301686,4
1767257629943663213,9.292489053974506,1.6957722636095,0.7024906322171888,0.7330896442301686,4
1767257630018485443,9.245944248898464,1.693546274533934,0.7025033584681107,0.733055851736921,4
1767257630092617078,9.245476076739312,1.6802998217666125,0.7024483130077231,0.7330369401785063,4
1767257630143334298,9.245476076739312,1.6802998217666125,0.7024483130077231,0.7330369401785063,4
1767257630218018275,9.27883992888523,1.6520341660969944,0.7025660719332476,0.7329506496501328,4
1767257630292979017,9.323062793723746,1.7014293050456066,0.7024008827269286,0.732987673440998,4
1767257630343438083,9.323062793723746,1.7014293050456066,0.7024008827269286,0.732987673440998,4
1767257630418422878,9.249372963825998,1.6857460011905765,0.7025328421987874,0.7331100315986467,4
1767257630492790426,9.26371356655309,1.7136560218769121,0.7021658985473136,0.7329876731734631,4
1767257630543492882,9.26371356655309,1.7136560218769121,0.7021658985473136,0.7329876731734631,4
1767257630618154025,9.169923117958056,1.6644071652844634,0.7024259079416613,0.7330505773079786,4
1767257630692640001,9.279007310075805,1.6412641105896795,0.7026123604823475,0.7330212494519464,4
1767257630742983094,9.279007310075805,1.6412641105896795,0.7026123604823475,0.7330212494519464,4
1767257630818486195,9.171164593182567,1.661442134574927,0.7024495959542957,0.7330534074578325,4
1767257631018391166,9.329445033926408,1.6645543313103728,0.7025850286606767,0.7330265991147471,4
1767257631093339366,9.110086227836378,1.6789808282842484,0.7022959629247304,0.733051712518968,4
1767257631143264509,9.110086227836378,1.6789808282842484,0.7022959629247304,0.733051712518968,4
1767257631218328780,9.325386422717742,1.6480066179975792,0.7027224004164268,0.7330439400003199,4
1767257631418184401,9.406216925646916,1.711404692439157,0.7024260129488462,0.7330001393883749,4
1767257631492277968,9.244830128904425,1.682393588729687,0.702419675779929,0.7330341607062351,4
1767257631543424322,9.244830128904425,1.682393588729687,0.702419675779929,0.7330341607062351,4
1767257631618403588,9.23697286008085,1.6541380887390584,0.7025125049321579,0.7330464848420563,4
1767257631693576515,9.191100476979575,1.6723441388227045,0.7024328156337984,0.733065365008651,4
1767257631818707513,9.327212031396082,1.636092950857368,0.7026008738120112,0.7329590950948638,4
1767257631893107328,9.14806292125936,1.641831308491363,0.7024435191461277,0.733053012932412,4
1767257631943540615,9.14806292125936,1.641831308491363,0.7024435191461277,0.733053012932412,4
1767257632093298939,9.250813361086351,1.7242065362898813,0.7023511779615876,0.7330592955383124,4
1767257632143388234,9.323054249284258,1.6806830692671655,0.7026461346055963,0.7330592955383124,4
1767257632343094848,9.138645131934409,1.645740806624685,0.7023880054476409,0.7330122728431488,4
1767257632418434608,9.2567064319653,1.6582542218640133,0.702625180375026,0.7330831809792884,4
1767257632618425805,9.223865557747013,1.6848262124868512,0.702500394849797,0.7330743394883171,4
1767257632693155004,9.156949722529228,1.6870989574317092,0.7024512298562606,0.7330973759719466,4
1767257632743283739,9.156949722529228,1.6870989574317092,0.7024512298562606,0.7330973759719466,4
1767257632893054346,9.135181509663969,1.6789484456965071,0.7024785808021783,0.7330887807038903,4
1767257632943180386,9.135181509663969,1.6789484456965071,0.7024785808021783,0.7330887807038903,4
1767257633018437886,9.080529399684956,1.650652236079985,0.7023099308410395,0.7329952367356568,4
1767257633093282090,9.280297600324673,1.6731656937632247,0.702542312646871,0.7330435956049932,4
1767257633143272506,9.280297600324673,1.6731656937632247,0.702542312646871,0.7330435956049932,4
1767257633218384894,9.278812735414089,1.6578715907463173,0.7026200726694178,0.7330132327236972,4
1767257633293208000,9.256868198129098,1.6889674395365681,0.7024994497783582,0.7330146868447649,4
1767257633343395209,9.256868198129098,1.6889674395365681,0.7024994497783582,0.7330146868447649,4
1767257633418442057,9.313667289068018,1.6989214561081083,0.7025278853946236,0.733082890242411,4
1767257633493041751,9.222788061670762,1.689215429057728,0.7023730754122468,0.7330453247833135,4
1767257633542614508,9.222788061670762,1.689215429057728,0.7023730754122468,0.7330453247833135,4
1767257633617725438,9.206660470005623,1.646714372147356,0.7025332405335067,0.7329779963321659,4
1767257633818298927,9.243108105506659,1.6903923151419948,0.7025005894916805,0.7330659431109703,4
1767257633892766242,9.23910378914783,1.6792044411924254,0.7025809989190034,0.7330632845006059,4
1767257633942980740,9.23910378914783,1.6792044411924254,0.7025809989190034,0.7330632845006059,4
1767257634092505198,9.244309861773381,1.6866557449850583,0.7025442195599018,0.7330537100173813,4
1767257634142592465,9.244309861773381,1.6866557449850583,0.7025442195599018,0.7330537100173813,4
1767257634218467629,9.28047134053045,1.6621135989532019,0.7025546982116758,0.7330262770564845,4
1767257634293354372,9.167300365388265,1.6619845041849366,0.7024702280696193,0.7330656970505017,4
1767257634343197986,9.167300365388265,1.6619845041849366,0.7024702280696193,0.7330656970505017,4
1767257634418039051,9.119719164789487,1.6325207044366892,0.7024497932261019,0.733011818634491,4
1767257634493059109,9.260323575651874,1.6716933696217513,0.7025061906238292,0.7330434171288225,4
1767257634543151758,9.260323575651874,1.6716933696217513,0.7025061906238292,0.7330434171288225,4
1767257634618475466,9.300034422031867,1.6957131830539776,0.7025243844511813,0.733056701035643,4
1767257634743379822,9.114818505672527,1.643126984008942,0.7024794226375329,0.7330850649801924,4
1767257634818506297,9.266014973514203,1.6680668575036701,0.7024479699792205,0.7330481769780439,4
1767257634892565383,9.170640362619388,1.6580447513574341,0.7024826705763452,0.7330779061285079,4
1767257634942597048,9.170640362619388,1.6580447513574341,0.7024826705763452,0.7330779061285079,4
1767257635017810469,9.009719222216383,1.6264400626300373,0.7023054452553711,0.7330018639027073,4
1767257635093115006,9.305276017751552,1.6861112707148842,0.7026034223786609,0.7330559601515376,4
1767257635143322187,9.305276017751552,1.6861112707148842,0.7026034223786609,0.7330559601515376,4
1767257635218530072,9.126241719471295,1.6657369898179568,0.7024504278804066,0.7330474849938575,4
1767257635293136019,9.220356771956428,1.6544231654451282,0.7024944597012461,0.7330331553219869,4
1767257635343433703,9.220356771956428,1.6544231654451282,0.7024944597012461,0.7330331553219869,4
1767257635417812081,9.038540980677134,1.6243117167033152,0.7025599314595653,0.7331003468806006,4
1767257635493179857,9.164667802595282,1.6663819990451962,0.7024887293986553,0.7330577661769505,4
1767257635542998352,9.164667802595282,1.6663819990451962,0.7024887293986553,0.7330577661769505,4
1767257635618346186,9.464433547652584,1.6417685027323112,0.7029387824795332,0.733076956377738,4
1767257635692733390,9.22051859268269,1.6883790484448824,0.7024654775558568,0.7330222317943172,4
1767257635743386795,9.22051859268269,1.6883790484448824,0.7024654775558568,0.7330222317943172,4
1767257635818588687,9.129986937575719,1.6336399826454469,0.7025471984205505,0.7330327794466739,4
1767257635893298838,9.182038889297583,1.6748897568080143,0.7024199743597203,0.7330342729802655,4
1767257635943206452,9.182038889297583,1.6748897568080143,0.7024199743597203,0.7330342729802655,4
1767257636018013279,9.130240944212552,1.6335379187674806,0.7025077890037534,0.7330893234494997,4
1767257636093017453,9.411682292282952,1.7017354638663238,0.7025649693624643,0.7330404567166164,4
1767257636143026325,9.411682292282952,1.7017354638663238,0.7025649693624643,0.7330404567166164,4
1767257636218300116,9.312939792913145,1.6608870367799458,0.702598193148641,0.7330608114290673,4
1767257636418487723,9.222278778128423,1.6613668113844795,0.7024442447880133,0.7330841715061086,4
1767257636493608813,9.352155217417724,1.6842931559862164,0.7025136368128829,0.7330551939715131,4
1767257636543224447,9.352155217417724,1.6842931559862164,0.7025136368128829,0.7330551939715131,4
1767257636692593102,8.995170285970634,1.6407052756135878,0.702354159850793,0.7330512393601435,4
1767257636742675645,8.995170285970634,1.6407052756135878,0.702354159850793,0.7330512393601435,4
1767257636818674980,9.29753280829626,1.7029209582973577,0.7024134407556647,0.7330264151521961,4
1767257636892686789,9.028563714104653,1.6766814677870971,0.7022297809937771,0.7330440970390245,4
1767257636942497936,9.028563714104653,1.6766814677870971,0.7022297809937771,0.7330440970390245,4
1767257637018362237,8.936652577367754,1.6527758717771819,0.7022136044128351,0.7330421722232661,4
1767257637093179253,9.015526389602124,1.6451333702185715,0.7023517912220235,0.7330820626002971,4
1767257637143335614,9.015526389602124,1.6451333702185715,0.7023517912220235,0.7330820626002971,4
1767257637218447660,9.337959619467595,1.6952120932275296,0.7024834278329675,0.7330133956211695,4
1767257637618081573,9.07522763962465,1.6581044372436293,0.7023500727051007,0.733120104249381,4
1767257637692494456,9.229247400546313,1.6817337198224447,0.7023574227425583,0.7329954574759079,4
1767257637743047767,9.229247400546313,1.6817337198224447,0.7023574227425583,0.7329954574759079,4
1767257637818477524,9.183646322661886,1.6837930029470767,0.7024137851010299,0.7331270223980466,4
1767257637892699483,8.976215555731804,1.7320150163744639,0.7019467259166335,0.7330701991048357,4
1767257637943127637,9.014607563141986,1.6876924836397322,0.7021828364697158,0.7330701991048357,4
1767257638018490619,9.114085689488572,1.6532619879572397,0.7023681195346434,0.7330763044050418,4
1767257638217842657,9.256690607010398,1.6776079446524923,0.7025795913731929,0.7331250440605219,4
1767257638542912032,9.129407654281497,1.6833134064722217,0.7024012349821297,0.7330701987552193,4
1767257638692934832,9.520612882413015,1.707346686098731,0.7026938820391672,0.7330045150922299,4
1767257638743095784,9.520612882413015,1.707346686098731,0.7026938820391672,0.7330045150922299,4
1767257638942903164,9.330229006160206,1.693586211030006,0.7025678805231313,0.7330710352815126,4
1767257639018082505,9.108088739705922,1.6591492012250368,0.7023970681663495,0.733097304676266,4
1767257639092993989,9.357994302428562,1.7212278400533447,0.7023435252600775,0.7330436332381486,4
1767257639142915393,9.430918116705268,1.6873551777721472,0.7025934819091135,0.7330436332381486,4
1767257639217923017,9.265560948526264,1.7029820202845793,0.7023845172922599,0.7330530261713073,4
1767257639292798975,9.164352436360158,1.6837013947914894,0.7023293036387188,0.7330728370981898,4
1767257639342680128,9.164352436360158,1.6837013947914894,0.7023293036387188,0.7330728370981898,4
1767257639418128020,9.266705800966669,1.655190536841928,0.702589586911171,0.7330420876398469,4
1767257639492781907,9.218988529910321,1.6706669837235,0.7025301536313728,0.7330738365079622,4
1767257639543046934,9.218988529910321,1.6706669837235,0.7025301536313728,0.7330738365079622,4
1767257639692914002,9.047318455517983,1.6892710425492607,0.7023227197614084,0.7330992514293186,4
1767257639742708692,9.047318455517983,1.6892710425492607,0.7023227197614084,0.7330992514293186,4
1767257639942666934,9.265037404569853,1.6934257434633868,0.7024979022454733,0.7330393454499236,4
1767257640018512377,9.253282417892471,1.6729003587941818,0.7024073835862075,0.7330080452359431,4
1767257640293051123,9.481869525215568,1.7297422005616816,0.7024759725263947,0.7329953092795838,4
1767257640342921951,9.499236481714245,1.701284038658164,0.7026788357582707,0.7330180679169799,4
1767257640418444801,9.306873990410192,1.694534253733339,0.7024229154929023,0.7330085235322082,4
1767257640492754447,9.274304893186702,1.692947050422125,0.7024272196730735,0.7330260330325948,4
1767257640542523215,9.274304893186702,1.692947050422125,0.7024272196730735,0.7330260330325948,4
1767257640618137125,9.098049460022018,1.6694217544751455,0.7023566086978843,0.7330562273062613,4
1767257640692905060,9.326597389996083,1.7098342040721828,0.702405038764158,0.7330239052339885,4
1767257640743175256,9.326597389996083,1.7098342040721828,0.702405038764158,0.7330239052339885,4
1767257640818280236,9.19188279224148,1.6232656862924943,0.7026214105568513,0.7330260624796119,4
1767257640943423363,9.103150234333501,1.6985235514767072,0.7023088420511698,0.7330446372255202,4
1767257641018374717,9.166016308884473,1.64983834179323,0.7025231531401323,0.7330975184654578,4
1767257641143294109,9.306412042223378,1.686612413979461,0.7025212672624436,0.7330144931879149,4
1767257641218144995,9.155547732667246,1.6626018263061366,0.7023462089234589,0.7330132618254643,4
1767257641293017211,9.378559124151975,1.7163762820216266,0.7023979835247833,0.732981499791885,4
1767257641343222800,9.240320127279267,1.670778737646929,0.7024740253889031,0.7330144134143668,4
1767257641418244985,9.363841835713593,1.6515262334918952,0.7026853414848477,0.7330213600860991,4
1767257641693084394,9.079439441268434,1.6979278947203718,0.7022662102323858,0.7330642156592071,4
1767257641742840393,8.983671134716765,1.65589987582754,0.7023229418642538,0.7330642156592071,4
1767257641893183033,9.161701202525684,1.721721181169536,0.7022108147286147,0.7330516201478166,4
1767257641943018528,9.169594710986217,1.6717021221639827,0.7024372311145374,0.7330516201478166,4
1767257642018509442,9.366586265753817,1.6667969351914773,0.7026454567451601,0.7330622481629281,4
1767257642093416437,9.303488338854194,1.6713602904771647,0.7025475720426924,0.733041113011269,4
1767257642143075537,9.303488338854194,1.6713602904771647,0.7025475720426924,0.733041113011269,4
1767257642219108732,9.246470904120674,1.6622509755028216,0.70258939977994,0.7330606244924113,4
1767257642293020573,9.224809459516425,1.6653868082986958,0.7024903603898716,0.7330362373467577,4
1767257642343085503,9.232152663820159,1.6918642407106947,0.7024546748137179,0.7330816151437878,4
1767257642418241005,9.143349350398955,1.6606139846529824,0.7023940953606792,0.7330531456570376,4
1767257642542825680,9.37140725328689,1.6735946427645656,0.702598601914701,0.7330343858094646,4
1767257642618290308,8.994707693146808,1.6571241159446763,0.7022230569454659,0.733036422025092,4
1767257642692937092,9.33509540685995,1.6544438318379797,0.7025850550838053,0.7329938557917833,4
1767257642742945699,9.324147652404523,1.674590856395212,0.7025694739045508,0.7330397238631083,4
1767257642817705495,9.197727466981998,1.655889710765838,0.7025040777138335,0.7330590918811429,4
1767257643018042960,9.09689327848351,1.65516593873009,0.7024298518755387,0.7330611557752157,4
1767257643093026592,9.125405824562227,1.6536006042939146,0.7023237571987103,0.7330070548173987,4
1767257643217575795,9.187145158433218,1.6802056897299948,0.7024294795493994,0.7330270017611057,4
1767257643293791630,9.208817841851902,1.7512969936166267,0.7020571890810157,0.732997655799966,4
1767257643342911479,9.2732329881684,1.7071236196158304,0.7023344952806365,0.732997655799966,4
1767257643417832826,9.137043058149885,1.6569126796958842,0.7023778988951427,0.7330187420329111,4
1767257643743339056,9.145082759358104,1.666360343794861,0.7023541685366586,0.7330308708793709,4
1767257644018106380,9.385490505444793,1.6934634776806217,0.7026237172377586,0.7330386941937614,4
1767257644093319096,9.126247821542922,1.6626899040254948,0.7023869238839279,0.7330299534344449,4
1767257644143025024,9.227319077293462,1.676014552751979,0.70241809724204,0.7330299534344449,4
1767257644218276352,8.956776256328403,1.642274907228156,0.702383641676987,0.73306152709852,4
1767257644342596582,9.143061290451836,1.6856747648466275,0.7023906040100029,0.7330559771801746,4
1767257644618447079,9.211816179944377,1.659575561775379,0.7024844022656688,0.7330507113885156,4
1767257644743400000,9.279821378270437,1.6567645150487065,0.7026159340106692,0.733064248231751,4
1767257644818253435,9.340961900927924,1.6737144356592888,0.7025882743769664,0.7330356575532996,4
1767257645093123724,9.24142506000447,1.6700160572337532,0.7025283846228505,0.7330426667603834,4
1767257645218715650,9.34685281671388,1.668935114436277,0.7025916901632259,0.7330222493935095,4
1767257645292616438,9.158405304730888,1.6770808168567746,0.7022847886362596,0.7330094033282953,4
1767257645343120157,9.170949593920618,1.647163923003934,0.7025476555700241,0.7330649530049214,4
1767257645418144076,9.007783547593572,1.629284314164913,0.7023129558069057,0.7329910540899689,4
1767257645618161325,9.157679810051667,1.644896066803431,0.7025373042864526,0.7330314629813854,4
1767257645818454877,9.393005464513603,1.6611808406945325,0.7026668560386731,0.7330297068887957,4
1767257645893386309,9.255152766933339,1.691553793257568,0.7023318734080736,0.7329950321938677,4
1767257646018714617,9.084123622998487,1.6699705439605146,0.7023660387782839,0.7330481125779308,4
1767257646093059778,9.171959734596612,1.658124812837947,0.702445725625406,0.733012088289354,4
1767257646142568784,9.340086516420488,1.6510078391051255,0.7026668045258031,0.7330547873455566,4
1767257646293029134,9.124248930755584,1.7437168303768684,0.7020578071660095,0.7330062046092553,4
1767257646342755566,9.130512249463042,1.698610204850664,0.7023096506261715,0.733027376346088,4
1767257646542626703,9.349845727095186,1.7030101665199322,0.7025802384360249,0.7330784520661969,4
1767257646618405326,9.2096157533893,1.6846734710346034,0.7025105929484335,0.7330911970307696,4
1767257646693290596,9.233578200232406,1.6869934929721768,0.7022983878534574,0.7329635089175854,4
1767257646742796266,9.23766033966611,1.651960015551203,0.7025375547497081,0.733009882168807,4
1767257646818479306,9.171839993076025,1.6297740572946224,0.7025028867411286,0.7330042220970946,4
1767257646893323613,9.126065023165708,1.6661207641247116,0.7023555785760872,0.7330272461745885,4
1767257646942790141,9.34788080541793,1.6846868589428896,0.7025584575064211,0.7330565515067446,4
1767257647018627254,9.233938121215978,1.6884386657875488,0.7023677190561689,0.7330101061588801,4
1767257647343159692,9.076266069511396,1.6232373140842853,0.7024508134298376,0.7330762321170963,4
1767257647418411144,9.195350894630083,1.6893533130418925,0.7023540860729837,0.7330347147876238,4
1767257647493324506,9.375000810179168,1.691902641003746,0.7025158339279305,0.732985468273889,4
1767257647543364489,9.230806733343421,1.662674312066453,0.7025649920203794,0.7330592038788573,4
1767257647618102182,9.09809119783822,1.6839376050915444,0.7022840025568161,0.7330130619959028,4
1767257647693202494,9.003270546133923,1.6503754324962348,0.7022857947653768,0.7330746045849138,4
1767257647892828418,9.196367870265565,1.6562358640307349,0.7024620703343134,0.7329839347542202,4
1767257648018662780,9.332889196100647,1.648911972185783,0.7027153474339258,0.7330729727431783,4
1767257648093236776,9.494357179336665,1.6941459077268184,0.7027258153771672,0.7330030727430237,4
1767257648143178299,9.112767405823007,1.651440127261985,0.702443023901432,0.7330690345975339,4
1767257648293242515,9.28526113639161,1.674876684692559,0.7025007745964703,0.7330372965399351,4
1767257648343062142,9.31270437548859,1.6714330928851828,0.7026359473999031,0.7330402201940693,4
1767257648542981516,9.310732505113606,1.6773972649156705,0.7024656194658511,0.7330074844420422,4
1767257648693389053,9.166902121309217,1.6425869582242822,0.7025760513596959,0.733076848142028,4
1767257648742422675,9.331916637122962,1.7032561904242811,0.7022949659957218,0.7329413931042599,4
1767257648818479274,9.417771804103525,1.6801245660842392,0.7027519672133521,0.7331357801831959,4
1767257649218876859,9.27921396110165,1.688919276926078,0.7024469703577579,0.7330328062552254,4
1767257649292825947,9.332716077607772,1.6670207613423074,0.7025317035781143,0.7330070118483897,4
1767257649342785998,9.28227954866301,1.6990856844589668,0.7024174604601606,0.7330543211699652,4
1767257649418519813,8.954079494557178,1.729391292839408,0.7018867079890267,0.7330307378347974,4
1767257649493777171,9.383507192537222,1.6649741647161722,0.7026288692430533,0.7329818942349169,4
1767257649618282139,9.236815138589872,1.6850222832885366,0.7024177373108248,0.7330097665735443,4
1767257649693036381,9.24581279248371,1.670289881549621,0.7026462662248434,0.7331233998902984,4
1767257649743130550,9.105780297373855,1.6748116731828744,0.7023304186726763,0.7330280444305745,4
1767257649818299884,9.173176198410404,1.6701203085875953,0.7023917634300355,0.7330221493247306,4
1767257649893418933,9.382021592925561,1.6628367738677934,0.7025787566764305,0.7329828455341517,4
1767257649942730013,9.400050967228957,1.6784894069193121,0.7026438006029387,0.7330314302893226,4
1767257650018117553,9.409712539796056,1.670363803785936,0.7026823961132207,0.7330481958903513,4
1767257650093143784,9.134083421002192,1.6589024673629769,0.7023407416387275,0.7330237752333609,4
1767257650142466789,9.102661801358547,1.6484654312178135,0.7024122485980657,0.7330656874926479,4
1767257650218170258,9.207246108850043,1.6683871946671929,0.7024361781338198,0.7330254706231505,4
1767257650293005198,9.1524468989147,1.6490094796063004,0.702433762681417,0.7330064347835047,4
1767257650342940347,9.137357707785787,1.6499562375729475,0.702451598992646,0.7330315652597066,4
1767257650692673717,9.251164675002531,1.6421147828770273,0.7025896703610125,0.7330105175017495,4
1767257650742818073,9.199950070705064,1.683441954352495,0.7024397824953004,0.7330239608162383,4
1767257650818189812,9.091886348046806,1.642135844134351,0.7024375726570253,0.7330171264915906,4
1767257650892674869,9.092136627380732,1.6435115892594405,0.7023998560844731,0.7330592198603401,4
1767257650943289359,9.099919103302877,1.6270472720561482,0.7024498427261315,0.7330181182415083,4
1767257651143081454,9.060031541971881,1.680908802335531,0.7022003709368901,0.7330037097656272,4
1767257651218112154,9.27267512437069,1.6942594015148151,0.702458530320235,0.7330567532398343,4
1767257651293073110,9.226877806165046,1.6761427351953948,0.7024484917066539,0.733035368798298,4
1767257651343169826,9.102567681291362,1.6559443866633747,0.7024583185067692,0.7330528097148484,4
1767257651493226286,9.20925486979951,1.6852317695546,0.7025182471147289,0.7330464229072697,4
1767257651693157586,9.262182008851427,1.6625674727450421,0.7025526649222784,0.7329973871336712,4
1767257651742994539,9.2807783868899,1.66569356115423,0.702614105423863,0.7330722141941881,4
1767257651817743130,9.278744517171035,1.6801660414808124,0.7025254876003211,0.733015539849747,4
1767257651892812440,9.303439247708933,1.6601012396773458,0.7025941583474883,0.7330452994659115,4
1767257652142573274,9.23944567898516,1.648756111671253,0.7026744301638287,0.7330649609552328,4
1767257652217989562,9.284674075283661,1.6381469911837991,0.702692067906589,0.733026534976429,4
1767257652293219137,9.150997023545603,1.6588336725511537,0.7024314507609342,0.7330412748743866,4
1767257652342895966,9.18004638274006,1.6682493569824537,0.7023703644800214,0.7329844741227441,4
1767257652418139836,9.225793802577154,1.6317048526514024,0.7025940239635969,0.7330481260194696,4
1767257652493011119,9.122528605420953,1.6612117344312485,0.7024980586133623,0.7330175373612886,4
1767257652617410200,9.114870116727625,1.7072210351701707,0.7022848362240258,0.7330704757802229,4
1767257652693095561,9.163954492991454,1.6643856755402888,0.7024684504628924,0.7330098550333463,4
1767257652818244458,9.181218179207029,1.670158695580348,0.702509078657601,0.7330800501329843,4
1767257652943026373,9.094494916771945,1.5980145292581434,0.7025704594912613,0.7330508523588142,4
1767257653018183365,9.33221017959507,1.6685888198454706,0.7026121479372329,0.7330711628839288,4
1767257653142583867,9.305597266885623,1.6685968321481315,0.702537957882391,0.7330189322979259,4
1767257653218354261,9.28317525339506,1.6682040490095253,0.7025799707573505,0.733049401910092,4
1767257653493299742,9.29843295512467,1.6809914994213564,0.7025400856090608,0.7330363661095025,4
1767257653542868650,9.274203398824344,1.6707176436015765,0.7026084341967469,0.7330170693916905,4
1767257653617495372,9.218239574871333,1.6655321236644358,0.7025370701495623,0.7330767651692105,4
1767257653692691486,9.047889062703153,1.627381736062465,0.7023503879751581,0.7329840415461646,4
1767257653893270490,9.148898236580383,1.6863973432755226,0.7023571316699382,0.733066631436887,4
1767257654093287853,9.267264264069208,1.679950502006665,0.7025165947560373,0.7330560011369156,4
1767257654217697381,9.090579155043855,1.6258025312483682,0.7024026348308404,0.7330124501007719,4
1767257654293059985,9.167530276709467,1.6813767733531169,0.7023305683262278,0.7330426233108209,4
1767257654417422556,9.308764125469216,1.6794448737328878,0.7024731637769716,0.7329877294082296,4
1767257654543407299,9.178391546432296,1.6653204290355614,0.7025025400393103,0.7330672981665164,4
1767257654743101952,9.150022013089565,1.666089040972879,0.7023602431726269,0.733002856953039,4
1767257654817894252,9.335417335424644,1.6910565063787322,0.7025436815904773,0.7330366756406455,4
1767257654892780333,9.446113566062175,1.692775948024347,0.7025533598604439,0.7330223011395338,4
1767257654942582406,9.046300222507963,1.6716439254715747,0.7023529549300199,0.7330386465547482,4
1767257655093191775,9.070070926086693,1.6644721145712325,0.7023085695068364,0.733049292776622,4
1767257655342855905,9.170682439524015,1.6671440816710732,0.702433594135983,0.7330162887545368,4
1767257655417513675,9.09094411861966,1.6678669657065228,0.7023272212307173,0.7330348467095654,4
1767257655492954948,9.387248896182697,1.7073745974271224,0.7025603031302399,0.7330201444590182,4
1767257655618297353,9.286972467391408,1.6967871093650988,0.7024781651012819,0.7330425916058393,4
1767257655692926986,9.102882561652592,1.6893776260448896,0.7022079045968692,0.7330009060757544,4
1767257655742842752,9.154819415556847,1.6799037997831072,0.7023506705117794,0.7330379205839676,4
1767257655893226084,9.037504283608833,1.663352415414254,0.7022766931556839,0.7330479105639468,4
1767257655943235871,9.262422920751746,1.6820311440206237,0.7025415260630471,0.7330637661099851,4
1767257656018204478,9.137839829063354,1.6657506150785533,0.7022903290872846,0.7329811991142399,4
1767257656093053537,9.093845122803422,1.6761690845457313,0.7023491189825083,0.733042576300905,4
1767257656217966905,9.342767743726444,1.678889448755806,0.702500537531411,0.732986699260858,4
1767257656417968437,9.33975806568621,1.7304217689570933,0.7022226208189704,0.7329654423826686,4
1767257656542765139,9.339764510061354,1.6960699246713369,0.7024887630310801,0.733014691281747,4
1767257656692468574,9.214000434666136,1.6719950813117601,0.7025031154727599,0.7330985306737473,4
1767257656818023240,9.110361727612592,1.6802911770442641,0.7023470426668214,0.7330476465420197,4
1767257656893120072,9.14155464270694,1.6705104333540703,0.7023895992603092,0.7330383864311818,4
1767257656942281192,9.33630559603149,1.6936401388102253,0.7025149412564123,0.7330448577619424,4
1767257657092963342,9.074835841727968,1.6498016757542977,0.7023760173822217,0.7329848752656161,4
1767257657143007321,9.176548535981155,1.6984961652679518,0.7022230985363898,0.7329789924605052,4
1767257657217619961,9.206813115626765,1.6633030015781485,0.7024093280531468,0.7329970293436227,4
1767257657293178257,9.289103243642849,1.690541982221187,0.7025347374313076,0.7330652329440652,4
1767257657418129655,9.198913910017815,1.6873334079848799,0.702424973347537,0.7330553072019519,4
1767257657492433332,9.219227353551407,1.6821232635571912,0.7024424426845695,0.7330473512239173,4
1767257657542847984,9.352844104037917,1.644743882559415,0.7026701393621444,0.7329717410990412,4
1767257657618120934,9.288614977359444,1.6818019586634911,0.7025542129651047,0.733048402752084,4
1767257657692913231,9.309629331682556,1.6815947641196372,0.7025289069753743,0.7330060567645217,4
1767257657742633728,9.20617873430185,1.6739132304774051,0.7023878903976424,0.7329934843859213,4
1767257657817596404,9.351029573345215,1.6580102531536924,0.702608586488615,0.7330061243744518,4
1767257657892862829,9.073382751030312,1.6648114046509273,0.7023942970946163,0.7330563261269641,4
1767257657942933307,9.280669666840492,1.670462321817544,0.7025185484007905,0.732994117917577,4
1767257658092557704,9.351839987745802,1.678463769974268,0.7026005902477404,0.7330186659597666,4
1767257658143171780,9.112458650671451,1.6277597366662666,0.7025051979815042,0.7330389914385874,4
1767257658418360434,9.266665608360537,1.658295485632311,0.702561516654989,0.7330286937892813,4
1767257658542479804,9.288857306833043,1.6836944419165625,0.7025395632162523,0.7330793273634544,4
1767257658617831733,9.366808689452832,1.689431566392709,0.7026247212206639,0.7330531142156683,4
1767257658693070671,9.28686259677669,1.645863648900599,0.702673329898711,0.7330819137672778,4
1767257658743000860,9.089306335241186,1.673464904518982,0.702201664609689,0.7329507907413106,4
1767257658817834007,9.168280169580711,1.6729176186233237,0.7023805185004,0.7330312278839262,4
1767257658893093692,9.224218523066652,1.6972821078781533,0.7024350318123617,0.7330414269716116,4
1767257659093068835,9.081305891562753,1.6549749166914667,0.7023766711236696,0.7330465784147044,4
1767257659142847820,9.30979300078727,1.658490293926757,0.7026328416444731,0.7330063478399438,4
1767257659218215325,9.11756680088116,1.6682672860142478,0.7024153189139456,0.7330348691809732,4
1767257659343111040,9.20048050432165,1.6444414770515077,0.7024501642390251,0.733027955844411,4
1767257659417433767,9.320967527920331,1.65151457692428,0.7027159289147176,0.7330125793382779,4
1767257659543028695,9.27826287902822,1.6706241385805363,0.702541446110223,0.7330492561854992,4
1767257659693576395,9.177041102877205,1.6812975221163478,0.7024310754891315,0.7330493954047619,4
1767257659742614328,9.17232569703863,1.6704372713531113,0.7023403625544272,0.7329897444697863,4
1767257659818039981,9.284758813477678,1.6986563592072712,0.7025497702723598,0.7330875136198298,4
1767257659892963961,9.201815841274218,1.679041735969887,0.702408456920012,0.7330487019571792,4
1767257659942782988,8.987219095966005,1.6430021379917412,0.7022343857703519,0.7329927011458693,4
1767257660292836165,9.31037073704799,1.6823191327512756,0.7025777730984696,0.7330902158549897,4
1767257660343253481,9.245023932999196,1.7109278275156417,0.7023932970774758,0.7330503085655874,4
1767257660417560972,9.19491433419295,1.6588118988444174,0.7024348506615775,0.732993987877894,4
1767257660617962290,9.165552777869124,1.6603444752904795,0.7025141473465829,0.7330665168179719,4
1767257660692597870,9.286492021509552,1.6615163114704992,0.7026278662259805,0.7330480953572651,4
1767257660742963409,9.274639994440337,1.6536292691264138,0.7026612347067225,0.7330790646954108,4
1767257660818103174,9.13590502081263,1.6594715076310291,0.7023659496549047,0.7330219445718325,4
1767257660943022691,9.298750372343513,1.6794360996973436,0.7025350752705393,0.7329984688076497,4
1767257661017876526,9.258152695552969,1.6863800987157735,0.7024567483197015,0.733003289855866,4
1767257661092505798,9.226610826541082,1.640446760655585,0.7026227061485143,0.7330483199106038,4
1767257661143042151,9.272880438378373,1.7333589619255751,0.7022048520539835,0.7329607498966175,4
1767257661217803670,9.23514793047342,1.665875156197525,0.7024787674215348,0.7330617721422956,4
1767257661293128068,9.19791032248174,1.685605874223244,0.7024066638659677,0.733035282888068,4
1767257661418354876,9.1768093204736,1.6685185691180109,0.7023424291297298,0.7329893944819635,4
1767257661543179432,9.244246175134197,1.6438769299249678,0.7025596159935575,0.7329995554231373,4
1767257661618120520,9.295883462482223,1.630772897850724,0.7027507167332593,0.7330264930288368,4
1767257661692998164,9.124890939923635,1.649663415380425,0.7024828761515043,0.7330593259465528,4
1767257661817991559,9.26434921064756,1.6662192654428363,0.7025490186560329,0.7330620161520909,4
1767257661943138150,8.984208000013204,1.6469152801804678,0.7024027098292219,0.7330705494672998,4
1767257662093204694,9.0661805051504,1.6526435222016926,0.7023320003524303,0.732990451646467,4
1767257662143062966,9.185830695339181,1.654433333703425,0.7025305163877033,0.7330169740462907,4
1767257662217423920,9.417506749054061,1.6885041389419086,0.7026064460775777,0.7330090983415823,4
1767257662292906484,9.26227051929185,1.6971222553015415,0.7024606225121377,0.7330807431623901,4
1767257662342403208,9.297880632100576,1.6830917347493677,0.7025358305845909,0.7330512412839021,4
1767257662542688663,9.386116523172783,1.700946878458715,0.7025554985095516,0.7330672837461636,4
1767257662617345828,9.321717108188633,1.6771625936236236,0.7024813638339783,0.7329698327286802,4
1767257662693213874,9.144177161067413,1.6927645614703193,0.7023244024131682,0.7330426458424647,4
1767257662742431160,9.058352537931968,1.6727969783882066,0.7023269241801006,0.7330529427430469,4
1767257662817623665,9.155973130375305,1.65545564394769,0.702438780556494,0.7329724636638248,4
1767257662892710841,9.16776141748299,1.6816140009536698,0.7023732032817807,0.7330327517974201,4
1767257662942376906,9.11253459406991,1.7020446773457834,0.7021642047581054,0.7330183993613576,4
1767257663017326979,9.278525289090123,1.6677965415778657,0.7025229553119483,0.7330112241406553,4
1767257663093280427,9.425946798093499,1.6963873653724355,0.7026343573537466,0.73306361995281,4
1767257663142392809,9.274825143212873,1.6575810345151996,0.7025851436651851,0.7329925594877209,4
1767257663292720956,9.280745052652083,1.6984815149819243,0.7024393517597399,0.733042555233245,4
1767257663342574754,9.279199898716728,1.6810929091836009,0.7025188798129576,0.7330253222377694,4
1767257663417868733,8.982520513953872,1.6896533299509835,0.7021621456600585,0.7330366516728561,4
1767257663543111985,9.176915840877985,1.655686732844957,0.7024546888034132,0.7330320766569308,4
1767257663617986243,9.195062912452201,1.6899991556346239,0.7024068966617136,0.7330133928621857,4
1767257663693358773,9.224205720781864,1.645455355326937,0.7025890863295854,0.7329965112724544,4
1767257663742930092,9.254410573979023,1.6675085806150418,0.7025758733346297,0.7330613048168166,4
1767257663893108696,9.399320550972256,1.696218656165691,0.7026302304423275,0.7330134634366061,4
1767257663943118478,9.323137085679,1.6816459221475843,0.7025693212007057,0.7330252680994288,4
1767257664017976221,9.239430869863119,1.677546184800044,0.7025574660684479,0.7330646603122033,4
1767257664093208405,9.288417405613703,1.6612966393501853,0.7025125339635665,0.7330267302204996,4
1767257664143204620,9.400281162890822,1.662558057612356,0.7026440551943045,0.7330436126387204,4
1767257664217977592,9.299331382894515,1.6448867074752223,0.7025591103219619,0.7329856944906273,4
1767257664293202447,9.269716483703338,1.6842320852871984,0.7024147518250105,0.7330243312411328,4
1767257664342920859,9.319885913500524,1.7052039225532745,0.7024672369788086,0.7330053078850233,4
1767257664417996195,9.315430900655453,1.6852589596332819,0.702480158258524,0.7330202404329559,4
1767257664492728770,9.193950993105492,1.6791405515770457,0.7024109064074388,0.7330264478915326,4
1767257664617773212,9.154283419510744,1.667121769481997,0.7024562572929206,0.7330347502999645,4
1767257664693238994,9.204216853612724,1.6739343619415825,0.7024532111958506,0.733030094374132,4
1767257664817471457,9.123926682361617,1.6638791990275759,0.7024820063678998,0.7330582514690346,4
1767257664893133034,9.15876095536483,1.6794679897342364,0.7024075477419808,0.7330487854207101,4
1767257664942853540,9.26547813959222,1.704546045557143,0.7023785156588614,0.7329941542757022,4
1767257665018003109,9.260897497823883,1.6802297332720864,0.7024612345700374,0.7329530348765368,4
1767257665093074612,9.246117852830803,1.6838984703339646,0.7025172407470983,0.7330593336899284,4
1767257665142378773,9.165671639773553,1.6544328241121344,0.7024978321501133,0.73302783010985,4
1767257665217717600,9.362127887560078,1.6772235200996493,0.702658303776997,0.7330432756975653,4
1767257665293139303,9.236761532182225,1.6970966496109712,0.7024594579765191,0.7330431874819547,4
1767257665342593035,9.024885580694807,1.6715756539495363,0.7022918624665162,0.7330729937399424,4
1767257665492875927,9.245925190100035,1.6976404348973724,0.7024894601705196,0.73306286337948,4
1767257665542921396,9.227644308948179,1.6557450308108077,0.7025686112195458,0.7330458548691283,4
1767257665743073776,9.180685531276044,1.6926631622638166,0.7023635060060742,0.733048767712926,4
1767257665817775233,9.153666588353481,1.6083889380494916,0.7024845882348087,0.7329744559610801,4
1767257665942648856,9.462133446988542,1.7095714601948941,0.7026142720864534,0.7329865125915933,4
1767257666017781563,9.114491519793933,1.6519870630350404,0.7023544059946089,0.7330289983675189,4
1767257666093112771,9.43065700336032,1.6711982897625999,0.702706330596771,0.7329982335806733,4
1767257666293371457,9.149859749693512,1.7129392427185897,0.7022310849522975,0.7330503885048915,4
1767257666618055771,9.301396186549793,1.687876972245695,0.7025006183151115,0.7330462627284533,4
1767257666693011947,9.336498519770808,1.7150034351341112,0.70241327581557,0.7330051616638139,4
1767257666742667497,9.170172660847076,1.6705399062316606,0.7024833514849522,0.7330358547154947,4
1767257666818129059,9.000833989280533,1.6600324147319192,0.7022278117415177,0.7330600745101932,4
1767257666893199064,9.184516911183715,1.6635251867395757,0.7024931780813917,0.733037291301478,4
1767257666943138187,9.336231036812915,1.664930974904675,0.702649103819754,0.7330266750848448,4
1767257667018020081,9.233219928160064,1.6713036410175153,0.7024473678786122,0.7330198117261729,4
1767257667142665778,9.215860881694905,1.6382038417654512,0.7025310919928356,0.7329810076767594,4
1767257667217376905,9.333393204881135,1.6981646888571518,0.7025099784720913,0.7330292776783436,4
1767257667293273278,9.295527568689677,1.6928713198516823,0.7024571867239308,0.733016652968973,4
1767257667342632210,9.245937705290475,1.6913244172591764,0.7023765556429681,0.7330500402828022,4
1767257667417572577,9.108072348423924,1.6690579084054518,0.7022772901989768,0.7330257232802565,4
1767257667742355811,9.28844869497758,1.657909724694914,0.7026876483293832,0.7330695389710215,4
1767257667817694771,9.111139454920703,1.6690832234696236,0.7024008745516741,0.7330592114096501,4
1767257667942351985,8.919311531640052,1.67539531820502,0.7020833060018825,0.7330191879053576,4
1767257668092790092,9.195659803157618,1.6654558664286336,0.7024101326838984,0.7330002447957664,4
1767257668292487668,9.345349657803869,1.673455088822674,0.7026149925390522,0.7330250385748134,4
1767257668342592591,9.16734197506852,1.6650171269656462,0.7024916828515292,0.7330717393887959,4
1767257668417363063,9.243722535348553,1.6829087926438269,0.7025178501711606,0.7330551781556773,4
1767257668542913993,9.185592483938688,1.677020545484672,0.7024186075626441,0.733045239842501,4
1767257668618193751,8.893058691077481,1.6543149826603532,0.7020695958254931,0.7329682979557934,4
1767257668692934597,9.14654102873802,1.6974872169504147,0.7022868451081105,0.7330239095210465,4
1767257668742758037,8.923233989829304,1.6913060970489757,0.7021225645920971,0.7330667587857201,4
1767257668817383747,9.41075623897425,1.7098351216251424,0.7025927924361937,0.7330465946444271,4
1767257668892188572,9.354213166875237,1.7008898837131659,0.7026148384006079,0.7330416856972973,4
1767257668942135033,9.356832431769657,1.7011299354040665,0.7025282726282488,0.7330318238978637,4
1767257669017677404,9.25718906241979,1.6802389594866556,0.7025136031466269,0.7330428660081684,4
1767257669092920198,9.050696863776686,1.6954669277453605,0.7020152648337024,0.732950737773567,4
1767257669142852909,9.176742192259724,1.7098264231169307,0.7022504794327991,0.7330050352142938,4
1767257669217962601,9.352873980386534,1.6733844671043123,0.7026011134453997,0.7329993708843446,4
1767257669292610254,9.471501560390895,1.702873799159937,0.7025621259991758,0.732976949591557,4
1767257669342869457,9.218086514193313,1.682685920923541,0.702487332521472,0.7330072809776464,4
1767257669492956331,9.334628199400674,1.6920779193932483,0.7025451428293749,0.7330107632696184,4
1767257669617937691,9.29099936374833,1.6701823094772177,0.7024203716175366,0.733006202376037,4
1767257669692745376,9.377105840472023,1.6858354375880424,0.7025807970195449,0.7330232490642342,4
1767257669742865353,9.22837463264148,1.6564785568351728,0.7024794597470759,0.7330040808095215,4
1767257669817719727,9.387052428399878,1.6723340788795484,0.7026298200740535,0.7329478037791901,4
1767257669892541921,9.301270577316778,1.6601890238157722,0.7026046068542546,0.7330003795277802,4
1767257669942329460,9.342157174611398,1.7123543041176108,0.7024113222045776,0.7329967828356133,4
1767257670142557382,9.281299257222987,1.6834840749652096,0.7025045793359493,0.7330314362464847,4
1767257670218030368,9.380960616520495,1.6739359548723347,0.7025705178547194,0.7330416307457771,4
1767257670293077367,9.45852399620395,1.7002786528220855,0.7026568182679297,0.7330582189885286,4
1767257670342971121,9.228220218992057,1.6881284647170236,0.7025124585084143,0.7330668219732176,4
1767257670417411409,9.016805753722434,1.6770049252974473,0.7022766233338082,0.7330615588424045,4
1767257670542927246,9.205704090929135,1.6586323454127916,0.7025229732215459,0.7330518604273742,4
1767257670617673889,9.293264934339351,1.6890563185764054,0.7024683369495511,0.7330174911896161,4
1767257670742150360,9.092314068639308,1.6270044780222734,0.7025129513100603,0.7330204047416446,4
1767257670817246766,9.398557607480761,1.6686406774705727,0.7026340916782602,0.7330144328528756,4
1767257670893010873,9.133175579779106,1.6656940575830992,0.7024249445401721,0.7330566526722416,4
1767257670942900099,9.258881749053206,1.693308887858974,0.7023783439567357,0.7329927420542657,4
1767257671093095305,9.271009428994613,1.661662021474104,0.702477272326765,0.7329961619830274,4
1767257671142100937,9.27235881749533,1.678729322170901,0.702520224911922,0.7330355311983733,4
1767257671293152499,9.287130764622509,1.7108522790963658,0.702300474103582,0.7330370100549508,4
1767257671342698753,9.215240932574753,1.6939859910845136,0.702426227341722,0.733071607269401,4
1767257671417905000,9.20734175777882,1.6359626739640554,0.7025940958170264,0.7330338146252716,4
1767257671492725126,9.28617827338607,1.684390615966081,0.7024884018424375,0.7330125941840748,4
1767257671542653609,9.134674096154317,1.6839264443990565,0.7023807552196838,0.7330620422081837,4
1767257671692685584,9.395589239067137,1.637789273644604,0.7028443539296204,0.7330351318845577,4
1767257671743176854,9.457201507474423,1.6881489437127517,0.7026182062279608,0.7329936371317423,4
1767257671817427369,9.224135849020044,1.682779193986155,0.702449897772521,0.7330460415603796,4
1767257671892296546,9.289500476469815,1.6508447193595546,0.702571084648179,0.7329930033329427,4
1767257672092518772,8.979857627077315,1.6688066588627117,0.702277520513322,0.7330613159429376,4
1767257672142514924,9.304485467391599,1.6533596513179152,0.7025693265676778,0.733001614422172,4
1767257672217962617,9.448884411414117,1.7226847161646308,0.7027049971294151,0.7330662767874803,4
1767257672292543733,9.271189220524834,1.696392995160798,0.7024307222533459,0.733050635475938,4
1767257672342259143,9.072202508354831,1.6764230602172205,0.7022256190781807,0.7329936091794665,4
1767257672417684630,9.160541761170094,1.6703529157275074,0.7023692083480897,0.7330182138967883,4
1767257672492987406,9.3008643971374,1.6806541542191895,0.7025394720563233,0.7330180920612966,4
1767257672542978556,9.557938440959536,1.694882596412956,0.7027567422395327,0.7330529737105077,4
1767257672692519160,9.180880053461514,1.6579685340406132,0.7024868830956669,0.733032006214159,4
1767257672742213847,9.408935788219775,1.706593733676433,0.7025568513616199,0.7330081141397208,4
1767257672817368359,9.298388868572815,1.6866044346052487,0.7024895951967919,0.7330059382309582,4
1767257672892446551,9.14780359735623,1.6888139314325294,0.7023352687261377,0.7330391867752709,4
1767257672942263186,9.076386387899982,1.6565346631634412,0.702336616722203,0.733026037652298,4
1767257673017652260,9.43507467682403,1.6872447898239236,0.7026125582083124,0.7330211251391532,4
1767257673092989323,9.288111660677778,1.670604942612016,0.7025404907867948,0.7330130732041271,4
1767257673142948479,9.423202711562272,1.727533413479357,0.702568120512972,0.733057739782305,4
1767257673292431087,9.204937687081083,1.6679134131714706,0.7023820972011122,0.7329803466613796,4
1767257673342878261,9.180900924822266,1.6958392865291232,0.7022916826814921,0.7330003142759365,4
1767257673417433396,9.364955166852763,1.6902707346259338,0.702591613510889,0.7330096176489266,4
1767257673492401763,9.107379272419669,1.6374513601445535,0.7024755909597152,0.7330643072400764,4
1767257673542726872,9.243025311667319,1.6664692135361265,0.7024440817620344,0.7329596333349578,4
1767257673618239006,9.286718464745935,1.6854323559625095,0.7025403552268493,0.733012616696896,4
1767257673742910762,9.210280731971165,1.6269551126624606,0.7026605759952432,0.7330609570769888,4
1767257673817829100,9.20871421952385,1.669937826090568,0.7024907053181442,0.7330712678427824,4
1767257673892302154,9.044581401094543,1.6461890928540144,0.7023401435584569,0.7330347068970434,4
1767257674017120962,9.208657073475068,1.679325568869311,0.7023873735675341,0.7329773502843538,4
1767257674217251510,9.047075832413487,1.663778809131657,0.702311881690621,0.7330460896471228,4
1767257674293063816,9.107759220881363,1.678992371855459,0.7023820283087713,0.7330451226200503,4
1767257674342817234,9.168581049262215,1.6711381227893758,0.702503202067178,0.7330556299902241,4
1767257674417411103,9.136958139667195,1.6766527991240354,0.7023850862819758,0.7330388478926302,4
1767257674492699569,9.087750003942464,1.6651426064868449,0.7022528918584258,0.7330058224065226,4
1767257674542988614,9.337186335616865,1.6546146731922824,0.702636838459454,0.7330248311094992,4
1767257674618273542,9.378866686694188,1.6951577641667381,0.7025601895522868,0.7330132468142091,4
1767257674817880513,8.94235677706412,1.6310219936912584,0.7023995008637026,0.7330527010847266,4
1767257674892664834,9.238142962382124,1.6321310323519083,0.702628102866141,0.7330252644055778,4
1767257674942555269,9.382073164716399,1.6890813007157044,0.7025805232206048,0.7330253153218663,4
1767257675017808983,9.311080883129264,1.6678078667459881,0.7026039866560192,0.7330515571327918,4
1767257675142803212,9.340572842352678,1.6679069558080468,0.7026208467722835,0.7330172175861134,4
1767257675217617524,9.373017612927415,1.6938200753883887,0.7025409230303777,0.733008123415763,4
1767257675342246269,9.604231879010383,1.7052071355404663,0.7027011588422091,0.7329627851276507,4
1767257675417407691,9.257166504747394,1.6887971520961418,0.7024034846347855,0.7330161666786427,4
1767257675492617366,9.364888356470535,1.677138638469062,0.7025552781055411,0.7329811705018203,4
1767257675617715389,9.318018860215549,1.6714787779345028,0.7025879523598422,0.7330673298532402,4
1767257675692907707,9.445163749628449,1.6961748573523303,0.7026748017746981,0.7330145980618471,4
1767257675817872103,9.320611553565783,1.6997154735111708,0.7024878966444202,0.7330495729319016,4
1767257675942456952,9.30510394063544,1.697037416951021,0.7024650473125479,0.7329969607827276,4
1767257676017724276,9.40846065427725,1.6896213822894242,0.7025997337044795,0.7330375962965765,4
1767257676092731629,9.292947690860531,1.672048691079261,0.7025363923254767,0.7330131446200618,4
1767257676142258223,9.259162292673096,1.6461445494812816,0.7026408461419384,0.7330373624521325,4
1767257676217864257,9.222019995097863,1.6812778937640922,0.70246088484847,0.7330449687635351,4
1767257676342712821,9.384536792642617,1.68602458810535,0.7026032615007801,0.733011706473166,4
1767257676417557094,9.379224550767674,1.7245840349777801,0.7024801204589762,0.7330268433157755,4
1767257676492683277,9.186188299637244,1.6573687512616797,0.7024594925890604,0.7330253983325207,4
1767257676542788281,9.31533461537537,1.6423732100142254,0.7026403775849067,0.7329781459195958,4
1767257676618229103,9.263033560349964,1.6747372644862963,0.7024515963124927,0.7330198910670728,4
1767257676693085777,9.175161935105702,1.6629971826994485,0.7024297110613124,0.7330054981230951,4
1767257676817330194,9.391179478498879,1.6810277096353736,0.7026134942323554,0.7329877848202013,4
1767257676892846758,9.16775460541286,1.6689736131581492,0.7023380202397121,0.7330202906134953,4
1767257677017631689,9.175841974593869,1.6351673669145805,0.702548679850078,0.7330364798341613,4
1767257677092746892,9.494132765335062,1.6823147483546568,0.702740221260466,0.7329816732382435,4
1767257677142365413,9.20146613799766,1.7356905786526544,0.7023418028354016,0.7330652658567275,4
1767257677217331304,9.265734280385129,1.6828894426545633,0.7024400281381756,0.7330231298303814,4
1767257677292189943,9.354904944582243,1.666142528209016,0.7026247252051191,0.732997838780641,4
1767257677743086834,9.07628685754236,1.6589035820763336,0.7023635279234237,0.7329962616725332,4
1767257677817250600,9.25963528960505,1.6789417076441857,0.7024020626102938,0.7330305666519024,4
1767257677892395162,9.299072166138899,1.6731439524017684,0.70252271098353,0.7329890445273044,4
1767257677942597845,9.115226888556705,1.6731350358406738,0.702347028396635,0.733028147900033,4
1767257678092473895,9.23148421097686,1.6761083987138383,0.7024136319421427,0.7330098680777465,4
1767257678142168132,9.126137388617895,1.6705582079713495,0.7023519675399105,0.7330198598521145,4
1767257678217678521,9.295706448711583,1.689851956852813,0.702458603377429,0.733015976792699,4
1767257678292928274,9.004926751738363,1.6794599367876435,0.7021657819123597,0.7329789844378314,4
1767257678342889691,9.193480468885795,1.6770140605166437,0.7024364820650768,0.7330144479758772,4
1767257678417102466,9.332728333950936,1.7141801154750365,0.7024756984277781,0.7330215805804524,4
1767257678492466438,9.159690763167582,1.6389975628731388,0.7025153764882984,0.7330488608523353,4
1767257678542484056,9.189917683700477,1.6939716481040672,0.702440426665044,0.7330565262603308,4
1767257678617877288,9.21494079096119,1.6390196293457633,0.7025424534627746,0.7330022127020424,4
1767257678892622295,9.269664702535984,1.691570336327416,0.7024000223095875,0.7329915443966906,4
1767257678942570238,9.401455436685136,1.694495401724326,0.7024982402620792,0.7329489379258495,4
1767257679092868067,9.17115706964533,1.7099686823971023,0.7022200828117392,0.7330234821406708,4
1767257679142851374,9.414775410745978,1.67490901514373,0.7026700855262854,0.732990230123415,4
1767257679217333938,9.39360279708701,1.666555332985585,0.7027489657997898,0.7330220553959426,4
1767257679342717514,9.378246568939264,1.6656196651385375,0.7027289333515808,0.7330567154925258,4
1767257679418004718,9.32262788794258,1.65384045875571,0.7026330834601677,0.7330287721336786,4
1767257679492776086,9.308239687796483,1.6680981255335716,0.7025474488487952,0.7329705624584548,4
1767257679617577708,9.217971668115442,1.6981575288208786,0.7024329817747389,0.7330455304555686,4
1767257679692750388,9.446681678366819,1.6538169161031855,0.7027275621627708,0.7330019977603187,4
1767257679743259110,9.298237406708765,1.7122796495041952,0.7024541118142436,0.7330840789437882,4
1767257679817592255,9.353665940527446,1.6910595608776176,0.7025942840850214,0.7330666890914843,4
1767257679892633801,9.061947322821396,1.646482051448358,0.7024613567189586,0.733027886623432,4
1767257679942593934,9.257716228014079,1.6478924272765967,0.7026433612027597,0.7330381475472222,4
1767257680142589824,9.268476198071474,1.6362778461809884,0.7026047717850447,0.7329969605939987,4
1767257680292429057,9.39372954294615,1.6947184411954044,0.7025455294639412,0.7330177958154116,4
1767257680342527077,9.313098209330128,1.659713468823773,0.7025053638406288,0.73295554352188,4
1767257681017860802,9.17173249852421,1.665645305533248,0.702559895354342,0.7330492038127823,4
1767257681092257725,9.32321488671295,1.686796759014849,0.7025465762620604,0.7329860623123218,4
1767257681217796304,9.447225385444513,1.6889835566228508,0.7027101240620172,0.7330303244608365,4
1767257681292709833,9.445939857086195,1.6965163009277455,0.7026505245946068,0.7330202832555685,4
1767257681417789421,9.167492558094569,1.6255111597884986,0.702545357205073,0.7330408284679919,4
1767257681492531307,9.080607214020153,1.6999671718025078,0.7022546944405328,0.7330330204530836,4
1767257681542562904,9.317527045900388,1.6896745930338908,0.702447575537652,0.7330038108029024,4
1767257681692673921,9.173237622404073,1.6823110578297247,0.7024145142851995,0.7330204355321196,4
1767257681742350306,9.202926271151712,1.6452400096355821,0.7025199153085626,0.7330144887873478,4
1767257681818023155,9.307788762216163,1.682249531832072,0.7025047731939531,0.7330083152543412,4
1767257681892803161,9.211091434464635,1.673248097632065,0.7023937118776136,0.7329419736602113,4
1767257681942669596,9.295489894795894,1.6873853023638672,0.7024950878354972,0.7329630461067238,4
1767257682092553259,9.19559623485322,1.664202870015088,0.7024928439630593,0.7330534279246941,4
1767257682142572943,9.334265130513497,1.6773232020838071,0.7026254711341737,0.7330118735751704,4
1767257682292796013,9.204548284898696,1.6518486795928446,0.7024246103543922,0.7330016300813472,4
1767257682342833126,8.989119829097113,1.6596409114515318,0.702320978729752,0.7330456380237712,4
1767257682417329508,9.196538771261142,1.6501483510466561,0.7024918992962736,0.7330098248431695,4
1767257682492360948,9.491037025259885,1.6972815135005777,0.7027679698962851,0.7330364604457548,4
1767257682542211417,9.392457986633573,1.7150526620192346,0.7025819164393193,0.7329918501782703,4
1767257682692854960,9.359953849472525,1.6900459545112445,0.7026191785191876,0.7330222728259642,4
1767257682742569706,9.461490623862922,1.6936411492660828,0.7027476134660957,0.7330056474297303,4
1767257682818092387,9.287274578914428,1.6969204867668866,0.7024718908083395,0.7330462256368986,4
1767257682942534770,9.18817061261501,1.6714485206809893,0.7024321712162946,0.733054375938934,4
1767257683017526076,9.250684387947405,1.6795925851196682,0.702505736265674,0.7330245751422182,4
1767257683142615982,9.23003554305235,1.6969256374201063,0.7024200250063501,0.7329901071073479,4
1767257683217230500,9.363279867219742,1.6957425302431464,0.702525067080415,0.7329790908498697,4
1767257683292570539,9.267922339310397,1.673067393768278,0.702492460813433,0.732984629878757,4
1767257683417571805,9.217964411109115,1.6761720716123294,0.7024802295770111,0.7330326126989279,4
1767257683542792439,9.272593012963238,1.67543420006928,0.7025144317910265,0.7330124057082363,4
1767257683617490160,9.25467759815579,1.6844317101543718,0.702437568063958,0.7330163795603022,4
1767257683692085538,9.047638019356597,1.6559527015276323,0.7022949896056706,0.7329989466163882,4
1767257683817758792,9.269858469091341,1.6729259392855986,0.7024695873803511,0.7329977682431689,4
1767257683892769107,9.17746276395115,1.6844845120156398,0.7023702771570103,0.7330090112561377,4
1767257683942831602,9.262350629756888,1.7327662443940208,0.7022460263472706,0.7329739283038211,4
1767257684092383226,9.221841694637579,1.6581579730087537,0.7025276588931256,0.7330129649867647,4
1767257684292926440,9.457915624565882,1.7106356693052396,0.7026713120592171,0.7330754096532962,4
1767257684417885218,9.259424604639243,1.6827389212030581,0.7024463646818314,0.7330238945021249,4
1767257684492788278,9.509774414999894,1.7108077113471702,0.702714254515899,0.7330177291439909,4
1767257684542685988,9.061956902651659,1.63255538155288,0.702329689498657,0.7329717387085877,4
1767257684617798005,9.218231673241096,1.6799367633448503,0.7023921343794745,0.7330058726076392,4
1767257684742410588,9.179071337034106,1.6766400614577361,0.7024508989028402,0.7330373254774889,4
1767257684817956974,9.408340814315297,1.6935594629109487,0.7025288812205606,0.7329844934747878,4
1767257684892951241,9.230788049082062,1.6977564662411584,0.7023622109607527,0.7329894367039539,4
1767257684942566730,9.347869212893546,1.6634214591814616,0.7025814142319766,0.7329722241906759,4
1767257685342214981,9.078407069749828,1.6547729686666104,0.7023407913046493,0.7329964815264143,4
1767257685492824675,9.266243480865688,1.695987020952956,0.7023638077430788,0.7329740523327696,4
1767257685542158301,9.231418920031654,1.7223566767701375,0.7023138990333606,0.7330124577396606,4
1767257685617670112,9.257314705590769,1.6909978278179463,0.7024510005437793,0.7330424975345861,4
1767257685692094735,9.316340186263261,1.679376187010541,0.7025620227090847,0.7330189606226335,4
1767257685742159256,9.180497155447664,1.6296295447295304,0.7025563282253393,0.7330190460156365,4
1767257685817218883,9.197412691743235,1.660413614398268,0.7024581771860873,0.7329937511499035,4
1767257685942775223,9.23425415636192,1.6846436467105668,0.702472373234023,0.7330416665003889,4
1767257686017687831,9.253570584490944,1.679878039066597,0.7024315920362191,0.7330077582510202,4
1767257686092462048,9.295947242558555,1.685853095476733,0.7024599834936077,0.7329695237199662,4
1767257686142903267,9.140563040454296,1.6601424609500555,0.7023697858814946,0.733017661317131,4
1767257686292961632,9.225937348433245,1.6739586275065348,0.7025185277223194,0.7330039406957991,4
1767257686417215151,9.483441515398594,1.6832723422806541,0.7028038230623223,0.7330361386203224,4
1767257686492232226,9.256137550208487,1.6891976872074257,0.7024275055791139,0.7330238672855113,4
1767257686542540750,9.286016612954251,1.6324462753104745,0.7026316298436891,0.7330067810808428,4
1767257686617561278,9.374360915402447,1.7102863642094082,0.7025034515330444,0.7330249140016493,4
1767257686692482264,9.175196399129003,1.706461829938603,0.7023124549684423,0.7330389113099446,4
1767257686817114197,9.133397330915782,1.6475887314874471,0.7024626733465593,0.7330449551711189,4
1767257686942345411,9.113213517700004,1.6413651197339945,0.702333772997442,0.7330026201754556,4
1767257687017813156,9.179922678476116,1.662933503002683,0.7024736328971599,0.7330137599514096,4
1767257687092155541,9.289632635349431,1.6481133440946703,0.702649193511653,0.7330348990388925,4
1767257687217287278,9.313030171059445,1.6568449882406915,0.7027029168436035,0.7330780201880679,4
1767257687292219128,9.08933868540618,1.6473480660002318,0.7023875884163108,0.7329820354728586,4
1767257687492739801,9.146117561408818,1.635534578470305,0.7023984796055863,0.7329777646473904,4
1767257687542780303,9.364457141568971,1.6795117732568903,0.7025522181373168,0.7329764605161575,4
1767257687742432995,9.301653871942372,1.6621691257471112,0.7025980967072263,0.7330153909566751,4
1767257687942837006,9.356107007327473,1.6603731392795582,0.702735384966371,0.7330417117755185,4
1767257688092145205,9.326828028693889,1.6746552607115466,0.7024962369826346,0.7329887616563491,4
1767257688142687491,9.29523711878577,1.6819744594927706,0.7024620575517949,0.7329713643840141,4
1767257688342187878,9.330175814121656,1.683194138752784,0.7025470212493728,0.7330250903233835,4
1767257688492478854,9.265079009262433,1.677550343154519,0.7024825491270851,0.7330062942151324,4
1767257688542493021,9.288807889885176,1.6607218490155349,0.70255356530045,0.7329970082707564,4
1767257688692501385,9.058752610935361,1.6772142875916447,0.7022563978299389,0.7330121856122094,4
1767257688817397536,9.207902416177195,1.6475790790845386,0.7024650878629505,0.7329604188666627,4
1767257688892389544,9.152791923377922,1.6492354364697224,0.7025477588670129,0.7330621131109502,4
1767257688943097815,9.013118266929855,1.6473173351876402,0.702305510198076,0.7330335040104459,4
1767257689092862259,9.368953687554749,1.709796761469106,0.702404320535013,0.7329913393826831,4
1767257689342190806,9.43942503672146,1.692743458703282,0.7025101539878176,0.7329968362079551,4
1767257689417254469,9.493360958552133,1.6943873072209874,0.7027024100023234,0.7330162939975661,4
1767257689492656830,9.069887663334608,1.7106152255820997,0.7021507965401769,0.7330557710134035,4
1767257689692743833,9.219144522374156,1.7097633431060146,0.702322095468066,0.7330300300616174,4
1767257689818653171,9.186232495923651,1.6472382496228792,0.7025166558565428,0.7330100292588555,4
1767257689892280629,9.034835632507065,1.6415056498873495,0.7023697867255829,0.7330042687582229,4
1767257690092673700,9.179674982334184,1.687069022419663,0.7023108765232566,0.7330019226040575,4
1767257690142142783,9.485799450724253,1.6983043052527873,0.7026913404544604,0.7330151535766646,4
1767257690217483504,9.28541222639112,1.6802117562044845,0.7025168371350676,0.7330115174747119,4
1767257690292950718,9.189872445533599,1.6572571020153073,0.7024165654364981,0.7330027505824988,4
1767257690342666329,9.329317484653266,1.7030373396973693,0.7025361072027813,0.7330376687423015,4
1767257690417779616,9.224017533139506,1.6632060890462845,0.70252499476783,0.7330347066304789,4
1767257690492710436,9.321141847754566,1.6831489030033586,0.7025081591794075,0.7330317876077933,4
1767257690542841431,9.20872266291084,1.6739616596768085,0.7024585370469645,0.73300431806912,4
1767257690617797900,9.389805055040723,1.6805975244942255,0.7026584203348969,0.7330331051562113,4
1767257690742808162,9.385990815125922,1.701541654437432,0.702474702324142,0.7329621988993964,4
1767257690817850469,9.114442284621326,1.6372417230148053,0.7024463093521138,0.7330145290648492,4
1767257691143042869,9.137610552011566,1.6575014127947245,0.7023197668957109,0.7329759116675704,4
1767257691217922328,9.409638407399502,1.6602681764792453,0.7027177542544932,0.7329950070726776,4
1767257691292678207,9.1390642189626,1.673509192463653,0.7024585080254626,0.733117048790927,4
1767257691342734708,9.289874519298857,1.6741635831735113,0.7025187010360341,0.7329769225128208,4
1767257691417881564,9.411517508828293,1.7204775131513437,0.7024699117908182,0.7329803919835216,4
1767257691492231852,9.50620402435154,1.7370828752957002,0.7025344380884954,0.7330078751926205,4
1767257691541977924,9.353484688677582,1.6938571144567112,0.702520555017026,0.7329890626039496,4
1767257691692212737,9.36864450957442,1.697929537885684,0.7024347572128227,0.732974165785386,4
1767257691942553702,9.167806460535278,1.6783847245266872,0.702457445990488,0.7330326345691212,4
1767257692017536414,9.442208424792152,1.7040041612499763,0.7026779061681867,0.7330563246840807,4
1767257692092910349,9.406043993067769,1.7122055882067075,0.7025881197829336,0.7330836657568184,4
1767257692142772054,9.209836203668441,1.6961463867201731,0.702378672110337,0.7330223386109286,4
1767257692217748602,9.214689094611316,1.6513212294858222,0.7024377339074922,0.7329757554583161,4
1767257692417818638,9.317352636212362,1.649714515708557,0.702641286020696,0.7329893222377737,4
1767257692492486387,9.305771300115563,1.666888436550105,0.7026144776483131,0.7330233905882729,4
1767257692617845064,9.31145330001093,1.6900374302688042,0.7024669447556936,0.733000619328688,4
1767257692742591767,9.254029324512025,1.6833878719817286,0.7025273388187652,0.7330230978212791,4
1767257692817798198,9.371262530303849,1.7080538127308167,0.7024657567211604,0.7329829801263418,4
1767257692942539912,9.269532879038312,1.7150944734496125,0.7023173826924417,0.7329735993601195,4
1767257693017839617,9.144979064288572,1.674445651431249,0.7024063822187676,0.733023373629212,4
1767257693292319983,9.220434845388258,1.674919448049343,0.7023980552632983,0.7329736088095863,4
1767257693342653981,9.256669266955896,1.6683074535031261,0.7025229677234638,0.7330004432319244,4
1767257693492097446,9.085361315769536,1.653698597268466,0.7023556653844867,0.7330371986632866,4
1767257693617648732,9.355378679981374,1.70307409021892,0.7024929105212881,0.7329938677873069,4
1767257693692157220,9.345461408034605,1.7008777655818548,0.7025395057537961,0.7330208436748323,4
1767257693742807561,9.146687880424608,1.6491627898083956,0.7024407588131909,0.7330040199137653,4
1767257694017548472,9.38951297368995,1.668531217087,0.7027419262369833,0.7330295341954366,4
1767257694092077946,9.280025089525079,1.6868222121466245,0.7025240613305886,0.733058579019929,4
1767257694143061943,9.44928962899494,1.7209723103987768,0.7025778524970969,0.7330138266983351,4
1767257694217109391,9.221123658940122,1.674280121989766,0.7024302614625312,0.7330217995221985,4
1767257694292610245,9.136277507711842,1.6582716362330083,0.7023711899659918,0.7330138749448657,4
1767257694342548241,9.329848672268604,1.6966613695297426,0.7024374189600725,0.733007545705196,4
1767257694417153118,9.138761912311999,1.6677454300969576,0.702419611468844,0.7330185343842875,4
1767257694492211902,9.568026037081623,1.7064721945440793,0.702776009929274,0.732992708465099,4
1767257694692449972,9.055807200915478,1.6362584996657106,0.7023810411223431,0.7329920922998486,4
1767257694817634365,9.325359809350676,1.6971457679326083,0.702474510061353,0.7329858948535349,4
1767257694942221484,9.261505840942984,1.7135861228967364,0.7024550522251729,0.7330303220616116,4
1767257695017545397,9.091131938587683,1.6689920240592193,0.7022997530144321,0.7330051286665707,4
1767257695092578124,9.254511310060497,1.6861662633173502,0.702495773918608,0.7330371772930973,4
1767257695292427480,9.239924864472782,1.6502579201089678,0.7025207302530749,0.73299892344594,4
1767257695342601284,9.290120210887377,1.6769436050118385,0.702467881178265,0.733029991687243,4
1767257695417537678,9.184581281182712,1.7023163821444671,0.7023042223532212,0.732998524138878,4
1767257695492113466,9.312550949510445,1.67910535481348,0.7025034167742978,0.732942764850745,4
1767257695542775542,9.30595108030008,1.7045676123687992,0.7024251177479673,0.7329513919303188,4
1767257695617364278,9.46744204502048,1.7045598393335475,0.7026059961424411,0.7330041406938094,4
1767257695692397699,9.182869293061557,1.6772373215392458,0.7025153088775286,0.7330756252879068,4
1767257695817464818,9.17100252547931,1.6509455749746218,0.7024952479628223,0.7330079806054154,4
1767257695942245759,9.066926906526994,1.69508609484205,0.7022861180492297,0.7330424992791575,4
1767257696017490605,9.23885484704412,1.6905828820384983,0.7024216932624632,0.7330106802001121,4
1767257696092150494,9.204826770540242,1.6742260980113022,0.7024294340936972,0.7330104566721103,4
1767257696142002259,9.199942740987233,1.6515071344454553,0.7024606444691226,0.7329812993389504,4
1767257696217372495,9.046889736825992,1.6830579411698594,0.7022430502750637,0.7330574982481862,4
1767257696292908434,9.283316543974074,1.7248831386264256,0.7023917216987149,0.7330102673768348,4
1767257696342379819,9.211026573511361,1.6656035038788821,0.7024089906614618,0.7329859760767314,4
1767257696417081214,9.429072790837377,1.7352492877782022,0.7025013547602643,0.7329907349631232,4
1767257696492686044,9.022648169144777,1.6721371750130127,0.7022914660482458,0.7330199860726877,4
1767257696692231583,9.186515723270784,1.6713748793279013,0.7024196420133676,0.7330280114006941,4
1767257696892778947,9.304717130998451,1.6885606772345876,0.7025078322586535,0.7329739999217354,4
1767257696942018349,9.207488746730718,1.6840818659172518,0.7023205307165221,0.7330036082347599,4
1767257697017483040,9.289060564997342,1.702673920292441,0.7024738103847304,0.7330348029661927,4
1767257697092057888,9.472488710157933,1.7098623823047099,0.702644684323092,0.733017662331711,4
1767257697142487440,9.368527924540459,1.7030588639189088,0.7024322282034459,0.7329596020245432,4
1767257697217833740,9.43895417072782,1.7204891958360813,0.7024889064818568,0.7329918055000113,4
1767257697292386709,9.417726768301549,1.699224608024147,0.7024966453340462,0.7329946652346347,4
1767257697492863826,9.33404672775029,1.6790415201853632,0.7025040578316734,0.732945682412025,4
1767257697542461091,9.268977441460603,1.6883769542610503,0.7023934371009527,0.732960583359398,4
1767257697617239372,9.359933344735726,1.660922873862314,0.7026630040729864,0.7330125797315828,4
1767257697742531253,9.524984795857394,1.728583245019299,0.7025858511056432,0.7329744048045737,4
1767257697816984340,9.31052238628971,1.7033560297485604,0.7025063991952141,0.733028350997753,4
1767257697942682439,9.112632430918088,1.6585689443741762,0.702425968011708,0.7330563347156093,4
1767257698017088634,9.330648498069749,1.7088501869996082,0.7025242008329091,0.7329985830988218,4
1767257698218029269,9.2653889174239,1.687814590243435,0.7024178070218831,0.7329847186780277,4
1767257698292866845,9.347790206095109,1.6510185541747295,0.7027191390452208,0.733006743618429,4
1767257698417553748,9.442949515994115,1.6879731976164145,0.7026375907181355,0.7329885383280986,4
1767257698492577183,9.45440003948006,1.746326521920484,0.7025630582224353,0.7330353250784818,4
1767257698542491395,9.19082322164022,1.7085752961450777,0.7023414565129921,0.7330481921318237,4
1767257698617548427,9.31504842583275,1.68178158862179,0.7025551155998477,0.7330402843942596,4
1767257698692739118,9.24317025548027,1.6596990562119809,0.7024781487953863,0.7330080719738898,4
1767257698742157586,9.2680858276879,1.6969255589533594,0.7024246005428205,0.7330268118639562,4
1767257698817751678,9.296023599603021,1.7051152453394403,0.7023901203580557,0.733020025736832,4
1767257698892292439,9.272697350976578,1.6679418155556087,0.7025236802079178,0.7330340797231716,4
1767257699017802746,9.135837811371172,1.6430215003242141,0.7024290277755295,0.7330011746176025,4
1767257699092580774,9.349081034718543,1.6667163109300387,0.7027011632609796,0.7330197233362751,4
1767257699142397837,9.295248249100108,1.6917108536384817,0.7024531090539363,0.7329972984093244,4
1767257699217707889,9.306479070871898,1.6899221685087664,0.7025290327823748,0.733047992050052,4
1767257699292451504,9.20320346700576,1.6670457113282677,0.702426408594079,0.7330003809006086,4
1767257699342083639,9.349979954908271,1.694208730485946,0.7024958675766994,0.7329858862266195,4
1767257699417473966,9.300267174839894,1.675412455637088,0.7024459780842984,0.7329720061384374,4
1767257699492496377,9.403931033050817,1.6859643219106821,0.7026284614859692,0.7329979666251973,4
1767257699542053359,9.44277637289992,1.696798421610302,0.7025962870004628,0.7329784041340648,4
1767257699617629085,9.33537489877445,1.6523099201626803,0.7026719210733149,0.7329778188150031,4
1767257699692442713,9.394911445235854,1.6460696836180375,0.7027533190247607,0.7329897914838275,4
1767257699742611212,9.317500562269654,1.6855021011184654,0.7025307398964319,0.733011542659057,4
1767257699817786918,9.501629669702139,1.6993231344549402,0.7026591969808552,0.7329691285910683,4
1767257699892503965,9.47312278166379,1.7173532726069682,0.7025946402835712,0.7329710814677188,4
1767257699942526668,9.322375415336426,1.6891780345042622,0.7024917650834178,0.7329519624834757,4
1767257700017429649,9.156747652036113,1.7113449938712086,0.7021842153773713,0.732977850034241,4
1767257700092104293,9.368314687722034,1.688662781679321,0.7025800223329377,0.7329823572058998,4
1767257700142483283,9.04952619963073,1.6642525047616814,0.7023287304864302,0.7330501004510179,4
1767257700417304273,9.26984113546725,1.6828951981684777,0.7024679571963899,0.7329815335910702,4
1767257700492801126,9.307083805817129,1.6776378432353949,0.7025650936830033,0.7330256689967194,4
1767257700541984641,9.258360931165054,1.6725006949883012,0.7024690735035394,0.7329898405872888,4
1767257700617614555,9.318916482164097,1.6890459333279622,0.7025653661695219,0.7330103311478339,4
1767257700692105660,9.265908868359984,1.692465665464439,0.7024072270313575,0.7329576786199582,4
1767257700742567499,9.493016887093809,1.6812603630408236,0.702815484686425,0.7330148121916653,4
1767257700895934723,9.297631344514002,1.6972875359246682,0.7024310283949133,0.7329841784292702,4
1767257700942925991,9.154028708809324,1.6759223463679342,0.7023762436775882,0.7330109092748067,4
1767257701017770328,9.090137652153608,1.6898641393124034,0.7022627469120603,0.7330444784554774,4
1767257701092112359,9.14528990462793,1.6486493886093125,0.7024677729533877,0.7329648011940535,4
1767257701217013138,9.35168668550823,1.6840266159233532,0.7025780430793825,0.733000604499497,4
1767257701292407792,9.220265249700432,1.6793253285016962,0.7023727022087158,0.7329570025850903,4
1767257701342669249,9.540986443267618,1.700525733443899,0.7027058711854749,0.7330019907727272,4
1767257701417732347,9.314193335817734,1.7131939345693115,0.702470146544216,0.7330105789850553,4
1767257701492675977,9.399046376341147,1.6881547003701105,0.7025378806627879,0.7329980478629052,4
1767257701542518805,9.392484272567557,1.6199554126131748,0.7027541041399348,0.7329795436737278,4
1767257701692456374,9.20215579102912,1.6681808072514268,0.7024680821366523,0.7330132181008209,4
1767257701742371634,9.36536153187717,1.6997880757109154,0.7024903070207326,0.7330122684435467,4
1767257701892496326,9.311199498274746,1.6968390544417868,0.7024970709286966,0.7329857100903638,4
1767257701942594769,9.210006316795138,1.6860125665656278,0.7023469002901419,0.7330001558986892,4
1767257702017584518,9.295215974854276,1.6640487338284065,0.7024990118753347,0.7329589271711056,4
1767257702142530770,9.249145880614428,1.7254730924761223,0.702242432247416,0.7329869449175231,4
1767257702342179942,9.40004772118197,1.7029299831523148,0.702598306677259,0.7330248519181524,4
1767257702492230774,9.191408738511765,1.679951296308184,0.7024742355890788,0.7330566858651342,4
1767257702617042093,9.252377107067055,1.6934119881704777,0.7023731055100643,0.7330048858253903,4
1767257702892579802,9.40829180678071,1.6702528224064561,0.7027443105692691,0.7329927609147083,4
1767257703017662780,9.22119824608647,1.6809785771650774,0.7023568242204449,0.7329441466024526,4
1767257703092019746,9.233846161172066,1.6947218581270422,0.7023853327948816,0.7329590301925987,4
1767257703142261517,9.06291411734328,1.6829508027299152,0.7021465499101402,0.732974813455599,4
1767257703217429030,9.397531793096547,1.6887840365434446,0.702558607789527,0.7329754613666681,4
1767257703292450824,9.252108371827994,1.6287099702438113,0.702616186157975,0.7330013518834229,4
1767257703417683556,9.331475807315748,1.6568506889511914,0.7026059159412772,0.7329938679017449,4
1767257703492676597,9.162887646332551,1.7058371869170856,0.7023288323245921,0.7330717936465501,4
1767257703692576271,9.266825457530437,1.672593236935791,0.7024558942573884,0.7329652610571137,4
1767257703741937923,9.44075947626577,1.6830494180636983,0.7026998371338646,0.7330133103819911,4
1767257703892634701,9.317678742336689,1.7002175663397463,0.7024922346307118,0.7330099410950619,4
1767257703942685541,9.36564531629125,1.6993110120008137,0.7025552238557531,0.7330048906088152,4
1767257704092316044,9.431624837722197,1.6992002375381443,0.7026940677315051,0.7330206547201308,4
1767257704142690925,9.08428327288313,1.7072454610324461,0.7021441988779272,0.7329862552174863,4
1767257704417445271,9.214560434218978,1.6719471387553462,0.7023031180342757,0.7329311242154753,4
1767257704492519605,9.110090580654706,1.6686452484259244,0.7023450922490517,0.7330181813037365,4
1767257704542483711,9.374099272431046,1.7008842884740347,0.7024608724779884,0.7330316540894166,4
1767257704617315360,9.207907017907413,1.710800256427523,0.7023420795289353,0.7330264377869679,4
1767257704692532061,9.237757476006635,1.6999654704077698,0.7023524639666536,0.7330165439417544,4
1767257704817543510,9.173160643972999,1.669005408767466,0.702416435597782,0.733008660032866,4
1767257704892051074,9.214317423887008,1.6545369768975497,0.7024765459666764,0.732980349349662,4
1767257704941975775,9.423166891672441,1.6616603500272764,0.7026849258993544,0.7329858712909292,4
1767257705017750937,9.217491236480303,1.6856800088059842,0.7023351243741125,0.7330042425074826,4
1767257705092886539,9.3396775314879,1.6483901490374178,0.7026573984421984,0.733002952510508,4
1767257705142752388,9.285503565445552,1.6893911130554413,0.7024416784203402,0.7329729358361995,4
1767257705217753320,9.455714022320372,1.6789468462314323,0.7026593105120018,0.7329669709226599,4
1767257705417655735,9.030663973675468,1.6888110410889288,0.7023087738912713,0.7330343336428471,4
1767257705492950645,9.129691522001826,1.6753622694073957,0.7022151256220405,0.732937409254334,4
1767257705617445407,9.349638199191324,1.709428521852816,0.7026118016426618,0.7330611222139045,4
1767257705691985428,9.257187927032117,1.6943428331323769,0.7023714242918178,0.7329818471960526,4
1767257705742398979,9.166549116876421,1.6792430267049971,0.7024065506415036,0.7330407442307311,4
1767257705817467983,9.175953442562612,1.6805472073947574,0.7024111449923561,0.7330188915424433,4
1767257705941853438,9.334620180221464,1.7259791672340363,0.7024962200540291,0.7330293644875285,4
1767257706017290566,9.449211592313489,1.726936012199913,0.7025669667849421,0.7330398271592433,4
1767257706142381581,9.3319826707442,1.6650514471426756,0.7026313984722322,0.732996220295867,4
1767257706341997870,9.24462021006811,1.6819660925247382,0.7024072099904153,0.7329705345321268,4
1767257706417445756,9.05373403651344,1.6927738411487832,0.702203241655972,0.732999220116571,4
1767257706492071063,9.280575403210921,1.7320328046721583,0.7023703401848311,0.7330150961203565,4
1767257706617198543,9.492960793984206,1.6840579459391305,0.7026623038502082,0.7329671958573348,4
1767257706691945210,9.30515294441847,1.6920504893537038,0.7024241529099202,0.7329721537722813,4
1767257706742648949,9.280467084946341,1.6812547287737314,0.7024749083580263,0.7329791280534325,4
1767257706817855672,9.260530629050855,1.7244293223740716,0.7023480460212316,0.7330363723906608,4
1767257706892717179,9.407328056895036,1.7330485606495505,0.7023437384304871,0.7329682400218875,4
1767257706942451307,9.453102605761266,1.686191846534991,0.7026614317638931,0.7330267336351018,4
1767257707017300190,9.272433449009633,1.6665672945462107,0.7024041282527627,0.7329939901399635,4
1767257707092476189,9.245370655915464,1.7082246586763095,0.7023592426188122,0.7330229938901383,4
1767257707141893340,9.273283667625588,1.693040684400188,0.7025002930143002,0.7330098843283814,4
1767257707216916257,9.181822044049493,1.687661895840408,0.7023584796059218,0.7329840612575059,4
1767257707292734725,9.318234559240413,1.7319267383342953,0.7024033045714402,0.7330471902610388,4
1767257707342999552,9.205090987596032,1.6837456988282744,0.702370743487179,0.7329550211418576,4
1767257707492223781,9.437600925479405,1.69017039960689,0.7025560430748738,0.732981868717428,4
1767257707617453543,9.245233233408534,1.6950680361465509,0.7024547349704957,0.7330630318237268,4
1767257707692584029,9.296573748922231,1.6590236116595045,0.702528748144528,0.7330041898566044,4
1767257707742222633,9.397707762882291,1.7270787577768347,0.7024727525797408,0.7330688544598125,4
1767257707817763344,9.288860957388344,1.6730807366976248,0.7025860596659221,0.7330471355334147,4
1767257708142832507,9.119416003434688,1.656525926197835,0.7024544750801146,0.7330351677487936,4
1767257708217407031,9.119012900812184,1.6542113326483243,0.7022977675483959,0.7329826767136935,4
1767257708342482484,9.23169046248784,1.663455454047174,0.7025251903456755,0.7330148375658804,4
1767257708417129727,9.267094170254286,1.6770012665099006,0.7024344582493911,0.7329948746525174,4
1767257708617173069,9.258619152605952,1.6634982364768371,0.7024491404939492,0.7329959589675088,4
1767257708741836489,9.16757872658447,1.6874386411747422,0.7023879090921514,0.733024036299462,4
1767257708817517728,9.348087493187496,1.6931416298527882,0.7025632201172631,0.7329802036299873,4
1767257708892500248,9.425054520839415,1.6991111073406369,0.702635670045951,0.733020830013614,4
1767257708942570025,9.207606956542325,1.7047605857693706,0.7023578211896043,0.7329830730523592,4
1767257709092418475,9.36099288923331,1.6655104285403104,0.7026856943584979,0.7330030639560728,4
1767257709217562489,9.227358516801786,1.6857553277867443,0.7024112572030681,0.7330108464251194,4
1767257709292764471,9.458913325647856,1.7064195716838921,0.7025257099103758,0.7329760364346922,4
1767257709418072165,9.286616432356842,1.695801307058596,0.702470764655187,0.7330051657145285,4
1767257709617025612,9.183088919322513,1.650397411530824,0.7024150246496965,0.7329522720043956,4
1767257709692406074,9.232953627566044,1.693994417451187,0.7024353151234751,0.7330117785008471,4
1767257709742500338,9.289837773616139,1.7049000042809366,0.7024222713176478,0.7330033606637808,4
1767257709817338539,9.067951261761408,1.6902309914915765,0.7023665165633718,0.7330542731949283,4
1767257709892296350,9.182999863945994,1.6626590320037073,0.7024748450683486,0.7330268037457588,4
1767257709942383175,9.138160934554772,1.6527720221822824,0.7024496204699687,0.7330005451333503,4
1767257710017485309,9.49214760956929,1.680225763424442,0.7026836805772028,0.7329480345311297,4
1767257710092078551,9.362693779750298,1.6537979658295152,0.7025888619142793,0.7329230211072021,4
1767257710142124281,9.295822343223904,1.6944988787271544,0.702490681118554,0.7330238837601945,4
1767257710342346427,9.340700362941767,1.6862852948650051,0.7025816764482995,0.7330071131407206,4
1767257710492584042,9.382645529458223,1.6964459318754275,0.7024976907666668,0.7329474677504761,4
1767257710542392099,9.191542142589103,1.661325879798694,0.7023965421437124,0.7329914565730256,4
1767257710616918987,9.41288687046271,1.6827925232319154,0.7026538433384414,0.7329776800468418,4
1767257710692333128,9.23731402380601,1.686866929657445,0.7023655431901202,0.7329773827853941,4
1767257710742005168,9.32451930341427,1.6768597095306335,0.7026444944504794,0.7329966229507706,4
1767257710817234822,9.412509880572962,1.682323023095778,0.7026208985875946,0.732959991505272,4
1767257710892347111,9.285469549853875,1.7267291218860346,0.7023365204761767,0.7330185579966401,4
1767257711017538197,9.362154894226094,1.650119735652648,0.7026379710478141,0.732968291755707,4
1767257711142773892,9.404589033001344,1.6918288952095657,0.7026080150160295,0.7329722530230509,4
1767257711292731555,9.394865775769201,1.6948953376201668,0.7025633139706695,0.7330101335345159,4
1767257711342304742,9.212124353112694,1.6833534247871407,0.702438212205807,0.7330157605806097,4
1767257711417711441,9.348571520388592,1.6581454673276297,0.7025455220378046,0.7329724978396475,4
1767257711542057103,9.43071830675457,1.6978217895471843,0.7025876360787648,0.7329332522310251,4
1767257711617562292,9.139170235642258,1.6539355373972444,0.7024770587445861,0.7330300586101504,4
1767257711692073507,9.273328504649015,1.6977725091303415,0.7024107604844767,0.7329879713571674,4
1767257711742826601,9.430980792765942,1.6733539105290096,0.702702259056907,0.7329699062094372,4
1767257711817614293,9.237301408988486,1.6378246586184306,0.7026323098445915,0.7330201744261121,4
1767257711892267656,9.266235491056207,1.6573210847426805,0.7026274492465846,0.7330317832800349,4
1767257712017380482,9.549413160664821,1.70188957154973,0.7027638257243644,0.7329972864660378,4
1767257712091923219,9.333895416822502,1.6940295561766423,0.7024698110286447,0.7329697358693976,4
1767257712217156664,9.372740861759542,1.6752413292020425,0.7025454707270828,0.7329587216062627,4
1767257712292881951,9.38948499501835,1.6939433373225843,0.70259826570671,0.7330019138841019,4
1767257712342531812,9.157481123725386,1.684735823701939,0.7024040976302978,0.7330312239713357,4
1767257712417565929,9.660775048781156,1.6858563153004176,0.7029837667095645,0.7330212483658226,4
1767257712492666025,9.310131767668928,1.6971391007128858,0.7024673539547319,0.7330136432831926,4
1767257712617420818,9.497030151058405,1.7350091419590037,0.7025448431762176,0.7330140617217334,4
1767257712691973476,9.595279957638647,1.728936855374037,0.702673404026222,0.7329653350701789,4
1767257712942446862,9.318361185563283,1.6949253216367441,0.7023717816801224,0.7329774190586511,4
1767257713017360876,9.34696811926139,1.6946438224020712,0.7025491812418343,0.7329736999760237,4
1767257713092243334,9.250115675241034,1.674722103932979,0.7024988004461385,0.7330155609386082,4
1767257713142666772,9.349595674687517,1.710582690292686,0.7025223446875714,0.7330043153449503,4
1767257713417687172,9.201096207730908,1.7279483184952042,0.7023406193549347,0.733035045767623,4
1767257713492151862,9.522861601003353,1.6496212863271575,0.7028446197278905,0.7329585181218847,4
1767257713542455724,9.533297937718398,1.731013654376751,0.702529288119305,0.7330030253730349,4
1767257713692532768,9.223180205377602,1.6694430776987967,0.7024788615207271,0.7330031408977917,4
1767257713741973386,9.231447073022592,1.6586093515575222,0.7024464667735022,0.7329571019671525,4
1767257713817031316,9.250384708947124,1.6746068930412545,0.7026089681247821,0.7330792502846105,4
1767257714017237189,9.167968603148502,1.688455429944828,0.7023013718600362,0.7329807986831627,4
1767257714142547394,9.34825353174562,1.7040222633732622,0.702557583619152,0.7330114033910297,4
1767257714217013746,9.170101260753016,1.6837326984622805,0.7024555400522691,0.7330228279103518,4
1767257714292824475,9.225010066396644,1.7041331540430609,0.702322472218427,0.7329573112162167,4
1767257714342135873,9.100968683605771,1.6607801623385325,0.7023191392918297,0.7329368146283374,4
1767257714416894049,9.459020786656946,1.685439326609398,0.7025949554727718,0.7329789631289088,4
1767257714542377243,9.436921976303081,1.6886758865341196,0.7026856707655964,0.7330079402582067,4
1767257714617380650,9.213359457979298,1.6676844962230064,0.702510547710948,0.7329975699203419,4
1767257714692016325,9.359321293537558,1.733644735942698,0.7024465570347185,0.7330173819803512,4
1767257714742618110,9.407951977475125,1.6970888219062499,0.7025682589938048,0.732980258354883,4
1767257714892560603,9.38064630699731,1.756504168462264,0.7023737694828752,0.7330232472654464,4
1767257715017307233,9.248100012120396,1.703291222472082,0.7024712514382083,0.7330415070895989,4
1767257715217376331,9.213000175154807,1.6488656100891754,0.7025756464303964,0.7330140406327482,4
1767257715292052228,9.27267312495661,1.6933073728556105,0.702512125199712,0.7330611209336553,4
1767257715417521336,9.354569728318385,1.6853977933790103,0.7025754350806503,0.7329978380141544,4
1767257715542254641,9.337653638341825,1.7205132789987152,0.702344204901178,0.7329677130568173,4
1767257715617623667,9.148143833982548,1.664465515504178,0.7023516881995706,0.7329877772740623,4
1767257715692686003,9.378393084376047,1.6954490037353769,0.7025518445567118,0.7329962211214797,4
1767257715742443390,9.51386517307351,1.7038947879071626,0.702719502672987,0.7329928877900153,4
1767257715892781066,9.267206423884456,1.6457149025272924,0.7025896413439305,0.7329874914157356,4
1767257716017486233,9.158856008873006,1.6852770596610542,0.7024255199646414,0.7329847276553626,4
1767257716091880875,9.24997221251278,1.684341289269671,0.7024035031377427,0.7329867275216598,4
1767257716142482080,9.286518646350217,1.6792292726510902,0.7025047930905608,0.7329681979421814,4
1767257716217407541,9.381124861799762,1.6967487387223565,0.7025889602923662,0.7329992261146734,4
1767257716342327000,9.525248135259567,1.7190638428008682,0.7026837148826113,0.7330089946717598,4
1767257716417508196,9.152064116387582,1.6248462825409136,0.7024877288947451,0.7329753279156902,4
1767257716542296848,9.324129264397962,1.716722031097516,0.7023798610407436,0.732983089472142,4
1767257716617325651,9.368983196027635,1.7027918920737433,0.7025230395900005,0.7330083902509964,4
1767257716692016688,9.480020933802734,1.721865543278198,0.7025685264210632,0.7330010914908741,4
1767257716742051145,9.186189952905654,1.6788049906799714,0.7023807720293158,0.7329753781168515,4
1767257716892187010,9.38035943923321,1.678581344714137,0.7025743444392618,0.7329527976611994,4
1767257716941789316,9.432560571007166,1.696999473409234,0.7025680446040706,0.7329735487724122,4
1767257717092131065,9.320997648410767,1.6611480726160337,0.7025960976057918,0.7329888506368265,4
1767257717217698772,9.37466654623842,1.695016696227668,0.7025551808948961,0.732993656999437,4
1767257717342571213,9.25856271656922,1.6992231034245189,0.7023849977558149,0.7329670103595968,4
1767257717492554674,9.249811840077559,1.660916608033167,0.7025542569449101,0.7329700362560589,4
1767257717542496773,9.276227314655493,1.7218069326226704,0.7024232598560225,0.7330368398530337,4
1767257717617774161,9.299070265672004,1.6936657507371233,0.7025223700739948,0.7330034446749115,4
1767257717692384618,9.394499661733668,1.6662717629963446,0.7025212683957727,0.7329408472497685,4
1767257717742397455,9.228986896262615,1.6895912199572278,0.702357560626952,0.7329527981051451,4
1767257718142051999,9.412448355496483,1.6912518227095374,0.7026807305795303,0.733014497252277,4
1767257718217876008,9.483603984407507,1.7002783193809201,0.7025214394945479,0.7329279365808483,4
1767257718342284879,9.391236553018324,1.7131858818636403,0.702495838135594,0.7329952924408858,4
1767257718542427401,9.167114788437903,1.6916811391418882,0.7023571598372644,0.7329967610517643,4
1767257718692342958,9.275693681582986,1.6992814549169792,0.7024173421218678,0.7329816362479942,4
1767257718742599275,9.285712785634725,1.6825240747457682,0.7025315098068461,0.7329965602551761,4
1767257718817711159,9.360269535702347,1.7112831998742453,0.7024690005311629,0.7329602066079572,4
1767257718891810339,9.175980569093412,1.6750353078980318,0.7024386783121691,0.7330480451868454,4
1767257719016852024,9.188925969645712,1.6761284845152509,0.7024193151822529,0.7329853723525845,4
1767257719091898911,9.254794833963963,1.6927175362647209,0.7024211152091905,0.7329741160790127,4
1767257719342329211,9.211146041455564,1.6947134015643581,0.7023696051663433,0.7330098427115516,4
1767257719416797046,9.334779134725357,1.7024245054982134,0.7024200097635933,0.7329491189349862,4
1767257719492668025,9.299841997614799,1.633234956801072,0.7025658473555922,0.7329361782776832,4
1767257719542300606,9.460609340570025,1.6904049152335758,0.7025963287134199,0.7329234963114888,4
1767257719692609240,9.125039661898482,1.6289219448752297,0.7024457647710531,0.7329706222807465,4
1767257719817212766,9.251707043181678,1.6826188177238688,0.702456039036793,0.7329579262404323,4
1767257719891811941,9.14421543996513,1.663896206065108,0.7023828509672518,0.7329655439558659,4
1767257719941935488,9.223089517649608,1.6730748242848992,0.7024673854714433,0.7329974736284929,4
1767257720017572061,9.371442790181206,1.6947340732978402,0.70260249578646,0.7329992329288701,4
1767257720092311460,9.413274986108,1.7112544210508691,0.7024808884767065,0.7329855553901645,4
1767257720142260999,9.307722926178208,1.6701397139751404,0.7025914725546937,0.7329911645974094,4
1767257720292499648,9.51612913807054,1.6946593332866775,0.7026999612147585,0.7329972009423414,4
1767257720417403786,9.290546437565329,1.7020659461661523,0.7023253063412265,0.7329121895553609,4
1767257720491890605,9.26649821138492,1.6869048587002062,0.7023908415421665,0.7329653812478631,4
1767257720617426719,9.324760664670917,1.6925865633860826,0.7024948630789436,0.7330138369996562,4
1767257720692436804,8.987103023987974,1.6674160827740148,0.702225292556351,0.7329754685291319,4
1767257720742079742,8.984476839033917,1.6587207559693713,0.7021698378484718,0.7329886314835686,4
1767257720817474297,9.17167056605872,1.6947489007165173,0.7023238049329211,0.7329786096254531,4
1767257720892442159,9.46953465366529,1.7031074038674865,0.7026054028924515,0.7329772485315741,4
1767257720942528519,9.27471303458416,1.652923163948312,0.7025508570426643,0.732959812328679,4
1767257721092323054,9.146899618887595,1.6585581987203775,0.7023776102354187,0.7329716805619566,4
1767257721217287388,9.302939466312775,1.653262671349595,0.7026184955192551,0.7330053571539692,4
1767257721292685155,9.192580563214925,1.6672100378914672,0.7024802432456924,0.733024728290941,4
1767257721342205682,9.459681719868662,1.690469501082118,0.7026567116942667,0.7329855393128412,4
1767257721541999346,9.465551751960177,1.691209098907116,0.7026594483161912,0.7329885290713276,4
1767257721617492751,9.384504011269224,1.6811511022129215,0.7025896505720095,0.7329672782525503,4
1767257721692425528,9.48022854062691,1.6928196583108528,0.7026388746098692,0.7329581390824954,4
1767257721742435117,9.39400486913966,1.6915169318354735,0.7025232536481577,0.732979328187624,4
1767257721817753165,9.278705563493972,1.693480698251967,0.7025898448962953,0.7330435615773071,4
1767257722016989821,9.384527880118787,1.6961653715108884,0.7024648263080494,0.7329625534290742,4
1767257722217292344,9.368278938261643,1.7190959457939512,0.702451929726557,0.7330319088573513,4
1767257722291991490,9.339691531812022,1.670476847587365,0.7026446485559416,0.7329615816852607,4
1767257722342543792,9.541358102808983,1.7014036595319886,0.7026858473783741,0.7329657425433549,4
1767257722541735017,9.320022502506408,1.7089590353285065,0.7024404437627215,0.7330099764438126,4
1767257722617507788,9.291919810457404,1.6776823671353325,0.7025238810901361,0.7330446229201811,4
1767257722817360224,9.10140643314783,1.6539731615440587,0.7023827646033223,0.7329521705471762,4
1767257722892368630,9.194211472955182,1.7115093548783953,0.7023806923907545,0.7330498797637601,4
1767257723017331231,9.26189496964469,1.6767961435058512,0.702496046319804,0.7329973519842407,4
1767257723092233587,9.384472949805488,1.6989928986687608,0.7025000990808927,0.7329864154077154,4
1767257723142363055,9.206580639936956,1.6838368793239988,0.7023726029540049,0.7329579548327043,4
1767257723292429859,9.409753295289924,1.6883522622160045,0.7025853029433168,0.7329775558704741,4
1767257723417154290,9.370819713514166,1.6626774363936654,0.7026512832229003,0.732981211339042,4
1767257723492454425,9.276679606030847,1.6962635961086616,0.7024772178990369,0.7329830176872772,4
1767257723617187477,9.358789112791532,1.7006890569013702,0.7025573660106728,0.7330354755451881,4
1767257723692560717,9.258259198548725,1.6688887282514158,0.7024499338849092,0.7329665751039014,4
1767257723742539307,9.284470936780199,1.6825509519500839,0.7024087716827019,0.7329436321594456,4
1767257723816938415,9.422815348340773,1.6845808771826403,0.7025607557241759,0.7329828358986217,4
1767257723891806827,9.336001417922347,1.6980892573583535,0.7024340664024326,0.7329131574547587,4
1767257724092668608,9.29697389093631,1.6858679418743214,0.7024412986514242,0.7329933183642297,4
1767257724292077656,9.414088214663717,1.7111012978576525,0.7024809913857423,0.7329572766046779,4
1767257724417027804,9.29841248347374,1.6867626051182405,0.7025044996035226,0.7329744043367391,4
1767257724492152140,9.167494071654513,1.6963086784942418,0.7023339625127483,0.7329680408517726,4
1767257724542451008,9.134141438680743,1.6873747213702526,0.7022785098170339,0.7329460114676941,4
1767257724617039633,9.361229205528954,1.7080842413274717,0.7025147776385402,0.732981285622837,4
1767257724691942667,9.205569135390279,1.6597488656781387,0.702482785288514,0.7329700722443826,4
1767257724742293844,9.367162510551253,1.7043820840368435,0.7026084177627204,0.7330174593425245,4
1767257724817697509,9.474266301194634,1.7158519844469466,0.7025681576874584,0.7329935853430425,4
1767257724942362827,9.388280816666427,1.6929949480506885,0.702607388136361,0.7330007811678236,4
1767257725017558764,9.405042867186463,1.6749041707761332,0.7025953315702788,0.7329373769228275,4
1767257725342489188,9.276758936926255,1.6596099456514888,0.7025932134338525,0.7330081423725948,4
1767257725417712902,9.477292225045119,1.7051933290775112,0.7026635440085982,0.7330054231849724,4
1767257725491851884,9.222303170432266,1.6639973328202686,0.7024204612870509,0.7329808646533627,4
1767257725617129327,9.242279312404289,1.6843336566908609,0.7025449549130247,0.7330624141385229,4
1767257725692014181,9.370956346117953,1.6482899129303696,0.7026701895344112,0.7329470798459413,4
1767257725742296812,9.34588651485424,1.669347664545568,0.702505418154917,0.7329344085724521,4
1767257725817772603,9.415144095713423,1.6853366517781392,0.7025873730033947,0.732940058199772,4
1767257725942096296,9.491438454764744,1.6859434594792058,0.7026945084072366,0.7330034926879376,4
1767257726091969124,9.319265699389234,1.7019746249843901,0.7024633439370791,0.7330113975250594,4
1767257726142337391,9.178122982698046,1.7048477674235976,0.7023028866292538,0.7329975463795799,4
1767257726216900739,9.347933636740912,1.7093853405679267,0.7024157159560406,0.7329999690429818,4
1767257726292333147,9.320353610426269,1.718046897444703,0.7023332550122441,0.7329655552219126,4
1767257726342338281,9.316922410996685,1.671576005400266,0.7025406115974303,0.7329674915146842,4
1767257726416989055,9.373752127826984,1.6576415402670648,0.7026780951680864,0.7329824177658706,4
1767257726492619034,9.244195700304548,1.71156664689576,0.702294517074996,0.7329397609324447,4
1767257726542358708,9.275380063909711,1.696177416739597,0.7024025277912983,0.7329436119830318,4
1767257726616873932,9.510080157755784,1.7243154717714333,0.7026399705599705,0.7329757909782206,4
1767257726741998784,9.436340915561336,1.7386787958906966,0.7024567463748537,0.7329838323190144,4
1767257726818230797,9.38352610054105,1.7081642479289694,0.7025696877026429,0.7330168358917827,4
1767257726942492044,9.478648961864234,1.7281428464371822,0.7025786821070972,0.732996153884083,4
1767257727091929567,9.093392411796852,1.652119254867499,0.7024141392082112,0.7330106356541929,4
1767257727142674135,9.37621847158887,1.7083150807130605,0.702418008848954,0.7329551716962844,4
1767257727216902583,9.290181194862024,1.6816275589345269,0.7024343817470187,0.7329716321635914,4
1767257727291846648,9.388432183824346,1.709286818219043,0.7025613730771222,0.7330669370840444,4
1767257727341880287,9.398544561402545,1.6750318097689385,0.7027386936516322,0.7330218896304481,4
1767257727417472199,9.365200589389499,1.7237093422092358,0.7024477873929716,0.7329743593791122,4
1767257727491802359,9.405858388587873,1.6878466931320675,0.7026383853241746,0.733002452570928,4
1767257727541862339,9.373759401439141,1.6725515921459515,0.7026260203730234,0.732972774108671,4
1767257727616991186,9.402604979996232,1.6784482105806093,0.7025415627715011,0.7329620377451596,4
1767257727741782526,9.346117210274008,1.6687231404839005,0.7026030036353436,0.7329158543062673,4
1767257727817240807,9.334534898837399,1.683470809145151,0.7026071174305687,0.7329957838180303,4
1767257728017789506,9.210668607212202,1.673341490958326,0.7024400535153096,0.7330216258105258,4
1767257728091770751,9.394442235889366,1.7037168127139493,0.7025156410093761,0.7329778028709354,4
1767257728142114789,9.367593208733371,1.6621591767170265,0.7025632308534722,0.7329362883584908,4
1767257728217015772,9.267937491837742,1.6732299383134412,0.702523557157027,0.7330035091352213,4
1767257728292446366,9.371354250462316,1.6825003439344703,0.7026220694570819,0.733010593995957,4
1767257728341995612,9.458225630277205,1.749901989131277,0.7024028091391397,0.7329590472021743,4
1767257728492509163,9.482256321235006,1.7053639453882141,0.7025968824552089,0.7329494021522447,4
1767257728617737597,9.225989009686186,1.6444359957280539,0.702489782299423,0.7329561862958317,4
1767257728742305149,9.257297055321189,1.6776363552568683,0.7025286285719528,0.7330022414794737,4
1767257728817689730,9.305550659233997,1.6830191497586422,0.7024589674540779,0.7329627095368264,4
1767257728942605333,9.512990131667177,1.7103098700691572,0.7026325313550956,0.7329631213860525,4
1767257729017225472,9.305346183707929,1.6799497353019162,0.7025181859088486,0.7329909270729271,4
1767257729092287518,9.467284848471813,1.7333283104149004,0.7025235254637046,0.7329805382741542,4
1767257729141858072,9.27125792826744,1.6936460194265932,0.7023865763981273,0.7329716354883612,4
1767257729217583905,9.25866708567813,1.7218315219378786,0.702269163086216,0.732952027259226,4
1767257729292541371,9.347548458140785,1.695994582703456,0.7025614491502223,0.732998391798018,4
1767257729417378449,9.464778590482448,1.7073081576493712,0.7025692316584036,0.7330021928229228,4
1767257729492321176,9.36464391561187,1.698299592503715,0.7025108174936432,0.7329731073907383,4
1767257729542318234,9.390423019061345,1.7249450853741333,0.7024728497065557,0.7329765755355293,4
1767257729617052315,9.302993198869181,1.7033164576717363,0.7024552236481848,0.7330429780488541,4
1767257729692389803,9.320775346945531,1.6841276126358653,0.7025176579460142,0.7329541786210793,4
1767257729817544767,9.246878455467789,1.6860417029698938,0.7025238370296765,0.7330208022333864,4
1767257730016867025,9.209194482086902,1.6628573494175103,0.7023958381619744,0.7329634221284178,4
1767257730092541368,9.297699290588323,1.7188695315879903,0.7023848363943688,0.7330228181749759,4
1767257730142131459,9.443084072057296,1.7155039357929187,0.7024543470189539,0.7329477536591473,4
1767257730342083307,9.527917364104743,1.7190159715174003,0.7026644583129315,0.7329517989701116,4
1767257730416956925,9.251503783630376,1.6942637035806478,0.7024217868784607,0.7330190345050328,4
1767257730492234978,9.073067014764401,1.6816797936752375,0.7022577692660164,0.7330095192411252,4
1767257730542387218,9.306540065370017,1.7340192526980367,0.7023392805789506,0.7330348388604854,4
1767257730692544581,9.35671749103828,1.7062302775294451,0.7024775670034864,0.7329517020473827,4
1767257730818034056,9.432686858698581,1.6882654614460386,0.7026734555735344,0.7329733994950194,4
1767257730892586405,9.355084537424618,1.6689412787070763,0.7025817020686779,0.7329420214631565,4
1767257730942470446,9.244686011981585,1.7063039983925916,0.7022795346300067,0.7329306060564665,4
1767257731091922393,9.286657362327698,1.6606338398377207,0.7025703001298548,0.7329687623028672,4
1767257731142627783,9.327940645484588,1.6884469394362343,0.7023941781196672,0.7329092215150458,4
1767257731216882577,9.223960620499462,1.6832606129561378,0.7024214915339594,0.7329835877806435,4
1767257731291941125,9.556194332069555,1.7069118991709868,0.7025890663817314,0.7329582191965905,4
1767257731492337321,9.074389980401998,1.6560704861142208,0.7023938901575557,0.7330063541996613,4
1767257731616829547,9.289172107773137,1.688766587584342,0.7024823274800661,0.7329775512582121,4
1767257731692344389,9.310891645590402,1.7159050171106731,0.7024943313016361,0.7329710721852504,4
1767257731742265609,9.403518741515127,1.6763424476903264,0.7025970149168779,0.7329795973600188,4
1767257731891943193,9.264444542123718,1.7214870374612754,0.7023303164807966,0.7329694381325857,4
1767257731942418331,9.30723976698966,1.678718726750393,0.7024587682717373,0.7329457873611538,4
1767257732017086673,9.330349093176093,1.6980850995278196,0.7025440775411607,0.7330193488447082,4
1767257732092637458,9.139379121618108,1.6715261552394676,0.7024248938894467,0.733021936432082,4
1767257732142609838,9.338210558506477,1.6768852731768071,0.7026558842941788,0.7330067660646354,4
1767257732292827622,9.34738109389166,1.6711165540673243,0.7024917202940947,0.7329266343522775,4
1767257732342446176,9.31328855281377,1.687859007296697,0.7025395619988236,0.7329893400051556,4
1767257732417454954,9.122664571745931,1.6580074449141846,0.7023308317764507,0.7329667315360613,4
1767257732491913738,9.458076368994206,1.7103640504586763,0.7025888406129694,0.7329640389019465,4
1767257732541888267,9.235016523698846,1.6795064637559303,0.7024763935610324,0.7329922333188288,4
1767257732617155879,9.32681666766566,1.7007135189801676,0.7024157050717985,0.732955339979102,4
1767257732742372696,9.234585391793004,1.6752483136355876,0.7024277749749064,0.7329475708530494,4
1767257732817390603,9.512357263053438,1.687023380146001,0.7027185884776249,0.7329294528948186,4
1767257732892373470,9.249159430177567,1.6957601336873707,0.7024184516246381,0.7330546807772129,4
1767257733017618258,9.118083513200649,1.6572025656356617,0.7023829105733939,0.7329936243865258,4
1767257733092436490,9.249214703796248,1.6927424937719786,0.702505212672565,0.7330327314628401,4
1767257733142464154,9.337760035123654,1.7173836461754821,0.7025115618756389,0.7330052549508678,4
1767257733217491125,9.432977990421199,1.6796310185463024,0.7026557006273768,0.7330113961110684,4
1767257733492280302,9.260581567376413,1.705755529270658,0.7023628628911215,0.7330042762448918,4
1767257733542112838,9.317642489505285,1.7058956366159577,0.7024034393226845,0.7330097803388642,4
1767257733617441783,9.395487411355209,1.7305905944682283,0.702418406681016,0.732980737892456,4
1767257733692376968,9.334451837824776,1.7098291833949746,0.7024098455228783,0.7329672846656409,4
1767257733892464479,9.211670235368397,1.717031651848012,0.7022109622098359,0.7329789707821845,4
1767257733942424736,9.282299214107947,1.7267146677959095,0.702324631384365,0.732990439637976,4
1767257734017902801,9.320466948864347,1.7012670343793215,0.7025104506687968,0.7329799293348297,4
1767257734091918786,9.190522651330024,1.6976819647352182,0.7023624958126953,0.733002639631516,4
1767257734217121628,9.159026103489175,1.6762830417190944,0.7023731087810535,0.7329864273827015,4
1767257734292627533,9.436799147359508,1.7113755084110644,0.7026250522213945,0.733009973792301,4
1767257734342253918,9.361138566959637,1.6805331035100828,0.702517129885268,0.732956284206914,4
1767257734541699782,9.227372115288901,1.7136745568934375,0.7023041145045655,0.732996144013298,4
1767257734617554324,9.391815507535096,1.729282947530216,0.7024055574815397,0.7329351159257917,4
1767257734742795290,9.201154273646317,1.6784123717524306,0.7024713576677217,0.7329951956416295,4
1767257734817310420,8.974469977160782,1.6759619186519097,0.7022012742388145,0.732970057406193,4
1767257734892370141,9.240475839969452,1.7067218112403226,0.7023253682669367,0.7329220471507829,4
1767257734941858408,9.2865817406228,1.7059048923107567,0.7024635590291702,0.7330425031269019,4
1767257735017752672,9.310298373681803,1.6787629810602673,0.7026054905962827,0.7330166051739364,4
1767257735092657613,9.504705445813277,1.681173176269858,0.7027508269198349,0.7329975729221321,4
1767257735292916948,9.325061229875642,1.699166446621777,0.7024343638880117,0.7329922524082809,4
1767257735342032175,9.396527709258585,1.7341252612785352,0.7024448977195252,0.7330058062803713,4
1767257735417300699,9.39810469783775,1.701940638672495,0.7025234657392168,0.7329859004167545,4
1767257735542695490,9.439363266555256,1.6695283889695616,0.7026176203091189,0.7329288449163858,4
1767257735617675589,9.304675174418131,1.655187113744862,0.7025266820059366,0.7329420916079427,4
1767257735691874760,9.175732020585636,1.648297009918223,0.7025593299598485,0.7330335643912597,4
1767257735742207509,9.29837389463506,1.683162583003743,0.7024203686028865,0.7329615780388902,4
1767257735817473662,9.719506951708311,1.7394830100955834,0.7027871028754,0.7329390866013219,4
1767257735891933580,9.196281123689865,1.6734306460259467,0.7023589863527518,0.7329666439823168,4
1767257736091779857,9.313698612823051,1.6964240469410397,0.7025509279515929,0.7330541427482716,4
1767257736141794147,9.415376198592117,1.688896535128999,0.702689319583467,0.73299591467649,4
1767257736217671316,9.28792914805554,1.6699450128053874,0.7025229351254166,0.7329668581320711,4
1767257736292685092,9.242156541044766,1.7108548138977249,0.7023619356014408,0.7330084214818551,4
1767257736342415532,9.604747874966124,1.7295827543769908,0.7027819248201228,0.7329525942068027,4
1767257736417617481,9.259196393003656,1.690426391209253,0.7023644636974823,0.7330089745241201,4
1767257736492425983,9.11255779640252,1.6963887479908506,0.7022065843158048,0.7329970280627948,4
1767257736542300056,9.327788011442294,1.7166593676704678,0.7024833646561763,0.7330209408515379,4
1767257736616896833,9.392790235666082,1.6902845683626826,0.7025600061426627,0.73297789853463,4
1767257736692331489,9.403482885042557,1.705188003472643,0.7024928942004288,0.7329254296555016,4
1767257736741722297,9.232961910127123,1.6854668087597655,0.702386058365436,0.7329913000289057,4
1767257736817909332,9.312889489574538,1.692796859466308,0.7024189151799787,0.732984386088463,4
1767257736942509052,9.31350061095404,1.7327675643512135,0.7023836248484641,0.7330059923393412,4
1767257737017486739,9.249140908659914,1.724679303625277,0.7022967430488558,0.7329656483787562,4
1767257737091840618,9.21015679517545,1.658838472378991,0.7023558148724512,0.7329280105777446,4
1767257737142450195,9.333824400271308,1.6533050884802947,0.7026744254841565,0.7329670222648283,4
1767257737217336747,9.294747281050174,1.684961799194638,0.7025010567917521,0.7329914506237822,4
1767257737291916399,9.33745909724859,1.6719359238850948,0.7025027829725953,0.7329426204231919,4
1767257737342192686,9.27442577301052,1.6913398314010415,0.7024679155560707,0.7329936895751569,4
1767257737416841287,9.259411558122599,1.7046542630597192,0.7024192813787108,0.7330297635499842,4
1767257737491945111,9.3498603651474,1.6769696136354768,0.7024766893780906,0.7329128741833971,4
1767257737542190289,9.126394982783669,1.7148629406357085,0.7022317847601299,0.7330256332768084,4
1767257737617434605,9.34047342281441,1.7012797687069174,0.7025482052820398,0.7330317584549102,4
1767257737741774324,9.392024330470816,1.717397018065678,0.7024918553243772,0.7329827654193691,4
1767257737892339394,9.390037961357734,1.6988754471615748,0.7024939736622888,0.7329545270693341,4
1767257738142497791,9.397391590072468,1.678480976207454,0.7026443305990919,0.7329830297413475,4
1767257738216843822,9.314352027758655,1.6915939479389013,0.702500808215128,0.7330156777997111,4
1767257738291951720,9.251715380328429,1.6827764684049495,0.702470401771919,0.7329690578501532,4
1767257738417308214,9.357046785977264,1.7152837923375845,0.7024898138818064,0.7329738092081501,4
1767257738542526738,9.189736159441853,1.6783722944954462,0.7024346695671355,0.7329989942931112,4
1767257738617712676,9.170693876384806,1.7228049152168405,0.7022959855284934,0.7330377025477792,4
1767257738742061035,9.488184011740785,1.7277022535477025,0.7025304415458956,0.7329474306690921,4
1767257738817421032,9.322356217980609,1.662499458353965,0.7024810569086815,0.732973719342904,4
1767257738892427866,9.309577554359795,1.7267505255816704,0.7023611082260106,0.7329946237747854,4
1767257739017516188,9.269729867667387,1.6971542604071004,0.7024034076983983,0.732982558733365,4
1767257739142447861,9.407508469985837,1.7139230396884724,0.7024622436799434,0.7329805679099017,4
1767257739216923855,9.355303202918886,1.7021185461049675,0.7024846557700262,0.7329714063470876,4
1767257739342610318,9.29394452990473,1.7270631492722937,0.702316987058715,0.7330063819548512,4
1767257739492339474,9.154911696000024,1.6777598655039905,0.702348365975482,0.732943803876889,4
1767257739617153665,9.168735636055914,1.6667367664314454,0.7024332351742459,0.73300108904071,4
1767257739692369329,9.295473081437745,1.692575801430125,0.7024975677406019,0.7329938486645868,4
1767257739741768177,9.506386499647634,1.7172658066880981,0.7025780092032088,0.7329475477102012,4
1767257739817232840,9.511421358657458,1.7015219317130121,0.7026681438266845,0.732988396865228,4
1767257739892582241,9.519678026021715,1.7160608849569676,0.7026612045396788,0.7330290732896917,4
1767257739942342574,9.30240021366635,1.6934323522693338,0.7025025490600976,0.7329930365244353,4
1767257740016934674,9.486217220425864,1.680504067200584,0.7027059525627934,0.7329070412163959,4
1767257740216859042,9.321318653583766,1.6929616432919452,0.7025345697881267,0.7329854394012096,4
1767257740342266311,9.273145055550769,1.6790159425558662,0.7024593554830019,0.732955859101454,4
1767257740417389892,9.076030504124756,1.6381048871124524,0.702456024137927,0.7329902453792382,4
1767257740543069588,9.242747152631846,1.703154381299991,0.7024034091429052,0.732975672343027,4
1767257740617180321,9.23591308976679,1.6665369544164588,0.7025158451149668,0.7329991398196709,4
1767257740692384413,9.37690735583152,1.676268134199711,0.7026729104403189,0.73297782112095,4
1767257740742275223,9.37690735583152,1.676268134199711,0.7026729104403189,0.73297782112095,4
1767257740816931604,9.29134403531162,1.7029803931650578,0.7024385400333064,0.7329872212957091,4
1767257740891890775,9.276808373384515,1.6718617993793523,0.7025155261370132,0.7329993012810635,4
1767257741017054872,9.290233520268698,1.6916319925951904,0.7024384638080312,0.7329791016262194,4
1767257741092445842,9.363683220995679,1.7039386798160385,0.7024889374591686,0.7329797953600481,4
1767257741142148598,9.357355882527841,1.690052352025571,0.7025421242318419,0.7329921229638622,4
1767257741217100930,9.32330139342319,1.6610719972284453,0.7025925205668339,0.7329454853396581,4
1767257741292068587,9.370733523521245,1.6926011126644065,0.7026115205498399,0.7329795163974139,4
1767257741342489234,9.261835176105349,1.69367114597918,0.7024016224008348,0.7329584228820237,4
1767257741417675757,9.288281896777328,1.6889743832390376,0.7023443095372063,0.7329495497927775,4
1767257741492322812,9.085696682211818,1.6582693515114912,0.7023033905781058,0.7329785811648929,4
1767257741542424444,9.085696682211818,1.6582693515114912,0.7023033905781058,0.7329785811648929,4
1767257741617577264,9.385521676563148,1.7391933609483399,0.7023293206925642,0.7328944429441889,4
1767257741817414600,9.32213068631249,1.6957655581892612,0.7024515023970884,0.7329071514467643,4
1767257742017782291,9.482164578371366,1.7267349671292702,0.7026222405950889,0.7329795705622975,4
1767257742091787420,9.50375720849117,1.645864063474861,0.7028160705533679,0.7329530749017722,4
1767257742141778151,9.486621666670803,1.6523242718714284,0.7028160705533679,0.7329737685084315,4
1767257742216926444,9.434256669371365,1.709264133597789,0.7025915894369901,0.7330014505250868,4
1767257742291855380,9.445004640537324,1.669308497964433,0.7026983410130949,0.7329678804158836,4
1767257742342399575,9.45044122928207,1.6784783691448184,0.7026983410130949,0.7329621413741811,4
1767257742492467294,9.36522687451613,1.7330588293230207,0.7024524754965434,0.7329821531015704,4
1767257742541732682,9.473795923433226,1.7091361017863622,0.7026475842798341,0.7329945041605668,4
1767257742617504958,9.163030969661756,1.6843683156169258,0.7023661219488111,0.7329910159875692,4
1767257742692444177,9.340109874045988,1.675300155928856,0.7024797968033549,0.7329418551594912,4
1767257742743015464,9.29522754035139,1.6770749450579872,0.7024670193446596,0.7329312559814998,4
1767257742817203055,9.302489282293823,1.705574779228164,0.7023466272666367,0.7329398415893518,4
1767257742891824914,9.150307421856741,1.6885015357554416,0.7022609891505656,0.7329873227543015,4
1767257742942542726,9.482846434513025,1.7178937699565953,0.7026339201650932,0.7330118879021801,4
1767257743142154820,9.244897162147602,1.6645469355943163,0.7024387277941628,0.7329451385719599,4
1767257743217109890,9.301329027689654,1.676985470207417,0.7025720928137628,0.7329723035570698,4
1767257743291862159,9.291975627102932,1.7056397682459394,0.7024110503002782,0.7330100268892966,4
1767257743341830149,9.47602017054594,1.7281375363205989,0.7024724285132449,0.732929050669456,4
1767257743416860631,9.206272100650835,1.6913277933487794,0.7023470365157111,0.733013563422861,4
1767257743491699678,9.43682467059459,1.6577668503693674,0.7027213063788795,0.7329324794735118,4
1767257743616897771,9.22297330409938,1.6921030349388373,0.7024212372823688,0.7330211879609896,4
1767257743691712859,9.35303949989208,1.6994981963534068,0.7024654559314077,0.7330021210543778,4
1767257743741970886,9.35303949989208,1.6994981963534068,0.7024654559314077,0.7330021210543778,4
1767257743817015851,9.531806706865819,1.7133634669239572,0.7026133873951459,0.7329314305920127,4
1767257743891760221,9.439379359572841,1.7218280710599208,0.7025431773787866,0.7329846629001359,4
1767257743942066792,9.522304429399053,1.708540536632371,0.702641929441093,0.7329543374930716,4
1767257744091826841,9.254548170547604,1.6936163008243852,0.7023906833978787,0.7329683100668354,4
1767257744141782560,9.294145431138157,1.6894539613091342,0.7023906833978787,0.7329245030610618,4
1767257744417316329,9.262543892372133,1.6861345544831519,0.7024065145134949,0.7329530925576572,4
1767257744691859355,9.309067779985858,1.6787480165194686,0.7024267277348467,0.7329122979535737,4
1767257744741709550,9.409230565438964,1.7113894946078338,0.702376471146405,0.7329176964630427,4
1767257744892190699,9.284390255300035,1.706528469573922,0.7023261190159756,0.7329760173898033,4
1767257744941942837,9.295029875469485,1.718288000281069,0.7023261190159756,0.7329634643127494,4
1767257745217477649,9.127208844024292,1.6562896812632266,0.7023528576394126,0.7330041540153849,4
1767257745292634206,9.436153095821798,1.7286558217409744,0.7024396861736367,0.732991655033766,4
1767257745342268786,9.503884054324342,1.7423285724857605,0.7024396861736367,0.732915997784523,4
1767257745416928509,9.427668946192513,1.701435705245563,0.7026030999189719,0.7330355978419083,4
1767257745492395621,9.413479507810795,1.7218712827275309,0.7025086035235856,0.7329624278460455,4
1767257745542128637,9.413479507810795,1.7218712827275309,0.7025086035235856,0.7329624278460455,4
1767257745816783511,9.357849755080029,1.7056340109513948,0.702513229016811,0.7329981895760319,4
1767257745892298394,9.339948627343109,1.7268157015723402,0.7024197552490554,0.7330021008927785,4
1767257745942210823,9.339948627343109,1.7268157015723402,0.7024197552490554,0.7330021008927785,4
1767257746017400773,9.159636404577508,1.6738967443699013,0.7023737975694161,0.7329694509202566,4
1767257746092208340,9.518835723550389,1.7170964495516794,0.702551284849613,0.7329816956869069,4
1767257746142137393,9.518835723550389,1.7170964495516794,0.702551284849613,0.7329816956869069,4
1767257746217610840,9.423517371447087,1.6818758647008045,0.7026820765876701,0.7329880612718417,4
1767257746492584235,9.431624586729415,1.6797732634107618,0.7025388732300885,0.732922007899817,4
1767257746542618695,9.413759884300376,1.7132336664334749,0.7025388732300885,0.7329489356254457,4
1767257746617738667,9.360887465999944,1.7148398903009328,0.7024879183329087,0.7329856065223979,4
1767257746817010501,9.532811841559852,1.7284081196665395,0.7026560092653624,0.7329776310471641,4
1767257746892235138,9.556186125704302,1.7289311430336056,0.7027055364053874,0.7330336161283992,4
1767257746942398223,9.556186125704302,1.7289311430336056,0.7027055364053874,0.7330336161283992,4
1767257747017123887,9.402393457977553,1.695174101575443,0.7024811613509312,0.7329759609371709,4
1767257747092423653,9.414054892976086,1.6664308719750531,0.7025840302879794,0.7329140801568617,4
1767257747142174166,9.36264922451102,1.6855940794653188,0.7025840302879794,0.732969366283333,4
1767257747217255004,9.38948516914273,1.7075614291493348,0.7024459472037026,0.7329766076826969,4
1767257747292245230,9.234960687559468,1.7141263115371626,0.7023229124260304,0.7330099788848405,4
1767257747342446200,9.234960687559468,1.7141263115371626,0.7023229124260304,0.7330099788848405,4
1767257747417476883,9.272965769170138,1.714082064614916,0.7024205285550698,0.7329820134587761,4
1767257747492272773,9.421331810367528,1.721694922237504,0.7024254308623015,0.7329457826287361,4
1767257747542232533,9.421331810367528,1.721694922237504,0.7024254308623015,0.7329457826287361,4
1767257747692228594,9.431170793058886,1.7018025441272389,0.7025966520442,0.7329375478869239,4
1767257747742021921,9.431170793058886,1.7018025441272389,0.7025966520442,0.7329375478869239,4
1767257747892380623,9.392125552585506,1.6973130871492923,0.70248353734966,0.7329557346837391,4
1767257747942741694,9.334866201608282,1.7090107665679883,0.70248353734966,0.7330136550642669,4
1767257748017085495,9.277577083179223,1.663631493425996,0.7024578997085752,0.7329335405973273,4
1767257748217097374,9.286686144493572,1.691532817379493,0.7024364158747936,0.7329794787423765,4
1767257748291770530,9.466578032481522,1.724594291550927,0.7026138066396863,0.7329974393236888,4
1767257748342558313,9.511280768256025,1.7186228250278166,0.7026138066396863,0.7329504411654212,4
1767257748492389541,9.086114644797139,1.6654861139770853,0.7022907632286481,0.7329892037674782,4
1767257748542120951,9.103476688038125,1.6693927042616468,0.7022907632286481,0.732975346026856,4
1767257748692349955,9.464559006721718,1.680443050860074,0.7026803055347459,0.7329451869119877,4
1767257748741851689,9.464559006721718,1.680443050860074,0.7026803055347459,0.7329451869119877,4
1767257748817624474,9.263009133673172,1.6586462005578702,0.7024525090133031,0.7329168682862748,4
1767257749017144057,9.593362441461695,1.7179188899641307,0.7028089769574996,0.7329946343054932,4
1767257749092675585,9.162009938725513,1.6720127949630157,0.7022904553265109,0.7329326994524804,4
1767257749141790159,9.162009938725513,1.6720127949630157,0.7022904553265109,0.7329326994524804,4
1767257749292497459,9.27030006279217,1.68198152624475,0.702422478381806,0.7329216120167347,4
1767257749342519475,9.27030006279217,1.68198152624475,0.702422478381806,0.7329216120167347,4
1767257749492385224,9.330384858623585,1.6841788761566394,0.7024626616090855,0.7329515443706529,4
1767257749542738240,9.297642359118452,1.703882920510408,0.7024626616090855,0.7329890554885597,4
1767257749692277630,9.43549854338832,1.7059949289814742,0.7026495682448313,0.7329880936685531,4
1767257749742299224,9.43549854338832,1.7059949289814742,0.7026495682448313,0.7329880936685531,4
1767257749817246529,9.446053480411276,1.7175530866320217,0.7025434756861738,0.7329838916023774,4
1767257750017414707,9.434700374935545,1.6915693718821472,0.7025974184164957,0.7329281017078328,4
1767257750292405564,9.326231076845271,1.6773544518750554,0.7025743397693327,0.7329786190113,4
1767257750342149439,9.326231076845271,1.6773544518750554,0.7025743397693327,0.7329786190113,4
1767257750416728784,9.163056072654552,1.6778814322259998,0.7024367253762479,0.7329851635016871,4
1767257750692339994,9.434664458352838,1.6708237959316075,0.7026337694944228,0.7329656282736444,4
1767257750742176300,9.434664458352838,1.6708237959316075,0.7026337694944228,0.7329656282736444,4
1767257750892402267,9.307967226363068,1.6658076080281066,0.702557929684368,0.7329452145542127,4
1767257750942337997,9.307967226363068,1.6658076080281066,0.702557929684368,0.7329452145542127,4
1767257751017367588,9.33032545614676,1.6796597151675772,0.7024633182648377,0.732948670694502,4
1767257751092503187,9.357188116794756,1.7044485425534066,0.7023562878622202,0.7328924668450428,4
1767257751142717235,9.357188116794756,1.7044485425534066,0.7023562878622202,0.7328924668450428,4
1767257751217782336,9.402663370084884,1.6782008510389985,0.7025335156356715,0.7329230811336955,4
1767257751292460245,9.358720289199486,1.6510579176230682,0.702563501030838,0.7329158385484422,4
1767257751342331129,9.358720289199486,1.6510579176230682,0.702563501030838,0.7329158385484422,4
1767257751417533690,9.189938300770972,1.68254636707102,0.7023620946393919,0.7329623503225982,4
1767257751816925833,9.29527118681639,1.7129328709115321,0.7023478941247847,0.7329752040150256,4
1767257751891885800,9.383643830971678,1.6864729492426007,0.7026033808639672,0.7329862231425571,4
1767257751941734532,9.383643830971678,1.6864729492426007,0.7026033808639672,0.7329862231425571,4
1767257752016904600,9.400320295704256,1.7164519572682417,0.7024813158440197,0.7329486473574085,4
1767257752092209292,9.329565606594258,1.6811764436230896,0.7024487044098848,0.7329181093470495,4
1767257752142461240,9.329565606594258,1.6811764436230896,0.7024487044098848,0.7329181093470495,4
1767257752217189705,9.293380973644073,1.7311587239963635,0.7023236309304143,0.7329661204888912,4
1767257752492071978,9.283303428590738,1.6784263732740339,0.7024368189090198,0.7329136773687921,4
1767257752541942201,9.283303428590738,1.6784263732740339,0.7024368189090198,0.7329136773687921,4
1767257752617468077,9.256361904536936,1.6878606108675909,0.7024224676293775,0.732985322601838,4
1767257752817068367,9.37631841004183,1.6868334792043618,0.7026577103428072,0.7330199029656368,4
1767257752891850079,9.278621784450824,1.6974629883428172,0.702335712004257,0.7329526551656955,4
1767257752941851513,9.278621784450824,1.6974629883428172,0.702335712004257,0.7329526551656955,4
1767257753016898297,9.227919161428066,1.6426288745303383,0.7025370289785854,0.7330004986686087,4
1767257753091777666,9.258110570221522,1.6532959226204735,0.7026181409407803,0.733031281146256,4
1767257753142249509,9.258110570221522,1.6532959226204735,0.7026181409407803,0.733031281146256,4
1767257753217524329,9.382973259157822,1.6888316535288934,0.7025607553701015,0.7329488769286918,4
1767257753292601152,9.419902667308078,1.7006294674870321,0.7025722932075312,0.732996213856325,4
1767257753342264391,9.419902667308078,1.7006294674870321,0.7025722932075312,0.732996213856325,4
1767257753417003789,9.387248261931491,1.6909603717494224,0.7025852399621118,0.7329781721143385,4
1767257753491779748,9.393562291544534,1.6610984251353824,0.7026152996944406,0.7329537923201503,4
1767257753541980146,9.393562291544534,1.6610984251353824,0.7026152996944406,0.7329537923201503,4
1767257753892396632,9.225392910225727,1.6967062066697838,0.7024855588797392,0.7329955390708089,4
1767257753942531358,9.225392910225727,1.6967062066697838,0.7024855588797392,0.7329955390708089,4
1767257754017408418,9.395051181433356,1.7040222892060306,0.7024965555998495,0.7329671248281322,4
1767257754092471672,9.366800131067166,1.672453805757523,0.7026362831356466,0.7329535444775904,4
1767257754141771480,9.366800131067166,1.672453805757523,0.7026362831356466,0.7329535444775904,4
1767257754417414940,9.349565754631751,1.6953508031588733,0.7024541840583233,0.7329627038642517,4
1767257754491781757,9.267832417363175,1.6792483824395932,0.702434004645575,0.7329641588089332,4
1767257754541891681,9.267832417363175,1.6792483824395932,0.702434004645575,0.7329641588089332,4
1767257754617790984,9.396452020048685,1.6991575875193723,0.7024841131333203,0.7329132126695361,4
1767257754691965054,9.745172251271583,1.7254292455139184,0.7028620931599314,0.7329239655606405,4
1767257754742414320,9.745172251271583,1.7254292455139184,0.7028620931599314,0.7329239655606405,4
1767257754817495497,9.370789080636822,1.6998368231250789,0.7024906670834082,0.7329945568251619,4
1767257755017551887,9.444720771191296,1.6939154773215337,0.7025741646157011,0.7329445620659331,4
1767257755092438351,9.319261406758317,1.7363379775476433,0.7023957963653064,0.7330272974514203,4
1767257755142693362,9.319261406758317,1.7363379775476433,0.7023957963653064,0.7330272974514203,4
1767257755217396196,9.278681215921903,1.6783101512520209,0.7023987109106866,0.7329117099689156,4
1767257755292223376,9.308029242710457,1.6873348224246751,0.7024857889082338,0.732953858141757,4
1767257755342461957,9.308029242710457,1.6873348224246751,0.7024857889082338,0.732953858141757,4
1767257755417504601,9.278661967001112,1.6963704878334285,0.7024928354516075,0.732923273072549,4
1767257755492275253,9.319880982979312,1.6889350418766447,0.7025899116943138,0.7329866852179442,4
1767257755541747517,9.319880982979312,1.6889350418766447,0.7025899116943138,0.7329866852179442,4
1767257755616815085,9.49826635887263,1.7062564736863877,0.7027394990213042,0.7330063348818121,4
1767257755692319057,9.358678186695668,1.6982832075335652,0.7025609630834985,0.7329669643242719,4
1767257755742217344,9.358678186695668,1.6982832075335652,0.7025609630834985,0.7329669643242719,4
1767257756092384228,9.348051743156116,1.6616169493006332,0.7026018751515837,0.732927361373217,4
1767257756142101541,9.348051743156116,1.6616169493006332,0.7026018751515837,0.732927361373217,4
1767257756217182259,9.555611791337903,1.6970512964231734,0.7027278004652135,0.7329384452152456,4
1767257756417172787,9.17367976696215,1.6883509028789845,0.7022292981398166,0.7328926725730522,4
1767257756692308206,9.603251581332684,1.7190046476019483,0.702670707244513,0.7329490389426486,4
1767257756741819675,9.603251581332684,1.7190046476019483,0.702670707244513,0.7329490389426486,4
1767257756816716406,9.399466407744029,1.7275852134655432,0.7023861295956719,0.732940800476289,4
1767257757016866627,9.371654648481996,1.7072551897196029,0.7024680725422027,0.7329863125513898,4
1767257757292202263,9.145327805154313,1.6772228119503951,0.7024211530509665,0.7330243084360263,4
1767257757342819055,9.145327805154313,1.6772228119503951,0.7024211530509665,0.7330243084360263,4
1767257757416975289,9.387515718876195,1.6876313200745199,0.7025652188993019,0.7329614116309383,4
1767257757618103081,9.313893042609989,1.6924267305837497,0.702494986991384,0.7329673654528237,4
1767257757692447929,9.180865779441438,1.6487668968283153,0.7023739850091006,0.7329051414309182,4
1767257757742236091,9.180865779441438,1.6487668968283153,0.7023739850091006,0.7329051414309182,4
1767257757817524199,9.361868305445164,1.7206823213543776,0.7024112952800032,0.7329304338543385,4
1767257758016589386,9.195322957995188,1.6636590467389665,0.7023858717741084,0.7329863522490152,4
1767257758092516727,9.450541373186683,1.7193720372573662,0.7025128646147103,0.7329488769059441,4
1767257758142259718,9.450541373186683,1.7193720372573662,0.7025128646147103,0.7329488769059441,4
1767257758216859877,9.16025424522504,1.671110528028383,0.7023300229020635,0.7329773125803509,4
1767257758292350422,9.354480754509842,1.6943588535407699,0.7025832837274364,0.7329464397127373,4
1767257758342314693,9.354480754509842,1.6943588535407699,0.7025832837274364,0.7329464397127373,4
1767257758417221272,9.451351570481714,1.6985405388340722,0.7025971762914763,0.7329237256391545,4
1767257758491997585,9.351245154407328,1.6951882191980894,0.7025273468765818,0.732982391929062,4
1767257758542052391,9.351245154407328,1.6951882191980894,0.7025273468765818,0.732982391929062,4
1767257758691834337,9.263194119086604,1.6907560025369266,0.7023958327701946,0.7329818704620984,4
1767257758741688917,9.263194119086604,1.6907560025369266,0.7023958327701946,0.7329818704620984,4
1767257758891860267,9.37939662459797,1.7179791464263579,0.702485270638581,0.7329995155973511,4
1767257758942240016,9.37939662459797,1.7179791464263579,0.702485270638581,0.7329995155973511,4
1767257759092357785,9.427102855018799,1.71325239846969,0.702570973602153,0.733009709807248,4
1767257759141545740,9.427102855018799,1.71325239846969,0.702570973602153,0.733009709807248,4
1767257759292026995,9.277252895773636,1.7158303675389566,0.7023332474106655,0.732958930651171,4
1767257759342585808,9.277252895773636,1.7158303675389566,0.7023332474106655,0.732958930651171,4
1767257759416916349,9.32992860712134,1.7080570958807266,0.7025151302844145,0.7329972613001882,4
1767257759492432533,9.345281178152586,1.6572592308811767,0.7026079251029032,0.73291897710404,4
1767257759541777938,9.345281178152586,1.6572592308811767,0.7026079251029032,0.73291897710404,4
1767257759616722787,9.253056539298976,1.710856517967431,0.7023541522998084,0.7329960839234589,4
1767257759817283123,9.354455273947737,1.7076585514759166,0.7024911635235934,0.7329951241992798,4
1767257760016841629,9.250677536214447,1.6892788332604156,0.7023874449082093,0.7329752833530223,4
1767257760091757904,9.483221023921518,1.6773138816728597,0.7026191836534131,0.7328975022004823,4
1767257760142310284,9.483221023921518,1.6773138816728597,0.7026191836534131,0.7328975022004823,4
1767257760217341077,9.134215544957414,1.6783551247758146,0.7023762723316778,0.733028195913459,4
1767257760291861573,9.402992730895843,1.7049715879019038,0.7025445394372032,0.7329745279829857,4
1767257760342683886,9.402992730895843,1.7049715879019038,0.7025445394372032,0.7329745279829857,4
1767257760417338554,9.545580870982784,1.7014870674955802,0.7027527276366639,0.7329957164580718,4
1767257760492268638,9.462381692886822,1.663811404279414,0.7027771636923338,0.732991447295197,4
1767257760542430540,9.462381692886822,1.663811404279414,0.7027771636923338,0.732991447295197,4
1767257760617871672,9.208743155199706,1.6910826120548237,0.7023795549863124,0.7329627313936803,4
1767257760691980178,9.342968515231643,1.678961002264697,0.7025551377551115,0.7329553107524999,4
1767257760742463337,9.342968515231643,1.678961002264697,0.7025551377551115,0.7329553107524999,4
1767257760816551327,9.459068990581244,1.7262278175119785,0.7026120585050613,0.7330260128814866,4
1767257760891890968,9.477996089980124,1.7393459898432062,0.7024343186596603,0.7329501901156671,4
1767257760941781164,9.477996089980124,1.7393459898432062,0.7024343186596603,0.7329501901156671,4
1767257761016804981,9.307274601287773,1.6878348460920136,0.7024423242394852,0.7329607537343997,4
1767257761092095662,9.370514720222879,1.6705614758060088,0.7025932894444469,0.732940487815827,4
1767257761142558460,9.370514720222879,1.6705614758060088,0.7025932894444469,0.732940487815827,4
1767257761217392278,9.498922459089677,1.72790672204912,0.7024615179443866,0.7329279514839211,4
1767257761291876776,9.32205702422717,1.7091539841690861,0.7024198378898188,0.7329926918295776,4
1767257761341936763,9.32205702422717,1.7091539841690861,0.7024198378898188,0.7329926918295776,4
1767257761417299985,9.32096958340367,1.712064481353749,0.7024797878835589,0.7329910979127001,4
1767257761491748623,9.45720942284034,1.7290633222927954,0.7024484851227942,0.7329208665459928,4
1767257761541946314,9.45720942284034,1.7290633222927954,0.7024484851227942,0.7329208665459928,4
1767257761616678474,9.132295043276727,1.65267228071386,0.7023687560778704,0.7329503523654426,4
1767257761816526686,9.452257139518473,1.7183199705854904,0.7025248212402335,0.7329535538470285,4
1767257761891625694,9.441173052835762,1.6890074345146153,0.7025177610273161,0.7328897417350729,4
1767257761942048927,9.441173052835762,1.6890074345146153,0.7025177610273161,0.7328897417350729,4
1767257762216827951,9.373999433709868,1.706089936591872,0.7024928169621181,0.7329555460727476,4
1767257762492079664,9.301942581491085,1.6898682686063453,0.7025500530198827,0.7330026468332896,4
1767257762542347393,9.301942581491085,1.6898682686063453,0.7025500530198827,0.7330026468332896,4
1767257762817148169,9.539715397982263,1.7004382275615966,0.7026487267583321,0.732946579751277,4
1767257762891875339,9.312033380276418,1.7282579676497043,0.7023063427011598,0.7329878936239614,4
1767257762941825430,9.312033380276418,1.7282579676497043,0.7023063427011598,0.7329878936239614,4
1767257763017356092,9.249942871770834,1.6672253443497786,0.7025217204653399,0.7329714187588037,4
1767257763091786628,9.343191182915156,1.7069040019509165,0.7024792236442888,0.7329648303275034,4
1767257763141578069,9.343191182915156,1.7069040019509165,0.7024792236442888,0.7329648303275034,4
1767257763291966029,9.325596373175538,1.7094821904250985,0.7024125373483646,0.7329406506178157,4
1767257763342219761,9.325596373175538,1.7094821904250985,0.7024125373483646,0.7329406506178157,4
1767257763492460008,9.451103200489364,1.7172256653882414,0.7025361510804388,0.7329371698358284,4
1767257763542214387,9.451103200489364,1.7172256653882414,0.7025361510804388,0.7329371698358284,4
1767257763692104889,9.235980517557918,1.7201178393523366,0.7023099011289464,0.7330304460094117,4
1767257763742515572,9.235980517557918,1.7201178393523366,0.7023099011289464,0.7330304460094117,4
1767257763817053705,9.363926931945986,1.706987722272358,0.7026334417335937,0.7330291682113695,4
1767257763892369118,9.401420531111704,1.6999415763587937,0.7025775359676264,0.732933288108609,4
1767257763941756905,9.401420531111704,1.6999415763587937,0.7025775359676264,0.732933288108609,4
1767257764017169989,9.307779766691059,1.7025561670559115,0.7023783445087618,0.7329506648088627,4
1767257764091799528,9.282279712515829,1.6899106604417755,0.7024608983386429,0.7329714009664423,4
1767257764142603184,9.282279712515829,1.6899106604417755,0.7024608983386429,0.7329714009664423,4
1767257764217307656,9.369406943905423,1.6922741477905505,0.7025588701594072,0.7329360490984201,4
1767257764292350895,9.489870793558119,1.7238455950016867,0.7024880763901227,0.7329154552750805,4
1767257764342220120,9.489870793558119,1.7238455950016867,0.7024880763901227,0.7329154552750805,4
1767257764492425530,9.571742768943903,1.6785719656302247,0.7027101136096205,0.7329159707945567,4
1767257764542136763,9.571742768943903,1.6785719656302247,0.7027101136096205,0.7329159707945567,4
1767257764618000943,9.348959450116823,1.6889230211160753,0.7025884245120166,0.7329777832094764,4
1767257764892407712,9.484997965200526,1.7285702523980753,0.7025996625603057,0.7329922312551993,4
1767257764942160862,9.484997965200526,1.7285702523980753,0.7025996625603057,0.7329922312551993,4
1767257765016844607,9.406370547394127,1.7093288728059721,0.7025013553498098,0.7329543105349288,4
1767257765091884152,9.296867085136329,1.7292336282409397,0.7023941390822539,0.7330107419279859,4
1767257765141750051,9.296867085136329,1.7292336282409397,0.7023941390822539,0.7330107419279859,4
1767257765217230348,9.380970712385972,1.6986752760930528,0.7024617010609708,0.7329526868566977,4
1767257765292190536,9.34158651853334,1.6914076315173454,0.7026016205342965,0.7329860196093275,4
1767257765342203230,9.34158651853334,1.6914076315173454,0.7026016205342965,0.7329860196093275,4
1767257765417841471,9.153795620480354,1.6656800977365886,0.7024635209980362,0.7329811180558534,4
1767257765692292313,9.566673544173288,1.7530674326530906,0.7026106188266121,0.7329268208664849,4
1767257765741906100,9.566673544173288,1.7530674326530906,0.7026106188266121,0.7329268208664849,4
1767257765817114831,9.13605104060078,1.701673640226125,0.702241345227799,0.7329576026315615,4
1767257766092485770,9.34908693822134,1.6749814261268385,0.702515073419685,0.7329220733807611,4
1767257766141453763,9.34908693822134,1.6749814261268385,0.702515073419685,0.7329220733807611,4
1767257766217034291,9.404297104998015,1.7106629214970508,0.7025268721359119,0.7329538376491592,4
1767257766291845241,9.384922229868643,1.7304853880934619,0.702448602455123,0.732930602788856,4
1767257766342043626,9.384922229868643,1.7304853880934619,0.702448602455123,0.732930602788856,4
1767257766492538729,9.303121896853227,1.6942393388153134,0.7024530162226891,0.732971779456318,4
1767257766541907488,9.303121896853227,1.6942393388153134,0.7024530162226891,0.732971779456318,4
1767257766691933159,9.464837720653097,1.717902680045387,0.7025898899892004,0.7329965052641632,4
1767257766741866153,9.464837720653097,1.717902680045387,0.7025898899892004,0.7329965052641632,4
1767257766817382513,9.302226548190685,1.7102389514608036,0.7022994646019549,0.7329070285196484,4
1767257766892276229,9.33717221819741,1.6907020774279635,0.7024788987496356,0.732969050646004,4
1767257766941705266,9.33717221819741,1.6907020774279635,0.7024788987496356,0.732969050646004,4
1767257767017188353,9.30745144012346,1.6485714668211975,0.7025376319752131,0.7329492400503296,4
1767257767092130869,9.339686627064303,1.7180796825365283,0.7024234031779578,0.7329891195011496,4
1767257767142601258,9.339686627064303,1.7180796825365283,0.7024234031779578,0.7329891195011496,4
1767257767217201630,9.302113305906246,1.646144649592275,0.7025861929562206,0.7329194965707901,4
1767257767291734772,9.46480466160715,1.7043889410882591,0.7025884593353491,0.7329666238604972,4
1767257767342151202,9.46480466160715,1.7043889410882591,0.7025884593353491,0.7329666238604972,4
1767257767417363374,9.29856164213394,1.6782597145095248,0.7024997962540469,0.73294823777229,4
1767257767492223385,9.443456853040932,1.7168606104302822,0.702483217713195,0.7329589603021076,4
1767257767542442200,9.443456853040932,1.7168606104302822,0.702483217713195,0.7329589603021076,4
1767257767617447328,9.306842913105019,1.7147823097083614,0.7024263458467345,0.7329616167782742,4
1767257767692104588,9.324468853555201,1.6883677412529674,0.7026047329112864,0.7330025472741685,4
1767257767742243771,9.324468853555201,1.6883677412529674,0.7026047329112864,0.7330025472741685,4
1767257767817286938,9.550122580982645,1.7099614175895763,0.7027023610098098,0.7329412767402419,4
1767257768016884752,9.57186828043377,1.7579219403017063,0.7025773188091868,0.7329860100976755,4
1767257768217409595,9.35556919088354,1.6714224047291897,0.7026178885769523,0.732959361850757,4
1767257768292293459,9.23577466184733,1.6760101903163664,0.7024092302386075,0.7329296310715308,4
1767257768341936845,9.23577466184733,1.6760101903163664,0.7024092302386075,0.7329296310715308,4
1767257768416946442,9.270123321729162,1.7002115790175254,0.7023604441850866,0.7329263873483131,4
1767257768692322772,9.336634702300394,1.6823950096780087,0.7026016184338733,0.7329971150232328,4
1767257768742078773,9.336634702300394,1.6823950096780087,0.7026016184338733,0.7329971150232328,4
1767257769216871228,9.721539948521984,1.7405587085148986,0.7026867975662074,0.732892459210651,4
1767257769292168369,9.501120335956292,1.717131759890063,0.7025441033726407,0.7329431872961965,4
1767257769341722500,9.501120335956292,1.717131759890063,0.7025441033726407,0.7329431872961965,4
1767257769492054921,9.603312469044,1.7203954235223589,0.7026646759872187,0.732949840385262,4
1767257769542328198,9.603312469044,1.7203954235223589,0.7026646759872187,0.732949840385262,4
1767257769616881525,9.2051610489714,1.705334481598029,0.7022984704014482,0.7329603638076345,4
1767257769817331651,9.307467955245619,1.7265602448382715,0.7022954085179154,0.7329504137537454,4
1767257769892248593,9.353800485797258,1.708191974190279,0.7025152207386143,0.7329746911707897,4
1767257769942705166,9.353800485797258,1.708191974190279,0.7025152207386143,0.7329746911707897,4
1767257770092073656,9.329685324190763,1.6741996087252435,0.7025342524261132,0.7329228967763993,4
1767257770141961985,9.329685324190763,1.6741996087252435,0.7025342524261132,0.7329228967763993,4
1767257770217449857,9.173351481004953,1.6852476979500097,0.7023215878861094,0.7329576841379485,4
1767257770291447502,9.393200837670479,1.7046744454423937,0.7025255076885336,0.7329561959758605,4
1767257770342383511,9.393200837670479,1.7046744454423937,0.7025255076885336,0.7329561959758605,4
1767257770617154629,9.266958728623376,1.7071610807329054,0.7024151408272452,0.732950303178972,4
1767257770691949280,9.426440345045028,1.702540295119297,0.7025392020679393,0.732938777402387,4
1767257770741968478,9.426440345045028,1.702540295119297,0.7025392020679393,0.732938777402387,4
1767257770816957685,9.380323513197064,1.7017969892126543,0.7024468251637724,0.7329489476012107,4
1767257771016849042,9.410812008581848,1.7199765261023132,0.7025338276362602,0.7329814524067672,4
1767257771217531201,9.212697666643344,1.671118170127913,0.70248394894482,0.7329496035545563,4
1767257771292222607,9.459891187307278,1.695663089527689,0.7025927780944534,0.7329309082777893,4
1767257771342458133,9.459891187307278,1.695663089527689,0.7025927780944534,0.7329309082777893,4
1767257771492300774,9.59180958791972,1.7123868674818221,0.7026531494431093,0.732906055275161,4
1767257771542044912,9.369774191346547,1.6846542072219275,0.7024740575528698,0.732906055275161,4
1767257771617072447,9.42887039332685,1.7042102201809,0.7025676149894298,0.7329855212592504,4
1767257771691637486,9.42969942818328,1.6728382932862973,0.7026627926029606,0.7329461447456298,4
1767257771741818297,9.42969942818328,1.6728382932862973,0.7026627926029606,0.7329461447456298,4
1767257771816776589,9.265675288776754,1.6947237230856802,0.7023674457987042,0.7329582783062902,4
1767257771892244372,9.18928412396891,1.6984720456228353,0.702320232454154,0.7329770802379344,4
1767257771942667915,9.18928412396891,1.6984720456228353,0.702320232454154,0.7329770802379344,4
1767257772017369037,9.447832457689987,1.7095866152613455,0.7026032575887698,0.7329880638012071,4
1767257772291930748,9.360995944780015,1.6871009230242426,0.7025111204240381,0.7329266344888733,4
1767257772342191713,9.360995944780015,1.6871009230242426,0.7025111204240381,0.7329266344888733,4
1767257772417061625,9.316521295976376,1.6837850448518221,0.7024616420761314,0.7329005784322657,4
1767257772817146174,9.5090443539394,1.6788449215177628,0.7026989075158764,0.7329079364843918,4
1767257772892179093,9.33728170738435,1.721596537973774,0.7023549202063506,0.7329587977267354,4
1767257772941911514,9.33728170738435,1.721596537973774,0.7023549202063506,0.7329587977267354,4
1767257773017216921,9.466714825001944,1.698830897912671,0.7025555571799482,0.7329035456460298,4
1767257773092162483,9.349814854403004,1.6660617801029165,0.7024609037821342,0.7329050575290524,4
1767257773142490499,9.349814854403004,1.6660617801029165,0.7024609037821342,0.7329050575290524,4
1767257773291993412,9.439617905593668,1.7037565126318661,0.7026034034647533,0.7329739786705705,4
1767257773342478317,9.439617905593668,1.7037565126318661,0.7026034034647533,0.7329739786705705,4
1767257773417443484,9.291619470017775,1.6862704564419388,0.7024227741441686,0.7329572656836878,4
1767257773492133422,9.498637132851485,1.73716721537578,0.7025120361385362,0.7329425004939731,4
1767257773542215509,9.498637132851485,1.73716721537578,0.7025120361385362,0.7329425004939731,4
1767257773616959323,9.361239835686819,1.7008334451452556,0.7025001191038059,0.7329300253124462,4
1767257773691959279,9.398808233931465,1.7007739394725665,0.702566146395691,0.7329767733030353,4
1767257773742336910,9.398808233931465,1.7007739394725665,0.702566146395691,0.7329767733030353,4
1767257773892143282,9.206276708034089,1.7234513766407635,0.7023249938975679,0.7329784959482185,4
1767257773942340610,9.206276708034089,1.7234513766407635,0.7023249938975679,0.7329784959482185,4
1767257774016972460,9.392428866053958,1.7088736134011626,0.702531747010172,0.7329399252473381,4
1767257774092058429,9.172659989177934,1.6784402090235762,0.7024848258042983,0.7329975238071236,4
1767257774141990671,9.172659989177934,1.6784402090235762,0.7024848258042983,0.7329975238071236,4
1767257774217010709,9.28445735269101,1.6944782929655005,0.7024513133236512,0.732953362474767,4
1767257774291535227,9.34944032569851,1.6943344276692347,0.7025092597150896,0.7329764526743976,4
1767257774342635035,9.34944032569851,1.6943344276692347,0.7025092597150896,0.7329764526743976,4
1767257774417065794,9.33904181963008,1.6846661766121303,0.7025548134053805,0.7329304209884169,4
1767257774617636314,9.424431647479526,1.714658386841682,0.7024493535621202,0.7329203468358425,4
1767257774691643922,9.260392969645759,1.6921331967154674,0.7024633569540215,0.7329792053195439,4
1767257774741998030,9.260392969645759,1.6921331967154674,0.7024633569540215,0.7329792053195439,4
1767257774892096282,9.312410266130723,1.6981509826055112,0.702383929293886,0.7329027965725202,4
1767257774941729696,9.312410266130723,1.6981509826055112,0.702383929293886,0.7329027965725202,4
1767257775017591471,9.373052655337943,1.6702490662283225,0.7024916389606027,0.7328935222771681,4
1767257775092408772,9.480754086552023,1.7056073122857307,0.7025637800006936,0.7329517771668023,4
1767257775142579766,9.480754086552023,1.7056073122857307,0.7025637800006936,0.7329517771668023,4
1767257775217299215,9.38274092210234,1.7037638470988818,0.7024750148879992,0.7329372949286088,4
1767257775292369300,9.512179501235284,1.7047289741364788,0.7027422808580226,0.7329524782930723,4
1767257775342615062,9.512179501235284,1.7047289741364788,0.7027422808580226,0.7329524782930723,4
1767257775492127730,9.204331177861235,1.7057781775402001,0.7022945218899769,0.7329552851572709,4
1767257775541977879,9.330333558244973,1.7029812683094998,0.7024510056425652,0.7329711777465183,4
1767257775691929705,9.395049637208498,1.7272034425656302,0.7024238556633265,0.7329369903455156,4
1767257775741792708,9.395049637208498,1.7272034425656302,0.7024238556633265,0.7329369903455156,4
1767257775891929838,9.306829572897968,1.6861975292428284,0.7025402481119015,0.7329963370577105,4
1767257775941934752,9.306829572897968,1.6861975292428284,0.7025402481119015,0.7329963370577105,4
1767257776092320899,9.216126514772217,1.6906471876731421,0.7023337479097019,0.7329777417892349,4
1767257776141712768,9.216126514772217,1.6906471876731421,0.7023337479097019,0.7329777417892349,4
1767257776217081069,9.386591585630377,1.7361153837421572,0.7024071724853299,0.732950185822615,4
1767257776291762285,9.379876996246095,1.6738022681855715,0.7025665738622853,0.732872254302075,4
1767257776342262404,9.379876996246095,1.6738022681855715,0.7025665738622853,0.732872254302075,4
1767257776416842038,9.221446779734354,1.7141691220984867,0.7024147528174458,0.733007003087593,4
1767257776616639695,9.203195290378051,1.6815898902491049,0.7024267615567225,0.7329600867240811,4
1767257776691919102,9.320548070892997,1.7100996390097323,0.7023934085398881,0.7329271888502741,4
1767257776742333535,9.320548070892997,1.7100996390097323,0.7023934085398881,0.7329271888502741,4
1767257776892285864,9.439906130524367,1.6863139502794058,0.7025279263374093,0.7329320531754963,4
1767257776942420545,9.439906130524367,1.6863139502794058,0.7025279263374093,0.7329320531754963,4
1767257777092794440,9.314618058019143,1.682217564551266,0.7025110269916467,0.7329426789604357,4
1767257777142379613,9.314618058019143,1.682217564551266,0.7025110269916467,0.7329426789604357,4
1767257777217408297,9.362378981609076,1.6817063955190823,0.7025295069101397,0.7329249254057177,4
1767257777291713705,9.325366124632083,1.7312907827058783,0.7022471166424079,0.7329094512401584,4
1767257777341731045,9.325366124632083,1.7312907827058783,0.7022471166424079,0.7329094512401584,4
1767257777491716993,9.430646308004388,1.7080333294657999,0.702593849282504,0.7329204234915369,4
1767257777542382218,9.427987288559759,1.7135391507623718,0.7025893031778759,0.7329929211349095,4
1767257777616727360,9.356932960478904,1.6928240933828644,0.7024738162466159,0.7329329867842884,4
1767257777691895517,9.284649607957718,1.6434079672562514,0.702583798967605,0.7329194758745885,4
1767257777742271278,9.284649607957718,1.6434079672562514,0.702583798967605,0.7329194758745885,4
1767257777817410428,9.346938572799445,1.7189455855560765,0.702381084727042,0.7329129405054775,4
1767257777891819095,9.305386615096056,1.7110171193400339,0.7023890362752606,0.7329534867243651,4
1767257777942250387,9.305386615096056,1.7110171193400339,0.7023890362752606,0.7329534867243651,4
1767257778017111252,9.374037940799496,1.7001205656632983,0.7025188758345982,0.7329504030163022,4
1767257778091466215,9.375099461196413,1.674542271827817,0.7026739905469752,0.7329708402026592,4
1767257778141767254,9.375099461196413,1.674542271827817,0.7026739905469752,0.7329708402026592,4
1767257778217235410,9.324790253202986,1.6897279508839655,0.7025358637607201,0.7329557928190316,4
1767257778292210511,9.321945381441378,1.719752966410221,0.7024281194739167,0.7329724390940939,4
1767257778342419371,9.415374088713403,1.6757393443745132,0.7026142193372772,0.7329424186517149,4
1767257778417394241,9.631645814147994,1.721260972892005,0.7026277284693183,0.7329357119985597,4
1767257778692282642,9.562423053693813,1.7424165714952167,0.7025388078556815,0.7329220192399857,4
1767257778741899341,9.562423053693813,1.7424165714952167,0.7025388078556815,0.7329220192399857,4
1767257779092187890,9.293583236118174,1.6917113481239299,0.702438967892877,0.7329423491159556,4
1767257779416802750,9.398560134434074,1.684520879261327,0.7026535530013157,0.7329659417940297,4
1767257779617179387,9.219000840430592,1.6913081983301692,0.7024186896402133,0.7329748957366932,4
1767257779692092407,9.234565712951559,1.6998754728932244,0.7024988821743648,0.7330175022865343,4
1767257779741662640,9.234565712951559,1.6998754728932244,0.7024988821743648,0.7330175022865343,4
1767257779816757692,9.276373909761437,1.6941044149873905,0.7023680043130593,0.7329324763799007,4
1767257779891979873,9.475576287886089,1.7452579801211232,0.7024448973820206,0.732955020599626,4
1767257779942235646,9.475576287886089,1.7452579801211232,0.7024448973820206,0.732955020599626,4
1767257780017575724,9.30147172538498,1.6887104949404295,0.7025006811530969,0.7329956157067752,4
1767257780092257093,9.468179348410711,1.7326156982727545,0.7025144760871329,0.7329377826557111,4
1767257780141718686,9.468179348410711,1.7326156982727545,0.7025144760871329,0.7329377826557111,4
1767257780342024184,9.541727889551876,1.7236224645551492,0.7026067345787779,0.73293711389177,4
1767257780416784494,9.31987635485898,1.7051573525448875,0.7025305179427147,0.7329759280435394,4
1767257780492486824,9.445873067708831,1.706476820341513,0.7026084004067858,0.7329479732509063,4
1767257780542184390,9.445873067708831,1.706476820341513,0.7026084004067858,0.7329479732509063,4
1767257780692447344,9.434063648979919,1.7086183381732472,0.7025382263585528,0.7329621677769023,4
1767257780817313315,9.662466082983489,1.7243749268190316,0.702686636164588,0.7329052264728143,4
1767257780891848510,9.335895354967484,1.6832631353043552,0.7025357596599319,0.7329196703591822,4
1767257780942025404,9.335895354967484,1.6832631353043552,0.7025357596599319,0.7329196703591822,4
1767257781092393079,9.43007734042778,1.7221018131086268,0.7025998463315702,0.7330045491464309,4
1767257781142267312,9.439561323430489,1.7058326642627484,0.7025836164422019,0.7328987758448836,4
1767257781216610399,9.441949778676184,1.686108895905273,0.7025990040059175,0.7329456617934133,4
1767257781291867418,9.395010549906658,1.7181181006007025,0.7024918952681737,0.7329497299432924,4
1767257781341853207,9.395010549906658,1.7181181006007025,0.7024918952681737,0.7329497299432924,4
1767257781417357880,9.33448675531845,1.6576522822485287,0.7026741689408028,0.7329829207183379,4
1767257781616819467,9.199719083267667,1.677959540879012,0.7023940551353469,0.7329435582908054,4
1767257781692284652,9.266480568755231,1.6961939017417174,0.7023612932809709,0.7329488923070708,4
1767257781742230170,9.496978113563092,1.726768746017698,0.7025061534995981,0.7329488923070708,4
1767257781817341372,9.363232404389077,1.6935708866144572,0.7023835624915375,0.7329094715324613,4
1767257781892203006,9.498178127419376,1.7419838151414082,0.7024713081571672,0.7329412509235741,4
1767257781942495651,9.395254450463742,1.7205417980536473,0.702435078849381,0.7329412509235741,4
1767257782091819475,9.410240227402333,1.7168782485733207,0.7025049150240152,0.7329787857447441,4
1767257782141610356,9.360656065130811,1.705146654508981,0.702481355843378,0.7330117101722856,4
1767257782217029545,9.410986642090059,1.6853199601081372,0.7025871098020935,0.7329352775172215,4
1767257782292532112,9.459453237525395,1.7387350649015618,0.7025503008407133,0.732980084043163,4
1767257782492148843,9.567910037641457,1.696956246617234,0.7026953098173541,0.7329583970769281,4
1767257782542240962,9.358748881514556,1.6967850388884513,0.7024726691625606,0.7329583970769281,4
1767257782616727099,9.378491705740345,1.6961459581100005,0.7024586680065906,0.7329244855886812,4
1767257782891750018,9.392048199639568,1.7389147415059618,0.702391939261186,0.7329756105263137,4
1767257782942239672,9.392048199639568,1.7389147415059618,0.702391939261186,0.7329756105263137,4
1767257783016762594,9.569807434835154,1.6743862387592974,0.7027556347355148,0.7329600556622206,4
1767257783092204245,9.413421538900902,1.6937521702213254,0.70256116917257,0.7329546275321216,4
1767257783142248482,9.64216398805917,1.7331511494259586,0.7026580890339709,0.7329236156802289,4
1767257783292128726,9.36924193981936,1.7096141980988486,0.7023752571025569,0.7328876132104262,4
1767257783342194975,9.349989254319624,1.7124584374636833,0.702365095250087,0.7328876132104262,4
1767257783492473489,9.363839787981277,1.6963676911098622,0.7024838230908347,0.7329312597072429,4
1767257783542222164,9.338809785482848,1.6888085894704596,0.7024597280386669,0.7328872940654579,4
1767257783617247991,9.516909390209992,1.695981594964111,0.7026077200807496,0.7328893504377783,4
1767257783817363712,9.285937607818372,1.7075287780463098,0.7023473876846428,0.7329471972298802,4
1767257783892144665,9.645813375673718,1.7270123389637015,0.702749653214444,0.7329064116073647,4
1767257783941552607,9.23201756313663,1.6938491882124003,0.7023299853045937,0.7329101084787443,4
1767257784016834219,9.290946712824821,1.706935973125427,0.7024385576977881,0.7329691527391873,4
1767257784142260785,9.180970174181624,1.684375740498767,0.7024051033183598,0.7329531508284671,4
1767257784217313739,9.24730875434554,1.7026739959422386,0.7022896769456715,0.7329335184969139,4
1767257784292334324,9.287489030151864,1.7199313550360893,0.7024088483560804,0.73296288235256,4
1767257784417385115,9.307890522665229,1.6837946151215069,0.7024825692649991,0.7329383826639878,4
1767257784617245853,9.448711391329855,1.7103632135086586,0.7025564667490951,0.7329466421215411,4
1767257784692158155,9.589175744127099,1.7166673295287191,0.7027606072100039,0.7329568017494387,4
1767257784742245765,9.479479184858475,1.7097842434577133,0.7025864878521383,0.7329568017494387,4
1767257784816797075,9.343487334482203,1.737203059129891,0.7023130630957083,0.7329390199900535,4
1767257784942215168,9.515676284777118,1.71829694056746,0.7025972024614029,0.732881424175184,4
1767257785092001958,9.454495432370758,1.7246099561002008,0.70251344575403,0.7329463548544284,4
1767257785216561389,9.471526189684498,1.7009006280766004,0.7026104801099331,0.7329484147801818,4
1767257785292339996,9.256128938581076,1.6941357520408595,0.7024780930244484,0.7329961442642793,4
1767257785341946018,9.160215511426983,1.6898735454240428,0.7022387686963103,0.7329339610264961,4
1767257785416799789,9.350964855513899,1.6820846411114054,0.7025527705186677,0.7329384138118066,4
1767257785491828879,9.179819554884116,1.6783421981476037,0.7022237789359297,0.7329224232452843,4
1767257785542390091,9.437659510398323,1.6934153448579747,0.7025811994136758,0.7329402548907911,4
1767257785617316345,9.267584317142807,1.7065109696445109,0.7022590037355176,0.7328704690727191,4
1767257785692409427,9.206038370295765,1.7274480065034636,0.7021381248896843,0.7328950321598472,4
1767257785742364643,9.348717842516896,1.6888373744964447,0.7025481763885375,0.7329726208494377,4
1767257785817284116,9.42111888672137,1.7381672661937955,0.702278309383532,0.732876809102551,4
1767257785892367202,9.495132088680137,1.731275290790791,0.7025947064491642,0.7329383989649665,4
1767257786016896051,9.518541127447321,1.7484739330799657,0.7025498649142131,0.7329527422767865,4
1767257786092254222,9.468971767830903,1.7298303601662393,0.7025253321459057,0.7329779753644906,4
1767257786217245155,9.405751205294521,1.7240795205208526,0.70236298122312,0.7328933381134356,4
1767257786292482742,9.324877279134224,1.7328607927427158,0.7023630800157231,0.7329555442418606,4
1767257786341618269,9.482075606602525,1.7175183598059662,0.7024931692386959,0.7329441008132495,4
1767257786417388829,9.375427825845328,1.7028516236187334,0.702461107982547,0.7328902651472604,4
1767257786492422722,9.41749887493204,1.7183996962564492,0.7024891387329937,0.73295107586872,4
1767257786692109475,9.45092100827194,1.7028673796594604,0.7025882109262801,0.7329284944241881,4
1767257786817519632,9.330741920725917,1.7340724343507268,0.7024162143311196,0.7329733988261902,4
1767257786892282324,9.303805893396412,1.7193405205376258,0.7023084146199907,0.7329248494040423,4
1767257786941966444,9.376042766426451,1.7098212212242068,0.7024215979961524,0.7329187878106946,4
1767257787017332043,9.295910829378528,1.7190370374940012,0.7023236734389364,0.7329045653858127,4
1767257787141764387,9.265356939804459,1.7125203151942152,0.7023257031778587,0.7329152624873456,4
1767257787341696491,9.37097055226821,1.714230749994807,0.702413318561748,0.7329040654310627,4
1767257787417334196,9.389402897658993,1.7091926471612486,0.702549096828353,0.7329465858721814,4
1767257787491643417,9.20350484832666,1.6656406803530734,0.7024562361578993,0.7329660516454738,4
1767257787542292711,9.521289739856996,1.7198794140925222,0.7024965135852219,0.7329070342510002,4
1767257787617504379,9.388933481283889,1.723300295190224,0.702445931818443,0.7329272916203146,4
1767257787692450364,9.389641349481504,1.6768579862520696,0.7026051923321245,0.732938503196616,4
1767257787742051235,9.392344906890226,1.7160071290537227,0.702461021034782,0.732938503196616,4
1767257787816759331,9.39689657473508,1.6980828606611638,0.7025593624758998,0.7329429481490845,4
1767257787891667426,9.351028786957038,1.7231843736582975,0.7024056469681675,0.7329546102277359,4
1767257788017347201,9.538254594533724,1.7309884833987863,0.702700918133469,0.7329787743904377,4
1767257788091969051,9.576403290685764,1.7071555001561338,0.7026619029519237,0.7329553749519869,4
1767257788142092774,9.449517201600809,1.7318609573865016,0.702413154293229,0.7329343294725468,4
1767257788217099360,9.53873873724298,1.6960062902522628,0.7026378636484196,0.7329207370788501,4
1767257788292128085,9.34968940272729,1.7062516988090886,0.7024455574658277,0.7329032665538463,4
1767257788341875445,9.269932472849018,1.6836851939342272,0.702403896270716,0.7329134632854934,4
1767257788491713142,9.53185172213833,1.7197251297602016,0.7025946133947477,0.7329325936610092,4
1767257788541756557,9.328985173883586,1.6851131163583304,0.7024962225392158,0.7329547202253036,4
1767257788617415526,9.48830348617069,1.7375479107665324,0.7024261456348017,0.7329176270363216,4
1767257788741677153,9.306552817222702,1.7369313704891398,0.7023626716997844,0.7329867105903312,4
1767257789017364588,9.344339447765137,1.7156587106691639,0.7024317992461915,0.7329406784805643,4
1767257789141504977,9.656346111357461,1.7449871736992373,0.7026133429418787,0.7329091276104857,4
1767257789291570507,9.613665975689244,1.7616927243882818,0.7025040511235808,0.7328760988653205,4
1767257789492206699,9.509012007425156,1.7363429107470696,0.7026276211039236,0.7329634674826314,4
1767257789542525596,9.307871853279416,1.6990408685783278,0.7024501711215919,0.7329639255741417,4
1767257789616676662,9.288274446451194,1.7155577816500287,0.7023386691568463,0.7329104933726828,4
1767257789691682940,9.388174641226211,1.6926435466438388,0.7025514137135034,0.7329269809582615,4
1767257789742271679,9.628289840048598,1.740142395635986,0.7026135032570441,0.7329002263854862,4
1767257789892197202,9.197147746702328,1.696699085351711,0.7023544547158427,0.7329457728452017,4
1767257789942069748,9.404155914181423,1.7244287102271043,0.7023299489967917,0.7328924831508234,4
1767257790017146833,9.381469966376677,1.7430201298612626,0.7024128567064527,0.7329150244082634,4
1767257790091683944,9.404039145124665,1.7038897970440974,0.7024228312608078,0.732908313804831,4
1767257790141837416,9.281995490190265,1.7109357348325922,0.7024301856761634,0.7329431884778792,4
1767257790216904948,9.531863252682404,1.6951621069754426,0.7026602607385437,0.7329125629160543,4
1767257790292101853,9.45067096479757,1.7053858657589056,0.7024478309557411,0.7328959512730124,4
1767257790342112744,9.458225747185578,1.7137546398585042,0.702551809342264,0.7328697318241819,4
1767257790416948269,9.520346208651054,1.7112271741032143,0.7026104867481848,0.7329185951205409,4
1767257790492267736,9.47587548684725,1.7151349057653402,0.7025608134925957,0.7329178822912437,4
1767257790542433465,9.575309812732357,1.7394938008130079,0.7027060105752464,0.732951208683844,4
1767257791017490923,9.283317723151718,1.732438668204781,0.7022853314475755,0.732946398572361,4
1767257791091991300,9.384997317496978,1.720509094577881,0.7024728944631629,0.7329558910083122,4
1767257791141912677,9.419563585567392,1.7538630532082442,0.7023866499296446,0.7329538641502522,4
1767257791342156372,9.419223763818096,1.7190997917155484,0.7025261299471967,0.7329494494660764,4
1767257791417392418,9.16068035462203,1.685896178773007,0.7023626114474996,0.7329992542261649,4
1767257791493673720,9.245151868267353,1.6864014025609417,0.7022664520576537,0.7328981888278338,4
1767257791617079763,9.265705529795888,1.6966171935068375,0.7023361376111381,0.7329013146928254,4
1767257791741736109,9.379565721316263,1.7005405433946037,0.7024942652563904,0.7329151017983518,4
1767257791817070038,9.34206421977779,1.7026543252818975,0.7024167708235047,0.7329276397282642,4
1767257791892497676,9.23341740225936,1.707740026507947,0.7022958162243212,0.7329331263860804,4
1767257792091750370,9.423639901439573,1.7127479027030204,0.702487170016886,0.7329172537217817,4
1767257792141995308,9.266941062695434,1.7100543210056707,0.7023543282462283,0.7329985861513123,4
1767257792217194027,9.306957579256036,1.6882639152659016,0.7024252006430444,0.7329288914489785,4
1767257792417516694,9.29725848103191,1.6999322990404764,0.7024011656776517,0.7329572040347098,4
1767257792617308505,9.255289480422979,1.7180346732265588,0.7023527007531237,0.732976440232781,4
1767257792692263381,9.34245507940934,1.6992384558463223,0.7025017237569994,0.7329428126470493,4
1767257792742378460,9.343553055061182,1.7153947669351888,0.7024280617504312,0.7329392849537598,4
1767257792817293681,9.488670414282252,1.7038491437691583,0.7025996014968994,0.7329322277720638,4
1767257793092145323,9.222877990066491,1.7314020688848668,0.7022712198871319,0.7329216997409341,4
1767257793142421594,9.486316469428546,1.7109598196006022,0.702648583543153,0.7329650596598504,4
1767257793291888046,9.16388295491588,1.6782994604223416,0.7023761100147577,0.7329706123496977,4
1767257793341749174,9.278240564237983,1.69680866528822,0.7024256334363619,0.7328843870199704,4
1767257793491941873,9.288305308512989,1.6979344891929165,0.7024782106456232,0.7329713065912581,4
1767257793541931437,9.306051833244734,1.6915816375010546,0.7025003855333005,0.7329639577568205,4
1767257793741774606,9.547784177582397,1.7367860043883663,0.7025449014375609,0.7329312146930536,4
1767257793817262952,9.417579740964687,1.722760198287092,0.7025509930650438,0.7329742646185866,4
1767257793942591391,9.24459555874324,1.6736550970569095,0.7024085091873379,0.7329589794453486,4
1767257794091718662,9.355825155701435,1.7276790354341627,0.7024637013945442,0.7329601225713727,4
1767257794142188527,9.397503526457518,1.6850738909485556,0.7025115583053153,0.7329142824428582,4
1767257794217370764,9.284483953539425,1.7096678565395393,0.7024444875646707,0.7329709025176914,4
1767257794342153582,9.338479069804674,1.695997650664408,0.7025315835201862,0.7329439433278653,4
1767257794416941508,9.194175835879781,1.701038692299923,0.702330430325974,0.7329581937455794,4
1767257794492234189,9.347737302997206,1.6906811885355209,0.7024678740506193,0.7329290538500837,4
1767257794542006757,9.280310378767865,1.6993349785010656,0.702372402480321,0.7329164829472916,4
1767257794616820136,9.673315545502327,1.7315350238700076,0.7027507343679662,0.7329383877385468,4
1767257794692005280,9.362047085856307,1.7259612068499335,0.7024471743296999,0.7329314882059811,4
1767257794817175304,9.453753845022451,1.733081561287056,0.7025463403013604,0.7329623874908705,4
1767257794942396903,9.49246893236455,1.729992276091448,0.7025732184916167,0.7329716734507795,4
1767257795091765145,9.303552466989217,1.6950573650243466,0.7023896096103286,0.732953084525556,4
1767257795142389717,9.605332567287018,1.7229641118570054,0.702699586920013,0.7329156282514522,4
1767257795217009547,9.279019354498264,1.6822465791188905,0.7024519794467325,0.7329073619959336,4
1767257795291672837,9.203102497665206,1.701469746617356,0.7023462869932434,0.7329697895470474,4
1767257795341600906,9.528746924108432,1.7260017844526214,0.7025812543447465,0.7329072810965311,4
1767257795491658521,9.43717946995526,1.7451913009780358,0.7024091692869601,0.7329594251187752,4
1767257795691941891,9.196357770301589,1.688138629318269,0.7023475463586994,0.7329742002350145,4
1767257795892272662,9.478632736842574,1.7380520259988135,0.7025149559034173,0.7329016590808396,4
1767257795942336791,9.394894931819998,1.7152684596753565,0.7024768587492293,0.7329314077988759,4
1767257796091636662,9.410241980543631,1.7171574952630666,0.7024468169862425,0.7329415050489744,4
1767257796292505315,9.443822925236711,1.7255605403641392,0.7024693667888242,0.7328956000628232,4
1767257796417426192,9.473047533685941,1.7398048434966191,0.7023302507526338,0.7328818098931967,4
1767257796492086313,9.416059058886317,1.7177707467221877,0.7024844853705855,0.7329058341450239,4
1767257796542159665,9.319053610566286,1.7092587977932099,0.7024642770239717,0.7329599063381667,4
1767257796691788165,9.329034829562378,1.7063793416033135,0.7024413635289829,0.7329627947418742,4
1767257796741964149,9.226499466211013,1.6943409970095686,0.7023649193996118,0.7329616741205845,4
1767257796816922239,9.399472605515435,1.6741548348268098,0.7026038151750384,0.7329396612871517,4
1767257796891811934,9.42663726932025,1.6893961997875035,0.7025600518698626,0.7329531006684231,4
1767257796942370976,9.124876856620112,1.703553750586744,0.7021180675346359,0.7329103800310249,4
1767257797216910807,9.403888566677288,1.687024568330043,0.702585463054456,0.7329319235445934,4
1767257797417448219,9.430085949557077,1.7055764887650924,0.702604357056905,0.7329535900546836,4
1767257797542244202,9.349423469284023,1.7077123705273138,0.7025069958349902,0.7329217261594863,4
1767257797617394995,9.498465927070377,1.6783939433412758,0.7026785202589689,0.7329097298759132,4
1767257797816625098,9.28711550653083,1.6852629829570476,0.7024653934488336,0.732945543075199,4
1767257798017308097,9.528475038154127,1.741777659202504,0.702593312694739,0.7329843904427843,4
1767257798092220913,9.488771230126813,1.7222458814493098,0.7026145669579812,0.7329497696357555,4
1767257798142249295,9.420717371462883,1.7043584366040565,0.7025016207575773,0.7329298149161354,4
1767257798217204369,9.442340519639213,1.7291817079210434,0.7023981340631521,0.7329201853682278,4
1767257798292229818,9.29935881820565,1.7029166071468251,0.7023944700670673,0.7329272290837553,4
1767257798341903376,9.418334318085586,1.731035340677262,0.7025027084385206,0.7329432404777493,4
1767257798416978823,9.59024431219435,1.7296342606255004,0.7026895019943918,0.7329208824643444,4
1767257798542254728,9.362136263231235,1.7252176278966078,0.7023660725580895,0.732922594205874,4
1767257798741827855,9.389700659270916,1.7080476176096449,0.7024272056784389,0.7329199120871284,4
1767257798816548178,9.446449354341024,1.7138791518584693,0.7024665919758847,0.7328964364585676,4
1767257798891614583,9.500685749378125,1.7026707404385155,0.7026886329666044,0.7329251100912456,4
1767257798941469794,9.38484804181494,1.682005205264962,0.702483517766171,0.7328832224091567,4
1767257799091965240,9.30118078252573,1.7201519401857093,0.7023861615445975,0.7329198692279923,4
1767257799142336876,9.454437995133347,1.744638616134425,0.7024388762952494,0.7329658276742622,4
1767257799292224350,9.354080239908802,1.7077841026132332,0.7024045361417071,0.732904894458966,4
1767257799341567604,9.292469336342757,1.7003443251092216,0.7023694479989846,0.7328783361621498,4
1767257799417032890,9.395284538613602,1.7209020833064415,0.702458599698255,0.7329165909729833,4
1767257799542175478,9.248271097253014,1.6773482751231057,0.7024968777704031,0.7329272213314499,4
1767257799617103114,9.539326556101013,1.7476045659514168,0.7024288150094683,0.732906360729914,4
1767257799691951278,9.278831097435546,1.6957011909150148,0.7024831949175708,0.7329223171709097,4
1767257799742237013,9.472780739603115,1.7343040255366942,0.702590528931262,0.7329644488354168,4
1767257799817306126,9.533615191479328,1.7301803368921411,0.7026124550856735,0.7329355616235806,4
1767257799892270609,9.22376167877903,1.7027991309927977,0.7022858884134415,0.7329458177133676,4
1767257800017525963,9.50496492044428,1.753536326027426,0.7024920691666352,0.7329093189989353,4
1767257800091934231,9.544642691687532,1.709116882473146,0.7026176519930394,0.7329152838828386,4
1767257800141957164,9.263144078679119,1.689161476393638,0.7023837773054621,0.7328877242677299,4
1767257800217222512,9.466667567529008,1.7280852496261945,0.7023415309242917,0.7328979233121059,4
1767257800341964909,9.407824441326706,1.678792726776044,0.7026278222686898,0.7329374060348283,4
1767257800491698522,9.326811513067689,1.7245469163547282,0.7023427176943556,0.7329262685748957,4
1767257800542241072,9.509712267641302,1.6987680144207946,0.7026537373077368,0.732930492289363,4
1767257800616694011,9.439666339041587,1.6745040308508783,0.7027128801119867,0.7329458847011833,4
1767257800692312873,9.569928534089666,1.7182725795522216,0.7027103821427749,0.7329507609660048,4
1767257800742408640,9.292597023851211,1.737680242200209,0.7023421884350489,0.7329560970427849,4
1767257800817210154,9.346805787007973,1.717543123169536,0.7023546358541953,0.7328720105187454,4
1767257800892438091,9.354453467251279,1.7040875537564373,0.7025240651097734,0.7329540863543734,4
1767257800942095348,9.458874611481761,1.7301252701440037,0.7024290561244309,0.7329034368595508,4
1767257801017672861,9.334648726503358,1.663367941844778,0.702622015937637,0.7329386263584294,4
1767257801092292707,9.386894953408165,1.7126594393988306,0.7024370700283038,0.7329018716912014,4
1767257801142271736,9.310944395980902,1.7170114905171538,0.7023503940851757,0.732932146601051,4
1767257801341760999,9.404821852057822,1.7196011277541094,0.7024488489168321,0.7329362302889986,4
1767257801416562538,9.413514438133763,1.7042853419840083,0.7025428947503636,0.7329318357923357,4
1767257801492038755,9.474558986813598,1.7084327767952865,0.7026165286147056,0.7329543383830323,4
1767257801542214451,9.344860429179258,1.6698313118542887,0.7025054127519443,0.7329070894257353,4
1767257801692158293,9.595175424962687,1.7213235312513453,0.7026039637729515,0.7329354890903355,4
1767257801892154021,9.546267325658665,1.7080399875270686,0.7026672790935016,0.7329526018726781,4
1767257802091948177,9.267809319923991,1.6890937013394487,0.7024672795866927,0.7329758955453797,4
1767257802141756823,9.341168951348289,1.7062739428155715,0.7024428494213055,0.7329315628250348,4
1767257802217429947,9.506740335451402,1.7421519474484484,0.7025196423216163,0.7329301962206541,4
1767257802292314945,9.33256275313299,1.6738206616031552,0.7025787736208065,0.7328782375859922,4
1767257802342303773,9.485818204524543,1.7130089108963795,0.7025697101932288,0.7328930218670433,4
1767257802417257692,9.262130788744493,1.670273552923212,0.7023739548668232,0.7328863924943829,4
1767257802492145702,9.204975733456354,1.673781149075318,0.702441936918633,0.7329427353386175,4
1767257802542204211,9.266380434708289,1.7442316261128419,0.7022584239216784,0.7329452421891075,4
1767257802616823383,9.339883939623483,1.6967904951901467,0.7023302957233774,0.7328512029561854,4
1767257802742563442,9.505038147409216,1.7491108949643654,0.70256192903645,0.7329518274078461,4
1767257802817405287,9.1385440710946,1.663663210720642,0.7023473602065686,0.732953266928014,4
1767257802942283373,9.52569993378627,1.7466958151587697,0.7025871046541357,0.7329113062953208,4
1767257803016979443,9.531071356484787,1.742074734998114,0.7025856690398193,0.7329247037358786,4
1767257803092215844,9.558558755881297,1.7164205459317248,0.7025915734313878,0.7328533975838747,4
1767257803141886819,9.423136554680077,1.6802372934801701,0.7027119941825826,0.7329887202566111,4
1767257803291569073,9.37058809265312,1.701532682015857,0.7024642085486867,0.7329096158289795,4
1767257803342266440,9.384757280297752,1.715889386475935,0.702488589912325,0.7329536723649892,4
1767257803416884097,9.413317645738717,1.6938537753090879,0.7025382838374638,0.7329257344210255,4
1767257803491600005,9.411022985348684,1.6996034972485092,0.70260515318139,0.7329422580920191,4
1767257803541557456,9.294260334549055,1.6783877874756137,0.702523263051466,0.7329416575993202,4
1767257803617181111,9.322993217276698,1.6910732177725805,0.7025275152834481,0.7329237904791868,4
1767257803692067507,9.324258238353256,1.6951703694812996,0.7025331475711515,0.7329793029896513,4
1767257803741736534,9.364647658732906,1.692694244419171,0.702446643577184,0.7328852231708638,4
1767257803817379175,9.388352168617997,1.714349618202244,0.7024984490589671,0.7329614380003705,4
1767257803892122091,9.437636220558376,1.7277416248401216,0.7024503304760797,0.7329366309769086,4
1767257804017046025,9.417075535527841,1.6969062057612068,0.7025464926087532,0.7329293306882251,4
1767257804091957822,9.294191769892656,1.6780233382481407,0.7025100791863073,0.7329570613287828,4
1767257804141560305,9.391199004472274,1.705235875508739,0.7025958292057295,0.7329847983518227,4
1767257804292235099,9.355066278033842,1.7341630413383184,0.7023406857786327,0.7329302452654766,4
1767257804542148722,9.32253762592239,1.6629264043638194,0.7027405399236231,0.732947426880946,4
1767257804616664645,9.266972137548457,1.6948584800453554,0.7023945470942992,0.7329565048507869,4
1767257804742148610,9.394608156553797,1.7572237311764174,0.7023942335849168,0.7329480139109571,4
1767257804892159927,9.418029759721612,1.7354391416074835,0.702531946754788,0.732978328669336,4
1767257804942237750,9.562519826478045,1.7409658959149474,0.7025071577456957,0.7329030812615293,4
1767257805092413852,9.21099899374045,1.63524816817755,0.702535787633547,0.732918796272237,4
1767257805291808589,9.620248054540316,1.714798664733859,0.7027050812164921,0.7329066663059215,4
1767257805416570530,9.271438602638682,1.7375848809938905,0.7022941039352788,0.7329776376331847,4
1767257805491909595,9.20903816246521,1.683386784857955,0.7023058780139467,0.7329504928138125,4
1767257805542211717,9.443516030109066,1.7158380854948638,0.7025271984918112,0.7329346717429116,4
1767257805616589110,9.316902904820124,1.7316140901488197,0.7024143355250122,0.7329817428232785,4
1767257805742379865,9.444916471537223,1.6986231795291042,0.7024860423234932,0.7329072433310351,4
1767257805816490024,9.566246058959615,1.7589280633852107,0.7024507289856063,0.7328497553979358,4
1767257805892467769,9.440620363850405,1.75070901550337,0.7023533712567913,0.7328969041256195,4
1767257806016914268,9.537359942244361,1.7375197342414999,0.702504314194238,0.7329423817418337,4
1767257806092554692,9.236319286480722,1.7164016161946187,0.7023063986600213,0.732965950066107,4
1767257806291698280,9.49450753658243,1.7096897982449442,0.7025597600762218,0.7329249604701058,4
1767257806416645748,9.28380273879803,1.6748180018125667,0.7024122898173099,0.7328941641068638,4
1767257806492542827,9.445925086954299,1.7397732610471885,0.7024433312103323,0.7329237382697728,4
1767257806617097789,9.474205464799933,1.72245485305087,0.7026069846996119,0.7329656716479235,4
1767257806742233891,9.43162018185484,1.7015713399809533,0.7025670806604193,0.7329303430212253,4
1767257806891793474,9.300652596822555,1.6812515606424354,0.7024777333278855,0.7329396265839535,4
1767257806941662200,9.287706269552665,1.7112414586111506,0.702392318946156,0.7329125243157979,4
1767257807017458489,9.427354827897027,1.7268700289316898,0.7024522056705922,0.7329227181332798,4
1767257807092229010,9.534506104292074,1.7309534555462052,0.7025997693144199,0.7329436770066851,4
1767257807142360202,9.51137255227119,1.7207059601065484,0.7025440200123528,0.7329305929892892,4
1767257807341654399,9.316751016156587,1.6743454767088124,0.7024721861140248,0.73294195077939,4
1767257807416623917,9.390787857599836,1.7188346458984285,0.7025211225074478,0.73292983094019,4
1767257807491702546,9.332938683958346,1.7112139989834998,0.7025034179626654,0.7329401252565174,4
1767257807542393261,9.550450844971747,1.7121943530154304,0.7026531553424453,0.732946230111774,4
1767257807691747838,9.550909504603244,1.7397862419749615,0.7024869267863474,0.7328699268935716,4
1767257807742288130,9.36838037324228,1.705430421712778,0.7024419101810666,0.7329253088732784,4
1767257807817308131,9.225231928993939,1.6837994667390423,0.7023849242205276,0.7329418029196954,4
1767257807891804683,9.441444689128108,1.7156163126346613,0.702490196121074,0.732885796812038,4
1767257807941471887,9.401072140411305,1.7171200604870007,0.7024820614523188,0.7329577795145783,4
1767257808092067540,9.298356669479535,1.730860772279006,0.7022929067771818,0.732908291187722,4
1767257808142398755,9.229461336654587,1.739244794626326,0.7023089851829546,0.7329829889580735,4
1767257808217012600,9.565660907931871,1.7483354710375223,0.7024856322033056,0.7328739746359835,4
1767257808292115667,9.523449084167357,1.7130208715903972,0.7025294365934315,0.7328693161013012,4
1767257808341892804,9.361484960442311,1.7020835518163895,0.7023672203257366,0.7329114183193662,4
1767257808541611847,9.18410337158415,1.688745234106338,0.7024035125554637,0.7329996428310936,4
1767257808691954894,9.487946080429023,1.729353998924433,0.7024582548760931,0.7328692878000151,4
1767257808741817128,9.54615843818052,1.7455641534107615,0.7025006123231998,0.7329076183233625,4
1767257808816906074,9.522995268897105,1.6929412433072117,0.7026389871427013,0.7328979014959919,4
1767257808892488080,9.583134195879527,1.7434541620435804,0.7025412079397358,0.7329172310221713,4
1767257808942279558,9.676202630209406,1.705949177332724,0.702905640238631,0.7329282460148003,4
1767257809092926013,9.58817590798866,1.7419945606760499,0.702557152873574,0.732924261011121,4
1767257809217280560,9.387857753450968,1.7604502363873584,0.7022679013011943,0.7329195117595867,4
1767257809292404935,9.473447135167067,1.7377134768969607,0.7024541794449618,0.7328981823687896,4
1767257809342101130,9.410159417822971,1.695496366868733,0.7025279600690333,0.7328814224024319,4
1767257809492222057,9.414058590379248,1.667373598070155,0.7025617509491207,0.7328961254742634,4
1767257809692215909,9.457729482136855,1.7142081929998345,0.7025437984021283,0.7328751053686223,4
1767257809742117494,9.302106233512797,1.738300072657732,0.7022500166216703,0.7328814471620438,4
1767257809892147136,9.389957482537014,1.7175576961697356,0.7025346438721937,0.7329613393434262,4
1767257809942173754,9.278791088057403,1.7117660278149913,0.7023327866783131,0.7329387098164941,4
1767257810016661404,9.617902189102857,1.7331200953947963,0.7026378505425752,0.7329112410971934,4
1767257810142044888,9.342915605071722,1.7289328739764729,0.7024088877447295,0.7329305835890004,4
1767257810341510214,9.64334938529321,1.723024230420887,0.7028004272541799,0.7329385109749768,4
1767257810416407065,9.606403455391543,1.7334119960414354,0.7025357986518301,0.7328446659367321,4
1767257810491417650,9.324613900809409,1.6903883250623821,0.7024251144191834,0.7329179469590361,4
1767257810541505118,9.421429428431383,1.7076881771561692,0.7025528372522634,0.7328779753072077,4
1767257810617365910,9.246027766413922,1.7279200258074412,0.7022028910767844,0.7329279036363976,4
1767257810692001914,9.241469232946331,1.751673121622163,0.7022308266883508,0.7329891787401759,4
1767257810741846495,9.266478449789005,1.7175219584747146,0.7023595018493302,0.7329083642837475,4
1767257810816793716,9.390707339285044,1.7105760784069173,0.7024098788268759,0.7328795624605654,4
1767257810942101491,9.41158417952359,1.6929875883993586,0.7025883681050595,0.7329285453209693,4
1767257811016597357,9.14636940365121,1.6802393950655938,0.7022420664961686,0.7328934839433834,4
1767257811092192752,9.386297199922456,1.7331044697239955,0.7023811526576335,0.7329496498932715,4
1767257811216796665,9.518362350797837,1.7081883646915952,0.7026270802906912,0.7329334671771699,4
1767257811342089587,9.415921525018799,1.7281444438579532,0.7024507944676807,0.7328996227264452,4
1767257811417172260,9.42108012325249,1.718577315051145,0.7024839959222108,0.7328972953222982,4
1767257811617105964,9.26297658962094,1.698670909172585,0.7024326282381614,0.7328823033351615,4
1767257811741959342,9.230554743844932,1.6920202365548254,0.7022980718791667,0.7328914958237007,4
1767257811891544115,9.536230341381735,1.7097372213265432,0.7026079560593982,0.732927473520732,4
1767257812017053061,9.367666051462775,1.7346693580633128,0.7024474445399729,0.7329710472338727,4
1767257812217376255,9.33196997469632,1.6923590380777014,0.7024505432007515,0.7328572912665695,4
1767257812617105011,9.321023836400322,1.6852517603040158,0.702492671661532,0.7329252555122543,4
1767257812817115694,9.374090684029724,1.6909209810474526,0.7024072550173931,0.7328682302518351,4
1767257812891780256,9.438020467180564,1.7024344663065925,0.7025869478007201,0.7329284728798574,4
1767257812941835338,9.352095517856096,1.718130148154737,0.7024315765168581,0.7329165013726437,4
1767257813016843722,9.497987474871072,1.7236571639952583,0.7026450990695371,0.7329532462363482,4
1767257813091523540,9.388252264690088,1.7148766829988242,0.7025214360544367,0.7329238802025845,4
1767257813216928780,9.338372735594124,1.7124355883851905,0.7023475541351296,0.7328933397163392,4
1767257813341335460,9.351284109677671,1.6990634038370491,0.702400286622901,0.732888029940632,4
1767257813492029412,9.405727881873771,1.7002695993406614,0.702536153212942,0.7328865202094935,4
1767257813542158300,9.228588129021166,1.6677965616481538,0.7023804863396301,0.7329166051286619,4
1767257813617387568,9.614325970958792,1.7389038549718798,0.7025363800012695,0.7328998872892518,4
1767257813692195452,9.282455132137768,1.7051208386762209,0.702385444804387,0.732904699131521,4
1767257813742154072,9.31880601461421,1.6966631748697816,0.7024443810479082,0.732919353849133,4
1767257813817278734,9.303467977832213,1.724558628617894,0.7023737422092265,0.7329468246157144,4
1767257813942051459,9.422753865168222,1.704888298893999,0.7024175653812132,0.7328881790965437,4
1767257814017099187,9.41640292942747,1.7213858660269286,0.7024806181786247,0.7329288691644396,4
1767257814142091156,9.357506245549096,1.694513727192006,0.7023777044200694,0.7328747729941989,4
1767257814342115187,9.32258897900451,1.7093683060432685,0.702455018652253,0.7329646111022573,4
1767257814492019283,9.324151923977508,1.701806148939629,0.7024013241808063,0.7329133208115287,4
1767257814542048797,9.28566043595669,1.6941659349338198,0.7023715472475124,0.732916631645344,4
1767257814617061882,9.449578563220594,1.7137051114056607,0.7025898347435695,0.73292100966796,4
1767257814741763120,9.585893521063205,1.7222753934515775,0.7026816765467452,0.7329240438907775,4
1767257814816775027,9.300204988378248,1.6834062845364017,0.7024594551697226,0.7329529288874944,4
1767257814892161914,9.281232938583074,1.6676727933062339,0.702443284469372,0.7328794490139399,4
1767257814941936180,9.408393029286088,1.7091179264056005,0.7024692155450533,0.7328873991866591,4
1767257815091426271,9.327320433903274,1.7149156798657523,0.7024443512806253,0.7329696539041737,4
1767257815142050305,9.363856582553897,1.656059689341129,0.7025491667459413,0.7328473303044398,4
1767257815216588569,9.30823212826082,1.7218528262534514,0.7023363249016649,0.7329152675792431,4
1767257815292082359,9.59585774828109,1.708271070964125,0.7026320192043303,0.7328611009715246,4
1767257815341825391,9.324955268467882,1.694651770682013,0.7023617894400549,0.7328172004833134,4
1767257815416937249,9.282827781470493,1.7173672601312262,0.7022893780012346,0.7329056591237425,4
1767257815541971421,9.401091931932504,1.709348088564327,0.7025730931793438,0.7329729329443957,4
1767257815617319851,9.24295756546545,1.725249641352405,0.7021753285048777,0.7329022537091633,4
1767257815691802510,9.542138234640118,1.7210912214819662,0.7025703655755968,0.7328969742826538,4
1767257815741836037,9.473230946151933,1.7324921601934384,0.7025310002976684,0.7329235281263833,4
1767257815816787120,9.419445649063274,1.7183814346742772,0.7024407873226812,0.7329390338657646,4
1767257815891717987,9.344919077735604,1.693425213500081,0.702425229907327,0.7328942831499523,4
1767257816016405488,9.349875343608872,1.7051975420824352,0.7024842024104679,0.7329553463156169,4
1767257816092236270,9.362446694356708,1.7032173648056523,0.7024793270620577,0.7329095854078966,4
1767257816141787848,9.252686007929167,1.7365177687719648,0.7022037109368405,0.7329167418361519,4
1767257816216551745,9.330020447478438,1.6982870886472106,0.7023757305047664,0.7329048880350465,4
1767257816341639255,9.433848425733249,1.720337044928166,0.7024956989237389,0.7329114951993742,4
1767257816416591740,9.612027980884008,1.7302687854738104,0.7026395106186757,0.7328982948895931,4
1767257816491924814,9.568973672200332,1.716980691794364,0.7026391843336504,0.732901509144625,4
1767257816617216654,9.432434552054225,1.6870404849467218,0.7025432341661886,0.7329074818815174,4
1767257816691501122,9.461266874456253,1.6960798138677977,0.7025650612907494,0.7329005018261546,4
1767257816817283582,9.576935607280346,1.721683096259489,0.7026201504449511,0.7328820809884375,4
1767257816942109585,9.55315504892662,1.731343581157279,0.7025706103532936,0.7329025053895438,4
1767257817017108467,9.597421790036197,1.7436355841915656,0.7026375560087673,0.7329109576428386,4
1767257817141708502,9.53676826888139,1.721928461918276,0.7025509460673098,0.7328945891231198,4
1767257817217324328,9.486930199838817,1.7095479779225609,0.7025648599726295,0.7329242521532221,4
1767257817291596475,9.298204540773568,1.7149081255589704,0.7023554265428595,0.7329239346788229,4
1767257817341774446,9.363562855533857,1.7026124026505989,0.7024464097666189,0.7328787375711957,4
1767257817416728378,9.570699391515447,1.7640493617451132,0.702558752102688,0.7329560023791126,4
1767257817492184894,9.593397380747604,1.7603373616535667,0.7025802415036734,0.7329610141856585,4
1767257817542161504,9.491393140521831,1.7201880511724175,0.7025555733719319,0.7329097646697617,4
1767257817617232807,9.284469094631653,1.6879252795256519,0.7023998528352853,0.732921911979936,4
1767257817691985850,9.264141005424719,1.6767200107084639,0.7023965827387071,0.7328814032190965,4
1767257817816773993,9.369926357499224,1.7428056280993562,0.7022924562405868,0.7329264550218988,4
1767257817891463776,9.24295357036442,1.6970997327581747,0.7023733455879009,0.732902350051115,4
1767257817941380852,9.5822910678508,1.700879194353764,0.7027072064233382,0.7328932255391681,4
1767257818016622396,9.317826542950879,1.7343250387695235,0.702292199003238,0.7329116942468311,4
1767257818091571598,9.365674679924997,1.7051518131877723,0.7025118663807882,0.732932060664459,4
1767257818141470777,9.612824627448724,1.746256048468987,0.7025830722672031,0.7328727666203162,4
1767257818291644307,9.46772522252659,1.7314837707842394,0.7025054625003344,0.732909958261703,4
1767257818341826155,9.437391537838845,1.6951756538376626,0.7025581820744304,0.7329014903268481,4
1767257818417204291,9.417261614120264,1.701734782743529,0.7024400010964815,0.7328926113481988,4
1767257818492079004,9.487633557880626,1.7395387415050558,0.7024479797202963,0.7329037872976727,4
1767257818542342474,9.327790819963155,1.7279530471847409,0.7023658711641001,0.7328898876497517,4
1767257818692328177,9.55296011497786,1.7002242370701337,0.7027381569712642,0.7329388089635478,4
1767257818816675522,9.429390542219807,1.7452146321779682,0.7024658619080236,0.7329089915423601,4
1767257819016691998,9.153637453065521,1.7352693384764821,0.7021516179277549,0.7329533405521484,4
1767257819141613573,9.415560746872442,1.75525696251425,0.7023974879735709,0.7329613732545627,4
1767257819342267436,9.622501025099982,1.6986353776827772,0.7028076514284597,0.7328974167431916,4
1767257819417025255,9.37772914637125,1.6989941565644988,0.7024888647021557,0.7328921145429595,4
1767257819491450022,9.501815189679741,1.7011095478320468,0.7026157737505659,0.732880310397674,4
1767257819542237814,9.450708693802046,1.7145842426819384,0.7024895028402898,0.732865423868379,4
1767257819617318701,9.412115177009795,1.7459332724799788,0.702383863892361,0.732925406909834,4
1767257819816658065,9.372025373589942,1.7145392702252542,0.7024730711097956,0.732907853173354,4
1767257819892140212,9.451178341826294,1.7713921480589823,0.7023381456814203,0.732912073178431,4
1767257819942021134,9.340176027700986,1.676141565545687,0.702535152885918,0.7328820579031897,4
1767257820142322906,9.480797535856622,1.7299699900755567,0.7025065910873204,0.7328553462673969,4
1767257820292212322,9.353724453165402,1.678419085500701,0.7024801027855244,0.7328692273231641,4
1767257820491515786,9.356134980412211,1.7002974402994868,0.7024394403423682,0.7328733318323551,4
1767257820541550979,9.318379621104489,1.6991280031957416,0.7024119344193622,0.7329098376151436,4
1767257820691532603,9.367485166971834,1.6908397325635118,0.7025735829196301,0.7329599226316323,4
1767257820741609273,9.388526685921384,1.7287010928975362,0.7024217987719743,0.7329257719221003,4
1767257820816965615,9.645331071937878,1.7413891563524966,0.7026909585927288,0.7329371162379059,4
1767257820891907919,9.500912361661618,1.719783395720682,0.7025979684930876,0.7329310466401272,4
1767257820941500012,9.280338415702083,1.7212203573224163,0.7022252458292964,0.7329167347227975,4
1767257821142062289,9.437941485424762,1.7086328890092002,0.7025579480754733,0.7329371231171471,4
1767257821216671940,9.394833795019043,1.6879252483036096,0.7025043256225222,0.7328844761001454,4
1767257821291585429,9.289230031469419,1.7047524914701269,0.7022977169277361,0.7328595499969194,4
1767257821492307273,9.528466857630203,1.7339503034844659,0.7025940204188685,0.7329361273739916,4
1767257821541471214,9.588501832382246,1.7463673714540486,0.7025664632369854,0.7329026059247256,4
1767257821616595624,9.553041871277035,1.746578856316521,0.7025520809850726,0.7328846213102205,4
1767257821691575354,9.31572888401211,1.7151628031453194,0.7024084339294698,0.7329513353798454,4
1767257821817032853,9.367461192841375,1.716802601478137,0.7023680553818794,0.732876245104518,4
1767257821891952496,9.363463984064623,1.661272835006819,0.7026556210610004,0.7329566388807576,4
1767257821941401697,9.537727753692216,1.7088206506977992,0.7026652435938039,0.732942171425176,4
1767257822017153399,9.381984951543853,1.712654333063148,0.7024276357171472,0.7329080359000771,4
1767257822092031369,9.320615658014342,1.7085965321800065,0.7024257665526391,0.7329205372421549,4
1767257822141754691,9.457983719937113,1.6958633434230983,0.7026334684431715,0.7329342749339698,4
1767257822217235556,9.564989491428477,1.7218819602314404,0.7026441262637771,0.7329084020315364,4
1767257822292083321,9.220875228134418,1.727996037636669,0.702309976343425,0.732901469779582,4
1767257822341731879,9.35012588828721,1.6929122298353907,0.7024603524259856,0.7328854799729194,4
1767257822541553820,9.31811878869171,1.698332440975454,0.7023925565074086,0.7329084100716513,4
1767257822742055839,9.42377309432052,1.7148408949252185,0.7024292664585988,0.7328851540053473,4
1767257822816456125,9.474513375935967,1.723449324071636,0.7025487938000415,0.7329590781471722,4
1767257822892186029,9.28668071393779,1.7217203913237755,0.7023433307426666,0.7329623233086692,4
1767257822941587159,9.257457090706689,1.7115146365860325,0.7023065427358439,0.7329561844792964,4
1767257823017367328,9.301389058855914,1.7091510064238744,0.7023743423052203,0.7329284070044603,4
1767257823091576036,9.341511753531151,1.6900703763781302,0.7024767491929115,0.7329490539639553,4
1767257823141496690,9.474726741966366,1.7443599877647051,0.702505081146186,0.7328985281121657,4
1767257823292126608,9.453423301786223,1.728356086118505,0.7024643863140947,0.7329067341731375,4
1767257823416609374,9.53312482981461,1.7172123192464501,0.7026225194099704,0.7328922455144825,4
1767257823492295339,9.443618968056677,1.6935068755243732,0.702645048878177,0.7329043657602948,4
1767257823617059861,9.308842045269717,1.728378460659165,0.7023175066265334,0.7329684522973404,4
1767257823741469892,9.365454478494684,1.7115840916072556,0.7024185356902991,0.7328997453093185,4
1767257823891554323,9.521643071311647,1.7128586953527036,0.7025202852131339,0.7328686477810341,4
1767257824092050035,9.577957545597314,1.7034477817520637,0.7026486002537802,0.7328499484668254,4
1767257824291866439,9.542529084317074,1.716560091854074,0.7025172727875018,0.7328645979641535,4
1767257824341733253,9.50915395826668,1.7356905703648458,0.7024648459810859,0.7328430543378124,4
1767257824416894552,9.444206958236446,1.716208686309175,0.7025486011339738,0.7329304800663167,4
1767257824491429071,9.400528673672582,1.7053892502959234,0.7024552851074315,0.7328739614295796,4
1767257824691732093,9.503216237830681,1.7557704981855957,0.7024561985676108,0.7328591668917129,4
1767257824741421508,9.340087522968222,1.725655319844714,0.7024148834333829,0.7329564859192824,4
1767257824817744974,9.531826234519759,1.7338826289604954,0.7025833339811501,0.7329523941405092,4
1767257824891731205,9.225307805495465,1.698579900379807,0.7023426132471625,0.732913482275848,4
1767257825016542670,9.472862945908322,1.7566031509045488,0.7023622384857222,0.7328651648055517,4
1767257825091738230,9.490052077684275,1.7294901104866225,0.7025827730776564,0.7329371705614471,4
1767257825142159433,9.319644211515431,1.6939271553528152,0.7024493279054973,0.7328986965613409,4
1767257825217509791,9.243936310942003,1.6926467358938821,0.7023697109806409,0.732894206055839,4
1767257825341894664,9.186346572038872,1.666780935812034,0.7023574781689228,0.7329201073712376,4
1767257825416655106,9.393758219170213,1.7340095455837314,0.7023717309281547,0.7329088067005375,4
1767257825491570653,9.532508524824234,1.7357561488571627,0.7025695102991102,0.7329097196389662,4
1767257825541562335,9.457717070825765,1.7036863147024175,0.7026112377357089,0.7329282836289559,4
1767257825616578563,9.38464614894241,1.6916381831670504,0.7024625920415518,0.7328798644725999,4
1767257825691816269,9.462372996029256,1.785826564857154,0.7023060816091677,0.7329185949568556,4
1767257825742055459,9.487594991361537,1.7171994154429315,0.7026872465646122,0.7329527898551736,4
1767257825816458733,9.507340002733011,1.704796328593092,0.7025983082825449,0.7329003487038407,4
1767257825892102647,9.457606274960174,1.723851923863307,0.7025104463165678,0.7329043606153789,4
1767257826017185607,9.400430270704586,1.7168729220226708,0.702536396298484,0.7328992751164429,4
1767257826091890222,9.36040767814006,1.7027260322335809,0.7023839965660981,0.7328954514099955,4
1767257826142101917,9.461232375408969,1.7227480302059424,0.7024307297574721,0.7328816817691347,4
1767257826217048166,9.345310890896297,1.71487313577012,0.7024105288938551,0.7329250663817117,4
1767257826291640256,9.586813639744008,1.7466422103748205,0.702543114992198,0.7328788867196748,4
1767257826491596764,9.440108069581509,1.7094621556639105,0.7024326925067971,0.7328612174675516,4
1767257826542323011,9.462429516486237,1.7078672719825354,0.7025761305862687,0.7329347884810969,4
1767257826616819929,9.587252664606583,1.7108146082155038,0.7026579359798508,0.7329072656853186,4
1767257826691868898,9.300426351226744,1.692737641754239,0.7024071621482688,0.7329052289529541,4
1767257826891684442,9.649090309706843,1.7392777328050417,0.7026236202039534,0.7328529286868749,4
1767257826941447109,9.436513440857608,1.695499201205103,0.7025048268315718,0.7328900094111092,4
1767257827142113806,9.369808028377612,1.7390599302670577,0.702368783346431,0.732945753103292,4
1767257827217103492,9.62264088353615,1.7382809362583793,0.7026232512102509,0.7328843728634615,4
1767257827291526649,9.373297669387215,1.7283393318765887,0.7023552003709744,0.7329263272454933,4
1767257827341403809,9.556296088246485,1.6882690613876024,0.7026416542073521,0.7328441054277999,4
1767257827416437681,9.578771749984337,1.7264828885567245,0.7025987346697594,0.7328975189392335,4
1767257827491710235,9.417916230690327,1.6996634566898636,0.7025762190285046,0.7329332200154006,4
1767257827541736270,9.414718389739951,1.718151406313361,0.7024960405797841,0.7329349554197887,4
1767257827691911948,9.489108154598469,1.7263360004237032,0.7025906960614037,0.7329261492974627,4
1767257827891514661,9.596192578127273,1.728579223074234,0.7026609792824235,0.7329441270109215,4
1767257827941763938,9.499578456296787,1.7158318258476701,0.7025883203605231,0.7329162447609536,4
1767257828017062501,9.442197872513658,1.7227294144986027,0.7025318342167587,0.7329196263693848,4
1767257828291949143,9.609601044961003,1.7503918136743732,0.7025790242113236,0.7328935382340401,4
1767257828341773287,9.527606706771108,1.7397943037279422,0.7025368051554377,0.7328972706844563,4
1767257828491749507,9.448673924922769,1.7036844010352317,0.7025954925899375,0.7329300668018516,4
1767257828541789043,9.427489465046236,1.7107149734053626,0.702566542258789,0.7329031425614569,4
1767257828741905869,9.70216504375343,1.728431078198403,0.7027759775818712,0.7329185885140088,4
1767257828816171413,9.369714560970133,1.7153066416423655,0.702375792870843,0.7328933310112995,4
1767257828891263558,9.486327663495775,1.7063770821784063,0.7025947902106894,0.7328739770618325,4
1767257828942317684,9.401156804466737,1.728566216506819,0.7024245602983752,0.7328876794703749,4
1767257829016359962,9.325430957932479,1.6941501770154348,0.70249954338791,0.7328913364578453,4
1767257829091348691,9.3363843343367,1.7514787647689234,0.7023448037666121,0.7329328157810404,4
1767257829142009818,9.437009848044852,1.738751891985607,0.7023953727927102,0.7329008580065617,4
1767257829216883166,9.402217559952852,1.7170185807594305,0.7024082197324495,0.7328654567093168,4
1767257829291580801,9.448147695328313,1.75135324654371,0.7023890906456219,0.732954244998014,4
1767257829341929127,9.492439076636439,1.7394005941617532,0.7024785994693401,0.7328800170175708,4
1767257829417042686,9.346229286643526,1.713372039246126,0.7023590998806069,0.732890714271477,4
1767257829491436794,9.488274229805583,1.7164521870220137,0.7025692919734097,0.7329255503586984,4
1767257829541835419,9.728341860534284,1.7598647763701851,0.7026602784422799,0.7328898593771741,4
1767257829617548741,9.514061349805147,1.7506788752208295,0.702463916190269,0.7328768078818723,4
1767257829741512578,9.37755740021473,1.7005057710577605,0.7024161765859633,0.7328988435210403,4
1767257829891566694,9.429692958876522,1.7291758249692506,0.7024785311474341,0.7329072122802293,4
1767257829941531486,9.410795072055556,1.7119093994519263,0.7024454642825179,0.7328980940199754,4
1767257830016336148,9.529047883775954,1.714607834028872,0.7025571087415555,0.7328485332801428,4
1767257830091328930,9.449152580169539,1.710059056934886,0.7025330577868314,0.7329141525703088,4
1767257830341548580,9.444023154758785,1.7237410449990103,0.702593142328075,0.7329038037389893,4
1767257830416457177,9.455599756754808,1.7111709401195003,0.7026297441926527,0.7329207591838734,4
1767257830491435676,9.593323133783027,1.7631865055281677,0.7024984745142164,0.7329095891608575,4
1767257830542115983,9.3482444985985,1.736441250956363,0.7023142047766017,0.7329211730353525,4
1767257830691971430,9.439843001028624,1.7352772228547282,0.7024113949429164,0.7329080767185603,4
1767257830741500337,9.452936357062903,1.7257485079126214,0.7024900957067776,0.7329006126670855,4
1767257830816436103,9.383328449346418,1.7085691984473121,0.7024799637308006,0.7329426949655764,4
1767257830892074555,9.343609304177436,1.74727555569739,0.7022777049369209,0.7329083892319801,4
1767257831091371399,9.574612994588394,1.7441182444278498,0.7025141894354832,0.7329210641261883,4
1767257831141932296,9.407378021320856,1.7220658365578472,0.7025363749761756,0.7329309229103785,4
1767257831217327075,9.495648107654686,1.7261120405562256,0.70254234320484,0.7328846614370662,4
1767257831292033013,9.362996471269923,1.7121583224672456,0.7024026178381292,0.7328960297292574,4
1767257831341849579,9.323237656158945,1.726937084972663,0.7022457391633575,0.7328528505179119,4
1767257831416673441,9.496108622744082,1.734944677354898,0.702433190402608,0.7328965828245088,4
1767257831491716861,9.463371869209647,1.7120475612885182,0.7025808500421966,0.7329202856931382,4
1767257831617289675,9.648721620820977,1.75595152706581,0.7026455294108692,0.7329048312651248,4
1767257831692227486,9.598141275920845,1.7124583417300503,0.7027704948836985,0.7329359876761151,4
1767257831742132442,9.297239185706353,1.6994222294016497,0.7024921279193883,0.7329321762367184,4
1767257831817106700,9.388143840774244,1.7243498456720676,0.7024441595727933,0.7329197326496383,4
1767257831891717646,9.363291238583372,1.6907878490524342,0.7024575125775291,0.7328813311440185,4
1767257832016451529,9.69352086657227,1.7673010219291443,0.7026763751532612,0.7329203969225538,4
1767257832091928446,9.371564612833394,1.6787979954725212,0.7025919961827766,0.7329077955384111,4
1767257832291921370,9.392916572001141,1.7108793952724888,0.7024613021253987,0.7328893670625839,4
1767257832341844302,9.4516669314757,1.6999257319229257,0.7025668738742157,0.7329156733982102,4
1767257832416663980,9.570273590945867,1.7522441655072851,0.70255116902618,0.7328994611975642,4
1767257832491565215,9.377069236869872,1.7090136955197528,0.7024387239444887,0.7328902034541316,4
1767257832617128401,9.451442413565768,1.696841602727046,0.7027167807086498,0.732909718234604,4
1767257832742070371,9.409304383929285,1.7210259734168474,0.7025427145328571,0.7329484710558242,4
1767257832892247673,9.49733380982054,1.7440607739827518,0.7024632621087727,0.732902237618847,4
1767257832942014541,9.37524718742766,1.6865949049464406,0.7024778826367555,0.7328598134042975,4
1767257833016880677,9.52591023017446,1.7040172230617232,0.702638288312196,0.7328720863074542,4
1767257833091881442,9.540110194591778,1.7301163492400304,0.7026322298390384,0.7329274016975804,4
1767257833291720317,9.23433800323792,1.6840081283506392,0.7023300380501928,0.7328907184078614,4
1767257833341646662,9.443724770562989,1.7318786658902794,0.7024602825867828,0.7328986198150863,4
1767257833416486708,9.44789645937172,1.7061298139001935,0.7024743293250582,0.7328767167647553,4
1767257833491626508,9.33848699027262,1.6976558497785834,0.702408115601007,0.732866122134559,4
1767257833541518273,9.436427429589944,1.7289325547859637,0.7024418533825824,0.732893451895623,4
1767257833616504177,9.17199871679719,1.7396682344608638,0.7021050719603249,0.7329391665702685,4
1767257833691669306,9.652240450404248,1.759831405917624,0.7025630582735161,0.7329104440052541,4
1767257833941791956,9.495321126311573,1.7363193840124236,0.7025212397410755,0.7329010597058281,4
1767257834016576259,9.642950790541116,1.7298323742979518,0.7026725865339587,0.7328690378694814,4
1767257834141724162,9.294293523046782,1.7288950865823023,0.7023164745488629,0.7329352974424684,4
1767257834216540624,9.536705851667659,1.6839825133442334,0.7027146670597406,0.7329091984609688,4
1767257834341510196,9.29206950964434,1.6989381475700993,0.7025158754224168,0.7329466059681713,4
1767257834416555223,9.43539339645627,1.7238960297232713,0.7023911864506661,0.7328625697329717,4
1767257834491587719,9.52522655179322,1.733880232846829,0.7026264341359655,0.7328892534872518,4
1767257834742288130,9.61636345704331,1.7292672208404252,0.702592212426991,0.7328334887037893,4
1767257834816951967,9.65862758351632,1.7396466425876724,0.7026433088339977,0.7328688543226731,4
1767257834941466119,9.350215183481225,1.694621265878755,0.7024514955297847,0.732857784574992,4
1767257835016775786,9.51395119995846,1.755840315263685,0.7025811872811156,0.7329297761827193,4
1767257835091851186,9.471743185725412,1.7372262419414355,0.7024454709194399,0.7328580036000149,4
1767257835216942361,9.39812848953736,1.6998100089398411,0.7025607502723342,0.7329366666296603,4
1767257835291416260,9.575030346719249,1.7095050382993358,0.7027405000069571,0.7329411254585873,4
1767257835341350937,9.548434258983885,1.7555510449790426,0.70247495888187,0.7329003265222508,4
1767257835416337702,9.376567138204228,1.697074869389675,0.7024628781244786,0.7329087676532805,4
1767257835491465198,9.5959756983941,1.7178045266440254,0.7026590263549183,0.7328857985901602,4
1767257835541459243,9.328510206994878,1.7345477307252593,0.7023718872517201,0.7329348703692857,4
1767257835616973082,9.366621103036987,1.7144569901784072,0.7024149307414596,0.7329254300646634,4
1767257835742262555,9.353827653836856,1.736190176412227,0.7023422028483026,0.7328663851092821,4
1767257835816758959,9.51494758647442,1.7147848027989065,0.7026121064468258,0.732948993964372,4
1767257835891938959,9.489019408230881,1.7217250191422695,0.7024013260320278,0.7328521705902894,4
1767257836141451090,9.443725338007635,1.7200636040568889,0.7024667492603575,0.7329065393380926,4
1767257836216941647,9.562717277060928,1.7554615100035598,0.7024819254706294,0.7328953264747253,4
1767257836416522085,9.378701228147769,1.741649327563253,0.7023895861296425,0.7328930519126459,4
1767257836492145881,9.429346930381111,1.7129042125019278,0.7024525867728053,0.7329179668831218,4
1767257836891698314,9.48782611806498,1.7193302413242892,0.7025839511026013,0.7329089598717821,4
1767257836942065757,9.552651777488318,1.7090025573933034,0.7025891063529551,0.7328536063589254,4
1767257837017088253,9.4641966248995,1.760470246814757,0.7023601560389984,0.7329165645180655,4
1767257837091981989,9.631633477540703,1.7354342561635543,0.7026539326035788,0.732896986655117,4
1767257837141488881,9.469998294167059,1.7356378480959775,0.7024179474852607,0.7328924458171251,4
1767257837216640434,9.623050361087348,1.7457938631381813,0.7025256832121735,0.7328869856248147,4
1767257837491967378,9.324055708254452,1.7268732624411953,0.7022947400061572,0.7328954271464924,4
1767257837617100947,9.363497819093848,1.7427139997974124,0.7022648134583178,0.7329258669590911,4
1767257837741938276,9.52221222255023,1.7345338233557936,0.7025043572080514,0.7328899154717373,4
1767257837817312630,9.37447351723575,1.7363510347158033,0.7023197875887806,0.7328679375900639,4
1767257837891238086,9.439949690580928,1.746065050265218,0.7024279538079459,0.7328983302902258,4
1767257838017036617,9.631474095107118,1.7326050139299538,0.7026290833482653,0.7328385620911296,4
1767257838216597477,9.566845593342311,1.7294434537679042,0.7025832330650523,0.7329013297063349,4
1767257838291919778,9.788253503029033,1.7258437419274961,0.7026933696780807,0.7328376822756172,4
1767257838541953661,9.494646302224297,1.7245805012732516,0.702492330361209,0.7328827336852143,4
1767257838616914908,9.495994899410775,1.7228168554239742,0.7024535107698159,0.7328643189891137,4
1767257838691425942,9.373672962831536,1.7233581520668315,0.7023911832572958,0.7328626252380205,4
1767257838741462234,9.432845110968868,1.7059204507810477,0.7024283529157321,0.7328656480526008,4
1767257838816501453,9.33833461151412,1.679286065710985,0.702518169683802,0.7328570087491902,4
1767257838892116920,9.708665773780933,1.7025781112395073,0.7028222223201891,0.7328482993726205,4
1767257839017218434,9.464172801029736,1.7137234059151487,0.7025111995492784,0.7329137296010091,4
1767257839092040947,9.25535371581021,1.7064953715733189,0.7023177590461165,0.7329347253961912,4
1767257839141720992,9.317004061949685,1.6768384723352312,0.702484523460582,0.73288066183629,4
1767257839341701129,9.371760182186662,1.7020671228684228,0.7023834484078648,0.7328583844728419,4
1767257839491647088,9.429117281269495,1.7178089666854661,0.7023766785917461,0.7328215023754736,4
1767257839616774603,9.458454572731757,1.712729060087175,0.7025138968658903,0.7328996047348352,4
1767257839691362996,9.360380440857297,1.6989532117913135,0.7024430578212048,0.7328933149339535,4
1767257839816472384,9.485697300181005,1.7168450015388872,0.7024946046135037,0.7328623044846855,4
1767257839941482603,9.573325708978508,1.7513687767152448,0.7025085181631244,0.7328829593028879,4
1767257840092149227,9.448234018362811,1.6917200354191089,0.7026460372291091,0.7328951000162548,4
1767257840141739348,9.555021315381108,1.7110552296573915,0.7025962715435841,0.7329078052498633,4
1767257840216399621,9.387964098675262,1.7183974861510736,0.702450021855136,0.7328678635954999,4
1767257840291733967,9.370883395400265,1.7133533569524173,0.7024719950763767,0.7328972741381883,4
1767257840341655819,9.509178027461761,1.7823628827932843,0.7023604321754795,0.7329134698290445,4
1767257840417041842,9.261033138811436,1.6905135704344527,0.7023827143444815,0.7329049160286063,4
1767257840491934067,9.368879128707652,1.7272398200386734,0.7024115104841883,0.732894853188006,4
1767257840691376478,9.54203945404375,1.7171856245529937,0.702668597785506,0.7328724072939266,4
1767257840741448536,9.403969208378271,1.6795328275594894,0.7026002271636658,0.7329050409765657,4
1767257840816510290,9.46098008402263,1.7238308849290933,0.7024662149787455,0.7328999245928873,4
1767257840892265435,9.392819520897099,1.7139624001637388,0.7025189674536143,0.7329095870591559,4
1767257840942021174,9.457707326824828,1.731456893145218,0.7024036167260943,0.7328329150077357,4
1767257841091567554,9.256949489631294,1.6910709548417902,0.702321254113362,0.7328967701829541,4
1767257841141855558,9.499489124257131,1.7303909494826784,0.7025129639287101,0.7329217163088426,4
1767257841217047067,9.416913404150073,1.7091561791141492,0.7023931260442398,0.7328464720734456,4
1767257841341940447,9.262648001787554,1.7004530530113922,0.7023573844470276,0.7329204967382024,4
1767257841416757012,9.335991908483997,1.7303275115041876,0.702267245377427,0.7328997490255414,4
1767257841541805950,9.519063365964865,1.7670887464561529,0.7024430549486904,0.7328971075855539,4
1767257841741372507,9.492151033638097,1.719728607882954,0.7025920977716901,0.7329248317982442,4
1767257841892030625,9.48382225656541,1.7239863692684063,0.7025278007553802,0.7328736617504261,4
1767257841941604558,9.426796581517237,1.7095908028842846,0.7025031582968457,0.7328849725810087,4
1767257842016351223,9.248376083138442,1.688047138792022,0.7024488274266855,0.732902125477824,4
1767257842091632048,9.492980613071023,1.7670288059793544,0.7023908071830758,0.7329239272160085,4
1767257842141638423,9.542491958828503,1.7136929514753876,0.7025882582866027,0.7328651036286982,4
1767257842216334081,9.474409166551624,1.7600163586913904,0.7024728981652497,0.7329441266640868,4
1767257842291471991,9.413487252449503,1.742831857202678,0.7024298029807978,0.7329239017301328,4
1767257842341687783,9.310139377114446,1.7008236732871715,0.7024091630590927,0.7328993996537543,4
1767257842416963856,9.282215158487928,1.6850321728548059,0.7023414955170133,0.7328672730662789,4
1767257842491407760,9.460962804932027,1.7370864934278183,0.7024486924869888,0.7328966570113945,4
1767257842616303771,9.517653880122712,1.7566206035912877,0.7024494991300498,0.7329275720278554,4
1767257842691445468,9.709798059309161,1.76512919575656,0.7026041689456025,0.7328985469129783,4
1767257842816363894,9.555259643115877,1.7301445608531407,0.7025512835862413,0.7329228318578677,4
1767257842891321296,9.587677908231118,1.7272083427319074,0.702619305134371,0.7328690259716384,4
1767257842942221622,9.360850954536648,1.712050143067733,0.7023234259720967,0.7328493003993363,4
1767257843016805861,9.322792620719888,1.6944198453035175,0.7023897637183306,0.7329106232641065,4
1767257843091785429,9.4159011184084,1.705739198756313,0.702555333781363,0.732936805372902,4
1767257843141425825,9.267991167144496,1.720866911795681,0.7022805422864083,0.732909771399149,4
1767257843216672304,9.454479811944694,1.7387928350921764,0.7024184400191165,0.7329055658232938,4
1767257843492025972,9.469996411581082,1.7565303241399677,0.7023319855792513,0.7328408545684996,4
1767257843541637630,9.391323930957874,1.7179049749900426,0.7024728725347644,0.7329041515975375,4
1767257843616794987,9.565226733108002,1.7583085414688877,0.7023971213796499,0.7328078543425083,4
1767257843691614371,9.347270433365251,1.731832281052529,0.7023001054524348,0.7328960136573952,4
1767257843741298604,9.373187335603994,1.7023301398988069,0.7024805407817701,0.7329213342490843,4
1767257843817124344,9.394794061374,1.757812605488746,0.7021916266953726,0.7328309411435269,4
1767257843941730394,9.285827860486817,1.6491658557212447,0.7025353044715478,0.7329006494627375,4
1767257844016502968,9.45095503639848,1.7414176519191056,0.7024472734669515,0.7329023095089076,4
1767257844091162171,9.393332225634321,1.7362557174660034,0.7023586423596775,0.732890726235603,4
1767257844216207116,9.556334907811713,1.7456628208911547,0.7025485046353389,0.7328947498208025,4
1767257844292013842,9.447516474527795,1.713870595774812,0.702458696401025,0.7328924514329132,4
1767257844342037866,9.3303661264168,1.7623165633559734,0.7022378039493153,0.73290714582508,4
1767257844417027558,9.359838086427374,1.7211630278068917,0.7023999517171948,0.7329268747951534,4
1767257844491759164,9.405034546242309,1.725518893306455,0.7024449864580744,0.7328940604387305,4
1767257844741365278,9.572141613087615,1.7347397473837831,0.7025947826611184,0.7328758683641639,4
1767257844816445070,9.507333660529692,1.7441188066093796,0.7025331164257266,0.7329085390098798,4
1767257844891932012,9.392464502461785,1.7291645939681901,0.7024273066369007,0.732918338931777,4
1767257845017071353,9.243146993076046,1.6693143080927197,0.7024375646005738,0.7328970582171198,4
1767257845142046192,9.458148135240595,1.7453820187957023,0.7024463715967904,0.7329038532767223,4
1767257845416398381,9.535043164928702,1.761459043050367,0.7024543424484386,0.7328723912009504,4
1767257845491477450,9.495958668913062,1.748320702579511,0.702354216181386,0.7328009350894409,4
1767257845541390937,9.390047846024041,1.7495272056364772,0.7023609556421117,0.7328917548197118,4
1767257845817189026,9.350006275072431,1.7103502506609578,0.7023429085968907,0.7328983280431891,4
1767257845891360766,9.268868203205717,1.729950380359938,0.7023030201804873,0.7329065281013769,4
1767257845941853412,9.37878792959712,1.7127940315984784,0.7023723451812072,0.7329157095324619,4
1767257846017244370,9.46157404996617,1.7456456374299008,0.7023498300539252,0.7328504637803395,4
1767257846091978957,9.418794909250572,1.7290505074124438,0.702395670803271,0.7328402030049309,4
1767257846141941240,9.402212759992645,1.7169926026799844,0.7024593340476415,0.7328984442610991,4
1767257846291952770,9.404582126184335,1.7313531256644348,0.7024001178987758,0.7328673070988598,4
1767257846341593172,9.356633172898366,1.6945184406537726,0.7023975665811298,0.7328444348578989,4
1767257846491349235,9.641412128188144,1.6917296128120372,0.702805530853778,0.7328477015395856,4
1767257846541288409,9.434043714193985,1.7330155074974685,0.7023797098067855,0.7328763455372315,4
1767257846616419276,9.418790477635053,1.7078913511922835,0.7024575788218669,0.7328997555101564,4
1767257846891898878,9.479818905421267,1.7297726993230949,0.7024559223992919,0.7328512693276052,4
1767257847016471767,9.298493242025252,1.718612200268148,0.7023048492236691,0.7328848892476285,4
1767257847141956650,9.335199941346573,1.699116980370645,0.7024915600376251,0.7329234832327661,4
1767257847217091349,9.642965402608228,1.7353565018500365,0.702665803556781,0.7328862939269981,4
1767257847341584860,9.501026444892258,1.7104902926521344,0.7025501511928592,0.7328769874530202,4
1767257847491283680,9.333610101944888,1.715490062479513,0.7022812499033048,0.7328855121242972,4
1767257847541696661,9.296413411397197,1.7026900982771591,0.7023945139105675,0.7328663013729028,4
1767257847616970509,9.450331751470586,1.7229800883809339,0.7024082418395082,0.7328698363176994,4
1767257847691448026,9.352681061216561,1.7019394930769973,0.7024419872952793,0.732880489826993,4
1767257847817193281,9.265269783649167,1.6841792244028189,0.7023590729979416,0.7328802483779961,4
1767257847891773525,9.579414555862087,1.7154378384222668,0.702639274304506,0.7328891766491089,4
1767257847942055725,9.569527818519163,1.7641022189675435,0.7024091767502803,0.732821044182423,4
1767257848141683711,9.351522918731202,1.7029482304566645,0.7023931004641305,0.7328701306386249,4
1767257848216919930,9.334311235256965,1.699246155307088,0.702345432021793,0.7328660551495326,4
1767257848292085350,9.36029784769854,1.684393379208035,0.7024230580642598,0.73286508984328,4
1767257848416319493,9.507825641253076,1.7250137534549008,0.7025484680698512,0.7328716149603266,4
1767257848491405106,9.611299572010456,1.7088603941432339,0.7027560994301101,0.7328499407161576,4
1767257848617010745,9.578890438520338,1.7347660028562388,0.7025466965944495,0.7328873598168968,4
1767257848692043975,9.327460707357238,1.7416377334874422,0.7023381138608193,0.7329011987712328,4
1767257848816737905,9.471619065133607,1.720358690278614,0.7025242744495706,0.7329095426146874,4
1767257848891875545,9.562179298529983,1.7492908402464566,0.702518651691056,0.7328764184311329,4
1767257849017003316,9.220385763403005,1.677250663441188,0.7023118747408276,0.7328923900217452,4
1767257849141373343,9.472395784378085,1.7143800956830313,0.702449574628659,0.7328482937754883,4
1767257849216539789,9.444466319129873,1.7254189873421717,0.7024081649004513,0.7328629451070242,4
1767257849541328669,9.606229619327443,1.726523941414404,0.7026540555487842,0.732897724222959,4
1767257849741323253,9.365543786471363,1.6834008868040156,0.7024808911217231,0.7328632884852486,4
1767257849816363177,9.45827261654797,1.7252405222894696,0.7024929102530706,0.7328742142892967,4
1767257849891832187,9.279010216507011,1.7063957759437571,0.7024160415043981,0.7329188915193021,4
1767257849941283007,9.501917530466141,1.7228748626945565,0.702514598790599,0.7328729419810542,4
1767257850016921794,9.441130651644203,1.7145594420425239,0.7025686870662492,0.7329295615265793,4
1767257850092138390,9.508672803389405,1.7008328741259429,0.7025575012838757,0.7328456754425,4
1767257850341288587,9.433900799726725,1.7985458329476927,0.7022394250969027,0.7329192566312595,4
1767257850491826540,9.27221578975146,1.713025620310407,0.7021730452701479,0.7328354678313274,4
1767257850541221865,9.489044053398676,1.7202278664205006,0.702508398369062,0.7328948177331478,4
1767257850616349523,9.62036263599364,1.689782777910039,0.7027342744881914,0.7328075043144612,4
1767257850691600741,9.671188840482682,1.777565009813864,0.7025575981252913,0.732891840455312,4
1767257850741622139,9.318959504197366,1.6976527661575693,0.7024524130918717,0.7329259391104826,4
1767257850816657693,9.485954035328259,1.7494449763082986,0.7024716170611284,0.7328988681749412,4
1767257850941487540,9.583202362483668,1.751878370211061,0.7025760595809079,0.7329286575002302,4
1767257851016863967,9.503026027770755,1.7090262019024896,0.7024398766710535,0.732847701636238,4
1767257851091865401,9.60809093762338,1.7539587749732828,0.702527068793076,0.7328471856523331,4
1767257851216452400,9.64313672393391,1.7307301205116046,0.70257232059463,0.7328435801337887,4
1767257851291729207,9.326100354471123,1.7087939646990256,0.7023095860671271,0.7328459463308097,4
1767257851341153429,9.444344836928575,1.7176757169266341,0.7024678435490358,0.7328861919442791,4
1767257851491863484,9.421886660136769,1.7256137100704738,0.7023775144690859,0.7328391956099624,4
1767257851541971536,9.422029693452515,1.72427897737735,0.7023704143459885,0.7328752202338414,4
1767257851616824311,9.320914288945993,1.696214107994866,0.7024003390284035,0.7328681876114129,4
1767257851691525463,9.56981160738868,1.7591201361443083,0.7025605707748311,0.7329365391222298,4
1767257851741958980,9.411715057369264,1.7201967567005703,0.7024933488220153,0.7329018983316935,4
1767257851817067277,9.605686700116078,1.6913732359943405,0.7027362591050916,0.7328563899706709,4
1767257851892054590,9.566082447758806,1.7434726484660628,0.70239652068596,0.7328235967131811,4
1767257851941938229,9.345486511145529,1.7139344130771967,0.7024138593551984,0.7328768840585341,4
1767257852291125355,9.523345615770618,1.752811190046137,0.7024533807196562,0.7328615614277666,4
1767257852341661616,9.441723120876544,1.7264780401351563,0.70245729516146,0.732885410300109,4
1767257852616692343,9.482434838235188,1.7183179552225563,0.7024800952336853,0.7328402564323473,4
1767257852691723582,9.555291142058554,1.7202459775363124,0.7025917596877083,0.7328615973591536,4
1767257852891124238,9.45298623114843,1.707735895709075,0.7025294237374544,0.7328946704570226,4
1767257852941244768,9.441864484645901,1.6997242985198802,0.7025409883648883,0.7328620025784297,4
1767257853016497202,9.542319042345703,1.7505007674647992,0.7025054826371155,0.7328734927523776,4
1767257853217216559,9.585603334103299,1.7408030463662993,0.7025191449977463,0.7328457473474174,4
1767257853291849958,9.437948376083138,1.721842834036194,0.7024112359669891,0.7328616309832254,4
1767257853416272939,9.454613858716709,1.690858084198179,0.7026021927312484,0.7328586360099155,4
1767257853491696460,9.355659939182747,1.6565214081104789,0.7025510025825366,0.7328368713022284,4
1767257853541668040,9.62937642909234,1.748433847760237,0.7025420527371481,0.7328909977782436,4
1767257853617003816,9.462567335234318,1.7153384751961915,0.7024278895799485,0.7328694598633331,4
1767257853691511084,9.539653243638814,1.742002306218036,0.702517505854876,0.7329010378290428,4
1767257853741629439,9.34082894178012,1.705741344446512,0.7024871149443835,0.7329088664077569,4
1767257853891300030,9.506253961959699,1.7408100062326965,0.7024757743898433,0.7328755964319211,4
1767257854016480793,9.298428337603637,1.70610341967751,0.7023519116015025,0.7328802245129225,4
1767257854141289118,9.51070931346476,1.732711581621988,0.7024868476148286,0.7328540277096568,4
1767257854216464839,9.381518964269087,1.7309195905385242,0.7024085871777296,0.7328804100046485,4
1767257854291553296,9.418418654772331,1.7078796006864567,0.702467998276856,0.7328705364439368,4
1767257854341414889,9.519281412674996,1.701602867811528,0.7025352940350971,0.7328206565544121,4
1767257854416825467,9.378028140824334,1.7479018967103688,0.7023460952908067,0.732890540990106,4
1767257854492090569,9.478359786252444,1.737771733009878,0.7024206572327719,0.7328691669118697,4
1767257854541657339,9.320697841239678,1.7484828440008202,0.7022388272640924,0.7328834221727913,4
1767257854616871980,9.499911602940724,1.700626212820693,0.7025518379460197,0.732843082382668,4
1767257854817020695,9.497291716294098,1.7191216614426106,0.7025636569209959,0.7328826604452474,4
1767257854891524221,9.422271930405902,1.6803675595099201,0.7026268829168586,0.7329225229720334,4
1767257854941932892,9.230420955685492,1.7195503529122136,0.7021999868549207,0.7328704428624235,4
1767257855016409987,9.22260686073917,1.6954347029609926,0.7023009619353879,0.7328847358468472,4
1767257855091341739,9.53066571140826,1.7311136649721908,0.7025390341947896,0.7328789522173069,4
1767257855142204387,9.58479349652519,1.7420708090525152,0.7025097410570553,0.7328352559889387,4
1767257855291716579,9.544961288078913,1.7149408488235967,0.7025814319893516,0.7328807157565679,4
1767257855491510824,9.427405531603483,1.6935691949348342,0.7025743569715477,0.732878801236914,4
1767257855541929136,9.588789975069512,1.7257115664221903,0.7025480278196089,0.7328611639916948,4
1767257855616411195,9.480617627111943,1.715188340017574,0.7025653151899114,0.7328294858648444,4
1767257855816711984,9.294048898751406,1.6862647646363438,0.7023270810616,0.7328263176826931,4
1767257855941679193,9.339605761900959,1.7041504611800466,0.7023446270252165,0.732873268107344,4
1767257856016354771,9.663047699833282,1.7637706219487368,0.7025474832877675,0.7328410250508165,4
1767257856091443120,9.387586124529168,1.7024452373478536,0.7024437067720912,0.7329152982630806,4
1767257856216448553,9.493496286538505,1.7525761853617048,0.7024631528102431,0.7329107134451546,4
1767257856341121833,9.55165530280333,1.7446458061385262,0.702504930770144,0.7328270049422825,4
1767257856416374548,9.563172303340362,1.7115153392731224,0.7025828298820335,0.7328245464503211,4
1767257856541445384,9.450238873939142,1.701971292514983,0.7025537402537513,0.732904012831425,4
1767257856616868873,9.526668121405457,1.7490536653220983,0.7023925797481382,0.7328499809164885,4
1767257856741758703,9.523437951996172,1.7485839384790216,0.7025012242706079,0.7329125819316767,4
1767257856816850340,9.680433973387137,1.7447703927471105,0.7027025234475418,0.7329069306291289,4
1767257856891461991,9.488550715807342,1.6714696379854967,0.7026978265723299,0.7329047309894944,4
1767257857016921680,9.407855843131529,1.7208132554116247,0.7024126909573368,0.7328843455632197,4
1767257857141452646,9.427431199977798,1.7034409860558843,0.7025012322180781,0.7328407658035387,4
1767257857491858659,9.40723505171226,1.7020914722331595,0.702411534193852,0.7328545354644006,4
1767257857541925787,9.504721794467041,1.7025531006888255,0.7026195162204995,0.7328998162702735,4
1767257857691134085,9.490655345873012,1.6705228576215283,0.7026548231079679,0.7328973251826224,4
1767257857741277389,9.429925563450903,1.7327795826895538,0.7023710668442865,0.7328942918641649,4
1767257857816285038,9.40658786555737,1.6979531124652423,0.7025397810347976,0.7329174886592149,4
1767257857891913215,9.634679840369254,1.7325588596570585,0.7026506754389675,0.7328783327588823,4
1767257857941538837,9.398370638575514,1.7364933328842327,0.7023357930564419,0.732880399140312,4
1767257858142010307,9.561046984411291,1.707548510069059,0.7025765790789982,0.73279684236839,4
1767257858216639789,9.29149350117675,1.6999239686421608,0.7023892475493559,0.7328796629996257,4
1767257858292111930,9.517794204030206,1.7158790979206822,0.7025551694921804,0.7328329700426212,4
1767257858341786174,9.419051233191311,1.7227966941070125,0.7023812280076854,0.7328285224315211,4
1767257858416159690,9.202154878623414,1.7103402244093513,0.7023120466892453,0.7329171351538735,4
1767257858491608665,9.303239068685464,1.7259836880671313,0.7022565022523449,0.7328911202962191,4
1767257858541313442,9.504594057492376,1.705309767847493,0.7026182853032711,0.7328831763660991,4
1767257858616846176,9.562506065365351,1.7257771275223401,0.7026571851102924,0.7329193967521512,4
1767257858691813390,9.469325656014771,1.6963440129561196,0.7025295795753033,0.7328499870406664,4
1767257858741549606,9.461068436687036,1.7003426768813694,0.7025808918504551,0.7329347594125823,4
1767257858891398262,9.204910051550886,1.7025585678929203,0.7023515923429954,0.7329016995913638,4
1767257859016497845,9.342835709580942,1.7197046903045323,0.7022953542031601,0.7328556581437625,4
1767257859091793790,9.418384155134184,1.704186085353788,0.7025146629159603,0.7328714827872155,4
1767257859141939098,9.412293639233349,1.681526544058154,0.7025412994101239,0.7328415609441318,4
1767257859291969211,9.41126522330693,1.725114471617246,0.7024256709925203,0.7329090888404179,4
1767257859416885280,9.392148795187904,1.6929012741968565,0.7025073920246923,0.7328770085832302,4
1767257859491351005,9.48828722509898,1.7544276432873516,0.7024025509894106,0.7328615572201457,4
1767257859541186454,9.249834065421236,1.7271306690712456,0.7022004167776916,0.7328463665602666,4
1767257859691125418,9.554589613137821,1.7273638731288008,0.702546346411728,0.7328892914476653,4
1767257859741198410,9.539153517185595,1.7401080507339324,0.7024316324610148,0.732797192141069,4
1767257859816655553,9.551332249947198,1.7303956558006217,0.7025409313124018,0.7328299727457038,4
1767257860016841400,9.711667324786678,1.7503832325643112,0.7026776205206754,0.7328215011890891,4
1767257860141361989,9.45690560430612,1.719439613176747,0.7025335056158111,0.7329389763245548,4
1767257860216240837,9.458885170642638,1.7175621773844774,0.7025077099784351,0.7328687234958225,4
1767257860291939377,9.378170178780842,1.692179394121832,0.7025226134189119,0.7328476965765925,4
1767257860342127595,9.294899912271282,1.7021987498902642,0.7023211879435021,0.7328696244488613,4
1767257860416945808,9.403239035738476,1.7372500345512583,0.7023318139640489,0.7328529361479628,4
1767257860491604527,9.57191327528928,1.7504814664548753,0.7024650321912609,0.7328499398310465,4
1767257860691088971,9.370602953944429,1.7103293163126818,0.7023869270071883,0.7328590727943436,4
1767257860891984711,9.597212223165009,1.73845756987004,0.7026117217021285,0.7329058239409374,4
1767257861216890104,9.479526438707197,1.7375495418804612,0.7024662519934723,0.732897824871344,4
1767257861342016038,9.342790410664769,1.705442489794265,0.7024521320042858,0.7329280919168074,4
1767257861416720904,9.64233919141777,1.7562106709270553,0.7026559176564057,0.7328856402841671,4
1767257861616372789,9.522943826436926,1.7504876565180623,0.7024465501575956,0.7328586774294975,4
1767257861816338684,9.553435492155149,1.7443062279279777,0.7024789662817912,0.7328123214845463,4
1767257861891801933,9.638665569688731,1.7182219126723284,0.7026544433590068,0.7328136645524996,4
1767257862016440891,9.297721314680985,1.738498846408154,0.7022574571792124,0.7329143358321828,4
1767257862091810523,9.47817833103526,1.7056634740173988,0.7025188769047871,0.7327990243735882,4
1767257862217016839,9.421538382994532,1.6761813330994941,0.7024895564561533,0.7328221330394974,4
1767257862292384241,9.252067981656342,1.6997667310885454,0.7024375430094082,0.7329023218759181,4
1767257862341690579,9.57961674441432,1.720649965225714,0.7026086427313225,0.7328809611665079,4
1767257862491840958,9.471412324177141,1.6952945073422867,0.7025853322994358,0.7328852262398002,4
1767257862541867648,9.459653664666057,1.7568860964717359,0.70246705576131,0.7328970478588338,4
1767257862616397975,9.644977564261081,1.7257157384784458,0.7027311664648087,0.7328918071651852,4
1767257862691265907,9.322126724547243,1.756763230158772,0.702142052727007,0.7328541432884287,4
1767257862741662938,9.36569491672412,1.690884880416385,0.702500289508864,0.7328653455127814,4
1767257862941618533,9.541299457537345,1.7764851748779729,0.7022845541437845,0.7328473112075562,4
1767257863016280029,9.5082666224926,1.7100128354018638,0.7025111906996607,0.7328416547154569,4
1767257863091312855,9.617740589312973,1.764453753805531,0.7025162671527674,0.7328643431797477,4
1767257863141366047,9.376112904681989,1.7105138644643647,0.7024276936662264,0.732862210453551,4
1767257863216572824,9.437052203504992,1.7093760855846918,0.7024245423613054,0.7328363023258065,4
1767257863292006577,9.473999713240921,1.7530525813655127,0.7024243501534186,0.732868227405417,4
1767257863416620770,9.488516246233146,1.7542457954130488,0.7023931680935118,0.7328404713115201,4
1767257863616287915,9.613276305011409,1.7552251093308324,0.7025162422279987,0.7328623982651328,4
1767257863691542011,9.5314048732289,1.7409847510548142,0.702539533860507,0.7328668902700403,4
1767257863816571724,9.442086716282994,1.7345823966809697,0.7023662290017477,0.7328680052230945,4
1767257863891739659,9.348801826345564,1.7160778291582073,0.7023195122355755,0.7328328501803056,4
1767257864016299870,9.576967860078334,1.7506569827866607,0.7025605945672359,0.73287769934415,4
1767257864091210958,9.444305250173146,1.7530859864115595,0.702349621925218,0.7328574100421423,4
1767257864141162208,9.624395788843,1.7379551473577548,0.7026339254837882,0.7328735775191159,4
1767257864216234558,9.680229556390696,1.7369016309984533,0.7026424288072489,0.7328252387012805,4
1767257864291873176,9.431807626267052,1.7196840880231508,0.7025086722264949,0.7329242182704557,4
1767257864342056767,9.527353571723518,1.7031720237296541,0.7026350507828886,0.7328581685213647,4
1767257864491541430,9.321681648750246,1.74095450963405,0.7023297950868136,0.7328807145459098,4
1767257864541768908,9.247540241126394,1.7134566447467683,0.7023731114557864,0.7329125075427078,4
1767257864741596910,9.45527996143436,1.7158823350968493,0.7025321840663725,0.7328992229011451,4
1767257864891842230,9.361595082724051,1.732610019645111,0.702364851380002,0.7328992708142557,4
1767257864941596539,9.470992370159248,1.719966052272138,0.7024800777335733,0.7328592836890173,4
1767257865016564257,9.49936680698893,1.7199198104307363,0.7025140299557471,0.7328437808685538,4
1767257865141512608,9.590106676209743,1.7420272481717076,0.7025734629229774,0.7329017949418366,4
1767257865291278256,9.372906124997638,1.7096711379869534,0.7025902958943819,0.7329138413422055,4
1767257865341260422,9.423277515474782,1.7480959692922198,0.7023018702484852,0.7328514943860956,4
1767257865616614217,9.562189093464845,1.7609521477055508,0.7024511259366221,0.7328661988113637,4
1767257865691222062,9.385198378449422,1.717496729987214,0.7023276546343138,0.7328420445562264,4
1767257865816845937,9.333565662239085,1.7179817184328112,0.702276207100456,0.7328180844440819,4
1767257865891546652,9.449866642702865,1.6986162641108422,0.7025671071884338,0.7328443180862572,4
1767257865941641990,9.318983403868497,1.7351735180744445,0.7022946922814258,0.7328648895343982,4
1767257866016706711,9.357657565411293,1.7144764231267673,0.702383997150989,0.7328624652189151,4
1767257866091527837,9.690791691432722,1.7200219829780756,0.7028071015492513,0.7329211236574472,4
1767257866141116141,9.57610105771478,1.7438235502263686,0.7024991007770762,0.732890898982933,4
1767257866216325467,9.613701249223672,1.7426608162975536,0.702591869267396,0.7328519289354943,4
1767257866291853373,9.666339487799158,1.731221233857263,0.7026363808056576,0.7328570633767415,4
1767257866341554589,9.626754561425589,1.7540400952070414,0.7025125490915557,0.732875596377665,4
1767257866491500175,9.430343465087976,1.7318063861835216,0.7024219793004768,0.732841587352429,4
1767257866541703371,9.470496117253147,1.730245551213414,0.7024738045744915,0.7328411634735424,4
1767257866616472834,9.32017086067749,1.7086976750610956,0.702371530419263,0.7328955133521482,4
1767257866741593169,9.545204107263672,1.736234835012067,0.7025899690777351,0.7328732603162682,4
1767257866816758390,9.496019525508714,1.710479451946001,0.7025896890867713,0.7328586747607806,4
1767257866891571001,9.33193524144771,1.7162518120728212,0.7023591157429964,0.7328743235847893,4
1767257866941661440,9.59013327493552,1.686104560793913,0.7027848116830956,0.7328929737625106,4
1767257867016350376,9.346779063961087,1.7334450822415488,0.7024434489780569,0.7329536789109125,4
1767257867141281509,9.475022290894696,1.6993766734127127,0.7025719712617368,0.7328879732523218,4
1767257867216347678,9.421540610396239,1.722571544188164,0.7024153318884511,0.7328557963245655,4
1767257867491645129,9.6274029756257,1.6857010317345598,0.7028454603220423,0.7328985670472161,4
1767257867541644945,9.39898897736402,1.7274291156460806,0.7024167712348992,0.7328945546691799,4
1767257867691725294,9.25341277005176,1.7077382013980364,0.7022937946089509,0.7328980918107851,4
1767257867741196232,9.270600237753946,1.7222715213497932,0.7022082539374951,0.7328566303481423,4
1767257867816056347,9.301023484106775,1.7002164974461351,0.7023064739411172,0.732877551522334,4
1767257867941901764,9.246694637682907,1.6864121986709382,0.7023737883137188,0.7328675247716896,4
1767257868016244333,9.369987310880568,1.6776058394725364,0.7025633721231623,0.7328417697969234,4
1767257868091214845,9.677699630885606,1.7619425495248844,0.70258564842342,0.7328872102068331,4
1767257868141550232,9.420191674918698,1.7433055897327057,0.7023697154597378,0.732847391680802,4
1767257868217033037,9.443924453396257,1.693809513520862,0.7025315074411523,0.7328437533593724,4
1767257868291646448,9.398774505462338,1.715983615370525,0.702404891769178,0.7328814760316861,4
1767257868416684669,9.606999587781328,1.7121288667088213,0.7026394518468957,0.7328482309211365,4
1767257868541702097,9.408959955344297,1.7398837105237424,0.7023745248734024,0.7328901903680455,4
1767257868691692484,9.456602967110705,1.7225418162705772,0.7024525685543495,0.7328658151787016,4
1767257868741539337,9.606250524602178,1.7211401776901136,0.7026999685903965,0.7329092241086114,4
1767257868816296499,9.521852659797547,1.6984040724268896,0.7026121527203777,0.7328592396917538,4
1767257868941531106,9.709181980609882,1.741405380793698,0.7026100419262047,0.7328225184832647,4
1767257869016526339,9.374187768742882,1.710882806394146,0.7023066603813749,0.7328413291872599,4
1767257869091253575,9.116405722422671,1.7056072983838186,0.7021862441324962,0.7329011269066569,4
1767257869141689612,9.310619042372847,1.7400815693230387,0.7022608417019042,0.7329383778414105,4
1767257869216558387,9.475136240076786,1.7259635885372246,0.7024173092725781,0.7328336355344591,4
1767257869291815223,9.613970767492152,1.7471849788765028,0.7026145584436106,0.7329164267903618,4
1767257869341350818,9.376119788480963,1.6882768967642139,0.7025259042512938,0.7328852011587826,4
1767257869416859830,9.59191346297128,1.7479992875888293,0.7025106788833511,0.7328158672114287,4
1767257869541238705,9.558681759763154,1.7101849798818505,0.702598305250776,0.7328655438986873,4
1767257869616281897,9.682598910326078,1.7484680072252274,0.7026547193430921,0.7328448454505037,4
1767257869691642032,9.509110978368597,1.7661987628274805,0.7023662204957388,0.7328937317074783,4
1767257869891571716,9.379665145249461,1.690960481593594,0.7025301105055033,0.7328976786934923,4
1767257870016563362,9.533768237467877,1.7663531830234174,0.7023885796940378,0.7328901462632824,4
1767257870091768038,9.60413722055431,1.7443196896479545,0.702538090942493,0.732837557331168,4
1767257870141423838,9.55657320121228,1.731029897632597,0.7026397446108366,0.7329266862582803,4
1767257870216627518,9.55251538401325,1.7485505439926412,0.7025251718489739,0.7328782652768447,4
1767257870341035890,9.373864473662398,1.7322316212242455,0.702309991264459,0.7328867965236934,4
1767257870417298336,9.334930099865524,1.6831884087733813,0.7024845041337093,0.7328477601357547,4
1767257870491811429,9.586530616067845,1.7588893105616632,0.7024405103894608,0.7328574880275542,4
1767257870616682008,9.23357666474467,1.682234428340036,0.7023389141413172,0.7328640794588694,4
1767257870691524894,9.526718437914194,1.7379980190029811,0.7024535251430611,0.7327802547121542,4
1767257870741191388,9.31979143482986,1.6996203495540858,0.7023664624932957,0.7328584419422909,4
1767257870816177729,9.200269694103035,1.7227365094406797,0.7021091406688539,0.7328691019079326,4
1767257870941796836,9.403315567305782,1.7431918774623443,0.7023683416153684,0.7328889169169218,4
1767257871016208561,9.420587048562968,1.7344107457016662,0.7023812415832462,0.7328613377254397,4
1767257871291372054,9.34867641092174,1.6859715096151406,0.7025418896260571,0.7328727515515308,4
1767257871341974931,9.486306704443837,1.7073636320164898,0.7025863239614165,0.7329515530144181,4
1767257871491995191,9.46281203787347,1.688998489367053,0.7025511784899702,0.7328932583878596,4
1767257871541856725,9.699815586769468,1.7705257481426995,0.7025486464607292,0.7328180853863588,4
1767257871616765349,9.528008700069869,1.753654269802256,0.7025206651286806,0.7328865509556951,4
1767257871691672400,9.645900948049402,1.7404703966069155,0.7025843415899359,0.7327990858459267,4
1767257871741546834,9.576644690209356,1.7605145639640756,0.7025079412875188,0.7328774012574639,4
1767257871816467824,9.466810201151477,1.740768260161599,0.7024538456056963,0.7329097816736516,4
1767257871891662083,9.615169799267797,1.7367402168077808,0.7026767976925701,0.732878708335515,4
1767257871941324987,9.513445313174884,1.724947837464722,0.7024886743271607,0.7328131783019305,4
1767257872141660780,9.484680686195457,1.7541737190207132,0.7023472138399639,0.7328883701638883,4
1767257872216347290,9.291473210832347,1.740926704723528,0.7021603747073589,0.732863622355933,4
1767257872291254299,9.406808701276749,1.7040514964679954,0.7025443940200814,0.7329197688274892,4
1767257872416699597,9.492655163012786,1.7141284932793122,0.7025048937304069,0.7328266867658375,4
1767257872491778160,9.325495632426017,1.7342158509626209,0.7023502336882769,0.7328929765050362,4
1767257872541777165,9.51974543797518,1.720353768121979,0.7024621206829859,0.7328708510987736,4
1767257872616061556,9.47451889918305,1.7605747253052937,0.7024053264952911,0.7329065162227744,4
1767257872691485881,9.386545308194162,1.7067243277733066,0.7024703493263887,0.7329231647374557,4
1767257872741131845,9.614983964218338,1.7220333669796504,0.7025699652672451,0.7328229810808203,4
1767257872816310493,9.810696542013941,1.7731261044398203,0.702692067304572,0.7328135186735018,4
1767257873016177787,9.473002537715104,1.7279099019316726,0.7024009897512921,0.732809518121524,4
1767257873090977400,9.442217422337418,1.7326900685441393,0.7024233515444729,0.7328428759784761,4
1767257873141188886,9.543450320743663,1.7377671789605906,0.7025461668984407,0.7328461046362745,4
1767257873216635022,9.471658485406875,1.7020498377508166,0.702503154598031,0.7328329139024192,4
1767257873341770912,9.558618164237643,1.7491959985691778,0.7024824525715464,0.7328716313323483,4
1767257873416259107,9.610381613330388,1.743852165093355,0.7025982981908915,0.7328668673909223,4
1767257873541611343,9.5870176614673,1.7244386060972348,0.7026712074753823,0.7328740621641003,4
1767257873616190570,9.471239420124622,1.7028908113389716,0.7025999387109255,0.7328726421136507,4
1767257873691573140,9.41685223714639,1.7220932246594969,0.7024586331839333,0.7328590791896987,4
1767257873741632291,9.6654696578935,1.7519917048726306,0.7025966016816604,0.7328528077722452,4
1767257873816620968,9.244466783911998,1.7192573468169918,0.7022769314239045,0.732873139304246,4
1767257873892031233,9.368363390973244,1.7254379846546295,0.7024110620378359,0.732901010858563,4
1767257873941790067,9.58133309787268,1.736956056564951,0.7024381287107464,0.7327868014106257,4
1767257874016869324,9.599160167445664,1.7586815983369768,0.7025177352408506,0.7328499215005198,4
1767257874091807237,9.473181262309671,1.737383478511768,0.7023726974506692,0.7328418133227337,4
1767257874216790805,9.572744250352372,1.7792697339231058,0.7024329172689581,0.7328563807627999,4
1767257874291790836,9.442471195127201,1.7426942612130354,0.7023941844936333,0.7328357204763218,4
1767257874341132850,9.433591159202948,1.739103922546035,0.702348335486982,0.732834650135403,4
1767257874616229524,9.368382410341436,1.719098452411056,0.702484674989696,0.7328795741568487,4
1767257874691410296,9.340542653195726,1.7024249833807386,0.7023922028939318,0.7328727863142043,4
1767257874816499461,9.281078354201666,1.7292969915647383,0.7023237065587358,0.732934222896473,4
1767257874941141874,9.359465149284762,1.7144209575692217,0.7024514280960616,0.7329170015692803,4
1767257875091640813,9.555092994682157,1.726484658590056,0.702523657707972,0.7327964325736025,4
1767257875141508278,9.707828102312188,1.7275112782095259,0.7026871721673138,0.732825820975403,4
1767257875216776800,9.605484719758861,1.7584130346010238,0.7024989989540639,0.7328579923876352,4
1767257875291665922,9.437370687323865,1.7150918303408693,0.7024987665042608,0.7328743947282199,4
1767257875416518246,9.497457308591528,1.715078828359572,0.7024177482177307,0.7328479515768348,4
1767257875491746759,9.440341962144494,1.7042126009669913,0.702511493889117,0.7328529792989236,4
1767257875616057160,9.526170904907039,1.759600552678352,0.7024505007670362,0.7328833012895858,4
1767257875691615296,9.673568601879733,1.7269053083613406,0.7026357786427704,0.7328288165283215,4
1767257875816703371,9.390548935578336,1.7223990149606654,0.7023947505675062,0.7328631421757204,4
1767257875891553984,9.318364143350966,1.7162384670477955,0.70239178073149,0.7328742859531082,4
1767257876016754693,9.497847725870589,1.7470986534696678,0.7024951167352044,0.7328933865001086,4
1767257876141077130,9.585027453253847,1.7408478615114416,0.7025653791277954,0.7328874531235294,4
1767257876216492947,9.73076976429843,1.7623567782523657,0.702636390282686,0.7328202682057489,4
1767257876291476573,9.53596119633704,1.7185515291450841,0.7025817666055337,0.7328597004308185,4
1767257876341509963,9.382621964498018,1.696653108429089,0.7024574708350406,0.732832375844495,4
1767257876416311867,9.529973671458025,1.7378267315081928,0.7026019864897732,0.73286256223006,4
1767257876491157149,9.513183630806221,1.7285457479696817,0.7025714962774292,0.7328328957073394,4
1767257876541429370,9.58030745565952,1.7622134969995582,0.7024275782827418,0.7328115753801852,4
1767257876616667924,9.368287644100914,1.7350391117119472,0.7023524291816523,0.7328727609752747,4
1767257876691113456,9.633863703485845,1.735213252509492,0.7027165430823045,0.7328830454607478,4
1767257876816446027,9.660722333838411,1.7257624824320903,0.7026295863714865,0.7328300459584783,4
1767257876891262706,9.442418151873522,1.685815166009675,0.702591361631846,0.7328731192681944,4
1767257877141892927,9.526243719586326,1.705316988418239,0.7026256337641302,0.7328278911271724,4
1767257877291870404,9.465575937698144,1.7323489344358018,0.7024933915226972,0.7328920689992143,4
1767257877417004626,9.526540126430948,1.7295427919007362,0.7025476990971663,0.7328568006039132,4
1767257877491727640,9.312864003300337,1.7237909521685897,0.7024250675037278,0.7329150348200099,4
1767257877541593872,9.317995939508773,1.7419690886329664,0.7022790105277802,0.7328749464146901,4
1767257877616457619,9.379556544229395,1.7131252804582966,0.7024949049867029,0.7328656820027962,4
1767257877691683336,9.54481070811064,1.722738681666049,0.7024531476398034,0.7328085164555177,4
1767257877741021137,9.560326011787357,1.7315993820223594,0.7025554075994375,0.7328247127133704,4
1767257877817055689,9.57066568861331,1.7258544443399517,0.7025809996834829,0.7328508778980832,4
1767257877891584413,9.360220158498024,1.7357303823097248,0.7023281452204848,0.7328896668958287,4
1767257878016492725,9.357104052634014,1.7114520916957858,0.7023999108141542,0.7328558646036148,4
1767257878141698270,9.436798773141518,1.6942261789019584,0.7025610373035731,0.732860681045422,4
1767257878216745905,9.585824782945895,1.7272112524258603,0.7025204013269096,0.7328384574711468,4
1767257878341547560,9.647588918217377,1.7523275439029382,0.702600587955871,0.7328409027192475,4
1767257878416543935,9.460067718058296,1.7032099470035846,0.7024614541277063,0.7328204937964449,4
1767257878541397653,9.622020361960804,1.7317996294378797,0.7026385365925344,0.7328881412825702,4
1767257878691108298,9.609024802093247,1.738020539544632,0.7025896227509179,0.732857688037963,4
1767257878816464707,9.60448353833021,1.7602868601183193,0.7025380352752048,0.732839564633555,4
1767257878941410300,9.698944602319791,1.7228267292588537,0.7027357189105298,0.7328321133109926,4
1767257879091362717,9.522507523903045,1.7392658468515767,0.7024945695827686,0.7328200891483796,4
1767257879141181919,9.664928308631527,1.754265365376253,0.7026514087199209,0.7328983553432744,4
1767257879291619935,9.42120532456936,1.7390417275157841,0.7023602961866138,0.7329038680649835,4
1767257879341466171,9.521405203125832,1.7223234950155553,0.7024357818106917,0.7328062960838784,4
1767257879416513840,9.503777118066491,1.74041566919262,0.702464823967078,0.7329003029214938,4
1767257879491224048,9.698903002303695,1.7540571666422389,0.7026406516093798,0.7328674070442235,4
1767257879616903657,9.21594577730589,1.6972814032262797,0.7023143178324079,0.7328905271944606,4
1767257879691624831,9.37506409838429,1.7357609716422286,0.7023788943664828,0.73289839755128,4
1767257879741472334,9.550184675023331,1.7366881787344328,0.7025172477125664,0.7328292544183692,4
1767257879816545730,9.717179899442986,1.7512288151121675,0.7026392550515299,0.7328071106179628,4
1767257879891470815,9.265404192874138,1.6949009224645815,0.7023139419642793,0.7328448860926213,4
1767257880091552072,9.444641651244812,1.7194573250351357,0.7023671751457081,0.7328260914149236,4
1767257880142066100,9.637827890653817,1.7206473598370033,0.7026859724474795,0.7328620475105959,4
1767257880216678201,9.325539084088398,1.6960813514382935,0.7024474521152585,0.7328908337125986,4
1767257880291210068,9.45672969607092,1.7201803529665363,0.702441339857137,0.7328561300259692,4
1767257880341500499,9.496728763944805,1.7388673474468053,0.702441339857137,0.7328147908491324,4
1767257880541767565,9.598596150839466,1.746070505899778,0.7025298244014052,0.7328422687402114,4
1767257880616236047,9.312233983986506,1.7096263174919575,0.7023544003458136,0.7328570869403169,4
1767257880691309277,9.444138183095863,1.7174410395720432,0.7025532102480244,0.7328749362583105,4
1767257880741075896,9.582741928901516,1.712922179211521,0.7027137534466843,0.7328782829013825,4
1767257880891657549,9.374554943535562,1.7125706307170465,0.7024133812616914,0.7328350311237762,4
1767257880941187342,9.504356025950123,1.6898857181807063,0.7025874629151135,0.7328385242144602,4
1767257881091531857,9.609132553722866,1.721993720776451,0.7027478045013323,0.7328946938478236,4
1767257881141443210,9.628065188618029,1.710691545200894,0.7026481613363559,0.7328674647818655,4
1767257881216127049,9.526915529610047,1.7418022128920794,0.7024768117543937,0.7328267556498154,4
1767257881291311628,9.526613475646206,1.7327179167512725,0.7025034198329887,0.7328553053702945,4
1767257881342110370,9.391462103455538,1.7203914926632484,0.702473291648955,0.7328577330062002,4
1767257881491719199,9.478969794286417,1.7088464030901747,0.702533215690086,0.7328661663159918,4
1767257881691896916,9.218732108516537,1.6965663538048332,0.702293804112485,0.7328531640036839,4
1767257881891554733,9.408038682723664,1.7323998273361212,0.7023820659747497,0.73286614119743,4
1767257881941443042,9.435821843710169,1.716636882377311,0.7024672465452599,0.7328252970318444,4
1767257882091527458,9.298655914944387,1.694144928355777,0.7024037574247769,0.7328874497917929,4
1767257882216198672,9.39441003912056,1.7206296152440201,0.7024493976070737,0.732903411230594,4
1767257882291187246,9.494965040855895,1.7103221261382169,0.7025767843680737,0.7328512475018626,4
1767257882541673865,9.4262845696923,1.7255071056552032,0.7023909017812519,0.7328344676250903,4
1767257882616433356,9.500408956607643,1.7237710383382803,0.7024974270663806,0.7328762936108035,4
1767257882691091993,9.51952177716886,1.7694187124256744,0.7023716595942272,0.7328565359451409,4
1767257882816643836,9.583454522515744,1.7615078378876792,0.7024324483452823,0.732865898244934,4
1767257883016610636,9.566013926400885,1.7369778900684616,0.7025935453685422,0.7328783230278766,4
1767257883091124144,9.529523704172371,1.7399811945501722,0.7024877754652634,0.7328250187075513,4
1767257883141039120,9.529523704172371,1.7399811945501722,0.7024877754652634,0.7328250187075513,4
1767257883216603394,9.616833969302242,1.7329210021271677,0.7025939136961269,0.7328903812565722,4
1767257883291596300,9.204720726764481,1.7005276926640098,0.7022433932122047,0.7328773749826991,4
1767257883340995377,9.381091008628273,1.6986066011288155,0.7024157974043433,0.7328375547424018,4
1767257883416532474,9.591963026713945,1.7192326029884355,0.7025727270588957,0.7328034236686539,4
1767257883491044854,9.52494290239747,1.7363641318677259,0.702484232177129,0.732900447313272,4
1767257883541194032,9.390096111962842,1.7228612692763758,0.7023724116778756,0.7328317260491292,4
1767257883616414796,9.52882165138702,1.7248037431113143,0.7025164384672258,0.732800007368852,4
1767257883691488641,9.670661313606166,1.7533869504002062,0.7025317684685316,0.7328221826128932,4
1767257883741912538,9.622241746793048,1.7640740009036944,0.7025317684685316,0.7328737896628351,4
1767257883816547247,9.544159330033608,1.7310020567836428,0.7025149615041169,0.7328516716115093,4
1767257883891216189,9.566362067060075,1.7266293861622048,0.7025810190669372,0.7328351614773565,4
1767257883940950162,9.697020549357172,1.7479712349215821,0.7026713367646528,0.7328639363549367,4
1767257884016604792,9.45138811090629,1.7524354531447262,0.7023414779339833,0.7328577398033359,4
1767257884091042507,9.516540641643756,1.7241594480592577,0.7024498655336415,0.7328043537003597,4
1767257884141477065,9.516540641643756,1.7241594480592577,0.7024498655336415,0.7328043537003597,4
1767257884291561027,9.534114511428605,1.7303426523836563,0.7025285935430623,0.7328530188562218,4
1767257884341514462,9.534114511428605,1.7303426523836563,0.7025285935430623,0.7328530188562218,4
1767257884416110951,9.612478334997455,1.7409100071114312,0.7025216128713022,0.7328281698820287,4
1767257884491889372,9.382410436117983,1.7100335708092973,0.7023001012254897,0.7328100922496034,4
1767257884541455211,9.312504505230468,1.7489901976322615,0.7022098946862769,0.7328611819529101,4
1767257884616702977,9.467165366835339,1.7208333646748932,0.7024934782920363,0.7328197611989609,4
1767257884691725094,9.502811515794797,1.7310268306090812,0.702565181102703,0.7328855662878152,4
1767257884741839205,9.547018694324617,1.716359333602755,0.702565181102703,0.7328364489259489,4
1767257884816545644,9.69697398799363,1.784128997671522,0.7024820768508792,0.7327854576327852,4
1767257884891037138,9.730522322096146,1.7852882398581942,0.7026328197780751,0.7328699263325852,4
1767257884941816847,9.78111480562671,1.760755181646255,0.7026328197780751,0.7328127504385892,4
1767257885091548517,9.430945193750318,1.7347377547008975,0.7023943777640835,0.7328548595841698,4
1767257885141612938,9.430945193750318,1.7347377547008975,0.7023943777640835,0.7328548595841698,4
1767257885291781357,9.610821332808218,1.7632838006302365,0.7025286717356831,0.7328639438926703,4
1767257885342116912,9.653946274858495,1.7653861220032292,0.7025286717356831,0.7328184815538711,4
1767257885416778984,9.499927952710596,1.7038363765767357,0.7025069822546798,0.7328178617752436,4
1767257885491631543,9.66002651084452,1.750120559943229,0.7026502087803949,0.7328414776788892,4
1767257885541526123,9.669485142898893,1.7439015339918922,0.7026502087803949,0.7328184650352547,4
1767257885691647314,9.61212258402988,1.7706877303119681,0.7026511407242484,0.7329318171072005,4
1767257885741550201,9.65311935043811,1.7551855369301925,0.7026179083779103,0.7328516037635188,4
1767257885816250354,9.274489945888531,1.7540399995432812,0.7021622754251553,0.7328396564483176,4
1767257885891649800,9.579001185640369,1.7181365746093782,0.7025664927849596,0.7328275074060714,4
1767257885941435135,9.347277080118177,1.6968147792773134,0.7024576999883242,0.7328650035362637,4
1767257886016378760,9.307693219254066,1.715471683522704,0.7023393367446328,0.7328982588599704,4
1767257886091716806,9.59310315029649,1.713866008841729,0.7025961492733592,0.7328540887197514,4
1767257886140998520,9.59310315029649,1.713866008841729,0.7025961492733592,0.7328540887197514,4
1767257886216040654,9.539456603235742,1.712844832023351,0.7025037985102157,0.732822373368204,4
1767257886291116589,9.350313120482623,1.7341202753347051,0.7023263007651794,0.7328400972506595,4
1767257886340985453,9.366398605139437,1.7123659897775818,0.7024002773370636,0.732845993145591,4
1767257886416639214,9.435143753234287,1.7278649327610756,0.7024726409847382,0.7328927392385275,4
1767257886616088448,9.411390769148763,1.719184726251151,0.702367271915429,0.7328708156051219,4
1767257886691579112,9.4068917786585,1.7267410908478078,0.7022981220872335,0.7327894105807914,4
1767257886741322498,9.4068917786585,1.7267410908478078,0.7022981220872335,0.7327894105807914,4
1767257886891158228,9.560643012520021,1.70787323107745,0.70258648450043,0.7328415918529166,4
1767257886941762619,9.398294337415791,1.7075757478462252,0.7024258802486287,0.7328406188567003,4
1767257887016710610,9.395672197896388,1.703964038276334,0.7023568743327211,0.7328138448176205,4
1767257887091566532,9.485662629807546,1.710483605819149,0.7024847385907149,0.7328490493304435,4
1767257887141649852,9.50243415810592,1.7042774718436322,0.7025598498070637,0.7328725356767599,4
1767257887215967444,9.485064089364448,1.7477911642332593,0.7024184444895308,0.7328603203984795,4
1767257887291113633,9.54412492223977,1.7183385291714983,0.7025090225863663,0.7328624066984055,4
1767257887341352385,9.54412492223977,1.7183385291714983,0.7025090225863663,0.7328624066984055,4
1767257887491770263,9.327957265274467,1.6830958598795198,0.702520892240936,0.7328776536233869,4
1767257887541722796,9.391791788670666,1.6869707648546675,0.702520892240936,0.7328128651183988,4
1767257887691013711,9.242761963612956,1.7167527366201063,0.7022009156698223,0.7328359441635031,4
1767257887741150020,9.623067919163674,1.7359987384527087,0.7026695076983754,0.7328596213659525,4
1767257887817026643,9.490529556593575,1.725858489880392,0.702448542172404,0.7328339688657831,4
1767257887891640742,9.524145728265099,1.6916113282088592,0.7025428107493663,0.7328308401881861,4
1767257887941549616,9.527220277773306,1.7200298736902588,0.7025428107493663,0.7328257972197874,4
1767257888016832620,9.413204939564434,1.6968112698004343,0.7023420636637733,0.7327781869796746,4
1767257888091156738,9.456028820813977,1.7616080082915007,0.7023846791154715,0.7328893652641977,4
1767257888141129865,9.456028820813977,1.7616080082915007,0.7023846791154715,0.7328893652641977,4
1767257888216096622,9.598326854614259,1.7298453813092567,0.7025418144519507,0.7328114942630942,4
1767257888490989620,9.38594413312055,1.751004569029563,0.7021927545095296,0.7328224110549217,4
1767257888541613100,9.38594413312055,1.751004569029563,0.7021927545095296,0.7328224110549217,4
1767257888616094374,9.603765261364305,1.753992516837068,0.702535788460325,0.7328831528232581,4
1767257888742117519,9.34041534926111,1.7235741320552629,0.7023546176995398,0.7328834116174066,4
1767257888816695388,9.502953821453385,1.7344811256632644,0.7024680870845058,0.7328351080561963,4
1767257888890900206,9.50198823289583,1.7300630081626127,0.7024648065735245,0.7328336113991819,4
1767257888941168748,9.497396790305146,1.7319676995746127,0.7024648065735245,0.7328312087817883,4
1767257889016277508,9.20368549753292,1.6803155285416682,0.7022941425436116,0.7328543389382681,4
1767257889291750866,9.402734068913343,1.721546024500827,0.702402257674362,0.7328786477798123,4
1767257889341621488,9.402734068913343,1.721546024500827,0.702402257674362,0.7328786477798123,4
1767257889416484759,9.4024985581449,1.725836810915385,0.7023831051383713,0.7328215092618081,4
1767257889491844643,9.395852020598007,1.7409873281593062,0.7023110983085161,0.7328735235197235,4
1767257889541679646,9.395852020598007,1.7409873281593062,0.7023110983085161,0.7328735235197235,4
1767257889616444877,9.605644566046735,1.7572643407954402,0.7025702982891886,0.7328301408188514,4
1767257889815940906,9.223646950156205,1.7129066828957722,0.7022549255279273,0.7328647575913079,4
1767257889891470871,9.53583904771449,1.7200335824258155,0.7026382139491371,0.7328838315677445,4
1767257889941678690,9.580716876569696,1.7143535872072202,0.7026382139491371,0.7328248889515689,4
1767257890016464601,9.347753241362057,1.6925553760042666,0.7024479378160091,0.732828207968015,4
1767257890091463238,9.600144483666417,1.7481512990807992,0.7024467901088145,0.732847513596553,4
1767257890141313920,9.600144483666417,1.7481512990807992,0.7024467901088145,0.732847513596553,4
1767257890216779106,9.625564803935948,1.7620699942191311,0.702434814042623,0.7328306486405857,4
1767257890291134587,9.439215358589603,1.7402673809525502,0.7024198658714467,0.732859707669115,4
1767257890341708638,9.477256389506916,1.7320120360887226,0.702525107595442,0.7328732664456037,4
1767257890416675032,9.467410794465557,1.7147574911245826,0.7024835537336516,0.7328344680996955,4
1767257890491768405,9.630129629352059,1.742813110907225,0.702548659623523,0.7328184656871736,4
1767257890541448297,9.607828812200792,1.746997291504363,0.702548659623523,0.7328400113052315,4
1767257890691085869,9.584291009353763,1.756040026864873,0.7024926478895132,0.7328336031710925,4
1767257890741137384,9.584291009353763,1.756040026864873,0.7024926478895132,0.7328336031710925,4
1767257890816727317,9.584678528289036,1.7341027384446595,0.7025025872448447,0.7328255931649837,4
1767257890891499966,9.443680909796303,1.7516345661849424,0.7023880263508621,0.7329034239071206,4
1767257890941937772,9.443680909796303,1.7516345661849424,0.7023880263508621,0.7329034239071206,4
1767257891016755015,9.404854423351816,1.7037769972386876,0.702309242234398,0.7328251453338173,4
1767257891091606697,9.410027806711296,1.7347321710758605,0.7023969088774901,0.7328629034718733,4
1767257891141535260,9.391575388558838,1.7182186374627921,0.7023969088774901,0.7328803758854424,4
1767257891291176882,9.483834620238053,1.729793979664775,0.7024279533508804,0.7328363793556286,4
1767257891341742799,9.483834620238053,1.729793979664775,0.7024279533508804,0.7328363793556286,4
1767257891417067038,9.336946921232103,1.7476856898782054,0.7022450777230385,0.7328793389884272,4
1767257891691317302,9.679300260540757,1.7505636692726763,0.7027165991370162,0.7328660163335472,4
1767257891741396645,9.679300260540757,1.7505636692726763,0.7027165991370162,0.7328660163335472,4
1767257891816923258,9.617594071284486,1.757059097193207,0.7025068213956098,0.7328246186310087,4
1767257892016647811,9.563329019408485,1.731592463850185,0.7025147724504105,0.732848668469935,4
1767257892291181673,9.630269442007178,1.7054734580385145,0.7026094624928738,0.7328250233594548,4
1767257892341240982,9.58962822495424,1.730956191115913,0.7026094624928738,0.7328698551460174,4
1767257892616139707,9.509102950403637,1.7235037482303885,0.7024749069905379,0.7328196393985541,4
1767257892691311754,9.380804377300933,1.7179121972008164,0.7023666207131133,0.7328733196979208,4
1767257892741614556,9.380804377300933,1.7179121972008164,0.7023666207131133,0.7328733196979208,4
1767257892816639485,9.590905661989169,1.7327950209864476,0.7025461171656806,0.7327785406420483,4
1767257892891267838,9.467509855113242,1.7293321490728657,0.7025214790630977,0.7329013817344467,4
1767257892941870456,9.467509855113242,1.7293321490728657,0.7025214790630977,0.7329013817344467,4
1767257893016141901,9.37831718777793,1.6773401168687005,0.7024801584126873,0.7328255557001127,4
1767257893091815361,9.466921878613643,1.7051158013387508,0.7025510184039805,0.7329179047792925,4
1767257893141121535,9.466921878613643,1.7051158013387508,0.7025510184039805,0.7329179047792925,4
1767257893216761419,9.487532741604742,1.7379184240456693,0.7025203957966837,0.7328525551136366,4
1767257893291697624,9.639478009112468,1.7559808627498064,0.7026310737207724,0.7328385750194903,4
1767257893341793763,9.605131053530558,1.7544069836725538,0.7026310737207724,0.7328771840383207,4
1767257893416192543,9.561275359050935,1.7630263148702703,0.7024710725032304,0.7328111560513694,4
1767257893491461951,9.421867429562635,1.7439574983506547,0.7024128781481992,0.7328823103058166,4
1767257893541731129,9.409954271499487,1.754771796916955,0.7024128781481992,0.7328846761521182,4
1767257893616630826,9.52009060230452,1.7252807183945789,0.7025491821416272,0.7328491783320816,4
1767257893691174505,9.513694629019964,1.728362211036968,0.7024709841241823,0.732813904493144,4
1767257893741764373,9.465184405281546,1.7340442253508954,0.7024709841241823,0.7328674132387379,4
1767257893816568068,9.36352233058313,1.7299696679298275,0.7023618279244791,0.7329152920259165,4
1767257893891199111,9.474303184623501,1.7237428972393158,0.7024064737240326,0.7328416966438446,4
1767257893942049982,9.474303184623501,1.7237428972393158,0.7024064737240326,0.7328416966438446,4
1767257894091702635,9.396728407188526,1.7107178869513875,0.7024130323161566,0.7328600321829036,4
1767257894141131107,9.396728407188526,1.7107178869513875,0.7024130323161566,0.7328600321829036,4
1767257894216228159,9.522074412569804,1.7083759628958766,0.7026698110505938,0.7328814882070961,4
1767257894416102263,9.433231936930131,1.7502054219841479,0.7024034116758804,0.7328615230565858,4
1767257894491057919,9.429014627901132,1.7362392233565245,0.702408960073748,0.732835453355335,4
1767257894541057857,9.429014627901132,1.7362392233565245,0.702408960073748,0.732835453355335,4
1767257894616505793,9.571515677776254,1.7440469524967899,0.7025103322026927,0.7328491051858391,4
1767257894691284536,9.541966295413818,1.7072472627254511,0.7025258830726278,0.7328439891152733,4
1767257894741393381,9.541966295413818,1.7072472627254511,0.7025258830726278,0.7328439891152733,4
1767257894816093606,9.304033190115746,1.69873263042669,0.7025431006007244,0.7329182646933685,4
1767257894890932913,9.444008457507369,1.7422493366286367,0.7025260939085103,0.7329062388997597,4
1767257894941345401,9.444008457507369,1.7422493366286367,0.7025260939085103,0.7329062388997597,4
1767257895216501293,9.343290749975864,1.745196313838074,0.702219789796052,0.732801037132789,4
1767257895416197893,9.803981202640145,1.800158326852005,0.7026485074111283,0.7328358841270947,4
1767257895491459334,9.51022011767133,1.7661700524988384,0.7023357101017799,0.7328152426753153,4
1767257895541578235,9.51022011767133,1.7661700524988384,0.7023357101017799,0.7328152426753153,4
1767257895616170060,9.434922560189074,1.7036590453695388,0.7024742530046427,0.7328388820668787,4
1767257895691701250,9.606703885528978,1.7094337421582129,0.7027011912581512,0.732818533155349,4
1767257895741379594,9.606703885528978,1.7094337421582129,0.7027011912581512,0.732818533155349,4
1767257895891494559,9.597828934586495,1.7213581241897555,0.7025603583518701,0.732826469176629,4
1767257895941266916,9.597828934586495,1.7213581241897555,0.7025603583518701,0.732826469176629,4
1767257896016803699,9.610197119093167,1.7692142046263064,0.7025000842040723,0.7328392992600046,4
1767257896091615273,9.43802499772961,1.7506711975111642,0.7024546619641051,0.7328501602864915,4
1767257896141855747,9.43802499772961,1.7506711975111642,0.7024546619641051,0.7328501602864915,4
1767257896291493941,9.438006426147005,1.7411164590209087,0.7023864051262496,0.7328195953240066,4
1767257896341176672,9.438006426147005,1.7411164590209087,0.7023864051262496,0.7328195953240066,4
1767257896491342732,9.630530492157007,1.7560519662967364,0.7026481228033048,0.7328941474746784,4
1767257896541846760,9.630530492157007,1.7560519662967364,0.7026481228033048,0.7328941474746784,4
1767257896616749888,9.543542966090278,1.7144669488110649,0.7025444258267048,0.7328381314512274,4
1767257896691415995,9.33717827307512,1.7474759308322576,0.7022545267545157,0.7328847403512713,4
1767257896741101435,9.33717827307512,1.7474759308322576,0.7022545267545157,0.7328847403512713,4
1767257896816558829,9.763577819795199,1.7599267480296612,0.7026426369529434,0.7328464230078809,4
1767257896892604997,9.59786051778333,1.7211307139168168,0.7025587572773545,0.7328067948341024,4
1767257896941586503,9.59786051778333,1.7211307139168168,0.7025587572773545,0.7328067948341024,4
1767257897016737964,9.527889787089961,1.7446974269736697,0.702477651578277,0.7328632958595054,4
1767257897291490362,9.647302655320766,1.7413407280810196,0.702588123498654,0.7328093125799668,4
1767257897341015199,9.647302655320766,1.7413407280810196,0.702588123498654,0.7328093125799668,4
1767257897490880407,9.68817029686897,1.7271868878601597,0.7026449216483114,0.7328238408623946,4
1767257897541853579,9.68817029686897,1.7271868878601597,0.7026449216483114,0.7328238408623946,4
1767257897616282039,9.554493313961633,1.724161360545105,0.7025559370483304,0.7328210164785507,4
1767257897691635630,9.31792941678844,1.774471853125042,0.7021596911429874,0.7328600120974914,4
1767257897741652574,9.31792941678844,1.774471853125042,0.7021596911429874,0.7328600120974914,4
1767257898091328959,9.508086639863244,1.7306322872292674,0.7024844059365226,0.7328270679428452,4
1767257898141386361,9.508086639863244,1.7306322872292674,0.7024844059365226,0.7328270679428452,4
1767257898216573481,9.217067430268845,1.7112792621323805,0.7021623255698649,0.7328412242493159,4
1767257898291430693,9.524790006499417,1.715901611310363,0.7025704325591839,0.7328425501541836,4
1767257898341671230,9.524790006499417,1.715901611310363,0.7025704325591839,0.7328425501541836,4
1767257898416454784,9.589824982323636,1.7429418537130463,0.7026283758168093,0.7328795358822918,4
1767257898691489574,9.571077328994647,1.7441503638788585,0.7025453934026026,0.73286374812843,4
1767257898741114754,9.571077328994647,1.7441503638788585,0.7025453934026026,0.73286374812843,4
1767257899016054014,9.528889881944224,1.7449889980437616,0.7023912990204831,0.7327837629869933,4
1767257899616740589,9.456858408392833,1.7461645072103675,0.7023568870578608,0.7328681877729182,4
1767257899691676514,9.339227117530214,1.729443659250959,0.7023026270969428,0.7328840340008677,4
1767257899741424363,9.339227117530214,1.729443659250959,0.7023026270969428,0.7328840340008677,4
1767257899815981098,9.583449268203982,1.7286970813689189,0.7025188764523328,0.73279229635514,4
1767257899891074913,9.51075191396955,1.7502943954465857,0.7023557231553497,0.7328123533471099,4
1767257899941300202,9.51075191396955,1.7502943954465857,0.7023557231553497,0.7328123533471099,4
1767257900016150041,9.538890645305443,1.7505189445574985,0.7024160144705239,0.7328256948980539,4
1767257900091139574,9.277645362790853,1.6990231288898856,0.7023428368031276,0.7328437037490869,4
1767257900141005111,9.277645362790853,1.6990231288898856,0.7023428368031276,0.7328437037490869,4
1767257900216670589,9.165958679771101,1.6941062687037178,0.7022113583136342,0.7328598093804917,4
1767257900291815125,9.48713450281824,1.7299653994556417,0.702581965928912,0.7329039229001024,4
1767257900341329535,9.48713450281824,1.7299653994556417,0.702581965928912,0.7329039229001024,4
1767257900416322058,9.340067263252205,1.7515801343077537,0.7022511189728731,0.7328268696140622,4
1767257900616067509,9.37024014981569,1.6960208486162622,0.7023230900380772,0.7327733198134228,4
1767257900691717706,9.347094866083205,1.765133606109541,0.7022959996787083,0.7328644731591644,4
1767257900741682149,9.347094866083205,1.765133606109541,0.7022959996787083,0.7328644731591644,4
1767257900816497759,9.42339758417532,1.734708830104913,0.7024299715970233,0.7328645158159758,4
1767257900891597610,9.396055987779928,1.7396118487245185,0.7023204384871393,0.7328029704084137,4
1767257900941348493,9.396055987779928,1.7396118487245185,0.7023204384871393,0.7328029704084137,4
1767257901016409855,9.58544946073625,1.7446041606201894,0.7025829065668107,0.7328287913872047,4
1767257901091661283,9.504907256447703,1.7405515306802108,0.7024824851065249,0.732855989048118,4
1767257901141741342,9.504907256447703,1.7405515306802108,0.7024824851065249,0.732855989048118,4
1767257901216333123,9.587680249610653,1.7250643356102973,0.7026157333277531,0.7328312520948324,4
1767257901291596876,9.356001137573845,1.737919018394752,0.702309890456737,0.7328512218369939,4
1767257901341343778,9.356001137573845,1.737919018394752,0.702309890456737,0.7328512218369939,4
1767257901691734654,9.451308819578784,1.7449421507135479,0.7024262863890707,0.732861432820815,4
1767257901740968379,9.451308819578784,1.7449421507135479,0.7024262863890707,0.732861432820815,4
1767257902016787060,9.47013393072982,1.738251960354079,0.7024415621424621,0.7328321525029038,4
1767257902091768257,9.483169056396012,1.722015183686114,0.7025211819809616,0.7328202954442953,4
1767257902141461133,9.483169056396012,1.722015183686114,0.7025211819809616,0.7328202954442953,4
1767257902616178834,9.36798082810586,1.6957080714629085,0.7023976356264569,0.7328383260059668,4
1767257902690856545,9.668434324310414,1.7686538018544968,0.7024871203770755,0.7328458309952619,4
1767257902741098210,9.668434324310414,1.7686538018544968,0.7024871203770755,0.7328458309952619,4
1767257902816826463,9.512688805639824,1.7545610889070793,0.7024207593647964,0.7328344320463297,4
1767257903016650085,9.522410572671891,1.7281572928172828,0.7024934986403241,0.7328468895581107,4
1767257903091585116,9.603784599835908,1.7773407379195283,0.7023558051066084,0.7328117673165688,4
1767257903141902818,9.603784599835908,1.7773407379195283,0.7023558051066084,0.7328117673165688,4
1767257903216360014,9.56922454293263,1.7503300176060534,0.7024809615705467,0.732811703058402,4
1767257903416583024,9.513128614172084,1.705665732309407,0.7025703776178859,0.7328326559777449,4
1767257903616778350,9.496670308568934,1.7136299908099912,0.7024395305153828,0.7327789046556951,4
1767257903691470057,9.644063968057171,1.7455605916361787,0.7025384698433832,0.7328135532997692,4
1767257903741725519,9.644063968057171,1.7455605916361787,0.7025384698433832,0.7328135532997692,4
1767257903816517390,9.568255075924403,1.751838642737403,0.702430878709203,0.7328016582119699,4
1767257903891027580,9.564597363205252,1.7361885074676842,0.7024513227757034,0.7328128134214031,4
1767257903940949001,9.564597363205252,1.7361885074676842,0.7024513227757034,0.7328128134214031,4
1767257904091412484,9.465931671720607,1.717772389981834,0.7025005142439928,0.7328581561208031,4
1767257904141404813,9.465931671720607,1.717772389981834,0.7025005142439928,0.7328581561208031,4
1767257904216582839,9.370996223855066,1.7210385460590505,0.7023704966714075,0.732834925830673,4
1767257904616892171,9.454248310991066,1.7387962084552362,0.702427178039563,0.7328460125163238,4
1767257904816526672,9.635896690558866,1.7410518091220508,0.7026218680655261,0.7328568243004047,4
1767257904890986201,9.811423547627541,1.7339965539692885,0.7027686239498337,0.7327963607297623,4
1767257904941349324,9.811423547627541,1.7339965539692885,0.7027686239498337,0.7327963607297623,4
1767257905291762034,9.597014169330897,1.7332382684002665,0.7025681831301739,0.7328422448189833,4
1767257905341243287,9.597014169330897,1.7332382684002665,0.7025681831301739,0.7328422448189833,4
1767257905416495264,9.630949283921275,1.7303031865725673,0.702636506093174,0.7328042635764772,4
1767257905616364144,9.47736692525558,1.7653934152059363,0.7023174204015934,0.7328814149451321,4
1767257905691765029,9.309134034534816,1.7215210642225784,0.7022655823328728,0.7328712343254543,4
1767257905741511143,9.309134034534816,1.7215210642225784,0.7022655823328728,0.7328712343254543,4
1767257905816061052,9.292564941653314,1.7517565086252842,0.7022593715399121,0.7328852099312491,4
1767257905891337399,9.130913424412302,1.682058918744265,0.7022213874446102,0.7328521464879958,4
1767257905941403648,9.130913424412302,1.682058918744265,0.7022213874446102,0.7328521464879958,4
1767257906091557010,9.338142048361142,1.6933542719208177,0.7024729682337318,0.7328347726768806,4
1767257906141818152,9.338142048361142,1.6933542719208177,0.7024729682337318,0.7328347726768806,4
1767257906216286791,9.576059762763656,1.7154688777248248,0.7026438452200146,0.7328374984791788,4
1767257906291382547,9.442625920635606,1.693510203524047,0.7024703702911239,0.7327953911750607,4
1767257906341190170,9.442625920635606,1.693510203524047,0.7024703702911239,0.7327953911750607,4
1767257906415992904,9.39144712215989,1.7354972013642846,0.7023141734194588,0.7328040597854312,4
1767257906491360994,9.557693297919446,1.7403370149839288,0.7024847154603393,0.7328185984174534,4
1767257906540953327,9.557693297919446,1.7403370149839288,0.7024847154603393,0.7328185984174534,4
1767257906615929074,9.626801506663508,1.7438155294630242,0.7025395323543442,0.732822453958234,4
1767257906816060952,9.555632150090588,1.710323999753706,0.7025787885326059,0.7328169459410011,4
1767257906891709584,9.353607754554183,1.7149597146104283,0.7023409142779948,0.7328399510757173,4
1767257906941429011,9.353607754554183,1.7149597146104283,0.7023409142779948,0.7328399510757173,4
1767257907016323751,9.531116133860152,1.7163270156349586,0.7025444095032071,0.7328458972405971,4
1767257907091023608,9.451481680418649,1.6992001064188853,0.7025749474554146,0.7328596516353729,4
1767257907140912339,9.451481680418649,1.6992001064188853,0.7025749474554146,0.7328596516353729,4
1767257907216070738,9.731517472700514,1.7586833504879742,0.7026544149709233,0.7328058354108047,4
1767257907416763848,9.415173259900932,1.7277150006081734,0.702386342554023,0.7328295123481363,4
1767257907616037410,9.55619165659538,1.6821962873554717,0.7026028137338668,0.7327970123229747,4
1767257907691055120,9.353265845164827,1.714711371930867,0.7023139196088244,0.7328177524481896,4
1767257907740936665,9.353265845164827,1.714711371930867,0.7023139196088244,0.7328177524481896,4
1767257907816111843,9.747052418307423,1.765664425434202,0.7026010490316013,0.7328058228392981,4
1767257907891383000,9.43333685611969,1.6875813141259859,0.7025978846368246,0.73285154298358,4
1767257907941009075,9.43333685611969,1.6875813141259859,0.7025978846368246,0.73285154298358,4
1767257908016201548,9.515058626854088,1.7312401724941209,0.7024542544220844,0.7328153428048929,4
1767257908090928189,9.710549248190592,1.7937795843781634,0.7024009094078164,0.7328058869010141,4
1767257908141425449,9.710549248190592,1.7937795843781634,0.7024009094078164,0.7328058869010141,4
1767257908216493031,9.27621361065778,1.6955686787803228,0.7023245197709738,0.7328094764900345,4
1767257908291296904,9.442385151742894,1.7464613396387432,0.7023881757668867,0.7328820506196291,4
1767257908341235593,9.442385151742894,1.7464613396387432,0.7023881757668867,0.7328820506196291,4
1767257908490860984,9.571949433680892,1.750886778469005,0.7024853403180135,0.732840926988807,4
1767257908540933864,9.571949433680892,1.750886778469005,0.7024853403180135,0.732840926988807,4
1767257908691542994,9.57525005960691,1.722249631190856,0.7026122935438215,0.7328023302079975,4
1767257908741577738,9.57525005960691,1.722249631190856,0.7026122935438215,0.7328023302079975,4
1767257908816413945,9.436804470935755,1.759196561803939,0.7023717992174647,0.7328909807226011,4
1767257908891549277,9.531147381219851,1.7342255911892739,0.702461201689631,0.7328208762294387,4
1767257908941428101,9.531147381219851,1.7342255911892739,0.702461201689631,0.7328208762294387,4
1767257909016343484,9.391155287850284,1.7182881917663255,0.7024735114437243,0.7328795482747695,4
1767257909216041672,9.624250355100838,1.749246371508569,0.7025017993273729,0.7328074311343737,4
1767257909291264575,9.689044110487433,1.7641798844770296,0.7025669725190149,0.7328511513595177,4
1767257909340980567,9.689044110487433,1.7641798844770296,0.7025669725190149,0.7328511513595177,4
1767257909416293562,9.445160686584853,1.745641216258192,0.7024366498602085,0.7328743307605509,4
1767257909491383775,9.575419176310884,1.742759625453714,0.7025825491286445,0.7328233213536599,4
1767257909541495607,9.575419176310884,1.742759625453714,0.7025825491286445,0.7328233213536599,4
1767257909616679283,9.302678079695092,1.7163858163908705,0.7022733871761098,0.7328435977431559,4
1767257909691272594,9.316675113422601,1.6988394609231845,0.7023527486945275,0.7328351638868524,4
1767257909741724743,9.316675113422601,1.6988394609231845,0.7023527486945275,0.7328351638868524,4
1767257909816057834,9.708112753118003,1.7715153402204933,0.7024972066122123,0.7327884166890897,4
1767257909891485977,9.607207147824814,1.751137080163508,0.7025014449657933,0.7327995090948952,4
1767257909941644476,9.607207147824814,1.751137080163508,0.7025014449657933,0.7327995090948952,4
1767257910091715101,9.548460778439182,1.7362835545988338,0.7023967223136504,0.732813026523813,4
1767257910141701826,9.548460778439182,1.7362835545988338,0.7023967223136504,0.732813026523813,4
1767257910216318073,9.401494683232702,1.784455728758263,0.7022317433286902,0.7328322557820265,4
1767257910291691914,9.521057084054373,1.7488312950650697,0.7023916264362804,0.7328224233743263,4
1767257910341158099,9.521057084054373,1.7488312950650697,0.7023916264362804,0.7328224233743263,4
1767257910416363741,9.521057084054373,1.7488312950650697,0.7023916264362804,0.7328224233743263,4
1767257910491348414,9.608146037020093,1.7234997717964888,0.7025914524035712,0.7328135953692617,4
1767257910541613481,9.608146037020093,1.7234997717964888,0.7025914524035712,0.7328135953692617,4
1767257910616889634,9.662326546519552,1.7607550587858465,0.7026679671956607,0.7328643464448104,4
1767257910691665682,9.71102243759503,1.7892432649818273,0.7024686399085046,0.7327910503860977,4
1767257910741680627,9.71102243759503,1.7892432649818273,0.7024686399085046,0.7327910503860977,4
1767257910816712526,9.3487513101268,1.7216528951475163,0.7023767476961245,0.7328645274023124,4
1767257911016272899,9.534300418315599,1.7439407288650297,0.7025190918800307,0.7328284628990874,4
1767257911091134501,9.504690119975901,1.759043794970365,0.7024379681813927,0.7329145849663763,4
1767257911291950258,9.712466450724321,1.7678144665297302,0.7025561742612504,0.7328465979191595,4
1767257911341712165,9.712466450724321,1.7678144665297302,0.7025561742612504,0.7328465979191595,4
1767257911416931157,9.668512859262957,1.7508172987423054,0.7025863070486069,0.7328729733302645,4
1767257911491482661,9.403524006622032,1.735105743070779,0.7024354803861548,0.7328757843697014,4
1767257911541574048,9.403524006622032,1.735105743070779,0.7024354803861548,0.7328757843697014,4
1767257911616780592,9.469089221670446,1.7258050286079276,0.7025028030114896,0.7328826852750425,4
1767257911816089289,9.493643482152091,1.7580422865218277,0.7023720245697209,0.7328354872860173,4
1767257911891628946,9.459514006904367,1.7367573598018238,0.7024175402781272,0.7328556039393039,4
1767257911941259406,9.459514006904367,1.7367573598018238,0.7024175402781272,0.7328556039393039,4
1767257912016038435,9.232388604200615,1.7176399220920264,0.702248487525767,0.7328790720276316,4
1767257912091034956,9.476840234659555,1.7552131386244896,0.7024051234493898,0.732853817312182,4
1767257912142325877,9.476840234659555,1.7552131386244896,0.7024051234493898,0.732853817312182,4
1767257912216146444,9.414949338755196,1.7571657147789146,0.7023389452808413,0.7328664285486718,4
1767257912416520581,9.609832798053276,1.742076358909437,0.7025758791159258,0.7327962331004604,4
1767257912491185250,9.57809652483743,1.733893461255447,0.7025457816194343,0.7328388660508145,4
1767257912541675335,9.57809652483743,1.733893461255447,0.7025457816194343,0.7328388660508145,4
1767257912616584633,9.572996001336541,1.7367086178743054,0.7025397056812517,0.7328554989017626,4
1767257912691600852,9.512190354230565,1.7517540161736063,0.7025056919538499,0.7328679001821371,4
1767257912742075379,9.512190354230565,1.7517540161736063,0.7025056919538499,0.7328679001821371,4
1767257912890999072,9.700179168231514,1.7700150875217786,0.7026132881227611,0.7328599038631786,4
1767257912941074003,9.700179168231514,1.7700150875217786,0.7026132881227611,0.7328599038631786,4
1767257913091441534,9.46981199804775,1.7059785878380511,0.7025557904225271,0.732838144785385,4
1767257913142006340,9.46981199804775,1.7059785878380511,0.7025557904225271,0.732838144785385,4
1767257913416581180,9.475063052618582,1.7163841071266321,0.7024395092921939,0.7328136462352918,4
1767257913690926859,9.560364471457138,1.758341119404009,0.702498220970168,0.7328541811835643,4
1767257913741667284,9.560364471457138,1.758341119404009,0.702498220970168,0.7328541811835643,4
1767257913816902650,9.544436935166377,1.7457155711363703,0.7024318724693395,0.7328163431796155,4
1767257913891903407,9.450876656053374,1.736863829352478,0.7023946222244012,0.7328336004315266,4
1767257913941516055,9.450876656053374,1.736863829352478,0.7023946222244012,0.7328336004315266,4
1767257914016755357,9.501957404761008,1.723061477793401,0.7024801160656181,0.7328329291773866,4
1767257914216485023,9.507238751504055,1.6859737083704849,0.702640467600472,0.7328463798311368,4
1767257914416318182,9.60728127431365,1.7497103033954173,0.7025041474421609,0.7328211370464508,4
1767257914491060556,9.583362374448235,1.7368358690113868,0.7025603197199358,0.7328085675599298,4
1767257914541135733,9.583362374448235,1.7368358690113868,0.7025603197199358,0.7328085675599298,4
1767257914616052129,9.565690820879436,1.7462595071640699,0.7025236572686034,0.7328050026291583,4
1767257914691622008,9.534686132880665,1.7448380367485734,0.702461616148181,0.7328461099594605,4
1767257914741801228,9.534686132880665,1.7448380367485734,0.702461616148181,0.7328461099594605,4
1767257914816087119,9.54902470398844,1.6959840617149262,0.7026227739437811,0.7328129447640939,4
1767257915016159621,9.46985910848419,1.7093750997918735,0.7025365836696768,0.7328506680234252,4
1767257915091146350,9.455227460696157,1.7014203762305997,0.7025605759088439,0.7328686363227064,4
1767257915141054194,9.455227460696157,1.7014203762305997,0.7025605759088439,0.7328686363227064,4
1767257915216436108,9.536248429662052,1.7653640430440904,0.7024692621295375,0.7328728070696245,4
1767257915291325973,9.378234887114534,1.7337952392248743,0.7023738437149648,0.7328516927617815,4
1767257915340784552,9.378234887114534,1.7337952392248743,0.7023738437149648,0.7328516927617815,4
1767257915491598035,9.490188983472425,1.7443623203544054,0.702387766214777,0.732828258767657,4
1767257915541738789,9.490188983472425,1.7443623203544054,0.702387766214777,0.732828258767657,4
1767257915816130160,9.66358812751733,1.7777511746615993,0.7024244236392277,0.7328212705294084,4
1767257916016731351,9.391816087412908,1.7298340804143573,0.702406404618343,0.732838037333587,4
1767257916215980473,9.52892931419569,1.7560955685799537,0.7024819943572286,0.7328628392954277,4
1767257916416979709,9.47687293363797,1.7274734750326541,0.702563094605062,0.7328863299647977,4
1767257916490831320,9.619197278267988,1.7518309185575631,0.702529929442955,0.7328092705628473,4
1767257916541626064,9.619197278267988,1.7518309185575631,0.702529929442955,0.7328092705628473,4
1767257916616284923,9.376377805793368,1.7405526839710104,0.7023417745781757,0.732855307211081,4
1767257917016526766,9.786378454622602,1.7199973006640652,0.7028707440679739,0.7328090113568906,4
1767257917090880980,9.470582992447962,1.7267306515798515,0.7024683784177529,0.7328273647972814,4
1767257917140850723,9.470582992447962,1.7267306515798515,0.7024683784177529,0.7328273647972814,4
1767257917216081118,9.385412342829635,1.69905753438796,0.7024230621491,0.732856622193285,4
1767257917291594427,9.416484381983281,1.7090184534335602,0.7024639017284022,0.7328145312092246,4
1767257917341049060,9.416484381983281,1.7090184534335602,0.7024639017284022,0.7328145312092246,4
1767257917491694911,9.456212861159274,1.6809394718833566,0.7025505140509698,0.7327786661532639,4
1767257917542110660,9.456212861159274,1.6809394718833566,0.7025505140509698,0.7327786661532639,4
1767257917616848613,9.456021037618335,1.712672958285147,0.702405272668783,0.732765501322981,4
1767257917691325058,9.347687459633104,1.7144806932631838,0.7023515128444683,0.732806451167312,4
1767257917891371275,9.51702025058454,1.7324442713130888,0.7024793584883384,0.732825088459325,4
1767257917941115518,9.261343584531566,1.719933796050738,0.702220063619698,0.732825088459325,4
1767257918016622323,9.619006347880488,1.7079868393254467,0.702720483581459,0.7328219154286425,4
1767257918291448672,9.477621216032572,1.74772319617923,0.7023293330561801,0.7327758077125314,4
1767257918341190982,9.477621216032572,1.74772319617923,0.7023293330561801,0.7327758077125314,4
1767257918491425258,9.671584128866261,1.7587981944422155,0.7028094619050097,0.73289938017047,4
1767257918540994071,9.671584128866261,1.7587981944422155,0.7028094619050097,0.73289938017047,4
1767257918815890267,9.367022523557921,1.6953561431967226,0.7024515646830254,0.7328247375631374,4
1767257918891279912,9.511431156531192,1.7205843357891755,0.702603736383633,0.7328661779642518,4
1767257918941332162,9.511431156531192,1.7205843357891755,0.702603736383633,0.7328661779642518,4
1767257919016523211,9.398040877183655,1.7261563080133058,0.7023169310837609,0.7328347754797637,4
1767257919090896287,9.91645294416854,1.7560730527005215,0.7028236722579697,0.7327413166550693,4
1767257919142596127,9.91645294416854,1.7560730527005215,0.7028236722579697,0.7327413166550693,4
1767257919216747858,9.400619350814821,1.726306036246109,0.7023276669784629,0.7327787926601232,4
1767257919416613349,9.540673936785705,1.7212714502803774,0.702499129310729,0.7328345164401439,4
1767257919616087656,9.646238199846223,1.7277545084322192,0.7026709229002803,0.732839063414947,4
1767257919691140431,9.466946772029083,1.763422295402868,0.7023744439045363,0.732865299950692,4
1767257919741907009,9.466946772029083,1.763422295402868,0.7023744439045363,0.732865299950692,4
1767257919816038269,9.536820018838377,1.7048798644601089,0.7026328446630768,0.7328082138180351,4
1767257920016797695,9.599847982392662,1.751528189652108,0.7025247436147498,0.7328120749607775,4
1767257920091614434,9.605505412008553,1.7853891462862215,0.7023536818148163,0.7327977936068405,4
1767257920141577433,9.605505412008553,1.7853891462862215,0.7023536818148163,0.7327977936068405,4
1767257920291309493,9.531797320852409,1.7747564758758068,0.7022694304312171,0.732758655482642,4
1767257920341302670,9.531797320852409,1.7747564758758068,0.7022694304312171,0.732758655482642,4
1767257920490904812,9.689491311873578,1.753083248776727,0.7025967389178782,0.7327812182222239,4
1767257920541318766,9.689491311873578,1.753083248776727,0.7025967389178782,0.7327812182222239,4
1767257920616041195,9.644802695902289,1.7308156412675633,0.7026337319617404,0.7328013353297965,4
1767257920815906702,9.505361436488947,1.7612851793454634,0.702401357859029,0.7328373501211519,4
1767257920890893022,9.719238296067578,1.7868471355592201,0.7025544177775601,0.7328465911041239,4
1767257920941556265,9.502953287581883,1.7383467194991764,0.7024322294565106,0.7328320927640943,4
1767257921015989939,9.497258320557368,1.746641819823338,0.70243440651675,0.7328253993119599,4
1767257921141411888,9.712472931699633,1.764912909542784,0.7026461115922474,0.732858894761369,4
1767257921216504345,9.391811458410505,1.7395030440057495,0.7024851171126703,0.7328589535567094,4
1767257921291076484,9.364377873997022,1.740682649243308,0.7022745989976835,0.732828131956508,4
1767257921340993760,9.445160069283531,1.7293912659842148,0.7024499733962107,0.732828131956508,4
1767257921491450810,9.703788721465711,1.7387062004283638,0.7027000784649837,0.7328324676445394,4
1767257921541395030,9.676551438080994,1.7298265072709307,0.7026922268272542,0.7328271884057562,4
1767257921691463155,9.470498522015536,1.7248023660128726,0.702622910440777,0.7328496151731968,4
1767257921741222975,9.470498522015536,1.7248023660128726,0.702622910440777,0.7328496151731968,4
1767257921891374288,9.499794379687842,1.7438351854113698,0.7024057407069786,0.7328203567973784,4
1767257921941595120,9.619889923097036,1.7627725453385472,0.7024997464883753,0.7328203567973784,4
1767257922016484106,9.59022636025697,1.7629852189829285,0.7024530420792109,0.7327845547092775,4
1767257922091257691,9.702302843381915,1.726169990443035,0.7026317503479317,0.732759565542182,4
1767257922141316844,9.581604222856143,1.7362592753043131,0.7024252855249206,0.732759565542182,4
1767257922290968277,9.515701622692108,1.7369637717023272,0.702533336950107,0.7328370488606968,4
1767257922341510454,9.515701622692108,1.7369637717023272,0.702533336950107,0.7328370488606968,4
1767257922491559336,9.479576364274545,1.7497533852144238,0.7024764139536933,0.7328412102570443,4
1767257922540911560,9.479576364274545,1.7497533852144238,0.7024764139536933,0.7328412102570443,4
1767257922616581441,9.44149797049343,1.7291252299891002,0.7024158122879727,0.7328403901767864,4
1767257922741683017,9.78003579211395,1.7694582098094693,0.7026475142709078,0.7327743695597265,4
1767257922816723291,9.534915558809365,1.7220943591541635,0.7026024502577147,0.732832582388688,4
1767257922891045329,9.500762206830382,1.7398638170111111,0.702456625859084,0.7328168754784133,4
1767257922941341936,9.425498942406296,1.7568538949009491,0.7022961852765172,0.7328168754784133,4
1767257923016552415,9.40596210791389,1.7447160477876262,0.7023074325008545,0.7328273847705782,4
1767257923091487046,9.56266647954962,1.7464802689179282,0.7025202271979101,0.7328301306970373,4
1767257923141697085,9.56266647954962,1.7464802689179282,0.7025202271979101,0.7328301306970373,4
1767257923216097572,9.429931998669705,1.7269234947793288,0.7023138109255661,0.7327944694730039,4
1767257923416099999,9.598135314211277,1.7309094160008793,0.7025091253249653,0.7327857586494502,4
1767257923616443142,9.673636322363844,1.744830152703428,0.7025593933634612,0.7327941527622307,4
1767257923816046101,9.858087896249646,1.7719238067875807,0.7027519083027973,0.7328342974798326,4
1767257923891545120,9.498262704786153,1.7511363179139072,0.7023603363508202,0.7327759403987266,4
1767257923941825938,9.597318492483463,1.7621105431823767,0.7024328363786801,0.7327759403987266,4
1767257924016802115,9.63590618593624,1.7319819098629987,0.702711939994679,0.7328227690850218,4
1767257924091278317,9.397062945462832,1.7071952390129268,0.7023722880114539,0.7327812259751464,4
1767257924141387042,9.397062945462832,1.7071952390129268,0.7023722880114539,0.7327812259751464,4
1767257924291583681,9.486479741932175,1.727062458429593,0.7025089764443714,0.7328325613211207,4
1767257924341558720,9.452464938567218,1.7026607084054786,0.702549086053134,0.732859830260733,4
1767257924416597015,9.489990731792464,1.7157278253942265,0.7025543359842602,0.7328162184740451,4
1767257924616564310,9.54868946891041,1.7357729850951609,0.7024989038699315,0.7328078335021122,4
1767257925016571448,9.329235141121938,1.6855448626612928,0.7023865690932564,0.7328354714612828,4
1767257925092415809,9.30118906229116,1.7370614449104997,0.7022575053042963,0.7328544418285692,4
1767257925141138937,9.671507813931445,1.7790886382167148,0.7026255692860445,0.7328544418285692,4
1767257925216105886,9.415281532356822,1.7277265458821576,0.7023774022526853,0.7328273638650408,4
1767257925291077342,9.43607437683147,1.749147766513124,0.7024570245122602,0.7329086488785271,4
1767257925340779624,9.591973765873174,1.7673039260256451,0.7025102369027945,0.7328157537919151,4
1767257925416042190,9.337684285665393,1.715987202163639,0.7022382943883471,0.73279785613237,4
1767257925541047260,9.261841632465684,1.7412551586753247,0.7022059261091482,0.7328958095812745,4
1767257925616383516,9.571260588076559,1.7322970909549904,0.7025958276577609,0.7328003750185113,4
1767257925691111914,9.507695994017018,1.7253313781486532,0.7025042671990737,0.7327946584547914,4
1767257925816696869,9.57067848596127,1.7143199491429242,0.7026146146431265,0.7328225961858207,4
1767257925891544465,9.50068640647439,1.7129299724456288,0.70252379780007,0.7328295866645247,4
1767257925940918432,9.56052969211807,1.7255488889085435,0.7025502820400958,0.7328295866645247,4
1767257926016126050,9.540693400799771,1.7367025727334557,0.7024359561249577,0.7328011043382108,4
1767257926091081051,9.469133398468998,1.713170331286576,0.702530617752913,0.7328531507068639,4
1767257926141707696,9.428236738793228,1.7152943224860442,0.7025270875513859,0.7328683838211285,4
1767257926216440288,9.59607942833085,1.7569604649776267,0.7025381265717243,0.7328261382046903,4
1767257926291036027,9.501843337147985,1.7253976157485886,0.7024589597483712,0.7328112187081157,4
1767257926341115485,9.63533170733033,1.7236337571679512,0.702576456643348,0.7327913402647077,4
1767257926416578322,9.522810994138432,1.7568111562181377,0.7024540917275498,0.7328558552326371,4
1767257926491280830,9.503897318636545,1.7580223718975871,0.7024402541020172,0.73286159049331,4
1767257926691572605,9.549188568847121,1.7228765862789917,0.7026183198136399,0.7328088334463543,4
1767257926891657328,9.613529651764319,1.7761985063968329,0.7024278662849515,0.7328177709062712,4
1767257926940924737,9.323791891709288,1.7140315418780836,0.7023233386175353,0.7328229546796486,4
1767257927016454003,9.60993976591029,1.7037070432663775,0.7026528968209111,0.7327808764749314,4
1767257927140914350,9.659320858986797,1.7514314256722698,0.7025793054872778,0.7327863084462999,4
1767257927291039258,9.656748882248323,1.7702971942255439,0.7025832954482513,0.7328231003856975,4
1767257927341631572,9.410805631077546,1.6738216986512053,0.702502519255455,0.7328186247321755,4
1767257927416247016,9.439000991658286,1.7328617214822506,0.702430456126807,0.7328416655920711,4
1767257927491020346,9.500220129524784,1.7516749301459253,0.7025161035680875,0.732868859440056,4
1767257927541018764,9.504262798280315,1.7094611685404342,0.7025637525224504,0.7328219632366763,4
1767257927616296984,9.433243857807971,1.7636097795572363,0.702294255382842,0.7328040231838271,4
1767257927691310138,9.828802497383716,1.7861661968950424,0.7026399040242896,0.7327815203381316,4
1767257927817123491,9.574314208565582,1.7270722956004285,0.7025168102172019,0.7327525154523898,4
1767257928016480247,9.385704542937523,1.724852469767815,0.7023594586098987,0.7328287909612505,4
1767257928091332375,9.701616350629605,1.7620437366393256,0.7026309621841812,0.7327841368306971,4
1767257928140954723,9.701616350629605,1.7620437366393256,0.7026309621841812,0.7327841368306971,4
1767257928291135897,9.458102322978391,1.7480517635024448,0.7024135359829666,0.732856667425723,4
1767257928340945734,9.510928362863936,1.742476725338535,0.7024805054237157,0.7328689824723964,4
1767257928416084268,9.441786372223149,1.7189198773835201,0.7024981459253682,0.7328726542478644,4
1767257928691608386,9.665805851931331,1.730452841645227,0.7026146401649537,0.7327844235683859,4
1767257928741135905,9.602505353740408,1.7315800056971253,0.7025750736647426,0.732772045402976,4
1767257928816100086,9.544931590261264,1.7380018314617944,0.7024581673313047,0.7327988032874111,4
1767257928940917218,9.709376518708957,1.7497680190177614,0.7026495078140438,0.7328240946961272,4
1767257929016482052,9.615124879075786,1.7299089546644382,0.702557459232349,0.732816281871729,4
1767257929091686008,9.504013252550791,1.7179951385878205,0.7026058538289286,0.7328782443478236,4
1767257929216397547,9.581887527378763,1.7394010313734796,0.7025383337714165,0.7328152198531316,4
1767257929340828947,9.498509443536696,1.7249280297964995,0.7024789835782551,0.7328153904149859,4
1767257929416373929,9.299146624913156,1.7234486725144993,0.7022950367748824,0.7328571563294337,4
1767257929491648648,9.65364824434678,1.7345160069629604,0.7026130760993362,0.7327995892072049,4
1767257929540963326,9.681009828145125,1.7755676372088256,0.7024551247129053,0.7327611109562402,4
1767257929616098753,9.530793496578038,1.6821762168384515,0.7026931153814088,0.7328253303320333,4
1767257929691067424,9.517349038355771,1.7427098452892475,0.7025412953689741,0.7328377737120452,4
1767257929741468362,9.56526851825268,1.7803551430695532,0.7024160296903333,0.732830766566629,4
1767257929816176642,9.461789209123328,1.7226436241118779,0.702404685998045,0.7328067113739242,4
1767257929941758722,9.383940196104668,1.729320767510781,0.702454299793293,0.7328365285403772,4
1767257930016539653,9.476236950714977,1.7206570869064914,0.7024595414015178,0.7328016686518813,4
1767257930090986870,9.45288705692926,1.7694828886652023,0.7022593141969727,0.7328429710090143,4
1767257930141469008,9.607396697644877,1.750325857911846,0.7025087237253373,0.732800431404904,4
1767257930215906788,9.613910919595071,1.750543299466364,0.702580520353614,0.7327892360495434,4
1767257930290982880,9.650936906793529,1.751768612363047,0.7025934175837694,0.732813294697814,4
1767257930341109633,9.319589222080428,1.7061414507725825,0.7023035169172935,0.73277478007877,4
1767257930416301462,9.513843394390097,1.7639503393128177,0.7023660278049423,0.7328430587496644,4
1767257930541514984,9.518653621887086,1.7406646522536005,0.702477286635449,0.7328217111506826,4
1767257930616846235,9.566943394946016,1.7752343402192146,0.7024223245436744,0.7328229994969427,4
1767257930691887195,9.553676656613552,1.7692050777577817,0.7024006278205427,0.7328223239331246,4
1767257930741006550,9.64787945834733,1.7326167046035463,0.7026374963603067,0.7328122129536139,4
1767257930816149393,9.570268266136605,1.70888527915332,0.7027012024401303,0.7328516620887754,4
1767257931015884207,9.578553890433161,1.7478906482573535,0.7025421840151381,0.7328151585017171,4
1767257931090938916,9.459595815270117,1.7372799942986241,0.702361000090864,0.7328033339265874,4
1767257931216449223,9.579140250025265,1.736937275525402,0.7026482113584124,0.7328366275850173,4
1767257931291539845,9.323193952708086,1.7466268617063285,0.7022787835967838,0.7328369567778171,4
1767257931341309148,9.673751063586256,1.7867438018608124,0.7024152491756592,0.7328262034944769,4
1767257931416100189,9.465118795725536,1.7108680520914172,0.7026332246261697,0.7328751210646572,4
1767257931491339110,9.439864406496689,1.7255891412776223,0.7024180384028073,0.7328353508781008,4
1767257931541556725,9.436677156599904,1.7253067903816328,0.7024173226837842,0.7328392386542405,4
1767257931691570659,9.616537784942537,1.791116639550288,0.7024092299804111,0.7328347670829605,4
1767257931741023558,9.454831522056729,1.7466985237304067,0.7024723964753771,0.7328560048891078,4
1767257931890884516,9.599488658545653,1.747519241153128,0.7026147407114154,0.7328583104962986,4
1767257931940922356,9.61535843873107,1.73413322863097,0.7026773396011974,0.7328400810264869,4
1767257932216230831,9.67109923177123,1.7536937741331395,0.7025015070249844,0.7327893200440755,4
1767257932341308213,9.484113756861646,1.6939451986961649,0.7026031291009588,0.7328046568470394,4
1767257932416063302,9.627206380581343,1.7858686908677164,0.7024127327261088,0.7327876062324505,4
1767257932491068317,9.63888722799522,1.753575332209361,0.7025563647584352,0.7328258385834547,4
1767257932740975793,9.569853514454385,1.763701249431487,0.7024778586734328,0.7328425471236327,4
1767257932816250147,9.722518005326307,1.7252373794705782,0.7027088529600227,0.7327642017876312,4
1767257932891069016,9.809226446353513,1.8185064619537488,0.702553191084099,0.7327876664381449,4
1767257933091705105,9.711503395826604,1.750553652564044,0.7026478986314727,0.7328094774779077,4
1767257933216777762,9.496160985682067,1.7340926313820093,0.7023540301762239,0.7327823778258195,4
1767257933416938409,9.559637850631075,1.7563773494216526,0.70247543572155,0.7328709637878675,4
1767257933491593148,9.584461242558518,1.7053816925175698,0.7025412068417112,0.7327389355904262,4
1767257933541625709,9.498504173045097,1.741768117802892,0.7024490870958893,0.73280593077037,4
1767257933616091410,9.428736193342058,1.7183732863773926,0.7025420810079143,0.7328340448738461,4
1767257933742189022,9.612299317905858,1.7382159320718769,0.7025852945965441,0.7328635163199321,4
1767257933816905697,9.702876342275735,1.7587792486074998,0.7025743979246647,0.7328023507866994,4
1767257934016003738,9.280650289353654,1.7374344774450428,0.702187968160989,0.7328124650333937,4
1767257934091710252,9.552027242056171,1.7061166054605603,0.7025449812392883,0.7327731827474652,4
1767257934141701997,9.625491150623166,1.7489552870987284,0.7024811959669099,0.7327385994281868,4
1767257934216484487,9.455122551166317,1.737020086148364,0.7023146098438773,0.7327986134574933,4
1767257934341656375,9.452165769277098,1.713988010305848,0.7025102112729403,0.7328238253256423,4
1767257934416067924,9.546458743161956,1.7890492214315337,0.7023261961159566,0.7328381717469888,4
1767257934491417989,9.502864233283281,1.7004371162525869,0.7025179919450976,0.7327918804567664,4
1767257934541241127,9.549694041697698,1.7382154858537506,0.7024985180417577,0.7328242775773771,4
1767257934691047414,9.827390971033466,1.7710610286527337,0.7026453598243745,0.7327524852519143,4
1767257934741390977,9.516349312878813,1.722185572369143,0.7024634875362004,0.7327920111897762,4
1767257934891115085,9.437696090536907,1.751285937299772,0.7024110027780806,0.7328343247460808,4
1767257934940910537,9.593977820346765,1.7114224377503142,0.7026615363789388,0.7328173029877434,4
1767257935016828360,9.654310970177882,1.745108275961046,0.7025845235071084,0.7328224385518628,4
1767257935216127341,9.664087344109728,1.7420308981286543,0.7025927292590988,0.7327802300291345,4
1767257935291559398,9.501750056017833,1.7447362279601442,0.7023914714090473,0.732838661742795,4
1767257935341348901,9.558030755386193,1.7322516150105378,0.7025696050290452,0.7327973302437841,4
1767257935416437605,9.424257708658622,1.7272129432147523,0.7024400864184892,0.7328647924551193,4
1767257935541412164,9.395128709826729,1.7294381664135614,0.7023734636824365,0.7328421333164687,4
1767257935615987008,9.570738472926333,1.7554793082134144,0.7024120042280751,0.7327753194761101,4
1767257935741665804,9.57418033376134,1.7566409974729222,0.702500401662372,0.7328065092876463,4
1767257935816739569,9.356025190780159,1.718823383115439,0.7023506663317072,0.7328160583543569,4
1767257936091035351,9.538502243511715,1.7415767411401164,0.7025063658384986,0.7328561777357323,4
1767257936291105819,9.370448342791216,1.7270665236054794,0.7023399713528334,0.7328474061772372,4
1767257936416346430,9.56020544989078,1.7029940135907564,0.7025818242388733,0.7327665206918499,4
1767257936491540150,9.566474176193385,1.7535682254862826,0.7025349713348545,0.7328567577160525,4
1767257936541562433,9.731009880603825,1.7513596661715711,0.7027152240005355,0.7327984834559657,4
1767257936741869538,9.380899019926115,1.7254338453599314,0.702385253594228,0.7328117354246741,4
1767257936817089997,9.68895028720862,1.7281613123237873,0.702656939074471,0.7327817161054541,4
1767257936891425969,9.663629047021338,1.7570959358976062,0.702546255623428,0.7328263304488425,4
1767257936941078807,9.688202128922407,1.755319903402439,0.7025412149680356,0.7327917614817715,4
1767257937016504633,9.66710603211951,1.7522292797779748,0.702640552577505,0.7328200647430192,4
1767257937091057678,9.856175740927121,1.736421000443926,0.7028695482025006,0.7328161638159366,4
1767257937141426875,9.518424067858188,1.7299982396307938,0.7024754863479914,0.7327683591084063,4
1767257937216369531,9.34614364315356,1.7122410114218904,0.7024061332407876,0.732825123657129,4
1767257937291099512,9.38718354846002,1.7480097411045354,0.7022480225830551,0.732860685377696,4
1767257937340887127,9.746799801136685,1.759777980997356,0.7025709786050693,0.7327996611544382,4
1767257937541485075,9.837225932359805,1.8105242751942967,0.702620930594972,0.7327952020525753,4
1767257937616427047,9.411267020194568,1.6938223573581697,0.7024453131830665,0.7328056303940956,4
1767257937816543313,9.4181012321215,1.7332190000954,0.7024478781002209,0.7328702301329055,4
1767257937891416776,9.58843075251814,1.7228121575174917,0.7025403942435072,0.7327926934005717,4
1767257937941428319,9.584836908648974,1.7518725125730286,0.7023460018632776,0.7327583912796214,4
1767257938016324570,9.428744123142984,1.7457848972722072,0.7023925311301984,0.7328467496477278,4
1767257938091462004,9.609358627710286,1.7587169652623407,0.7025389632103737,0.7328531262482272,4
1767257938216806489,9.33196064172881,1.7139935087445557,0.7023351439055826,0.7328201823862766,4
1767257938291183228,9.480654133686262,1.7246321695111853,0.702449376376325,0.7327927394073064,4
1767257938341890457,9.879903570750969,1.7980581578960293,0.7027022740993702,0.7328040112785121,4
1767257938416617885,9.253559261735656,1.7046909472460914,0.7023321509253724,0.732871984276267,4
1767257938491546642,9.518591885531059,1.7133237839664914,0.702589648154686,0.7328025085356242,4
1767257938616409155,9.659811209214663,1.7659125708656829,0.7025441846054943,0.7328186800444648,4
1767257938690963432,9.58161310584471,1.7569103996546913,0.7024038889044303,0.7327746193971252,4
1767257938741634819,9.629098096280654,1.7306186929228187,0.7026558998924762,0.7328219597471686,4
1767257938891191511,9.366325466127812,1.6940864345013928,0.7024776856251058,0.7328008712466089,4
1767257939016443822,9.742208654201278,1.781831503005156,0.7025829827053425,0.7328399272489309,4
1767257939091578380,9.619010372873715,1.768303245284648,0.7024020792675675,0.73275531037679,4
1767257939140895210,9.634952205967107,1.7501965903855445,0.702565028012943,0.7328223014425108,4
1767257939216538915,9.639411194646286,1.7643216886291218,0.7025724755470694,0.7328112092902678,4
1767257939291411790,9.550245787754207,1.7480399675605125,0.7023911409366025,0.7327905384966007,4
1767257939341418729,9.654461625076882,1.7439311636003199,0.7025898075694428,0.7327705098978898,4
1767257939416016187,9.515539826336571,1.6897877516641444,0.7025695906170297,0.7328028831059642,4
1767257939490922678,9.56413067096884,1.757754078332442,0.7024643928406104,0.7327974342583068,4
1767257939541611216,9.683857205343704,1.7571519970241172,0.7026132231693955,0.7328699228867814,4
1767257939615904900,9.489565317444715,1.737515377281606,0.7023994207998246,0.7327969868599966,4
1767257939741135238,9.510211125012159,1.7464051776140521,0.7024879315398379,0.7328336420511621,4
1767257939816663089,9.534966717237193,1.7082556632386163,0.7025368009849741,0.7328105324162584,4
1767257939891725257,9.371050744253818,1.7045510891134221,0.702461582587642,0.732847152736807,4
1767257939941336726,9.510230868244097,1.7656501391236894,0.7023337134736252,0.7327761513023271,4
1767257940016460677,9.696443387635645,1.7985752541342395,0.702544098722785,0.732841943421954,4
1767257940141316682,9.70735976989545,1.737262688129269,0.7025645929341422,0.7328029547847064,4
1767257940217170371,9.506382308750672,1.7354923687927322,0.7024001075460388,0.7328252354343394,4
1767257940291171505,9.330732318933554,1.6924131695679028,0.7024718084816368,0.732838085704701,4
1767257940341411405,9.666810999674368,1.740463055013496,0.7026074343907999,0.7327928746811001,4
1767257940416413149,9.685131516741553,1.7820112800893602,0.7025626920405678,0.7328156524724603,4
1767257940691456704,9.521215024127173,1.7276667318378303,0.702515448376745,0.7327787130926279,4
1767257940741703259,9.41757609548266,1.7432149915807085,0.7024372891917123,0.7328605746661264,4
1767257940816471501,9.671924509823349,1.7692575766626484,0.7024267330057149,0.7327795823940012,4
1767257940891636192,9.618130586544037,1.780441272849286,0.7025237172181957,0.7328497922292179,4
1767257940941188188,9.401368531317678,1.7054185895987215,0.7024187225692629,0.732816357714985,4
1767257941140954626,9.450332045638055,1.7282470304842519,0.7023976644570961,0.7328306243806517,4
1767257941215958260,9.588349932297957,1.720989353683087,0.702586313824916,0.732789030914664,4
1767257941291008013,9.63281973300556,1.7624664546803035,0.7024908113863357,0.7327817929857791,4
1767257941340817349,9.416408777125795,1.7032485917667675,0.7024233273890685,0.732779636670165,4
1767257941415962226,9.723654939230997,1.7714795536972026,0.7026554726759203,0.7327842296357049,4
1767257941491134021,9.381330977662028,1.7432984445651685,0.7022292896678313,0.7328032235794558,4
1767257941616008037,9.725814964432033,1.7408717711197204,0.7027116789299358,0.7327744944884993,4
1767257941690953801,9.548059308478463,1.7522650011415917,0.7024959040534252,0.7328310162930457,4
1767257941741338236,9.521929039490452,1.7322783665078625,0.7024259293443033,0.732790585276107,4
1767257941891327976,9.551785629561603,1.741573863381972,0.7025857948813234,0.7328621033401274,4
1767257942016521157,9.57032240574296,1.7475229638401402,0.7025371645469095,0.7327938897208457,4
1767257942091606159,9.658919563076406,1.7425719421958112,0.7026374995015325,0.7328215936931114,4
1767257942216010704,9.639265850005518,1.749049987264747,0.7025940724956373,0.7328511731267793,4
1767257942291571514,9.516766951781053,1.7796023647103523,0.7022781984165646,0.7327905002709516,4
1767257942491708473,9.486740345500898,1.73222371695641,0.7025118859468774,0.7328368063101509,4
1767257942541513673,9.585975982538187,1.7265644141407301,0.7026047699663623,0.7328004575314073,4
1767257942741620858,9.355173351561664,1.707843898943022,0.7024475137222003,0.732855649105117,4
1767257942816748041,9.520783499295637,1.7376321701304822,0.7024679789669944,0.7327934346425864,4
1767257942891095829,9.505346773900026,1.7455943937450864,0.7023978196625154,0.7327853449301159,4
1767257942941762613,9.558087695862415,1.7063272409525658,0.7026401687417425,0.7328303457846759,4
1767257943091635133,9.64894116795123,1.7673333954210293,0.7025199248555813,0.7327911031900766,4
1767257943141175502,9.40399052069063,1.7380990950916082,0.7023248890662471,0.7328078420126006,4
1767257943291050170,9.501629435067048,1.725590458752279,0.7025156555430843,0.7327698999383812,4
1767257943416200334,9.431487027668384,1.741285509471296,0.702374110100234,0.7328087314605994,4
1767257943491847088,9.53178649786568,1.7129632971189677,0.7025061793603433,0.7327677260565052,4
1767257943741586375,9.640813207700383,1.7625360903057805,0.702447025361702,0.7327634238355268,4
1767257943891033117,9.610441172395845,1.7246790728806574,0.7025345589086996,0.7327591606788152,4
1767257943941145561,9.672208531328552,1.756038288634172,0.7025503797982102,0.7327937678295043,4
1767257944341633597,9.476421630230991,1.7622079827863546,0.702280071834571,0.7328328697815456,4
1767257944491707390,9.654976095531008,1.7901598663820684,0.702446430872108,0.7328553975789946,4
1767257944616319102,9.597580083224422,1.7445665542713358,0.702570154958616,0.7328174517301309,4
1767257944690969297,9.753656235158669,1.79136307804775,0.7025578204533461,0.732859411295561,4
1767257944816552745,9.751894109156446,1.7749788546425744,0.7025198336797489,0.7327332159053145,4
1767257945016935986,9.500319282529146,1.7373394050173214,0.7024055774088815,0.732822824689655,4
1767257945141526578,9.60330368882023,1.7096158347133648,0.7026079800321029,0.7327728696565833,4
1767257945216824979,9.654712191240478,1.7373511014039287,0.7025746791467197,0.7327776624449588,4
1767257945416716685,9.516899990063777,1.705843959183209,0.7026691858179215,0.7328601123275854,4
1767257945491513432,9.466036770336972,1.7006458729390412,0.7024747756200727,0.7328108333219724,4
1767257945541537585,9.67534338329823,1.7746557304236596,0.702597686765283,0.7328339543219835,4
1767257945616216494,9.586777035029858,1.7572864365528682,0.702447677661382,0.7327831144721132,4
1767257945815959173,9.473077170652488,1.7446315884527601,0.7024593753490466,0.7328126504902246,4
1767257945891711482,9.567633005285181,1.7807244035400394,0.7024202031423026,0.7328353661302882,4
1767257946141609539,9.669532850610786,1.7540507750032088,0.7025068318255959,0.7328384495505512,4
1767257946216690055,9.429710457889096,1.714344291315074,0.7024084025291223,0.7327943164436131,4
1767257946291696275,9.467293803071875,1.7236389412456774,0.70245889005638,0.7328695599630481,4
1767257946341161345,9.470206308731633,1.760679208383111,0.702354195296143,0.7328594408957142,4
1767257946416032712,9.50770957655922,1.731651379740719,0.7023946774801533,0.7327902460940702,4
1767257946491546575,9.514799340185842,1.728899170714859,0.7024776073717144,0.7327879792433233,4
1767257946616515747,9.555383726179256,1.7325619640914602,0.7024985581026941,0.7327904532411309,4
1767257946741437172,9.479430430443635,1.7229260441998537,0.7023839400677988,0.732765592972084,4
1767257946816520413,9.367314999457644,1.7048290685209606,0.7023559185661511,0.7328035547882757,4
1767257946941510289,9.55432100977205,1.717512185020942,0.7026132992898144,0.7328302311694471,4
1767257947141396970,9.546639326443618,1.7383204968161643,0.7024484217208941,0.7327811307880538,4
1767257947216318523,9.661836769763955,1.7752876467216612,0.7025472512145445,0.7328121681487689,4
1767257947341326983,9.511175777017101,1.7419967187155563,0.7024295776373402,0.7327760246941712,4
1767257947541737928,9.374892423793192,1.7674425468216821,0.7022701834946602,0.7328690461518654,4
1767257947616052538,9.443796446705676,1.742021120637384,0.7024163635138388,0.7328015992873437,4
1767257947741644294,9.680110614185056,1.7657864665530159,0.7025590217515463,0.7327851996301418,4
1767257947816553161,9.58338172366302,1.73993449200087,0.7024704323882595,0.7327967441295374,4
1767257947891271076,9.595092206089229,1.702050524783361,0.702633146451607,0.7327740038904142,4
1767257947941330028,9.579009473247858,1.7165452800335161,0.7025655219321744,0.7328215878639388,4
1767257948091632086,9.581622818370384,1.722200658154003,0.7025756867850742,0.7328320180137364,4
1767257948141839736,9.550126577239748,1.7860773938748433,0.7023024415330937,0.7327870672231145,4
1767257948215887585,9.633992211893428,1.7332525732063417,0.7026369168797302,0.7328192407015649,4
1767257948290995995,9.626673897811688,1.7878634749076954,0.7023793571331323,0.7328198265273049,4
1767257948341157875,9.325167222925757,1.7255552887000105,0.7023370323228111,0.732839274700232,4
1767257948415839122,9.603604466186688,1.7507623703315043,0.7024647317124442,0.7327951550223293,4
1767257948491157578,9.588961484415236,1.7660115508850154,0.7024580594806076,0.7328105798338901,4
1767257948541834150,9.549150185291012,1.7658535444956456,0.7023414031062832,0.7327974903137495,4
1767257948616442069,9.327804518634352,1.7309346150313476,0.7022561615517866,0.7328104280833023,4
1767257948691356452,9.598819257776725,1.7094238726329019,0.702617117579477,0.7328055627036716,4
1767257948741047048,9.53369390586567,1.7559796455900034,0.7023382237371849,0.7327620787994543,4
1767257948816671263,9.364536286986302,1.7443993930680164,0.7022880989608445,0.7327837812516004,4
1767257948891171887,9.487424928169341,1.7807474252896447,0.7023190241075703,0.7328393812233717,4
1767257949291802333,9.569062990790078,1.7345181714757179,0.7025919564207193,0.7328685415010869,4
1767257949341814266,9.71007096145826,1.7662871622561849,0.702694298853625,0.7328465984849328,4
1767257949416381720,9.55632390024974,1.7420142146712831,0.7024296441314275,0.7327866455921848,4
1767257949491008682,9.614871288240234,1.744267866174877,0.7025125664551447,0.732765974738788,4
1767257949616316414,9.489093870302723,1.7302377688854778,0.7023871984329311,0.7328065794940402,4
1767257949691537335,9.527918936625746,1.761526297109879,0.7024515420210493,0.7328374615530178,4
1767257949741505348,9.692541395856624,1.7641062117235113,0.7026393564275581,0.7327797855061972,4
1767257949816404004,9.490261408945155,1.7582693772267168,0.7024839738190444,0.7328670198240518,4
1767257950016785494,9.56007775106138,1.7577833764341726,0.7024850979907536,0.7328491135613984,4
1767257950091931240,9.559611509035948,1.7957708567922985,0.7022874943139545,0.7328114965251726,4
1767257950140986687,9.513018935060845,1.7634378333969316,0.702485215960693,0.7328647033671909,4
1767257950291258032,9.791074939426657,1.7803311072156414,0.7026816050165912,0.7328074808164333,4
1767257950341007814,9.454692001210185,1.7513477267047013,0.7023791978021409,0.7328243992603206,4
1767257950491704007,9.540906245368852,1.7461154812572135,0.7024782492750343,0.7328076213412041,4
1767257950541632078,9.479655647676832,1.765280292052132,0.7023544479820968,0.7328168379657695,4
1767257950615964052,9.557362791631219,1.7649282560219743,0.7024823781739047,0.732840050900747,4
1767257950691550915,9.481854991623573,1.7650844997343345,0.7023457964701958,0.7328142590612553,4
1767257950816436453,9.585995273628022,1.7426080853042403,0.7024576761666735,0.7327355260122193,4
1767257950891446776,9.356235274371794,1.7348091689743164,0.7023029718517299,0.7328391468485682,4
1767257950941702674,9.353840458014906,1.7377424088434106,0.7023330080473817,0.732851587985012,4
1767257951016002093,9.463629410807028,1.7485329580703002,0.7023938139285694,0.7328117426403231,4
1767257951091400618,9.5181887612652,1.7182688845553624,0.7025783198928262,0.7327739211673904,4
1767257951216761776,9.347940938041699,1.7125575241697797,0.7024074081629308,0.732851003883343,4
1767257951291550366,9.636852289723219,1.74647408852806,0.7026063669905191,0.7327582693200035,4
1767257951341254024,9.428514110978782,1.741692803213234,0.7024105878059592,0.7327875287376384,4
1767257951416341839,9.467697957835753,1.7327271240025803,0.7024416612013665,0.7327830314936836,4
1767257951491231562,9.719721955603555,1.744291263294504,0.7027509935357963,0.7328270298763528,4
1767257951616729556,9.797030610548818,1.76228355097109,0.7027429778415194,0.7328227744305797,4
1767257951691461090,9.811061899578476,1.7513472977168312,0.7027885083052576,0.7328084983181137,4
1767257951816221582,9.746739771617774,1.7213707359059758,0.7027801953095048,0.7327790846486709,4
1767257951941363314,9.707350198603915,1.7920336400724746,0.7024958639168851,0.7328196924383379,4
1767257952015987686,9.63418114297221,1.7681890443056207,0.7025010879743814,0.7328114168722162,4
1767257952291337217,9.547098199137128,1.7098242666045576,0.7025902667456962,0.732825855047681,4
1767257952341380981,9.518932807600745,1.7184138975047998,0.7025320679487154,0.7328176083206449,4
1767257952416505711,9.547903721060402,1.7367472913338537,0.7024349286299196,0.7327730372149301,4
1767257952541495318,9.697845550744045,1.754219318727641,0.7026036049526361,0.7328201981418856,4
1767257952691512234,9.782014132571959,1.7588087484334232,0.7026736511783297,0.7327839717933907,4
1767257952741393533,9.44540755620471,1.7367682657319856,0.7023213263202119,0.7327658569769941,4
1767257952816364215,9.810965240533154,1.7639105065764553,0.7026509744509909,0.7328436575940875,4
1767257952890991173,9.610195504642371,1.7365379855806446,0.7026124685434095,0.7328209962269182,4
1767257953016063103,9.67171291752955,1.7504195021931233,0.7025775178969171,0.7328147790732651,4
1767257953091514526,9.49093589790273,1.7831466372591347,0.7024232015906294,0.7328835320430581,4
1767257953141062547,9.706836234402827,1.7432028718766834,0.702568792515446,0.7327555776906486,4
1767257953216568861,9.594742128568035,1.7564848034696667,0.7025205555269193,0.7328268688536872,4
1767257953416342160,9.420634877267297,1.7327169693638311,0.702371559474297,0.7328233309723039,4
1767257953491411467,9.642948699960296,1.7408076186132349,0.7026718149149401,0.7328574475181358,4
1767257953541503776,9.483495201323077,1.7606284235364693,0.7023540768495377,0.7328367874565379,4
1767257953616503941,9.50766047794771,1.7461643565211622,0.7024111100354539,0.7327650399917871,4
1767257953741568522,9.582499413907763,1.7166831840248389,0.7026562086854976,0.7327840602410239,4
1767257953815914718,9.657736573944753,1.7639550693750035,0.702512695798452,0.732764689409715,4
1767257953895950733,9.442545631730304,1.7194039785908224,0.7024876304377573,0.7328669430968888,4
1767257953941572562,9.699805567491282,1.7428709805097657,0.702666710574693,0.7328156755504519,4
1767257954016191859,9.641141085214189,1.7494106473518771,0.7026793564717502,0.7328584294975201,4
1767257954091559129,9.341755951689844,1.7003274378946307,0.7022943506057937,0.7327688335559521,4
1767257954216891287,9.698283269965135,1.7831665943611938,0.7025693222580714,0.7328048911180323,4
1767257954341464610,9.635261349707935,1.7493870127451627,0.7026140726743304,0.7328306337791707,4
1767257954491608325,9.522167149572436,1.7593611836756304,0.7023935889371584,0.732843968854873,4
1767257954541186394,9.434642535840698,1.723619033319629,0.702444629670054,0.7328411974344134,4
1767257954616144137,9.522813324965075,1.7090268446018153,0.7025214288135777,0.7327719481029791,4
1767257954740966392,9.823791421920468,1.8009549115657641,0.7025858283774828,0.7328161145047166,4
1767257954815790694,9.643533474732013,1.723306785505268,0.7027417976965566,0.7327852562693429,4
1767257955016477950,9.486533291085397,1.751650209699797,0.7023684826653727,0.7327990631875172,4
1767257955091810474,9.539404741465196,1.6934027959188476,0.7026247154417978,0.7327935526239926,4
1767257955141761103,9.422409062861403,1.713858587030932,0.7024983302199492,0.7327961318119497,4
1767257955216925458,9.51994380608745,1.773855591949521,0.702332302419957,0.732795335378991,4
1767257955341450539,9.594084220757026,1.726151031993034,0.7025713697096453,0.7327875053183559,4
1767257955416379630,9.468482799896204,1.7618923607217254,0.7023152435352732,0.7327635300158688,4
1767257955491092109,9.644111384614739,1.7624545935539615,0.7024618699333762,0.7327373984446952,4
1767257955540895631,9.449284081153642,1.7508001652846246,0.7023588398359236,0.7328056562873486,4
1767257955615916407,9.613620555649627,1.7414029615297026,0.7025595745346495,0.7327738713790576,4
1767257955691014745,9.569026920564273,1.743502120139498,0.702547303120761,0.7328261873875849,4
1767257955740850888,9.6453909328591,1.7580179319633322,0.7025688680445821,0.7327937362286754,4
1767257955816091995,9.654258129952463,1.7381412108877803,0.702651916225204,0.7327993096130122,4
1767257955940943277,9.55162981264268,1.6982082870663313,0.7026692598324258,0.732792349461393,4
1767257956016540357,9.615045685380297,1.7270883327105018,0.7025920744843354,0.7327814206716962,4
1767257956091559195,9.737530021075692,1.788367953025621,0.7025194270880661,0.7327337633879304,4
1767257956141214227,9.636521279992483,1.7713676406093104,0.7024674157092765,0.7328017047987577,4
1767257956216332878,9.410149927290945,1.7315601243165692,0.7024041955095802,0.7328400644122014,4
1767257956341473277,9.43822101058911,1.7327930420739401,0.702362743819833,0.732810661087235,4
1767257956491840930,9.562665940853199,1.7267503108722728,0.7027050200757495,0.7328403531437458,4
1767257956541735454,9.473433617428917,1.7362972584215643,0.702497338555573,0.7328540936892575,4
1767257956616654754,9.692161299017844,1.7557334373256,0.7025734299410471,0.7327998070481895,4
1767257956691645497,9.510535196027403,1.7701021787614581,0.7023929550982928,0.7328130292504075,4
1767257956741552755,9.469403785382635,1.7512553244060827,0.7023346475351119,0.7327890055909768,4
1767257956891854057,9.527512543872962,1.7347636490148275,0.7024767378259146,0.7327685525586064,4
1767257956941792815,9.447954609377307,1.7358673941726703,0.7024355461872983,0.7327989113572037,4
1767257957016516432,9.8209842012138,1.8003192368924112,0.7025389214224798,0.7328001322211062,4
1767257957091625571,9.32518686830186,1.7150808081044366,0.7024276510431368,0.7328536564027331,4
1767257957141755805,9.660825999140531,1.7169373496412534,0.7026337820608011,0.7327244047736873,4
1767257957216206579,9.682622902818515,1.7972265327715822,0.7025267741586216,0.732862800294254,4
1767257957291614315,9.449260939750626,1.722587307840818,0.70255274866724,0.7328398394861602,4
1767257957491615833,9.49525034773957,1.760519540859704,0.7023072675953923,0.732825163960132,4
1767257957541397253,9.504813626193375,1.7358879187064293,0.7024288560248629,0.7328054248778951,4
1767257957691461910,9.56685625982634,1.7654732464749938,0.702515393275289,0.7328172031463058,4
1767257957741474558,9.607130397796148,1.7699336670594534,0.7023721636792862,0.7327695645326879,4
1767257957816457561,9.704293685487198,1.77388295849996,0.7025656824413808,0.732768974261696,4
1767257957891555282,9.671933414828082,1.7557319673411558,0.7025083732972901,0.7327198793019052,4
1767257958016484537,9.680214150868505,1.7819355619053283,0.7024787376625031,0.7327563876165148,4
1767257958141018880,9.515070581427754,1.7140308048623916,0.7025496260958703,0.7328070854931366,4
1767257958216101095,9.567754883237134,1.7519625798085638,0.7025275617348945,0.7328239495350987,4
1767257958291112654,9.557923360320796,1.7285093293735407,0.7026335652054329,0.7328064362015996,4
1767257958416393822,9.345894874415063,1.7059470139685984,0.7022963651622294,0.7327946899731461,4
1767257958541342148,9.504509770650316,1.7247347714983305,0.7024386227037989,0.7328157327046106,4
1767257958616797470,9.572939885923892,1.716197131344378,0.7026321594105346,0.7328089283730539,4
1767257958741477398,9.37892754649483,1.6969990791745657,0.7024825058466696,0.7328129153956274,4
1767257958815865857,9.719275327240151,1.7693935018945577,0.7025828856256525,0.7328271226669503,4
1767257958891055225,9.511789958593585,1.756477338375111,0.7025178555867992,0.7328622134947348,4
1767257958941116507,9.488594556920749,1.753996266054214,0.7024541370616965,0.7328268094442888,4
1767257959091031652,9.652429816650265,1.7448798692631309,0.7025161354433704,0.7327599334317163,4
1767257959141048885,9.44893224701293,1.739674940355643,0.702388531357283,0.7327732341254812,4
1767257959341105344,9.47881283812524,1.7342744765088784,0.702474017209236,0.7328115431973162,4
1767257959491132949,9.4311517099539,1.7269797148824249,0.7024906176040531,0.7328116136503765,4
1767257959741608154,9.48006308074234,1.7372060777614247,0.702351219302867,0.732772115488965,4
1767257959891751862,9.566051479543592,1.7484702749888095,0.7024785368749801,0.7328057286386404,4
1767257959941330163,9.4566504028063,1.7335014654259628,0.7023432997724974,0.7327688690063655,4
1767257960016009563,9.71908211639294,1.7528473242830567,0.7027104908926805,0.7328288980452284,4
1767257960091703737,9.389787561419949,1.7145524308638742,0.7024628408685124,0.7328307729170515,4
1767257960141245809,9.493640701634387,1.7719354348986007,0.7022548744063549,0.7327920535080028,4
1767257960216221701,9.495114232383695,1.770076169289582,0.702339130640887,0.7327891416011546,4
1767257960291456852,9.601161369323986,1.7364108301651195,0.70250057592254,0.7327955697713944,4
1767257960341919853,9.72318566884689,1.7682115012087216,0.7025563481665374,0.7328131236131451,4
1767257960416361926,9.501832635126384,1.761358601899712,0.7024711176394584,0.7328539859100778,4
1767257960491214586,9.637131125035392,1.7466579935099509,0.7026026494068741,0.7327970673129208,4
1767257960616774251,9.685096002558847,1.7327125301568171,0.7026343736359387,0.7327856193777147,4
1767257960691414704,9.490792968616656,1.739064954746068,0.7024615132292976,0.7328275325454732,4
1767257960741282049,9.441096549414496,1.7028969266645009,0.7023849849609275,0.7327812725213101,4
1767257960816550946,9.661788349463185,1.7543541788111563,0.702576686812121,0.732852567260646,4
1767257960890913540,9.280273163602693,1.7063240008993596,0.7023643811317363,0.7328584346603255,4
1767257960940817310,9.472376440909702,1.7317627037209318,0.7024339564097257,0.7328017551721401,4
1767257961016121716,9.58401612709736,1.7554594460210458,0.7025531491080342,0.7328540547554886,4
1767257961091673086,9.706713437920511,1.7675162221499963,0.7026078108764352,0.7328429322741318,4
1767257961216674791,9.614136478654833,1.7599748760711842,0.7025818750521009,0.732805518812285,4
1767257961341283813,9.565354541232306,1.760508376302295,0.7025050240062264,0.7328379532721473,4
1767257961491387151,9.431556364356663,1.72315337495456,0.7024263541597103,0.7328178368069969,4
1767257961541300559,9.475737713789623,1.7278540443867434,0.7024893004991695,0.7328295924667892,4
1767257961616171849,9.740773596493613,1.7346134643207898,0.702747258071101,0.7327886498435826,4
1767257961691567054,9.514760211544736,1.7610135433646672,0.7023199575496362,0.7327787849678499,4
1767257961740980044,9.588463818456239,1.7469830949022584,0.7025496537687335,0.7327880451751363,4
1767257961816208105,9.549193617605422,1.7484837796267771,0.7024418938947784,0.7328038604036416,4
1767257961891456011,9.672295446306101,1.7584358753313851,0.7025488456118223,0.7327568554342838,4
1767257962141108496,9.534686193586882,1.7487012942967144,0.7024228615868326,0.7327801192047985,4
1767257962290816617,9.819421315518495,1.742462691359941,0.7027627568708651,0.7328069209839729,4
1767257962341335962,9.523201334454834,1.7478028895770668,0.7023060566854586,0.732765394088408,4
1767257962616457227,9.552997101471728,1.7529415177510481,0.7023432932738953,0.7327424296359086,4
1767257962741274706,9.739315572208529,1.7688707354390731,0.7026263773235049,0.7327908904044514,4
1767257962815980762,9.426985307366632,1.739110052802989,0.7024198563121149,0.7328318609026002,4
1767257962940899136,9.543041251992236,1.7588618810833305,0.7023617547697706,0.7327699637052013,4
1767257963016377825,9.431892834771416,1.70524352582426,0.7025625718969801,0.732840961750253,4
1767257963091280948,9.726701852071805,1.807193794866593,0.7024177111022055,0.7327779205487774,4
1767257963141373560,9.661632153280642,1.728885365941451,0.7025619102031441,0.7327658982081952,4
1767257963215880507,9.747074433164693,1.7562472135009495,0.7026492623799606,0.7328007144336874,4
1767257963291124618,9.660499894420415,1.7479749066719459,0.7024693095313141,0.7327819550331921,4
1767257963340988708,9.689291476635553,1.7738100503996939,0.7026483693662099,0.7328587770436873,4
1767257963417078465,9.757789465811072,1.782420602135532,0.7027094842553815,0.7328662830736713,4
1767257963491539826,9.651009761854068,1.7369717160508595,0.702700692601406,0.732827241396164,4
1767257963540966322,9.571605858776477,1.783619234412921,0.7025020117077941,0.732856001488176,4
1767257963616476015,9.612752450984585,1.7148975753998636,0.7026014038304141,0.7327811023943474,4
1767257963691507137,9.520215148053236,1.7611903101192956,0.7024170807604102,0.7328011466007633,4
1767257963741800723,9.646130204502112,1.758550935573547,0.7025265284866486,0.7327935021468084,4
1767257963816813937,9.54561451471414,1.7422160804777993,0.702491089078356,0.7328287744837365,4
1767257963941114914,9.5226533321624,1.7607194157288508,0.702373898470654,0.7327687351213874,4
1767257964016566884,9.616478603678868,1.7721979268165782,0.7024893126702495,0.7327898359268618,4
1767257964091528564,9.458198198184942,1.7474428847640415,0.7023238183945817,0.7328082533668743,4
1767257964216326446,9.547133814987617,1.7676056368542499,0.7024361017678942,0.7328077633799752,4
1767257964341338451,9.518240325869787,1.701100757220194,0.7025816490840127,0.7328138896326186,4
1767257964416339691,9.568492663341367,1.7113381927536089,0.7026820718218914,0.732819309924181,4
1767257964541360090,9.536479816973475,1.7622354921380612,0.7025239208242845,0.7328713867737908,4
1767257964616340504,9.573153191625106,1.7230394083505889,0.7025478053399161,0.7327632535628802,4
1767257964816115285,9.530170660987602,1.7679039750156125,0.7023742665226207,0.7327999203044191,4
1767257965091131318,9.681364954014061,1.7975022517699186,0.7024134367245866,0.7327903379121358,4
1767257965140843031,9.551775158030186,1.740651521592849,0.7024354170150108,0.7328098532055939,4
1767257965291321606,9.420171879535587,1.710948294801817,0.7024039763030618,0.7327796544270301,4
1767257965416497664,9.65194461944774,1.7601309992707386,0.7025040661081625,0.732813892840786,4
1767257965541703463,9.527778759539585,1.7555492657297407,0.7023803408696674,0.7327709274690158,4
1767257965616003209,9.491240806197677,1.7185974733790932,0.702510108391506,0.7327951193521383,4
1767257965691384221,9.450104437017659,1.734950767442433,0.7024424726788323,0.7327957543111532,4
1767257965741503997,9.711164532507311,1.7759127248944975,0.7025074218107127,0.7327747951040708,4
1767257966016510335,9.574215966347555,1.748662092286592,0.7023621361993994,0.7327627579475421,4
1767257966090884931,9.51302483112415,1.7546226642440133,0.702400886808639,0.732850919446841,4
1767257966291433264,9.466375463566767,1.747051645696373,0.7024211153026231,0.7328258302755963,4
1767257966341412777,9.744232014121557,1.7595795972884334,0.7026360751094184,0.7327575954594246,4
1767257966416703067,9.596370725448722,1.7524833695621944,0.7025568718360421,0.7327891780705837,4
1767257966816018281,9.544767339192518,1.7325726268320933,0.7025950717259901,0.7328019488496701,4
1767257966891008692,9.52881483592849,1.7860062540376727,0.7024324583162783,0.732801913779705,4
1767257966941767549,9.664102354546845,1.7636912275696315,0.7025772047343397,0.7328214389947277,4
1767257967016320270,9.567388235240614,1.7138991169170028,0.7026047001979789,0.7327913897855649,4
1767257967140780279,9.658978704576437,1.750397841541361,0.7025600968760873,0.732801667258906,4
1767257967290939082,9.737634564483733,1.7787479572394351,0.7025367590038755,0.7327589197431033,4
1767257967341182530,9.742503342557773,1.7801912977311996,0.7025257602826447,0.7327691622316922,4
1767257967416604854,9.625048461883278,1.7517266232318554,0.7025824936835511,0.7328125573612081,4
1767257967541612334,9.757142722596424,1.7652807186044084,0.7025711275464879,0.7327704994958875,4
1767257967616501931,9.64676464380343,1.7741953124025949,0.7025829925933391,0.7327821200479884,4
1767257967691558330,9.255527822466082,1.7318920675430016,0.7023277420174052,0.7328484978536111,4
1767257967741577426,9.611762049985817,1.7105784479404051,0.7026350703170346,0.7328110171806538,4
1767257967816261674,9.576465157291935,1.7638959456973993,0.7024336009792458,0.7327984214951072,4
1767257967890825135,9.579494313781245,1.767395616520222,0.7025394564029863,0.732830045609436,4
1767257967941816680,9.530605158036831,1.7789893927829334,0.702424606332351,0.7328543239663965,4
1767257968016743992,9.652191324957538,1.7915429295814482,0.7024165663488144,0.7327678251232815,4
1767257968091681877,9.629479983348844,1.743869100242606,0.7025904583586783,0.7327569212682777,4
1767257968140820611,9.633223993774642,1.7736316989968588,0.7024823315536304,0.7327753673228997,4
1767257968216137817,9.559361918165532,1.7416387991253373,0.7024908771166163,0.7327871348942976,4
1767257968341004770,9.674870938168546,1.7526517930341423,0.7025842319232889,0.7327910824121052,4
1767257968491140806,9.799833894216015,1.817471374383721,0.7026124485451262,0.7328451003591165,4
1767257968690884114,9.40722070109301,1.7201692949889424,0.7024435999955477,0.7327894917210604,4
1767257968816414597,9.564342206366817,1.7593624386045628,0.7025114233078342,0.7328142005673177,4
1767257968891395405,9.609724453248369,1.7450327673427606,0.7025363935780353,0.7328016186107662,4
1767257969016157759,9.361517300454647,1.7226712424394859,0.7022545778742932,0.7327906257710105,4
1767257969216067694,9.701539641627456,1.7557447615361712,0.7026257314996407,0.7328012756542457,4
1767257969291017298,9.48661253828309,1.709775499128855,0.7025316709906224,0.7328215836187614,4
1767257969415934331,9.528893582164244,1.7537325875248837,0.7022695729811199,0.7327524541501345,4
1767257969616472681,9.484695311676617,1.7283417371957543,0.7024214124315296,0.7327815940719395,4
1767257969691597967,9.754972283198327,1.7678521389274555,0.7025712743753064,0.7327570553985621,4
1767257969891091677,9.363953997390983,1.736513596429648,0.702318007315314,0.7327833269650995,4
1767257970091096689,9.624183468173285,1.7552790499202866,0.702454612785601,0.7327840985599369,4
1767257970141070172,9.492424941245359,1.7466140169514877,0.7024273297465392,0.7328574784206193,4
1767257970215928382,9.585719017804028,1.740894955366541,0.7025734780703551,0.7328533828233007,4
1767257970291182847,9.46976332553473,1.7751077446101422,0.7022727497317262,0.7328162921157715,4
1767257970416228138,9.465283528083845,1.7012251114011154,0.7024379770133752,0.732770934775919,4
1767257970491724253,9.457841158824309,1.7918307487018357,0.7023050283713619,0.7328522023850599,4
1767257970541055430,9.773697656222602,1.7906984697991726,0.7026349960338579,0.7328343647642194,4
1767257970616289268,9.558678640386177,1.733557648558239,0.7025409534239638,0.7328151034795259,4
1767257970815977456,9.625288389238595,1.7366523633872744,0.7026538325940473,0.7327825502972451,4
1767257970941491473,9.70635232287076,1.7489548931304701,0.7026780926105571,0.7328014924527682,4
1767257971140944199,9.519746005225649,1.7460901628529584,0.7024364882171593,0.7327857289232025,4
1767257971216388469,9.59517586459324,1.7479253791355078,0.7025024474060384,0.7327781066095433,4
1767257971291370469,9.48367440188913,1.7657824978035102,0.7023788598264832,0.7328082832630649,4
1767257971416642971,9.479413832691685,1.7530914598795757,0.702403808841284,0.7327737332058858,4
1767257971616206118,9.480333860495405,1.7354450759247508,0.7023799960227715,0.7327575751865336,4
1767257971691602407,9.607498847560514,1.7204152906682428,0.7025804020549584,0.7327612405385283,4
1767257971741071643,9.372093960031691,1.694800180461614,0.7024093257845186,0.7327869082873686,4
1767257971816319449,9.761707464650549,1.7764037531812282,0.7026027792238694,0.7328014697463344,4
1767257971890995245,9.402606330784046,1.7455190856660636,0.7022725079667912,0.7328211745026089,4
1767257971940733818,9.262656852578989,1.7225748402853793,0.7022728230944961,0.7328082304093333,4
1767257972015938569,9.582023999860635,1.7536248434896649,0.702486408718854,0.7327844023032548,4
1767257972090806726,9.498869165576739,1.7517995326861409,0.7023417353499366,0.7327673377047292,4
1767257972140796610,9.625090652538915,1.7576417487113618,0.7025049155810273,0.7327697103528458,4
1767257972215910955,9.579839679172974,1.744229030263185,0.7024571556827252,0.732774441356545,4
1767257972291325149,9.440705736765477,1.7302828287416394,0.702471530402121,0.7328022223246549,4
1767257972416315639,9.584726190752125,1.736810365098924,0.7025979587108936,0.732832269517965,4
1767257972491381521,9.898904958266286,1.8069312718832664,0.7026730440924648,0.7327976182258533,4
1767257972541151313,9.8210141026287,1.7920271424192984,0.7026047568690562,0.7327909586796968,4
1767257972617059642,9.643853512312228,1.7775043327566076,0.7024451336262743,0.7328105611929591,4
1767257972690994283,9.576310187498827,1.7707024882695162,0.7024273951846943,0.7328188276846326,4
1767257972741486074,9.335239785532078,1.7236136643636155,0.7023960171905582,0.7328125339428285,4
1767257972816695712,9.690958834826402,1.7337412238672965,0.7025865832325461,0.7327354626946583,4
1767257972891487708,9.73532163148272,1.75804291031091,0.7027191103687286,0.7328120035293184,4
1767257972941489413,9.710811678772192,1.767245984646111,0.7026427476555795,0.7328278126405257,4
1767257973091629149,9.58676783727508,1.7292487030784636,0.7025577694453955,0.7327604215458703,4
1767257973140911350,9.615440944543918,1.7969360120389433,0.7023655553654998,0.7327765463910774,4
1767257973215950127,9.531378831998506,1.7338198617967724,0.7023879653177052,0.7327181172842235,4
1767257973491459047,9.725463219218632,1.777767460543184,0.7025050415523333,0.7327602414270477,4
1767257973541325946,9.424565380556249,1.7488819552123684,0.7022353507697306,0.7327786495507193,4
1767257973616408228,9.779075188074081,1.758412336472746,0.7027105811067846,0.7327819337928863,4
1767257973741389820,9.5429957877734,1.7377592775364201,0.7024519130897705,0.7327991580502188,4
1767257973941172203,9.478046887059222,1.7288011814084527,0.7024542888555659,0.7327679873399618,4
1767257974016585391,9.656742126382012,1.7753847592828753,0.70253760023397,0.7328307776041677,4
1767257974090934511,9.730515591727995,1.7615132090499226,0.7026269023897951,0.7327368907097457,4
1767257974140966769,9.540661594492516,1.750268459075366,0.7024485017805019,0.7328255455781634,4
1767257974340985007,9.48909484522098,1.7403319364166745,0.7024573362396417,0.7328398193637894,4
1767257974416466068,9.601501428242344,1.7620187294047316,0.7024777365940115,0.7327733957925734,4
1767257974491900179,9.551006723811595,1.760539832385932,0.7025127258453079,0.732828646282148,4
1767257974616325642,9.658831457231676,1.791016360327024,0.7024579185392369,0.7328257209396238,4
1767257974690995175,9.48001736994264,1.7419461401373781,0.7024601776734819,0.7328218970521581,4
1767257975016156535,9.60645262341464,1.7672727715144934,0.702478070731534,0.7328275719169088,4
1767257975091555769,9.57611602046049,1.7896013784508116,0.7023290244605217,0.7328231292509834,4
1767257975141387161,9.403179433550179,1.7129972782791116,0.702388669639603,0.7327961514096392,4
1767257975216254523,9.53212542741111,1.7398937565379953,0.7025123246867113,0.7328383544663625,4
1767257975291511570,9.524179576022917,1.758868643154118,0.7024290499013139,0.7327529849186063,4
1767257975491499683,9.65430796491884,1.7412089660865944,0.7025283843356495,0.732784409181918,4
1767257975541194579,9.616290532562633,1.773856723473859,0.7025095905245485,0.7327949627757503,4
1767257975616609277,9.526270468019128,1.7610083312535507,0.7023940060623686,0.73278145498723,4
1767257975691535368,9.599799332905778,1.7569446639251212,0.7024512221143596,0.732770241270281,4
1767257975741147012,9.542967210869445,1.7587516316962892,0.7024466716891334,0.7327998767354802,4
1767257975816412845,9.544852783592738,1.733356540488281,0.7024290011024062,0.7327677812114426,4
1767257976016060723,9.462979354649237,1.7367178207281013,0.7023516328194573,0.7327132960120141,4
1767257976140902388,9.630616975395355,1.750611485674936,0.7025673007469614,0.7327491338131216,4
1767257976291253670,9.475642807973973,1.739286743584514,0.7023224232051922,0.732755445273458,4
1767257976691409566,9.48748484666828,1.7285025243127405,0.7024832705449602,0.7328180383653712,4
1767257976740948373,9.615953733048022,1.7513380455480698,0.7023974833817896,0.7327619642335922,4
1767257976816088595,9.612305833865076,1.7314181787817635,0.7025378343817164,0.7327566485443009,4
1767257976890879093,9.395356236271857,1.7312319323822751,0.7022627576265082,0.7327710996460812,4
1767257976941467866,9.615102002964893,1.7618274678094956,0.702479944044009,0.7328202452592122,4
1767257977016483251,9.619325317978046,1.7665914140110934,0.702486562126292,0.7328038204399263,4
1767257977290875522,9.664683042175382,1.7394403896651356,0.7025758844152983,0.7327028557027181,4
1767257977340887035,9.721851781661073,1.7544949491349877,0.7026201453158988,0.7328037581833899,4
1767257977416270379,9.240610550036221,1.7155731916777504,0.7022674270379762,0.7328300376331939,4
1767257977491507140,9.434446828059052,1.7491934767224298,0.7024228196978353,0.732840456905609,4
1767257977541090099,9.468457380469308,1.741048709107525,0.7024330238934618,0.7327756238176357,4
1767257977691646056,9.730308219180305,1.7596860613861696,0.7025335338336157,0.7327097466223796,4
1767257977740975367,9.648479311276548,1.7457852500186242,0.702602897427301,0.7327986925061539,4
1767257977816213733,9.576103273184478,1.771615014411954,0.7024425211041143,0.7327565874001611,4
1767257977941293152,9.773775628240777,1.7518683577643424,0.7026776811152122,0.7327695161947867,4
1767257978016400700,9.53751255558155,1.7385410085911672,0.702622277460024,0.7328811594894009,4
1767257978091506351,9.622974119017025,1.7393468505902017,0.7025809101307507,0.7327787750974898,4
1767257978216460926,9.498596210964937,1.730688095152367,0.702491224380057,0.7327804159289761,4
1767257978291491819,9.522576033971774,1.7893721227675525,0.7023487765849842,0.7327978942418515,4
1767257978341377255,9.354980102432853,1.7238161173081692,0.7023983989024082,0.7328628135971758,4
1767257978491496962,9.74337064206332,1.7839087988676983,0.7025500654510907,0.7327769789484275,4
1767257978741876573,9.424294637435437,1.7248022969194774,0.702361351622267,0.7327999818357557,4
1767257978816130788,9.675058740224674,1.7365703176112428,0.70275431439108,0.732802416219507,4
1767257978941655335,9.729491517215028,1.763694063048122,0.7026445005263962,0.7327876525378393,4
1767257979016730237,9.633696154544236,1.7689436768179196,0.70237620863459,0.7327480686661607,4
1767257979141087315,9.857201880325018,1.7586850535933005,0.7027752448510094,0.7327671795226622,4
1767257979541484891,9.773499815191599,1.7713128541618255,0.702633377341122,0.732791576525289,4
1767257979691483409,9.673580940127046,1.7422375966947325,0.7025948942261809,0.7327975277069234,4
1767257979741008852,9.599168739222396,1.771467331144974,0.7024863624739792,0.7328052991463957,4
1767257979891395946,9.644672048362612,1.7700097272627722,0.7025363861444215,0.7328002576848145,4
1767257980015942575,9.616220111287266,1.7938660447519474,0.7023726047167715,0.7327799900511487,4
1767257980215877602,9.668675219692503,1.7614246096723933,0.7025681747412336,0.7327724143593487,4
1767257980290899007,9.568371227146377,1.7439534949931526,0.702452269403746,0.7327655090838159,4
1767257980541031763,9.604506714720795,1.7265654730891198,0.7025164207458994,0.7328062501480536,4
1767257980741084906,9.563503519601113,1.7792895286027193,0.702282536532027,0.7327367821010571,4
1767257980815966738,9.51375156584,1.7412853490676,0.7025005280654564,0.732807722813345,4
1767257980890963887,9.669545145200132,1.7636402327289835,0.7025868753029835,0.7328039977845341,4
1767257980940949794,9.680681717393004,1.7802200889154465,0.7024398735426454,0.7328070951764707,4
1767257981090849051,9.668967387106985,1.784213839854108,0.702557466972353,0.7327845625751218,4
1767257981140962536,9.581988273128506,1.7482432353093778,0.7025276938340937,0.7328110902788746,4
1767257981216674691,9.455786934045696,1.7615208885151405,0.7023516517069373,0.732816769025822,4
1767257981340845334,9.487354722936047,1.7086223997579777,0.7024787576421382,0.7327689891589858,4
1767257981491319806,9.460526304985283,1.7694076391367302,0.7023878716429786,0.7328438168194934,4
1767257981616198415,9.532552373479831,1.7524532013104628,0.7024351179691132,0.7327727543829988,4
1767257981691506529,9.717714063349758,1.7928219100517477,0.7026252543002834,0.7328134762732891,4
1767257981741157879,9.396761034205614,1.7696422471916577,0.7021687065129606,0.7328223351291436,4
1767257982016515946,9.606299394629424,1.7635687494788403,0.7024492269240897,0.7327857198375303,4
1767257982141202161,9.717084994516846,1.7542250167231839,0.7026198197824566,0.7327596215405787,4
1767257982340865872,9.611145211446903,1.7552564048837858,0.702484823129399,0.7327996970499915,4
1767257982491040832,9.638147730104961,1.7514183379631871,0.702523793685113,0.7327571420615195,4
1767257982616773243,9.437102273737397,1.7333375557517,0.7024175111955987,0.7328122511225973,4
1767257982691562803,9.47996877661883,1.743662784289851,0.7023573405952146,0.7327605515085114,4
1767257982740850084,9.52241818434263,1.7391274444512086,0.7024171942834656,0.7327697593338134,4
1767257982816155392,9.649447868344318,1.7558294435034147,0.7025825897154439,0.7327916458734941,4
1767257982890943222,9.528506359164911,1.7488186537098922,0.7024335878907529,0.7327663735411409,4
1767257982940921077,9.589573910207205,1.7561893810271212,0.7024267933510414,0.732777529777125,4
1767257983016586146,9.633549489663551,1.7265752628028463,0.7025531748057461,0.732805067137152,4
1767257983090989139,9.624135715691873,1.7838262853841795,0.7024709307545884,0.7328042749632259,4
1767257983140809410,9.769933585547674,1.7654925754028175,0.7026554198897031,0.7327786377134974,4
1767257983216438114,9.4952630088736,1.760493090326893,0.7023662478560843,0.7327899167142327,4
1767257983291618463,9.363312065091222,1.6858566206234982,0.7024566404780791,0.7328197489268734,4
1767257983341383902,9.49162750452981,1.7284885852704788,0.7024368362737845,0.7327328219383316,4
1767257983491552791,9.797750594575882,1.753877651320222,0.7027137236319945,0.7327583570738321,4
1767257983540959508,9.365507189002864,1.7451806801986407,0.7021933036210194,0.7328063397280018,4
1767257983616082102,9.672876850322808,1.7613952643243285,0.7025067229019722,0.7327372467007209,4
1767257983740828591,9.387216500405415,1.7258857210458458,0.7023454695505298,0.7328085154056168,4
1767257983816217448,9.468397603965673,1.7546368894533846,0.7022951788561087,0.7327397645865906,4
1767257983891696899,9.630518862634553,1.7665760388210199,0.7025016319094062,0.7327709982946894,4
1767257984016088658,9.450669563528024,1.7535022557792754,0.702371310388577,0.7327780373773771,4
1767257984090947044,9.64237233271037,1.725640828902128,0.7026032587968666,0.7328176615898783,4
1767257984216604395,9.496539239939871,1.6983125511644939,0.7026500919702836,0.7328344175875118,4
1767257984290970499,9.447946220328408,1.7298600966744795,0.7024180775298757,0.7327905324217606,4
1767257984340935739,9.58821144876687,1.7529534789196,0.702551822056589,0.7328041134820453,4
1767257984415981693,9.396892555917802,1.7274108321237287,0.7023843337325828,0.7327995744533901,4
1767257984491401276,9.558368489596681,1.7279265811121272,0.7024644573029766,0.7327420681684638,4
1767257984540921846,9.72296548206797,1.7714823762177458,0.7025372912130399,0.7327655587721554,4
1767257984616174718,9.323404836733328,1.6997437697617002,0.7022831479706267,0.7327516225411479,4
1767257984816956728,9.801551142276544,1.77668387022419,0.7026983934604272,0.7327746543885926,4
1767257984941607331,9.439603284346788,1.7499294930035134,0.702346731654675,0.7327913230112781,4
1767257985091581278,9.761270508793274,1.809135684071075,0.7025342587487787,0.7328140398195655,4
1767257985216598367,9.412011878187299,1.7289119431353617,0.7024335748379249,0.7328088925171272,4
1767257985291034394,9.455765597319864,1.7234124838497293,0.7024958831676521,0.7327992793415635,4
1767257985341271773,9.64552638426175,1.756002826273353,0.7025819639696841,0.7328003998135344,4
1767257985541023722,9.471942301173431,1.7377407663963504,0.7024824704658427,0.7328303054136097,4
1767257985616123641,9.780125008480356,1.7746536213264277,0.7026480614771144,0.732781620204746,4
1767257985691314020,9.686376648090466,1.7794601047423666,0.7025968991493619,0.7328040769074334,4
1767257985741073517,9.70792485957106,1.7704276634546907,0.702622344549871,0.7328100839973235,4
1767257985891422614,9.624609810575556,1.736951455125339,0.7024774357691697,0.732727653148622,4
1767257985941516036,9.576004680698414,1.7714424080450026,0.7023963485535893,0.7328082285815093,4
1767257986091156281,9.852351054811859,1.773779829894241,0.7027537973024918,0.732735646173657,4
1767257986141606801,9.530886913733049,1.7603996031542932,0.7024718997305853,0.732798389065793,4
1767257986216307551,9.750989557697377,1.7387395913065822,0.7027271422327435,0.7327833598208147,4
1767257986416100037,9.637173839441848,1.7403196458482901,0.7025221552959275,0.7327478537010356,4
1767257986491315540,9.643753547118106,1.7598044727018305,0.7025192564516989,0.7327910683330465,4
1767257986541373703,9.460027858933294,1.7408202392538383,0.7024223492635367,0.7327672874269548,4
1767257986616313145,9.652151056205426,1.7206853486047544,0.7026794152277455,0.7327857098556771,4
1767257986691128810,9.55744337337816,1.791723988048706,0.7023277762464436,0.7327932364370389,4
1767257986741317696,9.792962412824679,1.742574747443861,0.7027779406456419,0.7328048007683092,4
1767257986816440138,9.53637411750774,1.739283534160952,0.7024628822469564,0.7327650901806921,4
1767257986891734070,9.586341642731199,1.7441098838623466,0.7024768949222919,0.7327709561585792,4
1767257987141554213,9.75552169518734,1.7823442701161043,0.7025123306757158,0.7327645041204824,4
1767257987216486584,9.425406772941681,1.7422846769517937,0.7023498443790844,0.7327783377350713,4
1767257987291185517,9.756416779814646,1.7859774446040362,0.7025816783818146,0.7327666803111771,4
1767257987340936741,9.620510746699562,1.7705622981724007,0.7025455284941918,0.7328080401821783,4
1767257987415864561,9.35603453984668,1.7170570922737354,0.7023688068697349,0.732764481936325,4
1767257987491322566,9.677003799889006,1.730701387557443,0.7026625134336587,0.7328101779856966,4
1767257987615887168,9.758871967822103,1.7763988063307192,0.7025636410251138,0.7327697824537395,4
1767257987690986188,9.387126655023724,1.7811432120431034,0.702156134268634,0.7327973541231183,4
1767257988016129010,9.43168803705763,1.7455193905631483,0.7023467279214645,0.7327748090945434,4
1767257988091626309,9.504508083884811,1.7602192466883397,0.7025149066332758,0.7328587628007932,4
1767257988141385160,9.560807549960693,1.7341196103790857,0.7024502820147361,0.7327105427654484,4
1767257988216094183,9.593384849970965,1.7483004551092916,0.7025070645333122,0.7327614199732013,4
1767257988291394974,9.671067610741325,1.7807603376713965,0.7024814083334656,0.7327533014244898,4
1767257988341321954,9.600116297077243,1.753982963789604,0.7025149501933228,0.7327789855891388,4
1767257988415828807,9.568684619009948,1.7717537719339935,0.7024288691935134,0.732749051571853,4
1767257988541611937,9.550240701036717,1.7331604554210556,0.7025325122575393,0.7328054341431229,4
1767257988616662867,9.549810469051234,1.7376649180883046,0.7025227287249376,0.7328038026369176,4
1767257988690880865,9.432318488321268,1.7474854304024674,0.7023240322284591,0.7327529789569852,4
1767257988741381941,9.45859169511265,1.7433324675735962,0.7023730572477793,0.7327850803114481,4
1767257988891355192,9.482063510339644,1.7786997458934461,0.7023999334477937,0.73284538953954,4
1767257989090924958,9.584988593411058,1.766937470427635,0.7024626370342635,0.7328237298255551,4
1767257989141547815,9.491040740642553,1.731242619722465,0.7024066131272538,0.7327616393141428,4
1767257989291083453,9.589601039800444,1.758474684898286,0.7025617197173322,0.7328134359429291,4
1767257989341259372,9.634767140727307,1.7463921851508557,0.7025959406481851,0.7327728160500564,4
1767257989416106918,9.614268323645536,1.759914460421254,0.7024837224997548,0.7328038630307312,4
1767257989541295850,9.634678671704421,1.7511248772211234,0.702524026638164,0.7327964522516985,4
1767257989615688504,9.787171425451046,1.8004570702820484,0.7025107101619271,0.7327884933218365,4
1767257989691258620,9.685730488917411,1.7637512579971768,0.7026067819753163,0.73275254193604,4
1767257989740991626,9.464001532606181,1.73378486092263,0.7023698624952753,0.7327410589107488,4
1767257989816686161,9.42759291722217,1.7174460478568838,0.7024495280841299,0.7327945872820117,4
1767257989941731623,9.618892617322627,1.796634945823946,0.702386074265069,0.732815998591648,4
1767257990016628799,9.613462549283302,1.7456464833254293,0.7026619999495792,0.7327961873642266,4
1767257990091017191,9.535560898067175,1.7249911886442935,0.7025724274126915,0.7328211878783758,4
1767257990141399037,9.673012211056209,1.7852178013008122,0.7024386472306859,0.7328276938500361,4
1767257990216336965,9.578867695643867,1.741231168645164,0.7024811096197968,0.732764331456751,4
1767257990291109761,9.642032995563099,1.7604845988888207,0.7024164825835426,0.7327347747390127,4
1767257990341446077,9.660950658041735,1.76957766780039,0.7025525340664006,0.7327572372405485,4
1767257990416326504,9.376629065094955,1.7410258671009227,0.7023478528664784,0.732829638144021,4
1767257990540871791,9.684362880431397,1.7526480143264163,0.7026120931316285,0.7327968676459943,4
1767257990616488424,9.588138354397424,1.7495194252649404,0.7025174984789263,0.7327728266532051,4
1767257990741452128,9.773124298680269,1.778448323728133,0.702599081452213,0.7327657601972133,4
1767257990816267318,9.621173862991883,1.749432071711712,0.7025589844434349,0.7328073436159465,4
1767257990891476214,9.742932443164932,1.757325017059838,0.702684359875267,0.7327884587049639,4
1767257990941107404,9.499957762423739,1.7737809089608867,0.7023229334928053,0.7327996581243047,4
1767257991016212156,9.706920269188512,1.7944649276992293,0.7024454968996497,0.732746846257832,4
1767257991090890754,9.487586433645113,1.7636157146970393,0.7022980236289268,0.732740681202116,4
1767257991140899147,9.511611784217333,1.7019422323556077,0.7025744166539817,0.7327758674910421,4
1767257991215973394,9.49230617538932,1.712662106512231,0.702520570860396,0.7327257525331335,4
1767257991341011633,9.706970687822224,1.7572940811979385,0.7026556614763967,0.7328615755131318,4
1767257991416527014,9.836663888023622,1.8040941643619,0.702570736845998,0.7327653961873484,4
1767257991541754542,9.47246579640726,1.737969115867075,0.7023585769776728,0.7327557421728826,4
1767257991616285816,9.675119665443543,1.7546629718212934,0.7026357532450618,0.7327765972124878,4
1767257991691110274,9.6351643846595,1.7546568036935832,0.7024812226088348,0.7327495778071585,4
1767257991740995640,9.499189314996492,1.7314418156604048,0.7025151709299622,0.7327884583276894,4
1767257991816332915,9.553040089824272,1.7496912738528558,0.7024881920138032,0.7327875406325571,4
1767257991891868233,9.696334124496996,1.7819079719881505,0.7025243460365768,0.7327808200693362,4
1767257991941593389,9.529493598063432,1.7596172479210679,0.7024358703193646,0.7328237686199677,4
1767257992091316281,9.680086305018154,1.7476146768680585,0.7025803966508366,0.7327669248893068,4
1767257992215801512,9.800844858480207,1.7737018290681812,0.7026354563780227,0.7327860594422835,4
1767257992291451725,9.690791259403198,1.7881595507113046,0.7025319642101637,0.7327787377065867,4
1767257992491247593,9.521563902752828,1.7034725622738518,0.7026003533102297,0.7327533480295239,4
1767257992540837187,9.485182881301292,1.7499303774982098,0.7024717954557278,0.7328045362176281,4
1767257992616494821,9.750825279037368,1.76367732964049,0.7024901666908199,0.7327435529690667,4
1767257992691468512,9.241571360238844,1.722967648471986,0.70231702495508,0.7328360954469054,4
1767257992741052987,9.736266593787125,1.7640799446137128,0.7026021074286682,0.7327911747728371,4
1767257992941070594,9.448855240527742,1.7361333505125849,0.7023534329401608,0.7327505817541518,4
1767257993015820658,9.51610172618289,1.7129054559868682,0.7025105635343319,0.7327974339397495,4
1767257993091588398,9.565872204782666,1.7853562242681495,0.7024202528020057,0.7328310666288899,4
1767257993215941554,9.378437500102033,1.7662467694071928,0.7022317915396808,0.7327676020397126,4
1767257993340818070,9.66027904567779,1.7738255026931307,0.7024577820403316,0.7327693551034709,4
1767257993491447221,9.520057198333154,1.717207565725921,0.7025151020049482,0.7328164911340747,4
1767257993540819496,9.664769543143548,1.7773104068702974,0.7025289986310355,0.7327583169289317,4
1767257993616385287,9.3845296919437,1.7215207218354032,0.7023149007482905,0.7327689711760572,4
1767257993691502382,9.600516260502733,1.7398298399449361,0.7025774213701307,0.7327487081311103,4
1767257993740820308,9.83460889740606,1.8068964449119318,0.7025876560167096,0.7327516287654663,4
1767257993816048297,9.580143446151101,1.7366221456290036,0.70250131046012,0.7327487070697458,4
1767257993890779831,9.748682883367387,1.784254922129895,0.7025815526848644,0.7327856991507404,4
1767257993941401885,9.810139233631388,1.7537148637990594,0.7026804350329656,0.7327680123051498,4
1767257994090882674,9.633654706814099,1.7172245968263644,0.7025500344657841,0.7327362874606536,4
1767257994141361962,9.56371307168502,1.7467826733211556,0.7024418094754968,0.7327283998397384,4
1767257994291470156,9.40145340255716,1.7480558859012532,0.7022732452839892,0.7327507109785188,4
1767257994490845909,9.631288881829292,1.7742263400002316,0.7024722222075441,0.7327714255712118,4
1767257994540852163,9.440698677924853,1.7147432770124686,0.7023951197716437,0.7327856947788941,4
1767257994616655245,9.528421604979243,1.7367068901506018,0.7024788518192805,0.7327849826751789,4
1767257994691252807,9.59607676418084,1.7541485007565536,0.7025177724051789,0.7327983308635108,4
1767257994741442000,9.45853704232702,1.7499075549550176,0.7023490927915547,0.7327619718118343,4
1767257994816279913,9.724283226279272,1.7839464690000286,0.7025985589942081,0.7327771824190298,4
1767257995090904242,9.773309085023051,1.8142752814728147,0.7024445060388322,0.7327596024290653,4
1767257995216390185,9.463123377740024,1.7551443504306952,0.7023217864186173,0.7328058940757621,4
1767257995341383002,9.508594164011509,1.7654795248859096,0.7024264879333099,0.7328150948215933,4
1767257995415816292,9.739950579053524,1.7849069507860955,0.702433768948869,0.7327030438139255,4
1767257995491130950,9.597252137133028,1.7502882705074807,0.7024663982560623,0.7327602230381398,4
1767257995541057092,9.605307307357759,1.7410873094831039,0.7025471519447648,0.732774992110637,4
1767257995616764092,9.54296187484205,1.7362563358926049,0.7024598944331866,0.7327688041279409,4
1767257995691556012,9.478794528617662,1.7550184084804359,0.7023269373870866,0.7327423635129698,4
1767257995740844173,9.539724869014998,1.751891759180702,0.702376776142778,0.7327358551912493,4
1767257995816690053,9.61285167619097,1.7129693999441475,0.702488454743649,0.7326849062119781,4
1767257995890906870,9.690256067954483,1.8015503921135994,0.7024886095689462,0.7327815671272263,4
1767257995941078261,9.620780662063844,1.7617728173597458,0.7025243265463581,0.7327718017516529,4
1767257996015977838,9.496255527372321,1.7522348536390477,0.7024531581121686,0.7328362476294801,4
1767257996091381910,9.55144586508705,1.7515778421742543,0.702567852124574,0.7328115253830515,4
1767257996141041710,9.693187353931986,1.7295610660847962,0.7025371348818386,0.7327483712096908,4
1767257996216098536,9.886521490148459,1.7603162494853783,0.7029187919712798,0.7327851355602965,4
1767257996290859863,9.687938158496445,1.7577377159638634,0.7025235596834921,0.7327606400030253,4
1767257996340797277,9.567633972847766,1.7654843458091272,0.7023969353214421,0.7327698665595527,4
1767257996491358189,9.659156488098786,1.7749166427559375,0.7024910191403706,0.7327667877161439,4
1767257996616542262,9.50625688832718,1.786839165304259,0.7021876655285507,0.7327318616519102,4
1767257996691275451,9.655815632868325,1.747139931203581,0.7025533372975534,0.7327523163691683,4
1767257996741369272,9.377927362486549,1.7431284440429808,0.7022572829868636,0.7327639081038193,4
1767257996816473888,9.664391927262649,1.774482219637319,0.7025155593165071,0.7327979598946233,4
1767257996891187957,9.664378409330986,1.8031368599676354,0.7023912901105889,0.7327239748179514,4
1767257996941226347,9.768991496065027,1.7873383109337524,0.7025976960385184,0.7327780787808044,4
1767257997016644690,9.536524822395753,1.7477604737637924,0.7025413870513807,0.732800457006933,4
1767257997216634211,9.54076582725416,1.749560201431296,0.7025371680766986,0.7328245949953276,4
1767257997340852075,9.642257713453283,1.7974362692530317,0.7023698737466811,0.7327740928910087,4
1767257997490846614,9.58717913599083,1.7662265000113093,0.7024663954845275,0.7327953802822015,4
1767257997615944210,9.397861623592352,1.709189351270304,0.7023743504063471,0.7327601845333735,4
1767257997691603909,9.537028246418998,1.7486217548205225,0.7024975730030235,0.7327819667953044,4
1767257997816347303,9.682112077052384,1.7872621172754792,0.7025263267547153,0.7328093677593454,4
1767257997890953004,9.544793642236705,1.7568878497314626,0.7024051117327051,0.7327774940085012,4
1767257997940675168,9.59127899924528,1.769311813193465,0.702394684077202,0.7327314682356756,4
1767257998016875611,9.631543952401067,1.7866111548835417,0.7024273006203638,0.7327822936563901,4
1767257998141376423,9.654553583037018,1.7704095149684969,0.7025634609729372,0.7327550960757412,4
1767257998216321491,9.73455762061759,1.747649825574825,0.7026271037996414,0.7327980297442955,4
1767257998291449139,9.591174870514752,1.747001688388519,0.7024940712593731,0.7327462367436182,4
1767257998416278911,9.804200292335974,1.7678013870364693,0.702678140150403,0.7327612285796327,4
1767257998491188037,9.648713269578057,1.756771248428087,0.7025628744663688,0.732772274338978,4
1767257998540919088,9.451642700441965,1.7066606502152106,0.7024364975951808,0.732776534753958,4
1767257998616519098,9.46513237014912,1.724927459979189,0.7024322292938991,0.7327726748871818,4
1767257998691422531,9.46860639913616,1.7522564743704727,0.7023363480764248,0.7327683088112622,4
1767257998740864306,9.605827448152414,1.7376594888211676,0.7025069883127576,0.7327317262610757,4
1767257998891359728,9.716335189845381,1.7909853929548485,0.7025797072984118,0.7328028964647455,4
1767257999016844072,9.631433976528104,1.7594086745428854,0.7025550981492995,0.7327437463179677,4
1767257999091376005,9.597762345681438,1.7809257129851874,0.7024909356505781,0.7327893403262716,4
1767257999341262873,9.500778266247956,1.746955051678071,0.7023873053337599,0.7327921008410921,4
1767257999415738241,9.667438908891658,1.7964990170257042,0.7025382698557676,0.7328168745841946,4
1767257999491239179,9.755636394672585,1.801479777658456,0.7024154141499837,0.7327069647612092,4
1767257999616530998,9.58150464832741,1.7399868656184405,0.7025031816670839,0.7327650303394744,4
1767257999691446977,9.586983289749051,1.760525511246204,0.7024679255843732,0.7327682661621409,4
1767257999816531052,9.760830031087853,1.7778295930500096,0.7026273371985893,0.7327002741090701,4
1767257999941287394,9.674808036428617,1.8112348837717651,0.7023526666632248,0.7327729415077809,4
1767258000016396936,9.567562708991284,1.7391105043572157,0.7025440191233139,0.7327466103498043,4
1767258000091706813,9.623314851654685,1.788650147095557,0.7023548000801321,0.7327821887967803,4
1767258000141641308,9.497511460921926,1.739664909921657,0.7023987104545687,0.732765657530296,4
1767258000216346070,9.66502096865629,1.746612866805875,0.7024884571089494,0.7326916461112413,4
1767258000416410852,9.851003897588972,1.7781056397675938,0.7026662297589122,0.7327642218728067,4
1767258000540946630,9.5217620894672,1.7645849370502305,0.7024131046594435,0.7327731563408106,4
1767258000615880149,9.67069937575793,1.775113661132167,0.7026233989834386,0.7328597052883061,4
1767258000690827737,9.582916134832974,1.7577144547561157,0.702536357475529,0.7328121334191232,4
1767258000741428137,9.445853441029994,1.7279851302744325,0.7023722165609884,0.7327638825216637,4
1767258000816310083,9.698113170372057,1.752827892818763,0.7025962291623112,0.7327578552521006,4
1767258000891612962,9.60306396178967,1.7884796249920374,0.7024002563403096,0.7328115549383447,4
1767258001016472165,9.428122517040837,1.7347207024795437,0.7023043287775507,0.7327717601733295,4
1767258001091239073,9.769432367991993,1.7505711510756337,0.7026673290599985,0.7327698752524447,4
1767258001140995849,9.47942865716367,1.756992302942775,0.7023801850211292,0.7327825083308389,4
1767258001290961902,9.688198968687,1.8236592378372871,0.7023512365997321,0.7327899243728022,4
1767258001340862739,9.7118819450015,1.7626631187389235,0.7025740562399647,0.732762834322898,4
1767258001541662081,9.462474338534644,1.7808907671354741,0.7022751932162966,0.7327932914131133,4
1767258001690741459,9.605098894736042,1.750441658409713,0.7025455587298508,0.7327667691084863,4
1767258001740795689,9.58693924289189,1.7507487552578942,0.7024966393977813,0.7327585793580956,4
1767258001816574187,9.530938057193072,1.7535802593498329,0.7024548559996684,0.7327835208761146,4
1767258001941513490,9.588593389812328,1.7668038576037326,0.7025793888786679,0.732847989847892,4
1767258002016522806,9.5631990909536,1.7517484485624892,0.7024488428337248,0.7328120930572436,4
1767258002091713346,9.420219366614857,1.7489777980169836,0.7023236678404476,0.7327402377263317,4
1767258002140932581,9.699806586361603,1.7612435866631584,0.7026958311519944,0.7328147084506026,4
1767258002216570940,9.518309603904429,1.7616197528523974,0.7023978003288558,0.7327871683202363,4
1767258002341241291,9.46454099531402,1.7561090607953653,0.7023404401837045,0.7327643591188959,4
1767258002416339763,9.64352833990545,1.775370630230991,0.7024215598922299,0.7327667434693337,4
1767258002491427040,9.602327673006172,1.7892271605766934,0.702422077835481,0.7327873627507339,4
1767258002540952001,9.529571934071779,1.742501791332196,0.702486337199001,0.7327573241619635,4
1767258002616151324,9.78574736644422,1.7789612797447167,0.7025565995868326,0.7327191442048832,4
1767258002690980488,9.641133253546986,1.7265788232222767,0.7025202375934645,0.7327220840431277,4
1767258002815882564,9.536027635879464,1.7262626315482013,0.7025155771395858,0.7327904589282488,4
1767258002891325205,9.674257935876508,1.7778285567837337,0.7025030119189377,0.7327833533046823,4
1767258003015928102,9.62667162608033,1.755839841571624,0.702486025288339,0.7327330416972949,4
1767258003141045292,9.67325732078439,1.7718544720411131,0.7025505707553403,0.7328196662710913,4
1767258003216078139,9.433365471740673,1.7265400760354814,0.7024092786225749,0.7327840750035353,4
1767258003291339045,9.593691977050621,1.764089889524849,0.7025143148364698,0.7327842040497553,4
1767258003340795898,9.764371496865266,1.7956439401854452,0.7025440734802364,0.732789776339087,4
1767258003415934588,9.675658038903133,1.7981022927077637,0.7025055562180924,0.7327973291288277,4
1767258003491315721,9.81504453982296,1.832778830579931,0.7025371189472671,0.7327830887479563,4
1767258003540954373,9.723784260893265,1.7367162463836077,0.7026369489371892,0.7327194799958019,4
1767258003616576624,9.648492305017964,1.7525103210243023,0.7025384313813353,0.7327468099084624,4
1767258003690871217,9.33004732173015,1.7285069914131284,0.7022656029456995,0.7327848975208526,4
1767258003740967096,9.54227693526577,1.7132719256367088,0.7025747524751443,0.7327856955098774,4
1767258003816212198,9.600822114757657,1.76947600102724,0.7025032862170564,0.7327637954459453,4
1767258003891367333,9.571476470821683,1.7497019446858106,0.7024246931437629,0.7328131320739527,4
1767258003941497207,9.7178625427643,1.7786945701119947,0.7025952376964423,0.732767062521739,4
1767258004016487261,9.62354566869239,1.770478561736745,0.7024888724831733,0.7327550500727266,4
1767258004141381069,9.601060313319977,1.744246837621612,0.702502929704612,0.7327712037343711,4
1767258004216338109,9.724420179134775,1.7527851486092865,0.7026233105132689,0.7327848331034297,4
1767258004290860259,9.61212645107057,1.7416244653750583,0.7025087782030759,0.7327519222353476,4
1767258004340724509,9.763439378871809,1.7377645174613012,0.7026318300909753,0.7326942615603695,4
1767258004416435785,9.794457810114675,1.7972440281351798,0.7026640725360863,0.7327749406089052,4
1767258004491351774,9.464597125819152,1.7614868603053395,0.7023461910755783,0.7327848185496512,4
1767258004541535466,9.751641711225556,1.7784972820259068,0.7026051930083459,0.7327707337399211,4
1767258004691556836,9.687565683182742,1.7642276489855637,0.7025431881849872,0.7327434519939529,4
1767258004740851633,9.781321392750787,1.8081632906092473,0.7024963473731851,0.73275171266891,4
1767258004815981729,9.681413765894042,1.7867202978420178,0.7023715117125433,0.7327280561164013,4
1767258004891329023,9.381893005955156,1.745249904254432,0.7023025072024411,0.7327861323171191,4
1767258005091103580,9.748897534637035,1.8184814880717393,0.7025375295288883,0.7328203824135999,4
1767258005141430827,9.496236120381862,1.7463255129462596,0.7024154049972025,0.7327623176549886,4
1767258005216551509,9.422945762867618,1.7028256098247059,0.7024336381943124,0.7327542623751186,4
1767258005291534419,9.338543876861838,1.735106614609748,0.7022937903432005,0.7327743591029415,4
1767258005341091138,9.603615361007733,1.7803211943191461,0.7024454395883255,0.7327960997849376,4
1767258005416042833,9.595245732778924,1.7660775740497665,0.7024974951110299,0.732803676559663,4
1767258005540894202,9.520042374626115,1.7910169623934937,0.7023953572697709,0.7328329565610416,4
1767258005690890575,9.888844583227918,1.7736910159013808,0.7028248955756309,0.7327732104472232,4
1767258005816235623,9.585416073029872,1.7636093035882983,0.7024364105793938,0.7327967955222717,4
1767258005890654236,9.801176616314411,1.7902904110847042,0.7026181437844328,0.7327338083702973,4
1767258005941494312,9.510846638353776,1.7268569246401764,0.702507658883556,0.7327908582482744,4
1767258006016460716,9.565657091971659,1.7794610661061854,0.7023118562714757,0.7327832733198714,4
1767258006290890961,9.468296293938195,1.749966434565067,0.7023065301198852,0.7328046837526098,4
1767258006341200871,9.726634160706627,1.7835259963900174,0.7026131797869883,0.7328081620211496,4
1767258006416527924,9.751331715417532,1.766031075853583,0.7025339760280908,0.732685449018901,4
1767258006491412119,9.652276237438805,1.768301066756613,0.7025516591172699,0.7327501830712906,4
1767258006541253557,9.853013882778484,1.758979301251847,0.7028316313527326,0.7327992342481302,4
1767258006615921955,9.49372670438886,1.7175540430246727,0.7025551587639459,0.7327565420523641,4
1767258006741507765,9.79380706534927,1.7742989079082565,0.7026827639898222,0.7327828112142057,4
1767258006891315140,9.779046126193291,1.7735402224927175,0.7027433932900226,0.73276606237963,4
1767258006941455028,9.807591957158301,1.7507607547775184,0.7026345410417641,0.7327511715018329,4
1767258007091432388,9.691211013096336,1.7419415029508725,0.702717621379978,0.7328158993299669,4
1767258007140953560,9.579152388529245,1.7560741089777097,0.7024816640589011,0.7327859378082683,4
1767258007216416037,9.608793108177638,1.7572258083670447,0.7024475427564244,0.732746906664041,4
1767258007290968864,9.877156297414702,1.8296954607223503,0.7024675617533046,0.7327577355377156,4
1767258007415913523,9.552940234247021,1.7684592844373743,0.7022851436266005,0.73271092248306,4
1767258007490808339,9.561539143556509,1.7400062048315237,0.7025469531971547,0.7327962059161501,4
1767258007541108416,9.612791899708096,1.7690555591073516,0.7024346781230532,0.7327498861729427,4
1767258007616422612,9.58831036963559,1.79134610258172,0.7023258406673141,0.732823568764842,4
1767258007691445553,9.676751440355403,1.7591731176591834,0.7025420667997134,0.7327623105184551,4
1767258007741374218,9.594365880524315,1.7400708837551078,0.7024966545392993,0.7327358187547444,4
1767258007815799239,9.677043051440016,1.7522106594834246,0.7025003741423811,0.7327227952227066,4
1767258007941372218,9.623002673246672,1.7652649586508495,0.7025034162289739,0.732779983821453,4
1767258008016136896,9.497510949755261,1.7499785089616096,0.7024135885469011,0.7327867480910174,4
1767258008091425051,9.820439528102076,1.7735880721133128,0.7026996305548123,0.7327805398352439,4
1767258008141514891,9.735836766541105,1.7813552476360834,0.7026102979288347,0.7327810822028532,4
1767258008216641421,9.50212622177149,1.7493304270026113,0.7023526532624681,0.7327501172145039,4
1767258008291349108,9.669073713267306,1.7465258172289926,0.7025954831861765,0.7327711969600788,4
1767258008491394470,9.793878057619999,1.782194048750038,0.7026358117598717,0.7327417294976899,4
1767258008541126923,9.678788596989673,1.754368438230411,0.7025944919225434,0.7327652420908787,4
1767258008616266801,9.727512754006518,1.8030290518195438,0.7024346933430475,0.7327746158966688,4
1767258008691009054,9.531263098993437,1.7938344554914087,0.7023423499567107,0.7328033910472141,4
1767258008740765112,9.5236561428107,1.739619261254396,0.7024121702018614,0.7327301891771164,4
1767258008815892492,9.894208686531458,1.7937033186432192,0.7027598186127173,0.7327519271631152,4
1767258009216618503,9.413538761547159,1.7503601813233625,0.7023520662291638,0.732784183334463,4
1767258009291609417,9.623017713449201,1.7543987609475205,0.7024669404094983,0.7327750896393211,4
1767258009490711106,9.436193395574222,1.7355274635925673,0.7023292942567065,0.7327472505620065,4
1767258009540784624,9.752549407570644,1.7661635440086096,0.7025965916393284,0.7327143443945405,4
1767258009615807601,9.68033298731774,1.767786920033768,0.7024350501492952,0.7327336367767222,4
1767258009691444985,9.534930297341205,1.6986265260562239,0.7025844219705865,0.7327564366180058,4
1767258010016271697,9.710386234053736,1.7493027091032203,0.702707369167945,0.7327765953171305,4
1767258010216777338,9.698459374777201,1.7827997425270816,0.7024597990896558,0.732757329352651,4
1767258010290897316,9.585026453484137,1.7538503215210073,0.7025180771751888,0.7328329206988194,4
1767258010416017556,9.461176108780943,1.7585480905066757,0.7024115181821601,0.7328074578712792,4
1767258010490630524,9.589112208516992,1.7699543589767537,0.7024106199186194,0.7327539142852405,4
1767258010540825995,9.64858158433779,1.7567664872984965,0.7025280371124476,0.7327137584573361,4
1767258010616451740,9.373174976762266,1.7260666964140148,0.7024065319471798,0.7328364947489181,4
1767258010690749144,9.700101543958727,1.7888611741486686,0.7025133165195758,0.7327847662146073,4
1767258010740794215,9.772719484729242,1.7863953099122005,0.7025933745397909,0.7327339708381382,4
1767258010890691172,9.609839708611956,1.7814419436420692,0.7024795203908994,0.7327581360330846,4
1767258011016648873,9.650930876907161,1.758370607182832,0.702593896460926,0.7328055383461984,4
1767258011090818027,9.677480542644057,1.756180466353823,0.702627070668366,0.7327593531129368,4
1767258011141547538,9.602402635268458,1.7575832752995406,0.7024634856972866,0.7327403660829709,4
1767258011216551830,9.650724361972118,1.7630164801030987,0.7025550709261097,0.7328096678470797,4
1767258011291018500,9.715644534306179,1.799190188145324,0.7025338801989532,0.7327887016776846,4
1767258011490905770,9.555747788600799,1.7908797275145167,0.702354522451284,0.7328125086285965,4
1767258011540697776,9.744347594501379,1.7629433975806383,0.7026329934397383,0.7327611732093571,4
1767258011615747253,9.544553264845156,1.7296909090446413,0.7024191934515355,0.7327199247471442,4
1767258011741377155,9.680374489286493,1.7713062270636537,0.7025153740660333,0.7327896159733568,4
1767258011891452684,9.80283501820245,1.7407397081151228,0.7026893591129897,0.7326977423976607,4
1767258012016569337,9.737477074236,1.7702790399697614,0.7026552733270129,0.7327773744716285,4
1767258012091455541,9.763256837883482,1.7915783271081382,0.7026021180474481,0.7327633760921147,4
1767258012216209083,9.61459398522091,1.7647494101913477,0.702535396747575,0.732785199648396,4
1767258012291598202,9.572613225052763,1.7618275541008765,0.7024658855816952,0.7328154431204911,4
1767258012340853822,9.43673677709267,1.7176077616798455,0.7024079385667793,0.7327424989157213,4
1767258012416420319,9.643395180755633,1.7731674149811407,0.7024700943885773,0.7327562039687584,4
1767258012490684824,9.575197963201276,1.7417868061415431,0.7024597796725955,0.7327682986057941,4
1767258012540767986,9.703802207453705,1.7963634328135192,0.7024871809765061,0.7328001031787936,4
1767258012615859220,9.575376957411175,1.7358260519870887,0.7025649628097002,0.7327366817430045,4
1767258012690814053,9.719479475367887,1.7954475918407387,0.70248038562935,0.7327495621719873,4
1767258012740766829,9.572602913607064,1.7381143006121171,0.7025117399881217,0.7327699111486762,4
1767258012815835628,9.680690621642118,1.7801086229918475,0.7024497815820544,0.7327615813036515,4
1767258012891399148,9.793067773701258,1.7983996804063407,0.7026179389220801,0.7328038310516891,4
1767258012941333161,9.526709442817193,1.7674381414125622,0.7025088383735358,0.7328327177237787,4
1767258013016159639,9.59676396350362,1.7646405495288084,0.7024405428271436,0.7327011666345878,4
1767258013141588588,9.819381514759362,1.786132731777367,0.702558500077982,0.7327537496456766,4
1767258013216479633,9.753602182986821,1.7787893574660982,0.7025435456942543,0.7327540463013148,4
1767258013341239506,9.626678577832838,1.7550307108672816,0.7025159281257075,0.7327467099571633,4
1767258013490948993,9.457087855430313,1.7428836981738238,0.7023712497970176,0.7327868812445034,4
1767258013541269781,9.43509149593913,1.75316818960233,0.702341685024079,0.7328005150482467,4
1767258013615802193,9.54227132122143,1.7749297985787917,0.7024201138109342,0.7327815898398479,4
1767258013690902982,9.72714042629541,1.7722293841304406,0.70253110946233,0.7326966490760898,4
1767258013740980332,9.468244601148811,1.7308249321557705,0.702392448506784,0.7327604797469185,4
1767258013891024073,9.690346582166388,1.7781939528538973,0.7024608148274598,0.7327557482812147,4
1767258013941598623,9.502644190158893,1.7702230974965172,0.7023544242531263,0.7327751885650287,4
1767258014016518925,9.544046275310137,1.7803274700791376,0.7023965374356029,0.7327814435000811,4
1767258014090839953,9.409266295679842,1.7388223437600756,0.7023625656947812,0.7327733921092922,4
1767258014216355353,9.599965983160708,1.7452571475863488,0.702519694955526,0.7327623996116398,4
1767258014290970047,9.68077850662208,1.7505040780548435,0.702598145792826,0.7327860933297968,4
1767258014416337785,9.663295190963318,1.8029438775606317,0.7024236115725331,0.7328003594405391,4
1767258014491287900,9.59459253848971,1.7688441721657417,0.7024205078870168,0.7327452513762321,4
1767258014541076632,9.487791279729318,1.7730311973229298,0.7023120635222285,0.7327512813194614,4
1767258014615777241,9.655165998628812,1.7650365241695263,0.702525046457414,0.7327825523075101,4
1767258014691310697,9.604023473419376,1.7742641744698515,0.7024541696879062,0.7328165933123016,4
1767258014740853525,9.795506518844421,1.790682068785513,0.7025543689959314,0.7327421499989788,4
1767258014891221380,9.498104945283137,1.7914730915696544,0.702297983046468,0.7327645877434941,4
1767258014940947828,9.720826554351468,1.792829177825339,0.7024454797999627,0.7327280750812764,4
1767258015090883100,9.763963893650086,1.7634506531506224,0.7026696098972268,0.7327624780657533,4
1767258015216593261,9.717837888851832,1.7909222184883067,0.7024722923463569,0.7327462512019233,4
1767258015291028979,9.365114499395922,1.7584957045139762,0.7022328691821259,0.7327492274880308,4
1767258015340786815,9.695630626507024,1.7914968477174722,0.7024223955453166,0.7327414324583246,4
1767258015491385265,9.313170258833381,1.7217281823659971,0.702325246634077,0.7328124168172225,4
1767258015541377588,9.586713567192318,1.7920730821158823,0.7023803877326893,0.7327841276907224,4
1767258015741063579,9.5888248410102,1.7903349336981038,0.702439592331916,0.732813799084379,4
1767258015891431720,9.653289212401939,1.7617242324432896,0.7025317484776505,0.7327818082368609,4
1767258016015997498,9.539683533374866,1.744377215630769,0.7024269014023863,0.7327494685177188,4
1767258016141300129,9.689033260246394,1.7924158442796054,0.7025028601753487,0.7327942369117076,4
1767258016291334139,9.620168958182296,1.7225358847890215,0.7025003209941055,0.7326834116455762,4
1767258016416213157,9.636770038410347,1.76590225124168,0.7025105046499641,0.7327881962396876,4
1767258016491545256,9.579675596152914,1.7577376657568549,0.7024660021366017,0.7328115103503519,4
1767258016541517565,9.608924483508696,1.7383078647434484,0.7025626900045249,0.7327785103834519,4
1767258016616404983,9.504982306343335,1.7748299225320239,0.7024112414321653,0.7327867656300032,4
1767258016740828757,9.674025921586505,1.7560299609095131,0.7024487877959243,0.7326976662858165,4
1767258016815806443,9.67303616410964,1.7493444075101834,0.7026892463616842,0.7328135913289502,4
1767258016890836940,9.559304863209771,1.7637221080029784,0.702418420750576,0.7327446740609229,4
1767258016941447571,9.478710490436693,1.7772383213546492,0.7023413424596238,0.7327957951608511,4
1767258017016235321,9.714921266346654,1.7812703831905818,0.7025315772545873,0.7327530704744536,4
1767258017216360754,9.437279851362002,1.708811218103934,0.7025407405435011,0.7327679013640435,4
1767258017291321513,9.644512621576173,1.7524067594051795,0.702542195763569,0.7327449480462773,4
1767258017341256047,9.497935055451157,1.737583638407123,0.7024512715925202,0.7327533706410758,4
1767258017415828828,9.526798730419173,1.7607686573924168,0.7024793215473468,0.7328080689697715,4
1767258017491422849,9.74254632859095,1.751358369108894,0.7026937329817599,0.7327918550632138,4
1767258017541353827,9.532609353910203,1.7548703146997566,0.7023392161007012,0.7327525039156814,4
1767258017616308243,9.561257134394152,1.7495425876969666,0.7024503371623775,0.732771676585808,4
1767258017691395462,9.722604219435492,1.783944065080211,0.7025132465435875,0.7327399530437309,4
1767258017741375621,9.568387868694295,1.7599265240221524,0.702390903079953,0.7327355616115652,4
1767258017816386205,9.55892109116463,1.7770365434744506,0.7024647274739734,0.7327933104841947,4
1767258017891326099,9.547895844721266,1.7431132625567607,0.7024736171581393,0.7327530456147163,4
1767258017941404859,9.693085867488737,1.7532872516775992,0.7026885204524619,0.7327653521059874,4
1767258018091332919,9.701439143996016,1.7683532908620903,0.7025507608503551,0.7327465597806011,4
1767258018141174943,9.599024553068713,1.7290516434866652,0.7026021707370073,0.7327737299864555,4
1767258018291457562,9.66319926217718,1.7398198107211222,0.7025841101495217,0.7327349205487226,4
1767258018541175104,9.4376133709424,1.7420242930670573,0.7023976700347611,0.7327997458469031,4
1767258018616326059,9.66672648647915,1.7748974765856589,0.702484043796916,0.7327866334003452,4
1767258018741297030,9.732795263214577,1.8042772870729324,0.7023565884862591,0.7327120259384793,4
1767258018816397265,9.696291662438906,1.767262463166538,0.7025667216766909,0.7327906061427385,4
1767258018890798168,9.594497451743344,1.7257428419527385,0.7026277638858924,0.7327494195460282,4
1767258018941318410,9.558258668871279,1.744937286631682,0.7024679501311673,0.7327634905680975,4
1767258019016425270,9.513433572096886,1.7392738848512626,0.7024132917587419,0.7328057373829012,4
1767258019144465878,9.515654728655232,1.725216548237562,0.7025549115904415,0.7327943915354584,4
1767258019216537322,9.581913971303369,1.7760183250648127,0.7023860036926476,0.732745299655717,4
1767258019291199765,10.041460681699089,1.8271773770216744,0.7027399230639222,0.7327207986443357,4
1767258019341355496,9.71476442606134,1.8057473834472386,0.7024825174479222,0.7327539005655506,4
1767258019416200920,9.654307330143496,1.7692474139036312,0.7025981990325215,0.7328079249254706,4
1767258019491179933,9.84203444046894,1.7626606994506948,0.7026490300190161,0.7326778960956991,4
1767258019541289023,9.723467727603241,1.7652033714142965,0.7025835316189231,0.7327512175318672,4
1767258019616472747,9.56568626828702,1.7757482051820013,0.7023993302128242,0.7327777727522176,4
1767258019691437107,9.657319251178409,1.7663432607300966,0.7025468783820273,0.7327475486175355,4
1767258019741647884,9.634488780056238,1.7410767547975503,0.7026185936667626,0.7327794211425916,4
1767258019816504372,9.735462999195367,1.7590501401392997,0.702600463301909,0.7327452736050851,4
1767258020016350387,9.689172363985922,1.7788663861022262,0.702532752744562,0.7328022677057845,4
1767258020291814654,9.529020146255117,1.7672488288415218,0.7023549725010385,0.7327917530094835,4
1767258020340846482,9.456826683856502,1.7665174445405323,0.7022810629545183,0.7328187077812608,4
1767258020540715874,9.58735590726878,1.744463356388803,0.7024437610941314,0.73273143676378,4
1767258020615729430,9.578696335378778,1.726531839634388,0.7025902777764241,0.7327878472733593,4
1767258020691360561,9.668291015620722,1.7720939874863972,0.7025184121516461,0.7327594292218508,4
1767258020816420599,9.613736445662436,1.7593172363205223,0.7024591996800268,0.7327346225932323,4
1767258020891208149,9.554925561727877,1.7786350041624004,0.7024388869944923,0.732787881849988,4
1767258021016413177,9.719222600790168,1.773898789927646,0.7024677288644262,0.7327222357896547,4
1767258021091627353,9.66453379949128,1.7717719527148172,0.7025756800859192,0.7327938835797871,4
1767258021215958672,9.817878688760384,1.8159330566587013,0.7025712537498134,0.7327847408955036,4
1767258021291447679,9.699295824470378,1.7665237130775477,0.7026602287915007,0.7328300955948773,4
1767258021490997890,9.765505699380505,1.7633579382850444,0.7026759104139682,0.7327540651505029,4
1767258021541240211,9.443372286971119,1.7443483421014092,0.7024050831535843,0.7327841210174736,4
1767258021616413223,9.596863848168603,1.752651661444618,0.7025001729758787,0.7327866051951477,4
1767258021740895374,9.557260493524344,1.7567332894531464,0.7024851103801987,0.7328231289146452,4
1767258021816003643,9.595975672614498,1.8028814251127936,0.7023112268510253,0.7327378498730396,4
1767258021940809366,9.711504303497653,1.7631732297431284,0.702612532536291,0.732789832958918,4
1767258022016661155,9.60934323646434,1.7612914834214661,0.7024821580631376,0.7327576662523405,4
1767258022091041226,9.517667028755783,1.7417599623948012,0.7024166601636999,0.7327277510623743,4
1767258022290870702,9.843153800868421,1.7922222848575657,0.7027210548880342,0.7327939290505094,4
1767258022541554441,9.973219098993734,1.7943645980076843,0.702704345351357,0.7327443303110979,4
1767258022691332188,9.672926775330936,1.7722456724622206,0.7024635745638311,0.7327336758006644,4
1767258022740778573,9.807915060404238,1.7388588377640524,0.702763948096702,0.7327215884594762,4
1767258022815746997,9.639632498998463,1.7348013734625292,0.70255259949534,0.7327063745330306,4
1767258022940905137,9.497446494343142,1.719854089241475,0.7025366201388569,0.7327867443980285,4
1767258023016020767,9.537158408767121,1.7285642031307011,0.7025408708147561,0.7328015242595658,4
1767258023140824214,9.53863769358787,1.7237519914629709,0.7024680841615022,0.7327151234219671,4
1767258023415741279,9.732932663299888,1.7913144990636631,0.7025015217806009,0.7327664352858356,4
1767258023490850847,9.609067186770236,1.719010949890339,0.7025654758528593,0.7326827224605723,4
1767258023615758395,9.89970153023545,1.8025520015218908,0.7026182243058401,0.7327508670571727,4
1767258023741398918,9.613657441148726,1.7843535540893178,0.7023279703445979,0.7327597187940045,4
1767258023890836152,9.73746021495514,1.7629704039339542,0.7026153682908224,0.7326987994017602,4
1767258024015655426,9.74195400159006,1.781082105374508,0.7025181244819926,0.7327215188558013,4
1767258024215974771,9.566599345668392,1.744527664972894,0.702512716631678,0.7327855768513977,4
1767258024290781006,9.54822755412943,1.7761963869648931,0.7022969239948106,0.732753002259914,4
1767258024416380326,9.52138080652054,1.7362357950113116,0.7025301116691945,0.7327667045344877,4
1767258024491239280,9.59759902521229,1.7765772173133814,0.7023586035310164,0.7327572012510822,4
1767258024540773891,9.61185508288953,1.757612480186253,0.7025723281005439,0.7327530721286974,4
1767258024690883629,9.68739819738651,1.7942004470698272,0.702443782979413,0.732744093156727,4
1767258024741344642,9.74160754299158,1.7877227721775757,0.7025515318345245,0.7327735533232905,4
1767258024890678490,9.817614939173879,1.778211986510413,0.7027574345233628,0.7327917325051362,4
1767258024941340208,9.860507976945932,1.7659880898387426,0.7027574345233628,0.732742334796806,4
1767258025016422289,9.708904812377517,1.7496967194675264,0.7026100510587908,0.7327486186417881,4
1767258025091432316,9.717302697180408,1.7542625499841338,0.7025655969181092,0.7326999397551738,4
1767258025140811558,9.717302697180408,1.7542625499841338,0.7025655969181092,0.7326999397551738,4
1767258025216424333,9.483528344800485,1.73045490509062,0.702487316384018,0.7327742643087515,4
1767258025291373894,9.545690576202247,1.7837078125297805,0.7022429568385178,0.7327367017534937,4
1767258025341437820,9.545690576202247,1.7837078125297805,0.7022429568385178,0.7327367017534937,4
1767258025416383765,9.606483911357211,1.7299894433951735,0.7025721255411033,0.7327614338981789,4
1767258025690867207,9.625226995808589,1.793227235337449,0.7025269118303342,0.7327961467854168,4
1767258025741124583,9.625226995808589,1.793227235337449,0.7025269118303342,0.7327961467854168,4
1767258025891358203,9.486146651307315,1.7539156258385709,0.7023443678658994,0.732725526344907,4
1767258026015720629,9.67446398748384,1.743597120244281,0.7026470201092138,0.7327876278494344,4
1767258026091342499,9.688450847875728,1.7765063398044043,0.7025501152824185,0.7327518841198971,4
1767258026140834614,9.580282319972543,1.770481656340318,0.7024636382650382,0.7327994857018644,4
1767258026215932106,9.811994043028793,1.7883157404934107,0.702587107501834,0.7327606378303786,4
1767258026341375703,9.706544719698783,1.7666019820986012,0.7026126611928667,0.7327884676337536,4
1767258026416369477,9.585399346802248,1.7798683479882609,0.7023240637237195,0.7327746021448083,4
1767258026615984894,9.601890938040757,1.7751589556515595,0.7024579091567442,0.7327791530618917,4
1767258026690781272,9.522213469051021,1.7532263578953642,0.7023744476719547,0.7327253120784165,4
1767258026741269452,9.761275333681985,1.761909553159462,0.7026714394196759,0.732724117199986,4
1767258026816009302,9.583584115814393,1.7489033353148424,0.7024509091840389,0.7327249810151033,4
1767258026890557523,9.597184113429801,1.745542752545429,0.7024566904770522,0.7327540365448637,4
1767258027090868403,9.589412306548084,1.7571638706503212,0.7025167440354572,0.7327754225596155,4
1767258027216045966,9.712923645389115,1.7773049926433049,0.7025693348394004,0.7327554741620654,4
1767258027416439222,9.25251502342961,1.7266004944674507,0.7022648672652874,0.7327969239347009,4
1767258027491349750,9.581163597789931,1.7750815204604367,0.7023874588965136,0.7327571801025772,4
1767258027541122011,9.792818367312272,1.7891980742167224,0.7025972031717788,0.7327438851034953,4
1767258027616388734,9.425771278576022,1.742270623988096,0.7024177827030321,0.7328267939455627,4
1767258027691316080,9.755749827979333,1.7480673840787755,0.7026006810142581,0.7326831148890873,4
1767258027740829601,9.668881324961687,1.7678329662543764,0.7025364478814341,0.7327044409215606,4
1767258027890809084,9.649986886325124,1.7833004851535506,0.7024328219172336,0.7327270921057775,4
1767258028016017212,9.61196725619262,1.7651464778786001,0.7025018893406378,0.7327766632408895,4
1767258028090807176,9.518980098335405,1.7759514757542973,0.7023101224970018,0.7327512939254113,4
1767258028140815906,9.524749858239367,1.7489248449295367,0.7023101224970018,0.732742442863766,4
1767258028215706238,9.523664782738916,1.7854799257292033,0.7023545148982506,0.7328016001325998,4
1767258028541286575,9.569582466436021,1.7688679335825395,0.7023813172844783,0.7327567291051285,4
1767258028615942438,9.64177959579593,1.7591170544660357,0.7025493489564804,0.7327933996266375,4
1767258028691106428,9.659926577691547,1.7544577321486925,0.7025237374154877,0.7327742646018202,4
1767258028741273334,9.659926577691547,1.7544577321486925,0.7025237374154877,0.7327742646018202,4
1767258028816113211,9.649650505372808,1.7822299415391782,0.7024571194130309,0.7327982862389544,4
1767258028891061276,9.827812724765517,1.8011656734706905,0.7026760063958968,0.7328009055584859,4
1767258028941205755,9.731046542625133,1.7674116131291622,0.702602307902396,0.7327485588610011,4
1767258029091630955,9.456077273700124,1.7775325116095282,0.702392799494401,0.7328182199232179,4
1767258029141116534,9.467310437077714,1.7509603322080305,0.7023645664433243,0.7327942996090772,4
1767258029290800609,9.739745637347252,1.8149645809103054,0.7025031258315733,0.7327870337994659,4
1767258029615778451,9.63789109874902,1.7881360655910672,0.7024594023060052,0.7327708108646506,4
1767258029691092656,9.709439862605084,1.7658865343935348,0.7026240188242756,0.7327971605724277,4
1767258029890837231,9.73473821797044,1.7531119585092794,0.7026293254749911,0.7327295553998463,4
1767258029940663458,9.73473821797044,1.7531119585092794,0.7026293254749911,0.7327295553998463,4
1767258030015589375,9.436195373105583,1.780115033156954,0.7021718944303219,0.7327676251423816,4
1767258030091299511,9.787823165744559,1.744707032534847,0.7027246471424079,0.7327298747168597,4
1767258030216250429,9.458305239651633,1.7492666938864132,0.702360727211347,0.7327988080173569,4
1767258030290878258,9.660501635988306,1.786381268129061,0.7025044064036533,0.7327545667262877,4
1767258030341676333,9.660764383212172,1.7792671755367044,0.7025044064036533,0.7327566463260005,4
1767258030416147578,9.454436612153394,1.7426459363220683,0.7024148807554083,0.7327496290517278,4
1767258030616415053,9.751278753591164,1.777811519054734,0.7025820985424773,0.7327271904961493,4
1767258030690665935,9.771677450690962,1.7557759777155697,0.7026150469097904,0.7327118138813344,4
1767258030816018881,9.72726572779159,1.7820350006309236,0.7027018789772705,0.7328162280527596,4
1767258030890766200,9.649016208754801,1.7426910835327327,0.70252336982258,0.7326565294891625,4
1767258031015563232,9.732212205264767,1.7696266045235571,0.7025948606061424,0.7327605353791977,4
1767258031216004714,9.70146293022578,1.7723754167690238,0.7025830025874429,0.7327885201531392,4
1767258031291080080,9.539693891209344,1.793346884371438,0.7023589954500639,0.7327968525639047,4
1767258031341053751,9.539693891209344,1.793346884371438,0.7023589954500639,0.7327968525639047,4
1767258031491245458,9.63746514534225,1.754724746167874,0.7025755586396355,0.7327876846197691,4
1767258031541455770,9.765780877500907,1.7651407019649659,0.7026444044040763,0.7327479324593291,4
1767258031616749059,9.704442373453691,1.7791448091526563,0.7026287602236613,0.7327899872358999,4
1767258031891127847,9.85329847655525,1.8172221024325803,0.7025655534164631,0.7327036041783987,4
1767258031941895850,9.724625018949663,1.8084219818694913,0.7025655534164631,0.7328345339867686,4
1767258032016280967,9.612118463067088,1.7571439548762364,0.7025561914276296,0.7327979817632612,4
1767258032091554635,9.397152702093848,1.739078082936047,0.7022578400016511,0.7327155430181255,4
1767258032141355511,9.397152702093848,1.739078082936047,0.7022578400016511,0.7327155430181255,4
1767258032215687725,9.439634437260258,1.7715360513643799,0.7022139985108452,0.7327369493696982,4
1767258032415778214,9.583366293719141,1.769265715392202,0.702425493497662,0.7327550020821363,4
1767258032491240721,9.549425252166287,1.777451508433229,0.7023716024793769,0.7327870441463958,4
1767258032540728597,9.616682669934317,1.7610031340096726,0.7023716024793769,0.7327111534149154,4
1767258032616118412,9.461078327403838,1.7322622559098635,0.702356630398841,0.7327522777124544,4
1767258032816349321,9.928764320751625,1.765959921660092,0.7027555305064982,0.7326819122296951,4
1767258032891376120,9.598910077432077,1.7663817258687198,0.7024277116654194,0.7327365979786392,4
1767258032940839235,9.598910077432077,1.7663817258687198,0.7024277116654194,0.7327365979786392,4
1767258033016279379,9.652872534395506,1.7676987804900508,0.7024524339826264,0.7327387498365081,4
1767258033416342222,9.77249937967606,1.81222188068244,0.7025447712437989,0.7327812758102071,4
1767258033816475768,9.566109976019476,1.7784846351490053,0.7023425681232008,0.732750957090068,4
1767258033891141852,9.498086451350085,1.7577046246085877,0.7023432589814435,0.7327290091028094,4
1767258033941888991,9.480232507029784,1.7618164642168717,0.7023432589814435,0.7327476431385578,4
1767258034016566894,9.665626566672692,1.7576769760820237,0.7025319704014331,0.7327625341381773,4
1767258034091371068,9.795089807928537,1.8166781685517808,0.7025184016304703,0.7327494480261371,4
1767258034141410370,9.795089807928537,1.8166781685517808,0.7025184016304703,0.7327494480261371,4
1767258034216438593,9.667651181165414,1.7581231710230425,0.7025602780019415,0.7327282036408199,4
1767258034291059483,9.673824655336505,1.7746724475555335,0.702500783428188,0.7327960984875145,4
1767258034341640878,9.673824655336505,1.7746724475555335,0.702500783428188,0.7327960984875145,4
1767258034416361930,9.684421111487929,1.7554141351338846,0.7026100740894102,0.7327373101270803,4
1767258034490830638,9.476261893887505,1.75347812211072,0.7024242944022555,0.7327819122006889,4
1767258034540692436,9.476261893887505,1.75347812211072,0.7024242944022555,0.7327819122006889,4
1767258034616421344,9.8090962319467,1.7894147921923735,0.7025917588460939,0.7327722032414287,4
1767258034691328414,9.670248285091443,1.7555817743455961,0.7024411702677931,0.7327006423983895,4
1767258034741656248,9.670248285091443,1.7555817743455961,0.7024411702677931,0.7327006423983895,4
1767258034891133750,9.610946394140619,1.7492165395101202,0.7025611575499581,0.7327714550798542,4
1767258034941039510,9.59159745134075,1.747543364779832,0.7025611575499581,0.7327921035977427,4
1767258035016215912,9.655104031639938,1.7863261189078004,0.702489521296305,0.7327710211932361,4
1767258035090676180,9.574268230548855,1.788012987113653,0.7023350071396236,0.7327599225384729,4
1767258035140932895,9.574268230548855,1.788012987113653,0.7023350071396236,0.7327599225384729,4
1767258035216327527,9.626993011419227,1.7414862505840198,0.7025779180493118,0.7327232345904166,4
1767258035415751668,9.560700891157348,1.763205704582533,0.7024013672510907,0.7327763128279708,4
1767258035691337084,9.572126945659786,1.7489530857244993,0.7023890081959503,0.732711677832301,4
1767258035741140623,9.572126945659786,1.7489530857244993,0.7023890081959503,0.732711677832301,4
1767258035816528443,9.659676950585894,1.7126180787144192,0.7025901842857945,0.7327077045816007,4
1767258035891117310,9.48842255058613,1.7296007826216575,0.7025182586520401,0.7327656302203112,4
1767258035941192536,9.48842255058613,1.7296007826216575,0.7025182586520401,0.7327656302203112,4
1767258036016415087,9.817129671680691,1.80163569267475,0.7025691459368963,0.7327466459143248,4
1767258036491277751,9.669024775279201,1.7844780203452804,0.7024393847902296,0.7326990394539358,4
1767258036541006975,9.669024775279201,1.7844780203452804,0.7024393847902296,0.7326990394539358,4
1767258036616138751,9.44738085378094,1.7950983927782784,0.702212678790356,0.7327873499017583,4
1767258036691284607,9.474014482302785,1.7212463420650894,0.7024834006821119,0.7327838107778533,4
1767258036741664039,9.474014482302785,1.7212463420650894,0.7024834006821119,0.7327838107778533,4
1767258036815853445,9.58241559073414,1.7682903730823332,0.7024499323053988,0.7327580782900722,4
1767258037017570078,9.587264406395569,1.7294229580090408,0.7025380480227457,0.7327940532291661,4
1767258037216413644,9.516487204267786,1.727733402945282,0.7024618284692494,0.7326962018976118,4
1767258037291286126,9.638420671057247,1.7676255619300218,0.7024919640638772,0.7327666506500874,4
1767258037342106488,9.607111614434727,1.7684285230781223,0.7024919640638772,0.7327956374659073,4
1767258037416407109,9.580710492412937,1.7520403458041216,0.7024468427760147,0.7327591722860222,4
1767258037491138131,9.784575873485469,1.749645924194493,0.7027588775350005,0.7327665401031459,4
1767258037541420196,9.784575873485469,1.749645924194493,0.7027588775350005,0.7327665401031459,4
1767258037691276151,9.74413964446741,1.799684415719213,0.7025345320640956,0.7327629998083102,4
1767258037740887220,9.74413964446741,1.799684415719213,0.7025345320640956,0.7327629998083102,4
1767258037816199834,9.431556292370246,1.7305698517177914,0.7023260441156932,0.7327377665712324,4
1767258037891262482,9.651366754492408,1.7498684567851712,0.702480469177101,0.7326973159504871,4
1767258037941122938,9.651366754492408,1.7498684567851712,0.702480469177101,0.7326973159504871,4
1767258038016572068,9.578823893903188,1.786725788002915,0.7023996193284402,0.7327696416581553,4
1767258038215888855,9.831200199620692,1.7656934737448262,0.702705341533404,0.732755491904883,4
1767258038290819816,9.831441630806626,1.8049123922430899,0.7025931364645451,0.7327813195440991,4
1767258038341003634,9.831441630806626,1.8049123922430899,0.7025931364645451,0.7327813195440991,4
1767258038416308570,9.579912058420126,1.7497075873631878,0.7024907522366199,0.7327709852384533,4
1767258038491333645,9.540695784879594,1.7814876466227185,0.7023004052860049,0.7327439086741093,4
1767258038541599045,9.540695784879594,1.7814876466227185,0.7023004052860049,0.7327439086741093,4
1767258038616009909,9.368277065930798,1.7317898517270645,0.7022928789782898,0.7327494041702205,4
1767258038691074575,9.78777243662099,1.8011756573901974,0.702439235224351,0.7327325154117276,4
1767258038741230159,9.78777243662099,1.8011756573901974,0.702439235224351,0.7327325154117276,4
1767258038816082526,9.82382332585785,1.7952842014209633,0.7025807628823314,0.7327716634581999,4
1767258038891253799,9.606553370121063,1.7447725276394521,0.7024694059538368,0.7327021359392438,4
1767258038940983290,9.606553370121063,1.7447725276394521,0.7024694059538368,0.7327021359392438,4
1767258039016293170,9.649671644409885,1.7690102210964773,0.7025808162952992,0.7328032811131237,4
1767258039091138744,9.757745055847256,1.764884221984618,0.7026131853840107,0.7327492336937614,4
1767258039140694978,9.757745055847256,1.764884221984618,0.7026131853840107,0.7327492336937614,4
1767258039491304890,9.680785491850251,1.7733699133340934,0.7024941809940795,0.732721640761912,4
1767258039541239385,9.680785491850251,1.7733699133340934,0.7024941809940795,0.732721640761912,4
1767258039615810693,9.666923860249476,1.7685280996061181,0.7024688179580865,0.7327351350278246,4
1767258039690771089,9.607100654069445,1.7670860837369486,0.702416522071735,0.7326993490082971,4
1767258039740999201,9.607100654069445,1.7670860837369486,0.702416522071735,0.7326993490082971,4
1767258039890703985,9.550427881095946,1.7557690038620546,0.7023867619089039,0.7327431080184975,4
1767258039940779463,9.550427881095946,1.7557690038620546,0.7023867619089039,0.7327431080184975,4
1767258040016064453,9.752290046672773,1.7846181908166825,0.7025296002216436,0.7327608867919757,4
1767258040090759692,9.62313737123588,1.7984357799153567,0.7024804410224883,0.7327568822768896,4
1767258040140496059,9.62313737123588,1.7984357799153567,0.7024804410224883,0.7327568822768896,4
1767258040215849846,9.662337041873691,1.7861560971133688,0.702425396833101,0.7327953363703874,4
1767258040291485049,9.586220017495206,1.7413019218662562,0.7024509740711216,0.7327438204362418,4
1767258040341067134,9.586220017495206,1.7413019218662562,0.7024509740711216,0.7327438204362418,4
1767258040615903837,9.626377236432004,1.7550160354914266,0.7025600934986391,0.7327587176405025,4
1767258040691188361,9.57624752693742,1.7386265228053384,0.7025389591478766,0.7327426758898757,4
1767258040741304890,9.57624752693742,1.7386265228053384,0.7025389591478766,0.7327426758898757,4
1767258040816309458,9.779745634725167,1.756500100857196,0.702637563431093,0.7326765437762873,4
1767258041016010755,9.591457148606764,1.791683268467039,0.702406773244233,0.732814454955706,4
1767258041090588966,9.690459029662035,1.753669947730367,0.7024885175185293,0.7326963990581481,4
1767258041140702466,9.690459029662035,1.753669947730367,0.7024885175185293,0.7326963990581481,4
1767258041291220387,9.783179702552047,1.7911156818207836,0.70255749474884,0.7327651520794947,4
1767258041341158353,9.783179702552047,1.7911156818207836,0.70255749474884,0.7327651520794947,4
1767258041415868452,9.659454148055246,1.7493416528105163,0.702553160783941,0.7327587596295906,4
1767258041490862871,9.577077436535241,1.7759066677214363,0.7023514848508485,0.7327618534896715,4
1767258041541379338,9.577077436535241,1.7759066677214363,0.7023514848508485,0.7327618534896715,4
1767258041616482160,9.617243428927335,1.7672628360021818,0.7024656052464502,0.7327611504441904,4
1767258041691433756,9.527666041852179,1.754065366086996,0.702389794798734,0.7327398126434337,4
1767258041741698281,9.527666041852179,1.754065366086996,0.702389794798734,0.7327398126434337,4
1767258041816322869,9.739497509266615,1.7863930543058455,0.702570496470911,0.7327753483491969,4
1767258042015844876,9.71524650101574,1.7792845165503715,0.7025962383477896,0.7328001420179184,4
1767258042090841371,9.689054671098818,1.7640114121530965,0.7026047979418529,0.7327181042907054,4
1767258042141063744,9.689054671098818,1.7640114121530965,0.7026047979418529,0.7327181042907054,4
1767258042216584229,9.9684406475955,1.8579347421826273,0.7024580542616403,0.7327003750183186,4
1767258042290894603,9.589792730101966,1.7704579766771926,0.7024403772298652,0.7327375792141142,4
1767258042341411336,9.589792730101966,1.7704579766771926,0.7024403772298652,0.7327375792141142,4
1767258042491097605,9.588649595947185,1.7424148266503794,0.7025435077543656,0.7327208342278207,4
1767258042540933518,9.588649595947185,1.7424148266503794,0.7025435077543656,0.7327208342278207,4
1767258042616328210,9.541669509952833,1.7329833290255825,0.7025155319571336,0.7327228896154396,4
1767258042691340193,9.755713810847944,1.7713888300968907,0.7025610674440174,0.7327450735553172,4
1767258042741131009,9.755713810847944,1.7713888300968907,0.7025610674440174,0.7327450735553172,4
1767258042815803843,9.759659023703016,1.733909372420355,0.7027391492299365,0.7327692803954482,4
1767258043016038160,9.641423859721332,1.7662151549522627,0.7024344188811714,0.7327255854109714,4
1767258043091358750,9.660021228322769,1.7814399494724897,0.7025378537475689,0.7327929340068566,4
1767258043141227491,9.660021228322769,1.7814399494724897,0.7025378537475689,0.7327929340068566,4
1767258043416505475,9.691090647683808,1.7490339910311479,0.7026816598366965,0.7327638444771163,4
1767258043490820064,9.610108928109096,1.7837223220079728,0.7024257014472504,0.7327376134226623,4
1767258043541317936,9.610108928109096,1.7837223220079728,0.7024257014472504,0.7327376134226623,4
1767258043615991632,9.701661682691931,1.7822000411779593,0.7025759337697529,0.7327383335856066,4
1767258043816612126,9.721445305695298,1.8170221695281745,0.7024927382370324,0.7328283389582871,4
1767258044015678457,9.457215047132594,1.7606248675067557,0.7022978951437432,0.732778882707303,4
1767258044291467623,9.789538549632603,1.8133782646517083,0.702468120313233,0.7326893918670108,4
1767258044341301924,9.789538549632603,1.8133782646517083,0.702468120313233,0.7326893918670108,4
1767258044416126183,9.677193996313393,1.7801759832781248,0.7025332981793346,0.7327718205237469,4
1767258044491566154,9.5652295554588,1.762165424135595,0.7024720113745675,0.7327223767231978,4
1767258044541135574,9.5652295554588,1.762165424135595,0.7024720113745675,0.7327223767231978,4
1767258044615784588,9.615781514400567,1.7815105455177744,0.7025732910520395,0.7327966657523313,4
1767258044691551360,9.570342686418654,1.7748329495253248,0.7023963204367131,0.7327324819756659,4
1767258044741321655,9.570342686418654,1.7748329495253248,0.7023963204367131,0.7327324819756659,4
1767258044816474066,9.42761390001634,1.7728640919230934,0.7022838837755118,0.7327830501556912,4
1767258044891157686,9.518858935306017,1.777999889396209,0.7022862840034834,0.73271706380361,4
1767258044941082356,9.518858935306017,1.777999889396209,0.7022862840034834,0.73271706380361,4
1767258045016047398,9.628207495854246,1.760722239860717,0.7025845046329365,0.7327795341044855,4
1767258045091145243,9.527346267589,1.7500677464319827,0.7024360974225361,0.7327526315502588,4
1767258045141333134,9.527346267589,1.7500677464319827,0.7024360974225361,0.7327526315502588,4
1767258045216631944,9.514460128608015,1.7881418001904672,0.7022741080478514,0.7327083643758691,4
1767258045291222000,9.659045154901346,1.8051693851778248,0.7023552063816911,0.7327233086661723,4
1767258045341330015,9.659045154901346,1.8051693851778248,0.7023552063816911,0.7327233086661723,4
1767258045491417027,9.720314450124556,1.7527091807280453,0.7024997411532252,0.7327278671902532,4
1767258045541080505,9.720314450124556,1.7527091807280453,0.7024997411532252,0.7327278671902532,4
1767258045616393487,9.639297622468623,1.7731351546340695,0.7025126703756503,0.7327474859290207,4
1767258045691103458,9.2854893915566,1.7349140273632482,0.7021517046350435,0.7327322851882108,4
1767258045741072018,9.2854893915566,1.7349140273632482,0.7021517046350435,0.7327322851882108,4
1767258045816246544,9.601000052059883,1.7871876286575925,0.7023564731495043,0.7327185704101852,4
1767258045891380497,9.781327727090838,1.7526275355469867,0.7027165236313474,0.7327633069011643,4
1767258045941560928,9.781327727090838,1.7526275355469867,0.7027165236313474,0.7327633069011643,4
1767258046015844000,9.493989924159617,1.7450148793193074,0.7024714747275719,0.7327836101660664,4
1767258046091381458,9.565251459820011,1.7886434610154007,0.7023431893890747,0.7327475770021599,4
1767258046140643609,9.565251459820011,1.7886434610154007,0.7023431893890747,0.7327475770021599,4
1767258046291459327,9.68414810740137,1.7589980576768145,0.7025391760680817,0.7327229010603283,4
1767258046341403659,9.68414810740137,1.7589980576768145,0.7025391760680817,0.7327229010603283,4
1767258046415653377,9.578200110957447,1.7809832862548973,0.7023745295755679,0.7327292896671823,4
1767258046490832960,9.708422550469663,1.7762166507093307,0.7025627200998265,0.7327195580660838,4
1767258046541341626,9.708422550469663,1.7762166507093307,0.7025627200998265,0.7327195580660838,4
1767258046616443126,9.526105175223565,1.7594187698590114,0.702362696794696,0.7327146923531201,4
1767258046816228002,9.60594782534474,1.748762012947217,0.7025031183968518,0.7326969862695624,4
1767258046891499419,9.805802997486124,1.7990875893004783,0.7025325885347744,0.7327202365578542,4
1767258046941609044,9.805802997486124,1.7990875893004783,0.7025325885347744,0.7327202365578542,4
1767258047016477079,9.54365499054255,1.7904515244818215,0.702297397735342,0.7327504747716731,4
1767258047091715092,9.671275088007247,1.783485857008996,0.7025206268828531,0.7327559405098129,4
1767258047141172283,9.671275088007247,1.783485857008996,0.7025206268828531,0.7327559405098129,4
1767258047216558213,9.66568536166379,1.7632382534921904,0.7024905052056267,0.7327065554071773,4
1767258047290811277,9.542713149269577,1.7675292532717226,0.7022913189702809,0.7327476992258556,4
1767258047341520790,9.542713149269577,1.7675292532717226,0.7022913189702809,0.7327476992258556,4
1767258047691470727,9.461551773576215,1.7689649954131004,0.7023059239740861,0.7327659548946327,4
1767258047741323751,9.461551773576215,1.7689649954131004,0.7023059239740861,0.7327659548946327,4
1767258047816482551,9.620347796825968,1.7740157128717433,0.7024438414018078,0.7327434757115764,4
1767258048091483745,9.688718662422492,1.7977049541732588,0.7024351349529236,0.7327520326175215,4
1767258048141650967,9.688718662422492,1.7977049541732588,0.7024351349529236,0.7327520326175215,4
1767258048216554015,9.555536273616273,1.7719149870284614,0.7023578888646159,0.7327364584371878,4
1767258048291567637,9.694654842590689,1.796723771627724,0.7024246347938902,0.7327156050282114,4
1767258048341257331,9.694654842590689,1.796723771627724,0.7024246347938902,0.7327156050282114,4
1767258048416448356,9.628433482742228,1.7699378592981383,0.7024123542996045,0.7327055260880477,4
1767258048491562706,9.579764741770248,1.7697154997241198,0.7024315320479401,0.7327280077430708,4
1767258048541008078,9.579764741770248,1.7697154997241198,0.7024315320479401,0.7327280077430708,4
1767258048691391461,9.670345881498621,1.8097782154084294,0.7024042747973963,0.7327886395676699,4
1767258048741510085,9.670345881498621,1.8097782154084294,0.7024042747973963,0.7327886395676699,4
1767258048816579897,9.62772018919489,1.7566883837197822,0.7025334264038813,0.7327477405703321,4
1767258049016540983,9.717251462583842,1.7681196202813423,0.7026345748582589,0.7327250087685141,4
1767258049216777534,9.515885878888186,1.7590205505344823,0.702363100592088,0.7327361298810172,4
1767258049415927338,9.660740507136056,1.775418062524783,0.7024946687585093,0.7327444418105564,4
1767258049616464112,9.558420021925308,1.7677337740685648,0.7024034708201746,0.7327547880592092,4
1767258049816513958,9.962863304038173,1.8251276320240533,0.7025815314615429,0.7327240554923937,4
1767258049891479369,9.49136930990191,1.7898089545977904,0.7022603174105914,0.7327397701226601,4
1767258049941345410,9.49136930990191,1.7898089545977904,0.7022603174105914,0.7327397701226601,4
1767258050015918588,9.6619525153121,1.7885626371839034,0.7023915515761983,0.7327110239959522,4
1767258050216136630,9.59035660077323,1.764568752315057,0.7024618755841624,0.7327662427059245,4
1767258050491124588,9.538198073769543,1.7374315481783502,0.7025635912454355,0.7327503822141169,4
1767258050540735955,9.538198073769543,1.7374315481783502,0.7025635912454355,0.7327503822141169,4
1767258050616472270,9.740819458449735,1.7688614548358834,0.7025681952232273,0.7326988412987456,4
1767258050815982560,9.649101024564066,1.8064967963776692,0.7024608487719637,0.7327875899547438,4
1767258050890881321,9.832321580074076,1.801311800728682,0.7025665196138355,0.7327313727436863,4
1767258050941389694,9.832321580074076,1.801311800728682,0.7025665196138355,0.7327313727436863,4
1767258051091081335,9.522048678264671,1.7347460248680793,0.7024128132991643,0.7327120859425309,4
1767258051140724557,9.522048678264671,1.7347460248680793,0.7024128132991643,0.7327120859425309,4
1767258051216294468,9.890834039794626,1.8105970181831983,0.7026909674118531,0.7327418981454648,4
1767258051291038169,9.762641671613448,1.7611821359965927,0.7026924394651736,0.7327401013807691,4
1767258051340802856,9.762641671613448,1.7611821359965927,0.7026924394651736,0.7327401013807691,4
1767258051491567356,9.774788450167659,1.7868829265498756,0.7025281920684001,0.7326737549759782,4
1767258051541765905,9.774788450167659,1.7868829265498756,0.7025281920684001,0.7326737549759782,4
1767258051891379163,9.51813955794034,1.757219131571525,0.702454093875979,0.7327813362937042,4
1767258051940747733,9.51813955794034,1.757219131571525,0.702454093875979,0.7327813362937042,4
1767258052215959432,9.749879145084183,1.8101379759650418,0.7024744106083507,0.732783637810289,4
1767258052290938051,9.680436300431028,1.7707614130753364,0.702432002264282,0.732752651288482,4
1767258052340825943,9.680436300431028,1.7707614130753364,0.702432002264282,0.732752651288482,4
1767258052416534344,9.788595824869795,1.7924693541410497,0.7026275149975241,0.7327681568735983,4
1767258052491589754,9.739926499045204,1.7592864104317565,0.7025967790301755,0.7327092605261932,4
1767258052541021702,9.739926499045204,1.7592864104317565,0.7025967790301755,0.7327092605261932,4
1767258052616490556,9.688653244077416,1.7215795667260543,0.7027259954785058,0.7327098254591354,4
1767258052690722310,9.807100298464434,1.7647386073732827,0.7026556400676395,0.7327047919065697,4
1767258052741515345,9.807100298464434,1.7647386073732827,0.7026556400676395,0.7327047919065697,4
1767258053091322209,9.874197494144866,1.7822235318170496,0.7025814238307394,0.7327236437179021,4
1767258053141661059,9.874197494144866,1.7822235318170496,0.7025814238307394,0.7327236437179021,4
1767258053216154114,9.782049257747062,1.815874209432367,0.702577543704083,0.7328057797959865,4
1767258053290887342,9.81706287166495,1.8161388385780386,0.7026624364096914,0.7327730578140418,4
1767258053341003336,9.81706287166495,1.8161388385780386,0.7026624364096914,0.7327730578140418,4
1767258053490851870,9.72563003267335,1.7522992304595342,0.7025668996521138,0.7327142005657138,4
1767258053540609237,9.72563003267335,1.7522992304595342,0.7025668996521138,0.7327142005657138,4
1767258053616610279,9.595735417213369,1.740209764397942,0.7024223850852894,0.7327308687163029,4
1767258053816238387,9.627225553769936,1.7937041433712906,0.7023733147013019,0.7327655968862883,4
1767258054091530839,9.678566875083616,1.800002012473325,0.7024619663484676,0.7327301430554094,4
1767258054141440093,9.678566875083616,1.800002012473325,0.7024619663484676,0.7327301430554094,4
1767258054216008245,9.741453399215505,1.7900535445664694,0.702524369775621,0.7327180754420078,4
1767258054490822861,9.50600584110406,1.78362200274651,0.7022997697075286,0.7327488888085308,4
1767258054541611935,9.50600584110406,1.78362200274651,0.7022997697075286,0.7327488888085308,4
1767258054616536982,9.680647745964443,1.7820937674962247,0.7024816921435277,0.7327436251533388,4
1767258054691331851,9.61289681967159,1.7730348899592387,0.7022853866190083,0.7326914651614472,4
1767258054741855986,9.61289681967159,1.7730348899592387,0.7022853866190083,0.7326914651614472,4
1767258054815993710,9.751070939296614,1.7727070407867103,0.70262327155719,0.732766082145254,4
1767258055016558309,9.85535031261875,1.784694773402699,0.7027154632630296,0.7327755678413397,4
1767258055215912154,9.535642385855137,1.7277975590741206,0.7024852550909148,0.7327184584092562,4
1767258055291570682,9.556219146341638,1.7516237628593128,0.7024035506969546,0.7327413300755633,4
1767258055341344452,9.556219146341638,1.7516237628593128,0.7024035506969546,0.7327413300755633,4
1767258055491370310,9.506598044725866,1.7587223340547207,0.7024623195916249,0.7328084489394817,4
1767258055541731576,9.506598044725866,1.7587223340547207,0.7024623195916249,0.7328084489394817,4
1767258055616382803,9.630699730108327,1.76786601411694,0.7024616645679052,0.7327176073386278,4
1767258055691606923,9.508528705913676,1.7472442232315848,0.7023147115924255,0.7327405111958427,4
1767258055741378547,9.508528705913676,1.7472442232315848,0.7023147115924255,0.7327405111958427,4
1767258056091671892,9.699736898187927,1.789723598990378,0.7024880128150667,0.7327582672550323,4
1767258056141321541,9.699736898187927,1.789723598990378,0.7024880128150667,0.7327582672550323,4
1767258056416931252,9.770917216111785,1.8038690214784259,0.7025239459857234,0.7326949484214201,4
1767258056490786703,9.582426157181745,1.766383057334945,0.7024799831714219,0.732747693418043,4
1767258056540899090,9.582426157181745,1.766383057334945,0.7024799831714219,0.732747693418043,4
1767258056616498701,9.892523984497249,1.8410005083548964,0.702488436004174,0.7327037724692592,4
1767258056690985374,9.636168531789835,1.8330629674753856,0.7022870942023798,0.732764743443525,4
1767258056740900293,9.636168531789835,1.8330629674753856,0.7022870942023798,0.732764743443525,4
1767258056816272242,9.80646190287937,1.8064075739626397,0.7026506564021966,0.732758098260582,4
1767258056891225012,9.923140912117434,1.7794960526599781,0.7026397297499276,0.7326723944567117,4
1767258056941382567,9.923140912117434,1.7794960526599781,0.7026397297499276,0.7326723944567117,4
1767258057015892309,9.765721181378971,1.7949012531610193,0.702498114487646,0.7327192874721598,4
1767258057091050166,9.556891267471945,1.7384827038164268,0.7024920316598099,0.7327428243497679,4
1767258057141696675,9.704921044762283,1.7432133550946285,0.7026228635837132,0.7327428243497679,4
1767258057416709223,9.940304123425614,1.7802159907103585,0.7027936560703076,0.7327123617673507,4
1767258057491302362,9.682223152814418,1.7722521859417406,0.7024036627456511,0.7327035036645204,4
1767258057541454384,9.682223152814418,1.7722521859417406,0.7024036627456511,0.7327035036645204,4
1767258057616593941,9.727854576580208,1.791487804647967,0.7025009919033613,0.7327494577483536,4
1767258058015978815,9.62123219129063,1.7740098003835005,0.7023635383119998,0.7327079095450859,4
1767258058216704120,9.594511266231676,1.7781954402043527,0.7023520529517091,0.7327242845191949,4
1767258058291298577,9.794723967009533,1.8232576054795957,0.7025458296820856,0.7327397138105952,4
1767258058341298863,9.794723967009533,1.8232576054795957,0.7025458296820856,0.7327397138105952,4
1767258058416019617,9.591324894712926,1.78290648046275,0.702382226602373,0.732733780619329,4
1767258058491404774,9.551742286356912,1.749580728359676,0.7024721210067597,0.7327475659921152,4
1767258058541014058,9.551742286356912,1.749580728359676,0.7024721210067597,0.7327475659921152,4
1767258058691026188,9.629585098122174,1.7432325585327264,0.7026126621918798,0.7327771054345247,4
1767258058741663130,9.629585098122174,1.7432325585327264,0.7026126621918798,0.7327771054345247,4
1767258058816015378,9.54135407321477,1.7796782287380113,0.7024011787438561,0.7327828023228394,4
1767258058891018096,9.543949937219963,1.748837365724529,0.7024016246176571,0.7327070083851976,4
1767258058940958696,9.543949937219963,1.748837365724529,0.7024016246176571,0.7327070083851976,4
1767258059090775357,9.422508901160032,1.741271395717071,0.7022040326026696,0.7326920748020683,4
1767258059141204569,9.422508901160032,1.741271395717071,0.7022040326026696,0.7326920748020683,4
1767258059216057570,9.709771218502251,1.8036664544501215,0.7023709009874451,0.7326885749011861,4
1767258059291901835,9.850435669581215,1.831898112505601,0.7025068295582447,0.7327096287094205,4
1767258059341712585,9.850435669581215,1.831898112505601,0.7025068295582447,0.7327096287094205,4
1767258059416583381,9.703137651197459,1.7608526561556854,0.7025802606224498,0.7327227641102276,4
1767258059541347433,9.792561149588153,1.7782175092831338,0.7027039348674134,0.7327571705331108,4
1767258059616420651,9.680727088997255,1.7533254544371597,0.7025530239823475,0.732726504153941,4
1767258059691569453,9.776396882627768,1.8247245612070824,0.7024629665035518,0.732715779237664,4
1767258059816186529,9.572323523947324,1.786592663410267,0.7022201427794116,0.7326891199238513,4
1767258059890909164,9.606177989376686,1.7336738307587838,0.7025751980436391,0.7327548106800097,4
1767258059941078530,9.606177989376686,1.7336738307587838,0.7025751980436391,0.7327548106800097,4
1767258060015997781,9.63885509572171,1.812678653628957,0.7023250233671615,0.7327525483962019,4
1767258060216025881,9.467252477909582,1.749697262657599,0.7023894521413949,0.7327924713799978,4
1767258060290877057,9.599953572540286,1.7831537781247124,0.7023887687481425,0.732736030846254,4
1767258060341275224,9.599953572540286,1.7831537781247124,0.7023887687481425,0.732736030846254,4
1767258060416033831,9.867952563620385,1.7935743278010101,0.7027659574870112,0.7327853473917811,4
1767258060491466751,9.737370330933913,1.7684699825077193,0.7025588423516504,0.732724460797429,4
1767258060541232924,9.737370330933913,1.7684699825077193,0.7025588423516504,0.732724460797429,4
1767258060616265458,9.592623434147685,1.7857616851648357,0.7022735096132531,0.7327289415596674,4
1767258060691222015,9.50085486325114,1.7546097418210755,0.7023392306663936,0.73268607536705,4
1767258060741080481,9.50085486325114,1.7546097418210755,0.7023392306663936,0.73268607536705,4
1767258060891182654,9.789052807224529,1.7799270911366036,0.7026820891891788,0.7326895434682228,4
1767258060941339408,9.789052807224529,1.7799270911366036,0.7026820891891788,0.7326895434682228,4
1767258061092089018,9.651406147338504,1.7885548249984673,0.7024396479422895,0.7327676216336392,4
1767258061141381004,9.775793523391197,1.7960269210035293,0.7026320774495136,0.7327676216336392,4
1767258061216464486,9.631740626769748,1.7528423876685817,0.7025100837655351,0.7327157722013382,4
1767258061291280471,9.631740626769748,1.7528423876685817,0.7025100837655351,0.7327157722013382,4
1767258061341540311,9.631740626769748,1.7528423876685817,0.7025100837655351,0.7327157722013382,4
1767258061415870829,9.707584339752051,1.7799984153809423,0.7025537944848279,0.7327339648169303,4
1767258061616347211,9.653809361652499,1.7603205558362625,0.7025235751371782,0.7327707909288905,4
1767258061691272118,9.564464105603188,1.7764234296292392,0.7024325197036121,0.7327229789057793,4
1767258061741574403,9.564464105603188,1.7764234296292392,0.7024325197036121,0.7327229789057793,4
1767258061816360690,9.629537445386195,1.7621137664615403,0.70256295151597,0.7327898572479522,4
1767258061890859071,9.668027104641986,1.8178616098353615,0.7022470389529178,0.7326867844773998,4
1767258061940909851,9.697815890059246,1.7891955622569011,0.7024903154371628,0.732759522545265,4
1767258062015930829,9.374627306826255,1.7462992341774533,0.7023672798555765,0.7327942326193566,4
1767258062141007388,9.810146986573788,1.7655994721865622,0.7026643477029052,0.7327139984248244,4
1767258062216585817,9.840607221158425,1.784673245000931,0.702564260401671,0.7327032509263178,4
1767258062291406659,9.734085930037772,1.7879009927844618,0.702533706238045,0.7327155946884887,4
1767258062341291270,9.734085930037772,1.7879009927844618,0.702533706238045,0.7327155946884887,4
1767258062416324817,9.589074092771877,1.7812455142584722,0.7023253557236835,0.732729044324384,4
1767258062616436525,9.674761905888229,1.7675245957595704,0.7025008985125526,0.7327537146019641,4
1767258062690878407,9.753282767022032,1.8086925119767945,0.702478951856443,0.7327428288570829,4
1767258062740643384,9.753282767022032,1.8086925119767945,0.702478951856443,0.7327428288570829,4
1767258062816521049,9.556254539258791,1.7644367097465345,0.7023804268765262,0.7327087271723712,4
1767258062891122323,9.549467800485601,1.7928992117435314,0.7023373588632924,0.7327251078836264,4
1767258062941257565,9.549467800485601,1.7928992117435314,0.7023373588632924,0.7327251078836264,4
1767258063015921909,9.406081224776708,1.7516160910921998,0.7022069639423483,0.7327388402411458,4
1767258063090960005,9.63586997412813,1.7699927679551322,0.7025506112556366,0.7327657537884188,4
1767258063140883602,9.63586997412813,1.7699927679551322,0.7025506112556366,0.7327657537884188,4
1767258063416125713,9.627499201507295,1.7577853291948273,0.7024883244758847,0.7327247957056346,4
1767258063490851615,9.637990989303402,1.7633641890486045,0.7025793693928523,0.732793091672141,4
1767258063541421561,9.791575425783572,1.7745463957531993,0.7025911310904929,0.7326886283352434,4
1767258063616638950,9.453086285107881,1.7681887411069803,0.702307089876999,0.7327542352304742,4
1767258063690900334,9.835935313345367,1.7792777271193927,0.7026124077117454,0.7327177239174353,4
1767258063740800043,9.835935313345367,1.7792777271193927,0.7026124077117454,0.7327177239174353,4
1767258063816414415,9.413308749356975,1.7709375099062838,0.7022516615230837,0.7327494458105298,4
1767258064016491577,9.538298697838954,1.7769834497281793,0.7023687228214837,0.7327922350935303,4
1767258064091287289,9.414569219677427,1.7419919092555736,0.7024032997581735,0.7327630641577954,4
1767258064141641195,9.414569219677427,1.7419919092555736,0.7024032997581735,0.7327630641577954,4
1767258064216338084,9.599521742328697,1.7798932170285802,0.7023787257537554,0.7327298502543302,4
1767258064291443986,9.737347747536983,1.7885011516479148,0.7026630985004712,0.7327684092628384,4
1767258064341447450,9.737347747536983,1.7885011516479148,0.7026630985004712,0.7327684092628384,4
1767258064491301440,9.781446939615023,1.823134068471456,0.7024926621250429,0.7327288635463145,4
1767258064541808744,9.781446939615023,1.823134068471456,0.7024926621250429,0.7327288635463145,4
1767258064616352350,9.5392815296923,1.740222360842251,0.7024632622644916,0.7327728333287694,4
1767258064691597557,9.52125643497248,1.7332196299539047,0.702384592675921,0.7327326487452727,4
1767258064741815111,9.63285039849271,1.7625843874443747,0.7023943029480945,0.7327326487452727,4
1767258064891347830,9.773323739602269,1.7885386354496642,0.7026760296097725,0.7327899049735278,4
1767258065016488463,9.504420488787746,1.7467358990548392,0.7023996081715081,0.7327590397286234,4
1767258065291332000,9.727037470086852,1.7988360758681197,0.7024729393106225,0.7327374547804643,4
1767258065341280756,9.727037470086852,1.7988360758681197,0.7024729393106225,0.7327374547804643,4
1767258065416347944,9.766917443577716,1.7813688626509856,0.7025100185774875,0.7326816793697773,4
1767258065491371956,9.61457610537131,1.7541634614987411,0.7024166750727582,0.7327345277390538,4
1767258065541350734,9.753720020245659,1.7493580181480963,0.7026194843146937,0.7327345277390538,4
1767258065691564280,9.63613007252706,1.7777084344218774,0.7023513551162726,0.7327178050744989,4
1767258065740917708,9.600728939267999,1.762068214170748,0.7024758773528218,0.732757925374386,4
1767258065816437477,9.573363713451077,1.7822041867207215,0.7023631044667642,0.7327665920905776,4
1767258066016082901,9.868373414754883,1.7802449563336025,0.702712261164497,0.732731752670838,4
1767258066216012314,9.642303914809025,1.7785259201395984,0.7023964543154236,0.7327049563593551,4
1767258066290831603,9.645544880258816,1.7745360491200137,0.7024648492941814,0.7327200112629436,4
1767258066341116836,9.594943169297432,1.7869990126345603,0.7023825078573597,0.7327200112629436,4
1767258066541613179,9.727142142221258,1.7958855370187434,0.702523465631736,0.7327407056924564,4
1767258066616280262,9.660363892431967,1.7545563989705713,0.702594886355487,0.7327536547617521,4
1767258066890991600,9.463191691381546,1.7324487794211874,0.7024225416798376,0.7327354432707206,4
1767258067141521574,9.690747798306699,1.779987038013212,0.7025196839315272,0.7327210694283041,4
1767258067216615337,9.706871015522701,1.7729826840217875,0.7025079099726472,0.7327208399041469,4
1767258067291649542,9.712877609600046,1.789975593269685,0.7024925565688225,0.732694045584295,4
1767258067341107986,9.712877609600046,1.789975593269685,0.7024925565688225,0.732694045584295,4
1767258067416112637,9.7114289339435,1.8041131518482656,0.7024176655620946,0.7327131481917879,4
1767258067491171727,9.77488462831011,1.7994999534640266,0.7024969431076942,0.7326851188994737,4
1767258067616019030,9.855087749029545,1.7999983263023087,0.7026262324769703,0.7327535799012954,4
1767258067691439305,9.621931765561364,1.7816756441886856,0.7024155917005656,0.7327371631137172,4
1767258067816324605,9.661907536698266,1.7572883624917082,0.7025259241012092,0.732726359808491,4
1767258067891143336,9.507937405374477,1.7399498646663478,0.7023858054661929,0.7327019880969665,4
1767258067941266564,9.737349155797382,1.7515220386997536,0.7027040950445239,0.7327131469659088,4
1767258068016364696,9.553264082449719,1.7808835031108212,0.7023046168961894,0.7327068996818012,4
1767258068090939407,9.854150457615285,1.8091007964156138,0.7025439196786906,0.7327021701237646,4
1767258068141643826,9.850022743681519,1.8155238408398835,0.7025409384880437,0.7327021701237646,4
1767258068216681647,9.618888114360624,1.7660953028056772,0.702478076155025,0.7327607204610563,4
1767258068291675810,9.337925748645226,1.7051589297987464,0.7023100997265727,0.7327295727365537,4
1767258068341605593,9.544713876855294,1.7689739638535702,0.7024110032555712,0.7327475282983977,4
1767258068616461023,9.692534724874523,1.7819243198118373,0.7025039429331862,0.7327284878177607,4
1767258068691264633,9.750879538410583,1.8073506907584065,0.702538447374577,0.7327336421600178,4
1767258068741313608,9.488552439142595,1.7671490571891224,0.7022750094162552,0.7327678988328711,4
1767258068815923249,9.725297336947158,1.7801379725115936,0.7024800560660223,0.7327428464017521,4
1767258068891467651,9.44852126343887,1.7444159800565961,0.702424144741566,0.7327743727828945,4
1767258069015901882,9.746476477260346,1.8097793189157716,0.7024080287435027,0.7327254626871817,4
1767258069091011564,9.714762752360052,1.7946435822271853,0.7024715975667066,0.7327328565533086,4
1767258069140952254,9.59315712664688,1.7884377676400567,0.7023338854747909,0.7327039294413803,4
1767258069341195723,9.698520685634593,1.772454536807183,0.7025649697543075,0.7327047079707601,4
1767258069416724663,9.764451759173397,1.7784173207259528,0.7026515438314818,0.7327341564492089,4
1767258069492160758,9.808836219261652,1.8031561771504452,0.7025862989457523,0.7327399717324866,4
1767258069540832773,9.686278224433353,1.7828997017403614,0.7025222723015088,0.7327399717324866,4
1767258069616134618,9.558771556161695,1.7311935932890623,0.7025174109462663,0.732718515897878,4
1767258069690945239,9.63910197526685,1.7584257339742275,0.70261087196257,0.7327594055473106,4
1767258069741469462,9.589298213297681,1.7525280483858943,0.7024441794271106,0.7327262739198818,4
1767258070016439296,9.482911276223248,1.719266397675318,0.7023457400436924,0.7326542006147229,4
1767258070341046574,9.640844810150483,1.7350637759728915,0.7026467999422856,0.7327116428544309,4
1767258070416831459,9.768416309489103,1.7761393579466833,0.7024422329969763,0.7326763626486886,4
1767258070491676378,9.618497891848099,1.7843432848350824,0.7023919653920199,0.7327477510150172,4
1767258070541540975,9.684548471535436,1.7754982353387139,0.7025424787851281,0.7327477510150172,4
1767258070691914462,9.494786407363677,1.7674085101757337,0.7023203827382648,0.7327211232209313,4
1767258070891453264,9.626390568294397,1.7509152604390001,0.7024833781156468,0.7327079337736165,4
1767258071015843476,9.506438290009633,1.7330638293356233,0.702446394095221,0.732785897878955,4
1767258071091160991,9.837468921968018,1.797783534904293,0.702625409543298,0.7327389734870589,4
1767258071141479021,9.772012844172506,1.7684741670631696,0.702623507743451,0.7327476034446326,4
1767258071215953777,9.725643470346434,1.7681194322707119,0.702573007048828,0.7327403110903192,4
1767258071291517770,9.518583911090172,1.7877030857317129,0.7022063660513175,0.7327166201267753,4
1767258071416567417,9.631184681564541,1.7628351627629995,0.7024472377713967,0.7327211569952837,4
1767258071491082335,9.481881541820837,1.7663853747134999,0.7023373309077044,0.7327125560724643,4
1767258071541326357,9.585528998166225,1.7884126283280684,0.7022685334861694,0.7327069683203599,4
1767258071616670490,9.698298827694686,1.7834217560686574,0.702486760048661,0.7327148835216085,4
1767258071741044682,9.501803168519562,1.7543451604925095,0.702435579124036,0.7327657847286474,4
1767258071941328193,9.63804073707264,1.7577653766996841,0.7025342644058491,0.7327439622219409,4
1767258072015996815,9.831634566491388,1.7902700449672362,0.7025651405363482,0.7326675386420999,4
1767258072141421165,9.565306521623352,1.7351011404320271,0.7024838127148787,0.7327216544760083,4
1767258072216600175,9.846330214659528,1.7985848565951,0.7025313883659979,0.7327062951819459,4
1767258072291697376,9.7622571175765,1.7755235887852323,0.7025944216389703,0.7327193001884311,4
1767258072340928588,9.557250949208896,1.7782482890201228,0.7024924525377417,0.732783986933087,4
1767258072416673219,9.713451339173119,1.7945256056969274,0.7024911265453224,0.7327068514808696,4
1767258072541317807,9.830568770609949,1.770052976905811,0.7025369115182576,0.7326664991453435,4
1767258072616710531,9.49592940015387,1.7764413079488568,0.70238589081349,0.732739166054755,4
1767258072816454233,9.773540065979747,1.7907200233437908,0.7025530555252898,0.7327406464505576,4
1767258072941443891,9.690842597380733,1.7353078399881687,0.7025756554904836,0.732678776142434,4
1767258073016541435,9.661854246647895,1.7931801021826572,0.7024738762875458,0.7328011909765909,4
1767258073141576815,9.757509457394509,1.8083453990033536,0.7025874844514562,0.7327849203211521,4
1767258073215805016,9.692832078090795,1.8136641921076775,0.7024205762303137,0.7327300725724775,4
1767258073341482696,9.657103441144454,1.7680460659981474,0.7025202551091582,0.732705953733047,4
1767258073491314885,9.785736449880233,1.7762792485801067,0.7025944309529855,0.7327129753539393,4
1767258073541020672,9.699112757249107,1.7781139183402108,0.7025343671093023,0.7327650668355856,4
1767258073691361418,9.683065458222618,1.7466008919319818,0.7025886776937273,0.7326823634538904,4
1767258073741346937,9.623235216888792,1.7634017762887868,0.7024633522859761,0.7327074471827141,4
1767258073890761520,9.751835489297257,1.782479504378368,0.7025672019236762,0.732702911716439,4
1767258074016108812,9.692588509812804,1.772270324377569,0.7025440853362879,0.7327233336125224,4
1767258074091519009,9.592791569069892,1.7549995235757299,0.7025095856380257,0.7327204602926705,4
1767258074216198226,9.58155567115282,1.762260155583685,0.7023648657313074,0.7326948980017145,4
1767258074291007340,9.713460805341967,1.7999427887999886,0.7024649245110332,0.7327424118861864,4
1767258074491662687,9.757328456783343,1.798834944939294,0.7024876613121528,0.7327034071666247,4
1767258074541518753,9.889404145607683,1.809381280289201,0.7025882597640312,0.7327351585637687,4
1767258074616381636,9.816044292335512,1.779717441739437,0.7025786720322579,0.7326762822608079,4
1767258074691578961,9.735168973249774,1.781608060604601,0.7025292595856356,0.732708015164295,4
1767258074816584973,9.889940042939527,1.8200608384399233,0.7025645138265002,0.7327301241754851,4
1767258075016578435,9.501394912003192,1.748220275277974,0.7023499089706647,0.7327388874858931,4
1767258075141486373,9.584492321475402,1.7609474012897228,0.7024111323146188,0.7327307152354464,4
1767258075216739677,9.775099786853204,1.79596929383705,0.7025931986116047,0.7327150074878769,4
1767258075291561320,9.77632263193884,1.7712936126961516,0.7025108492653394,0.7327123042323525,4
1767258075341318470,10.087770088556214,1.8262769417883862,0.7028138742953102,0.732720304230314,4
1767258075691065657,9.941603161423561,1.783813805156379,0.7026569041338394,0.7326700580415672,4
1767258075741269912,9.688753772326141,1.78031028598083,0.7025153633719688,0.7327245875042707,4
1767258075815966696,9.473236617469682,1.7055342693299542,0.7025195811169423,0.7327177498149436,4
1767258075891572066,9.613376645953853,1.7727023418887382,0.7024546598882788,0.7327323588499954,4
1767258075941196966,9.66574095694883,1.7625894386390317,0.7025597451067542,0.7327452830933731,4
1767258076016192379,9.786843150887513,1.8305973676123288,0.7024157162512937,0.7327113462403967,4
1767258076091012708,9.699773088466145,1.733049853680347,0.7026660986424051,0.7327178066613702,4
1767258076140803518,9.688499708519704,1.7699338165813436,0.7025370701991109,0.732715187746296,4
1767258076216240074,9.623443587483793,1.7781379170917953,0.7023761812042674,0.732670808735248,4
1767258076341652296,9.654098247635412,1.778161451453801,0.7024766780778956,0.73273425049011,4
1767258076416709181,9.573183151924791,1.7948217228675247,0.702339456541449,0.7327601057718635,4
1767258076496698284,9.69861435996744,1.8219234482353006,0.7024124675893466,0.7327304603694661,4
1767258076616850073,9.804104801129032,1.7872586618678434,0.7026372413134466,0.7327394780087508,4
1767258076691458205,9.631446626804262,1.752979139802911,0.70251572599588,0.732756249473638,4
1767258076741339692,9.609474873815028,1.7553654753442673,0.7024746533561594,0.732719092221056,4
1767258076816834435,9.46787128740889,1.7273829466710864,0.7023620246945487,0.7327071993285968,4
1767258077141155767,9.718458910616622,1.7665349084500555,0.7025215522335005,0.7327100187534992,4
1767258077216609320,9.596734200110202,1.757233160565634,0.7025483568849458,0.7327558985031923,4
1767258077416860280,9.736658838727873,1.7363602364031963,0.7026628727226014,0.7326944679989769,4
1767258077491629373,9.642330679878185,1.802644388793388,0.7023354452144821,0.7327656072365996,4
1767258077741584766,9.69331090225567,1.8038969098941857,0.7023407764478107,0.7326892580374246,4
1767258077816594456,9.830912859416841,1.7806039760219903,0.7026925599107415,0.732721845123606,4
1767258077891000776,9.623614464992048,1.7664390584101788,0.7024893937328277,0.732740798620793,4
1767258077940723881,9.615442496601624,1.7580057036246417,0.7024330125817557,0.7326833640181462,4
1767258078091112832,9.835717553700608,1.8022745805769063,0.702476341573059,0.7326691971849044,4
1767258078216483546,9.47685565131906,1.774787255879874,0.7023898447521346,0.7327886227113545,4
1767258078416613087,9.71039794509454,1.7999112252038219,0.7025102334347094,0.7327307462974086,4
1767258078541418095,9.745762296422766,1.7536727523983848,0.7025560294556047,0.7326835331661732,4
1767258078616002259,9.370527986863886,1.751872367886152,0.7023365560903475,0.7327411161502333,4
1767258078691481879,9.703737505330379,1.77303968051913,0.7026047326271458,0.7327644669023176,4
1767258078816219241,9.584013419823512,1.7972002000924807,0.7023131198308784,0.7326986469606647,4
1767258078941128228,9.800293120636127,1.8006585266470407,0.7026268749239846,0.7327260333510148,4
1767258079016660354,9.481980071264218,1.7590049669103824,0.7023643448218537,0.732695859576403,4
1767258079091674860,9.834466026706568,1.81487054829399,0.7024804564782738,0.7326654813029381,4
1767258079291646422,9.676182545699463,1.7658742256904234,0.7025407375004309,0.7327206911615418,4
1767258079416020359,9.541666315338704,1.7439549613052454,0.7024628278885666,0.732740363286445,4
1767258079541211675,9.65425096667827,1.7798483460218941,0.7024598265211572,0.7327123570208616,4
1767258079616097417,9.70261106900927,1.8176706271130554,0.7023905113381728,0.7327582038298677,4
1767258079691516277,9.706510215138241,1.7412894623063966,0.7026224580777093,0.7327128487003645,4
1767258079815979283,9.635439657112999,1.7608547073574166,0.7024348567892613,0.7326567902863561,4
1767258079891041829,9.630665739702726,1.786676450258534,0.7023642779049417,0.7326825136966094,4
1767258079941257267,9.770697328726484,1.801463356405518,0.7025394750774976,0.7327086990380275,4
1767258080016648049,9.620234506985458,1.7497965939234656,0.7025566792978722,0.7327608668272995,4
1767258080091368699,9.745307536449864,1.7844323009823997,0.7026138564720004,0.7327574816351791,4
1767258080141067346,9.470777062481783,1.78801166869776,0.7022319582981049,0.732735179974251,4
1767258080216473692,9.847344327487907,1.7772361698743286,0.702691239586788,0.7326640194201928,4
1767258080416535775,9.631467677780226,1.7757164923653321,0.7024419016870856,0.7327169361008048,4
1767258080541374038,9.452432715691295,1.7742057966493103,0.7023074913086481,0.7327491222714217,4
1767258080691367586,9.501802191102971,1.722313976407384,0.7024476340525231,0.7327094095716244,4
1767258080740900133,9.643108064147587,1.7757100358629678,0.7024771725354354,0.7327189313863381,4
1767258080941341092,9.529088924423611,1.7468830076940782,0.702446136656601,0.7327380586593113,4
1767258081016010228,9.653785639581525,1.7854168174432767,0.7024087405685925,0.7327078179543959,4
1767258081141426944,9.655075916278788,1.7514343533873067,0.7025142085273585,0.7327182531013194,4
1767258081216556527,9.869588150831055,1.8346401047549612,0.7025289669659232,0.732729413794629,4
1767258081291121773,9.801645898898759,1.7872289966585528,0.7025901976502839,0.7327129910737505,4
1767258081416523132,9.608427148960153,1.7653266211020118,0.7024294450571683,0.7326840577184024,4
1767258081541326952,9.650204289586295,1.764040999959529,0.7024250419467877,0.7326408120468019,4
1767258082016204099,9.605891279352075,1.752069017332383,0.7024646744641916,0.7327101179866928,4
1767258082091001939,9.423771385513312,1.713545642224517,0.7024150962888596,0.7327434314239527,4
1767258082216468238,9.546618940968088,1.7533998521459586,0.7024373442326928,0.7327261074582198,4
1767258082291567678,9.72848407171556,1.814880922495531,0.7024366684938534,0.732779358176798,4
1767258082341579217,9.774569747903916,1.7828107253077001,0.7025216893267433,0.7326652599853491,4
1767258082491002741,9.676844862993917,1.79012998941953,0.7024053638821521,0.732679115951852,4
1767258082541502599,9.766663109439966,1.790533284089146,0.702572318806749,0.7327396812048126,4
1767258082616459709,9.683997401244927,1.8004782451539032,0.7024580613439274,0.7327549720273427,4
1767258082691353280,9.749505609971788,1.7807975579758757,0.7026095941597754,0.7327278935156813,4
1767258082741548928,9.814075215323292,1.8052468575046994,0.7026021811171946,0.7327219942124559,4
1767258082816591272,9.701474242509779,1.7811810774657673,0.7025103475521949,0.7327107511998072,4
1767258082890926137,9.650094022586764,1.7996273967845149,0.7023451219850042,0.7327139091062527,4
1767258083016178188,9.65989531658984,1.7814572451649975,0.7025603357579253,0.7327811046942745,4
1767258083141264792,9.699739350776282,1.7696492648748212,0.7025052889390412,0.7327134064294365,4
1767258083341672353,9.843460994754638,1.7555870745090465,0.7027793649084504,0.7327451180717713,4
1767258083416685386,9.602592534820209,1.789477916947804,0.7023483158265077,0.7327443700222406,4
1767258083490916452,9.644757106075597,1.7692033226278607,0.7024701402578406,0.7326950986214541,4
1767258083541295914,9.692719477800038,1.7513834190501572,0.7026194347341245,0.7327117013702775,4
1767258083616566423,9.685083929003802,1.7727610561548293,0.7024644827957273,0.732681265651949,4
1767258083815961526,9.838831880544575,1.7900138781027017,0.7026306525040152,0.7327070588036971,4
1767258083890779730,9.613471836538267,1.797667854167802,0.7023028480102408,0.7327422576289495,4
1767258083940791915,9.953618373903295,1.821946878075968,0.7025829015298265,0.7327369351150289,4
1767258084091598501,9.713939926226933,1.76002614659797,0.702612233549173,0.7327393625924297,4
1767258084291237357,9.692193600985611,1.7871252090864693,0.7025297160713215,0.7327695548965628,4
1767258084341782690,9.702748990192301,1.7634976380344016,0.7025003610292728,0.7326905300650133,4
1767258084416671299,9.613833348153689,1.7496141634371054,0.7024840428168813,0.7327227230576465,4
1767258084490963245,9.359410616744501,1.7633196548632313,0.7022199608913898,0.7327437608352911,4
1767258084541439608,9.734515912642184,1.7967794878358072,0.7025769179094894,0.7327243798898774,4
1767258084691520228,9.64358810631316,1.7753014764830999,0.7024441215969272,0.7327321792172096,4
1767258084740719624,9.688928424625765,1.755428126153546,0.7026212646331511,0.7326712835633885,4
1767258084816330600,9.362839515650311,1.7685142652780048,0.7021960589741154,0.7327117565188981,4
1767258084891085423,9.582700527329568,1.7608560007661196,0.7023426883524067,0.7326376520070884,4
1767258084941473551,9.544861507420844,1.7656762490092672,0.7024924045153068,0.732765577414914,4
1767258085016143110,9.546580276089788,1.7663430098866566,0.7024514719798486,0.7327429746110867,4
1767258085091311855,9.30970481869875,1.7041466010771125,0.702313173665843,0.7327363147490941,4
1767258085291656079,9.748540631947854,1.7876300529072933,0.7025141614098789,0.7327090476134757,4
1767258085340943928,9.739216117774285,1.791213187859191,0.7024433509810926,0.7326950557307957,4
1767258085416273557,9.337910654165672,1.7396018459904854,0.702309144391931,0.7327536459693241,4
1767258085490958065,9.867492325243642,1.7873848047798944,0.7026419779255925,0.7327041125625137,4
1767258085540995924,9.761319845626781,1.7962680452476925,0.7025784988423052,0.7327443817282009,4
1767258085616846920,9.864240418221982,1.8060073974124113,0.702489888884299,0.7326612408534117,4
1767258085691516437,9.688294663114272,1.779031338665636,0.7024456812209989,0.732706523240231,4
1767258085740843744,9.61650611166709,1.7939682841283524,0.7022775761814869,0.7326829484944755,4
1767258085891373982,9.828549718641,1.7627127620113423,0.7027821526875786,0.7327476263058716,4
1767258086091469803,9.514182218296362,1.7104659639462232,0.7025506216441241,0.7327453417439731,4
1767258086140930862,9.57027996921278,1.7754328449286618,0.7024831822941106,0.7327591473347346,4
1767258086291174442,9.652407303686882,1.7997783155712583,0.7023128367416355,0.7326896893293559,4
1767258086341228919,9.710773610080658,1.7710679033092673,0.7026815209206236,0.732787446420743,4
1767258086416602663,9.574001208528248,1.715543622646231,0.7024963574602394,0.7327092523686203,4
1767258086490927999,9.585981019165523,1.8019806611180094,0.7023998114847372,0.7327670103683448,4
1767258086615815261,9.574393179552665,1.8074234303520837,0.7021523026870206,0.7326886884113949,4
1767258086691843584,9.764525090976917,1.765588181448273,0.7026941904051552,0.7327359325543321,4
1767258086741468020,9.580523863947143,1.748436439271897,0.7024361293228841,0.732649584775811,4
1767258086891052173,9.61269767997386,1.7949032259543714,0.7023142529493966,0.7327462237114406,4
1767258086941580545,9.863757366504466,1.7747626376469299,0.7027144173230601,0.7326614371064387,4
1767258087016696348,9.771270429914214,1.7713616220134005,0.7026949431601104,0.7327470528035386,4
1767258087091639607,9.641490763430793,1.7542730017165922,0.7024842347754124,0.7327118208747313,4
1767258087216125712,9.5942082128051,1.7238042627859969,0.7025399125912916,0.7327100647988444,4
1767258087490970574,9.756589449363084,1.7735829066222408,0.7025372732845221,0.732728612588517,4
1767258087541414634,9.640689923275158,1.7862717237537113,0.7023566053963675,0.7326414144487785,4
1767258087740837034,9.55391568514463,1.7606323205380714,0.7023583214090606,0.7326874823728263,4
1767258087941756353,9.814597414397275,1.775493020655911,0.7026763006289439,0.7327295366031474,4
1767258088090969713,9.633036265920826,1.7789276135741996,0.7024365271932806,0.7327234208525548,4
1767258088140929918,9.715758048228661,1.781618503318545,0.7026103310529661,0.7326928255867232,4
1767258088216310974,9.629072050713061,1.7943415830302927,0.7022910953808581,0.7326869220586362,4
1767258088291509059,9.696655455402992,1.7811201598616644,0.7025380915070057,0.7327270383951613,4
1767258088341739880,9.68820726531272,1.7739805528919532,0.7024112296993489,0.7326820226664663,4
1767258088416628296,9.678793795741436,1.7848816909921412,0.7023785793257304,0.7326504502452453,4
1767258088490891377,9.763202475933541,1.7995306323059144,0.7024216662283446,0.7326595251860597,4
1767258088541476647,9.589176221996066,1.777132720771503,0.7024181950876609,0.7327266079055933,4
1767258088616452707,9.729714540087864,1.743550214976369,0.7026225699428302,0.7326738111049447,4
1767258088691582224,9.758345361988274,1.7998760230201118,0.702487082383079,0.7327226506269029,4
1767258088741486596,9.700306753613553,1.7610763083221108,0.7024920095717873,0.7326940129497537,4
1767258088816578997,9.76419501607706,1.8195112688203918,0.7024821606174474,0.732748241128865,4
1767258088941497391,9.707232888597538,1.7673085906790065,0.7024722981801772,0.7327128556834527,4
1767258089016572588,9.750341244150196,1.7890604187215953,0.7025349641663359,0.7327282022341886,4
1767258089090907442,9.673996236758242,1.7653768075048781,0.7024736689299014,0.732672855503763,4
1767258089141668999,9.475141150854238,1.762512949600817,0.702274734413722,0.7327084599603975,4
1767258089216365922,9.731698389819465,1.7841787106454843,0.7024747764516495,0.7326836128736722,4
1767258089291526175,9.463395174864386,1.7420603748144299,0.7023640639808678,0.7327042876334733,4
1767258089416488045,9.686130164740625,1.8172221248316298,0.7023038331829655,0.7327033480575089,4
1767258089491411513,9.94643358851588,1.813717661403542,0.7026657342679195,0.732700922544631,4
1767258089541545491,9.689665249252188,1.798713518138337,0.7023521604448237,0.7326652032720732,4
1767258089616649810,9.531138827998497,1.7595284158558488,0.7024143102101396,0.7327559128826726,4
1767258089891042970,9.660558258457241,1.7904679735608868,0.7024199346489528,0.7327255780276957,4
1767258090141054411,9.640032421597722,1.7935815295224817,0.7024686513247791,0.7327128624095033,4
1767258090216478045,9.758986163158845,1.768491997266342,0.7026220889786906,0.7327073679302992,4
1767258090291047478,9.818050620008956,1.7907358599395287,0.7025291038552742,0.7326615945763466,4
1767258090416427825,9.739945831949814,1.8075932167647006,0.7024135126613521,0.7327169078825624,4
1767258090491457889,9.732967227481515,1.7668436416871351,0.7025217366823774,0.7326773937404903,4
1767258090541193508,9.5180525817552,1.7712514231381686,0.7023787649438952,0.7327293851256601,4
1767258090616431430,9.601728042010983,1.7520374562834689,0.7024583324133217,0.7327043867645663,4
1767258090691321443,9.633126791988577,1.7409622925763002,0.7024358218105212,0.7326368112350122,4
1767258090741434135,9.518746292431434,1.7631027093000422,0.7024307799048168,0.7327562032858987,4
1767258090816625770,9.554106604601099,1.7980951056062675,0.7023493564093632,0.7327374430675639,4
1767258091016689581,9.483554492900947,1.755690286188053,0.7023584051753539,0.7327214270621809,4
1767258091091987773,9.788075285414145,1.826116361849499,0.7024892118829066,0.7327557480281917,4
1767258091141786647,9.666607766178226,1.808644983596115,0.702365602224271,0.7327199952000104,4
1767258091416642509,9.735200972921687,1.8214000867837368,0.7024732659987729,0.7326995287530639,4
1767258091491545289,9.654021589434736,1.800514382159125,0.7023964881212292,0.7327165619610971,4
1767258091616292121,9.588600047377271,1.7839403493825012,0.7023243555521086,0.7327553926202882,4
1767258091691232992,9.718905081429586,1.7623640835851635,0.7026165236782421,0.7327262250414194,4
1767258091741322545,9.940988130187733,1.8468676038392158,0.7025560993948269,0.7327060453007427,4
1767258091816709310,9.763492794522488,1.798295750991139,0.7025252642828996,0.7327330636788613,4
1767258091941386193,9.35632706839884,1.7359426012216193,0.702261616303927,0.7327329448777731,4
1767258092016554673,9.592909249012127,1.772086330790795,0.7024598837854602,0.7327361104803267,4
1767258092091669115,9.511403220767045,1.764992051050265,0.7023739138375866,0.7327604227175445,4
1767258092141598957,9.570475184965787,1.7889123522544406,0.7022570316548791,0.7327048855260098,4
1767258092216536259,9.675135564357284,1.7638911368664776,0.7025789451531568,0.7326945609200228,4
1767258092291766003,9.49920307830232,1.7678317399708185,0.702357016145677,0.7327501762023629,4
1767258092416509569,9.560307966921421,1.7733304478057619,0.7024496914711341,0.7327628315222774,4
1767258092491179455,9.90482915541968,1.8029600240824908,0.7026806681873486,0.7327151097334554,4
1767258092541028517,9.67563006413441,1.7839015606664486,0.702485976805116,0.7327352494782919,4
1767258092691777816,9.806511214055291,1.7904725479879307,0.7026124054446068,0.7327335501980273,4
1767258092816904160,9.693893461079185,1.7621668565007258,0.7025708843594078,0.7327249578925618,4
1767258092891614140,9.649195412947842,1.7453387539724587,0.7026093527780527,0.7327449854692607,4
1767258093016488604,9.740126888011513,1.772627702425018,0.7024793727937472,0.7326825109253297,4
1767258093091398940,9.638832187441771,1.771089792070159,0.7024579114130771,0.7326815737070549,4
1767258093141332601,9.699258665714193,1.8155173180020956,0.7023309845653966,0.7326748009943334,4
1767258093291443998,9.648623242823673,1.783756254363366,0.7024316537067291,0.7326735086558628,4
1767258093341312671,9.772285319120444,1.8358771348788554,0.7023863223210889,0.732682436239334,4
1767258093416260452,9.711434490146775,1.8001721340554353,0.7023826105417609,0.7326757630707929,4
1767258093491132616,9.701382619674348,1.7851771113656927,0.7024899931866078,0.7327043095175703,4
1767258093541647179,9.701701703854315,1.7952299728291585,0.7025078835311077,0.7327056157581081,4
1767258093691855543,9.656303995590365,1.7745940110593492,0.7024141129798094,0.7327406298109082,4
1767258093741077732,9.76191277027616,1.7819469995067296,0.7025329639348312,0.7327176364896056,4
1767258093891519867,9.724221285714375,1.762179305067642,0.7025825486375882,0.7327137649778901,4
1767258093941688045,9.62130300895414,1.7431472574642848,0.7024925781737621,0.7326955875531777,4
1767258094091661843,9.688102072238136,1.7798360607597155,0.702567590708014,0.7327275713439739,4
1767258094216347922,9.634450329038868,1.7867927206278216,0.7023594123745857,0.7327137163567969,4
1767258094291561602,9.68671988365788,1.7685588392620226,0.7025541957854892,0.7327081311937721,4
1767258094340895758,9.767756519382665,1.7750000489485158,0.7025751516091749,0.7327170222324539,4
1767258094416585406,9.647622300100412,1.8384396183469358,0.7022251397096427,0.7327372539148831,4
1767258094491281445,9.786347389418859,1.785860564152181,0.7026031889370752,0.7327243181267146,4
1767258094541126400,9.991089659530882,1.7801481530473422,0.7027581301072893,0.7326734158371713,4
1767258094616665577,9.886674254938388,1.8255981926767069,0.7025103927403841,0.7326663392892133,4
1767258094691012472,9.843045282643237,1.8050828825739347,0.7025786957556701,0.7327412314884426,4
1767258094816243944,9.527374722885673,1.7704002840947852,0.7023851281274317,0.7327423469478945,4
1767258094891493831,9.614881176552181,1.7619411026789014,0.7023827644634403,0.7326931504045487,4
1767258094940927872,9.51627107674835,1.7739653917722846,0.7022939262062009,0.732676575585185,4
1767258095091311118,9.716643547321379,1.7715116963790485,0.7025182554802071,0.7326818544415515,4
1767258095141064213,9.543819469824966,1.728922815882425,0.7024825799093228,0.732718900707538,4
1767258095216281377,9.654270842494261,1.7705711655305245,0.7024225837668967,0.7326827547578548,4
1767258095341406186,9.651364156919584,1.7933985609215253,0.7024360345720051,0.7327472402989433,4
1767258095416412177,9.584643139250005,1.7802441115616912,0.7024050119567739,0.7327091610928533,4
1767258095491045286,9.598625090623703,1.7767797092106676,0.7024332376333537,0.7327343658041571,4
1767258095741059113,9.787226419769702,1.796637462010317,0.7025469120955617,0.7327062688310305,4
1767258095941661018,9.75367440011221,1.7570034140009014,0.7025905265991723,0.7326619762723835,4
1767258096141116240,9.827772103167876,1.8203577287492914,0.7026077167958328,0.7327398678003022,4
1767258096291498781,9.677676431500416,1.7878721634423729,0.7023912220130558,0.7326929590008955,4
1767258096341610212,9.54763532228542,1.7609510242067716,0.702400856664165,0.7327141740800092,4
1767258096490920823,9.752932008199489,1.7857663303971754,0.7025763455676766,0.7327079172373961,4
1767258096616590047,9.677039438734546,1.7895945620455582,0.7024845383759605,0.732731330586481,4
1767258096815995963,9.734013668347696,1.7481107156733118,0.7025473817591675,0.7326698276928174,4
1767258096891715335,9.502038129270751,1.7590165282252164,0.7023678127583467,0.7327156223487641,4
1767258096941293277,9.778708030953709,1.7724123385749828,0.7026984909031609,0.7327544141039689,4
1767258097141482768,9.649344731288977,1.7666884254280069,0.7025315744458096,0.7327436293536227,4
1767258097216604944,9.799963643560172,1.8235159659591185,0.7025134733746901,0.7327369970700957,4
1767258097291727055,9.582806397939736,1.7527203678674668,0.7024851426598142,0.7327307276766709,4
1767258097341423332,9.74999493616846,1.767505959466995,0.7025051009232756,0.732629746478373,4
1767258097416505091,9.469308282306299,1.7751673181010903,0.7022074342305202,0.7327014465862499,4
1767258097540991276,9.561631034933683,1.7880920630563435,0.7023088711294416,0.7327529932523589,4
1767258097615989478,9.623654715258612,1.7527941724510676,0.702508387872475,0.7327042762095419,4
1767258097691417153,9.480931739785149,1.769782175415711,0.7023309882681286,0.7327324323866793,4
1767258097816381265,9.600671375339154,1.7368542546561616,0.702462696713875,0.7326393941387213,4
1767258097891614938,9.690488448325763,1.7818530463471296,0.7024959716023551,0.7327476023771586,4
1767258098016860407,9.580066357738225,1.7576329754858533,0.7024704056543395,0.732740202147897,4
1767258098216020880,9.762247116815836,1.7709610035514978,0.7026207132856779,0.7327141316570107,4
1767258098291515401,9.540180273706401,1.746132991239538,0.7024531856971159,0.7327323455284978,4
1767258098341524915,9.618008134975709,1.7349814169329356,0.7026017633982372,0.732732884190687,4
1767258098416786119,9.599238260395992,1.7734996324814427,0.7025200680732281,0.7327737178453962,4
1767258098541449826,9.66868155627154,1.7530203674506475,0.7026015666782283,0.732699896160505,4
1767258098616535063,9.73118844908949,1.7816336217971118,0.7026053370687808,0.7326939653785456,4
1767258098741808127,9.604749007113945,1.7635288983782564,0.7024141640134328,0.7326778870352685,4
1767258098891527764,9.755639442525998,1.7816047740427723,0.7025545087545974,0.7327331938810371,4
1767258098941438898,9.72686622310881,1.7786903785582922,0.7024624283617066,0.7327034113087122,4
1767258099017006454,9.674584124674034,1.7771251795164282,0.7024944326641807,0.7327225186686201,4
1767258099141737815,9.708644701708401,1.7583571843119064,0.7026207885022927,0.7327562655111471,4
1767258099216609312,9.724921975127643,1.7798680522353305,0.7025087475942446,0.7326879361565596,4
1767258099291183565,9.650463539722654,1.752904442721537,0.7025733261918378,0.7327033026323485,4
1767258099416745302,9.744246887594453,1.764555844453788,0.7026277169331017,0.7326964467007613,4
1767258099491479378,9.708163304606998,1.7587267933226187,0.7025779586886696,0.7326983217352092,4
1767258099616516692,9.755903211899897,1.7814858975822199,0.702510938300431,0.732648998575648,4
1767258099691003951,9.650046343416708,1.7642303932723804,0.7025792993109253,0.7327600826498263,4
1767258099741202336,9.609307910137366,1.759156089790391,0.7024934427766527,0.7327444967058846,4
1767258099816082073,9.647956628279886,1.7709333913819676,0.7024510217394361,0.7326872635438193,4
1767258099891424285,9.718108663283932,1.777516538295752,0.7025050898604518,0.7327032137087957,4
1767258099941211444,9.642764489100397,1.7403163446296146,0.7025412336749043,0.732674011946312,4
1767258100016635398,9.651139824979115,1.8160890559874454,0.7023135466804664,0.7327406258595976,4
1767258100216120766,9.753636644141196,1.8154227083442513,0.7023933195853741,0.7326985634946932,4
1767258100341031326,9.788631461983721,1.7759701999774629,0.7026325896096229,0.7327064065228924,4
1767258100416909930,9.873380085112071,1.835247936207473,0.7025210070794214,0.732702255804938,4
1767258100491544681,9.75045781101269,1.7626477502635214,0.7026296077610017,0.7326995575012154,4
1767258100691673578,9.387676045662818,1.7544599832021304,0.7022594306842512,0.7327409417662929,4
1767258100741609317,9.682640416316278,1.7653709314238766,0.7025565278417112,0.7327325579224604,4
1767258100816119045,9.68376407780247,1.8008398598012834,0.7024268196303697,0.7327095329052232,4
1767258100891520313,9.633965810491363,1.8013379033712948,0.702416435913152,0.732736658342118,4
1767258101141567790,9.758581603435346,1.8319233482433304,0.7023738393610447,0.7327216715282069,4
1767258101291427605,9.758974567253276,1.813868494836697,0.7023728877489308,0.7326592041392171,4
1767258101341307762,9.909210682322978,1.8387989591858651,0.7025984569760122,0.7327375604161867,4
1767258101416255454,9.618908189065412,1.7760431809798745,0.7024076272036922,0.7326564012577338,4
1767258101541000791,9.787171380077453,1.8284700190447278,0.7024558862894074,0.7327026828723981,4
1767258101691106008,9.56521028611279,1.730451990811406,0.7025532908234758,0.7327105697290985,4
1767258101891250127,9.70157174610764,1.7673655848212988,0.7025935125101976,0.7327391843428144,4
1767258101941279919,9.765113426771999,1.7771516973352197,0.7025102263168093,0.7326552209113096,4
1767258102091248022,9.787647516190322,1.7700900367259202,0.7026679682300405,0.7327382047023423,4
1767258102141310626,9.64321925585876,1.7817693597248143,0.7024810686582035,0.7326974114195677,4
1767258102216055025,9.929431798811784,1.8057159300173848,0.702666915882898,0.7326696382286707,4
1767258102291499473,9.570884092718224,1.7997794831559464,0.7023110055047322,0.7327309612975733,4
1767258102341089733,9.648180848888188,1.7683451153801824,0.7024798732105999,0.7326599548091168,4
1767258102491575740,9.7758094071404,1.814353489622571,0.7023794604577935,0.7327315201780066,4
1767258102541077349,9.624458414296821,1.7618638519235177,0.7025158301608512,0.7327205614986947,4
1767258102691487821,9.691480277843612,1.7702946074421588,0.7025142158374089,0.732697288901255,4
1767258102740983674,9.695158169137908,1.7659290384605042,0.7024956644667985,0.7326829909234789,4
1767258102816283465,9.690919962851652,1.7866606651109884,0.7024244549260691,0.7326903831578417,4
1767258102940788754,9.759407724488355,1.8285298205150045,0.7024115284384143,0.732722345636813,4
1767258103016802879,9.719840326585905,1.7759759718504426,0.7025053942993162,0.7326830169022162,4
1767258103141420085,9.565607132248077,1.7408216642307477,0.702435852273187,0.7327026543732476,4
1767258103341239581,9.652764837963845,1.765248531911718,0.7024547770818961,0.732685354157637,4
1767258103416381319,9.731005978330654,1.7902265097357821,0.7024382159281899,0.7326818854540247,4
1767258103491367981,9.541240221377034,1.7633201926483195,0.7023543151822459,0.7327234983133967,4
1767258103541561463,9.552205193808504,1.7746083006890587,0.7024051627704736,0.7327316432547271,4
1767258103616397531,9.80975083165836,1.8157726218413444,0.7025064977482764,0.7326870016045302,4
1767258103741429179,9.619176556428188,1.761099447402765,0.7025211032017483,0.732693179048741,4
1767258103816451427,9.604670370332634,1.7676666203549818,0.7024460888611951,0.7327157607376652,4
1767258103891510082,9.538460950399008,1.7844389285757822,0.7023626718584918,0.732729863923799,4
1767258104016069491,9.799698069021257,1.751767830209887,0.7027117889579034,0.7326948058997652,4
1767258104091208140,9.529632838505941,1.760746321614062,0.7024704871211808,0.7327625378430047,4
1767258104216551184,9.869929100143281,1.8103356886080804,0.702619789037844,0.7327047051107565,4
1767258104541278848,9.605465527481538,1.8298403650856807,0.702341270287037,0.7327350553246038,4
1767258104616399891,9.673866509761542,1.7656737241717744,0.7025446965066512,0.7327056085041301,4
1767258104691144219,9.74424902130233,1.8097516703092917,0.7024187609500547,0.7327003284790681,4
1767258104741087770,9.731103211168657,1.7505246644848504,0.7025841407511041,0.7326843529969184,4
1767258104816609651,9.674804844816531,1.7743995001772435,0.7025311990004655,0.7327405769437787,4
1767258104891365496,9.535683481154301,1.7647979081403837,0.702422209958395,0.7327017574742093,4
1767258104941461137,9.678562663943847,1.789004913775108,0.702466922184111,0.7327189923312236,4
1767258105016591909,9.795429994584936,1.7658209612966798,0.7025994544901294,0.7326954692539382,4
1767258105216363072,9.442694101409966,1.7501395988920747,0.702377165769975,0.7327014229951256,4
1767258105291346991,9.684670081402613,1.7829273175331317,0.7023566608645072,0.7326899462954393,4
1767258105491772642,9.757756227173008,1.7983241535391288,0.7024376414712145,0.7326927367004694,4
1767258105541732995,9.784831900911506,1.7768093942924061,0.7026066324845309,0.7326844672865577,4
1767258105616400876,9.630394448335245,1.7898058143802649,0.7023084485358313,0.7326976303838125,4
1767258105690902626,9.62042669259111,1.7701037976065,0.7024108931174408,0.7326530789719584,4
1767258105816647058,9.764041585400228,1.7767712782932976,0.7025542897536835,0.7326885071446925,4
1767258105941478920,9.7354597552034,1.7498817228110806,0.7026130747811873,0.7327163871690987,4
1767258106091670994,9.552221694218321,1.7476755946868825,0.7023663195247088,0.732676027218209,4
1767258106291421476,9.776990744651659,1.8119987240726745,0.7024203623536953,0.7326678267307141,4
1767258106341607836,9.64838295811099,1.7743694663747684,0.7023752789224041,0.7326700124274637,4
1767258106415924376,9.541424488443306,1.7306690958330087,0.7024605513962191,0.7326660368040046,4
1767258106491591636,9.931621674300173,1.7971360170793487,0.7026317795550081,0.7326643412200827,4
1767258106691375060,9.59846522622465,1.7461475053267104,0.7024732308793656,0.7327021990283796,4
1767258106891539090,9.684487526015362,1.7698427813380535,0.7024937910370156,0.7326819981154379,4
1767258106941563230,9.79774826235047,1.8099383471024,0.7025331542603287,0.7326782389740827,4
1767258107016131793,9.779213033279222,1.7819876265794554,0.7025996603530866,0.7326717658890557,4
1767258107091074529,9.548446516520205,1.7399599316396406,0.7023631867826636,0.7326776073542575,4
1767258107140962750,9.567502980217135,1.7811147447670514,0.7022763198241595,0.7327332772631082,4
1767258107217024932,9.747967178780016,1.8009980879660825,0.7024011015182922,0.7326190205999136,4
1767258107291731192,9.733419615561068,1.7669742615682331,0.7026017481711453,0.7326922551411399,4
1767258107340955519,9.719260279910213,1.7676564678319644,0.7025779048700528,0.7327067210898974,4
1767258107416521147,9.682518140363804,1.784520140260325,0.702422416280971,0.7326921480895854,4
1767258107541424333,9.732736846696177,1.7506372711787332,0.7026575534637277,0.7327319305696309,4
1767258107616537177,9.675168500976161,1.7628008766743524,0.702615379663404,0.7327501397680816,4
1767258107691640430,9.666327211220516,1.7709944113396265,0.702522412708634,0.7327433380267887,4
1767258107816345340,9.756821861327648,1.7601197249761569,0.7026564533503326,0.7327347812665925,4
1767258107891244971,9.808760755111168,1.8365139864143685,0.7024631669550778,0.7327591467263542,4
1767258107941068646,9.590388658405779,1.775594814136184,0.7023400366105348,0.7327042814951797,4
1767258108015817513,9.639926003166543,1.8093935153753868,0.7023905810229794,0.7327366804758972,4
1767258108141485056,9.89499089821888,1.8143189399283466,0.7025990240811965,0.7326899950002432,4
1767258108216307957,9.722705457377634,1.7816094814886076,0.7026015872762857,0.7326814195979686,4
1767258108291442812,9.513065325527315,1.7486882965314983,0.7023517312968364,0.7327228692554226,4
1767258108341015084,9.65406252969725,1.776997366216512,0.7025185126055075,0.7327133047854661,4
1767258108416106979,9.795145744363687,1.7804039822942814,0.7025517775375145,0.732691861391879,4
1767258108491611408,9.658708497164659,1.7591095669222039,0.7025060169891986,0.7327060360098624,4
1767258108541425060,9.785513060686757,1.7858641290943942,0.7025670035356777,0.7326610736162973,4
1767258108691547747,9.809664837093447,1.8081585289071676,0.7024832914710082,0.7326544126590284,4
1767258108740922374,9.371323839487356,1.7871347356290452,0.7020865607353524,0.7327169660784402,4
1767258108816568679,9.836857795994746,1.7996346236213323,0.7026265553162327,0.7327057958119029,4
1767258108891295301,9.643246651049985,1.7828683197309294,0.702454803498926,0.7326863378262044,4
1767258109016827772,9.806392344611226,1.786749947051197,0.7024891875214294,0.7326683046829383,4
1767258109091771808,9.770731222938146,1.8146669362701617,0.702485506822434,0.7327040655129934,4
1767258109141808762,9.541747678153856,1.787030578279844,0.702319548084579,0.7327250482676639,4
1767258109216927035,9.601532158235116,1.779771951065663,0.7024507447117512,0.7327169759187872,4
1767258109291845879,9.607102926829425,1.7604342478013373,0.7025597038015398,0.7327151293682482,4
1767258109341832695,9.754853192517565,1.7918948501366894,0.7025743711543346,0.732747513380844,4
1767258109416518658,10.0243075520412,1.8069726560818762,0.7028896871058365,0.732707110984332,4
1767258109491766485,9.887115162939274,1.7838705091095592,0.7027435081006624,0.7327106623523517,4
1767258109541548059,9.781221762299342,1.8031743366711797,0.7025422401633032,0.7326855645553849,4
1767258109616611666,9.702816481574006,1.805447768540006,0.7024423071737323,0.7327290509734461,4
1767258109691418357,9.680021751070633,1.7516404438908522,0.7026093759690358,0.7326647649949918,4
1767258109740942626,9.706747794372085,1.7847007914174648,0.7025023473543877,0.7327358164760839,4
1767258109816130665,9.536917832527415,1.7578233562685288,0.7023509762952279,0.7326934780796973,4
1767258109891066282,9.772794709250965,1.7875859070439626,0.7024179106988753,0.732695419068807,4
1767258109941144312,9.669169703370283,1.771119827098878,0.7024141104611263,0.7326684459238095,4
1767258110091090588,9.737534531748192,1.7800884371715047,0.702489146959521,0.7326710044636527,4
1767258110141469378,9.913789391875149,1.8164560214905021,0.7026358555799184,0.7326973696215633,4
1767258110216432819,9.678485845446394,1.7747005429138905,0.7024501012738759,0.7326521427624602,4
1767258110291480769,9.510038031300683,1.748303156085988,0.7024029584037003,0.7326819275022027,4
1767258110490983634,9.466591546802295,1.7268284784123888,0.7024724673209909,0.7327534250542809,4
1767258110541605671,9.916667748409935,1.8366962058652225,0.7025819300910716,0.7326794756302069,4
1767258110691296926,9.410824035452903,1.7518223197993052,0.7023649220433684,0.7327242844192207,4
1767258110740947680,9.682441113377237,1.788539455912213,0.7025012384533996,0.7327341495805936,4
1767258110816269267,9.747471173720212,1.753405410578939,0.7026422674481616,0.7326562403918462,4
1767258110891456139,9.482860701544693,1.7460276188130166,0.702333856007037,0.7326820756334961,4
1767258111015846304,9.90027769781432,1.8230629430666165,0.7024735962954046,0.7326953155509461,4
1767258111091213015,9.660253109086803,1.8019413499717882,0.7023743257726321,0.7326972675758198,4
1767258111291504427,9.72615378885433,1.7636610110429072,0.7025861052244918,0.7327036899076845,4
1767258111341310073,9.69951633805477,1.769639255283755,0.7025051193651597,0.7327135839834452,4
1767258111416902778,9.805049224336893,1.7944051506482894,0.7025482535091201,0.7326963627062032,4
1767258111491625096,9.626898313258359,1.7957221806364185,0.7023008227529124,0.7326821184141576,4
1767258111541631399,9.972771855929041,1.8030476300094258,0.7026918114625385,0.7326469325881377,4
1767258111616607173,9.657703902187675,1.7610211361711774,0.7025171879900345,0.7327151642612353,4
1767258111740879577,9.712210979223702,1.7806654390944654,0.7026119684385462,0.732698445854846,4
1767258111816161069,9.900364115812632,1.7717783363701225,0.7027280327095679,0.7326479716250942,4
1767258111891299932,9.714024971242964,1.821209211004865,0.7024194217772838,0.732712428809908,4
1767258112016685843,9.801410554727052,1.7987580432960628,0.7025638199643264,0.7326888428932269,4
1767258112091602162,9.837975723574921,1.7842213141242436,0.7026146317518351,0.7326880075358625,4
1767258112141426832,9.728360833930694,1.8098591993766926,0.7024560892888909,0.7327346957061749,4
1767258112491161311,9.577142732234423,1.80061733440354,0.7023021725322697,0.732685706786178,4
1767258112541243751,9.780076951561467,1.8119937646163864,0.7024807448103183,0.732678872980021,4
1767258112616362880,9.805257000358392,1.7990505060562882,0.7025148743215341,0.7326844913728257,4
1767258112691239077,9.436302621300797,1.7623681082672833,0.702194580322222,0.7326718792902165,4
1767258112816524050,9.760564367496837,1.7899209814559354,0.7025998659971164,0.7326780601885798,4
1767258112891309358,9.715823291921556,1.7972247103235657,0.7024430788645261,0.7326867908333519,4
1767258113016086771,9.784252261119896,1.766373275315131,0.7025728355899796,0.7326541659093332,4
1767258113091197845,9.468549661037606,1.7300133469710128,0.702371048677659,0.7326585554882619,4
1767258113140886035,9.673816025347781,1.833134406346893,0.7022946421247086,0.7326920914595717,4
1767258113291268392,9.947842290012776,1.787864300542705,0.7027105723742764,0.732642644772491,4
1767258113341291461,9.628958370011432,1.7627515134739575,0.7025176665227312,0.7327002850322437,4
1767258113416651727,9.80243912572709,1.778024623652504,0.7027139510118279,0.7326947144881087,4
1767258113541970632,10.021743258420535,1.8397655900021745,0.7026691861253099,0.7326747032168035,4
1767258113616604075,9.645904199714227,1.8000075557353612,0.70224466020564,0.7326835190431388,4
1767258113816098651,9.5163413493623,1.7884595404109127,0.7022111083485075,0.7326881671223517,4
1767258114016444183,9.659655737389695,1.7578260983406702,0.7025404477831243,0.7326850900130244,4
1767258114091414885,9.76045473429843,1.7861365301547536,0.7025797475951603,0.7326942895841134,4
1767258114141729653,9.639738648502316,1.7953876644067093,0.7023355120770968,0.7326755645918014,4
1767258114291698370,9.757641469553713,1.8165100600255528,0.7025737158130803,0.7327607519845796,4
1767258114341344960,9.735777041382732,1.7603549085478878,0.7025750570493059,0.7326662109334892,4
1767258114416511185,9.804805203202704,1.8221234559320292,0.7024530846613435,0.7327269368178888,4
1767258114491268120,9.837105274401626,1.7638337258536754,0.7025877309260149,0.7326198202900572,4
1767258114541024761,9.628281498249457,1.7548204510767829,0.7025280009006095,0.7326616151678937,4
1767258114690912531,9.797599612770602,1.8162549938346935,0.7025452572694593,0.7326950200877321,4
1767258114816493412,9.876341912934961,1.7789600303986646,0.7025765521220008,0.7326304073083258,4
1767258115016515901,9.85852739580162,1.827261610362744,0.7025788615111238,0.732753100092691,4
1767258115091374649,9.518000748280798,1.7590215165627503,0.7023626497308183,0.7326912563572439,4
1767258115140941454,9.638054549688025,1.7916941329001304,0.7025417000090877,0.7327428859419182,4
1767258115216153491,9.902531170639994,1.7765475280338687,0.7027340532439587,0.7326634593725746,4
1767258115291594022,9.4542305515104,1.7479092548171982,0.70226952074118,0.7326804666596493,4
1767258115341545517,9.644592768507154,1.7736995967735116,0.7024692150185594,0.7326930194692118,4
1767258115416347176,9.738763788814776,1.7580481687274176,0.7026021897200591,0.7326867357379016,4
1767258115491265673,9.735194509395306,1.7577777643484809,0.7026060949885357,0.7326578523663331,4
1767258115541540572,9.727358400304587,1.803351758475719,0.7024564983525307,0.7327369228296782,4
1767258115616208882,9.734746671024919,1.7803298218,0.7026219661867783,0.7327351669991047,4
1767258115691375420,9.886627297379768,1.7798999647213134,0.7026271275275628,0.7326596134500086,4
1767258115741475308,9.726323816054094,1.77850341911341,0.7026099323043671,0.7326610876815626,4
1767258115815910145,9.986360312226882,1.808469949797829,0.7027606007847416,0.7326884544768426,4
1767258115890943358,9.956341442419303,1.7988417716148257,0.702724865264504,0.732690565650982,4
1767258115940946326,9.695498305235862,1.8243546168399407,0.7023686678749471,0.7327037435818904,4
1767258116016126153,9.641337171148233,1.788247954582358,0.702398003638502,0.7326919024807714,4
1767258116091552358,9.739128523047258,1.7809677484668245,0.7024844740833894,0.7326804982419524,4
1767258116141427719,10.100027060697903,1.819663472885367,0.7027417604764993,0.7326468421443708,4
1767258116216812566,9.546345431454606,1.770996714825241,0.702347245289789,0.7326889067277464,4
1767258116291617844,9.503606141852972,1.7630096327999658,0.7024030427291807,0.7327366811528423,4
1767258116341828199,9.604194278141076,1.7908964894730184,0.7023497762695176,0.7327045538166332,4
1767258116491411547,9.572158875377879,1.7734062711006884,0.702429831034126,0.732715883876005,4
1767258116541607801,9.644973085138563,1.7561090502537426,0.7024994592347128,0.7327181344200634,4
1767258116616883692,9.849292352480553,1.826095948524433,0.7025861173921712,0.7326755685267062,4
1767258116691345088,9.777527568301302,1.8113043610100843,0.7023812864363297,0.7326287260701418,4
1767258116741047445,9.765537577214545,1.7974949161604696,0.7025688564459767,0.7327398139472098,4
1767258116891425340,9.650203634517517,1.804245016690136,0.7024299018645968,0.732717437774086,4
1767258116941548412,9.906648560952803,1.7996270995288426,0.7026503335205911,0.7326496282369283,4
1767258117016678640,9.671094089737098,1.7771852784428903,0.7024867066412598,0.7326919415135911,4
1767258117091561928,9.642293929236768,1.7712876480845066,0.7024615708887884,0.7326866779507731,4
1767258117141645071,9.760466890272767,1.7962568697101695,0.7025551131123227,0.7327116122691587,4
1767258117216607798,9.640250045480304,1.7686574139969407,0.7024211734645325,0.7327216358820916,4
1767258117341461606,9.752065426595568,1.8008779238906616,0.702528729906965,0.7327219334705786,4
1767258117541470410,9.721065446765653,1.730173450318239,0.7026705077112905,0.7327230947648585,4
1767258117616305304,9.66399172736676,1.7747835107240548,0.7024216085925497,0.7326514973280798,4
1767258117690966056,9.71749921454823,1.7798608040185984,0.7025105311190241,0.7327113198747208,4
1767258117741118589,9.89664394299805,1.7859459594632363,0.702700467789653,0.7326721539460074,4
1767258117890755077,9.775918000286875,1.7494314955981962,0.7025834349790134,0.732629855706942,4
1767258117941458621,9.906939155713278,1.7996558825030982,0.7026684746124777,0.7326715479764699,4
1767258118016474087,9.639516073531752,1.767020844226216,0.7025076322772367,0.7327152650900032,4
1767258118091345241,9.552670902507,1.7445552172901178,0.7024405243274334,0.7327080034336371,4
1767258118141197151,9.62247725869403,1.7828288348641852,0.7023919363815926,0.7327253199213636,4
1767258118216656699,9.345334815588856,1.7500237047341287,0.7021509293783855,0.7326859848067477,4
1767258118291758009,9.51112381061414,1.7709202860159037,0.702211778136625,0.7326344817176712,4
1767258118341700468,9.68107709731414,1.75946739785808,0.7025062786791405,0.7326999787041637,4
1767258118541397433,9.646853147814326,1.777944123679789,0.7024081340305809,0.7326824883147725,4
1767258118616276357,9.745886394686543,1.7707494662076442,0.7025689837807422,0.7327030916764381,4
1767258118690961805,9.775529573999853,1.806921709418232,0.702531615322699,0.7327454416788083,4
1767258118741583037,9.542844214867285,1.7619283771898644,0.7024804570474443,0.7327217898368857,4
1767258118816124806,9.797127936998272,1.809599797527358,0.7025325156470551,0.7327245470818303,4
1767258119016350083,9.635686351223027,1.8046866087078037,0.7024041074386924,0.7327258222248321,4
1767258119091448845,9.769898654363175,1.8055087070204117,0.7026263820199674,0.7327379706848745,4
1767258119141382228,9.714146117843159,1.7766861782758234,0.7025404154847599,0.7326891981747566,4
1767258119291510533,9.68089424381835,1.7807678141012249,0.7023803585237236,0.7326612901046097,4
1767258119341658542,9.712777078489943,1.7921752694286655,0.7024869070494304,0.7326970237102863,4
1767258119416047132,9.75817895302933,1.7908355394678657,0.7024902241501565,0.7326782183542865,4
1767258119491533441,9.721899796468868,1.8016740990682405,0.7023777296842344,0.7326583220531555,4
1767258119541507296,9.694683632910372,1.7725589115023652,0.7024733565332725,0.7326535008468509,4
1767258119616361613,9.87100392587703,1.8033489135835097,0.7026519990344771,0.7327076882307069,4
1767258119691458646,9.786099377188883,1.8240988026734106,0.7023969194934753,0.7327314553855628,4
1767258119741595333,9.689806027243343,1.781880260008667,0.7024635010818355,0.732699467449015,4
1767258119816590455,9.560222635442095,1.7804319567634075,0.7023226491230631,0.7326469233445518,4
1767258119891630906,9.642516895720155,1.7769394650806372,0.7023557074726097,0.7326802984030022,4
1767258119941641458,9.792575837694217,1.8030688417437206,0.7025313232588227,0.7326843822353611,4
1767258120091715852,9.604700060828364,1.7968522841233223,0.7022720966292062,0.7326198591090118,4
1767258120291495428,9.790156793059722,1.7808024058340695,0.702643491460673,0.7326959909319106,4
1767258120491540521,9.639188205765592,1.7916283460383564,0.702462348379492,0.7327037752345139,4
1767258120616183656,9.737132561786321,1.7830356650740213,0.7024126510343308,0.7326558167399818,4
1767258120691373476,9.721084846343487,1.773267338674888,0.7025131788685778,0.7326742589836381,4
1767258120741555196,9.762859636129662,1.7957152707512258,0.7025745098418988,0.7326887152062713,4
1767258120815901822,9.593661607116278,1.7862832361753038,0.7024045450676452,0.7326773223926791,4
1767258120891721986,9.6036122317652,1.7992616256212068,0.7023924783331985,0.7327314609838986,4
1767258121016138769,9.508865850702763,1.7581235619681765,0.7023636867438914,0.7327038669547461,4
1767258121091179036,9.64189914804059,1.7885562906715124,0.7024110639548733,0.7326766460977628,4
1767258121141285635,9.66777537699337,1.7686635967181128,0.7025789685802043,0.7326974160916595,4
1767258121216530835,9.751805532289492,1.8261442317095156,0.7023307179585361,0.7326974098573124,4
1767258121291536788,9.6579107136745,1.7515820660846257,0.7025856934911654,0.7327234630546686,4
1767258121341197683,9.679751917417878,1.766384619451383,0.7025262206427494,0.7327376266210655,4
1767258121416670597,9.783163086443224,1.8093724145651662,0.7024549118659279,0.7326726764704534,4
1767258121491212578,9.513698811165149,1.7883520903321555,0.7023152867037892,0.7327619559552204,4
1767258121540908789,9.75071739421951,1.7793020861322368,0.7025771608488534,0.7326541342132791,4
1767258121615962568,9.638238845403158,1.8118877881866196,0.7023489578233416,0.7327084544966677,4
1767258121741607736,9.701646183013946,1.7890666372944708,0.7024973526552226,0.7327317109535146,4
1767258121816807695,9.824714080609365,1.7482537251202108,0.7026457673138072,0.7326542678520501,4
1767258121891282713,9.637893089155414,1.7838761145912045,0.7023654164687536,0.7326913253524882,4
1767258121941104829,9.4752204345655,1.7951766618578184,0.7022199680186642,0.7326997328751922,4
1767258122015882386,9.603379044269445,1.751772867561853,0.7024656432153644,0.7326753998213185,4
1767258122091435719,9.560031510981503,1.8013719351551547,0.7022658457225078,0.732730343421857,4
1767258122291218698,9.538160333014023,1.7613313469133602,0.7023580066478959,0.732696392121045,4
1767258122341058787,9.582601572332816,1.7936878117662667,0.7022896438397478,0.7326833219693843,4
1767258122416099603,9.748577213271936,1.818811881992335,0.7024815230230311,0.7327720994416395,4
1767258122491081956,9.695862896773487,1.8207575385829458,0.7022765262202635,0.7326302261225681,4
1767258122541123467,9.57508670982743,1.7483595869273603,0.7024204383495914,0.7326873890212999,4
1767258122616397715,9.936575291183637,1.7879490954537323,0.7027412552068678,0.7326739185836378,4
1767258122741064059,9.554854317458727,1.771558186963364,0.7023852876075459,0.7327042663960817,4
1767258122816523421,9.602873483509189,1.7552416011999148,0.7023741525878102,0.7326718909027375,4
1767258122891621888,9.823237043656174,1.7711764001284271,0.7026254195596981,0.7326579922694907,4
1767258123091398681,9.62441905440803,1.7743267254849362,0.7024787146806218,0.7327379582748326,4
1767258123141038025,9.757889217454574,1.8042765902328277,0.7024735578547856,0.732692901656323,4
1767258123216600981,9.807367028793589,1.7725736246399784,0.702609202142788,0.7326822705093897,4
1767258123341197845,9.817172843690102,1.768607886367288,0.702600926906486,0.7326491871800634,4
1767258123541814262,9.589638461705242,1.7707648934912557,0.7023748931785301,0.7326622620130322,4
1767258123616103017,9.709767756680531,1.791422451890559,0.7025256950143818,0.7326714610284988,4
1767258123741140583,9.718670011015895,1.8142354848718554,0.7023776042584081,0.7325987888762502,4
1767258123816209403,9.769278893421829,1.8075411591595896,0.7024042436008852,0.7326823812401878,4
1767258124091314086,9.673039955451657,1.7856082526049595,0.7025236327696495,0.7327294941892327,4
1767258124216375413,9.744420469233294,1.7909363483612653,0.7024265087647809,0.7326660572190391,4
1767258124341293850,9.560154368647877,1.7538817702891236,0.7024450193392819,0.7327404882842844,4
1767258124541325209,9.669714370571626,1.7964558271483249,0.7024075508646868,0.7326297728733258,4
1767258124741044411,9.704653437094922,1.7892891307853391,0.7024653896917175,0.7326947781226311,4
1767258124815858911,9.806817866695571,1.817781947188043,0.702501739329591,0.732714467289186,4
1767258124891354498,9.847994963170015,1.801910372187948,0.702521502744429,0.7326626894550039,4
1767258124941444899,9.74964222897201,1.8002902406370442,0.7025348543607051,0.7327387517408914,4
1767258125016659307,9.705017149247874,1.7725261727061692,0.7024948328656383,0.732672049178593,4
1767258125091679739,9.649821397466617,1.7935351019927708,0.7024063028937272,0.7327095802645993,4
1767258125216585322,9.563049475356355,1.807215725983164,0.702270877766624,0.7327323697661517,4
1767258125291771802,10.002397341418723,1.8449301558565827,0.7025771957602284,0.7326600697236649,4
1767258125491497064,9.793679295204027,1.803444520026089,0.7024935830661442,0.73268409717081,4
1767258125616158162,9.811249993718963,1.795352583752159,0.7024951590306419,0.7326757490728661,4
1767258125691186830,9.58368092659001,1.73813152019546,0.7025006657635741,0.7326955615122305,4
1767258125740962506,9.892781424950424,1.8249592815036828,0.7024934312718043,0.7326896974543832,4
1767258125816280403,9.678628429763414,1.8065249703395956,0.7023764563989209,0.7326995763642489,4
1767258125891347451,9.767347573635066,1.7666155569775333,0.70263542405716,0.7326771707026174,4
1767258125941503154,9.712095317696456,1.778840025504586,0.7024048857485166,0.7327077907910134,4
1767258126016472111,9.821911577811203,1.8083788286463758,0.7024861082401722,0.7326702043282829,4
1767258126091358014,9.453209532047424,1.7256560390491655,0.7024680209270792,0.7327305320497288,4
1767258126216291168,9.684926981153975,1.8040994664488137,0.7023325600309843,0.7326767745265311,4
1767258126291113104,9.54144159839565,1.7616518743801486,0.7023082485185702,0.7326794683202696,4
1767258126416639777,9.573190637201968,1.7738148664994247,0.7024436072885958,0.7327282282406343,4
1767258126491828234,9.595271836530305,1.7583983062971196,0.7024227393022866,0.732657658764,4
1767258126540989466,9.690629356548076,1.7433527366585733,0.702597486856752,0.7327071459732943,4
1767258126891516196,9.691857840420814,1.7746442359740695,0.702530687597167,0.7326777181653299,4
1767258126941202595,9.700005687434343,1.7784234068205946,0.7024773335265265,0.7327025152002279,4
1767258127091884813,9.638039106429797,1.779005337229712,0.7024578008458298,0.732660810511216,4
1767258127140951557,9.855798145803728,1.8140708617632242,0.7025217411359325,0.732687586071505,4
1767258127216073490,9.733378856287,1.7754991327739988,0.7024763689814156,0.7326203233939163,4
1767258127291766428,9.702165676081286,1.8166798617831228,0.7023439298350798,0.7326674429545535,4
1767258127341514813,9.879091029115994,1.8122385680389774,0.7025105104357072,0.7326631163653649,4
1767258127416545366,9.879867267337916,1.8122348884770854,0.702533705124023,0.7326592991404021,4
1767258127491686713,9.72104625116199,1.7765482754759252,0.7024606186289885,0.7327014245660154,4
1767258127541948666,9.605559468992997,1.767753188200121,0.7022760778727405,0.7326251229640404,4
1767258127616288499,9.62149821778835,1.7799046944457915,0.7023648236674153,0.7326947390164913,4
1767258127740883761,9.75677722160806,1.8031028390436536,0.7024436281550037,0.732630190891818,4
1767258127891464692,9.785609486771985,1.8150979531418563,0.702498193245326,0.7326994365661562,4
1767258127941133564,9.60767039310262,1.7672041450674638,0.7025304784841652,0.7327351420428703,4
1767258128216248045,9.702532217326754,1.784064098754647,0.7024765146901623,0.732675618508817,4
1767258128291477404,9.636440513014154,1.785833657886337,0.7024455017926152,0.732736390117873,4
1767258128341139167,9.482929193813439,1.7528560527658301,0.7023835399996984,0.7326924323013809,4
1767258128616624027,9.789014558721387,1.7730265708182076,0.7026694325812431,0.7327074191140981,4
1767258128691070399,9.650243449956575,1.7912475824274614,0.702276884038915,0.7326672381517753,4
1767258128741786397,9.685448321016477,1.7774262597437243,0.7025324067375891,0.7327016373947888,4
1767258128816765738,9.735074251118414,1.782438275457369,0.7026119528863997,0.7327267285760163,4
1767258128891401627,9.88291015094822,1.7634763090735848,0.7027201630539067,0.7326239335143053,4
1767258128940928850,9.651581868020177,1.7841397375957948,0.7023598339495429,0.7326332602763381,4
1767258129016023906,9.584230630886537,1.8085235618649533,0.7022946458869227,0.732710177195971,4
1767258129091126840,9.690475522603826,1.7720520481392978,0.7025999440784612,0.7327071192370413,4
1767258129141097744,9.690835766160589,1.804244712261175,0.7024862066443495,0.7327228477662101,4
1767258129216205064,9.662038896432357,1.7838850408635671,0.7025368151207364,0.7327188811435151,4
1767258129290933498,9.571889361104425,1.733281499270755,0.702598153971483,0.7327194709842527,4
1767258129341053110,9.65094519116494,1.8278753031797843,0.7022907359172645,0.7327189923483006,4
1767258129416187112,9.419727843785086,1.7716619454214686,0.702265005428719,0.7327220733529264,4
1767258129541121619,9.558253998503519,1.7895029844580563,0.7023393474882914,0.732724243191545,4
1767258129690866231,9.66503473957292,1.7380470586849224,0.7026799276517174,0.732695886561297,4
1767258129741378516,9.780360655352816,1.7804837733362064,0.702531840603692,0.7326428241828985,4
1767258129816669137,9.70444936652104,1.7794040054798599,0.7025063472574663,0.7326803892666267,4
1767258129891492134,9.721489304676755,1.7904860467689032,0.702445455458036,0.7326590810258022,4
1767258129941036414,9.95606504550073,1.7992903652915846,0.7026782285158536,0.732678329502416,4
1767258130016727128,9.768538157683192,1.7782481071398055,0.702560365575387,0.7326659274304885,4
1767258130091565458,9.637195951736954,1.7783443383889004,0.7024643136483701,0.7327311271356735,4
1767258130141672589,9.77900920178254,1.78472874438424,0.7026139320018743,0.7327017471941135,4
1767258130216743957,9.732003563205582,1.7815020241361832,0.7024176815076343,0.7326559119933237,4
1767258130416517864,9.769372335270198,1.7661241260692122,0.7025141051052873,0.7326107284808673,4
1767258130491338040,9.748720378115582,1.75209455713746,0.7025642223194812,0.7326726860054336,4
1767258130541420963,9.864210116202532,1.781315197865278,0.7027506784145187,0.7326894234787626,4
1767258130616640841,9.933986352923085,1.7950154165997796,0.7025924768478213,0.7326223023389618,4
1767258130741690066,9.967707109253766,1.8410202840080332,0.7026620228465118,0.7326793693226787,4
1767258130816276969,9.5637596300715,1.7898576833357491,0.7023205477342768,0.7327194103011896,4
1767258130891661835,9.847460380022044,1.8066127980101732,0.7026048463074492,0.7326838960809885,4
1767258131017106659,9.733895449185681,1.7868804571580095,0.7025520015737546,0.7327080196100499,4
1767258131091376916,9.576471700425415,1.783146209368147,0.702304034903728,0.7326778540791888,4
1767258131141741955,9.642934241051226,1.8051245465603316,0.7023618603694237,0.7327360026565051,4
1767258131216693343,9.64915244492226,1.7724349000411044,0.702502999202126,0.7326844446457528,4
1767258131340896106,9.7124457418154,1.7953709283289183,0.7024406407751457,0.7327050757271197,4
1767258131416168745,9.771269992933206,1.743231367766309,0.7027292454941777,0.732712545531737,4
1767258131490868927,9.660963364879871,1.7885498652966774,0.7024573745776346,0.7326776279463467,4
1767258131541916833,9.963323602539042,1.8299842904767694,0.7026405485230077,0.7326888896164067,4
1767258131616115666,9.770626461462872,1.7356986847697842,0.7027453170473902,0.7326986340254931,4
1767258131741508879,9.498042158862074,1.7606032411043062,0.7022970402170744,0.7326655244761245,4
1767258131816397656,9.904479970190504,1.7884348534650858,0.7026154069504981,0.732624130453133,4
1767258131891528227,9.52468382417293,1.7858905301201689,0.702305204677342,0.7326820647645527,4
1767258131940959593,9.872173061790669,1.7770303418952893,0.7026964559205476,0.7326722764481509,4
1767258132016212557,9.948026775699613,1.8107112688776685,0.7026722444288654,0.7326838922097932,4
1767258132091476395,9.842649894329814,1.784493985787417,0.7025852050019566,0.7326080301199824,4
1767258132215875836,9.902853147860213,1.8149073609680766,0.7026445847422875,0.7326777718768316,4
1767258132290929294,9.741179607275384,1.8000884878905972,0.702468291934193,0.7327354103257054,4
1767258132341348684,9.89390707018356,1.7771424367762414,0.7026582569400728,0.73264480399109,4
1767258132416619506,9.471986232661656,1.7204040239327336,0.7024057013861229,0.7326780322427727,4
1767258132541571064,9.926304357270933,1.8147924416316887,0.7025945805568453,0.7326769282350587,4
1767258132616759085,9.95253558483844,1.8259561504602673,0.7026874796024519,0.7327042469684568,4
1767258132941242151,9.555114902614847,1.794379611062402,0.7022781718528706,0.7326740459985809,4
1767258133091153649,9.616597410413874,1.7932082703535799,0.7024022931683651,0.7326832547808262,4
1767258133141139889,9.761957078026517,1.7956305474082543,0.7024985958407046,0.7327019196486187,4
1767258133216759812,9.77793547747674,1.7618638062318293,0.7026630750614677,0.7326901259846933,4
1767258133290943250,9.744407476002802,1.8222345710110213,0.7024100285676199,0.7326954389983654,4
1767258133340987272,9.719740921912745,1.7942367758340472,0.7024575877299433,0.7326684814755522,4
1767258133416442285,9.842860882594117,1.824152177947221,0.7025526024788573,0.7327170137794132,4
1767258133491047608,9.853707874737495,1.7931144060765867,0.7026298340340398,0.7326505182875043,4
1767258133691074441,9.721999433648044,1.7701143744044603,0.7025340759257279,0.7326982436479648,4
1767258133741113999,9.576219112640949,1.747128988896683,0.702489207825133,0.732714767495314,4
1767258133815974903,9.89952935580396,1.7938544039325885,0.7026056834287546,0.7326291920301992,4
1767258133890915148,9.252418851365519,1.7077645354427338,0.7021809393986815,0.7326669888892259,4
1767258134091407962,9.839883240656766,1.854981674440017,0.7025110799743509,0.7326896102829817,4
1767258134140975372,9.799936315829205,1.7802041947189637,0.7025996089008747,0.7326929444079898,4
1767258134216124916,9.714603342200423,1.7671660306457535,0.7025145430080647,0.7326584682806301,4
1767258134341491093,9.577763087604495,1.763229334486236,0.7024296846713527,0.7326755021380289,4
1767258134491334656,9.696725739333889,1.8015654873812033,0.7024130676442228,0.7326487148661662,4
1767258134541300676,9.87204337986114,1.7640729756245053,0.7028039689287943,0.7326444017189826,4
1767258134691059588,9.755006181032421,1.8011444853452165,0.7024468020368722,0.7326643507294933,4
1767258134816185405,9.628466293702065,1.7932057203021001,0.7024163471399271,0.7327379741673302,4
1767258134891632076,9.519940950225902,1.7894242949540238,0.7022707418976322,0.7327248627100393,4
1767258134941078713,9.748059905428153,1.8027736314931626,0.7024498436664719,0.7326508487467546,4
1767258135016668768,9.892576481914773,1.812367384245627,0.7025237128035394,0.732666982344309,4
1767258135091116291,9.910499277556939,1.7926263968176872,0.7025862774396432,0.7326283746978685,4
1767258135141150179,9.889110578412241,1.8270314952733346,0.7025578577306713,0.7326802275230321,4
1767258135291608509,9.616669440555391,1.7508640324686178,0.702521948233863,0.732717655750659,4
1767258135341751934,9.617296758577364,1.7740101578915943,0.7023577406873767,0.7327105721291189,4
1767258135416075168,9.72055139193284,1.7871895991154054,0.7025354974840005,0.732740596184231,4
1767258135491120755,9.54937249317178,1.8060745547316543,0.7023008326449023,0.7327285784457683,4
1767258135541047189,9.767031734765009,1.79463208097533,0.7025566398217306,0.7326874946246921,4
1767258135616435888,9.766818670960298,1.8090110047853798,0.702569218291098,0.7327413059837821,4
1767258135816660226,9.936134153233024,1.8102328432215633,0.7025968884703044,0.732662565169119,4
1767258135891050703,9.866659082937046,1.7925897743485046,0.7025534904602725,0.7326465296435692,4
1767258135941591139,9.736764021863076,1.7918426597854593,0.7024343388816771,0.7327161318892592,4
1767258136015954820,9.925455803281302,1.8429910867411723,0.7024592156431221,0.7326533263371103,4
1767258136216720781,9.743822096433984,1.7786662800338506,0.702545502892944,0.7326905182394717,4
1767258136341493557,9.787146258323109,1.7803817615998574,0.702568035213817,0.7326667527942623,4
1767258136490987626,9.694527390000541,1.8011203907058815,0.7024540265827246,0.732695166202845,4
1767258136541565724,9.57761203771257,1.803117221687745,0.7022414389390398,0.7327126326439786,4
1767258136741567110,9.836743298583972,1.8285764080775195,0.7024014727709277,0.7327309985884835,4
1767258136816611800,9.705721607510043,1.8083903118967044,0.7023832612005908,0.7326993323698019,4
1767258136890928409,9.75109264228513,1.8049703356036535,0.7024726968053778,0.7326846950247189,4
1767258136941708299,9.771475468508317,1.8383002216633186,0.7023664618907435,0.7327004327899197,4
1767258137016194198,9.503637772159458,1.738430803234368,0.7024074382015696,0.7326778688203852,4
1767258137141833730,9.742894163394912,1.7762318839730615,0.7025170640767889,0.7326403336272274,4
1767258137216152648,9.774352044535695,1.7938139570071625,0.7025436745571852,0.7326585411977373,4
1767258137416838800,9.659295094781474,1.7634018158032578,0.7024587766349888,0.7326580498944091,4
1767258137616972444,9.859446706038222,1.8121566516505023,0.7026115605364748,0.7326811768520021,4
1767258137741190060,9.849809524253406,1.7821818885056424,0.7025220551489206,0.7325840713440989,4
1767258137941711342,9.697821145262964,1.8212088462405849,0.7022656120914061,0.732658741914989,4
1767258138091599368,9.77841060728224,1.8074281112441846,0.702449309474862,0.7327212152667072,4
1767258138141111863,9.44419109140615,1.7288281541031614,0.7023103190494625,0.7326783191950886,4
1767258138216025907,9.80869768024295,1.8017880218616638,0.7025701203871298,0.7326949951078731,4
1767258138291563678,9.987277021953567,1.8376603531088864,0.7026134546940924,0.7326912925096205,4
1767258138491108719,9.77341324555503,1.7878657166446408,0.7024953524542692,0.7326746978495843,4
1767258138541082873,9.562761853980195,1.7804114423291701,0.7024026102133047,0.73272744378358,4
1767258138691493784,9.856879501434879,1.7959674502684528,0.7026468626848252,0.7327047776245442,4
1767258138816530804,9.744911678184032,1.808236747290308,0.7024496723395488,0.7326860018697129,4
1767258138891744344,9.736597607345576,1.8410497997541004,0.7023047998190958,0.7327335827407374,4
1767258138941282849,9.746384277093622,1.796534364070029,0.7023883161492549,0.7326681271778163,4
1767258139016023404,9.73138423512876,1.7935662266725603,0.702465840029088,0.7326780700667779,4
1767258139216072770,9.50535633491667,1.7842635612397102,0.7023283560316215,0.732733036719838,4
1767258139341562256,9.579181006336036,1.8016221551199245,0.7023072245429345,0.732682631362928,4
1767258139416188822,9.781158404278179,1.7757105759677778,0.7026095263651269,0.7327252329403737,4
1767258139541146914,9.857339386083908,1.775170847550483,0.7025778927780749,0.7326192986015445,4
1767258139616710720,9.80153350179991,1.7908783636969479,0.7025401804802917,0.7326669887286053,4
1767258139691425096,9.478682188128861,1.7693681668909516,0.7022901405020499,0.7327130806294073,4
1767258139741326416,9.853801126962548,1.826097011672676,0.7023726910308774,0.7326565942001887,4
1767258139816300790,9.498262482876552,1.7696019407529269,0.7023623256145665,0.732720222644462,4
1767258139890851740,9.77332115057894,1.7865742352970773,0.7025564580731737,0.7326822053283792,4
1767258139940929681,9.700668988162576,1.776733974805512,0.7025419907766481,0.7326970434618285,4
1767258140016184382,9.96513189570647,1.8311790613015098,0.7025819481323029,0.7326623047926052,4
1767258140091218122,9.759266674021717,1.780389829602593,0.7025719352219081,0.7326859995919253,4
1767258140141492317,9.871833298227939,1.7966673031038283,0.7024817980015465,0.7326087365623895,4
1767258140216859365,9.833524338496158,1.7805648016725142,0.7026377222471332,0.7326880714473448,4
1767258140291219763,9.868739301318152,1.7897491466989373,0.7026931728542151,0.7326884910964045,4
1767258140416588736,9.674520210754988,1.7987369470733419,0.7023554061737631,0.7326703754005109,4
1767258140491295247,9.735557030744136,1.7674555360821653,0.7025697336396503,0.7326972886699596,4
1767258140616218991,9.811297232619198,1.8052196342834983,0.7024781691586758,0.7326808769153179,4
1767258140691749481,9.60712434172073,1.7541434320993952,0.7025455427113593,0.7327344328259546,4
1767258140816255752,9.8955617571016,1.7746809062953286,0.7027228075118097,0.7326774369292265,4
1767258140891631116,9.883355172694452,1.7994943484290036,0.7027366988396606,0.7326693778985445,4
1767258140941569346,9.672225850476446,1.7988267816666392,0.7024780676069194,0.7327450617097221,4
1767258141016768196,9.747576160113457,1.811266835956323,0.7024644723642789,0.732705702896788,4
1767258141091820696,10.01904008417065,1.8506472110183732,0.702580698187462,0.7326715380483186,4
1767258141141347506,9.61911964760953,1.7856121868541632,0.702400681814275,0.7326904119872903,4
1767258141216453929,9.611448958018464,1.7704774440813522,0.7023223211144407,0.7326328447799572,4
1767258141291490276,9.832728308346361,1.825846681421534,0.7024217689158142,0.7326840605372265,4
1767258141342030159,9.892002033334624,1.7864812805087376,0.7026438443933075,0.7326345373353952,4
1767258141416767833,9.682835184661398,1.805728138028895,0.7024538357300129,0.7327135403705609,4
1767258141491039919,9.685380006298484,1.8020366498515314,0.702370842124058,0.7326707185552296,4
1767258141541730997,9.975433557514624,1.8476105162288006,0.7025266807430979,0.7326678824260846,4
1767258141616860808,9.85516311131085,1.789464338058538,0.7026846675827373,0.7327111234274304,4
1767258141691598630,9.668872347814439,1.7960971437171547,0.7024405696600701,0.7327062973730577,4
1767258141741610846,9.806825997627833,1.8018270882280163,0.7024626058725185,0.7326616846582462,4
1767258141891385093,9.83503994844992,1.7688534329969114,0.7026549299994798,0.7326657386551595,4
1767258141941623912,9.70368650603759,1.7466235550068727,0.7025806502951594,0.7326778271811348,4
1767258142016512768,9.814131901422218,1.8007847334106897,0.7026591476980525,0.7326785360533408,4
1767258142141744263,9.591941135736137,1.8050442285634318,0.702278310601901,0.7326911118653376,4
1767258142216851009,9.750817264045587,1.8078511987683936,0.7024757240497055,0.732640268532703,4
1767258142341200919,9.766539664410434,1.8061040096332777,0.7025021763836948,0.7326596594955326,4
1767258142416561221,9.600061823667572,1.8060708927543583,0.7023203248699862,0.7326923658840649,4
1767258142541015003,9.667602479857429,1.7616832249435868,0.7025476866477363,0.7327357534045387,4
1767258142691318406,9.815821274588465,1.781877840768688,0.7025582504475534,0.7326765746152517,4
1767258142741922822,9.799999756630706,1.8289606232423303,0.7023333953514969,0.7326523767761918,4
1767258142891687261,9.869108637329038,1.8199416868006029,0.7025102076533153,0.7326379935627438,4
1767258142941682181,9.674941940232662,1.7924215643351304,0.7024711678563207,0.7326983829140999,4
1767258143016496339,9.597282022388187,1.7366798264224488,0.7024768985222254,0.732672132590131,4
1767258143091570029,9.824143628824334,1.7838984737816843,0.7026557565434162,0.7327122061054891,4
1767258143141682626,9.703574759707623,1.8011079048623366,0.7024343666686155,0.7326649576699203,4
1767258143216740919,9.99202716054992,1.798026846597478,0.7026903708216803,0.732695772568848,4
1767258143291742868,9.645526305749218,1.7715752707005243,0.7024016808948236,0.7326647531476183,4
1767258143341004973,9.714663724560424,1.8061047810820094,0.7024779877815043,0.732704836859145,4
1767258143416509361,9.744142654003142,1.7936568859507778,0.7025205858454353,0.732696594835835,4
1767258143491775960,9.571919595274148,1.7594594513376947,0.7024415617516052,0.7326467114114074,4
1767258143691398886,9.766913762949248,1.8205532133956785,0.7024381293964933,0.7326728999807981,4
1767258143741888991,9.663666740798327,1.7780944286838236,0.702330198411285,0.7326398290686715,4
1767258143941822404,9.74891432117686,1.8002439999702677,0.7024409241674276,0.7326384130844094,4
1767258144016023396,9.63394484471769,1.7985171574403742,0.7024716898353498,0.7327161330066199,4
1767258144141374605,9.78283421280568,1.808576275149441,0.7024210811654875,0.7326846717014684,4
1767258144216578999,9.695125252142445,1.7312889773716709,0.7026924050577035,0.7326909892760965,4
1767258144416804913,9.794565225886952,1.778078973106684,0.7026111406558249,0.7326732134381163,4
1767258144491710222,9.650233861348223,1.7905149807352037,0.7024335904311972,0.732712496000595,4
1767258144541355130,9.710119207587242,1.7693373211587278,0.7026037512996587,0.7326803129533035,4
1767258144616632024,9.849665678584362,1.8116007860326204,0.7025434264420677,0.7326397049056952,4
1767258144691265781,10.002449922631662,1.8052201147971905,0.7027183615606905,0.7326540339768269,4
1767258144741708344,9.624832145682106,1.7937919936855582,0.7023294113987306,0.7326360464184282,4
1767258144816736217,9.707528137829936,1.8111804359635733,0.7024905770839717,0.7327094627104863,4
1767258144891403781,9.688300500346635,1.799829032970669,0.7023740590313206,0.7326674122626439,4
1767258144940947190,9.603693959767012,1.7837001425040326,0.7023598639507697,0.7326586228430064,4
1767258145016183737,9.65204177367851,1.7722425292744817,0.7024518805026287,0.7327119160071718,4
1767258145141089207,9.89572328307775,1.7998611165167273,0.7026202930244511,0.7326848314439749,4
1767258145291591670,9.567119895128817,1.8116561443549586,0.702198550614169,0.7326828420698572,4
1767258145341378437,9.678491619225627,1.8090775976320086,0.7024440147553886,0.7327437976867333,4
1767258145416687721,9.702676900100515,1.8119080219892043,0.7024759262089849,0.7327507824513974,4
1767258145491377206,9.581570837905119,1.7710349302823236,0.7022753444480329,0.7326131580224736,4
1767258145616365400,9.622598543295723,1.7736319369321816,0.702389004124668,0.7327154952747704,4
1767258145691913575,9.687484344491848,1.7808172186333153,0.7025510318053807,0.7326771342589802,4
1767258145741628817,9.45707986084987,1.7926806420973023,0.7022642834995888,0.7327216640393046,4
1767258145891732782,9.634890374412786,1.8016781101762496,0.7024111723942271,0.7327842331575642,4
1767258146016914192,9.622772791034295,1.7825145986496589,0.7024191751768282,0.7327032039840186,4
1767258146091628489,9.711759547931354,1.7545397880570488,0.7026140736754142,0.7326619349077655,4
1767258146141725855,9.642145793001822,1.776161314309209,0.7024490382112418,0.7326710478801738,4
1767258146216664083,9.714172065326544,1.7865127214914651,0.7025347282559984,0.732696533805328,4
1767258146291189228,9.788803065938545,1.7562198841421672,0.702630160037385,0.7327313150262964,4
1767258146340976380,9.659913800212806,1.8080184777915778,0.7023894378258864,0.7327060503850084,4
1767258146541713653,9.694238452028102,1.795151582602508,0.7023984489694536,0.7326612635794163,4
1767258146616455514,9.72719320657156,1.7814597889007797,0.7024806406898664,0.7326967915915079,4
1767258146691140708,9.52633666050884,1.720694619467311,0.7024691092228906,0.7326638316173859,4
1767258146816271723,9.640463729686633,1.7509785284866695,0.7025387005853108,0.7326447252217761,4
1767258146941487054,9.564022283984341,1.7497297803291887,0.7024563083817777,0.7326916944994188,4
1767258147016776242,9.704776964987726,1.789409450619836,0.7024601441288066,0.7326636280608688,4
1767258147091104667,9.737478633837892,1.7998041813847248,0.7024324836000104,0.7327002979646287,4
1767258147216101198,9.823969786490139,1.8006295912927917,0.7025753666949068,0.7326735849996209,4
1767258147291647112,9.688239161204981,1.805265295336289,0.7023826055736987,0.7326791753565088,4
1767258147341132511,9.75997550187746,1.7883381980606536,0.7025074702288546,0.7326598972034983,4
1767258147491539419,9.804179398042567,1.7997200713355392,0.7025272324248317,0.7327257860106353,4
1767258147540937176,9.646042840065206,1.7501723390506345,0.7025695469920864,0.7327004417706509,4
1767258147616016219,9.760711933347599,1.8276933925167314,0.7024252194612105,0.7326602618742639,4
1767258147691484853,9.724617801498026,1.8381346142011314,0.7023621630581508,0.7326888003518575,4
1767258147941421554,9.896928354635183,1.8266559209024251,0.7024329472011808,0.732609765813296,4
1767258148016398078,9.64080164709058,1.751794543854177,0.7025943599970657,0.7327161959511684,4
1767258148141541489,9.575680144874198,1.802408898273055,0.7022720804702762,0.7326748363849045,4
1767258148216578550,9.561146197818783,1.77949508425543,0.7023430038288313,0.732693721985258,4
1767258148341473043,9.721563235958964,1.7766511193426586,0.7025218536808163,0.7326454422026769,4
1767258148491418928,9.838700823117218,1.7630502832570891,0.7027685545228396,0.732669317658295,4
1767258148540971815,9.68760863216611,1.759410386424375,0.7025581890219688,0.7326360181384114,4
1767258148616183409,9.788849168391511,1.7429941875490607,0.7025408390258904,0.7325843495157257,4
1767258148741280215,9.93651587191502,1.803908792374998,0.7026570952811517,0.7326186780585386,4
1767258148891537881,9.724567899722869,1.7635394733780236,0.7024931259734999,0.7326793357890492,4
1767258148941663572,10.02200232473449,1.8090895178046225,0.7026982543211251,0.7326017986958274,4
1767258149016341644,9.892442467471785,1.8293756565493047,0.7024950972542559,0.7326436835286758,4
1767258149091423060,9.860910702884084,1.790001928844845,0.7027059290659883,0.7326745493675567,4
1767258149141574883,9.836600726703004,1.7784169188962318,0.7027045839707504,0.732693404398081,4
1767258149216764117,9.637065672495781,1.7806897859093027,0.7025453766516789,0.7326992113531514,4
1767258149341552149,9.542057975876816,1.7744888628036202,0.7023945251177193,0.7327083722503135,4
1767258149416649943,9.648753592178538,1.7340534091667468,0.7025944255549026,0.7326896450897251,4
1767258149491419912,9.673111288288961,1.7654043816763914,0.7024422190292449,0.7326709002077282,4
1767258149616409957,9.69816228218001,1.794221821347162,0.7025510451958413,0.732707595755222,4
1767258149691427314,9.783659492037188,1.801126834141966,0.7026221415172474,0.7327197100581887,4
1767258149816157361,9.843628502486656,1.8303085840807563,0.7024738144776069,0.7326495144999212,4
1767258149891375119,9.857261826470953,1.7983856327060692,0.7026024493536768,0.7326732649739499,4
1767258149941560302,9.744727262958941,1.793289257972335,0.7025449087732023,0.7327074179608949,4
1767258150091639062,9.97926679158667,1.807229994377638,0.7026967885074566,0.7326794106364699,4
1767258150341664187,9.571346464516628,1.758745489300038,0.7023474822941692,0.732647245065081,4
1767258150416671532,9.684111986365874,1.752965110926882,0.7025335910892543,0.732699972022825,4
1767258150491681734,9.640579926923687,1.787275826485739,0.7023834575375675,0.7327188431355312,4
1767258150616691484,9.638541225370002,1.791574946293903,0.7024789224007464,0.732718458264171,4
1767258150692037858,9.807632299658087,1.764090371898984,0.7025628923656374,0.7326404431256537,4
1767258150741666073,9.63288237156057,1.7750446541919678,0.7024542662670319,0.7326844388314288,4
1767258150891880918,9.762510175354343,1.8227302972686323,0.7024127689419557,0.73269312614887,4
1767258150941854054,9.646705894087336,1.7799297425149272,0.702409490950577,0.7326952001382695,4
1767258151016208177,9.695175556094448,1.8080796581629877,0.7023597933764476,0.7327070457056479,4
1767258151141613972,9.521138486793813,1.771397853709268,0.702329349133967,0.7326943581125553,4
1767258151216690706,9.79524053821601,1.7756544264587322,0.7025894034525527,0.7326724216244138,4
1767258151291816411,9.8287188071835,1.8454208559673049,0.7024960983945249,0.7327089041137841,4
1767258151491620749,9.636235638166957,1.7656814841261836,0.7023594873149723,0.7326657824891973,4
1767258151541156913,9.857213575336088,1.7907747989113356,0.7026358894842464,0.7326805041794802,4
1767258151616522086,9.657460252691653,1.8092411241478528,0.7023030776868967,0.7326439611496146,4
1767258151691440949,9.426861701304357,1.7425273329668687,0.7022857031371965,0.7326284331334479,4
1767258151740982858,9.6821708885243,1.8015640609066919,0.7023970369944121,0.7326381468843249,4
1767258151941637076,9.685956481070734,1.7830236930314138,0.7024787513388114,0.7326862463052769,4
1767258152016608558,9.741910568693001,1.7935279994508468,0.7025159948863284,0.7326816568956478,4
1767258152141377504,9.665672155684813,1.759232216747715,0.702487241001737,0.7326172545763372,4
1767258152291697026,9.573320798401896,1.7893167945209052,0.7022707506833048,0.7326418249766236,4
1767258152341375316,9.77900276839694,1.771461436267372,0.7025720001885731,0.7326426525421779,4
1767258152416068380,9.812041508628798,1.7863903327132622,0.7025805304903099,0.7326588861089589,4
1767258152491564233,9.632865486134845,1.78157733061174,0.7023458226615742,0.7326823076547808,4
1767258152541440066,9.92437111453015,1.7998178699206702,0.7027721051932435,0.7326953431089767,4
1767258152691082908,9.812289957780717,1.8343209924668702,0.7024173048753338,0.7326500813573311,4
1767258152741503835,9.884253396855836,1.81199192838566,0.7027154330016012,0.7327358871385242,4
1767258152816364154,9.743239706575757,1.813307786788075,0.7023613160413683,0.7326434365451087,4
1767258152891923849,10.029520905654788,1.8349631270768656,0.7026665920260823,0.7326668612020512,4
1767258153016202516,9.864760738646282,1.832205528241693,0.7024925348475749,0.732671287899386,4
1767258153091553523,9.496798910706206,1.8007789525960305,0.7022412852922583,0.7327487638224381,4
1767258153141527747,9.701101569947967,1.8120678967389205,0.7024962197718226,0.7327234838466998,4
1767258153216405572,9.68828806523836,1.7846329135501773,0.7025237449317718,0.7326962718522227,4
1767258153341542169,9.813440708673626,1.7751180525317427,0.7025236729666787,0.7326390450300506,4
1767258153491497174,9.752162071451242,1.790793172675677,0.7024293849648238,0.732673957424191,4
1767258153616118747,9.928140297626232,1.8255765993561255,0.7026228552631434,0.7326514154046136,4
1767258153691153731,9.574783316645629,1.768940168528324,0.7023879815178438,0.7327151870711872,4
1767258153741169763,9.808190589248756,1.817870890769061,0.7023993104165662,0.7326394994027412,4
1767258153816794237,9.717827562050863,1.8166346150827635,0.7023266608467336,0.7326168447548326,4
1767258153891584985,9.509573882395262,1.7645918803835958,0.7022877580274145,0.7326560536009553,4
1767258153941147277,9.720419702419324,1.7797587507683408,0.7024697111177134,0.7325962097184353,4
1767258154091054562,9.633547919559726,1.7695789624750782,0.702455540758713,0.7326641939378643,4
1767258154416253245,9.68751144778468,1.74890744287097,0.7025851297914216,0.7327097220417128,4
1767258154490993631,9.556399895870648,1.7734498914716352,0.7023205372249903,0.7326716800872882,4
1767258154541605173,9.822246955266012,1.8142603500306722,0.7025518340321154,0.7327040786941552,4
1767258154816449587,9.814037418486521,1.7803332207142086,0.7026693031815222,0.7326443942806209,4
1767258154941794736,9.729883266405558,1.7890843026005157,0.7024791025364315,0.7326205179430118,4
1767258155016064187,9.824246010964877,1.8170215964926657,0.7025037438815951,0.7326781722868674,4
1767258155216096636,9.714977131655257,1.76578899722281,0.7025756067686268,0.7326881410964685,4
1767258155291093056,9.854978004743886,1.8111398066396764,0.7024862118607808,0.7326284882108502,4
1767258155416396350,9.902792773111457,1.8159405705089389,0.702533559544999,0.7326730747802518,4
1767258155491449491,9.80693804731747,1.8460786756477443,0.702402901271762,0.7326943527350352,4
1767258155616708213,9.886043043248582,1.839125213742511,0.7024138806950141,0.732636515417511,4
1767258155741683406,9.478206014218781,1.7638664278603386,0.702242845767215,0.7326446576634265,4
1767258155891465261,9.83772434660468,1.8079820718501878,0.7024637680804624,0.7326324213989801,4
1767258156016823014,9.852291546322501,1.798061533814395,0.7026232439111388,0.7326661603695246,4
1767258156091551049,9.67935602827652,1.770206880579586,0.7023922849187906,0.7326227909908484,4
1767258156141031925,9.651352061462394,1.7667205046013694,0.7023973733217251,0.7326128618299578,4
1767258156216443441,9.7069160735489,1.769022265893808,0.7025568187601678,0.7326564932528157,4
1767258156291610885,9.695747294672596,1.7728855568046322,0.7025230440016617,0.7326809435382541,4
1767258156341543214,9.665600523673156,1.7997883997404884,0.7023757244279749,0.7327051381500593,4
1767258156541193682,9.696438726049305,1.7877849809606656,0.7025114179759577,0.7326532899207814,4
1767258156741603365,9.594241652034041,1.7912047635751827,0.7023800017947184,0.7327129167707871,4
1767258156816023591,9.699061431739153,1.7722728093968008,0.7025112287729469,0.7326817600123439,4
1767258156891738062,9.837124592542157,1.7977357881309168,0.7025534766373435,0.7326996019784103,4
1767258157016144118,9.69409134866661,1.8027934100123895,0.7023129710234335,0.7326713870848423,4
1767258157216407472,9.689244959036113,1.7892662703136681,0.7023997762820349,0.7326597629356092,4
1767258157291657190,9.812284626441237,1.8062124683138123,0.7024048045582013,0.7326149108015624,4
1767258157341685110,9.560792797070782,1.7876017755414515,0.7022870177829249,0.7326603956252877,4
1767258157416591724,9.728968803929705,1.812742408983406,0.7023258186289254,0.732631772934848,4
1767258157541837855,9.939807267236755,1.8203556137502506,0.702564795411621,0.73268508218189,4
1767258157691956496,9.798572316722321,1.8192998380159648,0.7024515055284826,0.7326611187122094,4
1767258157816157019,9.733597534901106,1.81608547818834,0.7024138985140886,0.7326879319487559,4
1767258158091922686,9.63040815820615,1.7630612578099532,0.7024866850238723,0.732704478950182,4
1767258158141431245,9.489755753776752,1.7794021710738557,0.702113273571955,0.7326591225830831,4
1767258158291270130,9.700464814630717,1.7945506342316888,0.7024102238203358,0.7326700215146403,4
1767258158416192550,9.763629721251,1.7729155010937316,0.7025006911311897,0.7326535926163468,4
1767258158616079072,9.977119218372854,1.8403502733200414,0.702616603363854,0.7326504687518132,4
1767258158816607778,9.81255631240241,1.7969799336224346,0.7026134454185539,0.7326571577461922,4
1767258159091461117,9.525885503125942,1.7645935941325566,0.7023544699911343,0.7327076574368685,4
1767258159141753925,9.627501284111606,1.7760046286474762,0.7024934650248279,0.732721381872843,4
1767258159216442397,9.881542268144749,1.8044456557295998,0.7026982500356207,0.7327037393571465,4
1767258159291779984,9.681551772737329,1.768349607683815,0.7024321915430082,0.7326584047781614,4
1767258159341184742,9.982665775093436,1.8246564052716905,0.7025625767726228,0.7326215006202423,4
1767258159416745726,9.713087258001686,1.8154102710076603,0.7023978669549201,0.7326473713155208,4
1767258159491178145,9.702947573130505,1.7968419020802378,0.7023766014387652,0.7326755127971971,4
1767258159541832169,9.936561148345957,1.7956636237555668,0.7025938430282773,0.7325776689014999,4
1767258159616941074,9.809141873012738,1.8115597618419916,0.7024652039473157,0.7326646253515606,4
1767258159741776679,9.540438909067085,1.7697180048338457,0.702354599361482,0.7326924964137002,4
1767258159816571586,9.820293354458553,1.7880294651526836,0.702593323425805,0.7326658054322274,4
1767258159891145843,9.678706078611764,1.7937680080619036,0.7024992790011093,0.7327150145433097,4
1767258160141652303,9.67018667696562,1.79480200520482,0.7023538169149197,0.7326271309214065,4
1767258160216160455,9.808238114676238,1.7749176176015142,0.7025736342150722,0.7326063625872932,4
1767258160291669422,9.842358019746866,1.7887840878879497,0.7025705977133829,0.7326133407754961,4
1767258160341889849,9.825792064354522,1.8098726821135127,0.7025291203066987,0.7326811550766575,4
1767258160416192425,9.827654253758089,1.7673678276332352,0.7025760047796428,0.7326351855436833,4
1767258160491625970,9.962576162704128,1.8269790942055575,0.7026549751848861,0.7326785976097833,4
1767258160541207346,9.548841700042443,1.7785973662082193,0.702314080045027,0.7326379227464198,4
1767258160616599383,9.693111443005442,1.7918045012532346,0.7024733712004053,0.7327021939556279,4
1767258160691544312,9.545807136203678,1.7918116655659944,0.7022218565050263,0.7326322066573082,4
1767258160816012706,9.732524083261529,1.761227346059264,0.7024914278771405,0.7326182489644754,4
1767258160891021334,9.745703865550626,1.7748588841796338,0.7024926038025984,0.732650212369744,4
1767258161016851061,9.789453816817172,1.8011281361939515,0.702472685492295,0.7326497908207401,4
1767258161141278448,9.635519590213693,1.8104630648785873,0.7023453608091134,0.7326936156068016,4
1767258161492031015,9.870725955148817,1.8014869948411063,0.7025373791528463,0.732655543080607,4
1767258161541205441,9.7614622490938,1.8196092804900368,0.7023706934276357,0.7326188986115346,4
1767258161616462876,9.94821616782171,1.831831903070458,0.7025766746461266,0.7326489984470603,4
1767258161741443522,9.80454106467632,1.8160255415332194,0.7024210343782733,0.7325974964887814,4
1767258161816534996,9.807225237151385,1.8085549331999922,0.7025739145975738,0.7326921531959534,4
1767258161891551281,9.820235648047792,1.7832838420230799,0.7025613749231401,0.7326665208718693,4
1767258161941367119,9.71561110599617,1.8105445564525982,0.7023123470604516,0.7326685674107669,4
1767258162016473430,9.67643982617572,1.7715100887088324,0.7024341031769912,0.7326417990555426,4
1767258162092062397,10.007800182463278,1.8244726520671726,0.7027065571077138,0.7326684377300051,4
1767258162141531739,9.7875780366129,1.8105145389928354,0.7024386136930046,0.7326795368902438,4
1767258162216427497,9.603005524041585,1.7854102537828196,0.7022507388773719,0.73263767488048,4
1767258162291538448,9.668692287002845,1.804385218662494,0.7023356711157086,0.7326920589228907,4
1767258162341667003,9.673954104973404,1.779821483895345,0.7024333932785172,0.7326914461296352,4
1767258162691888970,9.739379407994964,1.8456664774815388,0.7023236321615641,0.7326580598888235,4
1767258162816757444,9.848920763964596,1.8061292145502275,0.7025769516403058,0.7326774248873397,4
1767258162891283090,9.734347012031686,1.8016169832182676,0.7024072195139209,0.7326484689312409,4
1767258162941119053,9.72875560378894,1.7842153632645947,0.7024918956928494,0.7326640850019879,4
1767258163016528741,9.656560559356485,1.8109906756205192,0.7024373597720128,0.7326791195924243,4
1767258163141495287,9.663137207745809,1.742550905561279,0.7025020396663608,0.732696575568633,4
1767258163291703138,9.8651820538308,1.800668458669522,0.7025978879503132,0.7326698609707623,4
1767258163341600539,9.629052290945129,1.7345922703460248,0.7025647016632058,0.7326918755457553,4
1767258163490987051,9.639902983000548,1.7850784319502557,0.7024432161598522,0.7326906073373971,4
1767258163741218331,9.816509861804047,1.8118938350975713,0.7025715687901586,0.7326788947656662,4
1767258163816425753,9.60444341653277,1.7415335220042358,0.7025041761451727,0.7326614603024114,4
1767258164091758388,9.61159639515774,1.8086639038339567,0.7023759659543217,0.7326893151824557,4
1767258164216723953,9.741514549375552,1.7969468927974608,0.7024181852421171,0.7325945954688984,4
1767258164491693040,9.814254784680676,1.8059973551890127,0.7026128382742965,0.7326937070416881,4
1767258164541766727,9.632281742059101,1.8045189819120766,0.7023502931378528,0.7327052929757004,4
1767258164616274565,9.782689611675721,1.800604350467735,0.7024968440402083,0.7326327299166632,4
1767258164691141839,9.699439770902153,1.8260294295803348,0.7023129794669676,0.7326560739218075,4
1767258164741181262,9.61539043985149,1.7562570932676667,0.7025010943912968,0.7326775262415074,4
1767258164816117492,9.671584647252264,1.7825413264367953,0.7023450138145395,0.7326309977667174,4
1767258164891382544,9.393048965805505,1.7511911276453838,0.7022889338033933,0.7326893786447267,4
1767258165017265611,9.916939490831723,1.8237465761633096,0.7025489718173823,0.7326326909847094,4
1767258165091674337,9.813394003702625,1.8643754809646809,0.7023205717986046,0.7327021004884232,4
1767258165141983509,9.823961655321845,1.790968961467448,0.7026027760326461,0.7326975202771192,4
1767258165216717466,9.827820054298053,1.8028826061289471,0.7024815246061534,0.7326572145327186,4
1767258165341214197,9.561319141355384,1.794874128281531,0.7022270733335869,0.7326514463892707,4
1767258165416484099,9.762255991166535,1.8145622946071214,0.7024875228217388,0.7327112705929336,4
1767258165541404958,9.576148900709015,1.7953639482070916,0.7023551376494604,0.7327065169238237,4
1767258165616057868,9.808906960314335,1.7828314742455926,0.7025837397028558,0.7326659242080623,4
1767258165691763569,9.906129454601341,1.787287610326551,0.7026553438463276,0.7326212952002675,4
1767258165741859491,9.752272371103654,1.7841845439545772,0.702443180457612,0.7326292214499999,4
1767258165816090475,9.943948897702448,1.8119789924727852,0.7026150509441921,0.7326125015053048,4
1767258165891108100,9.703656571831587,1.8088717781785209,0.702306359731127,0.73259684498028,4
1767258165941210307,9.591095023653962,1.7752467603242066,0.7023614820372759,0.7326694114557244,4
1767258166016770890,9.733308902198257,1.7916480719736267,0.7024502204649701,0.7326741543111177,4
1767258166091129204,9.84575317662728,1.831386406155912,0.7025116141958078,0.7326669688932334,4
1767258166141880423,9.897910235946771,1.8339173378829845,0.7025116141958078,0.7326077323481605,4
1767258166291348930,9.60395772778777,1.7921468123907773,0.7023966767526046,0.7327108078558989,4
1767258166416185904,9.778644539802706,1.8070310919590817,0.7024927919513024,0.7326463093604463,4
1767258166491878736,9.91664678154114,1.8226010913079547,0.7024350333621967,0.7326030445132898,4
1767258166541600695,9.786488837197904,1.7815418721888252,0.7026562167696239,0.7326961854445163,4
1767258166616195674,9.768545141302432,1.7691140263811143,0.7027168213748598,0.7326861363428684,4
1767258166691047887,9.590365351647145,1.7870920741242327,0.7023204222454271,0.7326444381826378,4
1767258166741719168,9.8110768065518,1.8012913579172907,0.7024788971527357,0.732608706912487,4
1767258166816788860,9.851671804030794,1.7851199133230862,0.7025737977716778,0.7326192485279395,4
1767258166941592136,9.726567083255034,1.7980894454198335,0.7024828705516132,0.7326279862604514,4
1767258167016625355,10.028246024026522,1.8291261153314118,0.7027999055552416,0.7326747772080792,4
1767258167091521966,9.635640983156835,1.7888359214152538,0.7023200057499881,0.7326330672808041,4
1767258167141321140,9.769155767537008,1.8003673417624848,0.7025063584458818,0.7326740676809933,4
1767258167291152747,9.644499817695994,1.7824348964416095,0.7023964069205819,0.7326665489897842,4
1767258167416837563,9.751987693137675,1.7936008933730627,0.7025209043887221,0.7326882155516073,4
1767258167491607930,9.65378965874708,1.7933191731162827,0.7023914509207903,0.7326682444590015,4
1767258167541474333,9.725729211260582,1.7624345125080396,0.7025901347594805,0.7326883675896919,4
1767258167616227026,9.892848460280268,1.862660626287992,0.7024915902807244,0.732694003001357,4
1767258167691139836,9.914758002476209,1.839255252393077,0.7025338614816881,0.7326257695121259,4
1767258167741194507,9.881998702811256,1.8299918687741432,0.702539625098301,0.7326679599495445,4
1767258167816132964,9.732316051863087,1.772346800828499,0.7024364725319998,0.7326339786829649,4
1767258167891787032,9.61201305545245,1.7804360154377854,0.7023691004303457,0.7326385074110321,4
1767258168016821709,9.473255893425403,1.7677852242871919,0.7022621069116811,0.7326335028232172,4
1767258168091111695,9.728960524599707,1.768139754910981,0.7025586532223457,0.7326569557300633,4
1767258168141583282,9.925095173295983,1.8534873617149539,0.7025827408768082,0.7327125140008514,4
1767258168816510554,9.874936406381153,1.8221918826946357,0.7025360739545475,0.7326615900763909,4
1767258169016732927,9.49077023060807,1.758925416775414,0.702371408775437,0.7326549418137559,4
1767258169091761951,9.737762677640816,1.7816128158622002,0.7024744573089083,0.7326329252236551,4
1767258169291267182,9.822161952104057,1.813687490289368,0.7024568984275038,0.732649179739401,4
1767258169340949390,9.773624043794227,1.7917705042520904,0.7025435515831945,0.7326652742143409,4
1767258169416145587,9.81368606099997,1.783535320467148,0.7025784719081172,0.7326275390507029,4
1767258169491111974,9.8553197997171,1.8310241860764218,0.7024999803696352,0.7326323521085443,4
1767258169541081091,9.840505606845129,1.8058446429176118,0.7025389276840909,0.7326494671370772,4
1767258169691449259,9.63213175753519,1.7612571533564634,0.7023575469147241,0.7326007894269471,4
1767258169816621583,9.770957732439856,1.7890822804639008,0.702500953515219,0.7326907841754332,4
1767258170091455812,9.823385953292686,1.818846313175437,0.7025647781570242,0.7327255601573552,4
1767258170141579783,9.823385953292686,1.818846313175437,0.7025647781570242,0.7327255601573552,4
1767258170216453032,9.838273614001025,1.8010194240201394,0.7026338240788723,0.732652609136564,4
1767258170291834054,9.756969050640052,1.7588695402932872,0.7025497084175771,0.7326359035072472,4
1767258170341641184,9.756969050640052,1.7588695402932872,0.7025497084175771,0.7326359035072472,4
1767258170416752190,9.772697618411152,1.8171217954502805,0.7024192605443871,0.7326550398536584,4
1767258170491688449,9.85769233355005,1.8259455700439375,0.702512556601331,0.7326667948276944,4
1767258170616856170,9.453468940047284,1.7615620440026356,0.702182569798986,0.7326662990085472,4
1767258170691023839,9.883371083821423,1.7989426290895574,0.7025782172486416,0.7325936714473719,4
1767258170741028128,9.758612193796923,1.7764066046205214,0.7025248470625943,0.7326550104444305,4
1767258170816792427,9.679790880586125,1.7773348408839817,0.7024814306050541,0.7326734199570245,4
1767258170891241091,9.915590789397633,1.8182348056437159,0.7025662670963514,0.7326699066950855,4
1767258171091125268,9.890771246674813,1.8232503722820048,0.7024810565595333,0.7326486505180521,4
1767258171141100507,9.780764488036775,1.7981335675279,0.7025319115875123,0.7326908430613697,4
1767258171291865344,9.618480251056493,1.7860980005689455,0.7023748655575465,0.7326598371412406,4
1767258171341119832,9.618480251056493,1.7860980005689455,0.7023748655575465,0.7326598371412406,4
1767258171416525771,9.69867614441744,1.7920182044865232,0.7024285259657049,0.732651860938881,4
1767258171490981189,9.61971898405778,1.8028938731093807,0.7022844942394011,0.7327009596405933,4
1767258171541316106,9.563173490559906,1.7731277329554394,0.7024335048591399,0.7327113988269753,4
1767258171691448622,9.689351120730327,1.790203019546448,0.7023659024015821,0.7326197495081435,4
1767258171741195758,9.708543013116632,1.8150309932791613,0.7023825412583359,0.7326728090577626,4
1767258171816561210,9.520990262512408,1.7658551583466096,0.702386144612949,0.7326537482240842,4
1767258171890946341,9.977287525775424,1.8396937895922003,0.7025709667870479,0.7326359146919024,4
1767258171941034090,9.977287525775424,1.8396937895922003,0.7025709667870479,0.7326359146919024,4
1767258172016211498,9.779144435620113,1.8052203668186326,0.7024940316208618,0.7326693738266578,4
1767258172091106725,9.677878477333035,1.790744484500801,0.7023211839554697,0.7325867310972367,4
1767258172141154184,9.642314622850257,1.790297236888479,0.7023211839554697,0.7326260540332307,4
1767258172341144743,9.666997408613543,1.8009162202011342,0.7024242591555765,0.7327175813106835,4
1767258172416147207,9.613978602759921,1.7940072150121125,0.7023163505840766,0.7326848322887404,4
1767258172541814594,9.699569949488062,1.7746089634618138,0.7023864132015153,0.7325626912575377,4
1767258172617023698,9.876853054480383,1.824118592299969,0.7024899774397134,0.732667494580412,4
1767258172691551240,9.770614062543537,1.8165587179748142,0.7023876308540697,0.7326330975455521,4
1767258172741532057,9.770614062543537,1.8165587179748142,0.7023876308540697,0.7326330975455521,4
1767258173016187172,9.612657202912157,1.7306802393688396,0.7025419976558833,0.7327070072532935,4
1767258173091433550,9.707943725218438,1.7909080351961861,0.7023823478585925,0.7326777632847099,4
1767258173141653562,9.863714926869548,1.8264267264219152,0.7025037119676373,0.7326801739754553,4
1767258173216803642,9.798402595645017,1.8124137447713573,0.7025317979381246,0.7326304719663113,4
1767258173416802545,9.68969829591526,1.7938323799598204,0.7024466600590965,0.732670070100303,4
1767258173691541210,9.61206109615864,1.805131265183298,0.7023563502851841,0.7327372806818311,4
1767258173741233761,9.61206109615864,1.805131265183298,0.7023563502851841,0.7327372806818311,4
1767258173816448008,9.697747628718334,1.7841784594650132,0.702397967797498,0.7326603413638307,4
1767258173891468669,9.742307438007746,1.8282176437263105,0.7023747501849861,0.7326750250213822,4
1767258173941501587,9.742307438007746,1.8282176437263105,0.7023747501849861,0.7326750250213822,4
1767258174016517856,10.026939587317706,1.8075231255114186,0.7027611831892492,0.7326538311883783,4
1767258174216785137,9.7121988220924,1.790707838747424,0.7024377910578226,0.732674889669247,4
1767258174291972988,9.56320604461991,1.7781048689585364,0.7022707102598869,0.7326520173708247,4
1767258174341654773,9.56320604461991,1.7781048689585364,0.7022707102598869,0.7326520173708247,4
1767258174416183263,9.716980186698422,1.7858951667694958,0.702478916064952,0.7326289046461559,4
1767258174491355266,9.532268167942393,1.7719247822935642,0.7023141181368964,0.7326927398854398,4
1767258174541042543,9.592969862264544,1.7671231411539992,0.7023141181368964,0.7326234044094695,4
1767258174691358519,9.749088982444531,1.779233701279911,0.7024617481226745,0.7326074638836743,4
1767258174741482917,9.749088982444531,1.779233701279911,0.7024617481226745,0.7326074638836743,4
1767258174816520579,9.831919414803103,1.804585353778127,0.70254713243755,0.7326165407846095,4
1767258174891439255,9.879542943747932,1.8201337997721565,0.7024923537566922,0.7326741041591726,4
1767258174941734495,9.879542943747932,1.8201337997721565,0.7024923537566922,0.7326741041591726,4
1767258175016897650,9.897532458861047,1.86812921626223,0.7024574356130989,0.7327194272022758,4
1767258175091638688,9.74296055122692,1.8248561635247944,0.7023700135560232,0.7326572681340011,4
1767258175142112341,9.768276221392536,1.7899004228665316,0.7025637445749099,0.7326685215762176,4
1767258175216766609,9.747376037608447,1.828837620127146,0.7023384065527303,0.7326544062983765,4
1767258175291990341,9.961084265927012,1.8182509258307646,0.7025979636699898,0.7325816569528648,4
1767258175341962511,9.867239773645675,1.7971788043523753,0.7025979636699898,0.7326714968401384,4
1767258175416716046,9.651606640416976,1.7832100213027269,0.7023769994234791,0.7326158131181029,4
1767258175616602108,9.755582289238118,1.7863048938297807,0.7024955213627154,0.7326345320015791,4
1767258175691878572,9.863979324924221,1.7993697369509274,0.7025589177816195,0.7326472830832272,4
1767258175741684063,9.863979324924221,1.7993697369509274,0.7025589177816195,0.7326472830832272,4
1767258175891347818,9.556051752517947,1.787868224264531,0.7022768815045815,0.732662951926384,4
1767258175941558991,9.556051752517947,1.787868224264531,0.7022768815045815,0.732662951926384,4
1767258176091872716,9.50544207068127,1.760185128715052,0.7022968849044093,0.732645612384786,4
1767258176141556630,9.50544207068127,1.760185128715052,0.7022968849044093,0.732645612384786,4
1767258176216841103,9.927120971135018,1.8462477833894482,0.7025677716512632,0.7326954997081551,4
1767258176292076570,9.738969797546627,1.807006924270696,0.702488128749398,0.7326824081944037,4
1767258176341976810,9.585694167092761,1.823729616038485,0.7022289630091303,0.7327164721707785,4
1767258176491207537,9.677703768102619,1.797127170719477,0.7023825955790781,0.7326437834613149,4
1767258176541080831,9.677703768102619,1.797127170719477,0.7023825955790781,0.7326437834613149,4
1767258176616118331,9.691326309648417,1.7809088570727856,0.7023445644267463,0.7326134826855016,4
1767258176691683741,9.772766986691384,1.8175770146661823,0.7024677922439871,0.7326577046885373,4
1767258176741562289,9.772766986691384,1.8175770146661823,0.7024677922439871,0.7326577046885373,4
1767258176891062341,9.699692980379982,1.8293675314211784,0.7024288848945809,0.7326819715814761,4
1767258176941900028,9.699692980379982,1.8293675314211784,0.7024288848945809,0.7326819715814761,4
1767258177016754641,9.644236820272823,1.7696347280640652,0.7023790737583627,0.7326056424553113,4
1767258177091624835,9.776201827934372,1.784340964772376,0.7025281840666552,0.7326198351831706,4
1767258177141679609,9.776201827934372,1.784340964772376,0.7025281840666552,0.7326198351831706,4
1767258177216635214,9.820707783943728,1.8150322510124512,0.7024634775244554,0.7326335708416534,4
1767258177416616298,9.516651282824085,1.765962163962788,0.7023778967028755,0.7326967135801008,4
1767258177491393197,9.671902368607931,1.7792290176709358,0.7025201737921745,0.732660866250795,4
1767258177542503971,9.705190654488828,1.7791062026154592,0.7025201737921745,0.7326251706360547,4
1767258177816765293,9.630416349608817,1.7811433301209798,0.7023133043492489,0.732661907388632,4
1767258178016240653,9.72186487537774,1.784786916706913,0.7024524147074448,0.732658929886308,4
1767258178216492232,9.940111323520796,1.8073288754762682,0.7027117817421593,0.7327023983060831,4
1767258178416255730,9.767158198439319,1.7586175551868293,0.7026359451183012,0.7326278323736967,4
1767258178491868462,9.700781648806277,1.792711308925028,0.7023882330944066,0.7326657585743377,4
1767258178541639073,9.700781648806277,1.792711308925028,0.7023882330944066,0.7326657585743377,4
1767258178691440209,9.799742767430564,1.8101194820718192,0.7024370918808475,0.7326575188851153,4
1767258178741218388,9.799742767430564,1.8101194820718192,0.7024370918808475,0.7326575188851153,4
1767258178816468260,9.79622510730116,1.8118291821321006,0.7024662174202008,0.7326312578531247,4
1767258178891466919,9.928707778526281,1.853205398069566,0.7025195755196055,0.7326411344604604,4
1767258178941120641,9.928707778526281,1.853205398069566,0.7025195755196055,0.7326411344604604,4
1767258179016438180,9.848981831204195,1.8463913094906819,0.7024188934678197,0.7326533283796751,4
1767258179091594949,9.721097508456179,1.7552383740945365,0.7026203379317477,0.7326162765531833,4
1767258179141516942,9.721097508456179,1.7552383740945365,0.7026203379317477,0.7326162765531833,4
1767258179291900344,9.879158356240424,1.820620093598352,0.7024877523618059,0.7325811991428036,4
1767258179341783311,9.879158356240424,1.820620093598352,0.7024877523618059,0.7325811991428036,4
1767258179416690531,9.67423925220945,1.7950227422950142,0.7024183680792142,0.7326814903896598,4
1767258179491557620,9.67854314608607,1.7986619343674497,0.7024329062314614,0.7326469669514397,4
1767258179541319270,9.67854314608607,1.7986619343674497,0.7024329062314614,0.7326469669514397,4
1767258179691355940,9.650826173442706,1.7924496306082576,0.7024118882806052,0.7326169610758643,4
1767258179741847848,9.650826173442706,1.7924496306082576,0.7024118882806052,0.7326169610758643,4
1767258180016234902,9.716220822215792,1.8017738287763796,0.7024134435450877,0.7326439049337927,4
1767258180091863837,9.844891852963556,1.8035183793499239,0.7025204786027531,0.7326425923913906,4
1767258180141154338,9.844891852963556,1.8035183793499239,0.7025204786027531,0.7326425923913906,4
1767258180216469221,9.551111459399353,1.7497730155169873,0.702378782435236,0.7326464478612024,4
1767258180416989623,9.743998954847232,1.800022861301091,0.7024820705701365,0.7326815838315859,4
1767258180616842321,9.67638703106699,1.824216559561073,0.7023851953594057,0.7326886630688919,4
1767258180691077619,9.921388413398514,1.8177152136282304,0.7025716580844487,0.7326649938399554,4
1767258180741364575,9.921388413398514,1.8177152136282304,0.7025716580844487,0.7326649938399554,4
1767258180816204989,9.63989411871613,1.8058041908196918,0.7024049830815307,0.7327064200909973,4
1767258180891414142,9.788554066813337,1.7639058184636305,0.7026070871488082,0.7326200077851989,4
1767258180941259928,9.788554066813337,1.7639058184636305,0.7026070871488082,0.7326200077851989,4
1767258181016596910,9.731048559889599,1.7841354730953582,0.7023164763405286,0.732602474733868,4
1767258181091453566,9.586860273608444,1.7794069274407267,0.7023104231870166,0.7326366771497436,4
1767258181141095896,9.586860273608444,1.7794069274407267,0.7023104231870166,0.7326366771497436,4
1767258181215934422,9.818645770004576,1.7752392823522227,0.7026869790148393,0.7326479406382702,4
1767258181291298009,9.772376818143913,1.7927538801757545,0.7025367309333521,0.7326882801698908,4
1767258181340981335,9.772376818143913,1.7927538801757545,0.7025367309333521,0.7326882801698908,4
1767258181416942171,9.861073039729163,1.8141892649684936,0.7025478635830213,0.7326867016593838,4
1767258181491281025,9.797318963370106,1.7793057059472852,0.702518294498938,0.7326178907528414,4
1767258181541491647,9.797318963370106,1.7793057059472852,0.702518294498938,0.7326178907528414,4
1767258181616501962,9.705413391786767,1.7838922077922479,0.70238638206678,0.7326212493411631,4
1767258181691520871,9.759430683508485,1.8160498337528266,0.7024048431660828,0.7326093287735467,4
1767258181741531938,9.759430683508485,1.8160498337528266,0.7024048431660828,0.7326093287735467,4
1767258181816595991,9.56548103372501,1.7681974810936765,0.7023150204544887,0.7326095980183749,4
1767258182216123844,9.951062755468087,1.8025950598535112,0.7027537246005506,0.7326774873178297,4
1767258182616290663,9.652364944989111,1.7790937826609614,0.7024327690859585,0.7326589710367433,4
1767258182691379606,9.821493211076282,1.7932043191642986,0.7024550617239909,0.7325983542680113,4
1767258182741109138,9.821493211076282,1.7932043191642986,0.7024550617239909,0.7325983542680113,4
1767258183016757398,9.77586485308568,1.7733106116176993,0.7025768085609309,0.7326404136711604,4
1767258183216573705,9.64812401987858,1.7615207144289537,0.7024931105224054,0.7326535662280044,4
1767258183416512174,9.74874940686088,1.8113448885042827,0.7024035037779702,0.7326335923305529,4
1767258183616384473,9.896836204784876,1.8250749539896118,0.7025623707801383,0.7326833749412941,4
1767258184016594858,9.727544375617736,1.789666753454878,0.7024920592639503,0.732694061586194,4
1767258184416310229,9.92390018906464,1.7961836308158625,0.7027000110097896,0.7326808009203728,4
1767258184491747524,9.813488970767615,1.8083832704672171,0.7025062484186989,0.7326146059694743,4
1767258184541500306,9.813488970767615,1.8083832704672171,0.7025062484186989,0.7326146059694743,4
1767258184816454459,9.591651458682904,1.7812339522071297,0.7023940913706792,0.7326780382322626,4
1767258184890964218,9.742468862064646,1.814412644798096,0.7024164709604102,0.7326427343013373,4
1767258184941063811,9.742468862064646,1.814412644798096,0.7024164709604102,0.7326427343013373,4
1767258185016265191,9.736457009365207,1.788681102927317,0.702465273585295,0.7326544400135877,4
1767258185291135201,9.746665353080664,1.7913698623606396,0.7024096108835665,0.7326363230460762,4
1767258185341350878,9.746665353080664,1.7913698623606396,0.7024096108835665,0.7326363230460762,4
1767258185416744676,9.8079705616827,1.8067919719591432,0.7024750635586497,0.732633388497955,4
1767258185891721806,9.666351330761547,1.7641160350398681,0.7024592541364343,0.732621541035837,4
1767258185941700535,9.666351330761547,1.7641160350398681,0.7024592541364343,0.732621541035837,4
1767258186016645536,9.735693904889708,1.7935553080201092,0.7025358899138265,0.7326771411150685,4
1767258186216846343,9.56291056432146,1.7698515907644143,0.7023456765676641,0.7326900831910008,4
1767258186491620803,9.738325709417905,1.8111547843896765,0.7024490072422632,0.7326720123729871,4
1767258186541528134,9.738325709417905,1.8111547843896765,0.7024490072422632,0.7326720123729871,4
1767258186816676621,9.850888582628837,1.8250130030349787,0.7025464616385947,0.7326517463256759,4
1767258186891685871,9.86580421541927,1.8335551090903097,0.7024867419362015,0.7326717948435377,4
1767258186941556228,9.86580421541927,1.8335551090903097,0.7024867419362015,0.7326717948435377,4
1767258187016666169,9.628376422162521,1.7826274893623824,0.7023777053772231,0.7326302359150317,4
1767258187091178954,9.906337893794692,1.8142801748473945,0.7025714666330344,0.7326324773294878,4
1767258187141224400,9.906337893794692,1.8142801748473945,0.7025714666330344,0.7326324773294878,4
1767258187216191520,9.729997424397618,1.8270038530832347,0.7023259545782268,0.7326382894855679,4
1767258187416916555,9.902888471541749,1.769000630436765,0.7026197558599411,0.7326220579345883,4
1767258187616949495,9.820800461185609,1.8274867444991219,0.702520268140463,0.7326558713051557,4
1767258187691955437,9.818669679112713,1.8187346597126892,0.702542114164867,0.7326400850849009,4
1767258187741290462,9.818669679112713,1.8187346597126892,0.702542114164867,0.7326400850849009,4
1767258187816304694,9.857955796326756,1.8066263806750062,0.7026356835015862,0.7326667329766785,4
1767258187891539009,9.605641802040378,1.8173331508584452,0.7023168127338908,0.7326604656892014,4
1767258187941791583,9.605641802040378,1.8173331508584452,0.7023168127338908,0.7326604656892014,4
1767258188016150934,9.737942238821407,1.7946752813740026,0.7024786577233192,0.7326014642076405,4
1767258188091125581,9.867835910339128,1.788615660883198,0.7026524095669916,0.7326447986754835,4
1767258188141812811,9.867835910339128,1.788615660883198,0.7026524095669916,0.7326447986754835,4
1767258188216636210,9.853210472796414,1.86563082554525,0.7024015269382244,0.7326733767258901,4
1767258188291706018,9.67163730104581,1.7643965796137653,0.7024721607604106,0.7326480536008592,4
1767258188341456873,9.67163730104581,1.7643965796137653,0.7024721607604106,0.7326480536008592,4
1767258188416680985,9.7437824256027,1.7609592690887383,0.7024892120983045,0.7326101691205031,4
1767258188491570359,9.81971532526671,1.8099184280534992,0.7024655065019083,0.7326398864558099,4
1767258188541617327,9.81971532526671,1.8099184280534992,0.7024655065019083,0.7326398864558099,4
1767258188691617764,9.840222226212724,1.8047720324195775,0.7024323402572943,0.7325673483206945,4
1767258188741353198,9.840222226212724,1.8047720324195775,0.7024323402572943,0.7325673483206945,4
1767258188816696672,9.834156114268854,1.8086766245299408,0.7025552271696847,0.7326521732755195,4
1767258188891619821,9.72009287121345,1.7991038001153714,0.7024461139571134,0.732652486142476,4
1767258188941376976,9.72009287121345,1.7991038001153714,0.7024461139571134,0.732652486142476,4
1767258189016836711,9.795168401722897,1.821143139913828,0.7025364098764912,0.7326759736747351,4
1767258189091141545,9.771092806335592,1.76483230784366,0.7025802226343062,0.732566758455881,4
1767258189141367004,9.771092806335592,1.76483230784366,0.7025802226343062,0.732566758455881,4
1767258189217058312,9.846905784163141,1.7914861860675648,0.7026189714697672,0.7326792582009602,4
1767258189291833947,9.77557438351706,1.8004140287098496,0.7023784872033133,0.7325847575987047,4
1767258189341320768,9.77557438351706,1.8004140287098496,0.7023784872033133,0.7325847575987047,4
1767258189416376232,9.670189681830198,1.8032037913973984,0.702325673896916,0.7326453768876211,4
1767258189491135831,9.752842748887659,1.7739858964565722,0.7025501955776794,0.7326785960763813,4
1767258189541890149,9.752842748887659,1.7739858964565722,0.7025501955776794,0.7326785960763813,4
1767258189616642968,9.87489308438616,1.8272697371656235,0.7024787806450586,0.7326752332470431,4
1767258189816426457,9.73118341839263,1.8070244773785833,0.7024327732380362,0.7326814877800989,4
1767258189891280069,9.790791713784275,1.8139180790071796,0.7023850500021002,0.7326438329588395,4
1767258189942127400,9.790791713784275,1.8139180790071796,0.7023850500021002,0.7326438329588395,4
1767258190091626500,9.822103800016023,1.808393705213734,0.7025559456700068,0.7326845280646719,4
1767258190142098514,9.822103800016023,1.808393705213734,0.7025559456700068,0.7326845280646719,4
1767258190291519610,9.804888601017137,1.8170490655100089,0.7025839127346803,0.7327457204986425,4
1767258190341480095,9.804888601017137,1.8170490655100089,0.7025839127346803,0.7327457204986425,4
1767258190416511937,9.508539897985724,1.7899192519607774,0.7022538409172452,0.7327060046848587,4
1767258190617385714,9.994774272827577,1.81656369434248,0.702731862969648,0.7326858873475882,4
1767258190891475006,9.822852180274788,1.7972292915852706,0.702583074233961,0.7326681118078389,4
1767258190941433846,9.822852180274788,1.7972292915852706,0.702583074233961,0.7326681118078389,4
1767258191016748168,9.714888008795498,1.7955495402692028,0.7024089465548198,0.7326320482337907,4
1767258191091384347,9.524356858398253,1.7934620771697465,0.7021811091557283,0.7326558060305799,4
1767258191141634169,9.524356858398253,1.7934620771697465,0.7021811091557283,0.7326558060305799,4
1767258191216460007,9.818772405136066,1.8035889813153512,0.7025575198357802,0.7326769174956869,4
1767258191291712759,9.603589498301645,1.810679866534622,0.7021979256628784,0.7326768700571867,4
1767258191341517824,9.603589498301645,1.810679866534622,0.7021979256628784,0.7326768700571867,4
1767258191416532959,9.66905990377498,1.8050232519453469,0.702256708851001,0.7326290301026446,4
1767258191491504206,9.46750444337885,1.7551788791403928,0.7023035115876406,0.7326331990948077,4
1767258191541421654,9.46750444337885,1.7551788791403928,0.7023035115876406,0.7326331990948077,4
1767258191691606075,9.941404991080205,1.7798233171574007,0.7027304204440218,0.7325785763007976,4
1767258191741459449,9.941404991080205,1.7798233171574007,0.7027304204440218,0.7325785763007976,4
1767258191816356013,9.550604982224264,1.7703603013718094,0.7023618159076891,0.732668568649297,4
1767258191891180391,9.626157984613304,1.7498907281648108,0.702496927513633,0.7326852946689861,4
1767258191941160885,9.626157984613304,1.7498907281648108,0.702496927513633,0.7326852946689861,4
1767258192016157660,9.630530142681337,1.7755996904253717,0.7024287681874481,0.732630202626622,4
1767258192091611075,9.670615748695766,1.821246444293033,0.7023021140070806,0.7326545573007724,4
1767258192141543276,9.670615748695766,1.821246444293033,0.7023021140070806,0.7326545573007724,4
1767258192216703685,9.861152863630206,1.7937755886659648,0.7025872996580039,0.7326331711796557,4
1767258192816895549,9.670278137931753,1.7725227217447805,0.7025009667300391,0.7326576379875617,4
1767258193016272439,9.712596127388395,1.8039433528348667,0.7023905385679282,0.7326467667644075,4
1767258193291599794,9.990237995294304,1.8192531178721778,0.7026007085708575,0.7326251118589955,4
1767258193341466666,9.990237995294304,1.8192531178721778,0.7026007085708575,0.7326251118589955,4
1767258193417160362,9.856046450179456,1.814821989721698,0.7025186077046272,0.7326454794060937,4
1767258193817034486,9.781956868946228,1.803054283917399,0.7024946676619056,0.7326568533131359,4
1767258193891804564,9.763276600132542,1.8131324505499868,0.7023533452107286,0.7326638998752877,4
1767258193941600727,9.763276600132542,1.8131324505499868,0.7023533452107286,0.7326638998752877,4
1767258194216729649,9.96393393083439,1.826513643353688,0.7027006992279948,0.7326567518331971,4
1767258194491544773,9.662993162258825,1.8166370347727439,0.702305362080242,0.7326721863421585,4
1767258194541408283,9.662993162258825,1.8166370347727439,0.702305362080242,0.7326721863421585,4
1767258194616620805,9.82318494076917,1.8027570745296977,0.7026201409624916,0.7326651147884867,4
1767258194816705345,9.68825559303399,1.7970554667742704,0.70250575794366,0.7326766862591065,4
1767258194891521173,9.533480571470632,1.7830610814733618,0.7022447638321283,0.7326788545821162,4
1767258194941236295,9.5458789263424,1.7842123598659339,0.7022985080606159,0.7326788545821162,4
1767258195016090234,9.804312042361541,1.8032562149547477,0.702558265578244,0.7326788330264637,4
1767258195091857832,9.527020052144675,1.7751598224386633,0.7023906091710334,0.7327037142653713,4
1767258195141539100,9.527020052144675,1.7751598224386633,0.7023906091710334,0.7327037142653713,4
1767258195217253079,9.778305756283467,1.7925521656142207,0.702444868651964,0.7325973071861943,4
1767258195416533144,9.756963819811503,1.8538166044776374,0.7023511569716377,0.732668560518864,4
1767258195491768186,9.772821297507894,1.806723543300461,0.7025360427594147,0.7327070114224884,4
1767258195541854945,9.772821297507894,1.806723543300461,0.7025360427594147,0.7327070114224884,4
1767258195616827649,9.602888692391453,1.7654444701188214,0.7023593323353144,0.7326431492170883,4
1767258195816171542,9.950808997995386,1.8230608920759843,0.702640724594451,0.7326430572575174,4
1767258195891601677,9.809366887203463,1.7941497524152235,0.7025975748609955,0.7326503005822924,4
1767258195941741436,9.809366887203463,1.7941497524152235,0.7025975748609955,0.7326503005822924,4
1767258196016573262,9.729869583317008,1.8083737640978643,0.7023712472366646,0.7326361931808409,4
1767258196091245208,9.923270524736294,1.8411239329140208,0.7024455355748103,0.7326723100003364,4
1767258196141422791,9.923270524736294,1.8411239329140208,0.7024455355748103,0.7326723100003364,4
1767258196416529602,9.722423348033526,1.7981316961565381,0.7024408749429507,0.73262494910695,4
1767258196491200825,9.70198371447717,1.7860897194356835,0.7024733523633571,0.7326544588770371,4
1767258196541727201,9.70198371447717,1.7860897194356835,0.7024733523633571,0.7326544588770371,4
1767258196616736670,9.689319497697578,1.8120661427208407,0.7023622027649743,0.7326222152806648,4
1767258196691698297,9.901498950569131,1.8446968119302076,0.7024726131497955,0.7326378665456188,4
1767258196741598070,9.901498950569131,1.8446968119302076,0.7024726131497955,0.7326378665456188,4
1767258196816697341,9.755127847772883,1.7801122657326276,0.7025230513384807,0.7326296004341373,4
1767258197016617667,9.73521738945038,1.7829407028357547,0.7024068723175833,0.732619526009076,4
1767258197091926803,9.473643585775516,1.7416298730100765,0.7023321364778135,0.7326497454843841,4
1767258197141636048,9.473643585775516,1.7416298730100765,0.7023321364778135,0.7326497454843841,4
1767258197291668032,9.59696489569495,1.7570824011640163,0.7024651717192764,0.7326686025945377,4
1767258197416649672,9.931483397170314,1.8244669108084142,0.7025720037051003,0.7326378483928242,4
1767258197616739679,10.03653899098833,1.8305230877682874,0.7026384460904226,0.7326018825089542,4
1767258197891419789,9.600075810451969,1.7858041256737605,0.7024132378638969,0.7326197461470041,4
1767258197941765230,9.600075810451969,1.7858041256737605,0.7024132378638969,0.7326197461470041,4
1767258198016644856,9.732587733599196,1.8002298092212843,0.7023617277121086,0.732618706568368,4
1767258198291406332,9.812134306222742,1.8091965394889358,0.7024701040830259,0.7326282654985873,4
1767258198341687256,9.812134306222742,1.8091965394889358,0.7024701040830259,0.7326282654985873,4
1767258198416956951,9.74899470111945,1.8183379745813182,0.7024117207957198,0.7326184492499727,4
1767258198616351851,9.636713178370226,1.7900907755470299,0.7023416097836163,0.7326482165036672,4
1767258198691238727,9.620060508337303,1.7900231151233876,0.7024344925749832,0.7327173148308697,4
1767258198741616054,9.620060508337303,1.7900231151233876,0.7024344925749832,0.7327173148308697,4
1767258198816422076,9.819032723998756,1.809036841112843,0.7026176891675178,0.7326795471938301,4
1767258198891101437,9.695634157685816,1.7924127166860933,0.7023615879360875,0.7326487649969965,4
1767258198941407624,9.695634157685816,1.7924127166860933,0.7023615879360875,0.7326487649969965,4
1767258199091103078,10.028707426121164,1.8237616898170173,0.702794130244875,0.7326686393154571,4
1767258199142102076,10.028707426121164,1.8237616898170173,0.702794130244875,0.7326686393154571,4
1767258199216653333,9.6848736274735,1.7663337477846457,0.7025257214558435,0.7326587339665976,4
1767258199291954455,9.64332344076524,1.7729124626817734,0.7023776537531503,0.7326042489112622,4
1767258199341693754,9.64332344076524,1.7729124626817734,0.7023776537531503,0.7326042489112622,4
1767258199491301680,9.837269592097408,1.788251221467791,0.7026064618274154,0.732657889645668,4
1767258199541861267,9.837269592097408,1.788251221467791,0.7026064618274154,0.732657889645668,4
1767258199691331254,9.756685345083449,1.8004641340599727,0.7023969804953758,0.7326262993357422,4
1767258199741326349,9.756685345083449,1.8004641340599727,0.7023969804953758,0.7326262993357422,4
1767258199891615824,9.613266250737551,1.787709377549873,0.7023466382238003,0.7326355164946018,4
1767258199942069071,9.613266250737551,1.787709377549873,0.7023466382238003,0.7326355164946018,4
1767258200016776691,9.66796832173733,1.8012043780464304,0.7024472879364915,0.7326754681060078,4
1767258200091717312,9.994112386519372,1.8413751005663552,0.7025407203668148,0.7326342950398782,4
1767258200141743018,9.994112386519372,1.8413751005663552,0.7025407203668148,0.7326342950398782,4
1767258200216660076,9.647828289286897,1.7848454310252426,0.7023599067862024,0.7326712009215779,4
1767258200416477138,9.815848697616314,1.7942653609826054,0.7025765792082522,0.732644333038104,4
1767258200491836320,9.675931447180375,1.8063556693805587,0.7023936356417076,0.732666265757152,4
1767258200542071859,9.675931447180375,1.8063556693805587,0.7023936356417076,0.732666265757152,4
1767258200616251720,9.774799791603673,1.7835400415947325,0.7025466574753265,0.732582109143784,4
1767258200691719130,9.697883003911056,1.7746062330957992,0.702506381697044,0.7326565209545792,4
1767258200741741820,9.697883003911056,1.7746062330957992,0.702506381697044,0.7326565209545792,4
1767258200817087435,9.928432196977145,1.8244293420658717,0.702611062557908,0.7326392774564844,4
1767258200891453027,9.65252216603596,1.8177838329339289,0.7023322136847315,0.7326347828843143,4
1767258200942069249,9.65252216603596,1.8177838329339289,0.7023322136847315,0.7326347828843143,4
1767258201016820020,9.849345292217816,1.8071733554064635,0.7025279251891042,0.7326201479313816,4
1767258201216395512,9.687964882355793,1.8138342973973705,0.7023432800619291,0.7326764636027921,4
1767258201416241121,9.51085482160996,1.789069583381848,0.7022259685455902,0.7326884378114087,4
1767258201491609621,9.656197270861643,1.759269452352863,0.7024887985774064,0.7326532043281226,4
1767258201541616926,9.656197270861643,1.759269452352863,0.7024887985774064,0.7326532043281226,4
1767258201616569147,9.8200919894601,1.819383711142183,0.7024282908573443,0.7326410061903947,4
1767258201691466911,9.822611721654994,1.8079627448114346,0.702567219183113,0.7326756463307742,4
1767258201741296817,9.822611721654994,1.8079627448114346,0.702567219183113,0.7326756463307742,4
1767258201817191203,9.753363784874125,1.8327164150845654,0.7023528547725961,0.7326322753819042,4
1767258202016764047,9.440872967213853,1.7902509492089211,0.7021822274291014,0.7326645208438053,4
1767258202091674903,9.854936480738319,1.8355034984937897,0.7024470427604176,0.7326590577701317,4
1767258202141677675,9.854936480738319,1.8355034984937897,0.7024470427604176,0.7326590577701317,4
1767258202291125856,9.686672116154483,1.8419149793710792,0.7022926762333936,0.7326469717550644,4
1767258202341404118,9.686672116154483,1.8419149793710792,0.7022926762333936,0.7326469717550644,4
1767258202416400025,9.713519850480633,1.784847775679219,0.7024631796877406,0.7326808303211687,4
1767258202692031201,9.475534462844548,1.807856757421215,0.702047036610193,0.7326030275476402,4
1767258202741302627,9.475534462844548,1.807856757421215,0.702047036610193,0.7326030275476402,4
1767258202817040564,9.693212568023135,1.778193129555441,0.7025239308739092,0.7326476665649357,4
1767258202891518871,9.974995304569244,1.794043255587513,0.7027141553638099,0.7325998076183935,4
1767258202941248324,9.974995304569244,1.794043255587513,0.7027141553638099,0.7325998076183935,4
1767258203016958720,9.806585360183973,1.7976983179808095,0.7025276137419716,0.7326296127682926,4
1767258203091837504,9.592204561253315,1.8058163076091371,0.702293142470965,0.7326476183758416,4
1767258203141775573,9.592204561253315,1.8058163076091371,0.702293142470965,0.7326476183758416,4
1767258203216971056,9.710928702101107,1.786303082167833,0.7025088971508368,0.7326583980394858,4
1767258203291776236,9.663395444777567,1.7924157572867314,0.7024104748069872,0.7326381593125268,4
1767258203341898010,9.663395444777567,1.7924157572867314,0.7024104748069872,0.7326381593125268,4
1767258203416936885,9.801009623716217,1.8076429623730308,0.7025664127851271,0.732661259506627,4
1767258203491654310,9.749937801623698,1.7659357650633758,0.7025181986919472,0.7326505851461773,4
1767258203541828340,9.670017971822652,1.7858921997833275,0.7023613333249668,0.7326505851461773,4
1767258203616777218,9.599622570951594,1.7720909219513024,0.7023930693944124,0.7326421732887174,4
1767258203691348356,9.866343829316282,1.8597362985410495,0.7024807347235124,0.7326808867953357,4
1767258203741423850,9.866343829316282,1.8597362985410495,0.7024807347235124,0.7326808867953357,4
1767258203817103282,9.796446404271242,1.7868887122809898,0.7025130139317602,0.7326265494432106,4
1767258203891517794,9.602918935253669,1.791353056164446,0.7023222869200212,0.7326482365610458,4
1767258203941285624,9.602918935253669,1.791353056164446,0.7023222869200212,0.7326482365610458,4
1767258204016935835,9.857294077228463,1.8372559817725718,0.7024666460257303,0.7326572266820583,4
1767258204216818630,9.815263275494202,1.8086568679586674,0.7024757699498563,0.7325715718924435,4
1767258204292002652,9.94667016061368,1.8049019174629672,0.702673945378159,0.732630134542567,4
1767258204341669355,9.94667016061368,1.8049019174629672,0.702673945378159,0.732630134542567,4
1767258204416343791,9.730109862943316,1.7618360987833979,0.7025200295049856,0.7325886721634426,4
1767258204491160174,9.880314783073828,1.806264489441196,0.7024530521811606,0.7325535078377181,4
1767258204541965411,9.880314783073828,1.806264489441196,0.7024530521811606,0.7325535078377181,4
1767258204616262308,9.902590651121091,1.825149085062849,0.7026417830294814,0.732649752026262,4
1767258204691250630,9.883223158026034,1.830471445217937,0.7024628639744129,0.7326064405048248,4
1767258204741997538,9.883223158026034,1.830471445217937,0.7024628639744129,0.7326064405048248,4
1767258204816347635,9.863669550571608,1.8345994623091908,0.7025190816594381,0.7326525869118322,4
1767258205016922167,9.853516400892826,1.8130649732985125,0.7025435804198585,0.7326439298486701,4
1767258205291993563,9.76605297126687,1.7611196899890724,0.7025332401892792,0.7326019927576902,4
1767258205341897154,9.76605297126687,1.7611196899890724,0.7025332401892792,0.7326019927576902,4
1767258205491518736,9.918899373489221,1.8363030020008881,0.7025682378535785,0.7326596104633621,4
1767258205541675884,9.918899373489221,1.8363030020008881,0.7025682378535785,0.7326596104633621,4
1767258205691332069,9.96928321152135,1.844609204696977,0.7025386118667264,0.7326076742478551,4
1767258205741255013,9.96928321152135,1.844609204696977,0.7025386118667264,0.7326076742478551,4
1767258205816941029,9.751029799762945,1.8133707137206716,0.7023233182261349,0.7325991124295407,4
1767258205891695673,10.00573074263822,1.8324089260749035,0.7025315211466507,0.7325763441077344,4
1767258205941978070,9.78881025249423,1.8208645050857575,0.7023975447346178,0.7326229190481369,4
1767258206016851475,10.09247664209001,1.8313693906351085,0.7027003095748429,0.7325977579619983,4
1767258206091819515,9.798852133092284,1.779693392510935,0.702554084526428,0.7326200617372607,4
1767258206141364782,9.798852133092284,1.779693392510935,0.702554084526428,0.7326200617372607,4
1767258206216860100,9.822819164572948,1.7888363738928441,0.7025530350031413,0.7325905522762202,4
1767258206341233030,9.577097292963298,1.74858205585933,0.7024978706819045,0.7326816653514703,4
1767258206417062147,9.773273021421502,1.7848089478966291,0.7025439931445819,0.7326391670174404,4
1767258206491588660,9.666653135649405,1.7842599650533328,0.7023782607534539,0.7326331432406419,4
1767258206541555818,9.666653135649405,1.7842599650533328,0.7023782607534539,0.7326331432406419,4
1767258206691500991,9.66385251625268,1.7616785653280667,0.7025311432636286,0.7326665877333214,4
1767258206741230799,9.66385251625268,1.7616785653280667,0.7025311432636286,0.7326665877333214,4
1767258206891555811,9.764864038686705,1.8324236867864563,0.7023686809737708,0.7326274825621945,4
1767258206942051393,9.713495917768377,1.8285366163502608,0.7023940582861757,0.7326598095879201,4
1767258207016936119,9.685094229841983,1.7688077307719643,0.702449328985159,0.7326095897699058,4
1767258207091885244,9.684935767656388,1.7877449168928048,0.702504194086513,0.732678905008347,4
1767258207141939764,9.684935767656388,1.7877449168928048,0.702504194086513,0.732678905008347,4
1767258207216532896,9.724139074252403,1.7821713092209093,0.7024888501197114,0.7326425115602518,4
1767258207299334337,9.725136891606812,1.7898632695242116,0.7024701751570633,0.7326446414638139,4
1767258207341952105,9.725136891606812,1.7898632695242116,0.7024701751570633,0.7326446414638139,4
1767258207416658471,9.845003065097613,1.807824053557578,0.7026188547783411,0.7326777474153466,4
1767258207491562306,9.694978697538993,1.7770196655579353,0.7024597600297219,0.7326366549292426,4
1767258207541482887,9.694978697538993,1.7770196655579353,0.7024597600297219,0.7326366549292426,4
1767258207616401227,9.653067838755636,1.796731763196716,0.7023669148384414,0.7326320997449303,4
1767258207816941702,9.957184363562966,1.820279130990445,0.7025804373049763,0.7326339957307793,4
1767258207891294759,10.01857951282059,1.86648049200828,0.7025035585994025,0.7326474457115832,4
1767258207942012727,9.713527231176688,1.7714563335728941,0.7024942263951949,0.7326454294692035,4
1767258208091254987,9.736446327776704,1.8032998771660826,0.7024455827706758,0.7326484787330059,4
1767258208141629100,9.896327330972232,1.8187255647859129,0.7025243218559777,0.7326484787330059,4
1767258208216768887,10.08057337809365,1.8560291991440498,0.7026496662483621,0.7325700541556991,4
1767258208416621712,9.718630495343717,1.7796809520200922,0.7025397093493405,0.7326690751237602,4
1767258208541999209,9.983206232638043,1.8552669947841374,0.7025789530201088,0.7326478066861941,4
1767258208616960364,9.637401756674935,1.778367368068528,0.7023325249903141,0.73262754786158,4
1767258208691761137,9.814929571662635,1.8315598680932594,0.7023445606769337,0.7326577282373672,4
1767258208741273350,9.814929571662635,1.8315598680932594,0.7023445606769337,0.7326577282373672,4
1767258208816884818,9.749105858661178,1.7944083294424882,0.702487949292027,0.7326190487662154,4
1767258209016478679,9.72764656847136,1.792020572084711,0.702444640641535,0.7326266604762804,4
1767258209091433115,9.609750291994402,1.7862423525554825,0.7023155465032045,0.7326485209878195,4
1767258209141229672,9.609750291994402,1.7862423525554825,0.7023155465032045,0.7326485209878195,4
1767258209216456198,9.675178135786444,1.7831692233474488,0.7024624228257826,0.7326670439556757,4
1767258209491528143,9.748221832010074,1.7646262480796875,0.7025315420280156,0.7326240293847348,4
1767258209541298420,9.748221832010074,1.7646262480796875,0.7025315420280156,0.7326240293847348,4
1767258209616984131,9.784742652568346,1.8234889940467316,0.7024098851139102,0.7326310236046532,4
1767258209691904411,9.736154247128258,1.8048551944879363,0.7024270776698975,0.7326232766569073,4
1767258209741966356,9.736154247128258,1.8048551944879363,0.7024270776698975,0.7326232766569073,4
1767258209817017409,9.8529508852363,1.8086398698133135,0.7025045238275354,0.7326454288191299,4
1767258209891500410,9.793559498076254,1.8200714600081,0.702401549152017,0.7326203910815479,4
1767258210016749624,9.77487882789041,1.831168500338881,0.7022499562105864,0.7325901428785366,4
1767258210216688293,9.515608535661467,1.7751417985497648,0.7022783128869203,0.7326392339108782,4
1767258210291637238,9.798346569261152,1.7993310260497968,0.702436491481106,0.7326077790009743,4
1767258210341725697,9.798346569261152,1.7993310260497968,0.702436491481106,0.7326077790009743,4
1767258210491826881,9.766116121128544,1.795817115061726,0.7025097722281686,0.732677804793989,4
1767258210691558611,9.86233691782601,1.8106521076295168,0.7026246915483718,0.7326648801829052,4
1767258210741830748,9.841121154195331,1.8585628480974699,0.7023165733368544,0.7326174002921677,4
1767258210891475390,9.82951268097465,1.8408448245148377,0.7024034023506602,0.7326148662665224,4
1767258210941140679,9.82951268097465,1.8408448245148377,0.7024034023506602,0.7326148662665224,4
1767258211016425042,9.656802519753871,1.7726597453870225,0.7023657822521749,0.7326048067213383,4
1767258211091585797,9.955493403229543,1.8011619143125086,0.7026024425470473,0.7325994991146655,4
1767258211141670838,9.955493403229543,1.8011619143125086,0.7026024425470473,0.7325994991146655,4
1767258211216689212,9.743286088296777,1.7880761365656008,0.7025349483676616,0.7326394570246026,4
1767258211291948395,9.858712238897338,1.8189597058116616,0.7025128089538024,0.7326249227524332,4
1767258211416738110,9.902813079249562,1.8078908874476978,0.7025798617543283,0.7326398412802976,4
1767258211491428375,9.728466160927818,1.7925352440611972,0.7024465488864762,0.7326400835097774,4
1767258211691756598,9.804764591708203,1.8104899525342097,0.7023829169365211,0.7326020663874152,4
1767258211741595705,9.804764591708203,1.8104899525342097,0.7023829169365211,0.7326020663874152,4
1767258211816663884,9.7276509140789,1.8058496571451268,0.7023919952467352,0.732647591585593,4
1767258211892209417,9.7321998985902,1.7935584312122068,0.7024257581631239,0.7326362112702153,4
1767258211941561054,9.7321998985902,1.7935584312122068,0.7024257581631239,0.7326362112702153,4
1767258212016499194,9.829170608326333,1.8231579569929868,0.7024489214705041,0.7326181188769507,4
1767258212091275095,9.831250537956082,1.801004278967707,0.7025937931494447,0.7326395432732372,4
1767258212141456852,9.91195127909883,1.8218092295492008,0.7024404969262006,0.7325908047985354,4
1767258212216267265,9.93392647232405,1.8646416098505612,0.7023963256981637,0.7326441260982551,4
1767258212341816766,9.780313244433403,1.8025270887480702,0.7024971554314862,0.7326525623025308,4
1767258212416618456,9.844140495062437,1.80935545211502,0.7024606910216856,0.7325934895041414,4
1767258212491839419,9.795086720588376,1.7979086168744436,0.702542003248561,0.7326779729558905,4
1767258212541566723,9.804400759814037,1.8068327068133996,0.7025588433443155,0.7326779729558905,4
1767258212616845329,9.761774768886845,1.7700406353457738,0.70249480750028,0.7325940334390363,4
1767258212691414009,9.772962082347348,1.7822510060255128,0.7024259998964416,0.7325972232421128,4
1767258212816829960,9.714386064410775,1.804950420752443,0.7022470940930924,0.7326402413767505,4
1767258212891635797,9.82826901025824,1.809643940006131,0.7025652715426034,0.7326337366647466,4
1767258212941264104,9.784449172576814,1.7828853056101246,0.7024032377401502,0.7325658036466599,4
1767258213092109365,9.842200091612519,1.7834109471248867,0.7026060996597164,0.7326724778786211,4
1767258213142015637,9.846323745182794,1.8179289459454773,0.7025163805111502,0.7326531991966082,4
1767258213491896507,9.887690248917892,1.8231436792522173,0.7025232542313192,0.7326093273943649,4
1767258213541925367,9.772001977820356,1.7601151700773223,0.7025806642052718,0.7326093273943649,4
1767258213691529670,9.80556770009311,1.81025874907482,0.7024407416034701,0.7325978086787968,4
1767258213741530092,9.819968627562181,1.8023289469854322,0.7024952141815963,0.7325978086787968,4
1767258213816827715,9.845156190772975,1.8190428830106684,0.7024162601378084,0.7326245546391924,4
1767258213941295983,9.59762342786985,1.75992138832079,0.7023301689299705,0.7326568680504352,4
1767258214016671244,9.751198893885649,1.7748178264877958,0.702576761725133,0.7326732041721583,4
1767258214141894854,9.63449914022041,1.7508960482256384,0.7024318180871855,0.7326130812976848,4
1767258214216589765,9.823324275760381,1.834687285966118,0.7024489049032421,0.7326715431677346,4
1767258214292020109,9.595147459401376,1.7991939051832084,0.7022381175486406,0.732651805988739,4
1767258214341570968,9.709417958296163,1.7862221295008163,0.7024172458364384,0.732651805988739,4
1767258214491318587,9.888042220823735,1.835372465829529,0.7024923404787198,0.7326238448464155,4
1767258214541238763,9.67314382547868,1.8258342146045132,0.702280092065735,0.7326475418393338,4
1767258214616371749,9.855858022789432,1.8389083899971734,0.7024005776746367,0.7326157432555035,4
1767258214817007908,9.665063263569419,1.7933701863354192,0.702344874818414,0.7326082776662342,4
1767258214891807139,9.815520300311963,1.7884878629478307,0.7026270867646902,0.7326492623405746,4
1767258214941901053,9.819254766056051,1.8279341358915724,0.7024415750248562,0.7326368814379488,4
1767258215016692687,9.894867179298883,1.794946706051995,0.7025569519980089,0.7325791795965079,4
1767258215091503108,9.740318907670353,1.7645761916503981,0.7026067235664827,0.7326339865870072,4
1767258215217046759,9.710998587371567,1.7617127381457773,0.7024376361553463,0.732587911089536,4
1767258215291773974,9.806361654228656,1.7960904509944642,0.7025179063776914,0.7326034350236807,4
1767258215341243687,9.812419029574526,1.7657690441188634,0.7026199425612691,0.7326187062343484,4
1767258215491934664,9.699491364852264,1.8009756397286063,0.7024056932873881,0.7327010671980916,4
1767258215541956404,9.480446811579446,1.7631934435777958,0.7023618501001342,0.7326827723339725,4
1767258215616906194,9.724162500273415,1.7829663334121937,0.7024176285600005,0.7326182117180634,4
1767258215741736197,9.74989908067836,1.7800518167705865,0.7025859719363617,0.7326278725872009,4
1767258215816717958,9.874333716523353,1.8445479322698242,0.7024354966154118,0.7326079307986696,4
1767258215891355480,9.913337406997623,1.8182624731265398,0.7025582039192252,0.7326392904010484,4
1767258215941863636,9.863130821585298,1.7886660087292638,0.7023781734061028,0.7325181526160774,4
1767258216091674981,9.737037234328838,1.7924273442714964,0.7025129383725245,0.7326696032353853,4
1767258216291801564,9.907010500010195,1.8170140773215095,0.7026164185297403,0.7326309857222624,4
1767258216341803509,9.85979376174062,1.8238718636754752,0.7025244045725966,0.7326620655625329,4
1767258216492319158,9.550633142718755,1.7924810970711935,0.7023535472331008,0.7327106317976713,4
1767258216541747135,9.790273698285223,1.8370649720019385,0.7024313698145896,0.7327106317976713,4
1767258216617280736,9.866192537983821,1.8301013999479185,0.7024439330510358,0.7325931927734862,4
1767258216741253557,9.825560584337921,1.8098604974836605,0.7024388851503657,0.7325595118300652,4
1767258216941731241,9.536167227265913,1.7922518676142136,0.7022531112701058,0.7326866409156807,4
1767258217016425290,9.940087860669578,1.8436359186566396,0.7024158502930987,0.7326147544038432,4
1767258217216496426,9.554996564776985,1.7907403249988685,0.7023493466413725,0.7326984656885539,4
1767258217292030682,9.534067044268845,1.76450225664245,0.7023854319291256,0.7326947186342323,4
1767258217341895229,9.766025084677832,1.7971405955454305,0.7024852332546597,0.7326533745192414,4
1767258217416863828,9.828715505578955,1.8291326590876171,0.7024565140662562,0.7325940501239101,4
1767258217491686791,9.573091422657164,1.8114638300590393,0.7021588438998269,0.73263239224872,4
1767258217541296598,9.625107541055943,1.7817567205233587,0.702334844969714,0.7326256619319113,4
1767258217616438187,9.651839265785057,1.796230912606166,0.7023569966300138,0.7326493761963915,4
1767258217691648711,9.734161717261824,1.8253969447411331,0.7022924664755019,0.7326329085505775,4
1767258217741395702,9.763253573065622,1.8204735216807735,0.7023433757442125,0.732624494958208,4
1767258217817013828,9.995760181210178,1.8253351603060413,0.7026706842059272,0.7326231756097035,4
1767258217891934633,9.986837764317414,1.8081799214916876,0.7027817952612933,0.7326477861763979,4
1767258218016727717,9.683331904666304,1.8298933464467335,0.7022270713303069,0.7326236521232712,4
1767258218092015109,9.73853362412469,1.8061200708742928,0.7024690588677066,0.7327229473319108,4
1767258218141693329,9.906102803949878,1.8358105440656693,0.7024821489542578,0.7326101512409632,4
1767258218216782676,9.52102271161348,1.7652140090000175,0.7023464891613102,0.7326392503861003,4
1767258218291445149,9.652501620403541,1.7287737194469885,0.7025257685799865,0.7326191185336854,4
1767258218341585403,9.841102550875336,1.830349591943937,0.7024549897219229,0.7326316277088321,4
1767258218492117077,9.702343189242457,1.7772302804230207,0.702421203931171,0.7326301850345862,4
1767258218541321830,9.624504749254026,1.7870950207450607,0.702341769402243,0.732647101728997,4
1767258218816997252,9.774222368959528,1.81271985373334,0.7024012011011561,0.7326143663647372,4
1767258218891317084,9.935166015693998,1.8072013038814425,0.7027413994323022,0.732645901799993,4
1767258218941441892,9.678653350976951,1.7758125094312567,0.7024191041992998,0.7326182964557647,4
1767258219016407135,9.723065495418126,1.8171923451944187,0.7023528391393286,0.7325897100791118,4
1767258219091547072,9.92487150141319,1.8235029657939308,0.7025447007259346,0.7325858718542076,4
1767258219142057971,9.958904367681987,1.8302365616969296,0.7025090386625548,0.7326074754481475,4
1767258219216826792,10.000060783334487,1.8455038710935432,0.7025786834638433,0.7326451329634014,4
1767258219341677739,9.9924038756114,1.8469518194730838,0.7025792833137537,0.7326392750404744,4
1767258219416482148,9.781820470408098,1.8014841774592696,0.7023621192263917,0.7325869988566622,4
1767258219741349734,9.728108495847266,1.773605584977858,0.7024947348262255,0.7326497832002362,4
1767258219816340759,9.787751065480244,1.7797473717450882,0.7025269697524508,0.732592966699477,4
1767258219891967980,9.780998902852446,1.7820165864594188,0.7025808059253501,0.7326635981197211,4
1767258219941483822,9.761364143891837,1.8382161075683259,0.7021758642581467,0.7325694698075753,4
1767258220091692950,9.476201461716904,1.7707611104098513,0.7022524203180428,0.7326414508643443,4
1767258220141397617,9.87801730677007,1.7721371140760758,0.7026257540234404,0.7326198117335063,4
1767258220216614808,9.899494677837573,1.8355185645359404,0.7024522410681788,0.7326176589068364,4
1767258220291784517,9.758502502180132,1.80154854490813,0.7023281335646676,0.732568400325374,4
1767258220341748769,9.703035350812739,1.7814255694573757,0.7024631960198424,0.732598354766798,4
1767258220541755628,9.860068597323469,1.8253414302404978,0.702468328408547,0.732619472173115,4
1767258220691852879,9.867900942036378,1.7933375032173298,0.7026381629603162,0.7326273298905973,4
1767258220741810048,9.68356785783775,1.7846482152272403,0.7023786109666112,0.7325742032069553,4
1767258220817112423,9.81469907411281,1.8227390755769168,0.7023988114880866,0.7325715938588429,4
1767258220891677483,9.841280327510527,1.8017547986019982,0.7025213524658023,0.7326098004912198,4
1767258221016639942,10.011636435054317,1.8046899625766286,0.7026150524507535,0.7325491263760251,4
1767258221091999567,10.042809844447941,1.8513876169907677,0.7025937026170574,0.7326334718132288,4
1767258221141909749,9.540384772468213,1.7714325500931802,0.7022729722265428,0.7326148012629514,4
1767258221291832445,9.829557573218795,1.7992479495671265,0.7025351803639805,0.7326178291413011,4
1767258221341312401,9.741837601629832,1.8100535855568922,0.7024662360363628,0.7326391391598661,4
1767258221491709138,9.792000243406207,1.818754565208986,0.7024334348022787,0.7326172674598234,4
1767258221541386375,9.64143920590832,1.7991970888275255,0.7023123617602864,0.7326400689164619,4
1767258221617006544,9.915580831611038,1.835334721198706,0.7025053977493075,0.7326224068792374,4
1767258221691369014,9.719622779548853,1.7538776201441726,0.7025218667597877,0.7326081098343834,4
1767258221741660380,9.685300130473419,1.7867716723756164,0.7024311069673591,0.7326401618132656,4
1767258221941928962,9.83780261996625,1.7930843643523329,0.7025862112755783,0.7326705847627053,4
1767258222016593764,9.72322779388568,1.7900577484540106,0.7023739634995381,0.7325660542001975,4
1767258222091642875,9.719988420271775,1.805534503323941,0.7024158572409717,0.7326527352286888,4
1767258222141220434,9.919086766397967,1.7881724849148857,0.7025796324150779,0.7326023202960248,4
1767258222216676176,9.718759193975245,1.8277525833652262,0.7023685151875257,0.7326605694607472,4
1767258222291770175,9.879799896580055,1.8227291392213472,0.7025629852955856,0.7326531732649424,4
1767258222341318152,9.791289450563067,1.7957215592170832,0.7024524506163342,0.7326172046323552,4
1767258222416404019,9.720801528239065,1.8320217292290997,0.7022722992289632,0.7325664205200989,4
1767258222491763022,9.73847936339267,1.7900145353801038,0.7024450221988188,0.7326137555970248,4
1767258222616295366,9.801474630676822,1.8121991101883894,0.7023815134671386,0.7325833885743614,4
1767258222691718125,9.882490532313494,1.761485464495334,0.7026991915751911,0.7326004574511729,4
1767258222742185764,9.797960358589265,1.8220931181899396,0.7024683459251977,0.7326388500269005,4
1767258222816317748,9.826879981445714,1.8135433269759356,0.7023846405960302,0.7325933348974895,4
1767258222891853697,9.78391467944084,1.8012498228347398,0.7024082618454679,0.7326282741952955,4
1767258222942101866,9.603036011137656,1.807622107053425,0.7022766051968717,0.7326825031194966,4
1767258223016667317,10.124098705669438,1.849579252987415,0.7026486555981497,0.7325911524552597,4
1767258223141783258,9.905998282822903,1.8159927123359496,0.7025185104728723,0.7325903780776666,4
1767258223216924414,9.839699977662985,1.7813223356882337,0.7024829383531359,0.7325606469033031,4
1767258223341637931,9.977374794626792,1.8533276778912795,0.7025035630999873,0.7326223187805473,4
1767258223416407895,9.81239745857243,1.8334532166644664,0.7024539860129487,0.7326673176408575,4
1767258223491769306,9.7330481877419,1.809704840848594,0.7024684717108582,0.7326602877877287,4
1767258223541787993,9.78270420449945,1.7936031758192883,0.7024904469427464,0.7326044486376874,4
1767258223691704644,9.920531125242938,1.806164800042419,0.7024813537707428,0.732593673372014,4
1767258223741397203,9.798394255457477,1.7957769798398306,0.7025232003525365,0.7325793146941773,4
1767258223816619895,9.755546448740438,1.8075812915626506,0.702378154536893,0.7325705444660324,4
1767258223892002286,9.71688189496911,1.7544993355604854,0.7025213343096501,0.7326232286526775,4
1767258223941264633,9.773777186233845,1.8306966888390674,0.7023431768171848,0.7326031104360384,4
1767258224016206782,9.69311091978875,1.7921353381312257,0.7023984700489095,0.7326678813146653,4
1767258224142122704,9.788913500333397,1.820309754090759,0.7024413852342357,0.7326543155873099,4
1767258224216766553,9.769405901551842,1.7764622837502009,0.7024912986454932,0.73261151210546,4
1767258224291825684,9.827509142003144,1.7850090815725492,0.7025381341128979,0.7326119604484819,4
1767258224341672518,9.84319317060567,1.8124999430888942,0.7024463492481675,0.7326275836707671,4
1767258224417006775,9.937449915607965,1.7690770951240842,0.7026183563406858,0.7325560398092391,4
1767258224541663102,9.725520711857726,1.7850059481232061,0.7024413276104226,0.7325853022025111,4
1767258224691758435,9.709139727476224,1.766808188204009,0.7024718691613636,0.7326276402053137,4
1767258224741964179,9.952569179710324,1.8325615897685419,0.7025004592875941,0.7325945776851165,4
1767258224816215068,9.721000107051347,1.7824975285124633,0.7025071701272442,0.7326008977505598,4
1767258224891178804,9.718766077912665,1.7881556958692846,0.7025197239676542,0.7326416191429029,4
1767258224941286216,9.829120180130047,1.8305677751479388,0.7023015425053198,0.7326197700501862,4
1767258225142084733,9.744304647240964,1.799597672994072,0.7023749194004003,0.7326062929575098,4
1767258225216678491,9.854253920792754,1.8417610021096882,0.7025394599353075,0.7327346902206672,4
1767258225292024327,9.91943223576952,1.8208638531590138,0.7026709171494734,0.7326667394415068,4
1767258225341355440,9.732110875941057,1.8171835770612785,0.7022621718571148,0.7325967738089495,4
1767258225416370629,9.758811240362375,1.8038887150153802,0.7024574018710252,0.732613143770007,4
1767258225491707784,9.621637778904235,1.804696695298124,0.7022494120966414,0.7326167349709379,4
1767258225541641637,9.92563408876046,1.844225327473685,0.7025886651179165,0.7326349051378643,4
1767258225616600043,9.846069336912123,1.7967673271061289,0.702519410626006,0.7326331719725232,4
1767258225741571430,9.755013220437924,1.7996163525106692,0.7024148965963187,0.732593490519515,4
1767258225816674882,9.727140505234487,1.7873925840919316,0.7025215289485081,0.7326381607152891,4
1767258225891759798,9.677387194625297,1.7713392119458304,0.7023570655320478,0.7326066916729653,4
1767258225941912350,9.610451390333562,1.7871889417825202,0.7022635996715736,0.7326322285355307,4
1767258226092000210,9.674562258592868,1.8027194595034504,0.7023489190313488,0.7326325552901912,4
1767258226142257382,9.715677787328957,1.7593963582342356,0.702580304241577,0.7326623967184526,4
1767258226217085219,9.693185647035696,1.7577683819363812,0.7025489800779542,0.7326425007188623,4
1767258226292079212,9.787765614166721,1.820203119101764,0.7023545120799468,0.7326150435120277,4
1767258226341506058,9.91161438393695,1.8184847959204173,0.7025332272720458,0.7326033055159564,4
1767258226417015794,9.807615688395831,1.8062420078037549,0.7024101229727706,0.7325706194984734,4
1767258226491356647,9.907165292702192,1.8141627128577529,0.7025850871640165,0.7326315312192675,4
1767258226616364411,9.702202976031415,1.7745629641420737,0.7025386803870458,0.7326657113509103,4
1767258226691397422,9.734774079392938,1.8118670433594006,0.7024475870501493,0.7326289370568717,4
1767258226742052904,9.907065331456577,1.8056480427041215,0.702608185534172,0.7326004816443679,4
1767258226816518076,9.782111972208018,1.767424655592596,0.7024997723518033,0.7325771757844675,4
1767258226891655391,10.098640622520861,1.8294761394540087,0.7027583369115421,0.7325994739724492,4
1767258226941837226,9.85293286983968,1.8002834156172958,0.7025309421283126,0.7326292109773105,4
1767258227016790186,9.647742492747913,1.7968235641854686,0.7023621278877218,0.7326024108929744,4
1767258227091991847,9.908990687798823,1.8456190025998926,0.7024608257620624,0.7326353171332651,4
1767258227417006059,9.92863051748516,1.8480187054698085,0.70255669128858,0.7325806162623092,4
1767258227541735479,9.763798071978247,1.8184348485033748,0.702433362453547,0.7326578104779321,4
1767258227616922835,9.923973360902005,1.810722919146057,0.702610985186471,0.7326058186082666,4
1767258227741847432,9.969739408636546,1.8047678750235678,0.7026104446686078,0.7326018385277266,4
1767258227891522745,9.840119497790955,1.806729386189494,0.702593672007796,0.7326246957568029,4
1767258227941274145,9.683533006971444,1.8142027131049419,0.7023335974171809,0.7326160050245235,4
1767258228092173164,9.907203006560561,1.8144990498369913,0.702493646280014,0.7326099005372835,4
1767258228141863085,9.54110402134678,1.797881181778228,0.7023194770871208,0.7326765712656486,4
1767258228216821483,9.601149359674821,1.7981571201783169,0.7022406299070859,0.732606080449396,4
1767258228416455576,9.813008970490532,1.8095973107695364,0.7025361379203291,0.7326669358267923,4
1767258228491886868,9.755504464655562,1.8192582688299015,0.7023799267866442,0.7325979510870746,4
1767258228542103809,9.749633719114525,1.781179461996145,0.7025150991644089,0.7326768834719504,4
1767258228691692249,9.806387193564081,1.8284599386220854,0.7023444349918965,0.7325925924141843,4
1767258228741317046,10.099417475937233,1.8697370175645138,0.7026272418688111,0.7326315083534204,4
1767258228816447556,9.869130131392346,1.7929924071221959,0.7026943984384029,0.7326903318790287,4
1767258229092133256,10.027123453572816,1.8596457100656212,0.7024835579414239,0.7325780410253208,4
1767258229142228255,9.637262210885345,1.7753918944293121,0.702424362970445,0.7326523220181198,4
1767258229217065224,9.584683074400413,1.7878304463553554,0.7023836902323395,0.7326785517181096,4
1767258229291750831,9.87785738175273,1.7935386122905697,0.7025574545064975,0.7325576487278095,4
1767258229341287290,9.802784217011084,1.8044322850002847,0.7024544954028011,0.7325944075824347,4
1767258229616673389,9.704237700754014,1.7809364344791132,0.7023738200379044,0.7326004364513945,4
1767258229741627165,9.610155131602017,1.7841982974954238,0.7023855747952468,0.7326643726671056,4
1767258229816800215,9.649681700020341,1.7987212605214593,0.7023479829333278,0.7326074444487305,4
1767258229941661831,9.746102526298483,1.7864484369636537,0.7024253295629291,0.7325945047173987,4
1767258230091743026,9.72429952618581,1.800885067221294,0.7023141835677381,0.7325613997084359,4
1767258230142148541,9.63495134703518,1.7571334828936063,0.7024634487745257,0.7326307145163575,4
1767258230291831430,9.859061794882162,1.793745619190056,0.7025922582996735,0.7325913002870319,4
1767258230417033017,9.791809156094233,1.7816478460223764,0.7025505762577675,0.732627444814451,4
1767258230491893763,9.880212498507458,1.8322345204050607,0.7024627280700225,0.7325937697421928,4
1767258230541656886,9.87983838863471,1.8086692631451335,0.7025508608340726,0.732640099103769,4
1767258230691970537,9.928784528819069,1.8093899371853515,0.7026190871342428,0.7325883454387272,4
1767258230891463679,9.898073682916063,1.8155997774181147,0.7026329424895513,0.7326627012863457,4
1767258231016721905,9.863468130483998,1.8181335501146978,0.7024695036944338,0.7325768530717324,4
1767258231091264675,9.607528223844364,1.776065453197681,0.7023776006785765,0.732638911074912,4
1767258231141666608,9.796482820537022,1.7850972543474393,0.7025765748257827,0.7326189818202695,4
1767258231216932808,9.891702586913409,1.8235286612135617,0.7024853515094938,0.7326243757893587,4
1767258231292122887,9.757630037103393,1.8168096582698596,0.7024186133899673,0.7326094196420779,4
1767258231342300289,9.727421561246175,1.7982980765063803,0.7024028120611754,0.7325982578699163,4
1767258231416982456,9.6450727918167,1.8015409902041302,0.7023569462948145,0.7326095027166415,4
1767258231491841723,9.905376698669865,1.8072149463246816,0.7026679259759684,0.7326261130999984,4
1767258231617001883,9.869666120904675,1.8275154868207997,0.7025036239146296,0.7325769274623585,4
1767258231691816591,9.664033806035421,1.7837504715072874,0.702461116142915,0.7326622597363206,4
1767258231741764153,9.580741615826337,1.7791387898080457,0.7022783114934833,0.7326334166313819,4
1767258231891925247,9.795310616546926,1.799203622276744,0.7024198609673381,0.7325696685397556,4
1767258232016863603,9.579616124549496,1.771500459219592,0.7023990540694963,0.7326810913491589,4
1767258232092047158,9.91174898530911,1.848878722371408,0.7024520863968143,0.7325961003337078,4
1767258232141996451,9.871930795642857,1.830699658407845,0.7025076980667662,0.73261602732409,4
1767258232291457172,9.941852763724611,1.8118753946104773,0.7026266281036061,0.7326213251102054,4
1767258232341321977,10.00662639254324,1.8690323553769883,0.7025476874765421,0.7326193228956296,4
1767258232541715646,9.839846247713169,1.8284694171512206,0.7024915861835386,0.7326658241711689,4
1767258232616552063,9.88407236071498,1.8076180112193792,0.7025467127387928,0.7325948984562877,4
1767258232691695124,9.723851641852299,1.769575026310974,0.70250173115782,0.7325800714415154,4
1767258232741484052,9.593337656911949,1.7775195228185259,0.7023654533187202,0.7326759277878683,4
1767258232816347947,9.908598201532115,1.8319041351253642,0.7026169596164693,0.7326505164406978,4
1767258232892626412,9.715729687003073,1.8176611035612211,0.7024340921209268,0.7326580065464946,4
1767258233016381783,9.727136316838635,1.798728004220015,0.7022509807024676,0.7325454988297665,4
1767258233091757533,9.771429734879987,1.8001938377322027,0.7023967088610097,0.7326010447934794,4
1767258233142079909,9.678922939568402,1.8111565115339872,0.7022991154016209,0.7326136714632173,4
1767258233217088485,9.886075524731531,1.8008181162122674,0.702662003302112,0.7326752969549379,4
1767258233341460441,10.039940591918818,1.8448469004499284,0.7026557513769458,0.7326104230960171,4
1767258233416852222,9.630964490180972,1.7721308672733682,0.7024242264162547,0.7326245026879443,4
1767258233492042727,9.786661042637256,1.8530998436238664,0.7024141268272232,0.7326463777453779,4
1767258233617262900,9.86905146879491,1.82792115710228,0.7024174747374479,0.7325934921453067,4
1767258233691406266,9.8595045007851,1.7826035647719922,0.7025812628248059,0.7325724337945836,4
1767258233742121416,9.836019922685457,1.8237122446332485,0.702437569066044,0.7325977679074048,4
1767258234016396835,9.670833508387378,1.8028760558205454,0.7023752847133116,0.7326331448278831,4
1767258234091897375,9.978908795927444,1.846121952366314,0.7025913634888555,0.7326476241069779,4
1767258234141506341,9.988878868877894,1.8442471011783872,0.702591781512942,0.7326000725689632,4
1767258234342125845,9.858984915641633,1.7968923357907995,0.702613203153763,0.7326108201125838,4
1767258234416765957,9.702043940073125,1.8194000557653205,0.7023595637863909,0.7326386279250582,4
1767258234491808654,9.908985954804383,1.8193472860244009,0.7026511943744705,0.7325969671040705,4
1767258234616972444,9.78017166338474,1.7988176682518486,0.7025654072830014,0.7326321670447677,4
1767258234692119199,9.724830091783154,1.8094711733951243,0.7023709806730962,0.7326224476854106,4
1767258234741963604,9.625751582669096,1.8020114913656728,0.7023044910072963,0.7326361489360478,4
1767258234892095919,9.786117078425693,1.8002040952409861,0.7025051008522685,0.7325911596534168,4
1767258234941357981,9.675622525673667,1.7837338507138576,0.7024602648896662,0.7326280159290202,4
1767258235016497754,9.831509424281792,1.8609613769313125,0.7024203809723114,0.7326791802424143,4
1767258235091512710,9.683978330163434,1.7833543003971444,0.702370244080121,0.7326337889700498,4
1767258235141327697,10.060313339381398,1.8533038848896763,0.7026412007624893,0.7326307147530765,4
1767258235217005922,9.88155770981991,1.8456405617409646,0.7024111403494028,0.7326140132464811,4
1767258235291831912,9.804558012770471,1.8149833995852567,0.7024746033582149,0.7326226152475738,4
1767258235341666262,9.727763455249615,1.819497184604826,0.702331694018404,0.7326074265546826,4
1767258235416254589,9.907672741772732,1.8427754628623219,0.7024527381271137,0.7325922907770681,4
1767258235491432404,9.998617658991682,1.846516329914553,0.7025977572189284,0.7326398586412111,4
1767258235616456150,9.539120486826258,1.7631460419608542,0.7022479993315732,0.7325822286532075,4
1767258235741202255,9.894053134055781,1.8425309399113274,0.7024644531796537,0.7326187902060467,4
1767258235892176793,10.167868095206867,1.8609198545125196,0.7027942536999185,0.7326265103327584,4
1767258235941775670,9.720417954325878,1.8208056117270155,0.7023199471651789,0.7325976972053468,4
1767258236016700470,9.80189985792923,1.8050758707481869,0.7024326585543313,0.7326246848462084,4
1767258236092125011,9.712652722986936,1.800899338557938,0.7024157761613044,0.7325978542076972,4
1767258236216950415,9.812886597726278,1.849068962379279,0.7023375158952534,0.7325987699210099,4
1767258236292444764,10.044085348737353,1.8712994822762699,0.7024859083216124,0.7325938450622363,4
1767258236341848825,9.719876934469628,1.7697275220162538,0.702482057251252,0.7326212405718329,4
1767258236491265969,9.967046997322871,1.8301066450035521,0.7026048669000357,0.7326573356140269,4
1767258236541420576,9.483640849572538,1.7697347755115043,0.7022504805881832,0.7326065287495701,4
1767258236616615034,9.795515328696602,1.77505770250918,0.7025383678898607,0.7325545017076657,4
1767258236691970919,9.759286587760707,1.7951748908725782,0.702485201677928,0.7326531603470618,4
1767258236741403570,9.866911124604695,1.8136883912588426,0.7024526691515504,0.7325788005019235,4
1767258236941954510,10.003884008008445,1.8288351772961091,0.702693226429987,0.7325971751563644,4
1767258237016438931,9.563186758684505,1.7863100629959914,0.7022625573699256,0.7325835829926183,4
1767258237091455168,9.868025672639892,1.808341466782274,0.7025693112135658,0.7326351916861134,4
1767258237217121747,9.634142520200783,1.8039519652455427,0.7023487075208016,0.7326279457305217,4
1767258237291796254,9.712018851129045,1.7973610193543452,0.7023833773516797,0.7325944422571831,4
1767258237416929953,9.665225169214198,1.7802638578845102,0.7024690087539313,0.7326657885516298,4
1767258237491656128,10.061475783559203,1.858251289767976,0.7026463486794229,0.7326527660960054,4
1767258237616474332,10.02536497867268,1.8855212164730475,0.702497345295831,0.7326644168841129,4
1767258237692196958,9.739800297795863,1.7914109404732323,0.7024809144013923,0.7326159498643341,4
1767258237741895420,9.989740275935244,1.8621563737937596,0.7024360183194622,0.7326427273392273,4
1767258237816630776,9.935832661912002,1.819898288557542,0.7025144221051919,0.7325965380119409,4
1767258237941948372,9.825697014509638,1.8340323774152751,0.70235384032197,0.7326509885956116,4
1767258238016451540,9.808183784076995,1.8253094926218405,0.7023891621689028,0.7326320351475746,4
1767258238091565444,9.851831442241776,1.8197336616399151,0.702542117124316,0.7326246704870699,4
1767258238216857598,9.85372981210919,1.787370752473209,0.702586784516452,0.7326089257925091,4
1767258238292340503,9.688756921641062,1.799366660848916,0.7023979056085781,0.7326615637091155,4
1767258238416979006,9.607254219275884,1.7687400849349129,0.7023411984917547,0.7326209178321913,4
1767258238492073517,9.59872254337113,1.8013783283320097,0.7021978775437631,0.7326103101098655,4
1767258238541957568,9.645434489618964,1.8179121574256227,0.7023255788084226,0.7326520191772194,4
1767258238691807833,9.96010174078199,1.8355358822142034,0.7025549241547094,0.7326310844306603,4
1767258238741405944,9.786022159393614,1.7840220598730667,0.7025524846212294,0.7325962857818706,4
1767258238816351727,9.884914778384823,1.7825734870326433,0.7025727615011055,0.7326086048916717,4
1767258238892006975,9.742689970898555,1.8436881109489451,0.702303293955685,0.732612879399573,4
1767258238941207119,9.806255014389142,1.7964112567161359,0.7024719028587586,0.7326160019045503,4
1767258239141297001,9.681400151305585,1.76215110656635,0.7024965760723844,0.7325760863367774,4
1767258239217240320,9.653853515049992,1.8122019069039546,0.7022986772382788,0.7325750017768297,4
1767258239292449300,9.70436676066444,1.7829691791405589,0.7024848528737478,0.7326757175872227,4
1767258239341952403,9.891798070085,1.8320384075217835,0.7024853233510173,0.7326140155248108,4
1767258239416751171,9.938717698268595,1.8290791750637907,0.7026117024422013,0.7326473970517658,4
1767258239541833387,9.602912392846608,1.8112438867801053,0.7021769564835225,0.7325879914331913,4
1767258239692061692,9.737078635714713,1.8044003722191952,0.7024384331845585,0.7326449189143621,4
1767258239741315082,9.725773427134765,1.8229545599797428,0.7022534429417315,0.732605703939556,4
1767258239816196344,9.826628993818698,1.8238855111090828,0.7024580610988462,0.7326469986960981,4
1767258239891968947,9.677763284117734,1.8273704128209474,0.7022552622184663,0.7326032311964349,4
1767258240017086794,9.938248962777397,1.8232543379312818,0.7024530487103211,0.7326117680797463,4
1767258240091730204,9.5302214537476,1.7738258614263582,0.7022155277292108,0.732602363367177,4
1767258240141887602,9.874604127079412,1.8268372975395324,0.7025202923173427,0.7325887166832754,4
1767258240291818994,9.94903679919046,1.815357827124609,0.7026451178842341,0.7325978303015694,4
1767258240341709892,9.78462220823728,1.8166109399754868,0.7023656042972478,0.7326205712697506,4
1767258240541572963,9.57269815634032,1.7779413680858347,0.7023099759486787,0.7326479193601757,4
1767258240616842958,10.01521843645703,1.8058846585168584,0.702699111513111,0.7325641529887437,4
1767258240691716655,9.87044651376834,1.7844550211710604,0.7025576186874877,0.7325766989627293,4
1767258240741619951,9.890706238886548,1.8199262358733619,0.7025897188286583,0.7326172065408257,4
1767258240816766961,9.709313824159072,1.8257845888305007,0.7022631017108097,0.7326251581854403,4
1767258240891561627,9.668930082762483,1.7946686460534589,0.7024627013871647,0.7326848831020794,4
1767258240941443461,9.73103228200689,1.8337583774552906,0.7023245156637835,0.7326396239830958,4
1767258241016413172,9.744041799857328,1.7966158959899396,0.7024946613272145,0.7326527739383955,4
1767258241141431354,9.72072586289585,1.809142458870962,0.7023580633037412,0.7325728462738472,4
1767258241216391327,9.705124655553622,1.7792373805702737,0.7024294082790825,0.7325381248158026,4
1767258241341727512,9.781095561210318,1.8292934683738724,0.7024764788616205,0.7326522518705318,4
1767258241416368066,9.793061379142154,1.8127714059554356,0.7024092529004969,0.7325951271907427,4
1767258241616709275,9.827784507069781,1.798540006064531,0.7024151992156689,0.7325831376473478,4
1767258241691485043,9.87753658542223,1.8387012068855904,0.7024595252524612,0.7326481668324359,4
1767258241741828898,9.576492197890918,1.8021445664248907,0.7022960065207835,0.7326124827497769,4
1767258241941646252,9.517246784877532,1.7702192647477226,0.7022742123943069,0.7326576220187545,4
1767258242016502686,9.8215126500385,1.819195626370047,0.702438671973336,0.7326132326233699,4
1767258242091795608,9.850639986843767,1.7880909346527187,0.7024691265147025,0.732567385753563,4
1767258242216498672,9.872105055943603,1.8415165143058532,0.7024913454199591,0.7326096623277732,4
1767258242292049846,9.830939779659097,1.7836967441755218,0.7025455606072465,0.7325977123540599,4
1767258242541672842,9.607725745060192,1.7685568099917834,0.7024074267144661,0.7326366878468081,4
1767258242616914632,9.682291798796538,1.7804300251969662,0.7025033166099118,0.732635123550576,4
1767258242741841281,9.87549421324374,1.8198310753869247,0.7025429306033807,0.7326157534676246,4
1767258242816372182,10.095376756180109,1.8355816006496901,0.7026751501157323,0.7325986586414432,4
1767258242942019656,9.797002629563178,1.8182245928979195,0.7024681375631339,0.7326251016920177,4
1767258243016382904,9.917959592767534,1.8227729493557432,0.7025365114309226,0.7326231302048057,4
1767258243092032914,9.657526730265765,1.8105218228229762,0.7021825264977913,0.7325464043024672,4
1767258243142181199,9.621144136763071,1.7562028205710167,0.7024201479814283,0.7325960359841499,4
1767258243291921436,9.689329742288422,1.8169130523774675,0.7023023358237086,0.732607878743635,4
1767258243342151219,9.848142063045628,1.8129427069884514,0.702476058641076,0.7326265820481558,4
1767258243416703968,9.92643923688008,1.822952321257486,0.7025668127482337,0.7326019752087185,4
1767258243491544409,9.82740330778431,1.8270666570716287,0.7024073911489388,0.7326149318167801,4
1767258243541435971,9.499325334690889,1.7574736020497896,0.702326696346878,0.7326141092845156,4
1767258243616896003,9.732642594902806,1.7961753668724796,0.702373944297248,0.7325719581818095,4
1767258243741866698,9.9637268357321,1.8140151395572433,0.7026372425574332,0.7326226551994437,4
1767258243896702254,9.729501929670704,1.8173718142577768,0.7023597785337891,0.7326512417142902,4
1767258243941597236,9.777790934277997,1.805706664534107,0.7024166414377899,0.7326002149356066,4
1767258244217005667,9.679769858537579,1.8305828201834686,0.7022790384956423,0.7326272238320273,4
1767258244492009469,9.629945277658813,1.7889283435689796,0.7023144781014671,0.7325829971960967,4
1767258244542129864,9.772256346577525,1.7817197282835064,0.7024808053195738,0.7325899434504285,4
1767258244616946635,9.66960277780393,1.7683628937729001,0.7025499002263089,0.732625520891992,4
1767258244691458141,9.721485617679381,1.796534354310132,0.7023880927112819,0.7325961879634266,4
1767258244816511387,9.708305364860003,1.8604093736175453,0.70219214650619,0.7326559393369867,4
1767258244891893149,9.843622920771345,1.8074547640145011,0.7024890633515053,0.7326561509615633,4
1767258244942104744,9.895652408992373,1.8202953355603044,0.7024092793084994,0.7326164896674503,4
1767258245017091681,9.60712857181134,1.7937904918847885,0.702341091341826,0.7326348778948929,4
1767258245092108324,10.136421763751734,1.8650344529010865,0.7026586892583989,0.7326326651909743,4
1767258245216810323,9.994944437347053,1.8489311759110223,0.7026211933266467,0.7326174320102481,4
1767258245292436151,10.012047332288887,1.8491000455409907,0.7025402296014186,0.7326042548559021,4
1767258245342129614,10.004123376879392,1.7982268902255991,0.7027150668873218,0.7325864849547034,4
1767258245491765207,9.853301908784307,1.7914531594902978,0.7026052046716671,0.7325631798802338,4
1767258245541974317,9.923074054523306,1.83846557673451,0.7024369106032506,0.7325755479000391,4
1767258245616634142,9.827032440031358,1.799532364994626,0.702550391476294,0.7325729119880449,4
1767258245691496448,10.052190972973163,1.8464547246850884,0.7025647897240671,0.7325731330336217,4
1767258245742194283,9.620234310282804,1.7873043250465994,0.7025005852008509,0.7326461750693415,4
1767258245816821301,9.832151303245995,1.7833604695124878,0.7026375105984043,0.7326217739963486,4
1767258245891934426,9.613451614220892,1.7680256730712733,0.7023989018869237,0.7326391209698944,4
1767258245941480992,9.855211912816685,1.8211606196409762,0.7024884642944085,0.7325585426074703,4
1767258246016413435,9.667461574967673,1.7973759665836333,0.7024117206169792,0.7326640177307315,4
1767258246141565597,9.756373955644548,1.7907969427786843,0.7024779794492547,0.7325771097199405,4
1767258246216411267,10.096335405549105,1.8213677547973945,0.7028053866235127,0.7326162256112523,4
1767258246291901714,9.802385484627973,1.8211925696233566,0.7023809567988945,0.7326110549728538,4
1767258246341684213,9.791747238420022,1.8104554554993335,0.7023872401972059,0.7326381508485482,4
1767258246491568320,9.758031099105668,1.7873985871630413,0.7024760876172699,0.7325918103100648,4
1767258246541712499,9.813115393003336,1.8104463741129788,0.7024896869889333,0.7326327850517192,4
1767258246691704132,9.775335313373823,1.793056317735025,0.7024551293205764,0.7325675479130014,4
1767258246741421370,9.786434226176087,1.797701241175868,0.702444530931336,0.7326147674435473,4
1767258246816402365,9.848867053438015,1.8191406833815462,0.7025011265341699,0.732618953828011,4
1767258246891637603,9.767160246114791,1.8231943462743547,0.7024359695112525,0.7326391562855307,4
1767258246941777641,9.804589278275433,1.8094804456672982,0.7025058612886934,0.7326122930206486,4
1767258247141443761,9.619341800246705,1.788809660785236,0.7024049501062475,0.7326506211079081,4
1767258247216822169,9.622774563137092,1.7677451140006495,0.7023547151480312,0.7326264542453993,4
1767258247291719576,9.698047123619546,1.7648254595134247,0.7025963719593898,0.7326533830785332,4
1767258247416891936,9.933609844438696,1.8565698229658418,0.7024987223686805,0.732634356303274,4
1767258247492135868,9.624035825117506,1.7913166635023818,0.7023480355147697,0.7326188900239212,4
1767258247541933976,9.719411721377913,1.782145112111512,0.7024419062828934,0.732607941098583,4
1767258247616614144,9.792509789616876,1.8096544157781598,0.7024332032847418,0.7326033496426378,4
1767258247742303580,9.49751405050414,1.807742200557595,0.7021371831790366,0.7326607138541534,4
1767258247816477625,10.039670878631334,1.8785151763528558,0.7024436803874028,0.7325564290992663,4
1767258247941941318,9.682616863383341,1.7567954341067462,0.7025764047577819,0.7326179049167789,4
1767258248091493771,9.65467563608302,1.796454557249442,0.702219577592867,0.7326019593208539,4
1767258248141732053,9.705210818194088,1.799450397378366,0.7023054610744371,0.7325561705408742,4
1767258248216452505,9.78523146037935,1.8032550582079192,0.7024732318901341,0.7325972338324978,4
1767258248341972430,9.920480886247308,1.8057439273543532,0.7026246099336779,0.7325777118004074,4
1767258248416935546,9.709707060611805,1.7938459038247863,0.702411715289951,0.73264822678191,4
1767258248617029178,9.767779430187584,1.8027570958114765,0.7024570784513801,0.7326512383628945,4
1767258248816467169,9.918577569350662,1.8097980537082174,0.7026100568546001,0.7325857370609793,4
1767258248891465444,9.922900959311477,1.826379642780929,0.7025764588856498,0.7326526136591773,4
1767258248941412981,9.993147777683454,1.7541978666137996,0.7028943098250193,0.7325797039683207,4
1767258249092105037,9.897319609181054,1.8206123417646543,0.7025257726563057,0.7326286469298868,4
1767258249142213187,9.977425943224816,1.8277403927046982,0.7027107794692363,0.7326049114449803,4
1767258249341507945,9.832770464079932,1.8460032509163067,0.7024368473720156,0.732642601631104,4
1767258249416628246,9.73675173321531,1.8126387135385025,0.7023932398821572,0.7326323970238557,4
1767258249492034714,9.80652976785934,1.810369453770853,0.7023915038354186,0.7325874037847312,4
1767258249541864773,9.84337601311136,1.8183352579152403,0.702469457296162,0.7326145121043676,4
1767258249616857751,9.824151165531925,1.8046100465872605,0.7024872092714879,0.7326101853394671,4
1767258249691474006,9.929947740622392,1.7861947219089525,0.7027381546193499,0.7326116588680702,4
1767258249741984162,9.801378826685859,1.772071485950304,0.7025347911333801,0.7326053176101632,4
1767258249816906318,9.716711097675912,1.7829532590084642,0.7024578036566664,0.7325943081818885,4
1767258249891753457,9.767383076122126,1.8143941065463518,0.7025290302057025,0.7326179064317354,4
1767258249942124322,9.81927033608021,1.8363083038674843,0.7024545362216561,0.732614181535679,4
1767258250216375152,10.030524763549597,1.8530490572082423,0.7024672378472441,0.732543521700261,4
1767258250292078603,9.70147723826309,1.7936056145023116,0.7024517898965249,0.7326468513304655,4
1767258250542084414,9.834860224746,1.8091004707135634,0.7024527910951592,0.7325964797235232,4
1767258250691807281,9.89079799356296,1.8151439080791105,0.7024790143411327,0.7325795207813192,4
1767258250741660061,9.78183875793237,1.7814689762576688,0.7024526605197239,0.7325636849706246,4
1767258250816763831,9.99840346226799,1.8058825121759916,0.7027756532090047,0.7326442760442222,4
1767258250891751877,9.819142001926796,1.843974955587887,0.7024407745904027,0.7326734081842914,4
1767258251016714657,9.776110883024769,1.8187668954000114,0.7025208116653858,0.7326292844413683,4
1767258251091585452,9.766102467474337,1.8203609380304488,0.7023325637453269,0.7326297906945614,4
1767258251141580190,9.779879617128673,1.7851028374279463,0.7024385892030255,0.7325871055585277,4
1767258251216503009,9.881866953080355,1.8120357659371784,0.702435924826773,0.732588211921224,4
1767258251341781665,9.843979087859168,1.8164880147635938,0.7024783069600157,0.7326162745139224,4
1767258251416742930,9.803330349804295,1.80942790535236,0.7024312593286994,0.7326044578694835,4
1767258251491715368,9.832649332805254,1.806372772454191,0.7025185997312499,0.7326242899402993,4
1767258251617149746,9.858081240250005,1.8095132759232906,0.7024958223701503,0.7326271229454066,4
1767258251691566052,9.890916881556633,1.7730016029999935,0.7026041814262168,0.732560778893799,4
1767258251817101541,9.865033165572745,1.8317274261447338,0.702488781997711,0.732584447918033,4
1767258251891802697,9.806436600747205,1.7928156260824324,0.7024853962504681,0.7325948415308606,4
1767258251942065577,9.954556848191798,1.8179838199999154,0.7025300081595051,0.7325645139904859,4
1767258252016569388,9.68932308185677,1.778820550903502,0.7023552138189297,0.7325591651040471,4
1767258252091733610,9.68866648101585,1.812747489563071,0.702432319793363,0.7327164059961253,4
1767258252142097604,9.811264190890178,1.8222279886246038,0.7024053252539497,0.7326211551751157,4
1767258252216473665,9.708230068573688,1.783690047797689,0.7024304742871025,0.7326259161874039,4
1767258252291595069,9.810950921071427,1.7937870062283743,0.7026024829682653,0.7326817759429735,4
1767258252341410473,9.888479788909056,1.8184274450122735,0.7024761596476758,0.732601616001577,4
1767258252617147219,9.766417222104916,1.8112713280688468,0.7024772515465978,0.7325937170679899,4
1767258252691466474,9.602824200081406,1.7965222113679502,0.7023199916553093,0.7325976482203497,4
1767258252741683647,9.743654693628368,1.7828485285100126,0.7024710860155843,0.7325801519771334,4
1767258252816397224,9.84738112043182,1.7835858715628696,0.7025862078397758,0.7326060569877815,4
1767258252891417208,9.71606760463073,1.812022207054203,0.7023875509071574,0.7326146754130612,4
1767258252942034466,10.020049340147775,1.8431487447126276,0.7026421567921285,0.7325949673850456,4
1767258253016683260,9.734653675903981,1.8077034916145311,0.7023238043363538,0.7325900299938628,4
1767258253216837140,9.786620359980125,1.7832980698283445,0.7024764158228524,0.7325476158169741,4
1767258253291881294,10.07491636728508,1.8455231154450757,0.7025782957823733,0.7325919335498998,4
1767258253341754702,9.917410641422265,1.8008690524663307,0.7026261799187639,0.7326196860333078,4
1767258253416665707,9.927909948324377,1.8112583888261184,0.702562745621241,0.7325708645532757,4
1767258253541906878,9.763474627378033,1.7563511261936697,0.7026959510266424,0.7326332510273016,4
1767258253616720218,9.732176291716744,1.8118279858951973,0.7023721748429347,0.732659726079481,4
1767258253691586483,9.67357986227757,1.7770934556154647,0.7024897630055355,0.7326277939230303,4
1767258253741802026,10.014037626928651,1.8141360843897656,0.7025678674851985,0.7325511966725587,4
1767258253816525854,9.933545897437668,1.7912346822902074,0.7026860876624432,0.732583214847182,4
1767258253891434694,9.576504922601092,1.7858873435646718,0.7022164279209969,0.7325755340731062,4
1767258253942057383,9.649081957288752,1.7937359372222443,0.7023064245842597,0.7325793956941085,4
1767258254141423844,9.785616412785636,1.7999924853849496,0.7023857084648111,0.7325962185678085,4
1767258254341407247,10.007314041799663,1.8125327766187278,0.7027499894656596,0.7326095315951373,4
1767258254542110023,9.822599504755502,1.7867898489419012,0.7025087034633942,0.7325602126135735,4
1767258254617431039,9.56460538194337,1.7627032042807926,0.7024251706326801,0.7326039846764404,4
1767258254692065117,9.784920270888065,1.8010449230452512,0.7025033128542033,0.7326313811656205,4
1767258254741923295,9.819910558721778,1.8099596110557559,0.7025212340801149,0.7326505411701972,4
1767258254891831674,9.723525442106084,1.8264542077054167,0.7024032862766261,0.7326563364251173,4
1767258254942117266,9.85503190108683,1.818715234052269,0.7025173979239714,0.7325876068877916,4
1767258255017099858,9.799575887986522,1.8605715523244961,0.7021533619056074,0.7325847196299285,4
1767258255091770963,9.925756728216605,1.805508167754209,0.7025309068980098,0.7325676353572562,4
1767258255216760831,9.910740927529638,1.8155151684759208,0.7025693258294912,0.7326183557156136,4
1767258255341934796,9.681812812269651,1.7766947782550468,0.7024301938667334,0.7326337792153383,4
1767258255416854241,9.82311887213072,1.8134796111007312,0.7024089702691465,0.7325605590025361,4
1767258255492098349,9.700251799893088,1.7862946944074263,0.7024755028721713,0.7326211955613796,4
1767258255542104412,9.747342727726593,1.7674803152506005,0.7025349872620957,0.7326266021802066,4
1767258255617353114,9.745253384434992,1.8201542128771808,0.7023709737400943,0.7326395819780295,4
1767258255691953555,9.642291521418267,1.815640259263386,0.7023325980499505,0.7326642505452782,4
1767258255742064719,9.801656280357228,1.7985961115048208,0.7025502714938855,0.7326286450635806,4
1767258255816693655,10.023110595891449,1.8481987567268594,0.7025201222286827,0.732560055256374,4
1767258255942003175,9.608001641760788,1.7703783364613954,0.7023380764831454,0.7326357780780001,4
1767258256016772915,9.736545963709876,1.8023503459110313,0.7024044251446344,0.7325939953470861,4
1767258256091363406,9.894626551435026,1.8354126704998228,0.7024690759919063,0.7326177609069257,4
1767258256141970331,9.745815355718722,1.7741630718482986,0.70245722288049,0.7325672834163752,4
1767258256217122685,9.874327216413015,1.8330015941014046,0.7024817521217601,0.7325805097539191,4
1767258256341696586,9.952400315456744,1.8481688611789804,0.7025183972952814,0.7325984229469609,4
1767258256416762992,10.031897483653074,1.837499764860621,0.70262129712382,0.7325889873960704,4
1767258256491787208,9.682424953603164,1.7788904172910958,0.7024695655899639,0.7326251066638251,4
1767258256617292123,9.857701131641194,1.7957145040690181,0.70263530576262,0.7326355180513971,4
1767258256817131944,9.795707420047206,1.8031447184812626,0.7023853307863066,0.732595709813244,4
1767258256891400707,9.717124355643204,1.819332529193587,0.702257897512135,0.7325781822822226,4
1767258256941444256,9.756967294224594,1.8287154987896894,0.7023838293031266,0.7326239460318205,4
1767258257016746078,9.734319117817858,1.8056896942710132,0.7024064607112129,0.732599974950908,4
1767258257091794409,9.795525824756401,1.8050387149077622,0.7024225655409142,0.732582506253356,4
1767258257141796892,9.5489749630725,1.7801895180184897,0.7021811683999427,0.7325735509482058,4
1767258257341777772,9.83599604464802,1.8134724418937433,0.7024988716323461,0.7326348408230402,4
1767258257416458054,9.944928099691165,1.8360354027824246,0.7025038992668988,0.7325439630874709,4
1767258257492114348,9.922664188679931,1.8656176685890744,0.7024354431355014,0.7326349698924426,4
1767258257541817963,9.592333056263502,1.7946540049588227,0.702253702778606,0.7326005557574136,4
1767258257617208644,10.13989706090812,1.8305643028941123,0.7028551468178924,0.7325894081225068,4
1767258257816597012,9.756815860596069,1.768899844999662,0.7025561835800277,0.7325542695218583,4
1767258257891713070,9.823112257011267,1.7862033208900387,0.702507392234205,0.732589654439792,4
1767258258017103618,9.86536383712977,1.7858833306843913,0.7025163382725366,0.7325981439515223,4
1767258258092016157,9.668939822397803,1.7947538872412176,0.7023485508301298,0.7326301676188586,4
1767258258141545434,9.985905627501456,1.8271267328167917,0.7025631271633187,0.7325840442753765,4
1767258258216971891,9.91239988067727,1.8399486451133364,0.7024948304877829,0.7325687962137267,4
1767258258292091266,9.784216085109376,1.795351389808511,0.7024923837229013,0.7325998426845084,4
1767258258341847200,9.631470943573749,1.7755253952357868,0.7023605531987676,0.7326448950847207,4
1767258258541430511,9.871239241032391,1.8163361440693961,0.7025131567433007,0.732608627142289,4
1767258258617059247,9.923882426930097,1.8095226949701977,0.7026594333979617,0.7325986062643381,4
1767258258691758444,9.911501640707975,1.796169708108259,0.7026303022910975,0.7326146053347482,4
1767258258741522092,9.766756279581678,1.8057861585474013,0.7024130221501306,0.7325875866872537,4
1767258258941088598,9.98692886583652,1.8029755342114167,0.7025695530989237,0.7325588872061822,4
1767258259016386121,9.804339208213996,1.811178459853688,0.7024764095989516,0.7326086048815378,4
1767258259091429270,9.949727815363518,1.8583505314929465,0.7024538832635158,0.7325504691173907,4
1767258259141504044,9.911313253982424,1.811604551798163,0.7025433214751833,0.732597707650738,4
1767258259291751918,9.818515312430499,1.827613272913844,0.7023590522834985,0.7326170258454674,4
1767258259341425421,9.741584788287682,1.7900126511616339,0.7023624329863154,0.7325283906075762,4
1767258259416654297,9.642577647542616,1.7544522978069632,0.7025332606493547,0.7326576726233242,4
1767258259491469914,9.804087878998114,1.8263592407985945,0.7023263162775975,0.7326087733994898,4
1767258259542293207,9.826026112607522,1.7908124607068205,0.7025817963141937,0.7326159075452192,4
1767258259616952322,9.761449555185987,1.7973869358279098,0.7024825437022365,0.7326241959379972,4
1767258259692347267,9.74984787853328,1.7996930873155375,0.7023975895184957,0.7325656812112943,4
1767258259816586085,9.758983426920388,1.81623986390809,0.7024263729999866,0.7326178737262218,4
1767258259891696399,9.824062696592083,1.8056118452520653,0.7024779333086222,0.7326206976088301,4
1767258259941432561,9.839298247038997,1.769855143310265,0.7025597283585773,0.7325407431940252,4
1767258260016578327,9.733636408027934,1.764603232939302,0.7024822919956664,0.7325730242644725,4
1767258260091613263,9.849155873198235,1.7910076420601464,0.7025277374734975,0.7325670898812792,4
1767258260217190574,9.84420634864458,1.8262992491553092,0.7025222598905246,0.7326037743265328,4
1767258260416947697,9.977017839246095,1.8194151670920817,0.7026228471807048,0.732610079811543,4
1767258260491557077,9.943773084119423,1.7955005917150628,0.7026552728699375,0.7325863386054733,4
1767258260542196786,9.768061962802332,1.7703551670385582,0.7025624241256425,0.7326010478018863,4
1767258260616631890,9.700145964841255,1.778514110406866,0.702461267692049,0.7325621049367953,4
1767258260692264882,9.882894644626772,1.8217610695390871,0.7024930381773269,0.7326140087641364,4
1767258260741522671,9.724372503911006,1.794778040796226,0.70246617504282,0.7325987614712829,4
1767258260817067805,9.755849977784337,1.7964225072221875,0.7024183408225301,0.7325609266964991,4
1767258260941675673,9.951624975521378,1.841076614639805,0.7026164428360324,0.7326281072245372,4
1767258261091733897,9.803337973578131,1.8680621105706063,0.7023153988206445,0.7326717904789454,4
1767258261142138199,9.901057971576254,1.8336678499693624,0.7025269384029953,0.7326530896790202,4
1767258261342087236,10.066699058505879,1.8807706063020733,0.7024158278688213,0.7325020050219222,4
1767258261416886322,9.87969978755643,1.7992025631199706,0.7025331186386439,0.732571652875321,4
1767258261491353641,9.800737076339882,1.816700636966151,0.7024689945084852,0.7325897831716971,4
1767258261541384224,9.772663901883249,1.8156163158622094,0.702487955993102,0.732667020160983,4
1767258261691764493,9.884177933395355,1.7818507994705088,0.7025250071269554,0.7325917412416797,4
1767258261741530925,9.705734266700073,1.7884016943306635,0.7022556729703877,0.7325461834968928,4
1767258261892032090,9.79026661923832,1.7949863123972412,0.7024653890366569,0.7326234322305951,4
1767258261941956579,9.683162074817787,1.8493785443638144,0.7023109870142273,0.732634368356437,4
1767258262292057208,9.49676778602415,1.765113229369381,0.7023158092597682,0.7326394543122384,4
1767258262342021592,9.772323140366023,1.8093942251388215,0.7024618571486086,0.7325917854084372,4
1767258262416557946,9.775266767978351,1.7739502396298363,0.7024968448613168,0.7325665009948785,4
1767258262616417178,9.78233824452024,1.8548602476373344,0.7023127044141209,0.7325833065910815,4
1767258262691448973,9.895746101483693,1.8067733350806239,0.7025549607368149,0.7326198028280019,4
1767258262891437795,9.719419075620905,1.8164154419816685,0.7023341732416224,0.7326305211666797,4
1767258262941527508,9.728405155596032,1.7794866062620032,0.7024655373480903,0.7325930292954729,4
1767258263091463620,9.972083320897163,1.8213916140858422,0.7026471920576469,0.7326046110370974,4
1767258263141413333,9.78402930292621,1.8303231329478309,0.7023518244093802,0.7326082660635749,4
1767258263217120674,9.941113514796651,1.7997952893144002,0.7026705497332941,0.732607609592484,4
1767258263291548779,9.692799661067731,1.781492538585745,0.7023931777366177,0.7326197340341678,4
1767258263341648673,9.896171890801053,1.8186946450319872,0.7026314874161482,0.7326265334448654,4
1767258263491442832,9.80570105192169,1.8234091261790204,0.7023869804043347,0.7325992271859204,4
1767258263616648084,9.840229321414483,1.8168581587752568,0.7025680542917985,0.7326192043972187,4
1767258263691715046,10.016426511474496,1.8425339746190317,0.7025317539346942,0.7325623106645343,4
1767258263742136889,9.670036734613973,1.7757335362493907,0.7023944633347067,0.7326189090571968,4
1767258263816693766,9.598881089165623,1.8017918479076382,0.7021961635599234,0.7325763861855198,4
1767258263891699980,9.738743375813375,1.7954672131959286,0.7023293407621197,0.732586806446642,4
1767258264016899441,9.745556852120085,1.8297251832803245,0.7022726820354346,0.7325976914934674,4
1767258264216669151,9.69417841326381,1.7987307626945002,0.7023836747571257,0.7326012236599755,4
1767258264292191558,9.719538966378227,1.8051686396608717,0.7023763858804143,0.732607462318072,4
1767258264342036288,9.80892614734663,1.7992216988696261,0.7025424297071978,0.7326162823751994,4
1767258264416926611,9.771132054637865,1.7792416492693321,0.7024970653919579,0.7325799667236046,4
1767258264491629004,9.79424732715306,1.847266386414663,0.7023285972946873,0.7325997861338093,4
1767258264541470692,9.798965331501819,1.821809081888843,0.7024039860381055,0.732608124405323,4
1767258264616859654,9.44784276521693,1.7687025914861931,0.7022586253099543,0.732637398678574,4
1767258264691553772,9.697879935960053,1.7851078502099542,0.7024440323031289,0.7325967122509972,4
1767258264742186863,9.915347654928297,1.822714980147466,0.7025028487888539,0.7326000100573069,4
1767258264891458520,9.79777542838045,1.7933795038346987,0.7024923862440965,0.7325939435864005,4
1767258264941975436,9.788985661860039,1.818320816430652,0.7023352158070106,0.7326289861176205,4
1767258265016751145,9.798008350846988,1.7886793404180341,0.7024025153166296,0.7325399625112714,4
1767258265092101996,9.713603898571566,1.793029880159408,0.702464387939085,0.7325897234411246,4
1767258265141460400,9.802567161176,1.7977868400593076,0.7025670244458266,0.732625608996866,4
1767258265216519934,10.04067033447853,1.870854519253106,0.7026983472726781,0.7326384801844606,4
1767258265291636417,9.898324263415859,1.8443867064118706,0.7024313745785794,0.732519942736553,4
1767258265341667971,9.696543690017378,1.787845943971331,0.7024130579285461,0.7326321355445954,4
1767258265491368799,9.885784039242562,1.8153895762552066,0.7024122113854254,0.7325642089968827,4
1767258265617005113,9.844726465961351,1.7700242418546608,0.7026862934791717,0.732599626937229,4
1767258265691778683,9.873423708183338,1.8276278838850806,0.7024963511286432,0.7326237691750148,4
1767258265741952097,9.894955427348751,1.8201975763519307,0.7025308527709687,0.732614082057312,4
1767258265816603576,10.005284688286098,1.8393502156997812,0.7024536555553108,0.7325551940130022,4
1767258265891755219,9.770659730727328,1.7814603107371612,0.7025746414177022,0.7326051945387113,4
1767258265941699802,9.97956157713842,1.8460278825539251,0.7026196248073681,0.7325495331840938,4
1767258266091845724,9.997139386424546,1.8279391048040712,0.7026411354732727,0.7326044241924872,4
1767258266216577541,9.86552147476527,1.8425564572946396,0.7025116545001653,0.7326314392949985,4
1767258266292110198,9.422842208863136,1.7632798302772847,0.7022111833776602,0.7326116965502097,4
1767258266341723697,9.923285961587425,1.81054275999604,0.7025952051460675,0.7325598218698802,4
1767258266416983415,9.884117207386023,1.8449238876698728,0.702409858315755,0.7325796476059986,4
1767258266491424785,9.813984056163072,1.8004471484967868,0.7025230262752543,0.7325613002100068,4
1767258266541483496,9.870090848618007,1.7922933136217356,0.7026267301156917,0.7326495295176719,4
1767258266691953704,9.817391253527653,1.7983467367024721,0.7024376225024055,0.7325633925205342,4
1767258266816899825,9.773962781207457,1.7846426056860474,0.7024635337831663,0.7325562496528903,4
1767258266942065213,9.75595839148269,1.808505030241054,0.7024389679727188,0.7326346388547259,4
1767258267092141946,9.9805492395989,1.8262866663958803,0.7026166764593381,0.7325933037479552,4
1767258267217089269,9.685979372245356,1.7749733828555632,0.7024243812964904,0.7326401148358525,4
1767258267292136665,9.672678083841756,1.7825293611938824,0.7022842153425445,0.7325771230771237,4
1767258267342196174,10.07666994630274,1.7809617438507017,0.702867019104822,0.7325719986424778,4
1767258267417243793,9.587878709758524,1.7563247287473829,0.7024543115250592,0.7326226295626713,4
1767258267492015949,10.082476177031952,1.8396716760835317,0.7026684155925681,0.7325722390104441,4
1767258267541768680,10.124991855850695,1.8377507183526434,0.7026932634453964,0.7325479873000724,4
1767258267616966133,9.872170385749722,1.7730705253523225,0.7026417447527035,0.7325956547655537,4
1767258267741865555,9.792858693459138,1.7914874644480734,0.7024573438148601,0.7325979843424244,4
1767258267816572825,9.875559515068023,1.8239273271983165,0.7024864700330171,0.7326048700560104,4
1767258267891698518,9.847462991851685,1.8077788475811656,0.7025337010885337,0.7325623729673164,4
1767258268092049645,9.82840946266239,1.8192932482296502,0.7024723480524199,0.7326260611425026,4
1767258268141961913,9.733088081760656,1.8082248874863314,0.7024019413541562,0.7326156621756039,4
1767258268217088694,9.72543076739052,1.8013436736094268,0.7024145285503257,0.7326129626944106,4
1767258268342038530,9.867287713891004,1.8029559779582318,0.7025852763038659,0.7325781300049378,4
1767258268417075895,9.53204128479701,1.7806785510699281,0.7022897507489253,0.7326076178361884,4
1767258268492096514,9.895304047842002,1.814305367686877,0.7025620425443118,0.7325922520843633,4
1767258268541563518,9.819129787282055,1.8085252724621965,0.7024918310438181,0.732634379235076,4
1767258268691561811,9.749469046745896,1.80563218529472,0.7023407793969563,0.7326125777849337,4
1767258268741343363,9.714565915392326,1.7905222654024833,0.7024252886482995,0.7325961547148382,4
1767258268816531444,9.606956678284927,1.8067700714482038,0.7022368939377638,0.7326294075551723,4
1767258269017060631,9.79128708310495,1.8036600925747193,0.7024762323552937,0.7325766161908862,4
1767258269142140538,9.777941932858969,1.8159043919668416,0.7023644973876693,0.7325906647793144,4
1767258269217169821,9.73601011813141,1.795753692071371,0.702474703038451,0.7326179443643663,4
1767258269291622034,10.129259283597424,1.827686850717887,0.7028763221876556,0.7326358098360501,4
1767258269491969209,9.957253993753579,1.8167917830892686,0.7024998096981838,0.7325218602952176,4
1767258269542102000,9.803543877968114,1.7937872093416654,0.7024927656208471,0.7325674474040268,4
1767258269616789119,9.667365679338458,1.7826468956635115,0.7024079987469828,0.7325861686595458,4
1767258269691434487,9.75991748296745,1.7671048967954213,0.7025205177367275,0.7326043242098998,4
1767258269817076558,9.840836462635894,1.7489435914605103,0.7026853174353208,0.7326051245753573,4
1767258269891990527,9.936654430452553,1.8477270758138664,0.7024659295791018,0.7325979669033246,4
1767258269942003747,9.725546479113722,1.8212527874196383,0.7023405010552848,0.7326120232678152,4
1767258270017162108,9.799668209227729,1.7819093170116878,0.7026291329430349,0.7326386417016233,4
1767258270091480824,9.873839895598092,1.789397872143893,0.7025965820638612,0.7325865581570593,4
1767258270141462971,10.101598775639431,1.8691637986712142,0.7026279436169371,0.7326196439393814,4
1767258270292270160,9.879525773150878,1.842016504091025,0.7023386814241178,0.7325818999174157,4
1767258270341733723,9.911988945220385,1.7851435932416246,0.7026367882980957,0.7325680463861609,4
1767258270416934591,9.718211982568391,1.7999114199471538,0.7023837984498864,0.7326005979092683,4
1767258270541928045,9.916301898047152,1.8088414284987426,0.7025737867702536,0.7325763921379963,4
1767258270617059988,9.734543562452513,1.8412900027931824,0.7024017143297754,0.7326566547666635,4
1767258270691771949,10.009913130907822,1.7927580926289257,0.702689308158033,0.7325398105285962,4
1767258270816665946,9.783846200772771,1.8024597119315995,0.702578296346694,0.7326555403698958,4
1767258270891551856,9.889758102909042,1.8399409740335628,0.7024776330644222,0.7325914827913753,4
1767258271016479424,9.837707149584318,1.8115293000489365,0.7024887323505632,0.7325967152011497,4
1767258271092199536,10.024319912249947,1.850442065526469,0.7025474413242485,0.732587700119223,4
1767258271216949690,9.75879579058292,1.8098998855307378,0.7024447297255579,0.7325917825577325,4
1767258271292230667,10.051582839187944,1.8432490783871633,0.702637235074444,0.732607347961573,4
1767258271492045698,9.791821605519392,1.8150360645194195,0.7024275142347959,0.7325754694045772,4
1767258271541980366,9.944479215191592,1.8156176117013036,0.7026651548757947,0.7326507286370201,4
1767258271616953657,10.09275051335723,1.825842829747748,0.7028038007168498,0.7326043051014752,4
1767258271692016230,9.584406347385555,1.7962292800474926,0.7024097097383538,0.7326957176263803,4
1767258271816693149,9.835068981080441,1.8356998079984401,0.7023719871531682,0.7325795320677065,4
1767258271892009891,9.68151034679321,1.8017703118089605,0.7023710952774236,0.7326210864981199,4
1767258271942150533,9.907675800009619,1.7793625366184416,0.7026185548392127,0.7325425689377536,4
1767258272016991435,9.627315750592945,1.7813019583132899,0.7023871819091992,0.7326527032101233,4
1767258272092135983,9.895908510411221,1.7920545486825348,0.7026102605517824,0.732583847128795,4
1767258272141875061,9.765491045423126,1.8156676076603506,0.7024812025959349,0.732623710519772,4
1767258272292267501,9.687693797062579,1.822163545007188,0.7023471676300226,0.7326083588679001,4
1767258272416939253,9.682065528876738,1.7996592649965237,0.7024368702753854,0.7326486093454486,4
1767258272617186411,9.929506025296075,1.8176827598532574,0.7024607331315753,0.732571476609628,4
1767258272692054062,9.960718627351262,1.838014211836045,0.7024847100070755,0.7326028234437786,4
1767258272742219209,9.963792312775333,1.8637818042861825,0.7024556019842425,0.7325978324939901,4
1767258272817301531,9.861174005803552,1.8151975697884768,0.7024594896628097,0.7325617112772776,4
1767258272891873126,9.907507080428758,1.8425412679778137,0.7024494547821182,0.7326187412802481,4
1767258272941531308,9.570011329218087,1.7851778757753105,0.7022751803783174,0.7326201791254705,4
1767258273016774734,9.854983682006434,1.8334952298247376,0.7024571297271808,0.7325815937530035,4
1767258273092381472,9.781772120227462,1.7786632258055064,0.7025431693830535,0.7325677544875776,4
1767258273292281926,9.737419886317046,1.806736721772924,0.7024065240300305,0.7326295357364271,4
1767258273342251060,9.787306355178549,1.8045023451408335,0.7025492292370331,0.7326230065146908,4
1767258273417159868,9.620286648701516,1.8040509519948447,0.702318508884968,0.7326419449958222,4
1767258273491600407,9.888518820987846,1.8299059042956691,0.7024340150678136,0.73258775420601,4
1767258273541462605,9.779649362959496,1.8376125797618117,0.702386923425007,0.7326345225998423,4
1767258273617364942,9.836305638995956,1.800443304090925,0.7025274859964918,0.7326251297160069,4
1767258273692252437,9.742435674933713,1.8166805420459933,0.7023493349893023,0.7326218285334688,4
1767258273742278289,9.803027448258783,1.7943877043132992,0.7025412027887726,0.7325829462810112,4
1767258273817342090,9.922238359624469,1.8179558718559206,0.7025538892606944,0.7325706808782138,4
1767258273892057506,9.633655612009795,1.7719027397324867,0.7024634184457602,0.7326082560216387,4
1767258273941713742,9.755435502161959,1.8259231790024595,0.702273743272472,0.7325508051843568,4
1767258274017372582,9.800362885516778,1.827246518785219,0.7023235796671793,0.7325914462274659,4
1767258274091883784,9.584570807493087,1.79288209553825,0.7023016034280053,0.7326532453103201,4
1767258274216898300,9.714247475871352,1.8020086931493047,0.7023108863415483,0.7325908813764833,4
1767258274291864642,9.781822814407315,1.8287295905723455,0.7022823665034892,0.7325917363542258,4
1767258274341761968,9.678898556023663,1.7585483951387528,0.7024917059689717,0.7326008252166825,4
1767258274541475353,9.63157304837381,1.790860697839136,0.7023827338582255,0.732609681538515,4
1767258274692006738,9.76952719307822,1.8269981850605954,0.7023373336362452,0.7325854024461887,4
1767258274741877303,9.66012903894442,1.7913707214628078,0.7023471755414742,0.7325667428630802,4
1767258274817583873,9.710590985455458,1.8208636465257286,0.7022716872858918,0.7325885974217596,4
1767258274941515004,9.702579066653062,1.8191640641225442,0.7022353781097339,0.732593169339793,4
1767258275016431886,9.874084218921109,1.8295214505838526,0.7024790871288733,0.732596596779803,4
1767258275091590170,9.74405399648315,1.8152827518303656,0.7022294348515256,0.7325208607856366,4
1767258275141546620,9.836421484493929,1.8280112792512433,0.7024161157235572,0.7325809746838127,4
1767258275216653579,9.77930186327014,1.771950175364097,0.7025450993066803,0.732575909360522,4
1767258275291549296,9.70106658868486,1.7974184528580075,0.7024251923318738,0.7326118419498033,4
1767258275341506127,9.837582361614805,1.8172354274636402,0.7024095920521548,0.7325715624907914,4
1767258275416711895,9.661103498453837,1.7928783327536149,0.7023780914667404,0.7325952873182707,4
1767258275541461049,9.848113233957957,1.8046270120262733,0.7025398749924335,0.732619819807366,4
1767258275616698630,9.950518880077697,1.8345393928063032,0.7026774698321069,0.7326558080401137,4
1767258275742347296,9.771931244778598,1.8075738123361953,0.7023777542498556,0.7325370832531137,4
1767258275817059171,9.744384191015643,1.7932134234163388,0.7024282136609521,0.7325978077449554,4
1767258275892136773,9.910763615049834,1.7979531307614274,0.7025798026432369,0.7325604583449032,4
1767258275942489670,9.923528495382472,1.800413720748372,0.7026210713021204,0.73257206994537,4
1767258276091468312,9.826409088819155,1.796543735817677,0.702626691497896,0.732630115127587,4
1767258276217138930,9.719860761228327,1.7986100083575807,0.7022720685652639,0.7325551919502763,4
1767258276291959845,9.853990396570754,1.818554752678438,0.7024623063470807,0.732580278073233,4
1767258276341606518,9.796764416926006,1.7916684613352554,0.70252918034281,0.7326046882403111,4
1767258276492171771,9.630128648450032,1.782486532168133,0.7024172923900319,0.7326482050125821,4
1767258276541499584,9.797741454002251,1.7760210508851129,0.7024993755834897,0.7325870431223778,4
1767258276616812396,9.708329696709095,1.7684867384550926,0.7025193316082696,0.7325896754398727,4
1767258276691617352,9.767078096961423,1.7932907267717026,0.7025186852046483,0.732617860482255,4
1767258276741516799,9.896629269444013,1.813492011874174,0.7025336695260294,0.7325386798671999,4
1767258276816497749,9.777601657492196,1.8257407187171613,0.7022296137753553,0.7325612100991259,4
1767258276891303339,9.822000616922178,1.8612419460145089,0.7023704279111175,0.7326316435691824,4
1767258277091615421,10.008755088068867,1.830113697391799,0.7026715321175561,0.7326343222065287,4
1767258277142102970,9.997007834226078,1.866024360644298,0.7025888117937388,0.7326286123848279,4
1767258277217343715,9.93344976798316,1.8155552140001339,0.7025726674551599,0.7325733317346321,4
1767258277341515992,10.022650845083913,1.8349250144083022,0.7025542333965549,0.7325746239333278,4
1767258277492108489,9.93147225272395,1.8122870666604494,0.7026387105099806,0.7326166067713865,4
1767258277542095094,9.750373809953139,1.8341541259758447,0.7023540312831759,0.7326472463986755,4
1767258277617560386,9.84161660196381,1.7928829493422054,0.7025951879651231,0.7325311595597037,4
1767258277691835607,9.835209115188203,1.8207859612181387,0.7023884746734377,0.7326131473917743,4
1767258277742146368,9.975435850924196,1.8062308987898728,0.7026394493804561,0.7325812770984615,4
1767258277891935190,9.89853946600494,1.7926136392693819,0.7026175719695168,0.7325974252498971,4
1767258277942114089,9.614813149676603,1.822861426030598,0.702153207675475,0.7326702245321512,4
1767258278017323056,9.786497493541324,1.7969590924060834,0.7024690131854416,0.7325971089253961,4
1767258278092042418,9.691447236880425,1.7943673880532796,0.7022875205189815,0.7325725551759662,4
1767258278141924163,10.023958168700053,1.8152822523899987,0.7026510451109871,0.7325828500202898,4
1767258278216522051,9.844646464083006,1.7917364835412546,0.7025400074600056,0.7326089939832602,4
1767258278341707066,9.647680366996259,1.7950154959297484,0.7024051566588445,0.7326944754267694,4
1767258278542223856,9.75803000481179,1.8045308001046525,0.7024615270719583,0.7326501999950829,4
1767258278617106656,9.701262188566151,1.79751265268636,0.702367411248698,0.7325909109810155,4
1767258278691689887,9.835072039042325,1.816180160633741,0.7024616876612892,0.7325604491895441,4
1767258278741907806,9.808460838010124,1.8116373120728422,0.7025478159371461,0.732601907954415,4
1767258278817130267,9.984724571638237,1.8006967885410483,0.7026601300787707,0.7326019988508353,4
1767258278892208194,9.705336367790917,1.8360444014036028,0.7023642327014908,0.7326661512567607,4
1767258278942009983,9.834411849464097,1.772515199891782,0.7025737784949587,0.732553999585393,4
1767258279292099051,9.980724102333749,1.8337612470662497,0.7025201054158012,0.7325651400198768,4
1767258279416624959,10.033401079067028,1.8399145547066418,0.7025030453924321,0.7325696289408089,4
1767258279491724259,9.545341026069632,1.7896284214696376,0.7023133458919345,0.7326547938676184,4
1767258279542107368,9.705589421551974,1.8301935843057313,0.7023136866396541,0.7326417029956179,4
1767258279617175670,9.970671438862322,1.8102426082248004,0.7026921123492428,0.7326075838516177,4
1767258279692133606,9.951177138193934,1.786167492258004,0.7026758959209709,0.732572471462245,4
