timestamp,dist_error_mm,angle_error_deg,est_dist_param_m,gt_center_dist_m,visible_gt_tags
1768373484400707987,19.751211504141388,8.89862078292017,1.6123154776353306,1.6329309894633257,2
1768373484480869246,17.766906773032165,8.693715603038248,1.6145561416759584,1.6329242480586676,2
1768373484528010522,19.485078231095578,8.759531280918281,1.6132268498084301,1.6333782704393842,2
1768373484725518400,20.621186061401843,9.0230142808191,1.6113139409075024,1.6329363125540324,2
1768373484804451751,22.449988236837413,8.926473760704342,1.6098763900704223,1.6333534090705026,2
1768373484950470699,20.7338311565195,9.032079587676769,1.6114960752683127,1.633067799483662,2
1768373485000445093,17.355995008101033,8.262877800169885,1.615580030528631,1.6333142940460357,2
1768373485079910508,19.84068047139975,8.87550292046594,1.612643967447316,1.6333884780966619,2
1768373485150962706,19.35483127406501,8.856794348777434,1.612745270385433,1.6328955277955646,2
1768373485275743149,17.306632044301608,8.658337084141138,1.6151485042147329,1.6330444787366587,2
1768373485354634907,19.847636800826464,9.062120569479104,1.6118391728089259,1.6326039887835049,2
1768373485401116158,19.000400279230334,8.683102036917191,1.6134913861134959,1.6332476642427287,2
1768373485475557240,18.49653631497827,8.639602159173055,1.6142499125474576,1.6333689021895472,2
1768373485550437033,21.15278712208335,9.059554406187322,1.611214072593289,1.6334333939650711,2
1768373485600531385,16.373690688638696,8.545766709849433,1.616288996252612,1.633113838268257,2
1768373485675508454,18.422821900170973,8.696798491513196,1.6144709644102542,1.6335427184783256,2
1768373485725603781,18.7285105250643,8.715661924361353,1.6144709644102542,1.6338480085626448,2
1768373485800311897,20.30843878614452,9.062607487765767,1.6116036213649152,1.6328325866400701,2
1768373485875581109,20.993566008777663,8.894422508040293,1.6115869336931425,1.6335232287402655,2
1768373485929055521,20.993566008777663,8.894422508040293,1.6115869336931425,1.6335232287402655,2
1768373486000954654,20.559281636107983,9.12324744917264,1.611041384912422,1.6326121539960847,2
1768373486075552634,18.971253579979752,8.815032693120685,1.6133186805089956,1.6330512986326557,2
1768373486126113753,18.971253579979752,8.815032693120685,1.6133186805089956,1.6330512986326557,2
1768373486202931858,17.595237011789333,8.716757998196517,1.614513292924016,1.632707425818061,2
1768373486275685885,19.039558807515622,8.791477493684427,1.6133365552825816,1.6332027876418567,2
1768373486478571409,19.942661354249715,9.028466376684761,1.612179943474356,1.6331471802480604,2
1768373486600599888,20.20993679040184,8.926355874179855,1.612084316603113,1.6331915218812052,2
1768373486676178255,18.714526303491354,8.833430426138431,1.6139640574198622,1.6335643808496065,2
1768373486802480570,19.13190908471818,8.819822001344342,1.6135774431697572,1.6334069067402401,2
1768373487000537567,17.24864222981415,8.664832025499932,1.6154954080929693,1.6332663361969175,2
1768373487078121563,18.462971955800043,8.568411001079536,1.6147389462882542,1.6339377668236996,2
1768373487200550418,20.200295349672935,8.867944306207795,1.6125596815215937,1.633617075122438,2
1768373487275532311,19.306754143850966,8.93339170083933,1.6126207955324108,1.6328187362360878,2
1768373487325441513,19.399776812168312,8.762362862857792,1.6129049112215774,1.633056626950766,2
1768373487400805653,19.962388802337472,8.989482877700551,1.612071520750471,1.6330535227188994,2
1768373487475474133,17.845300981540912,8.770664526118514,1.614389275123267,1.632930727248772,2
1768373487525508920,16.73423323716472,8.831091136334742,1.615533798283087,1.6328980097624914,2
1768373487675563403,19.474013768593146,9.091759877171475,1.6122759917880958,1.6327875854549767,2
1768373487725925588,21.46896094744055,9.02466556673961,1.6109352213822816,1.633457132780172,2
1768373487800500882,19.475891041869087,8.97364454499972,1.6126004155887879,1.6328665966198044,2
1768373487875384980,19.085453418300922,8.68423299994868,1.613385844592798,1.6331527090890043,2
1768373487951248858,21.17693023431011,8.84645680177317,1.6112526662034898,1.633250586089672,2
1768373488000695424,18.101260529468142,8.71410126532908,1.6143694740720207,1.633153616279648,2
1768373488276148132,17.72478890472562,8.686068417424549,1.6145986657985423,1.6330529951989057,2
1768373488350958803,18.735141492266738,9.00078788200871,1.6136741670745203,1.6332386644053525,2
1768373488401145205,18.735141492266738,9.00078788200871,1.6136741670745203,1.6332386644053525,2
1768373488526562491,18.678264188877858,8.854708016104222,1.6135676397375263,1.6330014947280664,2
1768373488600458729,19.640493560816317,9.043181903617931,1.6121673272682548,1.6327572473102592,2
1768373488681064488,19.468936358134627,8.903021961826765,1.6130212088336067,1.6332661369308443,2
1768373488726225350,19.155936687058617,8.977266696767254,1.613126563993676,1.6331131540736497,2
1768373488956337488,16.613179904019894,8.512714935803155,1.6160227541719971,1.6332457539816827,2
1768373489276036825,18.841443516240062,8.744365700069658,1.6135031048789767,1.6331103077280806,2
1768373489325527232,19.817346760263366,8.938121719314672,1.6125161994279167,1.6332819410337422,2
1768373489400892613,18.217088485468214,8.509910319309428,1.6144492003849307,1.6332377411127204,2
1768373489525538817,17.463351875446342,8.665241441022372,1.6149695554410317,1.633047523612578,2
1768373489675577407,20.899410727512667,9.046141158000848,1.611145347775283,1.6331540355218248,2
1768373489800796316,17.520377079165208,8.512302497688673,1.6148350395373439,1.6329472317252547,2
1768373489950590365,19.20844867295246,8.94166269807907,1.612477559037292,1.632529699481929,2
1768373490001073771,15.652898787987812,8.387595460896845,1.6172502487806772,1.63337888914045,2
1768373490075647840,19.160504820828983,8.574886034069989,1.613421051248205,1.6332417087648394,2
1768373490128207315,19.160504820828983,8.574886034069989,1.613421051248205,1.6332417087648394,2
1768373490405154735,16.84187984470009,8.892779754732478,1.6149250154307282,1.6324379353586507,2
1768373490476050622,16.526009199349545,8.63543000979775,1.6159145956582075,1.6331309225776978,2
1768373490600366062,18.06062778312323,8.889307761526005,1.6139428626917998,1.6327729158886506,2
1768373490680579333,21.33800720345702,9.002022827057516,1.6108343472210738,1.6331493554792254,2
1768373490875962676,17.979105382031292,8.64474023512782,1.6146835059709446,1.6332237998686499,2
1768373490955239672,19.373143476710155,8.787962890743716,1.6130608390971926,1.633156941816482,2
1768373491003676382,15.638335878947363,8.372781298252438,1.6169594220557928,1.6330365373860318,2
1768373491075604430,20.181475405141704,8.806072490931424,1.6121539390685726,1.6331668178688679,2
1768373491125998788,20.72689355935431,8.94533610245299,1.611831181120184,1.6334787387839214,2
1768373491200647161,19.062585929767284,8.839723140946155,1.6133322222527446,1.6331948853254252,2
1768373491279040387,18.34331472296946,8.775236059468872,1.6141416423879462,1.6332610513654982,2
1768373491350822817,19.695354779002862,8.821458420802704,1.6125384807099101,1.63309590894423,2
1768373491400582748,20.1150057985946,8.959584534020701,1.612227834927048,1.6332657561603434,2
1768373491475911199,18.546155236107698,8.656618746216433,1.6143228944683283,1.6336008267785957,2
1768373491600712050,19.666559322788046,8.87947861905948,1.612170529043128,1.632679446126442,2
1768373491725541362,20.86713899358483,9.096172057196641,1.610746800657489,1.6326251084001058,2
1768373491875517719,19.466131231420825,8.798884806323612,1.6131069464979908,1.6333638874065604,2
1768373491950923752,21.174306699676126,9.087922651133454,1.6106758200301416,1.6329450452250434,2
1768373492000467359,21.51222105394579,9.23272115538255,1.6099852218603172,1.6326343401453343,2
1768373492075771335,20.723131786441805,8.738691624893299,1.612211140835854,1.6337967683378312,2
1768373492127226556,20.723131786441805,8.738691624893299,1.612211140835854,1.6337967683378312,2
1768373492200735565,18.015807330696852,8.974529733894352,1.6142415300081934,1.6330016332473063,2
1768373492276114493,19.41150229025301,8.755543027066107,1.6135939551264273,1.6337202589807853,2
1768373492333247935,19.41150229025301,8.755543027066107,1.6135939551264273,1.6337202589807853,2
1768373492402534917,18.420741217051393,8.91277963414739,1.6137563820187553,1.6328985422636972,2
1768373492476403831,17.41256311092476,8.784319108978384,1.614817093685536,1.6329253170224909,2
1768373492528517495,17.069978176017074,8.694929881446255,1.6153264688243125,1.6329253170224909,2
1768373492601047179,18.109419874727585,8.63267392041767,1.6146274190626029,1.6333403813764666,2
1768373492679333782,19.758473008906876,8.623408563290727,1.6131203494073603,1.6337014379610333,2
1768373492726453277,20.08273393871174,8.723267862177034,1.6126872959337184,1.6334967220434407,2
1768373492883192083,17.15731940728915,8.637661736858165,1.6151449450271034,1.6328430496804307,2
1768373492925487983,19.705485623580763,8.81622811476478,1.612621649015713,1.6332171644079947,2
1768373493075733180,18.55690918894437,8.728279652686817,1.614044877544789,1.6334411968754696,2
1768373493125388444,17.965428137485915,6.052283083063661,1.6057380896388893,1.6326234471146772,2
1768373493200688385,19.345208210401754,9.006986126945844,1.6122289425844083,1.6325572070255256,2
1768373493400587196,16.860589332650555,8.525991569275476,1.6155135444501298,1.632951202438731,2
1768373493475684071,19.24520512805583,8.66801968115151,1.6132566961541246,1.6332233373417728,2
1768373493526332796,20.579237180313072,8.943153428501136,1.6117768257449907,1.6332429663065298,2
1768373493601092692,18.88946791265278,8.801784569189929,1.6136193562389038,1.6332439049086371,2
1768373493675495071,16.866242974357128,8.606849599139762,1.615824819315598,1.6332918157771874,2
1768373493725545646,16.20684830224772,8.724839001650837,1.6157904619965016,1.6325135221837386,2
1768373493801101244,17.831024938193885,8.860203016710148,1.614415911123855,1.6329587061975777,2
1768373493925837992,19.879886810355572,8.949338442270713,1.6123369653133874,1.6330753498640371,2
1768373494075552269,18.607563758866075,8.670685065160871,1.6141781035907987,1.6334589156724362,2
1768373494126086980,18.607563758866075,8.670685065160871,1.6141781035907987,1.6334589156724362,2
1768373494200990166,18.753609528798787,8.667872305714376,1.6142153942303537,1.6335986574837735,2
1768373494275669283,15.658032770799135,8.26212397905936,1.6175635739571192,1.6336294033777912,2
1768373494331207941,15.658032770799135,8.26212397905936,1.6175635739571192,1.6336294033777912,2
1768373494401036640,18.743540215327094,8.940738628716105,1.613159276012672,1.6327228273657588,2
1768373494606817133,19.386564842628573,8.892527191765074,1.6125757432126435,1.63280768464918,2
1768373494676542551,19.233782907266406,8.766811017543914,1.6132470124950051,1.6332528495933358,2
1768373494726348495,18.752138881133806,8.958761132191194,1.6135736885342202,1.6331187954654112,2
1768373494800649756,20.32078126543091,9.01666161416585,1.6116568731066476,1.6329545790577267,2
1768373494880461532,20.408563277229284,8.889492590563844,1.6123310487436286,1.6336977164276816,2
1768373495000894839,16.423903146098205,8.295535112428745,1.6166615419718224,1.6335151025458834,2
1768373495125930106,18.041364789905813,8.686107343492635,1.6145469416529743,1.6332757845578951,2
1768373495325890358,20.316341474367672,8.823503923018105,1.611961650664914,1.633224107824165,2
1768373495476353322,20.270283346082163,8.856387665288961,1.6124045088377137,1.6334176738811013,2
1768373495525618165,19.568743690589805,8.909827766696992,1.612528337885443,1.6329652211528762,2
1768373495675446853,17.970245165672026,8.821288374347304,1.614507356263399,1.6332064597802105,2
1768373495725958106,18.024834229491084,8.876367896933957,1.6138281938474137,1.6325474428394366,2
1768373495925959555,19.0770196583101,8.798479326973556,1.6131674122567439,1.6330139588542856,2
1768373496000454918,16.57684294063899,8.5042291909646,1.6159282186257329,1.6330226592679318,2
1768373496075876190,18.683190939743355,8.88158837936576,1.6136634667662595,1.6330130032496901,2
1768373496125566423,18.683190939743355,8.88158837936576,1.6136634667662595,1.6330130032496901,2
1768373496275997245,18.079543426820166,8.7898209465554,1.6141136384481611,1.6329542941715895,2
1768373496328972666,18.079543426820166,8.7898209465554,1.6141136384481611,1.6329542941715895,2
1768373496401641940,15.741242292153013,8.61397692879665,1.6166010218857323,1.6329379450664543,2
1768373496475590037,20.310168679204654,8.828671651822436,1.6121731678229505,1.6334161757284502,2
1768373496525885737,20.310168679204654,8.828671651822436,1.6121731678229505,1.6334161757284502,2
1768373496603849220,18.564603257547276,8.795417420063925,1.6137187338659005,1.6330706578232992,2
1768373496676784546,19.57070477903344,8.920492804507717,1.6127825194150982,1.6332448636833932,2
1768373496725479152,17.993068036622482,8.767770619464564,1.6145605777160987,1.6333101394674352,2
1768373496800845574,18.120608035484096,8.675336841410411,1.614590660646041,1.6333723509709732,2
1768373496878255292,19.47404919814044,8.865154697308185,1.6127489073232217,1.632968070207041,2
1768373496927988614,19.9317751230792,8.772135023788465,1.6126413109846127,1.6332645491005098,2
1768373497075821070,18.56335304630985,8.572573504993418,1.6142373854359982,1.6333660223944215,2
1768373497125636548,20.533399877259217,8.596156624415677,1.612630456656154,1.633969090569813,2
1768373497203517901,19.04764620763366,8.669710257236375,1.6132657351288349,1.6331144686905468,2
1768373497400514644,17.608832554362408,8.572622018121375,1.614752314777118,1.6329318974752054,2
1768373497478183297,17.40534319035225,8.7243411782721,1.615042608136567,1.6330193113059381,2
1768373497675730994,17.68393605726004,8.770450677814594,1.6146671458583943,1.6330371750565138,2
1768373497726043480,19.83947742268022,8.961570374281173,1.612681068156354,1.6333490827033001,2
1768373497876065456,19.97250772786274,8.960952546826762,1.6120993936308412,1.632960818298228,2
1768373497925774744,21.03955496416865,9.002149368816394,1.6115411485673643,1.6336863094209195,2
1768373498000561995,21.48286180607606,9.026167315779446,1.6108851034338434,1.6335777288797824,2
1768373498075733694,21.493351772968737,9.064648035975566,1.6105196300376126,1.6330150192107256,2
1768373498276012762,19.331297785878164,8.836410937112356,1.6133041980697378,1.6334581327720976,2
1768373498327364876,19.331297785878164,8.836410937112356,1.6133041980697378,1.6334581327720976,2
1768373498475805015,21.018061930559995,9.019226280868885,1.6112982925349655,1.6333494058042501,2
1768373498532875984,21.018061930559995,9.019226280868885,1.6112982925349655,1.6333494058042501,2
1768373498725896217,20.432073550626264,8.793824820925382,1.6120516745187705,1.6333219875411227,2
1768373498809080138,18.256136159181757,8.76407096566038,1.6142866533339504,1.6332927149224747,2
1768373498876869045,21.101298001222624,9.049137628901754,1.6107483361378223,1.633024040748518,2
1768373499000596433,17.74421930864922,8.785578091065366,1.6145206055206223,1.6328617430282095,2
1768373499082199243,18.93089476751264,8.838978530095819,1.6136199877401178,1.6332654094359973,2
1768373499200986516,20.39106235134991,8.907953150624389,1.6121470752486042,1.6333720728116699,2
1768373499275591873,18.50943785173298,8.725645318106933,1.6139402322408727,1.633046151413516,2
1768373499325540172,19.004919054632197,8.772439093658178,1.6134210240875244,1.6331343571282888,2
1768373499476348415,19.32716607466478,8.926798339917035,1.6125777247506377,1.6327517029519834,2
1768373499525487506,18.498595976544017,8.65759542781195,1.6140596354696657,1.6332226606928864,2
1768373499675571742,19.44463373819172,8.833702829832529,1.6128778552862666,1.6331720197790185,2
1768373499725712367,16.870678314693464,8.685089745695734,1.6154604430336206,1.6328641970224198,2
1768373499875856112,18.126702080681014,8.626742311605836,1.6144692092709452,1.6333085873599735,2
1768373499925973093,19.06920845546378,8.6982959202882,1.6137671603315236,1.633497996562347,2
1768373500001040336,18.610253218159567,8.506352685631583,1.6144721369856647,1.6336765470795493,2
1768373500075710961,19.54946778108968,8.636179281343805,1.6134020418528932,1.6337105437080235,2
1768373500125612578,19.045598541012954,8.894816774658048,1.6128106938153666,1.6326097526699697,2
1768373500600907621,21.67695942479675,9.054995128830543,1.6103290680744893,1.6332857374760408,2
1768373500676137785,19.80226218000891,8.757568208224841,1.612974850852366,1.6335608449344363,2
1768373500725855317,19.80226218000891,8.757568208224841,1.612974850852366,1.6335608449344363,2
1768373500805163734,20.841265935241047,8.863542605349839,1.6117368696789438,1.6334984417509282,2
1768373500876411081,21.158298085672158,9.08679443951415,1.6110093525087288,1.6332395905131663,2
1768373501080329113,21.374300405080817,8.95410235584742,1.6111022855893928,1.6335447048574654,2
1768373501128421927,19.970829727201213,8.95399030460683,1.6118982854720698,1.6328799423974745,2
1768373501200695718,19.612106410108243,8.707750716885055,1.6129491369009832,1.63334333576243,2
1768373501275623342,19.939398498080905,9.013600426552394,1.6123512112055358,1.6332126397281355,2
1768373501475734278,20.63361271230435,8.924702662975525,1.6119331479253582,1.6335029717351637,2
1768373501676323210,19.24012500898464,9.072522348209205,1.6125724505828076,1.6326761635393507,2
1768373501800578082,19.171211738082228,8.629347648383707,1.6135409320456358,1.63328763336297,2
1768373501875688459,18.894203120958466,8.847087461452944,1.6134332141368535,1.63310927388938,2
1768373501925454447,20.458700455309618,9.01822135516748,1.6118352863587169,1.6333128906553906,2
1768373502001123338,19.47423814726679,8.800518217457686,1.6127576898228129,1.6329868601004816,2
1768373502125541235,19.24665416503779,9.005675884795918,1.6129073322421434,1.6332068405633655,2
1768373502200727665,19.262788142261343,8.747331227094625,1.6135521904449432,1.6335620411518148,2
1768373502275640214,18.234538937747622,8.636556387360692,1.6143748547807653,1.6334412408912289,2
1768373502326439253,17.94889677291178,8.742576528643028,1.6143748547807653,1.6331541202942337,2
1768373502400934429,19.32058728619679,8.885809995744529,1.6127841609437732,1.6330011370022381,2
1768373502475395404,19.13028497007985,8.92739715176403,1.6129603082924164,1.6329588960820414,2
1768373502528113788,19.13028497007985,8.92739715176403,1.6129603082924164,1.6329588960820414,2
1768373502600707209,18.06215220393259,8.778044348346935,1.6143838119105454,1.633212899032306,2
1768373502675888901,21.046733737400068,8.980135149501354,1.6115039462067953,1.633543534703497,2
1768373502726264685,21.046733737400068,8.980135149501354,1.6115039462067953,1.633543534703497,2
1768373502804356880,17.556139765793954,8.774595079686835,1.6146209259482744,1.6329460942545007,2
1768373502875688451,17.402129537249067,8.509635273731476,1.6154193261607048,1.6334310133530798,2
1768373503077902878,20.053439405807836,8.708984831217478,1.6125645276055223,1.633408741255441,2
1768373503127235293,16.297213602166405,8.365403616033243,1.6167785847724787,1.6334524408891327,2
1768373503275880835,18.702302327480158,8.70631674042485,1.6137130989513166,1.6331955735522183,2
1768373503325558138,19.56292296539619,8.641535290099158,1.6129470502002408,1.6332831373643517,2
1768373503402527425,18.95200399120256,8.681898912526396,1.6136790994242471,1.6334306575219344,2
1768373503525990499,19.004945609054637,8.800629325242696,1.6136265768411537,1.6333469196986004,2
1768373503600841002,19.393191329644345,8.779104811551193,1.613149579127697,1.6334354541903453,2
1768373503678049901,20.436311292219678,8.813885406245488,1.6122521929007316,1.6334929130193068,2
1768373504125745280,19.728023365295666,8.830379173887122,1.6129089862727646,1.6334893576996055,2
1768373504200475507,21.23621665306863,8.927051885530423,1.611411696753369,1.633636069412697,2
1768373504275588027,19.96730771664179,8.910554186706019,1.6126527937892257,1.6334723334935284,2
1768373504326132119,18.55857144455819,8.809673570108135,1.6137379505671268,1.633013491248752,2
1768373504400851346,20.261006514909585,8.808026102455798,1.6122937353756874,1.6333543335666931,2
1768373504475968500,20.7022339404761,8.867684399416849,1.6117490522546596,1.6334854850766667,2
1768373504527337800,20.7022339404761,8.867684399416849,1.6117490522546596,1.6334854850766667,2
1768373504600913357,18.324479885823308,8.771556464811443,1.6141169388235423,1.6332340830450758,2
1768373504802502478,19.811895686992152,8.928400203069437,1.6122680451629545,1.6329809495244079,2
1768373504875953312,18.92999904726045,8.992489274794911,1.6127642926369188,1.6324648640183363,2
1768373504925528412,18.92999904726045,8.992489274794911,1.6127642926369188,1.6324648640183363,2
1768373505076286964,17.055467741656784,8.514871292071195,1.6163265432617797,1.6339713511103784,2
1768373505126234832,17.59104450769211,8.791862508828665,1.614749398828704,1.6330053272956977,2
1768373505200689962,19.36958402928113,8.883674092402526,1.6129254720388346,1.633141201261037,2
1768373505283050025,17.28591806059554,8.867795746185434,1.6150132134252742,1.6330344571835194,2
1768373505326358619,17.40482467792681,8.765371406781192,1.6152844107437294,1.6332974788288628,2
1768373505475787145,19.511976777069727,8.96989265020625,1.612538671462686,1.6330483084124863,2
1768373505525689552,18.27241633755161,8.850737218604293,1.6136097573334738,1.6326624990118146,2
1768373505600905335,20.49819639129624,8.892487007135303,1.6119108544424159,1.6333051040000968,2
1768373505725902972,19.14999769294856,9.092110229290236,1.612371215464993,1.6325231112804246,2
1768373505800964124,16.379220756891357,8.468698215562306,1.616007887625449,1.632965362339851,2
1768373505875759474,17.928054204194854,8.669954331856863,1.6148437089262855,1.633428154939134,2
1768373505925476636,19.29986388663263,8.771107619793279,1.6129798367655421,1.6330322515060658,2
1768373506000942487,17.134908334785592,8.25618691961001,1.6161655144883826,1.6336773026122033,2
1768373506076202180,20.179857464681206,8.885390355919128,1.6122540262206952,1.633336713751637,2
1768373506126034975,17.401863363104788,8.869693033132165,1.6151778495084719,1.6333200118061728,2
1768373506275654957,19.277902389159163,8.880873363572015,1.6132569499201608,1.6332856799720097,2
1768373506475539795,19.322466917627736,8.803220708334512,1.6132490716478287,1.6334567594839158,2
1768373506525930553,19.322466917627736,8.803220708334512,1.6132490716478287,1.6334567594839158,2
1768373506800920036,17.642286094254224,8.878933021851328,1.6143791340432596,1.6329476389115853,2
1768373507004568818,19.24253429327827,8.891431898485779,1.612706493151008,1.6327871887207714,2
1768373507075767235,20.40240455352471,8.663291132523483,1.612412609541797,1.6336427785010081,2
1768373507200649109,17.42308573596474,8.665011775487326,1.614883098483062,1.6329005578113498,2
1768373507525689758,20.785482207403618,8.859784529125365,1.6119076945313757,1.6335649199393065,2
1768373507676173001,19.915442527363993,8.961098073727104,1.6120264432699427,1.6328723652806652,2
1768373507725739766,18.83100414321315,8.781014413830402,1.6136635337772665,1.6332172070690354,2
1768373507800745571,19.009327958799727,8.797331933587175,1.6133870453736034,1.6331605661988882,2
1768373508076400131,18.915410555538024,8.560838313739954,1.613649025202487,1.6332524326852176,2
1768373508200703050,20.58468513530176,9.061264708474047,1.6115578761448364,1.6332766753261292,2
1768373508325710784,21.30748049625919,9.09932806573091,1.6107550656234997,1.6330763374126325,2
1768373508401037441,18.621216123454467,8.786411962984197,1.6136728440909816,1.633001078842683,2
1768373508475554027,18.584669975892254,8.765548842830958,1.6136942133820247,1.6329837484195078,2
1768373508526115002,20.604530248304663,8.834415476713597,1.6120365096651175,1.6335119165950458,2
1768373508675781469,18.894133964142856,8.926113730677711,1.613040690585458,1.6328341599541796,2
1768373508727986994,18.894133964142856,8.926113730677711,1.613040690585458,1.6328341599541796,2
1768373508876025352,16.986890292769672,8.360382598344474,1.616252472528606,1.6337678659044172,2
1768373508933651748,16.986890292769672,8.360382598344474,1.616252472528606,1.6337678659044172,2
1768373509002436409,20.129985209072387,8.997081853623277,1.6119314852415882,1.6330087629390406,2
1768373509125542404,21.490930497422013,9.161525420179027,1.610365655303041,1.6329406939587643,2
1768373509208859991,18.416954254210083,8.540016163599596,1.6145603745460089,1.633660285201602,2
1768373509278166334,21.200122554805965,8.922029377794907,1.611085374747153,1.6331906879577942,2
1768373509326480067,19.315528924025216,8.77933810007114,1.6131581302576556,1.6331265848216254,2
1768373509675617280,19.933871116421198,8.940052425053475,1.6120942601818322,1.6328439094189455,2
1768373509725581844,17.962687585634907,8.8485966759524,1.6141020291793868,1.6327958531903204,2
1768373509800727629,17.808685588251993,8.552710500596847,1.615151560189569,1.6335509400530537,2
1768373509925768747,19.9216505131683,8.638036069909427,1.6133352115844453,1.6339970847292546,2
1768373510000759369,20.870975077337484,8.685239732233464,1.6123563239590202,1.6341638948394406,2
1768373510075692286,18.39359747169955,8.92178228776544,1.6135927597223243,1.6329048801142736,2
1768373510126288131,20.459551158142908,8.938375353256442,1.61168169701229,1.6331058827747318,2
1768373510200616691,19.700459906636823,8.907228505540827,1.6125238805068778,1.633130910794633,2
1768373510275778075,21.023330481201974,8.955656823493108,1.6116211627462016,1.6337114353747615,2
1768373510675655059,16.458464133943362,8.587572115306502,1.6161284118844805,1.6331346812129928,2
1768373510726436275,16.458464133943362,8.587572115306502,1.6161284118844805,1.6331346812129928,2
1768373510875581514,20.660277429270792,9.096116367909069,1.6111793922517885,1.6329061859901304,2
1768373510931661473,20.660277429270792,9.096116367909069,1.6111793922517885,1.6329061859901304,2
1768373511076698483,21.17873436886475,9.07133568493278,1.6111911627582343,1.6333533967745122,2
1768373511126123707,19.722282080267828,8.783551030614118,1.6129159274676654,1.6333533967745122,2
1768373511325537693,19.98075078858208,8.945083898442551,1.612250955125231,1.6331079768448127,2
1768373511400713720,16.875808300337745,8.760016396725527,1.6154481616202008,1.6329488286625604,2
1768373511482024662,16.61175062335851,8.560668929691387,1.6157716333094008,1.6329114656767414,2
1768373511530227763,18.9451409974839,8.530305737408746,1.6135858790022184,1.6332772217817997,2
1768373511600743689,19.593243934377334,8.671251134557995,1.6131200193450501,1.6334941743034512,2
1768373511675637140,16.899214257928065,8.791502059124378,1.6149188523302882,1.6325448126766433,2
1768373511804534737,19.655070978122467,8.89410227626475,1.6127183679812642,1.633282684706179,2
1768373511875763086,19.115382978883268,8.652468206437542,1.6135296159008818,1.6333354606178068,2
1768373511925477057,20.256990523153107,8.75917666135928,1.6124115578339413,1.6336295987173317,2
1768373512000519204,16.83779383504391,8.428404299836863,1.6159646278973756,1.6332049166172566,2
1768373512080703650,20.696878709018264,8.994289648473817,1.6116244590622806,1.6332622847829557,2
1768373512125802393,18.736616699758013,8.753506529110197,1.6137609604187633,1.6332176505684646,2
1768373512200514913,19.705641782643557,8.723698399522533,1.6128475207507973,1.633281078432362,2
1768373512275872951,22.76607690533328,9.088327786039805,1.6097870431428045,1.633799108944531,2
1768373512325959222,18.473780462689326,8.958920449862141,1.6136045337105922,1.6329239612843596,2
1768373512400745201,22.238652447884366,9.167938602776834,1.6095846946980104,1.6331003206499273,2
1768373512475751397,21.247328815616974,9.198508982547116,1.6107860916067898,1.633097205852248,2
1768373512525471584,17.812017575268957,8.757981321073364,1.6139390841103955,1.6323707584284342,2
1768373512676171213,19.66146053756246,9.028478768702163,1.6122469098024175,1.632908848201532,2
1768373512726097084,19.66146053756246,9.028478768702163,1.6122469098024175,1.632908848201532,2
1768373512800877638,19.378556913835165,8.660202507913006,1.6134779391263707,1.6336015711531964,2
1768373512875524982,16.874480885018972,8.672533342520852,1.6153186188139173,1.632764279212434,2
1768373512931226861,16.874480885018972,8.672533342520852,1.6153186188139173,1.632764279212434,2
1768373513001009756,17.233624371518985,6.269151164208118,1.6044697381602337,1.6329407056889944,2
1768373513275814627,18.516094333330678,8.646580404675667,1.6142561814358207,1.6334923149409593,2
1768373513325582169,18.270615264535106,8.558308928557748,1.6142920756801478,1.6330680613966995,2
1768373513400920858,18.177768130735352,8.901832548803972,1.6141325737705061,1.6330685056904115,2
1768373513479657154,16.93806495167749,8.65178682001144,1.615045265510126,1.6325696174693383,2
1768373513527824294,19.40074337486064,5.7458726663152975,1.6080254433416517,1.6321690593474398,2
1768373513600744955,20.031348519560233,8.810372383546328,1.6123808340580945,1.6331361408773042,2
1768373513676048445,20.688895287748643,8.787065905323018,1.61173832963058,1.6332963049974771,2
1768373513802662435,16.203197587699947,8.58239576302953,1.6161000240203898,1.6328457333037119,2
1768373513876066005,18.58016657756756,8.823943404195589,1.6135911110651804,1.6330057221137886,2
1768373513925855097,18.05802422017844,8.671379215030626,1.6146974825302207,1.6333173867959403,2
1768373514125760881,19.23415787043026,8.999409863772547,1.6127810520294548,1.63291819571724,2
1768373514275623602,19.416260333070092,8.762376956967852,1.612893431163157,1.633124932817384,2
1768373514325627428,16.31596378172673,6.336403368215601,1.604127650732348,1.633601301121663,2
1768373514401177331,19.885831305015422,8.950291383062993,1.6123604782667575,1.6330928756039562,2
1768373514475987863,19.890413726966205,8.81424752399799,1.612832510697905,1.6335878865178,2
1768373514725628819,18.67917720160328,8.825912251932653,1.6137294310067227,1.6332874707190672,2
1768373514801042741,17.413653917347283,8.610932740598118,1.6154498442374112,1.633578323423086,2
1768373515000893337,20.225941864720596,8.973440001525157,1.6120255077425014,1.6333290017727957,2
1768373515201577990,18.77509109532527,8.779176887601164,1.6136795701627233,1.6331415008836638,2
1768373515276319673,17.637912671439217,8.86245040905382,1.6144715622844272,1.632684651201786,2
1768373515325596694,19.92439837200144,9.150682117039086,1.61181966372121,1.632684651201786,2
1768373515401870580,19.69709446866674,8.812369412942456,1.6125689440406101,1.6330735585073541,2
1768373515526022806,19.39569232580385,8.871857161681444,1.6127114044031592,1.6328546997153768,2
1768373515601417924,20.56496846788636,9.057932833755281,1.6114026892131874,1.6329665886135132,2
1768373515683067470,20.958104911504407,8.83199465598465,1.6115240732554654,1.6334483381660356,2
1768373515726092553,19.054730653927933,8.84082021255727,1.6130519860826047,1.6328807525270623,2
1768373547620899566,19.751211504141388,8.89862078292017,1.6123154776353306,1.6329309894633257,2
1768373547701230743,17.766906773032165,8.693715603038248,1.6145561416759584,1.6329242480586676,2
1768373547748605421,19.485078231095578,8.759531280918281,1.6132268498084301,1.6333782704393842,2
1768373547976278649,20.621186061401843,9.0230142808191,1.6113139409075024,1.6329363125540324,2
1768373548024821557,22.449988236837413,8.926473760704342,1.6098763900704223,1.6333534090705026,2
1768373548171068864,20.7338311565195,9.032079587676769,1.6114960752683127,1.633067799483662,2
1768373548221187681,17.355995008101033,8.262877800169885,1.615580030528631,1.6333142940460357,2
1768373548300711806,19.84068047139975,8.87550292046594,1.612643967447316,1.6333884780966619,2
1768373548370931924,19.35483127406501,8.856794348777434,1.612745270385433,1.6328955277955646,2
1768373548496062584,17.306632044301608,8.658337084141138,1.6151485042147329,1.6330444787366587,2
1768373548575359566,19.847636800826464,9.062120569479104,1.6118391728089259,1.6326039887835049,2
1768373548621414966,19.000400279230334,8.683102036917191,1.6134913861134959,1.6332476642427287,2
1768373548695856881,18.49653631497827,8.639602159173055,1.6142499125474576,1.6333689021895472,2
1768373548770653935,21.15278712208335,9.059554406187322,1.611214072593289,1.6334333939650711,2
1768373548820890995,16.373690688638696,8.545766709849433,1.616288996252612,1.633113838268257,2
1768373548896118912,18.422821900170973,8.696798491513196,1.6144709644102542,1.6335427184783256,2
1768373548946011198,18.7285105250643,8.715661924361353,1.6144709644102542,1.6338480085626448,2
1768373549020704123,20.30843878614452,9.062607487765767,1.6116036213649152,1.6328325866400701,2
1768373549096417352,20.993566008777663,8.894422508040293,1.6115869336931425,1.6335232287402655,2
1768373549149544806,20.993566008777663,8.894422508040293,1.6115869336931425,1.6335232287402655,2
1768373549221226398,20.559281636107983,9.12324744917264,1.611041384912422,1.6326121539960847,2
1768373549296134722,18.971253579979752,8.815032693120685,1.6133186805089956,1.6330512986326557,2
1768373549370703147,17.595237011789333,8.716757998196517,1.614513292924016,1.632707425818061,2
1768373549423406638,17.595237011789333,8.716757998196517,1.614513292924016,1.632707425818061,2
1768373549497251860,19.088944267087847,8.88977562827374,1.6133365552825816,1.633250143019183,2
1768373549698635400,19.942661354249715,9.028466376684761,1.612179943474356,1.6331471802480604,2
1768373549820928425,20.20993679040184,8.926355874179855,1.612084316603113,1.6331915218812052,2
1768373549896593945,18.714526303491354,8.833430426138431,1.6139640574198622,1.6335643808496065,2
1768373550022863167,19.13190908471818,8.819822001344342,1.6135774431697572,1.6334069067402401,2
1768373550221569432,17.24864222981415,8.664832025499932,1.6154954080929693,1.6332663361969175,2
1768373550297886614,18.462971955800043,8.568411001079536,1.6147389462882542,1.6339377668236996,2
1768373550421213115,20.200295349672935,8.867944306207795,1.6125596815215937,1.633617075122438,2
1768373550496035364,19.306754143850966,8.93339170083933,1.6126207955324108,1.6328187362360878,2
1768373550573910299,19.399776812168312,8.762362862857792,1.6129049112215774,1.633056626950766,2
1768373550621248739,19.962388802337472,8.989482877700551,1.612071520750471,1.6330535227188994,2
1768373550695693377,17.845300981540912,8.770664526118514,1.614389275123267,1.632930727248772,2
1768373550745995079,16.73423323716472,8.831091136334742,1.615533798283087,1.6328980097624914,2
1768373550896302058,19.474013768593146,9.091759877171475,1.6122759917880958,1.6327875854549767,2
1768373550970829403,21.46896094744055,9.02466556673961,1.6109352213822816,1.633457132780172,2
1768373551020846987,19.475891041869087,8.97364454499972,1.6126004155887879,1.6328665966198044,2
1768373551096508570,19.085453418300922,8.68423299994868,1.613385844592798,1.6331527090890043,2
1768373551170773892,21.17693023431011,8.84645680177317,1.6112526662034898,1.633250586089672,2
1768373551221407214,18.101260529468142,8.71410126532908,1.6143694740720207,1.633153616279648,2
1768373551496188922,17.72478890472562,8.686068417424549,1.6145986657985423,1.6330529951989057,2
1768373551545925419,17.203911925571358,8.68201517602615,1.6151374512275485,1.6330529951989057,2
1768373551621354940,18.735141492266738,9.00078788200871,1.6136741670745203,1.6332386644053525,2
1768373551770926286,18.678264188877858,8.854708016104222,1.6135676397375263,1.6330014947280664,2
1768373551820858080,19.640493560816317,9.043181903617931,1.6121673272682548,1.6327572473102592,2
1768373551902069003,19.468936358134627,8.903021961826765,1.6130212088336067,1.6332661369308443,2
1768373551946439600,19.155936687058617,8.977266696767254,1.613126563993676,1.6331131540736497,2
1768373552145885332,16.613179904019894,8.512714935803155,1.6160227541719971,1.6332457539816827,2
1768373552496273135,18.841443516240062,8.744365700069658,1.6135031048789767,1.6331103077280806,2
1768373552545731668,19.817346760263366,8.938121719314672,1.6125161994279167,1.6332819410337422,2
1768373552620987745,18.217088485468214,8.509910319309428,1.6144492003849307,1.6332377411127204,2
1768373552746181184,17.463351875446342,8.665241441022372,1.6149695554410317,1.633047523612578,2
1768373552895773147,20.899410727512667,9.046141158000848,1.611145347775283,1.6331540355218248,2
1768373553020713424,17.520377079165208,8.512302497688673,1.6148350395373439,1.6329472317252547,2
1768373553170935973,19.20844867295246,8.94166269807907,1.612477559037292,1.632529699481929,2
1768373553221039196,15.652898787987812,8.387595460896845,1.6172502487806772,1.63337888914045,2
1768373553295821558,19.160504820828983,8.574886034069989,1.613421051248205,1.6332417087648394,2
1768373553348975382,19.160504820828983,8.574886034069989,1.613421051248205,1.6332417087648394,2
1768373553625271571,16.84187984470009,8.892779754732478,1.6149250154307282,1.6324379353586507,2
1768373553696379642,16.526009199349545,8.63543000979775,1.6159145956582075,1.6331309225776978,2
1768373553820820651,18.06062778312323,8.889307761526005,1.6139428626917998,1.6327729158886506,2
1768373553900547473,21.33800720345702,9.002022827057516,1.6108343472210738,1.6331493554792254,2
1768373554096164158,17.979105382031292,8.64474023512782,1.6146835059709446,1.6332237998686499,2
1768373554145709552,19.373143476710155,8.787962890743716,1.6130608390971926,1.633156941816482,2
1768373554223650897,15.638335878947363,8.372781298252438,1.6169594220557928,1.6330365373860318,2
1768373554296097770,20.181475405141704,8.806072490931424,1.6121539390685726,1.6331668178688679,2
1768373554346225954,20.72689355935431,8.94533610245299,1.611831181120184,1.6334787387839214,2
1768373554421238272,19.062585929767284,8.839723140946155,1.6133322222527446,1.6331948853254252,2
1768373554498886577,18.34331472296946,8.775236059468872,1.6141416423879462,1.6332610513654982,2
1768373554546007217,19.695354779002862,8.821458420802704,1.6125384807099101,1.63309590894423,2
1768373554621258854,20.1150057985946,8.959584534020701,1.612227834927048,1.6332657561603434,2
1768373554695890891,18.546155236107698,8.656618746216433,1.6143228944683283,1.6336008267785957,2
1768373554820862420,19.666559322788046,8.87947861905948,1.612170529043128,1.632679446126442,2
1768373554945755775,20.86713899358483,9.096172057196641,1.610746800657489,1.6326251084001058,2
1768373555096183227,19.466131231420825,8.798884806323612,1.6131069464979908,1.6333638874065604,2
1768373555146772453,19.04910359886447,8.858324510594809,1.6131069464979908,1.6329450452250434,2
1768373555220835700,21.51222105394579,9.23272115538255,1.6099852218603172,1.6326343401453343,2
1768373555295911371,20.723131786441805,8.738691624893299,1.612211140835854,1.6337967683378312,2
1768373555346838372,20.723131786441805,8.738691624893299,1.612211140835854,1.6337967683378312,2
1768373555421074110,18.015807330696852,8.974529733894352,1.6142415300081934,1.6330016332473063,2
1768373555495864021,19.41150229025301,8.755543027066107,1.6135939551264273,1.6337202589807853,2
1768373555554037503,19.41150229025301,8.755543027066107,1.6135939551264273,1.6337202589807853,2
1768373555622296193,18.420741217051393,8.91277963414739,1.6137563820187553,1.6328985422636972,2
1768373555696816954,17.41256311092476,8.784319108978384,1.614817093685536,1.6329253170224909,2
1768373555746397443,17.069978176017074,8.694929881446255,1.6153264688243125,1.6329253170224909,2
1768373555821393109,18.109419874727585,8.63267392041767,1.6146274190626029,1.6333403813764666,2
1768373555899407881,19.758473008906876,8.623408563290727,1.6131203494073603,1.6337014379610333,2
1768373555946274628,20.08273393871174,8.723267862177034,1.6126872959337184,1.6334967220434407,2
1768373556103266311,17.15731940728915,8.637661736858165,1.6151449450271034,1.6328430496804307,2
1768373556146135375,19.705485623580763,8.81622811476478,1.612621649015713,1.6332171644079947,2
1768373556296040736,18.55690918894437,8.728279652686817,1.614044877544789,1.6334411968754696,2
1768373556346025801,17.965428137485915,6.052283083063661,1.6057380896388893,1.6326234471146772,2
1768373556421012383,19.345208210401754,9.006986126945844,1.6122289425844083,1.6325572070255256,2
1768373556621362206,16.860589332650555,8.525991569275476,1.6155135444501298,1.632951202438731,2
1768373556695989905,19.24520512805583,8.66801968115151,1.6132566961541246,1.6332233373417728,2
1768373556746479912,20.579237180313072,8.943153428501136,1.6117768257449907,1.6332429663065298,2
1768373556821508201,18.88946791265278,8.801784569189929,1.6136193562389038,1.6332439049086371,2
1768373556895750340,16.866242974357128,8.606849599139762,1.615824819315598,1.6332918157771874,2
1768373556945698083,16.20684830224772,8.724839001650837,1.6157904619965016,1.6325135221837386,2
1768373557021433477,17.831024938193885,8.860203016710148,1.614415911123855,1.6329587061975777,2
1768373557146057637,19.879886810355572,8.949338442270713,1.6123369653133874,1.6330753498640371,2
1768373557295843610,18.607563758866075,8.670685065160871,1.6141781035907987,1.6334589156724362,2
1768373557345949448,18.607563758866075,8.670685065160871,1.6141781035907987,1.6334589156724362,2
1768373557495871696,15.658032770799135,8.26212397905936,1.6175635739571192,1.6336294033777912,2
1768373557551597508,15.658032770799135,8.26212397905936,1.6175635739571192,1.6336294033777912,2
1768373557621616916,18.743540215327094,8.940738628716105,1.613159276012672,1.6327228273657588,2
1768373557827499751,19.386564842628573,8.892527191765074,1.6125757432126435,1.63280768464918,2
1768373557896840597,19.233782907266406,8.766811017543914,1.6132470124950051,1.6332528495933358,2
1768373557947176406,18.752138881133806,8.958761132191194,1.6135736885342202,1.6331187954654112,2
1768373558021114998,20.32078126543091,9.01666161416585,1.6116568731066476,1.6329545790577267,2
1768373558100107945,20.408563277229284,8.889492590563844,1.6123310487436286,1.6336977164276816,2
1768373558220905842,16.423903146098205,8.295535112428745,1.6166615419718224,1.6335151025458834,2
1768373558345854975,18.041364789905813,8.686107343492635,1.6145469416529743,1.6332757845578951,2
1768373558546159514,20.316341474367672,8.823503923018105,1.611961650664914,1.633224107824165,2
1768373558696351152,20.270283346082163,8.856387665288961,1.6124045088377137,1.6334176738811013,2
1768373558745743635,19.568743690589805,8.909827766696992,1.612528337885443,1.6329652211528762,2
1768373558896156928,17.970245165672026,8.821288374347304,1.614507356263399,1.6332064597802105,2
1768373558945682479,18.024834229491084,8.876367896933957,1.6138281938474137,1.6325474428394366,2
1768373559145781278,19.0770196583101,8.798479326973556,1.6131674122567439,1.6330139588542856,2
1768373559220697178,16.57684294063899,8.5042291909646,1.6159282186257329,1.6330226592679318,2
1768373559295902843,18.683190939743355,8.88158837936576,1.6136634667662595,1.6330130032496901,2
1768373559346421947,18.683190939743355,8.88158837936576,1.6136634667662595,1.6330130032496901,2
1768373559495771335,18.079543426820166,8.7898209465554,1.6141136384481611,1.6329542941715895,2
1768373559548549926,18.079543426820166,8.7898209465554,1.6141136384481611,1.6329542941715895,2
1768373559621219615,15.813593456127206,8.614946671924494,1.6166010218857323,1.6330101097038525,2
1768373559696241658,20.310168679204654,8.828671651822436,1.6121731678229505,1.6334161757284502,2
1768373559746203571,20.310168679204654,8.828671651822436,1.6121731678229505,1.6334161757284502,2
1768373559824415383,18.564603257547276,8.795417420063925,1.6137187338659005,1.6330706578232992,2
1768373559897115343,19.57070477903344,8.920492804507717,1.6127825194150982,1.6332448636833932,2
1768373559945849422,17.993068036622482,8.767770619464564,1.6145605777160987,1.6333101394674352,2
1768373560021269111,18.120608035484096,8.675336841410411,1.614590660646041,1.6333723509709732,2
1768373560098300269,19.47404919814044,8.865154697308185,1.6127489073232217,1.632968070207041,2
1768373560147896530,19.9317751230792,8.772135023788465,1.6126413109846127,1.6332645491005098,2
1768373560295809092,18.56335304630985,8.572573504993418,1.6142373854359982,1.6333660223944215,2
1768373560345917345,20.533399877259217,8.596156624415677,1.612630456656154,1.633969090569813,2
1768373560423653464,19.04764620763366,8.669710257236375,1.6132657351288349,1.6331144686905468,2
1768373560620969442,17.608832554362408,8.572622018121375,1.614752314777118,1.6329318974752054,2
1768373560698647670,17.40534319035225,8.7243411782721,1.615042608136567,1.6330193113059381,2
1768373560896470609,17.68393605726004,8.770450677814594,1.6146671458583943,1.6330371750565138,2
1768373560946285756,19.83947742268022,8.961570374281173,1.612681068156354,1.6333490827033001,2
1768373561096296878,19.97250772786274,8.960952546826762,1.6120993936308412,1.632960818298228,2
1768373561145789825,21.03955496416865,9.002149368816394,1.6115411485673643,1.6336863094209195,2
1768373561220839508,21.48286180607606,9.026167315779446,1.6108851034338434,1.6335777288797824,2
1768373561295780034,21.493351772968737,9.064648035975566,1.6105196300376126,1.6330150192107256,2
1768373561495839192,19.331297785878164,8.836410937112356,1.6133041980697378,1.6334581327720976,2
1768373561547823961,19.331297785878164,8.836410937112356,1.6133041980697378,1.6334581327720976,2
1768373561696013690,21.018061930559995,9.019226280868885,1.6112982925349655,1.6333494058042501,2
1768373561753807647,21.018061930559995,9.019226280868885,1.6112982925349655,1.6333494058042501,2
1768373561896936227,20.432073550626264,8.793824820925382,1.6120516745187705,1.6333219875411227,2
1768373561945987565,20.432073550626264,8.793824820925382,1.6120516745187705,1.6333219875411227,2
1768373562029715626,18.256136159181757,8.76407096566038,1.6142866533339504,1.6332927149224747,2
1768373562096977901,21.101298001222624,9.049137628901754,1.6107483361378223,1.633024040748518,2
1768373562221092508,17.74421930864922,8.785578091065366,1.6145206055206223,1.6328617430282095,2
1768373562302358506,18.93089476751264,8.838978530095819,1.6136199877401178,1.6332654094359973,2
1768373562421614399,20.39106235134991,8.907953150624389,1.6121470752486042,1.6333720728116699,2
1768373562496250132,18.50943785173298,8.725645318106933,1.6139402322408727,1.633046151413516,2
1768373562545738658,19.004919054632197,8.772439093658178,1.6134210240875244,1.6331343571282888,2
1768373562696765853,19.32716607466478,8.926798339917035,1.6125777247506377,1.6327517029519834,2
1768373562746157770,18.498595976544017,8.65759542781195,1.6140596354696657,1.6332226606928864,2
1768373562895943959,19.44463373819172,8.833702829832529,1.6128778552862666,1.6331720197790185,2
1768373562945988226,16.870678314693464,8.685089745695734,1.6154604430336206,1.6328641970224198,2
1768373563096639836,18.126702080681014,8.626742311605836,1.6144692092709452,1.6333085873599735,2
1768373563146317210,19.06920845546378,8.6982959202882,1.6137671603315236,1.633497996562347,2
1768373563221699019,18.610253218159567,8.506352685631583,1.6144721369856647,1.6336765470795493,2
1768373563296137977,19.54946778108968,8.636179281343805,1.6134020418528932,1.6337105437080235,2
1768373563346158588,19.045598541012954,8.894816774658048,1.6128106938153666,1.6326097526699697,2
1768373563821176152,21.67695942479675,9.054995128830543,1.6103290680744893,1.6332857374760408,2
1768373563896274582,19.80226218000891,8.757568208224841,1.612974850852366,1.6335608449344363,2
1768373563945619062,19.80226218000891,8.757568208224841,1.612974850852366,1.6335608449344363,2
1768373564026331676,20.841265935241047,8.863542605349839,1.6117368696789438,1.6334984417509282,2
1768373564096479961,21.158298085672158,9.08679443951415,1.6110093525087288,1.6332395905131663,2
1768373564300623947,21.374300405080817,8.95410235584742,1.6111022855893928,1.6335447048574654,2
1768373564348336178,19.970829727201213,8.95399030460683,1.6118982854720698,1.6328799423974745,2
1768373564420916303,19.612106410108243,8.707750716885055,1.6129491369009832,1.63334333576243,2
1768373564495857381,19.939398498080905,9.013600426552394,1.6123512112055358,1.6332126397281355,2
1768373564696089872,20.63361271230435,8.924702662975525,1.6119331479253582,1.6335029717351637,2
1768373564900685799,19.24012500898464,9.072522348209205,1.6125724505828076,1.6326761635393507,2
1768373565021069593,19.171211738082228,8.629347648383707,1.6135409320456358,1.63328763336297,2
1768373565095852009,18.894203120958466,8.847087461452944,1.6134332141368535,1.63310927388938,2
1768373565145892249,20.458700455309618,9.01822135516748,1.6118352863587169,1.6333128906553906,2
1768373565221039868,19.47423814726679,8.800518217457686,1.6127576898228129,1.6329868601004816,2
1768373565346267983,19.24665416503779,9.005675884795918,1.6129073322421434,1.6332068405633655,2
1768373565421057405,19.262788142261343,8.747331227094625,1.6135521904449432,1.6335620411518148,2
1768373565495883150,18.234538937747622,8.636556387360692,1.6143748547807653,1.6334412408912289,2
1768373565546315222,18.234538937747622,8.636556387360692,1.6143748547807653,1.6334412408912289,2
1768373565620833715,19.32058728619679,8.885809995744529,1.6127841609437732,1.6330011370022381,2
1768373565696214150,19.13028497007985,8.92739715176403,1.6129603082924164,1.6329588960820414,2
1768373565748640385,19.13028497007985,8.92739715176403,1.6129603082924164,1.6329588960820414,2
1768373565821477495,18.06215220393259,8.778044348346935,1.6143838119105454,1.633212899032306,2
1768373565896204345,21.046733737400068,8.980135149501354,1.6115039462067953,1.633543534703497,2
1768373565946975100,21.046733737400068,8.980135149501354,1.6115039462067953,1.633543534703497,2
1768373566024115269,17.556139765793954,8.774595079686835,1.6146209259482744,1.6329460942545007,2
1768373566096004170,17.402129537249067,8.509635273731476,1.6154193261607048,1.6334310133530798,2
1768373566297631780,20.053439405807836,8.708984831217478,1.6125645276055223,1.633408741255441,2
1768373566347783306,16.297213602166405,8.365403616033243,1.6167785847724787,1.6334524408891327,2
1768373566496311704,18.702302327480158,8.70631674042485,1.6137130989513166,1.6331955735522183,2
1768373566546299599,19.56292296539619,8.641535290099158,1.6129470502002408,1.6332831373643517,2
1768373566622712783,18.95200399120256,8.681898912526396,1.6136790994242471,1.6334306575219344,2
1768373566746141764,19.004945609054637,8.800629325242696,1.6136265768411537,1.6333469196986004,2
1768373566821408085,19.393191329644345,8.779104811551193,1.613149579127697,1.6334354541903453,2
1768373566897957532,20.436311292219678,8.813885406245488,1.6122521929007316,1.6334929130193068,2
1768373567346179290,19.728023365295666,8.830379173887122,1.6129089862727646,1.6334893576996055,2
1768373567421370637,21.23621665306863,8.927051885530423,1.611411696753369,1.633636069412697,2
1768373567495977770,19.96730771664179,8.910554186706019,1.6126527937892257,1.6334723334935284,2
1768373567546312968,19.509049798509537,8.925602572727609,1.6126527937892257,1.633013491248752,2
1768373567620946949,20.261006514909585,8.808026102455798,1.6122937353756874,1.6333543335666931,2
1768373567695695288,20.7022339404761,8.867684399416849,1.6117490522546596,1.6334854850766667,2
1768373567746840339,20.7022339404761,8.867684399416849,1.6117490522546596,1.6334854850766667,2
1768373567821613655,18.324479885823308,8.771556464811443,1.6141169388235423,1.6332340830450758,2
1768373568022568690,19.811895686992152,8.928400203069437,1.6122680451629545,1.6329809495244079,2
1768373568096054477,18.92999904726045,8.992489274794911,1.6127642926369188,1.6324648640183363,2
1768373568145943482,18.92999904726045,8.992489274794911,1.6127642926369188,1.6324648640183363,2
1768373568296618493,17.055467741656784,8.514871292071195,1.6163265432617797,1.6339713511103784,2
1768373568346965317,17.59104450769211,8.791862508828665,1.614749398828704,1.6330053272956977,2
1768373568421011469,19.36958402928113,8.883674092402526,1.6129254720388346,1.633141201261037,2
1768373568503364388,17.28591806059554,8.867795746185434,1.6150132134252742,1.6330344571835194,2
1768373568546486417,17.40482467792681,8.765371406781192,1.6152844107437294,1.6332974788288628,2
1768373568696523498,19.511976777069727,8.96989265020625,1.612538671462686,1.6330483084124863,2
1768373568746777154,18.27241633755161,8.850737218604293,1.6136097573334738,1.6326624990118146,2
1768373568821454991,20.49819639129624,8.892487007135303,1.6119108544424159,1.6333051040000968,2
1768373568945836336,19.14999769294856,9.092110229290236,1.612371215464993,1.6325231112804246,2
1768373569021132039,16.379220756891357,8.468698215562306,1.616007887625449,1.632965362339851,2
1768373569096442796,17.928054204194854,8.669954331856863,1.6148437089262855,1.633428154939134,2
1768373569146358780,19.29986388663263,8.771107619793279,1.6129798367655421,1.6330322515060658,2
1768373569221026937,17.134908334785592,8.25618691961001,1.6161655144883826,1.6336773026122033,2
1768373569296357757,20.179857464681206,8.885390355919128,1.6122540262206952,1.633336713751637,2
1768373569345904859,17.401863363104788,8.869693033132165,1.6151778495084719,1.6333200118061728,2
1768373569495904182,19.277902389159163,8.880873363572015,1.6132569499201608,1.6332856799720097,2
1768373569696274408,19.322466917627736,8.803220708334512,1.6132490716478287,1.6334567594839158,2
1768373569746381264,19.322466917627736,8.803220708334512,1.6132490716478287,1.6334567594839158,2
1768373570021328612,17.642286094254224,8.878933021851328,1.6143791340432596,1.6329476389115853,2
1768373570224654012,19.24253429327827,8.891431898485779,1.612706493151008,1.6327871887207714,2
1768373570296588376,20.40240455352471,8.663291132523483,1.612412609541797,1.6336427785010081,2
1768373570421410381,17.42308573596474,8.665011775487326,1.614883098483062,1.6329005578113498,2
1768373570745951158,20.785482207403618,8.859784529125365,1.6119076945313757,1.6335649199393065,2
1768373570896002559,19.915442527363993,8.961098073727104,1.6120264432699427,1.6328723652806652,2
1768373570945846742,18.83100414321315,8.781014413830402,1.6136635337772665,1.6332172070690354,2
1768373571020787777,19.009327958799727,8.797331933587175,1.6133870453736034,1.6331605661988882,2
1768373571296159272,18.915410555538024,8.560838313739954,1.613649025202487,1.6332524326852176,2
1768373571421179686,20.58468513530176,9.061264708474047,1.6115578761448364,1.6332766753261292,2
1768373571546107099,21.30748049625919,9.09932806573091,1.6107550656234997,1.6330763374126325,2
1768373571621286973,18.621216123454467,8.786411962984197,1.6136728440909816,1.633001078842683,2
1768373571695873351,18.584669975892254,8.765548842830958,1.6136942133820247,1.6329837484195078,2
1768373571746838490,19.11259628363804,8.688345117302928,1.6136942133820247,1.6335119165950458,2
1768373571895733195,18.894133964142856,8.926113730677711,1.613040690585458,1.6328341599541796,2
1768373571947952107,18.894133964142856,8.926113730677711,1.613040690585458,1.6328341599541796,2
1768373572096618094,16.986890292769672,8.360382598344474,1.616252472528606,1.6337678659044172,2
1768373572154049549,16.986890292769672,8.360382598344474,1.616252472528606,1.6337678659044172,2
1768373572222886459,20.129985209072387,8.997081853623277,1.6119314852415882,1.6330087629390406,2
1768373572346592850,21.490930497422013,9.161525420179027,1.610365655303041,1.6329406939587643,2
1768373572429448339,18.416954254210083,8.540016163599596,1.6145603745460089,1.633660285201602,2
1768373572498188732,21.200122554805965,8.922029377794907,1.611085374747153,1.6331906879577942,2
1768373572546906073,19.315528924025216,8.77933810007114,1.6131581302576556,1.6331265848216254,2
1768373572896125170,19.933871116421198,8.940052425053475,1.6120942601818322,1.6328439094189455,2
1768373572945748309,17.962687585634907,8.8485966759524,1.6141020291793868,1.6327958531903204,2
1768373573021154543,17.808685588251993,8.552710500596847,1.615151560189569,1.6335509400530537,2
1768373573146417646,19.9216505131683,8.638036069909427,1.6133352115844453,1.6339970847292546,2
1768373573221272362,20.870975077337484,8.685239732233464,1.6123563239590202,1.6341638948394406,2
1768373573295967392,18.39359747169955,8.92178228776544,1.6135927597223243,1.6329048801142736,2
1768373573346278661,20.459551158142908,8.938375353256442,1.61168169701229,1.6331058827747318,2
1768373573420731833,19.700459906636823,8.907228505540827,1.6125238805068778,1.633130910794633,2
1768373573496461079,21.023330481201974,8.955656823493108,1.6116211627462016,1.6337114353747615,2
1768373573896295330,16.458464133943362,8.587572115306502,1.6161284118844805,1.6331346812129928,2
1768373573946821305,16.458464133943362,8.587572115306502,1.6161284118844805,1.6331346812129928,2
1768373574095738585,20.660277429270792,9.096116367909069,1.6111793922517885,1.6329061859901304,2
1768373574151924712,20.660277429270792,9.096116367909069,1.6111793922517885,1.6329061859901304,2
1768373574297224285,21.17873436886475,9.07133568493278,1.6111911627582343,1.6333533967745122,2
1768373574345829832,19.722282080267828,8.783551030614118,1.6129159274676654,1.6333533967745122,2
1768373574546130013,19.98075078858208,8.945083898442551,1.612250955125231,1.6331079768448127,2
1768373574621272216,16.875808300337745,8.760016396725527,1.6154481616202008,1.6329488286625604,2
1768373574701698559,16.61175062335851,8.560668929691387,1.6157716333094008,1.6329114656767414,2
1768373574750543404,18.9451409974839,8.530305737408746,1.6135858790022184,1.6332772217817997,2
1768373574820976478,19.593243934377334,8.671251134557995,1.6131200193450501,1.6334941743034512,2
1768373574895978166,16.899214257928065,8.791502059124378,1.6149188523302882,1.6325448126766433,2
1768373575024931301,19.655070978122467,8.89410227626475,1.6127183679812642,1.633282684706179,2
1768373575095921704,19.115382978883268,8.652468206437542,1.6135296159008818,1.6333354606178068,2
1768373575145824304,20.256990523153107,8.75917666135928,1.6124115578339413,1.6336295987173317,2
1768373575220856306,16.83779383504391,8.428404299836863,1.6159646278973756,1.6332049166172566,2
1768373575300357780,20.696878709018264,8.994289648473817,1.6116244590622806,1.6332622847829557,2
1768373575346260575,18.736616699758013,8.753506529110197,1.6137609604187633,1.6332176505684646,2
1768373575421211368,19.705641782643557,8.723698399522533,1.6128475207507973,1.633281078432362,2
1768373575496225139,22.76607690533328,9.088327786039805,1.6097870431428045,1.633799108944531,2
1768373575546171108,18.473780462689326,8.958920449862141,1.6136045337105922,1.6329239612843596,2
1768373575621232408,22.238652447884366,9.167938602776834,1.6095846946980104,1.6331003206499273,2
1768373575696209300,21.247328815616974,9.198508982547116,1.6107860916067898,1.633097205852248,2
1768373575745851786,17.812017575268957,8.757981321073364,1.6139390841103955,1.6323707584284342,2
1768373575896011150,19.66146053756246,9.028478768702163,1.6122469098024175,1.632908848201532,2
1768373575946822603,19.66146053756246,9.028478768702163,1.6122469098024175,1.632908848201532,2
1768373576021016801,19.378556913835165,8.660202507913006,1.6134779391263707,1.6336015711531964,2
1768373576095709881,16.874480885018972,8.672533342520852,1.6153186188139173,1.632764279212434,2
1768373576152088868,16.874480885018972,8.672533342520852,1.6153186188139173,1.632764279212434,2
1768373576221461725,17.233624371518985,6.269151164208118,1.6044697381602337,1.6329407056889944,2
1768373576496092354,18.516094333330678,8.646580404675667,1.6142561814358207,1.6334923149409593,2
1768373576546410191,18.270615264535106,8.558308928557748,1.6142920756801478,1.6330680613966995,2
1768373576621223228,18.177768130735352,8.901832548803972,1.6141325737705061,1.6330685056904115,2
1768373576699716046,16.93806495167749,8.65178682001144,1.615045265510126,1.6325696174693383,2
1768373576748048689,19.40074337486064,5.7458726663152975,1.6080254433416517,1.6321690593474398,2
1768373576821333563,20.031348519560233,8.810372383546328,1.6123808340580945,1.6331361408773042,2
1768373576896262999,20.688895287748643,8.787065905323018,1.61173832963058,1.6332963049974771,2
1768373577022785096,16.203197587699947,8.58239576302953,1.6161000240203898,1.6328457333037119,2
1768373577095908017,18.58016657756756,8.823943404195589,1.6135911110651804,1.6330057221137886,2
1768373577146112969,18.05802422017844,8.671379215030626,1.6146974825302207,1.6333173867959403,2
1768373577346484740,19.23415787043026,8.999409863772547,1.6127810520294548,1.63291819571724,2
1768373577496390013,19.416260333070092,8.762376956967852,1.612893431163157,1.633124932817384,2
1768373577546058899,16.31596378172673,6.336403368215601,1.604127650732348,1.633601301121663,2
1768373577620974983,19.885831305015422,8.950291383062993,1.6123604782667575,1.6330928756039562,2
1768373577696080965,19.890413726966205,8.81424752399799,1.612832510697905,1.6335878865178,2
1768373577946500657,18.67917720160328,8.825912251932653,1.6137294310067227,1.6332874707190672,2
1768373578020939024,17.413653917347283,8.610932740598118,1.6154498442374112,1.633578323423086,2
1768373578422123169,18.77509109532527,8.779176887601164,1.6136795701627233,1.6331415008836638,2
1768373578497111340,17.637912671439217,8.86245040905382,1.6144715622844272,1.632684651201786,2
1768373578545891236,19.92439837200144,9.150682117039086,1.61181966372121,1.632684651201786,2
1768373578621540640,19.69709446866674,8.812369412942456,1.6125689440406101,1.6330735585073541,2
1768373578746472052,19.39569232580385,8.871857161681444,1.6127114044031592,1.6328546997153768,2
1768373578821609269,20.56496846788636,9.057932833755281,1.6114026892131874,1.6329665886135132,2
1768373578904175669,20.958104911504407,8.83199465598465,1.6115240732554654,1.6334483381660356,2
1768373578946373427,19.054730653927933,8.84082021255727,1.6130519860826047,1.6328807525270623,2
1768373579021915534,18.553416570658456,8.622128245329838,1.6142286480298165,1.633367258018284,2
1768373579095975491,20.640918102118988,8.98145829083912,1.6112794897735803,1.6329785601799174,2
1768373579296725445,17.757671092980097,8.743861518048353,1.614608036719946,1.6331375179574945,2
1768373579346514733,17.95485407012487,8.771714042539461,1.6141269042693664,1.6327324109493617,2
1768373579496248647,18.04328626266649,8.822864039230268,1.6143557369589456,1.6330433434123377,2
1768373579546003855,16.308309232776928,8.800250054714095,1.6158044021389208,1.6326651887710928,2
1768373579620912092,19.629073601985958,8.855407403238,1.6127532761062,1.6332934887610024,2
1768373579696043314,19.664200212958338,8.687392793858965,1.6125952365870284,1.6330289218819463,2
1768373579746091447,18.80719336949688,8.923606763738608,1.6129999641321404,1.632540067109505,2
1768373579821183140,17.840575575509334,8.72550849243138,1.6142049246772225,1.6327611671786952,2
1768373579896229493,20.06809989995295,9.078894186735647,1.611656085745765,1.6326551631182908,2
1768373579946326624,18.79121970042008,8.600510721443946,1.6139206773706343,1.633376218322197,2
1768373580021035057,19.08883199091349,8.732889446017847,1.613296826190833,1.6330467915900884,2
1768373580295835920,18.458605855353973,8.693200007022513,1.6140936418755827,1.6331294614935499,2
1768373580351580658,18.458605855353973,8.693200007022513,1.6140936418755827,1.6331294614935499,2
1768373580421234799,19.53721056040747,8.787924898919401,1.6127952772281136,1.6331855547936638,2
1768373580497108858,18.571563747395324,8.601033835194569,1.613967051313184,1.6331262007534801,2
1768373580546430520,18.571563747395324,8.601033835194569,1.613967051313184,1.6331262007534801,2
1768373580626312369,19.375568152064204,8.766255231067964,1.6130471262425594,1.6332177677666426,2
1768373580696441358,19.698875261187965,8.511512640408393,1.6134069938808684,1.6337236852192316,2
1768373580820919705,17.170586222680527,8.42354091807537,1.6156490193711028,1.6332814820316646,2
1768373581021219097,19.161675627941797,8.70911422920569,1.6134036346385403,1.6333920818811865,2
1768373581146452741,18.562781707115896,8.784975183147012,1.6134721924933575,1.6328518307749693,2
1768373581225784074,17.411693782247497,8.55900713418318,1.615064074439639,1.6330303894411309,2
1768373581345959265,17.020607751840664,6.395858770752324,1.6043076058209818,1.6338055411685173,2
1768373581420928599,19.001891864825595,8.963170490662518,1.6136313008287109,1.6334825691957202,2
1768373581500824689,19.063493340857327,8.86634277272743,1.612950992237919,1.632794280720459,2
1768373581621492541,18.494698248080255,8.797961278089007,1.613731520008497,1.6330795455648968,2
1768373581696492761,18.76890043450952,8.835602391539574,1.6135667748724698,1.6331756792807484,2
1768373581745837000,19.95641805004511,8.981006986662601,1.612112598238983,1.6328626937591983,2
1768373581821241003,18.980659550870804,8.811889909291668,1.6131535094355511,1.632824444624704,2
1768373581896388687,19.814529149415172,8.894924200895769,1.6121534410330163,1.6326989870861621,2
1768373581946233521,19.410447849876444,8.713332074918958,1.6130481495074676,1.6331571912659688,2
1768373582021213838,17.121647767760262,8.385911462807243,1.6157990041605828,1.6334338865836293,2
1768373582096035947,19.481144870062252,8.857573464588738,1.6126254516198106,1.6329249919625732,2
1768373582146869448,19.073643182066835,8.969883882947816,1.6126254516198106,1.6325174743461284,2
1768373582421634572,18.479065063864432,8.830318394798345,1.6136759127755773,1.6328767730990474,2
1768373582496288974,18.88556426638899,8.721591567104827,1.6136960442869117,1.6332832068735466,2
1768373582546221615,18.88556426638899,8.721591567104827,1.6136960442869117,1.6332832068735466,2
1768373582746015835,18.501975712089667,8.933824180676275,1.6134641368903968,1.6328191434968613,2
1768373582902025187,19.898101831241853,9.00625566640493,1.6124206883742678,1.6331987818221756,2
1768373583021784326,17.09456454854541,8.539354136999759,1.6150753304532062,1.632735281037838,2
1768373583096426657,14.431784734657116,8.446498663749939,1.6180768366575198,1.6329144313878652,2
1768373583222426596,21.078842386365928,9.02096372420501,1.6109495855276972,1.6330184835291066,2
1768373583296399793,17.46870104417497,8.59092206201221,1.6153018361201366,1.63345497430226,2
1768373583498629188,20.539480055951742,8.79612958947557,1.6115065210552408,1.632881797290041,2
1768373583545841341,19.214674754343797,8.752031627109718,1.6137185128172784,1.6337955186403523,2
1768373583621192012,21.610665519528283,8.856537627660034,1.6110365686029542,1.6335145655337557,2
1768373583695954703,20.10148233202824,9.12084542347586,1.6117410849830687,1.6328381905702247,2
1768373583746462307,20.465502399368063,8.776194555817256,1.6118604186474428,1.6330938427130417,2
1768373583820997911,19.242465912885365,8.971036364912306,1.613042308914292,1.6332153980273312,2
1768373583896549358,19.351755454597665,9.01630012292303,1.6120613927808174,1.6323450220615079,2
1768373584021229657,19.497873911091368,8.886504683973563,1.612888339918766,1.633283282071928,2
1768373584421117806,16.672345229226558,8.625538840494734,1.615596808998134,1.6328008546568216,2
1768373584496302056,18.26810714323246,8.664422938136537,1.6140324311178953,1.6330237839332618,2
1768373584552493861,18.26810714323246,8.664422938136537,1.6140324311178953,1.6330237839332618,2
1768373584622380828,16.827704878921157,8.563261653301767,1.6160834901296088,1.6335093514374968,2
1768373584696949473,16.892338199521852,8.583691424043504,1.6155154922400938,1.632905005095557,2
1768373584745753095,19.85130093542886,8.880532376406181,1.6121853654992964,1.632905005095557,2
1768373584828029062,21.89615984887738,9.148338283277235,1.6096326455804575,1.6326484743008718,2
1768373585021622820,21.377488669341194,9.083686148141922,1.6104862845847905,1.632830646649266,2
1768373585345911048,17.33937194854951,8.65826461702358,1.6151406075096695,1.63304023451443,2
1768373585496051457,19.66827364884405,8.804348116870264,1.6126757099085456,1.6331599959887428,2
1768373585546452654,17.105353245142396,8.511847623481671,1.615238433704584,1.632882102935105,2
1768373585621420320,18.715017170989334,8.792194422400781,1.6134993882650603,1.6329466916795274,2
1768373585745963404,22.134231767314773,9.081913595047848,1.609996357398585,1.633276411234715,2
1768373585821054479,18.289420367796794,8.640047019055032,1.6143855459023688,1.6333582416832517,2
1768373585895999132,18.832067790510052,8.685337104428994,1.613434571713895,1.6331314394442316,2
1768373585945987617,19.436319825688166,8.737298161852522,1.6128652359367828,1.633177135133736,2
1768373586020939074,20.53141178719331,8.927245711124344,1.6118159119440887,1.6332521487747307,2
1768373586095994358,18.878832986692018,8.571765627303156,1.614100366739496,1.633716328665486,2
1768373586146286114,19.31647842882578,8.645519334817024,1.6132113073488552,1.6332630528480554,2
1768373586221348220,19.486140584854983,8.881798281195264,1.6127464210050544,1.633013989840245,2
1768373586295995832,19.31360618327682,8.728104482990737,1.6135301544926033,1.6337490756938564,2
1768373586346174741,19.31360618327682,8.728104482990737,1.6135301544926033,1.6337490756938564,2
1768373586421059502,16.957385810481895,8.665987225938128,1.6158409559475122,1.6334049488664173,2
1768373586496242900,20.77970251046657,9.00700972583956,1.6114257270424355,1.6331766473695397,2
1768373586551993544,20.77970251046657,9.00700972583956,1.6114257270424355,1.6331766473695397,2
1768373586621416238,20.30330241021172,8.955488813534528,1.611886543917105,1.6331659063133188,2
1768373586695955594,19.304284435602614,8.728575520927905,1.6134577150125278,1.6335672754897979,2
1768373586746118888,19.304284435602614,8.728575520927905,1.6134577150125278,1.6335672754897979,2
1768373586826183206,19.93122964755445,8.977088529724568,1.6121584359938192,1.6329880119047104,2
1768373586896543195,15.891009907513798,8.559405891954734,1.6163952866248328,1.6329373096192907,2
1768373586945900982,17.009949051027597,8.404307926807869,1.6158767225705104,1.6333666714268542,2
1768373587099532754,21.247384029656313,8.966569871931998,1.6108521353489236,1.6329954107810993,2
1768373587150484725,20.18753513507221,9.019870364041218,1.6117306504479854,1.6328384293881175,2
1768373587295951692,19.670631536374827,8.77854536337314,1.6127460169210042,1.6333359119003577,2
1768373587346065116,18.71211349175472,8.86727443458671,1.6132679752035057,1.6328608022896396,2
1768373587424765431,20.424892437000075,8.86790700267741,1.612046143948304,1.6332627809228581,2
1768373587621459090,18.26453785459936,8.907331857245989,1.6136846690178543,1.6327530439851614,2
1768373587699865042,19.763728420042703,8.870766698397299,1.6121750228832088,1.6327655920244462,2
1768373587746345837,18.690087084060725,8.77696814425644,1.6138560289559407,1.6333454568184098,2
1768373587820955545,20.189080348690602,8.81878236199908,1.612099086047963,1.6331500909236025,2
1768373587895987695,20.69407809408519,9.02110865031218,1.6116507168905596,1.6333436937649284,2
1768373587945722188,20.1974591141445,8.889849641801275,1.6123365646654626,1.6334416448275597,2
1768373588145843604,19.043108961298792,8.930926206287054,1.6131266347551827,1.6330297893843244,2
1768373588221249715,21.25471991896277,8.994102255911024,1.6110691274347093,1.6331120959993097,2
1768373588295911315,18.11608403528897,8.686805878260738,1.614371251167083,1.633182648211962,2
1768373588346410644,18.11608403528897,8.686805878260738,1.614371251167083,1.633182648211962,2
1768373588421339350,18.6580242005574,8.597776000619364,1.6142514066779434,1.6335680922895681,2
1768373588496353271,21.760406139875954,8.941703426365578,1.610621336498005,1.6334129955281498,2
1768373588549041089,21.760406139875954,8.941703426365578,1.610621336498005,1.6334129955281498,2
1768373588696068916,19.16205585801145,8.827724121615217,1.6134615017571625,1.6333807463774204,2
1768373588746817704,19.16205585801145,8.827724121615217,1.6134615017571625,1.6333807463774204,2
1768373588823128671,19.712793672737483,8.672862014994779,1.6131631847221062,1.6336537371314055,2
1768373588896273773,20.95083941824205,8.92282494859289,1.6115610008486057,1.6334620017826273,2
1768373588945802824,19.248518308647043,8.764462468387752,1.613144546908142,1.6331452735117726,2
1768373589029219684,18.717282517099363,8.703900158916031,1.6136625146723622,1.63315762162777,2
1768373589099530553,19.054520489539595,8.999719187363484,1.613263476759788,1.6331390397824501,2
1768373589296546207,17.816333283835473,8.623874691589691,1.6149323128409543,1.6333444537478796,2
1768373589423177944,18.55274696607534,8.829867455726953,1.6136825040653087,1.6330360029288122,2
1768373589496378317,17.86308476283205,8.919533806152828,1.6139932351414994,1.6326265905739203,2
1768373589621038782,18.819066364292645,8.61186867538201,1.614145030885774,1.6336513047088612,2
1768373589697022966,19.40570556640853,9.03238165532868,1.6122926588129856,1.6325644178330114,2
1768373589746049893,20.572377432880096,9.014669845054284,1.61173998203619,1.6332460584575943,2
1768373589821477309,17.71370448562792,8.514200501061739,1.6152639351189393,1.6335612111511972,2
1768373589946113639,19.340186081087563,8.756796843826196,1.6134461892257856,1.6335913128087989,2
1768373590021509559,18.09255623538597,8.91445605456582,1.6141276710406656,1.632878245191782,2
1768373590096433020,17.806923843164178,8.853108804839348,1.6141875874867588,1.6327282602114261,2
1768373590145929895,20.83436651583459,8.99405975957547,1.6111638225586369,1.6330418542405698,2
1768373590221170296,20.851365146795644,8.991295771716871,1.6113892713940619,1.6332501190865054,2
1768373590346377800,20.11434429595882,9.018605613147045,1.6118705899439452,1.6328399879955149,2
1768373590420849203,19.68432051302038,8.901585471999523,1.612465612272749,1.633155103975281,2
1768373590495912373,18.75396425539355,8.69636755075815,1.6138408991380566,1.6332225958686646,2
1768373590546236521,18.75396425539355,8.69636755075815,1.6138408991380566,1.6332225958686646,2
1768373590621119962,18.01357772658374,8.828063897180698,1.6140845060141755,1.6328283499159335,2
1768373590695901773,20.124724053651953,8.817804689257486,1.6125306992256074,1.6334999084608428,2
1768373590751796647,20.124724053651953,8.817804689257486,1.6125306992256074,1.6334999084608428,2
1768373590821563739,18.592650859154737,8.875832948202708,1.613537091208562,1.6329739543295445,2
1768373590896221680,20.70652582803345,9.024828017480163,1.6114938938513697,1.6331132199595,2
1768373590946009748,18.464583510267254,8.795129826046129,1.6139279087672316,1.6331132199595,2
1768373591020936356,21.526374179167583,9.115853790824264,1.6107465856204022,1.6333269899014327,2
1768373591097226739,19.728304831616583,8.956908036543204,1.6128570570913912,1.6334526780715408,2
1768373591302222522,21.979600650132937,9.060383696929433,1.6102554187988034,1.6333607254578557,2
1768373591346533863,18.94845284975166,8.710140999886008,1.6134034649936198,1.633179129860571,2
1768373591496119944,19.521280906833915,8.946218409700487,1.6127608440988503,1.6331464318241997,2
1768373591546360941,17.95944014310935,8.706670924138711,1.6145113889477294,1.6332001905968738,2
1768373591621615621,19.971725703317176,8.806850043501365,1.6126879021889187,1.633521641692044,2
1768373591696150600,18.84163382906623,8.787543774193823,1.6134579682599797,1.6330943709606651,2
1768373591821357906,19.854903343317744,8.804150201214853,1.6124347961277847,1.6331089842473874,2
1768373591896520741,17.13422889101701,8.649796634041792,1.6154111147860448,1.633206740365712,2
1768373592146133266,18.679773384705946,8.786320967622236,1.6139105933907532,1.633335501248678,2
1768373592221063277,20.13094962659889,8.784972915468641,1.6124373029623307,1.6333645671016415,2
1768373592296737295,21.646239537070233,8.880495751113285,1.6109330129904746,1.6335408289303508,2
1768373592621808205,20.351620064970266,8.960165134242507,1.6120665669235317,1.6334641950973323,2
1768373592695956532,17.8198349092904,8.568480861405229,1.614411161350462,1.632742960573075,2
1768373592750698141,17.8198349092904,8.568480861405229,1.614411161350462,1.632742960573075,2
1768373592821505032,18.370224157424396,8.824907439356908,1.613733834868415,1.6328613582814495,2
1768373592896605514,20.084336384113666,8.929039674677286,1.6122771226621855,1.6332616722957782,2
1768373592945828862,20.084336384113666,8.929039674677286,1.6122771226621855,1.6332616722957782,2
1768373593026691270,21.59425051732544,9.132997971937641,1.6103763968621445,1.633077325865657,2
1768373593096467064,18.709022973081968,8.870056474529832,1.6133842326045573,1.632828765294062,2
1768373593146446032,19.473777438449467,8.881568422640203,1.6129677762651486,1.6333294028394412,2
1768373593221439993,20.36772919873764,8.923533775317258,1.6117996800326604,1.633038102619903,2
1768373593300419924,18.35984538882851,8.741830650921928,1.6139289316030268,1.6329914449888827,2
1768373593421430250,17.3063873600392,8.814877210411641,1.614929518381492,1.6329815796488887,2
1768373593496233949,19.25267770245309,8.787523692433707,1.6134731250959986,1.6335154307064432,2
1768373593546060605,16.89817293329088,8.660794882476166,1.6153672664369696,1.6328613201497557,2
1768373593624435094,18.429693836260697,8.989395054591785,1.613573453167673,1.6328220577718509,2
1768373593696369583,18.91016314614302,8.662613018098986,1.613812007033007,1.6334700324531317,2
1768373593746002226,20.042525924466315,8.99491025967076,1.6125536544565435,1.6335860309100148,2
1768373593899968767,18.15162392278169,8.720125989833967,1.6146827464676914,1.6335917563127094,2
1768373593946141795,16.965199330736258,8.486529867257907,1.615852964626884,1.6334232729540576,2
1768373594096096028,16.76986662941693,8.762524819486922,1.615507169588333,1.6329002871199687,2
1768373594146368938,19.558464164566082,8.835941838529028,1.6128155159479765,1.6331711695299735,2
1768373594221248741,19.258123951792385,8.769280626150493,1.6130671339750116,1.6331987675611086,2
1768373594296279098,18.7366494727359,8.801371795209802,1.6138001078590867,1.6332460251509893,2
1768373594345926284,16.561829868398714,8.528065176157993,1.615879704640284,1.6329653188855908,2
1768373594496084493,15.952517518845966,8.761813799290511,1.6164129162348222,1.6330448961577178,2
1768373594546952875,15.826669726303644,8.714291239855687,1.6164129162348222,1.632919208551831,2
1768373594620875753,19.901945808541875,8.815205539119415,1.6130227363593566,1.6336637885515974,2
1768373594696200099,17.185027575905345,6.373156095412389,1.603707846277666,1.6329277478286983,2
1768373594746305307,17.185027575905345,6.373156095412389,1.603707846277666,1.6329277478286983,2
1768373594895855562,21.48473635859127,9.046778842823185,1.610634583748756,1.6331836097763093,2
1768373594946167251,21.48473635859127,9.046778842823185,1.610634583748756,1.6331836097763093,2
1768373595023544793,19.37270092566368,8.591553133704794,1.6136608241518862,1.6336966276609863,2
1768374211136750416,24.119166373149923,8.89862078292017,1.6123154776353306,1.6226522841396762,2
1768374211219509715,25.72770457013407,8.693715603038248,1.6145561416759584,1.6229093951015277,2
1768374211287939794,24.165441625165094,8.759531280918281,1.6132268498084301,1.6230768640049644,2
1768374211494493112,23.82313204816122,9.0230142808191,1.6113139409075024,1.622476395257258,2
1768374211536978324,21.521269207346762,8.926473760704342,1.6098763900704223,1.6236859472912195,2
1768374211687311678,24.065865056339454,9.032079587676769,1.6114960752683127,1.6225343317949108,2
1768374211736772030,24.2412858715384,8.262877800169885,1.615580030528631,1.6236514149807197,2
1768374211811926003,24.26622030383352,8.87550292046594,1.612643967447316,1.623537396309373,2
1768374211887129756,24.641651678521946,8.856794348777434,1.612745270385433,1.6221083994586825,2
1768374212011937877,25.81587867025825,8.658337084141138,1.6151485042147329,1.6226385107374248,2
1768374212086755198,25.052040564041313,9.062120569479104,1.6118391728089259,1.6221227210316533,2
1768374212137115334,23.9986320494201,8.683102036917191,1.6134913861134959,1.6238792713074757,2
1768374212211680811,24.397575410449733,8.639602159173055,1.6142499125474576,1.6232450120905135,2
1768374212287114059,23.307361689006044,9.059554406187322,1.611214072593289,1.6235166360422852,2
1768374212336743525,26.294607932636936,8.545766709849433,1.616288996252612,1.6225491757619923,2
1768374212412146063,24.794013786645365,8.696798491513196,1.6144709644102542,1.6234780851878985,2
1768374212536743663,24.609702639317497,9.062607487765767,1.6116036213649152,1.6220808334398582,2
1768374212611656463,22.684171979992396,8.894422508040293,1.6115869336931425,1.6236254440157893,2
1768374212667216743,22.684171979992396,8.894422508040293,1.6115869336931425,1.6236254440157893,2
1768374212737207317,22.52310572642635,8.943441733685898,1.611041384912422,1.6236820041724458,2
1768374212811756254,24.798909304195817,8.815032693120685,1.6133186805089956,1.623113612896367,2
1768374212887059208,25.814029507760907,8.716757998196517,1.614513292924016,1.6222286082826827,2
1768374212941974855,25.814029507760907,8.716757998196517,1.614513292924016,1.6222286082826827,2
1768374213011972287,24.424342487551655,8.791477493684427,1.6133365552825816,1.6237347789058652,2
1768374213217343941,24.5060871030105,9.028466376684761,1.612179943474356,1.6228473593805048,2
1768374213336890734,23.70236119038882,8.926355874179855,1.612084316603113,1.62345019241356,2
1768374213411714203,24.910347955886536,8.833430426138431,1.6139640574198622,1.6239462552722541,2
1768374213540709895,24.806370760624084,8.819822001344342,1.6135774431697572,1.6233737197119522,2
1768374213737200870,25.968633305035517,8.664832025499932,1.6154954080929693,1.6229828971477331,2
1768374213815682934,23.917273447588094,8.568411001079536,1.6147389462882542,1.62497778665303,2
1768374213936733530,23.85524445955145,8.867944306207795,1.6125596815215937,1.6239840967347299,2
1768374214011795514,24.861933497116738,8.93339170083933,1.6126207955324108,1.6227745554270108,2
1768374214087203579,24.176312074212003,8.762362862857792,1.6129049112215774,1.6230616481397953,2
1768374214136808288,24.152550475063705,8.989482877700551,1.612071520750471,1.6228855535491211,2
1768374214211631036,25.737316052810932,8.770664526118514,1.614389275123267,1.6224913525452174,2
1768374214286745499,27.27128227353548,8.831091136334742,1.615533798283087,1.6220580754650953,2
1768374214411731279,25.23733704596576,9.091759877171475,1.6122759917880958,1.6220443969899985,2
1768374214486858938,22.925997901166674,9.02466556673961,1.6109352213822816,1.6234909317318862,2
1768374214536633870,25.033709991225894,8.97364454499972,1.6126004155887879,1.6225316292989154,2
1768374214612027503,23.967201364830437,8.68423299994868,1.613385844592798,1.6231450360121609,2
1768374214664003694,23.967201364830437,8.68423299994868,1.613385844592798,1.6231450360121609,2
1768374214737567057,22.581875176794775,8.84645680177317,1.6112526662034898,1.6235600967166783,2
1768374215012021328,25.218662041475824,8.666659513208183,1.6145986657985423,1.6233841769015545,2
1768374215086673875,26.132845388050498,9.00078788200871,1.6136741670745203,1.622815151912981,2
1768374215136918911,26.132845388050498,9.00078788200871,1.6136741670745203,1.622815151912981,2
1768374215264799117,25.311995621563945,8.854708016104222,1.6135676397375263,1.6225755491571958,2
1768374215336679230,24.931980275905154,9.043181903617931,1.6121673272682548,1.6221036368816604,2
1768374215420115808,24.496893438700653,8.903021961826765,1.6130212088336067,1.6227097228322398,2
1768374215462011727,25.20327019621016,8.977266696767254,1.613126563993676,1.6227844093007417,2
1768374215687313034,25.896662247916645,8.512714935803155,1.6160227541719971,1.6238014360821151,2
1768374216011667471,24.41264251408848,8.744365700069658,1.6135031048789767,1.623309640965102,2
1768374216088907123,24.398411140726274,8.938121719314672,1.6125161994279167,1.6235533656718404,2
1768374216137251555,24.046628814373918,8.509910319309428,1.6144492003849307,1.6235833362236267,2
1768374216286871411,25.813359162373708,8.665241441022372,1.6149695554410317,1.6233251792008132,2
1768374216411879073,23.253437586406854,9.046141158000848,1.611145347775283,1.6233225138232854,2
1768374216536546392,24.756543577755696,8.512302497688673,1.6148350395373439,1.623737832930829,2
1768374216686926275,25.04443118422128,8.94166269807907,1.612477559037292,1.6222597970204584,2
1768374216737249651,25.93631894078441,8.387595460896845,1.6172502487806772,1.62411171371052,2
1768374216811728567,23.330307982994512,8.574886034069989,1.613421051248205,1.6240033298202365,2
1768374216867437578,23.330307982994512,8.574886034069989,1.613421051248205,1.6240033298202365,2
1768374217087586630,27.360587683493478,8.892779754732478,1.6149250154307282,1.6215071901709848,2
1768374217143676191,27.360587683493478,8.892779754732478,1.6149250154307282,1.6215071901709848,2
1768374217212696073,25.766262400730433,8.63543000979775,1.6159145956582075,1.6234245898178854,2
1768374217336495403,25.895379710219714,8.889307761526005,1.6139428626917998,1.6225141941509549,2
1768374217419234033,23.171324694959637,9.002022827057516,1.6108343472210738,1.622837093889031,2
1768374217611765941,25.331522063690272,8.64474023512782,1.6146835059709446,1.6232777836868706,2
1768374217694291777,24.44439050485436,8.787962890743716,1.6130608390971926,1.6231176755240462,2
1768374217737266255,25.973694701389107,8.372781298252438,1.6169594220557928,1.6229637792580542,2
1768374217811688368,23.36036621151738,8.806072490931424,1.6121539390685726,1.6231704972472165,2
1768374217886790747,23.559036862026872,8.94533610245299,1.611831181120184,1.623589812151021,2
1768374217936747036,24.365482400241724,8.839723140946155,1.6133322222527446,1.6229321808538237,2
1768374218012160153,24.914084214732625,8.775236059468872,1.6141416423879462,1.623030795872005,2
1768374218087007584,23.965048658425523,8.821458420802704,1.6125384807099101,1.6234541723581108,2
1768374218136795347,24.046842684610994,8.959584534020701,1.612227834927048,1.6234652891072727,2
1768374218211819424,23.771654846920896,8.656618746216433,1.6143228944683283,1.6241623715895142,2
1768374218336973335,24.11179844804834,8.87947861905948,1.612170529043128,1.6223350276116613,2
1768374218486705897,24.204162522764694,9.096172057196641,1.610746800657489,1.6223203000212592,2
1768374218611782779,23.885570321613425,8.798884806323612,1.6131069464979908,1.623847930102794,2
1768374218687416362,23.414823705275367,9.087922651133454,1.6106758200301416,1.6229049779490483,2
1768374218737060566,23.97852943634082,9.23272115538255,1.6099852218603172,1.6221381521387572,2
1768374218811684788,22.4757866800247,8.738691624893299,1.612211140835854,1.6245896869785759,2
1768374218865147369,22.4757866800247,8.738691624893299,1.612211140835854,1.6245896869785759,2
1768374218937762662,26.406878596951564,8.974529733894352,1.6142415300081934,1.621879481318233,2
1768374219011840995,24.20597031405802,8.755543027066107,1.6135939551264273,1.6239741738135005,2
1768374219086647603,25.85737643519659,8.91277963414739,1.6137563820187553,1.622154370724935,2
1768374219140802541,25.85737643519659,8.91277963414739,1.6137563820187553,1.622154370724935,2
1768374219211923836,25.295833318464076,8.707722002953357,1.614817093685536,1.62324874620037,2
1768374219286676629,24.789285343683744,8.63267392041767,1.6146274190626029,1.6232626472042209,2
1768374219336562533,24.789285343683744,8.63267392041767,1.6146274190626029,1.6232626472042209,2
1768374219417276490,22.86385470351049,8.623408563290727,1.6131203494073603,1.6245216205480721,2
1768374219465017642,23.16968452432122,8.723267862177034,1.6126872959337184,1.623982026880856,2
1768374219611857015,25.914184464405523,8.637661736858165,1.6151449450271034,1.6223883926682847,2
1768374219692849592,23.648248510812707,8.81622811476478,1.612621649015713,1.6232302259541416,2
1768374219811861257,24.43200186943395,8.728279652686817,1.614044877544789,1.6235023044636583,2
1768374219886904521,12.031330640341231,6.052283083063661,1.6057380896388893,1.6220939701041177,2
1768374219937145696,24.833947552166833,9.006986126945844,1.6122289425844083,1.6222683596017915,2
1768374220136843835,25.635398977980948,8.525991569275476,1.6155135444501298,1.6235623230191343,2
1768374220211815142,23.725079204128143,8.66801968115151,1.6132566961541246,1.6237555683356382,2
1768374220290759243,23.73170798572022,8.943153428501136,1.6117768257449907,1.6230654162021263,2
1768374220337004737,24.75096148379663,8.801784569189929,1.6136193562389038,1.6231535543946285,2
1768374220411939205,25.970777590041962,8.606849599139762,1.615824819315598,1.6231987066388944,2
1768374220486829625,27.562364095329084,8.724839001650837,1.6157904619965016,1.6215218465846761,2
1768374220536709118,26.11075289814524,8.860203016710148,1.614415911123855,1.622582073952312,2
1768374220686767295,24.523088688987116,8.949338442270713,1.6123369653133874,1.6227008699150398,2
1768374220811643858,24.23258231923353,8.670685065160871,1.6141781035907987,1.6235082527218085,2
1768374220862914716,24.23258231923353,8.670685065160871,1.6141781035907987,1.6235082527218085,2
1768374220937207385,25.93873590276874,8.75265593183505,1.6142153942303537,1.6224921153825145,2
1768374221012102187,25.52210448091263,8.26212397905936,1.6175635739571192,1.6245247547784116,2
1768374221069812163,25.52210448091263,8.26212397905936,1.6175635739571192,1.6245247547784116,2
1768374221138594920,25.281618594114484,8.940738628716105,1.613159276012672,1.6222238162323483,2
1768374221212267996,22.996751059654265,8.958211866691782,1.6112638609959473,1.6233729773896834,2
1768374221286810811,24.68807103947812,8.892527191765074,1.6125757432126435,1.6226919505756532,2
1768374221337763362,24.68807103947812,8.892527191765074,1.6125757432126435,1.6226919505756532,2
1768374221414761975,24.20718702468383,8.766811017543914,1.6132470124950051,1.6233046663604256,2
1768374221465639864,25.43060564749311,8.958761132191194,1.6135736885342202,1.6225980793952635,2
1768374221536572197,24.22807620303713,9.01666161416585,1.6116568731066476,1.6229919785123323,2
1768374221618794351,23.349606783767072,8.889492590563844,1.6123310487436286,1.6241229360528038,2
1768374221736809638,25.2550240035867,8.295535112428745,1.6166615419718224,1.6240189403241083,2
1768374221887068273,24.783888621273007,8.686107343492635,1.6145469416529743,1.6233013641995684,2
1768374222086747334,22.986488292776386,8.823503923018105,1.611961650664914,1.6233768706517382,2
1768374222211861859,23.829405823495353,8.856387665288961,1.6124045088377137,1.6235772161917543,2
1768374222287886631,24.438577155350583,8.909827766696992,1.612528337885443,1.622612227346991,2
1768374222411930096,25.83416242918979,8.821288374347304,1.614507356263399,1.6226548707253945,2
1768374222486588144,26.307368425622755,8.876367896933957,1.6138281938474137,1.62175792313783,2
1768374222687330003,24.363453527439738,8.798479326973556,1.6131674122567439,1.6230765094640238,2
1768374222736824478,25.796892928842354,8.5042291909646,1.6159282186257329,1.6232865894234036,2
1768374222811686019,25.88217111688884,8.88158837936576,1.6136634667662595,1.622346805286015,2
1768374223012151820,25.594498611297702,8.7898209465554,1.6141136384481611,1.622983075082678,2
1768374223067537126,25.594498611297702,8.7898209465554,1.6141136384481611,1.622983075082678,2
1768374223137134558,27.039935523689884,8.614946671924494,1.6166010218857323,1.623012872768905,2
1768374223211778898,23.144973083642604,8.828671651822436,1.6121731678229505,1.6237124149511832,2
1768374223286773120,25.015992453193412,8.795417420063925,1.6137187338659005,1.6233502624094376,2
1768374223342299242,25.015992453193412,8.795417420063925,1.6137187338659005,1.6233502624094376,2
1768374223413088745,24.306029528375017,8.920492804507717,1.6127825194150982,1.6229227321370745,2
1768374223487979950,24.79603106289496,8.675336841410411,1.614590660646041,1.6237037875037845,2
1768374223536629686,24.79603106289496,8.675336841410411,1.614590660646041,1.6237037875037845,2
1768374223617211554,24.81880356541555,8.865154697308185,1.6127489073232217,1.6227445543880543,2
1768374223666470200,23.5908406163281,8.772135023788465,1.6126413109846127,1.6234048684862816,2
1768374223811755509,24.270105620825433,8.572573504993418,1.6142373854359982,1.6238891217528038,2
1768374223893344883,21.78049296774409,8.596156624415677,1.612630456656154,1.6250572970363404,2
1768374223937245691,23.609691250782603,8.669710257236375,1.6132657351288349,1.6234843770709886,2
1768374224137238037,25.007843527984353,8.572622018121375,1.614752314777118,1.6228280304245228,2
1768374224212407889,26.137584057087658,8.7243411782721,1.615042608136567,1.6228995106492359,2
1768374224411720658,25.884365421912527,8.770450677814594,1.6146671458583943,1.6227740602945504,2
1768374224487448579,24.394238265053936,8.961570374281173,1.612681068156354,1.6229323666720328,2
1768374224612005279,24.298912428651896,8.960952546826762,1.6120993936308412,1.6227258189621012,2
1768374224686783408,22.978514437590913,9.002149368816394,1.6115411485673643,1.6242042231118243,2
1768374224736881498,22.501499512166177,9.026167315779446,1.6108851034338434,1.6243467422206996,2
1768374224811711583,23.297909184428313,9.064648035975566,1.6105196300376126,1.6228558859749227,2
1768374225011732448,24.46494824922607,8.836410937112356,1.6133041980697378,1.6238223857154352,2
1768374225065660728,24.46494824922607,8.836410937112356,1.6133041980697378,1.6238223857154352,2
1768374225211787477,23.655240233543484,9.019226280868885,1.6112982925349655,1.6234779085660216,2
1768374225487048630,24.931319120361728,8.76407096566038,1.6142866533339504,1.6235173168614776,2
1768374225536832051,24.931319120361728,8.76407096566038,1.6142866533339504,1.6235173168614776,2
1768374225615531490,23.07562151001563,9.049137628901754,1.6107483361378223,1.6234342637618744,2
1768374225736814992,26.229214651793285,8.785578091065366,1.6145206055206223,1.6221454278236196,2
1768374225812314106,25.155423494829463,8.838978530095819,1.6136199877401178,1.623370128077125,2
1768374225939916197,23.75857302109008,8.907953150624389,1.6121470752486042,1.6232468574721897,2
1768374226011837969,25.109713838241234,8.725645318106933,1.6139402322408727,1.6225420511622202,2
1768374226087180451,24.285300225429516,8.772439093658178,1.6134210240875244,1.6232003470180378,2
1768374226215109972,24.872846291163153,8.926798339917035,1.6125777247506377,1.6223293289343659,2
1768374226286910512,24.691266831727397,8.65759542781195,1.6140596354696657,1.623997929653169,2
1768374226411997491,24.060849969370857,8.833702829832529,1.6128778552862666,1.6238512139375347,2
1768374226487280528,26.685925598951997,8.685089745695734,1.6154604430336206,1.6225380122881372,2
1768374226612505594,24.183730318472428,8.626742311605836,1.6144692092709452,1.6237549940282117,2
1768374226687073454,24.269342554062987,8.6982959202882,1.6137671603315236,1.6238326165716404,2
1768374226736777689,23.8085065714182,8.506352685631583,1.6144721369856647,1.624114946317716,2
1768374226812347823,23.117868649586537,8.636179281343805,1.6134020418528932,1.6246151105540712,2
1768374226886750146,25.15792512577231,8.894816774658048,1.6128106938153666,1.6221288696306373,2
1768374227086537640,25.51346311534486,8.744654828353092,1.6143795893037276,1.6235260091905306,2
1768374227137411568,25.526523856926218,8.759288605857538,1.6143795893037276,1.6235073980966739,2
1768374227338257651,22.64744489800985,9.054995128830543,1.6103290680744893,1.6237606403892737,2
1768374227412271603,24.728077603449307,8.49660542536398,1.6153839711439164,1.623935691019071,2
1768374227486656142,22.986309850442368,8.863542605349839,1.6117368696789438,1.624108933513119,2
1768374227543991917,22.986309850442368,8.863542605349839,1.6117368696789438,1.624108933513119,2
1768374227614392199,23.72957937300213,9.08679443951415,1.6110093525087288,1.6232849031763685,2
1768374227819123671,22.31561569607088,8.95410235584742,1.6111022855893928,1.6241226260421944,2
1768374227887667676,23.67989233964196,8.95399030460683,1.6118982854720698,1.6228383934227308,2
1768374227938024795,23.41085612572047,8.707750716885055,1.6129491369009832,1.6237609715269417,2
1768374228011754569,24.411478847586878,9.013600426552394,1.6123512112055358,1.6229372693260715,2
1768374228212552032,23.42323726799855,8.924702662975525,1.6119331479253582,1.6239426673518553,2
1768374228411756367,25.830295344353218,9.072522348209205,1.6125724505828076,1.6221623180088514,2
1768374228537067790,23.917534563459462,8.629347648383707,1.6135409320456358,1.6236114053118642,2
1768374228612311440,24.855213171856462,8.847087461452944,1.6134332141368535,1.6230227525406784,2
1768374228686818826,23.935826898023205,9.01822135516748,1.6118352863587169,1.6231405198622944,2
1768374249856289941,24.861933497116738,8.93339170083933,1.6126207955324108,1.6227745554270108,2
1768374249904285429,24.176312074212003,8.762362862857792,1.6129049112215774,1.6230616481397953,2
1768374249975166431,24.152550475063705,8.989482877700551,1.612071520750471,1.6228855535491211,2
1768374250050201972,25.737316052810932,8.770664526118514,1.614389275123267,1.6224913525452174,2
1768374250129596898,27.27128227353548,8.831091136334742,1.615533798283087,1.6220580754650953,2
1768374250250143576,25.23733704596576,9.091759877171475,1.6122759917880958,1.6220443969899985,2
1768374250325244917,22.925997901166674,9.02466556673961,1.6109352213822816,1.6234909317318862,2
1768374250375330202,25.033709991225894,8.97364454499972,1.6126004155887879,1.6225316292989154,2
1768374250450873588,23.967201364830437,8.68423299994868,1.613385844592798,1.6231450360121609,2
1768374250524952067,22.581875176794775,8.84645680177317,1.6112526662034898,1.6235600967166783,2
1768374250575122912,25.082456500693517,8.71410126532908,1.6143694740720207,1.6229853118977615,2
1768374250775102413,25.218662041475824,8.666659513208183,1.6145986657985423,1.6233841769015545,2
1768374250850288243,25.7658962283569,8.68201517602615,1.6151374512275485,1.6233937138666312,2
1768374250925029748,26.132845388050498,9.00078788200871,1.6136741670745203,1.622815151912981,2
1768374251050068973,25.311995621563945,8.854708016104222,1.6135676397375263,1.6225755491571958,2
1768374251125543068,24.931980275905154,9.043181903617931,1.6121673272682548,1.6221036368816604,2
1768374251174893496,24.496893438700653,8.903021961826765,1.6130212088336067,1.6227097228322398,2
1768374251249982058,25.20327019621016,8.977266696767254,1.613126563993676,1.6227844093007417,2
1768374251450075136,25.896662247916645,8.512714935803155,1.6160227541719971,1.6238014360821151,2
1768374251507517028,25.896662247916645,8.512714935803155,1.6160227541719971,1.6238014360821151,2
1768374251851466486,24.41264251408848,8.744365700069658,1.6135031048789767,1.623309640965102,2
1768374251925347033,24.398411140726274,8.938121719314672,1.6125161994279167,1.6235533656718404,2
1768374251975138859,24.046628814373918,8.509910319309428,1.6144492003849307,1.6235833362236267,2
1768374252127667402,25.813359162373708,8.665241441022372,1.6149695554410317,1.6233251792008132,2
1768374252250188444,23.253437586406854,9.046141158000848,1.611145347775283,1.6233225138232854,2
1768374252375851519,24.756543577755696,8.512302497688673,1.6148350395373439,1.623737832930829,2
1768374252525368228,25.04443118422128,8.94166269807907,1.612477559037292,1.6222597970204584,2
1768374252575118841,25.93631894078441,8.387595460896845,1.6172502487806772,1.62411171371052,2
1768374252650258247,23.330307982994512,8.574886034069989,1.613421051248205,1.6240033298202365,2
1768374252925580342,27.360587683493478,8.892779754732478,1.6149250154307282,1.6215071901709848,2
1768374252975145471,25.766262400730433,8.63543000979775,1.6159145956582075,1.6234245898178854,2
1768374253125222242,25.895379710219714,8.889307761526005,1.6139428626917998,1.6225141941509549,2
1768374253175557918,23.171324694959637,9.002022827057516,1.6108343472210738,1.622837093889031,2
1768374253375480155,25.331522063690272,8.64474023512782,1.6146835059709446,1.6232777836868706,2
1768374253450199770,24.44439050485436,8.787962890743716,1.6130608390971926,1.6231176755240462,2
1768374253506163083,24.44439050485436,8.787962890743716,1.6130608390971926,1.6231176755240462,2
1768374253575709660,25.973694701389107,8.372781298252438,1.6169594220557928,1.6229637792580542,2
1768374253650340285,23.559036862026872,8.94533610245299,1.611831181120184,1.623589812151021,2
1768374253725418714,24.365482400241724,8.839723140946155,1.6133322222527446,1.6229321808538237,2
1768374253779570664,24.365482400241724,8.839723140946155,1.6133322222527446,1.6229321808538237,2
1768374253850424961,24.914084214732625,8.775236059468872,1.6141416423879462,1.623030795872005,2
1768374253925613684,24.046842684610994,8.959584534020701,1.612227834927048,1.6234652891072727,2
1768374253974868818,24.046842684610994,8.959584534020701,1.612227834927048,1.6234652891072727,2
1768374254056973629,23.771654846920896,8.656618746216433,1.6143228944683283,1.6241623715895142,2
1768374254175375657,24.11179844804834,8.87947861905948,1.612170529043128,1.6223350276116613,2
1768374254331755881,24.204162522764694,9.096172057196641,1.610746800657489,1.6223203000212592,2
1768374254450137969,23.885570321613425,8.798884806323612,1.6131069464979908,1.623847930102794,2
1768374254525171473,23.414823705275367,9.087922651133454,1.6106758200301416,1.6229049779490483,2
1768374254575339316,23.97852943634082,9.23272115538255,1.6099852218603172,1.6221381521387572,2
1768374254650174726,22.4757866800247,8.738691624893299,1.612211140835854,1.6245896869785759,2
1768374254726794777,26.406878596951564,8.974529733894352,1.6142415300081934,1.621879481318233,2
1768374254850167182,24.20597031405802,8.755543027066107,1.6135939551264273,1.6239741738135005,2
1768374254925511519,25.85737643519659,8.91277963414739,1.6137563820187553,1.622154370724935,2
1768374254975068085,25.295833318464076,8.707722002953357,1.614817093685536,1.62324874620037,2
1768374255050451553,26.45384591427313,8.694929881446255,1.6153264688243125,1.6224269525213746,2
1768374255125291111,24.789285343683744,8.63267392041767,1.6146274190626029,1.6232626472042209,2
1768374255175065162,22.86385470351049,8.623408563290727,1.6131203494073603,1.6245216205480721,2
1768374255250379093,23.16968452432122,8.723267862177034,1.6126872959337184,1.623982026880856,2
1768374255375851965,25.914184464405523,8.637661736858165,1.6151449450271034,1.6223883926682847,2
1768374255450452082,23.648248510812707,8.81622811476478,1.612621649015713,1.6232302259541416,2
1768374255504599225,23.648248510812707,8.81622811476478,1.612621649015713,1.6232302259541416,2
1768374255650418899,12.031330640341231,6.052283083063661,1.6057380896388893,1.6220939701041177,2
1768374255725163999,24.833947552166833,9.006986126945844,1.6122289425844083,1.6222683596017915,2
1768374255779841401,24.833947552166833,9.006986126945844,1.6122289425844083,1.6222683596017915,2
1768374255925661960,25.635398977980948,8.525991569275476,1.6155135444501298,1.6235623230191343,2
1768374255975634271,25.635398977980948,8.525991569275476,1.6155135444501298,1.6235623230191343,2
1768374256054517766,23.725079204128143,8.66801968115151,1.6132566961541246,1.6237555683356382,2
1768374256102770633,23.73170798572022,8.943153428501136,1.6117768257449907,1.6230654162021263,2
1768374256174900679,24.75096148379663,8.801784569189929,1.6136193562389038,1.6231535543946285,2
1768374256250557002,25.970777590041962,8.606849599139762,1.615824819315598,1.6231987066388944,2
1768374256329150064,27.562364095329084,8.724839001650837,1.6157904619965016,1.6215218465846761,2
1768374256378905117,26.11075289814524,8.860203016710148,1.614415911123855,1.622582073952312,2
1768374256525270678,24.523088688987116,8.949338442270713,1.6123369653133874,1.6227008699150398,2
1768374256653205767,24.23258231923353,8.670685065160871,1.6141781035907987,1.6235082527218085,2
1768374256725320979,25.93873590276874,8.75265593183505,1.6142153942303537,1.6224921153825145,2
1768374256850154733,25.52210448091263,8.26212397905936,1.6175635739571192,1.6245247547784116,2
1768374256925436178,25.281618594114484,8.940738628716105,1.613159276012672,1.6222238162323483,2
1768374256975191151,22.90146394253778,8.954434763513891,1.6112638609959473,1.6234607777308827,2
1768374257124984695,24.68807103947812,8.892527191765074,1.6125757432126435,1.6226919505756532,2
1768374257175191532,24.20718702468383,8.766811017543914,1.6132470124950051,1.6233046663604256,2
1768374257250146042,25.43060564749311,8.958761132191194,1.6135736885342202,1.6225980793952635,2
1768374257325075410,24.22807620303713,9.01666161416585,1.6116568731066476,1.6229919785123323,2
1768374257375266511,23.349606783767072,8.889492590563844,1.6123310487436286,1.6241229360528038,2
1768374257525569096,25.2550240035867,8.295535112428745,1.6166615419718224,1.6240189403241083,2
1768374257575680247,25.573970536419743,8.344145640924932,1.6166615419718224,1.6237049985474863,2
1768374257650228886,24.783888621273007,8.686107343492635,1.6145469416529743,1.6233013641995684,2
1768374257708284239,24.783888621273007,8.686107343492635,1.6145469416529743,1.6233013641995684,2
1768374257851452684,22.986488292776386,8.823503923018105,1.611961650664914,1.6233768706517382,2
1768374258051376287,23.829405823495353,8.856387665288961,1.6124045088377137,1.6235772161917543,2
1768374258125961619,24.121938687152735,8.891028591733134,1.612528337885443,1.622941854083271,2
1768374258258108928,25.83416242918979,8.821288374347304,1.614507356263399,1.6226548707253945,2
1768374258327786894,26.307368425622755,8.876367896933957,1.6138281938474137,1.62175792313783,2
1768374258525476933,24.363453527439738,8.798479326973556,1.6131674122567439,1.6230765094640238,2
1768374258575322099,25.796892928842354,8.5042291909646,1.6159282186257329,1.6232865894234036,2
1768374258651686163,25.88217111688884,8.88158837936576,1.6136634667662595,1.622346805286015,2
1768374258850323139,25.594498611297702,8.7898209465554,1.6141136384481611,1.622983075082678,2
1768374258928203016,27.039935523689884,8.614946671924494,1.6166010218857323,1.623012872768905,2
1768374258975364482,26.12875942989845,8.528422708644824,1.6158319916193506,1.622859700026057,2
1768374259050075232,23.144973083642604,8.828671651822436,1.6121731678229505,1.6237124149511832,2
1768374259125265987,25.015992453193412,8.795417420063925,1.6137187338659005,1.6233502624094376,2
1768374259174997207,24.306029528375017,8.920492804507717,1.6127825194150982,1.6229227321370745,2
1768374259250057755,25.22299487970958,8.767770619464564,1.6145605777160987,1.6229409442985616,2
1768374259325168443,24.79603106289496,8.675336841410411,1.614590660646041,1.6237037875037845,2
1768374259374912175,24.81880356541555,8.865154697308185,1.6127489073232217,1.6227445543880543,2
1768374259450070342,23.5908406163281,8.772135023788465,1.6126413109846127,1.6234048684862816,2
1768374259575299824,24.270105620825433,8.572573504993418,1.6142373854359982,1.6238891217528038,2
1768374259650215536,21.78049296774409,8.596156624415677,1.612630456656154,1.6250572970363404,2
1768374259705559672,21.78049296774409,8.596156624415677,1.612630456656154,1.6250572970363404,2
1768374259775456988,23.609691250782603,8.669710257236375,1.6132657351288349,1.6234843770709886,2
1768374259925010567,25.007843527984353,8.572622018121375,1.614752314777118,1.6228280304245228,2
1768374259980166034,25.007843527984353,8.572622018121375,1.614752314777118,1.6228280304245228,2
1768374260051017561,26.137584057087658,8.7243411782721,1.615042608136567,1.6228995106492359,2
1768374260257066108,25.884365421912527,8.770450677814594,1.6146671458583943,1.6227740602945504,2
1768374260303582659,24.394238265053936,8.961570374281173,1.612681068156354,1.6229323666720328,2
1768374260450272676,24.298912428651896,8.960952546826762,1.6120993936308412,1.6227258189621012,2
1768374260531573035,22.978514437590913,9.002149368816394,1.6115411485673643,1.6242042231118243,2
1768374260575499436,22.501499512166177,9.026167315779446,1.6108851034338434,1.6243467422206996,2
1768374260650041828,23.297909184428313,9.064648035975566,1.6105196300376126,1.6228558859749227,2
1768374260850242601,24.46494824922607,8.836410937112356,1.6133041980697378,1.6238223857154352,2
1768374261050376659,23.655240233543484,9.019226280868885,1.6112982925349655,1.6234779085660216,2
1768374261250892615,22.982929583322374,8.793824820925382,1.6120516745187705,1.6235580344557723,2
1768374261325312142,24.931319120361728,8.76407096566038,1.6142866533339504,1.6235173168614776,2
1768374261375341593,23.07562151001563,9.049137628901754,1.6107483361378223,1.6234342637618744,2
1768374261525026858,26.229214651793285,8.785578091065366,1.6145206055206223,1.6221454278236196,2
1768374261574833456,25.155423494829463,8.838978530095819,1.6136199877401178,1.623370128077125,2
1768374261775775735,23.75857302109008,8.907953150624389,1.6121470752486042,1.6232468574721897,2
1768374261849998827,24.285300225429516,8.772439093658178,1.6134210240875244,1.6232003470180378,2
1768374261907716512,24.285300225429516,8.772439093658178,1.6134210240875244,1.6232003470180378,2
1768374262050367084,24.872846291163153,8.926798339917035,1.6125777247506377,1.6223293289343659,2
1768374262253563835,24.060849969370857,8.833702829832529,1.6128778552862666,1.6238512139375347,2
1768374262303959832,26.685925598951997,8.685089745695734,1.6154604430336206,1.6225380122881372,2
1768374262450100788,24.183730318472428,8.626742311605836,1.6144692092709452,1.6237549940282117,2
1768374262528563734,24.269342554062987,8.6982959202882,1.6137671603315236,1.6238326165716404,2
1768374262577671067,23.8085065714182,8.506352685631583,1.6144721369856647,1.624114946317716,2
1768374262650490857,23.117868649586537,8.636179281343805,1.6134020418528932,1.6246151105540712,2
1768374262725397121,25.15792512577231,8.894816774658048,1.6128106938153666,1.6221288696306373,2
1768374262925184017,25.51346311534486,8.744654828353092,1.6143795893037276,1.6235260091905306,2
1768374263129652326,22.64744489800985,9.054995128830543,1.6103290680744893,1.6237606403892737,2
1768374263174972695,25.21346779726774,8.536159500756893,1.6153839711439164,1.623457683756275,2
1768374263250163021,23.514791063723006,8.757568208224841,1.612974850852366,1.623935691019071,2
1768374263324880966,22.986309850442368,8.863542605349839,1.6117368696789438,1.624108933513119,2
1768374263375015860,23.72957937300213,9.08679443951415,1.6110093525087288,1.6232849031763685,2
1768374263575207231,22.31561569607088,8.95410235584742,1.6111022855893928,1.6241226260421944,2
1768374263649979507,23.67989233964196,8.95399030460683,1.6118982854720698,1.6228383934227308,2
1768374263725029212,23.41085612572047,8.707750716885055,1.6129491369009832,1.6237609715269417,2
1768374263775186368,24.411478847586878,9.013600426552394,1.6123512112055358,1.6229372693260715,2
1768374264251166362,25.830295344353218,9.072522348209205,1.6125724505828076,1.6221623180088514,2
1768374264374906284,23.917534563459462,8.629347648383707,1.6135409320456358,1.6236114053118642,2
1768374264450703949,24.855213171856462,8.847087461452944,1.6134332141368535,1.6230227525406784,2
1768374264526275983,23.935826898023205,9.01822135516748,1.6118352863587169,1.6231405198622944,2
1768374264575523194,24.14561102804047,8.800518217457686,1.6127576898228129,1.6231531319783465,2
1768374264725777822,24.879616178763442,9.005675884795918,1.6129073322421434,1.6232402234097125,2
1768374264775047603,23.846147228456125,8.747331227094625,1.6135521904449432,1.6237575252552954,2
1768374264851761368,24.06393623168035,8.636556387360692,1.6143748547807653,1.6239283997154352,2
1768374264975103520,24.371769670629373,8.885809995744529,1.6127841609437732,1.6230332392421096,2
1768374265050128663,25.169981058877468,8.92739715176403,1.6129603082924164,1.6226684374609754,2
1768374265127540525,25.402282711836534,8.778044348346935,1.6143838119105454,1.62322200804296,2
1768374265175257026,23.94644487136688,8.93995504071077,1.6122757634381502,1.623884681652068,2
1768374265249887163,22.886611029407035,8.980135149501354,1.6115039462067953,1.623852840093358,2
1768374265324898731,25.665118860368707,8.774595079686835,1.6146209259482744,1.622592130484505,2
1768374265374845492,24.73992076191123,8.509635273731476,1.6154193261607048,1.6235994461670213,2
1768374265574997228,22.831979517542898,8.708984831217478,1.6125645276055223,1.6240019696128352,2
1768374265650005648,25.47191610300148,8.365403616033243,1.6167785847724787,1.623419459554791,2
1768374265775108549,24.37216890255445,8.70631674042485,1.6137130989513166,1.6233626081294525,2
1768374265850308335,22.91741024740057,8.641535290099158,1.6129470502002408,1.6240386906858721,2
1768374265904627310,22.91741024740057,8.641535290099158,1.6129470502002408,1.6240386906858721,2
1768374265975943209,23.8603948147571,8.681898912526396,1.6136790994242471,1.6238503821300239,2
1768374266049949295,24.472383972645062,8.800629325242696,1.6136265768411537,1.6234956835489391,2
1768374266125062455,23.852244832572644,8.779104811551193,1.613149579127697,1.624005191755349,2
1768374266178621992,23.852244832572644,8.779104811551193,1.613149579127697,1.624005191755349,2
1768374266250141537,23.114606105617106,8.813885406245488,1.6122521929007316,1.6238248289640753,2
1768374266729642430,23.999310799388105,8.830379173887122,1.6129089862727646,1.6236402260515084,2
1768374266776278582,22.783964509597965,8.927051885530423,1.611411696753369,1.6240812770274529,2
1768374266850457106,23.902263108289688,8.910554186706019,1.6126527937892257,1.6235442156888769,2
1768374266925359020,25.166241394342535,8.809673570108135,1.6137379505671268,1.62284296162253,2
1768374266974944862,23.633354979869956,8.808026102455798,1.6122937353756874,1.6236748387382764,2
1768374267051039507,22.96999919367004,8.867684399416849,1.6117490522546596,1.6238530421914932,2
1768374267125364890,23.69305811840072,8.719277860845784,1.6129590384535137,1.6236194476463617,2
1768374267174998517,24.83581210950625,8.771556464811443,1.6141169388235423,1.6229862849101797,2
1768374267324828407,24.07116409455723,8.928400203069437,1.6122680451629545,1.622532859070967,2
1768374267374886678,25.431055861292464,8.785192057595081,1.6135928363170107,1.62226229169159,2
1768374267450073989,25.714978835954085,8.992489274794911,1.6127642926369188,1.621592265388529,2
1768374267575011853,25.1586767391494,8.514871292071195,1.6163265432617797,1.624464023732282,2
1768374267650006196,26.338503858596376,8.791862508828665,1.614749398828704,1.6229365355330736,2
1768374267725047867,24.54576566569644,8.883674092402526,1.6129254720388346,1.6230491289686926,2
1768374267774978934,26.683449205567644,8.867795746185434,1.6150132134252742,1.622387659031414,2
1768374267850379464,26.032937310725757,8.765371406781192,1.6152844107437294,1.6229306618613022,2
1768374268049926549,25.57673370444857,8.850737218604293,1.6136097573334738,1.6223916161106873,2
1768374268107654089,25.57673370444857,8.850737218604293,1.6136097573334738,1.6223916161106873,2
1768374268176749192,23.736557899455946,8.892487007135303,1.6119108544424159,1.623461158296191,2
1768374268324961685,25.54576009518894,8.468698215562306,1.616007887625449,1.6233661256124388,2
1768374268375656035,25.54576009518894,8.468698215562306,1.616007887625449,1.6233661256124388,2
1768374268453009943,25.152679093721318,8.669954331856863,1.6148437089262855,1.623550318598902,2
1768374268501627040,24.20936937189966,8.771107619793279,1.6129798367655421,1.6230806208053845,2
1768374268574749354,24.210437732181678,8.25618691961001,1.6161655144883826,1.6241023599558098,2
1768374268650306107,23.51552522987732,8.885390355919128,1.6122540262206952,1.6233298156170273,2
1768374268728780938,26.25913817790493,8.869693033132165,1.6151778495084719,1.6232029249174933,2
1768374268850549725,25.120142805509893,8.880873363572015,1.6132569499201608,1.6226971573772553,2
1768374269054957136,23.89118569750859,8.803220708334512,1.6132490716478287,1.6240914843232452,2
1768374269124973868,24.74609611189349,8.752007719069542,1.6134830667528706,1.6226338513384577,2
1768374269329245402,25.787823102055405,8.878933021851328,1.6143791340432596,1.6229377573249724,2
1768374269375417825,23.47407369840382,8.709102077356295,1.613006223748714,1.623856118026151,2
1768374269524971173,24.814838715800256,8.891431898485779,1.612706493151008,1.6221730829981957,2
1768374269575227538,22.291306091050124,8.663291132523483,1.612412609541797,1.6244864249706976,2
1768374269725108272,26.012112028964253,8.665011775487326,1.614883098483062,1.622764070860304,2
1768374270050243187,23.114757899120207,8.859784529125365,1.6119076945313757,1.6240279917961504,2
1768374270107737887,23.114757899120207,8.859784529125365,1.6119076945313757,1.6240279917961504,2
1768374270250694741,24.590510439919335,8.781014413830402,1.6136635337772665,1.6229577653036462,2
1768374270325426541,24.56463485752014,8.797331933587175,1.6133870453736034,1.6229992272511145,2
1768374270382324733,24.56463485752014,8.797331933587175,1.6133870453736034,1.6229992272511145,2
1768374270656518821,23.51780394307923,8.560838313739954,1.613649025202487,1.6239763132977405,2
1768374270775449898,23.715004031669594,9.061264708474047,1.6115578761448364,1.6236100798630555,2
1768374270932403049,23.668315860201574,9.09932806573091,1.6107550656234997,1.6229190883481963,2
1768374270975017743,25.155262178284012,8.786411962984197,1.6136728440909816,1.6228940752360017,2
1768374271050588679,24.70667076537292,8.765548842830958,1.6136942133820247,1.623013474356032,2
1768374271125339349,22.746056464004738,8.834415476713597,1.6120365096651175,1.6239806128601177,2
1768374271250107879,24.98496872933287,8.926113730677711,1.613040690585458,1.6228041941455997,2
1768374271375257141,24.16004039019115,8.919591603130673,1.6123932228460518,1.623161891710432,2
1768374271450148010,24.875855811442584,8.360382598344474,1.616252472528606,1.624834689181633,2
1768374271525243430,24.351053874389628,8.997081853623277,1.6119314852415882,1.6229372167985003,2
1768374271649927689,23.610613349743794,9.161525420179027,1.610365655303041,1.622422914225688,2
1768374271725055639,23.708802821734707,8.540016163599596,1.6145603745460089,1.624583252707567,2
1768374271775515613,22.97144570579168,8.922029377794907,1.611085374747153,1.6231432952911093,2
1768374271849960982,24.40006348767909,8.77933810007114,1.6131581302576556,1.6227641558687835,2
1768374272250068978,26.088730550444026,8.8485966759524,1.6141020291793868,1.6223139324636273,2
1768374272325451888,24.61631376929607,8.552710500596847,1.615151560189569,1.6241331768479577,2
1768374272379505224,24.61631376929607,8.552710500596847,1.615151560189569,1.6241331768479577,2
1768374272525488858,21.659185391001312,8.685239732233464,1.6123563239590202,1.6254720572766925,2
1768374272574803082,21.659185391001312,8.685239732233464,1.6123563239590202,1.6254720572766925,2
1768374272653835611,25.559377613849186,8.92178228776544,1.6135927597223243,1.6225521792202906,2
1768374272702728430,23.580984398730465,8.938375353256442,1.61168169701229,1.6231189378216373,2
1768374272774961398,24.248979488939337,8.907228505540827,1.6125238805068778,1.623242815742214,2
1768374272850068425,23.164322678636886,8.955656823493108,1.6116211627462016,1.623933104838109,2
1768374273125099717,23.479020541493647,8.81974567222871,1.6124781969698876,1.6229674738144966,2
1768374273254650691,26.268700578591986,8.587572115306502,1.6161284118844805,1.6230103714133286,2
1768374273449975413,24.196352774873198,9.096116367909069,1.6111793922517885,1.6225445596783756,2
1768374273574776033,22.954891685078806,8.950461512383088,1.6111911627582343,1.623653896416429,2
1768374273650395643,23.856007731831276,8.783551030614118,1.6129159274676654,1.6229282213736613,2
1768374273850431499,24.12644172715117,8.945083898442551,1.612250955125231,1.6228689817329838,2
1768374273924929516,26.752965646513083,8.760016396725527,1.6154481616202008,1.6224586550094449,2
1768374273975147213,26.146509817916773,8.560668929691387,1.6157716333094008,1.6229317574322188,2
1768374274050288669,23.283645471728008,8.530305737408746,1.6135858790022184,1.6242631704166257,2
1768374274125069888,23.337371158385743,8.671251134557995,1.6131200193450501,1.6236321031197178,2
1768374274175377890,23.337371158385743,8.671251134557995,1.6131200193450501,1.6236321031197178,2
1768374274375609414,24.03072858656552,8.89410227626475,1.6127183679812642,1.6232874908263506,2
1768374274450440712,23.00472062144476,8.573941566836647,1.6135296159008818,1.6245834404863637,2
1768374274525190133,25.48428163046923,8.428404299836863,1.6159646278973756,1.6229547856702147,2
1768374274582710240,25.48428163046923,8.428404299836863,1.6159646278973756,1.6229547856702147,2
1768374274651151373,24.006417845794825,8.994289648473817,1.6116244590622806,1.6230291862413022,2
1768374274701154122,24.749898215654433,8.753506529110197,1.6137609604187633,1.6229730105016775,2
1768374274775148648,23.755883042192004,8.723698399522533,1.6128475207507973,1.6234886528301615,2
1768374274850319018,21.53755404122859,9.088327786039805,1.6097870431428045,1.6242478199010426,2
1768374274928052811,26.0008095540325,8.958920449862141,1.6136045337105922,1.6226391829432045,2
1768374274976598036,22.586059348208344,9.167938602776834,1.6095846946980104,1.6227949585626953,2
1768374275050027007,24.044397517021252,9.198508982547116,1.6107860916067898,1.6225025205739236,2
1768374275125631034,25.857323118899433,8.757981321073364,1.6139390841103955,1.621461996303406,2
1768374275253107050,24.71947512097694,9.028478768702163,1.6122469098024175,1.6227496210526953,2
1768374275325523525,24.379034848825974,8.74148032575249,1.6138970319710626,1.6235696201626924,2
1768374275374838066,23.39204132856576,8.660202507913006,1.6134779391263707,1.623933482848139,2
1768374275450112059,26.484400486870506,8.672533342520852,1.6153186188139173,1.6222313826023487,2
1768374275525752870,13.798346894309033,6.269151164208118,1.6044697381602337,1.6228720419930882,2
1768374275575280427,24.142313529101678,9.048104433388822,1.6113507169661212,1.6222498389221842,2
1768374275775128354,24.264581379064953,8.646580404675667,1.6142561814358207,1.6241182544508128,2
1768374275850002717,24.551985049616086,8.558308928557748,1.6142920756801478,1.6228332179156773,2
1768374275925411632,25.808765031279044,8.901832548803972,1.6141325737705061,1.6224903316933008,2
1768374275975179472,26.239084638625343,8.65178682001144,1.615045265510126,1.622087630735782,2
1768374276050175163,9.008304298174341,5.7458726663152975,1.6080254433416517,1.6209733805748965,2
1768374276124958220,23.754137938204245,8.810372383546328,1.6123808340580945,1.6229292794493901,2
1768374276176102987,22.49627569120438,8.787065905323018,1.61173832963058,1.623782381436525,2
1768374276375482512,26.723465269102185,8.58239576302953,1.6161000240203898,1.6224926180358035,2
1768374276450162687,25.13631370760794,8.671379215030626,1.6146974825302207,1.623076139721506,2
1768374276855905946,23.888677766787048,8.762376956967852,1.612893431163157,1.6235547174597729,2
1768374276925603915,15.222150050138383,6.336403368215601,1.604127650732348,1.6237696591713182,2
1768374276974707058,24.545468283381886,8.950291383062993,1.6123604782667575,1.6229092002014072,2
1768374277050433226,23.609917865894392,8.81424752399799,1.612832510697905,1.62397283330811,2
1768374277325441578,24.698231101387023,8.825912251932653,1.6137294310067227,1.6234307012671283,2
1768374277374907852,25.140376807478717,8.610932740598118,1.6154498442374112,1.6238988657156939,2
1768374277525473110,24.420865772868172,9.045960064172494,1.6120255077425014,1.6226921542125594,2
1768374277725811592,25.000553104789212,8.779176887601164,1.6136795701627233,1.6230768139293723,2
1768374277774897757,25.459259100025335,8.691823486074973,1.6144715622844272,1.6228994983788034,2
1768374277850387467,25.345389473341527,9.150682117039086,1.61181966372121,1.6215962969468265,2
1768374277924988000,23.992772593454337,8.812369412942456,1.6125689440406101,1.6232236666681557,2
1768374278049822035,24.844609831668805,8.871857161681444,1.6127114044031592,1.622469041515326,2
1768374278125464989,24.074158467517925,9.057932833755281,1.6114026892131874,1.622574524943514,2
1768374278175293057,22.50680610216227,8.83199465598465,1.6115240732554654,1.6239297948609346,2
1768374278249874268,24.815623774284255,8.84082021255727,1.6130519860826047,1.622999119310593,2
1768374278304488330,24.815623774284255,8.84082021255727,1.6130519860826047,1.622999119310593,2
1768374278375088732,24.437434060361475,8.622128245329838,1.6142286480298165,1.6231907794507692,2
1768374278650288694,25.185965114369992,8.743861518048353,1.614608036719946,1.6235706326058579,2
1768374278853625941,25.695200152476396,8.822864039230268,1.6143557369589456,1.6227339992795538,2
1768374278903085256,27.637006327313696,8.800250054714095,1.6158044021389208,1.621864283531991,2
1768374278974925710,23.975457440626347,8.855407403238,1.6127532761062,1.6237432791601651,2
1768374279050175232,23.18906265376075,8.687392793858965,1.6125952365870284,1.623565123861837,2
1768374279129755130,25.51545511368736,8.923606763738608,1.6129999641321404,1.6219901612277428,2
1768374279178238421,25.524078822634742,8.72550849243138,1.6142049246772225,1.6226917535764387,2
1768374279250146641,24.806746983095927,9.078894186735647,1.611656085745765,1.6216640130264992,2
1768374279325447696,23.848866554766033,8.600510721443946,1.6139206773706343,1.624158537604939,2
1768374279374929204,24.28432379032874,8.732889446017847,1.613296826190833,1.6229684960848219,2
1768374279525149295,24.21579557227327,8.69726710978765,1.6133459603273035,1.6233404646301257,2
1768374279650048125,25.04107747027784,8.693200007022513,1.6140936418755827,1.62295021248001,2
1768374279725663444,23.860579729475752,8.787924898919401,1.6127952772281136,1.6232512392139438,2
1768374279774820670,23.148759869678457,8.579538611534774,1.6135678543605525,1.624215182418955,2
1768374279850062255,24.44052240718353,8.601033835194569,1.613967051313184,1.6232841989215214,2
1768374279925179390,24.01425432837612,8.766255231067964,1.6130471262425594,1.6235561578071795,2
1768374279974764340,22.82766429156169,8.511512640408393,1.6134069938808684,1.6244673407961572,2
1768374280125413164,24.759883598074683,8.42354091807537,1.6156490193711028,1.6233684192622213,2
1768374280324962450,23.87684096507936,8.70911422920569,1.6134036346385403,1.624050483811905,2
1768374280375270071,23.87684096507936,8.70911422920569,1.6134036346385403,1.624050483811905,2
1768374280450016742,24.697527913303485,8.784975183147012,1.6134721924933575,1.6225827703878821,2
1768374280506678341,24.697527913303485,8.784975183147012,1.6134721924933575,1.6225827703878821,2
1768374280575948545,25.08205969026367,8.55900713418318,1.615064074439639,1.623023306632534,2
1768374280725089818,25.332526991302284,8.963170490662518,1.6136313008287109,1.6228988026337183,2
1768374280780854061,25.332526991302284,8.963170490662518,1.6136313008287109,1.6228988026337183,2
1768374280851982376,25.14249733984353,8.86634277272743,1.612950992237919,1.6222356191756744,2
1768374280974889080,25.0642263951506,8.797961278089007,1.613731520008497,1.6234749540070335,2
1768374281050548188,24.78493314879926,8.835602391539574,1.6135667748724698,1.6234364534254602,2
1768374281126567130,24.753290110538284,8.981006986662601,1.612112598238983,1.6221995252686503,2
1768374281175972093,24.8886862907991,8.811889909291668,1.6131535094355511,1.6222491001192363,2
1768374281250455402,24.497819111925836,8.894924200895769,1.6121534410330163,1.6220394874646507,2
1768374281325426299,23.82117895189273,8.713332074918958,1.6130481495074676,1.6230435080914483,2
1768374281374860236,24.454071364884868,8.385911462807243,1.6157990041605828,1.623922670316294,2
1768374281451162241,24.293705464529136,8.857573464588738,1.6126254516198106,1.6229606951976983,2
1768374281525370614,26.847934449570676,8.65724300181336,1.6156118646550885,1.621826168726427,2
1768374281727821669,25.217013650822963,8.830318394798345,1.6136759127755773,1.6225283362652245,2
1768374281774862640,24.71672060611518,8.791273298680068,1.613666885182607,1.6229395644254,2
1768374281850097774,24.425103276518367,8.721591567104827,1.6136960442869117,1.623452813087263,2
1768374282050080648,25.481812528681978,8.933824180676275,1.6134641368903968,1.6220326267972023,2
1768374282174959396,24.868816664122882,9.00625566640493,1.6124206883742678,1.6225960620191922,2
1768374282325202263,25.61438537846672,8.539354136999759,1.6150753304532062,1.6230490983924157,2
1768374282375365850,27.87230100566518,8.446498663749939,1.6180768366575198,1.6223918635239574,2
1768374282575114679,23.664469496820438,9.02096372420501,1.6109495855276972,1.622942439095932,2
1768374282850819169,22.94936421857674,8.79612958947557,1.6115065210552408,1.6231891567916128,2
1768374282925100919,22.290668017286297,8.856537627660034,1.6110365686029542,1.624244687729603,2
1768374282974907513,22.290668017286297,8.856537627660034,1.6110365686029542,1.624244687729603,2
1768374283055580135,24.70817564096084,9.12084542347586,1.6117410849830687,1.6223084798908844,2
1768374283104914784,22.753060268939194,8.776194555817256,1.6118604186474428,1.6235565255740785,2
1768374283174979079,24.90993451448564,8.971036364912306,1.613042308914292,1.623147290512049,2
1768374283249920071,25.07366945793521,9.01630012292303,1.6120613927808174,1.6219580876336666,2
1768374283375172228,24.251730200328446,8.886504683973563,1.612888339918766,1.6235596686849216,2
1768374283775053876,26.42430547714536,8.625538840494734,1.615596808998134,1.6227187243832075,2
1768374283849798348,24.61145139750709,8.664422938136537,1.6140324311178953,1.6233745435833427,2
1768374283925533614,25.50990453029378,8.563261653301767,1.6160834901296088,1.6239163718527407,2
1768374283974820979,24.935401334788445,8.429042799443557,1.6155154922400938,1.6240445699668995,2
1768374284050048963,23.96722962876119,8.880532376406181,1.6121853654992964,1.6228769364237308,2
1768374284125056951,23.50975784750031,9.148338283277235,1.6096326455804575,1.6223681647592514,2
1768374284325173618,23.59082111281485,9.083686148141922,1.6104862845847905,1.6224839428945732,2
1768374284649893483,25.784932841999897,8.65826461702358,1.6151406075096695,1.6228363901802616,2
1768374284708430875,25.784932841999897,8.65826461702358,1.6151406075096695,1.6228363901802616,2
1768374284850056933,23.870756235098824,8.804348116870264,1.6126757099085456,1.6231978093628823,2
1768374284925204125,24.892150166794025,8.792194422400781,1.6134993882650603,1.6225962000501652,2
1768374284982745631,24.892150166794025,8.792194422400781,1.6134993882650603,1.6225962000501652,2
1768374285102557872,22.734999552431077,9.081913595047848,1.609996357398585,1.6234627051543453,2
1768374285175067758,24.43038570754874,8.640047019055032,1.6143855459023688,1.623871309559053,2
1768374285250565724,23.79917419514865,8.685337104428994,1.613434571713895,1.623877388140997,2
1768374285328682489,23.494713810889635,8.737298161852522,1.6128652359367828,1.62374175117444,2
1768374285377968816,23.77727548227515,8.927245711124344,1.6118159119440887,1.6236240422084982,2
1768374285450495485,23.462164476419467,8.571765627303156,1.614100366739496,1.6246079832494043,2
1768374285525082154,23.462663068853917,8.645519334817024,1.6132113073488552,1.6239269593258014,2
1768374285575389471,24.499514895430785,8.881798281195264,1.6127464210050544,1.6225638167438208,2
1768374285654418913,23.479823669639188,8.728104482990737,1.6135301544926033,1.6245962201043374,2
1768374285725070212,26.6349600271103,8.37720694175641,1.617663783051836,1.6239771235639828,2
1768374285774857566,26.140596439255148,8.665987225938128,1.6158409559475122,1.6235622726755494,2
1768374285850533084,23.82606184769176,9.00700972583956,1.6114257270424355,1.6232248637290796,2
1768374285925577057,23.840253181232505,8.955488813534528,1.611886543917105,1.623374189426822,2
1768374285975265052,26.478754566352293,8.667749898814112,1.615906583542682,1.6227167082637928,2
1768374286050076859,23.675240341303194,8.728575520927905,1.6134577150125278,1.624106339032569,2
1768374286125435437,24.50090063385746,8.977088529724568,1.6121584359938192,1.6226755865175206,2
1768374286174868422,26.337521139845776,8.559405891954734,1.6163952866248328,1.6229153110798877,2
1768374286249944111,25.056934152636323,8.404307926807869,1.6158767225705104,1.6239715164384234,2
1768374286374920870,23.098154265571267,8.966569871931998,1.6108521353489236,1.6228386518723104,2
1768374286450250879,24.580439906261688,9.019870364041218,1.6117306504479854,1.6225923384507548,2
1768374286574851432,23.789104380524506,8.77854536337314,1.6127460169210042,1.623897058079463,2
1768374286650069016,25.232995373292376,8.86727443458671,1.6132679752035057,1.623079013180501,2
1768374286705826521,25.232995373292376,8.86727443458671,1.6132679752035057,1.623079013180501,2
1768374286775519382,23.849633231701972,8.86790700267741,1.612046143948304,1.6231622679548463,2
1768374286925325532,25.98798054979934,8.907331857245989,1.6136846690178543,1.6224080746426432,2
1768374286980766672,25.98798054979934,8.907331857245989,1.6136846690178543,1.6224080746426432,2
1768374287050354104,24.29980621257588,8.870766698397299,1.6121750228832088,1.6225560975448596,2
1768374287125912887,23.417310319468143,8.81878236199908,1.612099086047963,1.6236564256260848,2
1768374287174793974,23.417310319468143,8.81878236199908,1.612099086047963,1.6236564256260848,2
1768374287257682715,23.78108644841248,9.02110865031218,1.6116507168905596,1.6232606283120243,2
1768374287326392252,23.494460489739353,8.889849641801275,1.6123365646654626,1.6238575454852109,2
1768374287532592364,24.98566930374846,8.930926206287054,1.6131266347551827,1.6225619029548475,2
1768374287575099168,23.460173608433887,8.994102255911024,1.6110691274347093,1.622382719680033,2
1768374287652053390,24.941522416717987,8.686805878260738,1.614371251167083,1.62312125633014,2
1768374287774858866,24.10543109431673,8.597776000619364,1.6142514066779434,1.6241637983323503,2
1768374287850422630,22.234787178890603,8.941703426365578,1.610621336498005,1.6238662789389766,2
1768374287974821625,24.25866091353024,8.848856193148539,1.6129072049007318,1.6232580852573324,2
1768374288050066931,24.501800244541627,8.827724121615217,1.6134615017571625,1.6230270619040699,2
1768374288124913365,23.22377432480649,8.672862014994779,1.6131631847221062,1.6242587949135752,2
1768374288174866275,22.964052199074825,8.92282494859289,1.6115610008486057,1.623878472451056,2
1768374288250388768,24.08533763816134,8.764462468387752,1.613144546908142,1.623420924454008,2
1768374288325348009,24.446186526578593,8.703900158916031,1.6136625146723622,1.6235605863699132,2
1768374288375204060,25.51107549640652,8.999719187363484,1.613263476759788,1.6224555114957568,2
1768374288575531332,25.23826835275922,8.623874691589691,1.6149323128409543,1.623245309791049,2
1768374288775424713,25.101138434062698,8.829867455726953,1.6136825040653087,1.6228910987301999,2
1768374288925458647,24.08521921805096,8.61186867538201,1.614145030885774,1.624465913699286,2
1768374288979613431,24.08521921805096,8.61186867538201,1.614145030885774,1.624465913699286,2
1768374289050996752,25.261384069943382,9.03238165532868,1.6122926588129856,1.6217618001922214,2
1768374289124976919,24.69705810575085,8.514200501061739,1.6152639351189393,1.6239411058388549,2
1768374289174982710,24.69705810575085,8.514200501061739,1.6152639351189393,1.6239411058388549,2
1768374289303620467,24.097782683758062,8.756796843826196,1.6134461892257856,1.6240171162886474,2
1768374289375102549,26.62617393452482,8.91445605456582,1.6141276710406656,1.6221579976867797,2
1768374289449970610,26.358627124154488,8.853108804839348,1.6141875874867588,1.6221784208865844,2
1768374289531477649,23.49172869522964,8.99405975957547,1.6111638225586369,1.623279825545598,2
1768374289580012929,23.508010856340356,8.991295771716871,1.6113892713940619,1.623460690595642,2
1768374289725147904,24.641498964254936,9.018605613147045,1.6118705899439452,1.6222307519030097,2
1768374289774840979,23.94174959608786,8.901585471999523,1.612465612272749,1.6235179397805342,2
1768374289850591759,24.466796623197283,8.69636755075815,1.6138408991380566,1.6231246173842544,2
1768374289974885945,25.840092876262098,8.828063897180698,1.6140845060141755,1.6226705877688157,2
1768374290050205592,23.679115292897013,8.817804689257486,1.6125306992256074,1.6237793472979314,2
1768374290125320263,25.47016597323548,8.875832948202708,1.613537091208562,1.622424624038714,2
1768374290174861085,23.63338907351098,8.990554275392274,1.6114938938513697,1.6233952402311642,2
1768374290249942901,25.4021760267249,8.795129826046129,1.6139279087672316,1.6227736440330405,2
1768374290324928834,23.692331808560454,9.115853790824264,1.6107465856204022,1.623168793627514,2
1768374290374958403,24.42707403626798,8.956908036543204,1.6128570570913912,1.6232413134215167,2
1768374290574965235,22.385807015255608,9.060383696929433,1.6102554187988034,1.6236130357962177,2
1768374290649894294,24.01838106560472,8.710140999886008,1.6134034649936198,1.6236394285511107,2
1768374290849734811,25.106438309620227,8.706670924138711,1.6145113889477294,1.6228725860536386,2
1768374290907763816,25.106438309620227,8.706670924138711,1.6145113889477294,1.6228725860536386,2
1768374290976850762,23.663929919290005,8.806850043501365,1.6126879021889187,1.623795117415022,2
1768374291050013098,24.826088304368945,8.787543774193823,1.6134579682599797,1.6232048654548135,2
1768374291125394886,23.672152572395746,8.804150201214853,1.6124347961277847,1.6230761980582749,2
1768374291175459807,23.672152572395746,8.804150201214853,1.6124347961277847,1.6230761980582749,2
1768374291251248841,25.880472531762955,8.649796634041792,1.6154111147860448,1.62320340379986,2
1768374291528566852,24.923991657529456,8.786320967622236,1.6139105933907532,1.6235708626673868,2
1768374291577110434,23.453076572023114,8.784972915468641,1.6124373029623307,1.6237525603526248,2
1768374291650460228,22.144598857488205,8.880495751113285,1.6109330129904746,1.6241736357205765,2
1768374291925406514,23.847431026071895,8.62480235708461,1.614416321962559,1.624271885557355,2
1768374291974993051,23.843089492114,8.960165134242507,1.6120665669235317,1.6236364571365631,2
1768374292050021855,24.85552696692439,8.568480861405229,1.614411161350462,1.6225127635821384,2
1768374292128596528,25.30055465380454,8.824907439356908,1.613733834868415,1.622878177580809,2
1768374292250081216,24.33572374589521,8.929039674677286,1.6122771226621855,1.6234107264755187,2
1768374292325340536,23.40411279605248,9.132997971937641,1.6103763968621445,1.6229043436885062,2
1768374292374977088,25.43265551118146,8.870056474529832,1.6133842326045573,1.6224239870583306,2
1768374292450010403,24.32752569335772,8.881568422640203,1.6129677762651486,1.6233183361925305,2
1768374292524850970,23.980371927757815,8.923533775317258,1.6117996800326604,1.6229599019789545,2
1768374292574924624,25.014655235760852,8.741830650921928,1.6139289316030268,1.6229929303376434,2
1768374292724959116,26.411141129697,8.814877210411641,1.614929518381492,1.622686029218779,2
1768374292775165172,24.209691232811803,8.787523692433707,1.6134731250959986,1.6236415751849824,2
1768374292850047857,26.16511388074194,8.660794882476166,1.6153672664369696,1.6226677058337193,2
1768374292906647739,26.16511388074194,8.660794882476166,1.6153672664369696,1.6226677058337193,2
1768374292975315407,26.164123508013226,8.989395054591785,1.613573453167673,1.622177867469864,2
1768374293049851964,24.40351053355272,8.99491025967076,1.6125536544565435,1.623606050342794,2
1768374293250695018,24.773593870504264,8.720125989833967,1.6146827464676914,1.6240760091893258,2
1768374293456549754,27.0313917118894,8.762524819486922,1.615507169588333,1.6225531760286007,2
1768374293525789088,23.90598199694982,8.835941838529028,1.6128155159479765,1.6231511026918255,2
1768374293575020187,23.80065812368981,8.769280626150493,1.6130671339750116,1.6235118970681333,2
1768374293650521680,25.034214841071602,8.801371795209802,1.6138001078590867,1.6229969026390405,2
1768374293732377620,25.779311864105203,8.528065176157993,1.615879704640284,1.622681312754153,2
1768374293850721648,27.528769561228295,8.761813799290511,1.6164129162348222,1.6225028910622405,2
1768374293974912238,23.852480720551128,8.815205539119415,1.6130227363593566,1.6238293206120111,2
1768374294050083149,14.294839439914497,6.373156095412389,1.603707846277666,1.6228736566061044,2
1768374294175080699,24.161615033531092,8.953818633286549,1.6117764639729133,1.6225157038140776,2
1768374294250054561,22.963079714717338,9.046778842823185,1.610634583748756,1.6233796914270815,2
1768374294324817979,23.319166783696275,8.591553133704794,1.6136608241518862,1.624693108428656,2
1768374294449929129,23.502803882243573,8.948815141479091,1.6119352549529669,1.623599075762167,2
1768374294524956555,26.63398790014737,8.449842253448345,1.6164138533101073,1.6220622892420162,2
1768374294575235325,25.521478317922064,8.830080514800725,1.6141266309801074,1.6223338175373587,2
1768374294650257603,25.181182875435802,8.912521037360237,1.613378272897935,1.6227965690517911,2
1768374294725232168,24.864276138443884,8.906158549697144,1.6130418405075357,1.6228727976592952,2
1768374294850162546,24.576550503109253,9.074373052074403,1.6113273987103929,1.6214749477636152,2
1768374294904020577,24.576550503109253,9.074373052074403,1.6113273987103929,1.6214749477636152,2
1768374295124936278,24.78000494863042,8.8250952679846,1.613460382962285,1.6227049229444954,2
1768374295178629223,24.78000494863042,8.8250952679846,1.613460382962285,1.6227049229444954,2
1768374295250698493,27.021524353413984,8.69084149233636,1.6157185499708129,1.6216496581279791,2
1768374295324887725,24.168258007041032,8.9645932372476,1.6120511932932993,1.6226506739947262,2
1768374295375122599,24.168258007041032,8.9645932372476,1.6120511932932993,1.6226506739947262,2
1768374295454441505,25.384893215955717,8.859879170493917,1.6132038383865976,1.622526030435427,2
1768374295502494710,23.820604761702448,8.94165358914806,1.6121654300209811,1.623671252403118,2
1768374295925263561,22.912051201983363,9.007706855276496,1.6111086228598286,1.623483362166876,2
1768374295974905380,24.649494609375154,8.888051990373384,1.612384258189703,1.6222843920419454,2
1768374296054374221,25.73870155077995,8.82055447510983,1.6143074329851423,1.6223901325770673,2
1768374296174793710,23.793963893747883,8.774626761046893,1.61269467794088,1.6236875152038386,2
1768374296249963963,25.707762452832128,8.935507307383016,1.6135941084890864,1.6225209246895105,2
1768374296324919604,25.278279201227384,8.896073253299623,1.6131393634004247,1.6226801788321217,2
1768374296375538423,25.345198456546257,9.017569514153232,1.612824754641496,1.622182370829977,2
1768374296449964387,24.60682729215291,9.091113678363662,1.6114395158384522,1.6223089042873735,2
1768374296574849113,24.20818286838888,8.675722670767643,1.6141159131005243,1.6235207027242002,2
1768374296649921569,26.461992865852046,8.842484925423381,1.6146518399541072,1.6220712486199544,2
1768374296725409214,25.69733611274505,8.782123109269811,1.6145281813452033,1.6231415565417286,2
1768374296775285591,26.12326974602719,8.989995946309358,1.6139934212173201,1.6227931969054414,2
1768374296849827586,22.63193666549124,9.029661104344664,1.6108651928723001,1.623571674998016,2
1768374296925040112,23.417629772450212,8.896596918038423,1.6120732555757549,1.6232623926792262,2
1768374296975135087,23.539025326631435,8.951977810277029,1.6120732555757549,1.6231454505213982,2
1768374297050253195,11.707698086476093,6.026760447787258,1.6073103612257862,1.6229831157333998,2
1768374297108130217,11.707698086476093,6.026760447787258,1.6073103612257862,1.6229831157333998,2
1768374297176057193,27.791978660430374,8.551400515835988,1.617496935030123,1.6217471429070636,2
1768374297250849617,12.66205835280032,6.106737081187062,1.606619447261415,1.6236527999900383,2
1768374297324911205,23.04744295460681,8.834059608173593,1.611848602042611,1.6234251944896327,2
1768374297383085645,23.04744295460681,8.834059608173593,1.611848602042611,1.6234251944896327,2
1768374297501373966,21.717196767831794,8.761069746955743,1.6114449132985058,1.6243523490772058,2
1768374297574751574,24.815947119614545,8.808942509706403,1.6134697348548088,1.6231068131763664,2
1768374297658750881,26.26956883848286,8.764505931805916,1.615362713238637,1.6226315650029106,2
1768374297727340334,24.943555635188464,9.027137152141925,1.612418631570305,1.6223740960325705,2
1768374297777281607,25.721541747690814,8.351944223588953,1.6167475283596222,1.6234559475057728,2
1768374297850200463,24.95473693507777,8.487369049984638,1.6154869043340916,1.6238290089692768,2
1768374297925804991,25.091049628431115,8.756301576608221,1.6137600613614471,1.6230931202291385,2
1768374297975113786,24.163639378461887,8.783289480229834,1.613117485895109,1.6232199611659626,2
1768374298052350742,25.89250934978726,8.636710861457509,1.6153356317752723,1.6225913492636421,2
1768374298250159950,27.18520127435964,8.560558842924484,1.616746612742259,1.6221612182113505,2
1768374298329044602,23.505505666986835,8.880267984341144,1.612493519243044,1.6238714042249323,2
1768374298450057885,23.573763038227334,8.668285900883856,1.613520250084215,1.6239837711810994,2
1768374298524873632,24.143335243275832,8.649716109406715,1.6144320762365088,1.6236014832703152,2
1768374298574701901,22.80801130027088,8.800813185023008,1.6120132820983233,1.6240930836907324,2
1768374298649880876,25.518582567375603,8.66269789478987,1.6143736255013317,1.6217916853402716,2
1768374298725316792,26.261933457860877,8.660731866562761,1.615126240440989,1.6224981366915043,2
1768374298775539962,23.150840080413015,8.83693188322528,1.6120937850159192,1.6235201396452754,2
1768374298924856248,25.329681555378514,8.58174143693102,1.6146635006219412,1.62259263237165,2
1768374298975019278,23.788039208195055,8.546109456315168,1.6146033828040143,1.6241793039229302,2
1768374299250220628,24.629501785982775,8.399341358112341,1.6158994383725873,1.6238002591960747,2
1768374299325290895,27.4438184858381,7.9542869060766845,1.620609138211933,1.6237577746780039,2
1768374299380146237,27.4438184858381,7.9542869060766845,1.620609138211933,1.6237577746780039,2
1768374299450341415,25.98377038012356,8.654158193091579,1.615210457146175,1.6225457071292246,2
1768374299526091987,23.827307013114087,8.345519703127392,1.6156674945436702,1.6242853473758958,2
1768374299574803338,23.902524084336243,8.326483341817603,1.6155576657319524,1.6242853473758958,2
1768374299850173156,24.394612908986034,9.006298524052328,1.6121366201618998,1.6230269715530332,2
1768374299932254717,23.64342539819564,8.99826745260534,1.6113731151660466,1.6231533493341845,2
1768374300050475821,26.422018242945988,9.013392706492969,1.6137430559784562,1.6214389162250369,2
1768374300174763182,24.07924964465291,8.942562230686445,1.6117249547553174,1.6224883556434972,2
1768374300250538188,23.496513716732448,9.056155242800843,1.6109600021893868,1.6231889416886291,2
1768374300326493562,23.843362472778516,8.648476308489291,1.6139912996161156,1.623801410638171,2
1768374300375112443,23.927400234188045,8.934053244121893,1.611777960955717,1.622999557555289,2
1768374300649799826,22.451478801472913,8.783836529735513,1.611906503241825,1.6235819414527766,2
1768374300725066328,23.357300694225593,9.017995972256,1.6105567402779315,1.6225976391398147,2
1768374300775108203,24.628819006651923,8.46382373876823,1.615738085686338,1.6239602105332982,2
1768374300850354322,24.312584950246354,9.041257020348954,1.6115112357031856,1.6221924138351254,2
1768374300924962867,24.876632900724395,8.6466848316056,1.6147128819494467,1.623200045975075,2
1768374300975196496,26.73803598280422,8.885039883984595,1.6145164676492176,1.6218028564629752,2
1768374301050277845,22.806562423525634,8.917320410579325,1.6113002466457047,1.6238245461854826,2
1768374301102455931,22.806562423525634,8.917320410579325,1.6113002466457047,1.6238245461854826,2
1768374301176421135,24.38854710457594,8.998114010870358,1.6124237013170328,1.6229883518241761,2
1768374301249853921,25.939240525756357,8.947984552328968,1.613753400477269,1.6224539707814656,2
1768374301325145715,24.30019513822557,8.695360853348504,1.6137076599909121,1.6236254811941921,2
1768374301376632688,24.30019513822557,8.695360853348504,1.6137076599909121,1.6236254811941921,2
1768374301450513199,23.916836877843515,8.686664737235445,1.6131021943165584,1.6235787922793146,2
1768374301525814548,25.20383539551996,9.04646633511819,1.612360670168086,1.6221065908855659,2
1768374301575251797,25.20383539551996,9.04646633511819,1.612360670168086,1.6221065908855659,2
1768374301653095233,25.5554508291127,8.717877282523695,1.6147644001968136,1.6231437746534538,2
1768374301774734756,25.22125907371531,8.373827931757912,1.6164512819783536,1.62339835880788,2
1768374301928977861,25.44702867309878,8.786368018941834,1.6137701768545398,1.6222763296648208,2
1768374301978882695,14.908238489824921,6.23363765187983,1.601906556291274,1.6216589079232537,2
1768374302255044191,25.57006706503828,8.64902439794556,1.6149848031559222,1.6232770996027612,2
1768374302324860061,24.71143839422951,8.872384312304643,1.6121919181621311,1.6220662702203028,2
1768374302450071943,25.293147496854964,8.881084241326088,1.6134463545149549,1.6226831689453263,2
1768374302525306419,24.906963489477185,8.72859269457804,1.6139728912007196,1.623040310808502,2
1768374302574821851,25.162188182781044,8.425976449131046,1.6161071240450906,1.6236396633580885,2
1768374302650288040,25.06314173036128,8.80729787877708,1.6134430083315636,1.6221745569188626,2
1768374302724980490,23.84706949408244,9.078103058524684,1.6110211321932553,1.6223865861531264,2
1768374302775159898,24.412330329656395,8.697780530523115,1.613500904872458,1.62305852038503,2
1768374302975257701,26.169335476474487,8.589029009192853,1.6161517190700234,1.6231688521546896,2
1768374303050070003,25.50937474823245,8.654491846708,1.6149624074629128,1.6231707438667877,2
1768374303125043433,25.071625191371627,8.9388561193644,1.6130539304531362,1.622947714354196,2
1768374303176041007,26.30672383065935,8.742660736870501,1.6150407164274176,1.6223417070498305,2
1768374303250041187,24.4507763001629,8.80224237671767,1.6136897304614455,1.6233742082364828,2
1768374303306183287,24.4507763001629,8.80224237671767,1.6136897304614455,1.6233742082364828,2
1768374303375413784,25.614504908708646,8.446188071122865,1.6159621429964817,1.6237320175282834,2
1768374303450340970,23.641475186645835,8.868437950641097,1.6121471312112623,1.6235835202517823,2
1768374303651300241,25.144408426236666,8.965816485472244,1.6128520396948078,1.622187482957181,2
1768374303726514362,24.226916158985865,8.691110240408161,1.6136120347605185,1.6232467089537141,2
1768374303976657654,26.755318303361754,8.563564605657286,1.616900060992346,1.6230968296233153,2
1768374304175380780,24.407930485451423,8.525506851228144,1.6151389690572764,1.623788918993331,2
1768374304251578668,25.404331056617437,8.574551194101627,1.615432803858947,1.6233341460051938,2
1768374304374975685,25.413320953006746,8.678548161011962,1.6143515184386221,1.6226700727335182,2
1768374304450096460,23.801837625386568,8.836931119977919,1.6127477641462606,1.6232435344684002,2
1768374304526472970,24.769859018173968,8.928760470397673,1.6128193048585677,1.622352479753712,2
1768374304574872361,23.550398102397672,8.866114144406442,1.6121012174694405,1.623257113327098,2
1768374304649723569,22.8848683453875,8.755249074299105,1.6120052731226808,1.6234295684336941,2
1768374304849850627,23.874455449316656,9.07731881077851,1.6110140507416697,1.6224415793309148,2
1768374304925246557,25.384726171880033,8.593728507571191,1.6151494449051513,1.6232825462683624,2
1768374304974970884,24.61901254400445,8.703020705080622,1.6140390332773733,1.6237190683003435,2
1768374305124935103,22.8040785957877,9.052648333271211,1.6103013590705562,1.6228902148467932,2
1768374305175465178,23.35689731889068,8.874879615605495,1.6122718688100002,1.6232135839764075,2
1768374305375104848,24.605403061844335,8.909116079160697,1.6124132135108207,1.622694134296028,2
1768374305524848229,22.84663083736005,8.968928676965097,1.610808855072354,1.623293716575931,2
1768374305580716960,22.84663083736005,8.968928676965097,1.610808855072354,1.623293716575931,2
1768374305649890773,24.26065757347895,8.821657569805412,1.6128609230361426,1.6228792775684198,2
1768374305725204315,24.25716705289549,8.695834360047641,1.6134018735867306,1.623442208676715,2
1768374305774929385,24.25716705289549,8.695834360047641,1.6134018735867306,1.623442208676715,2
1768374305856890652,23.298718288769614,8.8262060527316,1.6121840469095488,1.6236530112574694,2
1768374305974905431,24.79457725451706,8.545007677938793,1.614796962653621,1.6237503622700096,2
1768374306050073096,23.342982357466013,8.414194731352696,1.6141988577402684,1.6248068253326562,2
1768374306130856730,23.022339082220622,9.116297636368435,1.6101571009512348,1.622769813734392,2
1768374306250958504,22.40782635154126,8.860397516481477,1.610726680935709,1.6235171145215506,2
1768374306449893802,24.541489949723825,8.640523508931294,1.6140894199170022,1.6230667833438288,2
1768374306649920073,10.913628724255275,6.051789170507934,1.6072603894745987,1.6224489464014051,2
1768374306725015128,24.598728659907422,8.720955593841989,1.6139094514161245,1.6230456609241748,2
1768374306849945202,25.423989849333584,8.667784720577066,1.6145336158601316,1.6224298885771766,2
1768374306924775418,25.2651134745443,8.87560431089994,1.6130693671989178,1.6224734857131315,2
1768374307249993836,25.523449147399234,8.583052347114624,1.615207556929315,1.6229071946501181,2
1768374307650411683,24.34029956210071,8.959756672689519,1.6125656316331682,1.6233613613279858,2
1768374307975140714,25.89025036460102,8.49562711586308,1.6159938159918492,1.6232666506843612,2
1768374308050175107,25.091946376518905,8.553786433799374,1.6154027366889614,1.6237997101513848,2
1768374308178275309,23.892829590000275,8.71810204515921,1.6134417083934478,1.623566948133117,2
1768374308250035735,24.47018601964679,8.97363099425399,1.6119270035984412,1.6224995191362914,2
1768374308325076288,24.164978252185776,8.656326146970295,1.613909042668467,1.6232402935346968,2
1768374308375719345,24.90966721229948,8.835907144130955,1.6132947972169165,1.6228981485437073,2
1768374308524903984,24.866553429452765,9.14072987461269,1.6114159104017127,1.622037926404026,2
1768374308575223457,24.34973308580446,8.5053801466479,1.6147125791163552,1.6239032656409127,2
1768374308649817969,27.270608418234588,8.58141902060445,1.6168352095137026,1.622833598812417,2
1768374308729496391,25.168362039419414,8.588213595539676,1.6144892781535694,1.6226191111281898,2
1768374308849913513,25.289954680482563,8.744482646302789,1.6147101409907454,1.623859408140014,2
1768374308925046949,22.84613341330033,8.856967794311975,1.612440567100709,1.6240135512572846,2
1768374308974814405,25.699358207831537,8.672306634026803,1.6146764131823452,1.622594291973432,2
1768374309125415767,25.215265847123636,8.748595772267658,1.6141548227182771,1.6228862762111722,2
1768374309175092426,23.737546698418434,8.865235026776627,1.6126087156318498,1.623592758960036,2
1768374309324870874,24.040794167182746,8.965719558608962,1.6118299751097553,1.6225227724537308,2
1768374309375790489,24.317459308189626,8.738545589774697,1.6135480972812495,1.6231859840663891,2
1768374309449868475,23.540810897691777,8.714103647948873,1.612772668125781,1.623249265966833,2
1768374309506502591,23.540810897691777,8.714103647948873,1.612772668125781,1.623249265966833,2
1768374309575773749,25.34909237293448,8.73954708421729,1.6143519345169626,1.6226602343660894,2
1768374309650298702,26.543052881863094,8.35143689102361,1.6176015549023885,1.623409561409961,2
1768374309724969391,25.08804905484552,8.769223948019286,1.6139154848907276,1.623065205992175,2
1768374309780554839,25.08804905484552,8.769223948019286,1.6139154848907276,1.623065205992175,2
1768374309850579513,25.85054436872469,8.802741236489613,1.614219320528196,1.6223995852002988,2
1768374309925014421,27.040482384367735,8.751743567672431,1.6155836104439893,1.6221637663099195,2
1768374309974882530,25.272738384324754,8.915458830620599,1.6130986204205358,1.6221637663099195,2
1768374310057457182,21.283457712898635,8.88918814772657,1.6104230995958293,1.6244595267722113,2
1768374310175209759,24.538617954037,9.084440742767946,1.6109765624150116,1.6218839765968354,2
1768374310250121667,26.593264163953243,8.458031908061292,1.6170928477657844,1.622638007915555,2
1768374310333242441,25.50414742600937,8.438959704292024,1.6160572561932796,1.6236343494466667,2
1768374310525012095,22.679276882654253,8.66216432071633,1.6125357138054859,1.624212582319114,2
1768374310650517890,25.79611068266385,8.545993540075482,1.6160319579960882,1.6232829885030988,2
1768374310774964819,24.022942188783205,8.87008435126336,1.6126792983433185,1.6235477482531373,2
1768374310849985029,25.32617377243551,8.620545274622115,1.614952474471012,1.623211527990066,2
1768374310924743658,24.894123916014532,8.798622890253705,1.6133246518767694,1.6225294119266567,2
1768374310974717676,23.86740999506265,8.292534185472103,1.615632175695226,1.623893889881216,2
1768374311050043954,24.73901955351776,8.521209826652138,1.6146051539404649,1.6233537169502938,2
1768374311249901145,24.779588994450876,8.775224953330747,1.6138398427276057,1.623148543299512,2
1768374311450097172,23.902211274311913,8.648961760338752,1.6139288800756597,1.6237038736377265,2
1768374311503235396,23.902211274311913,8.648961760338752,1.6139288800756597,1.6237038736377265,2
1768374311649847320,23.63379873803151,9.082331897940515,1.6109933692157468,1.6227038466647503,2
1768374311850076517,24.86097736865367,8.685472743226072,1.613948523230038,1.622746416983135,2
1768374312054738771,23.293627796979965,9.081877446042567,1.610277674248732,1.6222956014976222,2
1768374312251101152,24.30616542304587,8.406278763450366,1.6150564001609617,1.6234757072616692,2
1768374312330315226,22.912357762791878,8.83881105569355,1.6120936256716683,1.6240645074108067,2
1768374312379495889,26.19686583281311,8.956027974469203,1.613145708081575,1.6210074469813445,2
1768374312450144213,23.75889879210602,8.863207089215814,1.6120207004839515,1.6235439922912307,2
1768374312524945526,25.151574919941133,8.64345526786875,1.6143931766874906,1.6232625877799938,2
1768374312574702413,23.50267374270798,8.91564814463795,1.6116628858709703,1.6231427078245297,2
1768374312650899002,23.408889291414823,8.862418296208288,1.6118769996707532,1.6236678440789414,2
1768374312774919362,24.74991903491808,8.572509375182188,1.6152487930099801,1.6237905580157412,2
1768374312924855263,26.043637978817145,8.6487397019628,1.6157372985344234,1.6228927183744435,2
1768374312974829882,23.500812947253593,8.815016026557847,1.6124793020712425,1.623742638377405,2
1768374313050406860,24.847336011644128,8.85823114452626,1.6135513756865443,1.623091525495794,2
1768374313124971306,24.358581623359132,8.68672498832979,1.613785041633104,1.6234407138639564,2
1768374313249844312,25.406765249092132,8.587251126051983,1.615472433691046,1.6234822378478286,2
1768374313575398238,24.53092521205469,8.760557041358734,1.6134095331900675,1.6230351443166304,2
1768374313851338519,24.96284310664665,8.864035401742502,1.6137998068435038,1.6230492508762302,2
1768374313925226435,25.271812760965908,8.861594332771215,1.6135268341920357,1.62272771630769,2
1768374313982857955,25.271812760965908,8.861594332771215,1.6135268341920357,1.62272771630769,2
1768374314052669600,25.748033971817243,8.782319418998481,1.6137704022010535,1.6226357198451515,2
1768374314101140914,26.276839515068986,9.098328872034967,1.6125674341179834,1.621429327530916,2
1768374314174947684,25.347927842538365,8.787099020646343,1.6137913969237438,1.6225152506813718,2
1768374314250441825,24.29120633940407,8.810066288906544,1.6131354563693174,1.6236159744748748,2
1768374314327094532,24.107930813097145,8.887441058076858,1.6128124116783278,1.6233874507369523,2
1768374314376447355,25.7136457907845,8.896896517263038,1.6141267092939262,1.6228868596891524,2
1768374314449934566,26.27527069121949,8.947860530992125,1.614316445089139,1.6229713694776782,2
1768374314525146134,26.545681924096787,8.802260074387512,1.6152203415516857,1.622590072370892,2
1768374314724959556,23.282507377794246,9.040292669331157,1.6110390112834394,1.622995910538944,2
1768374314850079637,27.166442779065434,8.529125154252421,1.6170417087569875,1.6227768607032353,2
1768374314925703587,24.87348855543603,8.983677599639261,1.6119718490938875,1.6218855726459456,2
1768374314974801358,26.387965109834433,8.957714426720708,1.613617879028111,1.6216138322713012,2
1768374315049889483,25.840874696097636,8.756846148480642,1.614404092046554,1.622424425320806,2
1768374315249919937,25.057964491663974,8.612909522006504,1.614751531672213,1.6227950655054915,2
1768374315449860081,24.58351103005385,8.93326415627202,1.6123179122989744,1.6231576151294604,2
1768374315524837959,25.07525044975445,8.97562793627548,1.6125530104631876,1.6231265102626686,2
1768374315649916133,24.706399779217403,8.839754396252783,1.61302539938801,1.6228159826225348,2
1768374315706412140,24.706399779217403,8.839754396252783,1.61302539938801,1.6228159826225348,2
1768374315775011101,23.809892047943258,8.82745096221456,1.612849585044917,1.6237377754566678,2
1768374315849891332,26.523877664273332,8.703653643447897,1.6155736704913202,1.622822916737813,2
1768374316050206281,26.359162221971655,8.83422094126593,1.6140814060182658,1.6221105569038536,2
1768374316174850401,26.021957946250396,8.728447205429356,1.6149627556662927,1.6227784763113178,2
1768374316325802017,23.156686805298143,8.92481069320552,1.6115745451736847,1.6235946724373194,2
1768374316374746842,26.271123650300822,9.014740836231786,1.6132352834835595,1.6222693740704714,2
1768374316524897627,24.23294316014646,8.71921518832271,1.6130473494362456,1.6229991842051068,2
1768374316725471768,25.117894233820603,8.982882816705986,1.612522964559766,1.6221018057973267,2
1768374316774662729,23.98847492005696,8.827374116360652,1.6122994636375574,1.6228958057633158,2
1768374316849889908,24.649103382943682,8.801615524057617,1.6131176776199152,1.6230518394156366,2
1768374316926354611,26.685318932003767,8.935187324654953,1.6142603223928604,1.6214128933399072,2
1768374317049897946,24.981427207545927,8.741112637519159,1.61375206102063,1.6226560955256963,2
1768374317124811426,25.135576110868474,8.726934556563732,1.6139943788173616,1.622804294771226,2
1768374317175723912,26.297798340339185,8.495359981915925,1.6165713833514952,1.6228485592786686,2
1768374317249912019,24.721305724087816,8.909130051066917,1.6129717601018116,1.6231488772045057,2
1768374317450095925,24.929251031581057,8.736589356390114,1.613154307486175,1.622836814148575,2
1768374317649946568,23.925534663461477,8.722926666208087,1.6133855469435943,1.623617262224041,2
1768374317702256520,23.925534663461477,8.722926666208087,1.6133855469435943,1.623617262224041,2
1768374317775001785,24.287338697487336,8.786819193178005,1.6133998442069004,1.6233895545210113,2
1768374317850253851,23.268589785383487,8.806557794939396,1.612569225846751,1.6241252841015061,2
1768374318050143283,24.39428739245897,8.972748518400605,1.6123670418976859,1.622838720749029,2
1768374318375078923,25.94031847697287,8.81062205374129,1.6148115301533115,1.6232876585015994,2
1768374318449872228,24.222313351788927,8.728230043321378,1.6132581070034464,1.6229644181533127,2
1768374318579292456,25.21287606094691,8.92422534284173,1.6134011636270031,1.622952415582784,2
1768374318650109664,24.448947129992682,8.767858456457882,1.6132763326001862,1.6229794439386718,2
1768374318724940023,23.876077537288822,9.010144078425702,1.6115376150344531,1.623225018775661,2
1768374318774758397,27.343187898129393,8.705712298862304,1.6160248814469425,1.621878383824515,2
1768374318974960492,22.73978384220787,8.74124285277357,1.6124150425755799,1.6244712453082801,2
1768374319129871013,24.82053220415903,8.555891263978749,1.6151237259934956,1.6234734868043625,2
1768374319174692377,24.67958363863176,8.766344605711554,1.6135563898766359,1.6232704890401284,2
1768374319250000826,24.038225740478758,8.758611235740338,1.6134155774598518,1.6235945741749447,2
1768374319324946409,24.783537558727975,9.0843243272809,1.611821922435324,1.6225484290247154,2
1768374319525447895,24.505623471247073,8.834822844228004,1.6137172359931935,1.6233500240120518,2
1768374319574783859,25.197084580871998,8.514937106247183,1.615885940844066,1.6234316483602875,2
1768374319650214978,25.858874977593203,8.777350306505847,1.6149160437363446,1.6233849179148254,2
1768374319725062782,22.09809619884817,8.94492324905478,1.610837814725069,1.6241534677037823,2
1768374319775237695,23.61301510627389,9.027622405084639,1.610837814725069,1.6226376940973544,2
1768374320050058062,24.8860299727236,8.82365822902958,1.6131620846567785,1.6228365291620848,2
1768374320251370607,25.291104299112188,8.81387609979379,1.6140935392222968,1.6231590513294378,2
1768374320450479858,14.15203479094318,6.16699465755653,1.6033442831295057,1.6220570579738605,2
1768374320527509472,26.317225498463603,8.821301625309236,1.6145965605416006,1.6222133158865149,2
1768374320576687792,24.3002050554324,8.815038869175794,1.613080145544708,1.622909325154751,2
1768374320725702759,22.525501103049407,8.975967584149412,1.610371575454703,1.6234272319952705,2
1768374320775082030,26.281702890418757,9.016367388091407,1.613247650837762,1.621825768116115,2
1768374320974643719,25.23668458541262,8.504517674603894,1.6158610796015547,1.623625907023181,2
1768374321050236277,24.0207532632577,9.075712396399926,1.6108387458978404,1.6223055405931794,2
1768374321127564536,24.31457067746301,8.791596301045114,1.61321721871789,1.623169639448696,2
1768374321325166849,24.423362137630633,8.810455122811007,1.6136658913916708,1.6236229710370944,2
1768374321374763848,25.66627311762204,8.8015471749682,1.6144210887095511,1.6227259934996585,2
1768374321449979555,24.49874700758614,8.82146098319152,1.613242776918626,1.6233698694553522,2
1768374321525045319,25.582642428159772,8.814447618425046,1.6143079858931202,1.6229178222646294,2
1768374321574872286,23.488645650060256,8.947677317986296,1.6118090940247973,1.6232042687107808,2
1768374321724817771,24.34818558812113,8.948895487037587,1.6124458947304339,1.6232247521904624,2
1768374321850224796,24.231541076198848,8.51464468428048,1.6143198572463677,1.6234546406925185,2
1768374321904670157,24.231541076198848,8.51464468428048,1.6143198572463677,1.6234546406925185,2
1768374321975537462,27.117682474109728,8.590142899207532,1.6168746390116093,1.6225408595137734,2
1768374322125223246,23.433472858301442,8.994045948311651,1.6110393971745702,1.6228497899473928,2
1768374322180222362,23.433472858301442,8.994045948311651,1.6110393971745702,1.6228497899473928,2
1768374322250548873,23.822870030783648,9.148154526651885,1.6102179126745546,1.6218514543411044,2
1768374322325068044,23.22439342684035,8.994051172057821,1.6108089572875868,1.6229477640393986,2
1768374322374923416,23.22439342684035,8.994051172057821,1.6108089572875868,1.6229477640393986,2
1768374322505081404,24.650625430987503,8.601943258521752,1.614640489086345,1.6240260302018865,2
1768374322575916953,24.53442396099037,8.873877876309725,1.6131971577877091,1.6230210290784866,2
1768374322650510177,12.694670037688871,6.208153413799417,1.6054422083807502,1.622643203171191,2
1768374322731963805,24.376485578982088,8.493380723367489,1.6151890316195967,1.6237679484493508,2
1768374322775529210,22.676211146726466,8.88394544175643,1.6114302361638093,1.623830141979232,2
1768374322924864268,25.72265773932836,8.907769630614634,1.6132720980696416,1.6220192259085566,2
1768374323126462559,24.604077295023785,8.597002584235103,1.6143436112589968,1.6231153943036059,2
1768374323174803672,25.081657991924633,8.91459338249104,1.613576795995893,1.6232048528836645,2
1768374323249929509,25.924399076995954,8.622234294552557,1.6149943947781598,1.622519935066557,2
1768374323374700519,13.37874660866456,6.27364718698573,1.6053006558115488,1.6232429240782658,2
1768374323525004127,24.834548252216536,8.70576469370661,1.6143639997113477,1.6236742453094433,2
1768374323575460388,23.269535958962084,8.917632629617797,1.6117980144295068,1.6239176168201517,2
1768374323725049011,23.083391319923543,8.971723931614328,1.61151371087947,1.623978422484467,2
1768374323924922469,24.689733914047054,8.70744287489596,1.6141944314383592,1.6234501236440237,2
1768374323975528774,25.241201601303054,8.773287949634538,1.6141944314383592,1.6229024539793553,2
1768374324177005851,24.978024173279103,8.729548461036655,1.6138230352028686,1.623179705684842,2
1768374324250551147,26.187242547240697,8.924631091431001,1.6140268452339297,1.6224633387287946,2
1768374324452858890,22.981669768718184,9.202745985105246,1.6097253251845933,1.6228021795642311,2
1768374324502417034,25.698138273578365,9.035618468981788,1.6130956397800142,1.6225437100483315,2
1768374324575342587,23.049117849660128,8.880251192751897,1.611730515834331,1.6238170017250095,2
1768374324650592697,25.108707299798418,8.843473133531198,1.6133792837788012,1.6229662491045829,2
1768374324729590476,26.232831178875095,8.899797023061327,1.6141766127629094,1.6227543323781224,2
1768374324778378057,14.149696251888333,6.2318804648933765,1.6046542515488988,1.6233157518794765,2
1768374324849995849,23.9087955585402,8.844901351501168,1.6121336202764178,1.622806958175302,2
1768374324974932158,24.506603314528476,8.943300676195282,1.6127224821006858,1.623396559373666,2
1768374325053921747,25.437697030830098,9.001646025330322,1.6132231824761694,1.6227705489543065,2
1768374325124892007,26.353273398696864,8.818643423656649,1.6146485446530916,1.6223741895875106,2
1768374325329187258,24.642077722831335,8.8704143239091,1.613220035551212,1.6228328872209465,2
1768374325524880731,23.33962485994867,9.018877166753038,1.6113938806621095,1.6234758622079752,2
1768374325650234367,24.31240064069606,8.950252712334262,1.612236697455975,1.6226874421868362,2
1768374325725347831,24.7578348587405,9.042793392842585,1.6120624991431813,1.6222820882281872,2
1768374325774966551,24.852830394319405,8.811867261274019,1.6135163905249654,1.6229314932475905,2
1768374325850057435,23.559105401320668,8.99454444624021,1.6114151867455024,1.6233777192477632,2
1768374325925134864,25.748306401121912,9.176063288419396,1.612209957799851,1.621772034708936,2
1768374325975289069,24.20189893193303,8.97448565390342,1.612209957799851,1.6233095251445397,2
1768374326050480425,25.735051742827864,8.831294276779657,1.6143531577277481,1.6229004905366806,2
1768374326105691753,25.735051742827864,8.831294276779657,1.6143531577277481,1.6229004905366806,2
1768374326324859677,26.22711665974098,8.93861075556302,1.6140585679153978,1.6222896950685755,2
1768374326381904688,26.22711665974098,8.93861075556302,1.6140585679153978,1.6222896950685755,2
1768374326451081506,23.990296568948466,8.810529600030689,1.612956392714624,1.6236838856062517,2
1768374326525450560,23.08570283918887,8.765956577883019,1.612518017525196,1.623921852288165,2
1768374326574660335,24.251732218883106,8.608382944547627,1.6145975282126837,1.623921852288165,2
1768374326650433068,23.745277254788366,8.888221410486274,1.6122019827270218,1.623375760428268,2
1768374326727472563,25.108217599003837,8.739271677778982,1.614084536038758,1.6229556174104431,2
1768374326776406966,25.398609954434104,8.855302472753733,1.6139711649000603,1.6230744494929013,2
1768374326850053812,25.17890368496456,8.727643386864761,1.6141072720610903,1.6232741027430517,2
1768374326925248250,24.966228718461103,8.97382915589561,1.612571168755307,1.6222640981343233,2
1768374327327538922,23.014950030886936,8.823635011526207,1.611932388152143,1.6239644120912795,2
1768374327374765809,24.608915124410657,8.937388396876631,1.612597233883574,1.6231252362237174,2
1768374327449839742,25.259642226301395,8.712688426937422,1.6144246185510736,1.6228547938891622,2
1768374327525242355,23.225227399106707,8.766164154235462,1.6124441312187376,1.6239243648904735,2
1768374327575204799,27.265497597858346,8.574511140116002,1.61700757734302,1.622881263058815,2
1768374327725058817,25.062518765201602,9.052373730577777,1.6120784292460966,1.622820905301908,2
1768374327774689801,23.673501292324815,8.830018389389645,1.6122092003189705,1.6238691505079585,2
1768374327849865656,23.16842894591753,8.858134409269677,1.6120069417990945,1.624219530080858,2
1768374327974806190,22.199531110949742,8.90981013238558,1.610593071353995,1.6234384931855133,2
1768374328175252461,23.580085687333607,8.89061308756523,1.6123958533406277,1.6237345556408305,2
1768374328249830748,25.15207093440175,8.971402893984765,1.6128977908186855,1.6224403829112677,2
1768374328324805662,24.22497685268543,9.04493057729153,1.611321115370581,1.6223656759628908,2
1768374328378809060,24.22497685268543,9.04493057729153,1.611321115370581,1.6223656759628908,2
1768374328450532231,25.48670599976144,8.680638712792991,1.6143988441128538,1.6226359928434577,2
1768374328524770097,25.997570075202205,9.208010156447616,1.6117304962461385,1.6211671537080905,2
1768374328574827825,25.753386011439396,9.206423952185396,1.611512244873615,1.6211671537080905,2
1768374328650575111,25.38372667713307,8.698903085990661,1.6147497742116808,1.6235916552218876,2
1768374328774954821,24.180156457678237,8.65961240819359,1.6135793154944866,1.6234498911316417,2
1768374328849701539,27.071412204167757,8.982761206337083,1.6141986520802205,1.6215301200875105,2
1768374328931340851,22.909985475158656,8.79365877656497,1.6120894914299233,1.6240182962389924,2
1768374328975254569,25.288463503316372,9.031619382463942,1.6126583635184968,1.622400723340926,2
1768374329174983082,22.71160600012223,8.674129422263626,1.6127895651259274,1.6249058934503282,2
1768374329250275707,23.90356985115072,8.836844565730415,1.6129074516661979,1.6236852683296428,2
1768374329324804308,27.354293734645154,8.514415224144502,1.6174543731731617,1.6228966090658665,2
1768374329574740447,23.161055398353003,8.894628850085565,1.6116479383810158,1.6237413703325518,2
1768374329724905829,24.496505093742236,9.198058314738818,1.6110102665164128,1.6217682384586105,2
1768374329774918468,24.254266152472947,8.666518142349368,1.6136649420951477,1.6233920583519377,2
1768374329849831643,23.704046664104972,9.034604505345232,1.611169784712566,1.6228205083945861,2
1768374330049955262,25.887259044199638,8.559449902975867,1.615886044336864,1.6233553262569442,2
1768374330524667619,24.31827811555842,8.842773590751353,1.6130473538777874,1.6230200069772223,2
1768374330583189440,24.31827811555842,8.842773590751353,1.6130473538777874,1.6230200069772223,2
1768374330652319641,24.532217916077627,8.973059331506695,1.6121263941619925,1.6225448726860487,2
1768374330701562713,25.288524633175324,8.958978513552784,1.6128794730217042,1.6224724413402845,2
1768374330929861386,26.24608559591102,8.882182982144741,1.6143125303538526,1.6219728291727014,2
1768374330977643837,25.554016123871428,8.815851237304724,1.6144340033554108,1.623111922131306,2
1768374331049857007,23.419484062682905,8.925327683578582,1.6117111315079995,1.6235203522862522,2
1768374331125086528,22.85768376766306,8.879667834498784,1.6115118083550535,1.6235475374482293,2
1768374331254333435,24.858172150966418,8.954959789887983,1.6123950475113455,1.6217712239416622,2
1768374331324971138,23.295734596094686,8.63661322559262,1.6136220380860078,1.624457773064919,2
1768374331374711670,25.239710810008198,8.677894877774035,1.6144047593758732,1.6231394454391899,2
1768374331450083064,28.24632553531581,8.479106815245414,1.6178495481333897,1.6221188967705271,2
1768374331529014647,23.845659684516242,8.751597076817582,1.6131788700432166,1.6238420245293619,2
1768374331574913106,26.687340984667074,8.48159395866667,1.6172259570887082,1.6232734281708754,2
1768374331649947804,22.461508133682308,8.818826366004942,1.6114806838528442,1.624001789281632,2
1768374331724884834,24.62040554447764,8.970548271460167,1.6123411975316753,1.6227910442370517,2
1768374331849933235,24.737978245915173,8.946250784639261,1.61284601820143,1.6231312641639717,2
1768374331925377027,24.990386350149052,8.696607950730293,1.6140189580804456,1.6229625475589267,2
1768374332124883869,26.036940688533903,8.631000349915986,1.6156397582206965,1.6226584757324354,2
1768374332174782060,26.036292007774577,8.681387521200653,1.6151897296574182,1.6229110878429656,2
1768374332249985885,26.051683817042594,8.955356934759505,1.6133672380424784,1.6211394021701302,2
1768374332307168923,26.051683817042594,8.955356934759505,1.6133672380424784,1.6211394021701302,2
1768374332524999626,23.16113151108734,8.797132077311108,1.6120909203218536,1.6234974711662924,2
1768374332581109174,23.16113151108734,8.797132077311108,1.6120909203218536,1.6234974711662924,2
1768374332650499932,26.120572475277548,8.636557371126576,1.6158702702388188,1.6231364211413746,2
1768374332774719260,25.389093890271663,8.642843019359525,1.6147615268141822,1.6230600194558167,2
1768374332857903036,23.60454497092368,8.834000266564292,1.6128088796237745,1.6237771120455704,2
1768374332974825918,26.10016605230836,8.780195826531738,1.614543264959444,1.6227304997549905,2
1768374333049930368,25.215041776199378,8.85603629776029,1.6134836824692909,1.622595888662689,2
1768374333125714458,24.61170955849856,8.883437595160427,1.6125599480071269,1.6225104732504385,2
1768374333251461415,23.681974730292985,8.749441600693425,1.6122695530877953,1.6234368259301877,2
1768374333325028399,25.374342873938804,8.96906842748011,1.6129576971173218,1.622381739739116,2
1768374333374620543,23.705734008721446,8.594825608764523,1.6139545728498346,1.6242246990549944,2
1768374333449821105,25.50139993966072,8.905572490819765,1.6132097173288542,1.6222736291417523,2
1768374333526971808,26.630791864984403,8.833049129566568,1.614312746731942,1.621780923700103,2
1768374333574838381,24.433012576105195,9.005036739882508,1.6117540375942334,1.6229058754451606,2
1768374333649817956,24.17246372667914,9.038768665091062,1.6117756645567876,1.6227798128989546,2
1768374333724912272,25.68505951300026,8.681164446905862,1.6143815807518291,1.6223742071263574,2
1768374333775070269,23.684452645651,8.824417346356107,1.612057479840789,1.6230200262284837,2
1768374333849832976,24.768543036104205,8.351108314554963,1.616130669591734,1.6241410779433958,2
1768374333925500023,24.75513339393909,8.96223848452008,1.6126675015894456,1.6224789372977753,2
1768374334124796526,24.92655395945631,8.758053116333844,1.6136986953597094,1.6230767787877896,2
1768374334250062590,24.473467019597408,8.75953304653156,1.6130723033355756,1.6228881334897673,2
1768374334302752419,24.473467019597408,8.75953304653156,1.6130723033355756,1.6228881334897673,2
1768374334450445072,24.833680920469227,8.92956113760353,1.6130916958695312,1.6231497912558093,2
1768374334525119535,24.124617987174133,9.133503919209868,1.6110105875279523,1.6224874739214543,2
1768374334579610381,24.124617987174133,9.133503919209868,1.6110105875279523,1.6224874739214543,2
1768374334650143824,22.310588044494484,8.92188802939178,1.6102287042268493,1.623208292503209,2
1768374334724925276,25.045472897390788,8.951953840939996,1.6125926039248217,1.6226014309402683,2
1768374334775264245,25.045472897390788,8.951953840939996,1.6125926039248217,1.6226014309402683,2
1768374334854864283,23.25736915236698,8.90025120847933,1.6117568133943507,1.6234711997996076,2
1768374335050082540,23.69538954670869,8.74586549451381,1.6126474396827404,1.623691746544079,2
1768374335178354956,25.012449234292244,8.690998370071922,1.61408102528179,1.6230642776088644,2
1768374335249886944,25.48370220799012,8.817474692311185,1.6135881783590726,1.622806575024177,2
1768374335374721394,25.704136346419215,8.795762862191253,1.6139302391584534,1.6226055195514721,2
1768374335525059003,25.39456115539207,8.801145303364354,1.6139328114382896,1.6225527841262888,2
1768374335725260110,24.852218152661585,8.721319145764598,1.6137680415304658,1.6233104991137561,2
1768374335850226856,25.06613905784505,8.513299107033548,1.615128555426959,1.6233406292019918,2
1768374335925277831,24.643779755328055,8.70018892732584,1.6135754369530277,1.6231210323077796,2
1768374335974877474,24.08824699721923,8.839832164362285,1.6127193147890948,1.6233420947024362,2
1768374336049886688,25.901305056642343,8.808962132772775,1.6144349385788577,1.6230064755958415,2
1768374336125368557,25.67511439607162,9.153534969543845,1.6120020631188774,1.6215269348891965,2
1768374336174948757,22.83899053075311,8.832171436657863,1.611712765206388,1.6235658598079272,2
1768374336325291912,25.00755868276272,8.981436373950118,1.612289041951542,1.6225893281986266,2
1768374336374887842,24.511572252706948,9.006989432293844,1.6120429161420389,1.6231572134696386,2
1768374336650394991,25.313497852285096,8.95534354274873,1.6130183190220704,1.6221938551198527,2
1768374336725198211,23.527342651747716,9.126111406892283,1.6105888922537341,1.622538201230977,2
1768374336782913266,23.527342651747716,9.126111406892283,1.6105888922537341,1.622538201230977,2
1768374336901518724,22.604020627776443,8.990764029877663,1.6109942008247582,1.6237920826898662,2
1768374337249779672,24.973116720621746,8.891229617099565,1.6134911146477484,1.6232482249205853,2
1768374337374739435,25.124725286183036,8.874187080564873,1.6129597045777138,1.6228363543754343,2
1768374337525076142,24.332375818960863,8.598585378225788,1.6141726837745631,1.6234353015288954,2
1768374337774751655,24.823674596446523,9.002826159668942,1.6126491033853263,1.622949613896513,2
1768374337924884828,24.42271903710602,8.750119451534223,1.6132513485850009,1.6226762204869416,2
1768374337975425150,14.210245683023093,6.236607260971926,1.605362817515587,1.6239838307397967,2
1768374338049791422,22.7112352314216,8.653542765012505,1.6127449316764415,1.6238945915104575,2
1768374338125210295,24.606847601035042,8.848172432584583,1.6130225577134423,1.6229503757918387,2
1768374338174921008,25.05500815461348,8.789631008946989,1.613595867978625,1.622532032885606,2
1768374338249922532,25.034928904026366,8.758593905351477,1.6135622548656805,1.622392340402335,2
1768374338324848145,24.365156810310484,8.790954772533834,1.613593229215679,1.624164195744851,2
1768374338375115832,23.21119173081776,9.026175055337657,1.6108550270168709,1.6231072691932331,2
1768374338725350250,24.234852675709462,8.782722696993691,1.6132341714673186,1.6237108895538503,2
1768374338779697563,24.234852675709462,8.782722696993691,1.6132341714673186,1.6237108895538503,2
1768374338851055360,24.005485223132617,8.965984729581335,1.6119706720906475,1.6232054140895624,2
1768374338924888541,24.18916862785503,8.539352539289647,1.614588885666836,1.624184905403804,2
1768374338974862872,24.18916862785503,8.539352539289647,1.614588885666836,1.624184905403804,2
1768374339056863989,24.905100983266372,8.956186275648212,1.6128290645610395,1.6225180390102518,2
1768374339174832850,24.898415841781542,8.519006312156625,1.6150960135291816,1.623246552574553,2
1768374339249917870,24.683976508315997,8.718701053292852,1.613615249090309,1.6225208622105085,2
1768374339332948912,24.101068330519617,8.846472502028366,1.6127617121780966,1.6236774223835302,2
1768374339374978584,26.286665022434708,8.890328791525933,1.6143858936282447,1.6218311830479637,2
1768374339524866305,23.924309728176496,8.773653248739613,1.6130862258250058,1.6236291981460422,2
1768374339574877859,23.762086140234786,8.909662611230853,1.6118207202708952,1.6228413439034146,2
1768374339725908551,25.464505560477413,8.871135999002892,1.613184943289047,1.6224119563366486,2
1768374339774771940,25.25116415996176,9.096885157053393,1.6125245585478905,1.6228940158666443,2
1768374339974879870,23.35103742365119,8.778681718201298,1.612450281836947,1.6236340921929615,2
1768374340049821770,25.738110869872656,8.815893568603222,1.613923830867035,1.6227168400164929,2
1768374340124871357,24.384979304653108,9.012308770577446,1.6116587692257314,1.6225197848874602,2
1768374340249995566,23.36918537423882,8.562364145997858,1.6135536838686932,1.6236107287123067,2
1768374340375075555,16.0511616394432,6.440289815922644,1.603406644978223,1.6240532684041216,2
1768374340449986474,24.075562522242855,8.90762448431468,1.6120837487971336,1.6230604721160675,2
1768374340504160967,24.075562522242855,8.90762448431468,1.6120837487971336,1.6230604721160675,2
1768374340575128292,23.25600640394354,8.819959137622192,1.6122928944706307,1.6237477391142063,2
1768374340649748026,23.544424563806785,8.958492245902892,1.6114504218081211,1.6233324693505777,2
1768374340725086947,22.52035656522633,8.950131220969414,1.61079964136605,1.6234222955845277,2
1768374340777990777,22.52035656522633,8.950131220969414,1.61079964136605,1.6234222955845277,2
1768374340850303565,25.307218237330396,8.848413898352588,1.6135334757260653,1.6228587000138337,2
1768374341053744764,23.59228346375053,8.795344725581714,1.6123899276475204,1.6235332426500535,2
1768374341103208161,24.56790470856629,8.898310489036866,1.6127989730353331,1.622931185858695,2
1768374341175000907,24.62538233844036,9.076655398268134,1.61184548537453,1.6228869827952255,2
1768374341378924294,25.036484719726193,9.027662536194448,1.6119363071218578,1.6221499063846627,2
1768374341450008116,23.483786354300705,8.962651213082987,1.6115976609154536,1.623284998406549,2
1768374341524813231,22.880125659402452,8.971000933999164,1.6115473683761032,1.6233478539525963,2
1768374341574787906,23.714612952927318,8.90544609978548,1.6126796197278586,1.6238042905206833,2
1768374341654317612,23.895651809009657,8.747165894860654,1.613386249635706,1.6239588639366027,2
1768374341724854941,24.00026626601459,9.050304197417674,1.6112671372317642,1.6228602181733818,2
1768374341774789589,13.578676323845906,6.286136560081737,1.603215684458942,1.6217434028670787,2
1768374341850041676,24.083557472942108,9.1458717181642,1.6110157443950617,1.6226468260931364,2
1768374341974926754,24.639751644083052,8.74018573434829,1.6134906726392342,1.6228448562534805,2
1768374342124950944,24.339932359265013,8.96442785323274,1.6120197424766958,1.6228399251509957,2
1768374342174897949,24.383852401282713,8.931410892577365,1.611938657288389,1.6224317580536884,2
1768374342249746565,24.749128516176498,8.927922115743334,1.612821257029484,1.6229577837524698,2
1768374342374861762,25.36680254315837,8.619912398524937,1.6150246157386774,1.6229650164558218,2
1768374342849821808,24.736181871474194,9.040789909614785,1.6113664811289843,1.6217056178856466,2
1768374342925040116,25.582371644180093,8.60521367966654,1.6151286086178545,1.6227836794893429,2
1768374342981427413,25.582371644180093,8.60521367966654,1.6151286086178545,1.6227836794893429,2
1768374343051414432,25.80609005762757,8.774146350666722,1.6145314327732805,1.6227639857355838,2
1768374343125216333,23.86178098541425,8.562047027929601,1.614407627893418,1.6240285418022957,2
1768374343175078618,22.1941999305908,8.882794818095,1.610975874765983,1.6240285418022957,2
1768374343258337971,22.95306049852841,9.162829225136864,1.6096803149156722,1.6223765883493173,2
1768374343326670407,26.490874275010732,8.702429783798292,1.6158615207358318,1.6224158683796253,2
1768374343449867906,24.575408121840336,8.937657208544394,1.6124311744291557,1.6226776641186302,2
1768374343652385820,25.907725920756963,8.787884479605461,1.6141176077875905,1.6222790591833356,2
1768374343724625278,24.200066685151178,9.013221515593465,1.6114247937753523,1.6227495548798099,2
1768374343775093063,25.692804315067043,8.950455996248929,1.6132266054308648,1.6227188949291576,2
1768374343928207637,24.132336810443576,8.987648946624924,1.612126020666105,1.623174797291595,2
1768374343974844331,24.04956204879816,9.216664261239915,1.6104227761479795,1.6222365263050902,2
1768374344049881896,22.058136617979507,8.862837604610826,1.6107886113967476,1.6238110577383083,2
1768374344124650557,25.405432118364104,8.883629133562982,1.6140781959013617,1.6232445140309382,2
1768374344250782246,24.566277113308388,8.684493160777956,1.613973949994336,1.6236963402093043,2
1768374344324915219,24.68426862861883,8.642683358678783,1.6144764555649476,1.6232601022669453,2
1768374344449853872,22.044724893193425,9.049007478747036,1.6097553956572896,1.6237955910368203,2
1768374344524902595,22.703345224473594,9.048925605710684,1.6105448118498171,1.6235615286498333,2
1768374344775622588,24.545159008763974,8.62512379667708,1.6141994618530175,1.6236086074602576,2
1768374344849685548,24.655683350412126,8.868233504581601,1.6128463629470269,1.6229479875166373,2
1768374345050046157,23.699670891103697,9.105772878267246,1.6105749780505279,1.622484623836599,2
1768374345304887886,25.038357177185723,8.550108232521621,1.6152117759938147,1.6233064874916456,2
1768374345375232792,23.24465295499767,8.84086013340662,1.6118861125611055,1.6232523088089692,2
1768374345449835733,25.05343251159564,8.777622136406437,1.6139864672524165,1.6225456493689545,2
1768374345575069956,24.19058106997052,8.968647863342218,1.611826881721535,1.6229561685559968,2
1768374345724764664,23.254980442836136,8.83057176460537,1.6120932396543557,1.623964275352614,2
1768374345774857598,24.939297084856538,8.830316526687039,1.6131886868752763,1.6228911270578965,2
1768374345850275404,24.68742160256521,9.298289874626873,1.6103822435839805,1.6217776208711385,2
1768374345925271727,23.958550678270907,8.948450181236254,1.612895901068476,1.6240398757913022,2
1768374345975416241,23.94717586964901,8.667699779545146,1.6136725893119046,1.6238913515588527,2
1768374346125674602,12.518678428047991,6.168697462929817,1.606548894835583,1.6231890007115657,2
1768374346174831721,24.03229962694109,8.958418147996383,1.6121842614495123,1.6229302972217938,2
1768374346249873476,23.314319373190173,9.006042933395184,1.6116214713757695,1.6236836080926023,2
1768374346374807308,25.475708218438477,8.68178280506339,1.6148630334886651,1.6226211592891326,2
1768374346575195752,24.400168300681145,9.161358162186422,1.6109389758872166,1.622463226138175,2
1768374346775902540,25.488686992870324,8.628039319532704,1.615018802778426,1.6231621887825165,2
1768374346849692985,26.071241204105533,9.081125899384444,1.612757280983057,1.6218679626024015,2
1768374346907382467,26.071241204105533,9.081125899384444,1.612757280983057,1.6218679626024015,2
1768374346978663527,21.35811330966364,9.170046924942861,1.608832141656421,1.6233208671450716,2
1768374347125837097,24.05928391281109,9.021150226436669,1.6115403592855297,1.6229722958605024,2
1768374347175004853,24.05928391281109,9.021150226436669,1.6115403592855297,1.6229722958605024,2
1768374347253515374,25.075107390786666,8.854816390223494,1.6134781167862815,1.62293228883648,2
1768374347374811966,23.753625574498784,8.828678089746818,1.612093572260891,1.6229482825932222,2
1768374347578055881,21.195185067810485,9.103195283589283,1.6083089790263485,1.623162696096593,2
1768374347650295942,25.5434084345314,8.797275163805157,1.6140632229461156,1.6221813701440635,2
1768374347724891707,23.936317261681104,8.895056059857744,1.6120402229323805,1.6233496935082319,2
1768374347774818723,12.130060109189156,6.016985200824408,1.6048738480110516,1.6214203819491722,2
1768374348050068453,26.232807042801063,8.699593537779222,1.6146728345904873,1.6218266811977176,2
1768374348128982415,22.992157709673002,8.84689825198588,1.6115855716556289,1.6234644267370446,2
1768374348174584279,22.57469807665324,8.85841112709652,1.6113817306067395,1.6241198893262156,2
1768374348324929763,24.714322949412228,8.653373115452927,1.6140025196777037,1.6229084028886154,2
1768374348450295299,23.47483628167213,8.795902502931268,1.6127297745531846,1.6240079778470973,2
1768374348524664693,26.188015792496742,8.643766053887807,1.6150389316961347,1.6223979449209907,2
1768374348575142217,24.60276276903017,8.847179935608873,1.612730155045267,1.6228180024870136,2
1768374348649722869,24.595481636434435,9.030210119009176,1.611649050091503,1.622167443993039,2
1768374348849736534,26.78131208232415,8.690952509882134,1.6160687925338386,1.6226665629893733,2
1768374348906192936,26.78131208232415,8.690952509882134,1.6160687925338386,1.6226665629893733,2
1768374348975680198,23.135959223753886,8.9338880271161,1.611605069477505,1.6232235795598187,2
1768374349050202092,23.52165337966916,9.047582447225354,1.6109463439715108,1.6229870503131734,2
1768374349124662630,24.326226667026106,8.960199324767967,1.6125651363312539,1.6232670393288333,2
1768374349181965328,24.326226667026106,8.960199324767967,1.6125651363312539,1.6232670393288333,2
1768374349250719696,22.24991769990936,8.916650654369299,1.6107696734185522,1.6235637192050376,2
1768374349325091023,25.92753997513619,9.050230441673076,1.6128886482651221,1.6218626684949833,2
1768374349456932254,25.671116752200128,8.997240273347648,1.6134707153971037,1.6227156616765244,2
1768374349526837393,24.631859483210672,8.816071754429869,1.6129948834735928,1.6226814504406206,2
1768374349575730274,23.91571961700567,8.985860632569747,1.6119952259836308,1.6231870616013502,2
1768374349649961985,24.48890614901633,8.83092395038366,1.613283383605499,1.6231702590733768,2
1768374349725434665,24.954373693556022,8.867129930832347,1.6135146542378485,1.622930393385846,2
1768374350126926846,23.64466021982392,9.040991699969412,1.611764388777891,1.623685269039395,2
1768374350174780583,26.01216877007917,8.854075270057129,1.6142125732157642,1.622997446211966,2
1768374350249742121,23.771145662923043,8.865300741245413,1.6118258824648486,1.6232241886549148,2
1768374350374906752,24.750291560877045,8.597044674465582,1.6149655827786822,1.6239463631988926,2
1768374350575100001,23.96825999500285,8.889269018220118,1.6125662895913395,1.6238046151762704,2
1768374350650010431,24.62993745426956,9.002493705497674,1.6120181876151125,1.6225890610539349,2
1768374350725000526,24.825868580022004,8.606248380769747,1.6146373182386569,1.6236504426621978,2
1768374350775310599,25.324048722238146,8.7724800549115,1.61394640607162,1.622930933483991,2
1768374350849977019,23.484515239142745,8.746078074268782,1.6126328490754909,1.623604105131177,2
1768374350903448316,23.484515239142745,8.746078074268782,1.6126328490754909,1.623604105131177,2
1768374350975387430,24.739504876422068,9.042016823388126,1.6115798963869037,1.622001291987007,2
1768374351049905194,23.624030762800842,9.254356598826572,1.609755252173124,1.622313176085067,2
1768374351455251582,24.814568675439965,9.023823973767737,1.6118331673114243,1.6222094959622477,2
1768374351503358078,27.292736380467808,8.825656288600038,1.6157351815392988,1.621983795464522,2
1768374351650022346,24.814116443177213,8.854997088549755,1.6125246209901616,1.622679943034631,2
1768374351730484352,25.23716206865423,8.936513086402456,1.6132714830286687,1.6227931100810968,2
1768374351775288145,26.011983106521754,8.812955027622253,1.6139016949661726,1.6219713379006482,2
1768374351850118697,22.95023628398973,8.732247891270053,1.6125741172729828,1.6239837821877094,2
1768374351924964386,25.055481460806828,8.684258549246465,1.6144313046097785,1.6233350340861228,2
1768374351974799381,27.682614131240957,8.320810285457007,1.6184980438208543,1.6225896871453436,2
1768374352125079148,24.73440127336035,9.1345664564511,1.611420830421724,1.622382001701988,2
1768374352175106496,26.758932791780545,8.751329036166158,1.614957901941877,1.6221252024877246,2
1768374352325513021,25.15612868851269,8.766557657115094,1.614301871363142,1.6237665043505636,2
1768374352374872784,24.01064166564271,8.568018171887596,1.6140134724701687,1.6235207185401934,2
1768374352524813482,25.67045505021759,8.528173355962785,1.6162944084860054,1.6238120189573448,2
1768374352650163322,24.64670880208386,8.830865274786609,1.6132775942967956,1.6230435359610633,2
1768374352775168040,26.98151224935552,8.919425856198282,1.6147475905753221,1.6222671756377258,2
1768374352925190177,23.9406768936703,8.876653195689045,1.6120024455639026,1.6230373197668317,2
1768374352975775616,24.200163438559798,8.917648266525832,1.6120024455639026,1.6227741600036945,2
1768374353049745453,24.840693682083746,8.719809922521573,1.6139888639791762,1.6230053642212219,2
1768374353107165768,24.840693682083746,8.719809922521573,1.6139888639791762,1.6230053642212219,2
1768374353175887992,25.82855188530564,8.92109055831559,1.6139561199836892,1.6227483616096774,2
1768374353250057136,24.593203469890803,8.887151040747264,1.6130316619229284,1.623085592258321,2
1768374353451909448,24.430076603848548,8.861590150788933,1.6125342958996673,1.6230247297066858,2
1768374353501954674,24.513316538085085,8.522909476313586,1.6150156688023412,1.623880591265838,2
1768374353574671979,26.52139661172015,8.494420618794168,1.6167357261025075,1.6230478881697439,2
1768374353777588047,25.871121521414906,8.855190390459803,1.6142623672684215,1.622597439125986,2
1768374354125209337,26.61236086006946,8.905245127071016,1.6141612930622606,1.6216341761101187,2
1768374354249789397,24.77084239363969,8.695864150323791,1.6140558241439373,1.6228956773419858,2
1768374354329121548,25.239106767179553,8.964261966653146,1.6123929465472442,1.6217872894069314,2
1768374354375086076,24.255764824854033,8.661236514171136,1.6134466291458356,1.6236168590917313,2
1768374354650237072,23.706042725251784,9.006615548169757,1.611155413033159,1.6226270051490437,2
1768374354724770786,24.765741530274443,8.851738249804486,1.6130042282573664,1.6235323174971705,2
1768374354774805576,24.994145243785184,9.125204050488687,1.6117361108159372,1.6219788008325546,2
1768374354849743838,24.70794020248612,8.893754898278313,1.6123476724689207,1.622582856400369,2
1768374354974835352,22.878919888694504,8.83994554992521,1.6116044105757215,1.6235597833310749,2
1768374355049704654,24.200884609251627,8.74204809654573,1.6131167149290195,1.6231360256326448,2
1768374355105300612,24.200884609251627,8.74204809654573,1.6131167149290195,1.6231360256326448,2
1768374355249993748,25.834622662904707,8.572392323109701,1.6158644154115933,1.6236021755689543,2
1768374355657783842,24.486866671099783,8.90059491561923,1.6126385583991574,1.6229289068284345,2
1768374355726805341,24.604712647663174,8.51927572902649,1.6150625458138,1.6235951853925144,2
1768374355774760988,22.141729169649516,9.004708962247836,1.6100369918122726,1.623390697955673,2
1768374355849708199,25.505457285153412,8.971520726962046,1.612967724854074,1.6223728800861463,2
1768374355974649911,25.142718956987054,8.8614210019653,1.6130168629995563,1.62203609158484,2
1768374356050631647,24.37443562122299,8.72719159356749,1.613202090108123,1.6226627139931007,2
1768374356326732763,24.261513096373697,8.856124692843636,1.6127469942611876,1.623243641304797,2
1768374356374766302,24.152149914342004,8.911265284192728,1.6122644110131457,1.622587096511313,2
1768374356449771451,26.0133802222311,8.736070490907137,1.614684072525899,1.6224133138413028,2
1768374356649814361,23.880240302926794,8.909666850508456,1.612477766512815,1.6233068389989425,2
1768374356774833495,25.322380643364895,8.91459046900178,1.6134020296378648,1.6228079151047055,2
1768374356849859023,25.498016101109798,8.84687115690601,1.613182955920848,1.6217959563009692,2
1768374356924897305,24.501988594810786,8.847615449553397,1.6123802114987036,1.6224945853498092,2
1768374357049962146,23.677755074375195,9.108464669146462,1.6109501737529226,1.623087874690796,2
1768374357103556700,23.677755074375195,9.108464669146462,1.6109501737529226,1.623087874690796,2
1768374357175337313,25.46467673690156,8.557536325035024,1.6151946255296004,1.6231521501918553,2
1768374357249578839,25.68525984405534,8.511534044457393,1.6160271981229002,1.623223408378443,2
1768374357325108099,24.15726005842478,8.807332619915345,1.6126749581989708,1.6232856813455658,2
1768374357378782919,24.15726005842478,8.807332619915345,1.6126749581989708,1.6232856813455658,2
1768374357450384679,23.363638527988062,8.725302483905486,1.6127889170966985,1.6239502147351037,2
1768374357524642171,25.452225603631806,8.708172886925519,1.6146484034698525,1.623614489912163,2
1768374357574671108,25.452225603631806,8.708172886925519,1.6146484034698525,1.623614489912163,2
1768374357849815317,25.78973938425011,8.67763812529143,1.6150958584661352,1.6225799243057517,2
1768374357931002727,23.944675871912402,8.749210639714173,1.6127038863019678,1.622955163873405,2
1768374358174921900,23.111362689153037,8.95847141956521,1.611170991516547,1.6230704035524859,2
1768374358375524385,25.10978520579443,8.79247023839014,1.6136535540556034,1.6225402522437746,2
1768374358525363395,27.245122513558595,8.638055293633467,1.6160558635641342,1.6219385278837344,2
1768374358650026435,24.807258112987896,8.585680881506882,1.6150088643277458,1.622903694436016,2
1768374358724778007,24.79734369350495,8.75934200078322,1.6137304263463508,1.6228977992207712,2
1768374358774700545,23.755238141392134,8.899373760602892,1.6123619664359818,1.6236059038023836,2
1768374358849775922,23.68603296287808,8.957967210933857,1.6115899989687317,1.622912062492079,2
1768374358974897163,24.84023224749743,8.855677478618487,1.6131950898159815,1.6231970657897006,2
1768374359049822390,25.402522299796004,8.50524470963165,1.6158478927693534,1.6235834927840596,2
1768374359124996005,24.771938260819137,8.61636021202201,1.6145917762746902,1.6231024405800956,2
1768374359175165904,25.683074139000617,8.663241014466804,1.6145917762746902,1.6222025372853595,2
1768374359249855870,13.536548083754596,6.203686522032101,1.6049136710828609,1.6227565436328037,2
1768374359307108735,13.536548083754596,6.203686522032101,1.6049136710828609,1.6227565436328037,2
1768374359376135978,25.180232195078034,8.84286159264499,1.6133691242868051,1.6229136902826784,2
1768374359450379467,24.32990608519159,9.063536843595504,1.6114301289487318,1.6221960314095731,2
1768374359524853986,25.211146393492978,8.641966277431035,1.6146059544426292,1.623005799270282,2
1768374359582615336,25.211146393492978,8.641966277431035,1.6146059544426292,1.623005799270282,2
1768374359653427190,23.702329728037654,8.823612964295968,1.612539956583152,1.6235581816999938,2
1768374359725325753,23.61688522210681,8.700956436246598,1.6131171435506404,1.6239919914857202,2
1768374359774922861,23.476567714410645,8.574621389904042,1.6137444822023075,1.6239919914857202,2
1768374359850078767,25.0538165928047,8.654185548377809,1.6147466286420826,1.6237924745130254,2
1768374359975919745,25.762331455988274,8.820414448555319,1.6140634755632903,1.6224781916262385,2
1768374360049997330,25.60664098003551,8.874426753341893,1.6136641714668927,1.6224520883458844,2
1768374360125012233,25.91653724132348,9.067312020149785,1.6129276598599642,1.6224078942501785,2
1768374360254434460,25.639231393975727,8.737216584165882,1.6145594527603895,1.6226881060237721,2
1768374360325015942,25.362314387961547,8.774692796274644,1.6144255926585978,1.6232582861874056,2
1768374360374879260,24.208610776587314,8.580916145944968,1.6144719377295709,1.6241111054647381,2
1768374360449645515,25.482230689615413,8.736147715978074,1.6143885667368172,1.623108573079491,2
1768374360527556316,23.16344084056987,8.68653181197545,1.6124881172299597,1.6238838563588631,2
1768374360849731905,25.374023118221345,8.582319212612669,1.614964213231547,1.622827671919851,2
1768374360924721889,25.32031498009846,8.752716868159634,1.6144150259732077,1.6228564845363884,2
1768374360974656585,24.296731119756608,8.87453394240416,1.6124424579594847,1.622783056120004,2
1768374361124769653,23.276350230789777,9.083061465395497,1.610862058947698,1.6230518774426097,2
1768374361174826673,24.521764392117838,8.877966554674636,1.612514399364991,1.6226121578304298,2
1768374361250002924,23.479570897424473,8.920573846225818,1.6118188788224836,1.623532434968011,2
1768374361305615671,23.479570897424473,8.920573846225818,1.6118188788224836,1.623532434968011,2
1768374361375563893,22.592186613487275,8.99763489243077,1.610230601100246,1.623029374191951,2
1768374361450020905,24.787829635973814,8.832677679710502,1.613174544970906,1.6233258777553352,2
1768374361650307445,24.619711856236126,9.04232011313103,1.6120765965619896,1.622447035163401,2
1768374361726266799,25.49707264500789,8.747101538372439,1.6143350397383682,1.6228542478824848,2
1768374361774829253,25.49707264500789,8.747101538372439,1.6143350397383682,1.6228542478824848,2
1768374361855284371,25.47637639161038,8.334481476322933,1.617130134380529,1.6238662474012289,2
1768374361925746565,22.56289534511735,8.902906074098214,1.611216223362167,1.6241187493904112,2
1768374361974493147,25.309342923803825,9.024681657135865,1.6125765861189034,1.6224097210672783,2
1768374362174825630,23.053795023090018,8.913572587087907,1.61180527490401,1.6243258677251071,2
1768374362324866964,22.916871148737084,8.845155089480544,1.6116826775262658,1.6235589821197114,2
1768374362375090729,23.2769657446974,8.997960454693066,1.6108751024566963,1.6230447026216734,2
1768374362574906685,23.584012547524623,8.984205471248968,1.6117336569496503,1.6233173465530149,2
1768374362725028251,25.753179721880628,8.499681970593805,1.6161410863909287,1.623500954538526,2
1768374362775270559,23.439324224976854,8.470820071390607,1.6143938402972617,1.6238293832158328,2
1768374362924852048,25.02306385090791,9.084247075070527,1.6121951730631867,1.6227348719825914,2
1768374362974736603,24.656666180516098,8.78479867427205,1.6133869030859767,1.6228807989527094,2
1768374363049832905,23.39059104394625,9.015108540449605,1.6112064513296669,1.6233010085384632,2
1768374363124735339,25.262079934687875,8.911175052268367,1.6129224334440901,1.6226586130995102,2
1768374363174907208,25.65096808237466,8.666092938806496,1.6150302930744262,1.6228174566456954,2
1768374363249861096,24.394610177227662,8.78785695557104,1.613404340624776,1.623443930746194,2
1768374363301857890,24.394610177227662,8.78785695557104,1.613404340624776,1.623443930746194,2
1768374363375234072,24.230063411438074,8.576695999095241,1.6137037388536701,1.6232607681975046,2
1768374363450022358,25.206125342095874,8.627508658649212,1.6151221064813988,1.623464416751052,2
1768374363524862666,25.833616234999024,8.942837439024824,1.61333046664255,1.6218338825076861,2
1768374363578718894,25.833616234999024,8.942837439024824,1.61333046664255,1.6218338825076861,2
1768374363650339980,22.321996181545067,8.872713815640527,1.6110361480198738,1.6240263672447999,2
1768374364050323051,23.724320707472213,8.833893008153117,1.6126614703127087,1.6231036657385085,2
1768374364130232287,23.42279758462751,8.7637353643007,1.6126050590266072,1.6238676342160485,2
1768374364249913927,25.64108262118858,8.778873229782238,1.614355415034622,1.6227969814538754,2
1768374364374948321,24.16073134561003,8.954115204015373,1.611944690002864,1.6230383469058434,2
1768374364454914053,22.755710194212185,8.991099930828844,1.610633090494107,1.6234037554987244,2
1768374364524778274,25.49572090358265,8.616253512809436,1.6150636498055162,1.623265449331311,2
1768374364574847635,25.115377720710484,8.54685341669301,1.6154596431573063,1.623515716317517,2
1768374364649839491,24.54021540601703,8.749996840269668,1.613659771017917,1.623624486359955,2
1768374364725810234,22.689995451742774,8.888341560048268,1.6108845724389398,1.6233204644021981,2
1768374364774635764,23.946533890617737,9.048866991861576,1.6114385316671946,1.622621229096078,2
1768374364849854594,24.6407892598397,8.74105598378561,1.6140539603275492,1.6235602892466006,2
1768374364974774172,25.297443802160924,8.70559488472554,1.6145352244737154,1.6226587310336793,2
1768374365124771664,25.701701255410825,8.948229010780889,1.6140949068467685,1.6228927621559257,2
1768374365174893105,25.435430421853145,8.62266425978704,1.615059496789239,1.6233137454389346,2
1768374365249834389,24.443943002029343,8.739907424715003,1.6137818554477663,1.6233633107743628,2
1768374365449578551,25.341140563724494,8.781528099706504,1.6142550642400302,1.6233111938985247,2
1768374365505915537,25.341140563724494,8.781528099706504,1.6142550642400302,1.6233111938985247,2
1768374365650319199,25.872161561702576,8.974403518328556,1.6130914690269282,1.6219400846022722,2
1768374365851461099,23.728296162353057,9.305095974715238,1.6095698564785401,1.622174257327317,2
1768374365974675493,26.203652525313757,8.716999437412685,1.614627018023092,1.6222905989898457,2
1768374366128281559,24.457109856440784,9.04550842077366,1.6119085239457873,1.6228619275540963,2
1768374366249836824,24.43828207928167,8.938283903204887,1.6126120290645398,1.6229579494946866,2
1768374366325285486,25.261740434157964,8.98905920489277,1.6128770972631705,1.6222829773825889,2
1768374366454466520,24.4399979719665,8.716610844870704,1.6132857430138163,1.6236206552099786,2
1768374366525293024,23.694277700112345,9.110883639462857,1.6108725989355714,1.6227069911689884,2
1768374366650066298,23.191808380285785,8.846237217416379,1.6116193937452208,1.623058543225169,2
1768374366727704650,27.334941002539193,8.474588985435865,1.61710273485978,1.6221060004025891,2
1768374366775255881,25.10496935333917,8.772704000996354,1.6141016559503365,1.6232431574145043,2
1768374366850070494,26.217669601900305,8.564118130367001,1.6163008395265084,1.6229497202033807,2
1768374366975075971,23.274724406896485,8.98728037801048,1.6112543560188857,1.6233917130443267,2
1768374367049834714,24.165312690821228,8.873766345750374,1.6124953591055826,1.623006080731319,2
1768374367125223564,25.723702962180184,8.520553480962567,1.615838238355976,1.622918848343922,2
1768374367174734183,24.199731500880837,8.87067503120754,1.6125558737939782,1.6224782736683128,2
1768374367249992614,24.31047043043244,8.797901537781813,1.6137128928487001,1.6238101827170854,2
1768374367325042549,25.408156287611618,8.584165106533217,1.6157301161291129,1.6235214026033455,2
1768374367375035471,23.38740851642207,9.316550193659042,1.6095068165421689,1.6226678693115446,2
1768374367449810746,23.21949697550796,8.918489503639195,1.6119154977710692,1.6238786219403758,2
1768374367504528345,23.21949697550796,8.918489503639195,1.6119154977710692,1.6238786219403758,2
1768374367650406685,23.42386612986669,8.90002528894332,1.6113217132892792,1.6227241883631591,2
1768374367724539377,24.698084259049402,8.943951377247084,1.6121925245439748,1.6220141363078582,2
1768374367779916531,24.698084259049402,8.943951377247084,1.6121925245439748,1.6220141363078582,2
1768374367850240648,23.855497895186815,8.976089444281678,1.6116611128905671,1.6226894285579219,2
1768374367925784979,24.638793046373173,8.942345324874518,1.6123715362262707,1.622356793326631,2
1768374367974913675,24.638793046373173,8.942345324874518,1.6123715362262707,1.622356793326631,2
1768374368126191976,23.345245865812323,8.627745952893418,1.6131434433394687,1.6240506387407783,2
1768374368332070350,24.746286203361834,8.578270668456899,1.6145097107752446,1.6233553155343632,2
1768374368374978168,25.353058039939036,8.731307944614771,1.6145291046299832,1.623096645225989,2
1768374368450029607,24.082517305017646,8.751855169756665,1.613319937751291,1.6234365975923477,2
1768374368524711770,24.038136076088623,9.069384480658005,1.611448320443634,1.623231342418899,2
1768374368575164416,26.274616711188024,8.584894868503733,1.6160036202358796,1.62334608248337,2
1768374368775028799,24.738122979089283,8.872438218724083,1.6132706750415398,1.6230882393630655,2
1768374368925222109,23.09796629500127,8.645760114821892,1.6131574765575245,1.6241418914453196,2
1768374368974781576,25.017675454984236,8.90013199199407,1.6126685011536448,1.622306977917092,2
1768374369049781259,23.98100314831586,8.98139399956692,1.6119652825563864,1.623152268086117,2
1768374369124853072,26.218483519395043,8.67107080295056,1.6150796768858382,1.6225818560645788,2
1768374369449591526,25.35010820926864,8.858806621585684,1.613875513869914,1.6230922378020516,2
1768374369650163586,24.359087006549096,8.931918608947923,1.6124034402224907,1.6229257590038078,2
1768374369850435875,24.08261679067469,8.940544624937337,1.6123871612673515,1.6236366701003113,2
1768374369925002466,24.37021895432334,8.923353502333423,1.6128259703488697,1.6235616150777106,2
1768374369975617009,24.37021895432334,8.923353502333423,1.6128259703488697,1.6235616150777106,2
1768374370053296064,23.348359188733347,9.234569810605532,1.610392977466237,1.6231957503937309,2
1768374370250118390,26.082410691701252,8.69528351499667,1.6150854906394883,1.6225674694658883,2
1768374370377799494,25.60884102730121,8.770167421325487,1.6137464388636398,1.6224842458408941,2
1768374370449809921,23.843108774316057,8.901399400850726,1.6117372092527602,1.6230985209614195,2
1768374370524879114,27.746217226679804,8.682375398831718,1.6166459563519082,1.6218687930989115,2
1768374370574661333,24.439894231041983,8.716419115997976,1.6137905770466354,1.6236518883235849,2
1768374370725174541,24.370505484289538,8.62687352609829,1.6140808422109927,1.6236895658145136,2
1768374370775286152,27.350703605266034,8.530277800602212,1.6169501426449813,1.6223590812574868,2
1768374370849820761,25.049248987165875,9.112596209363147,1.612053377940049,1.6223757841417,2
1768374370925454074,26.07528274553994,8.522931816992644,1.6164216255976664,1.623061213865477,2
1768374370974838821,27.35645391614461,8.514180931233769,1.6170621662877065,1.6227029381303728,2
1768374371049979338,25.844871995060803,9.096503124518598,1.6126750152749745,1.6221269284944257,2
1768374371125105037,23.67508723666223,8.779601592311662,1.6123914836648556,1.6234353327047288,2
1768374371174976771,24.52618298498588,9.11756812949918,1.6113378231786482,1.6223517719449556,2
1768374371324743727,25.24403753299098,8.400642301918403,1.6162038077256635,1.6242264601200225,2
1768374371374894023,24.33178657213397,8.72272720891649,1.6137210305090481,1.623787549905769,2
1768374371450162794,25.41808391780842,8.611525250386794,1.6150094166442317,1.6234452058933095,2
1768374371649950302,23.6760821971691,8.792693746309265,1.612278157055564,1.6231510512795366,2
1768374371706617572,23.6760821971691,8.792693746309265,1.612278157055564,1.6231510512795366,2
1768374371776489962,24.52003744998521,8.66735143462048,1.6139115390980876,1.6232543287144443,2
1768374371850095645,12.51443227834681,6.16707638053805,1.6062681378984256,1.6230080528283253,2
1768374371925101576,25.613807207229833,8.874848178018656,1.6130601544704957,1.622207754103336,2
1768374371981578401,25.613807207229833,8.874848178018656,1.6130601544704957,1.622207754103336,2
1768374372174614006,25.52328665235848,8.655412272497541,1.6151107307112602,1.623190190469595,2
1768374372250359749,25.05604836617703,8.956644870810875,1.6127892470604517,1.6223545448723344,2
1768374372375305997,26.537106896721284,8.690071406778097,1.6152671174300903,1.622557057539779,2
1768374372449850456,26.537736665107168,8.955986159833701,1.6135383194120214,1.6214585716173895,2
1768374372651933058,25.69021237144775,8.955297231275507,1.6132745757241207,1.6227895672720936,2
1768374372724788415,24.397292817036398,8.752958229129227,1.6133953102678844,1.6232682508259444,2
1768374372774685446,22.68564499494241,8.887519515742055,1.611435369366753,1.6242365144710418,2
1768374372926810807,25.360121118432666,8.985775016363199,1.6128847161275655,1.6231241258788136,2
1768374372974645785,24.84380259046981,8.822489172200372,1.6131666005724319,1.6229800843012725,2
1768374373049817259,26.519199405480308,8.701940923547225,1.615600936528649,1.622921933785604,2
1768374373124918577,23.868029792018184,8.761307363247278,1.613421889784222,1.6242529123294422,2
1768374373175022298,24.38202153020419,8.696085925538604,1.6138798296789556,1.6237791159945416,2
1768374373249909189,27.239080075980084,8.987424454689473,1.6143968196944523,1.6217164721380304,2
1768374373325079009,25.493541463261327,8.770408106362792,1.6133082232910811,1.6219645018400621,2
1768374373374973081,24.473406559527344,8.610763774140079,1.6149988676080225,1.624338703122412,2
1768374373450230102,25.91769958516643,8.977142355708414,1.6132301045095998,1.621957081192242,2
1768374373524797749,24.958440300517417,8.978146316832348,1.6124466951025431,1.6226397740347227,2
1768374373649804356,24.249759057121125,8.787766070981231,1.6137273135409131,1.6238326653942026,2
1768374373703882886,24.249759057121125,8.787766070981231,1.6137273135409131,1.6238326653942026,2
1768374373850261008,25.148635617649575,9.026087118199749,1.6122872531328867,1.6219368884601932,2
1768374374050195095,25.249497735417847,8.63977462758557,1.6144721880728023,1.622884140797947,2
1768374374255566884,22.701686103895558,8.847576171194552,1.6111016796878992,1.623259243319968,2
1768374374374881580,25.876230570610836,8.814241003233265,1.614225626329633,1.6220751438102423,2
1768374374449725198,24.573545413711262,9.04412644510901,1.611891514059565,1.6227184567350068,2
1768374374531793299,24.98116185117749,8.928409562254199,1.6125314631494905,1.621996442579295,2
1768374374575396400,24.821979529883407,8.739411963990522,1.6135553452425826,1.6231539296743873,2
1768374374724878433,24.723643356026948,8.917365571115726,1.6127720339006637,1.6229859609597748,2
1768374374775408531,25.77207571191242,8.492629830956485,1.616033133207071,1.6230540290827513,2
1768374374849969013,25.159896750228672,8.90264036582644,1.6134211001781094,1.6232847066639318,2
1768374374974534194,25.288596668024745,8.7094989078425,1.6143376738733337,1.6228354966890688,2
1768374375049789336,23.46824727102348,9.02215607504951,1.6117867039100933,1.6232585663142176,2
1768374375175067821,24.367060923527582,9.049002716724209,1.61168321446023,1.6220308036265862,2
1768374375374628046,23.42093234816378,9.100234938242945,1.611378291624817,1.6235541512519238,2
1768374375449875944,23.104096939355443,8.955638726281544,1.611208033383728,1.6234706319044383,2
1768374375524834025,23.94493715983281,9.081649473668394,1.6112479468814427,1.622561715639549,2
1768374375574994418,25.256177101570245,9.209473580351636,1.611142096761492,1.6214946595264632,2
1768374375724783449,15.030143121886441,6.4274146523122955,1.6038706332498143,1.6236320721644966,2
1768374375775724310,14.381636984871493,6.372322152654213,1.6038706332498143,1.6229799745711198,2
1768374375924907059,25.880601937953827,8.972183436616852,1.6134133540009001,1.62255059889868,2
1768374375977276944,25.880601937953827,8.972183436616852,1.6134133540009001,1.62255059889868,2
1768374376050316729,24.629965216889538,9.28293044688698,1.6106550113705245,1.622303805265826,2
1768374376577612764,25.1743193686238,8.849954363029648,1.6141497445182182,1.6235907291443221,2
1768374376649703879,24.37382851059766,8.904196813801212,1.6125717584539159,1.6233831040256543,2
1768374376724840461,26.080542200380698,8.601889290704674,1.6153723466729222,1.6229271300924817,2
1768374376774636219,24.728963529628835,8.863462505049442,1.6127751997114055,1.6228772753586276,2
1768374377049781002,25.212166399615434,8.920887983722068,1.613140225208164,1.6231241835802592,2
1768374377128296808,14.892262157365943,6.416853971465801,1.604776381029207,1.6244784028458925,2
1768374377175048302,24.15275419524776,8.756186023469514,1.6133362372341795,1.6234286824992212,2
1768374377375023734,24.565972113496983,8.940265878451964,1.6125900662728192,1.623268300200491,2
1768374377575137677,25.504215698242348,8.91206398790914,1.613469847328885,1.622935386483997,2
1768374377649741824,24.26830675323344,8.801048001739824,1.6129941250017976,1.6233949566542396,2
1768374377724778322,24.472547720193916,8.752877194376502,1.6132615157350796,1.622781262833847,2
1768374377774513494,24.78333482984607,9.07421939621632,1.6120233942161843,1.6222995124243367,2
1768374377849855401,24.411116690854495,8.696586811134068,1.6136257837739902,1.6234050459995542,2
1768374377905015113,24.411116690854495,8.696586811134068,1.6136257837739902,1.6234050459995542,2
1768374377975606695,25.283466616942363,8.932379628707166,1.6135210910646323,1.6231233020844968,2
1768374378049966842,25.166428333270208,8.615563575310457,1.6148965556703063,1.6236354785816849,2
1768374378250261513,25.192818540038964,8.92668063260345,1.612654398201748,1.6222444072080884,2
1768374378456498508,24.79730598334062,8.713708943314508,1.614128713130132,1.6236667851906048,2
1768374378526418526,24.629234122403254,8.935190882644958,1.6125942354580733,1.6228940518546668,2
1768374378725100624,24.822514938870555,8.968842868736699,1.611886039524321,1.6218440671676098,2
1768374378774672539,25.341443941200303,8.596867883469505,1.6152898248070284,1.6228547818115733,2
1768374378850810968,25.51424974407435,8.723288824924442,1.6144738372680507,1.6228611403127435,2
1768374379174716120,23.635054484303364,8.84000607941003,1.6119982466171636,1.6235820542581456,2
1768374379325048134,25.397109931711626,8.510189214223335,1.6155640239596103,1.6228836246870453,2
1768374379374949270,24.417895003261858,8.621269244290183,1.6139686409159697,1.6234785078192884,2
1768374379450082051,23.643817447964956,8.980393862680716,1.6112588259225435,1.6230383041414471,2
1768374379524689152,24.344375526999194,8.919942892530424,1.6128321427696115,1.6232301562512716,2
1768374379575242098,22.966434115426093,9.03308370650293,1.6108321160308234,1.6235694533973897,2
1768374379725093428,24.9953363987081,8.922047246491701,1.6134428861608412,1.6236314290135319,2
1768374379975086104,24.69402337717841,9.164535562384758,1.6109722036195078,1.6214373571190333,2
1768374380250438396,25.13913104742049,8.823896597737594,1.6139880658454553,1.623635127854572,2
1768374380324656801,25.898523950199426,8.916681257213428,1.6142634314378101,1.6222784771161374,2
1768374380375098740,25.898523950199426,8.916681257213428,1.6142634314378101,1.6222784771161374,2
1768374380454659691,24.330104489138414,8.836046382520026,1.6128850623141744,1.6233142606452957,2
1768374380503604048,26.212049003927483,8.511241185764877,1.6167047939674049,1.6232512695657952,2
1768374380574710251,25.04209045719552,8.759711738454014,1.6143429751836462,1.6228513486343565,2
1768374380650044419,25.680999326357814,8.726247571800677,1.6148953745808907,1.6233115312249866,2
1768374380731194178,24.95010371054218,8.863610219318309,1.6130486286404304,1.6224428934480475,2
1768374380779194494,10.86394223698095,6.073444243011854,1.6073186943068947,1.6225685156483118,2
1768374380924842561,24.319758940192227,8.861762318218979,1.6127634315256167,1.6233004255530816,2
1768374381050670362,24.509315144118695,8.399952441275943,1.615748190645863,1.6241338566318861,2
1768374381124778822,25.725023003190017,8.755247055235678,1.6148362804422656,1.6228264757519033,2
1768374381175907039,22.98320428110201,8.973349815146955,1.6107580093677247,1.623715608832338,2
1768374381250165279,22.416117122631142,9.085444989447836,1.610136608443194,1.6236053007038014,2
1768374381374519642,22.826961106195085,8.863990156123426,1.6115724356646113,1.6238120718254256,2
1768374381449800989,26.65961537202932,8.608617034703835,1.6163222890106814,1.6229124813608997,2
1768374381649750635,25.00023224451664,8.833190418011846,1.613785343119331,1.6233869727383974,2
1768374381724903343,23.826413957199755,8.933206015659378,1.6118087271800423,1.6231608496938505,2
1768374381849746658,23.000655430947425,8.740789802644795,1.6120011127049934,1.6235033543717616,2
1768374382175640068,23.587099908182196,8.747673594989045,1.6131962839474991,1.6240203919390037,2
1768374382453087250,24.723565659390268,8.75589270155136,1.614085214009772,1.6233774258843454,2
1768374382525961861,24.568540845246734,8.860573486775642,1.6132896384880155,1.6234729118940698,2
1768374382574709405,22.830958862151583,9.065469377465481,1.6106519813551776,1.6234729118940698,2
1768374382658379435,22.685532188054136,9.074286410792274,1.6105499766243097,1.6234835369140652,2
1768374382727679163,24.34629602435723,8.622090581860197,1.6140608397790213,1.6235381734448153,2
1768374382775859107,23.844303299635826,8.892353537511395,1.6121291790326757,1.6229361249744239,2
1768374382849822981,23.31099957159255,8.520094425434063,1.6146360163022526,1.6248576662772702,2
1768374382925359262,24.213304859586504,8.903609466133181,1.6122448998004066,1.6224624255060218,2
1768374382974767788,23.796638507580738,8.856388102035087,1.6123153652838789,1.6229418344349715,2
1768374383054367944,24.06007430247037,8.487517628403392,1.614550661151205,1.6238020378128182,2
1768374383124833171,23.959384686528473,9.127109180067094,1.6105867910019123,1.6228186806528622,2
1768374383249716792,23.529123267590933,8.906169321809584,1.6119038946876452,1.6237116185780072,2
1768374383374729771,23.4178179657496,9.110494559112324,1.610447373597139,1.6229539736417682,2
1768374383450109478,25.823724869912688,8.27735515844572,1.6172216627873301,1.6235484586803435,2
1768374383524959168,23.290378620877572,8.981354884489528,1.6112319959730175,1.6229262638331963,2
1768374383574848921,24.069000837840136,8.828045236076735,1.6125271747432193,1.623174967346521,2
1768374383649916357,25.354945971838738,8.576203347369235,1.6151348536665058,1.6231772867373406,2
1768374383724642533,23.223011788781058,8.730632317472445,1.6128150387294642,1.6242207324489628,2
1768374383774716999,25.57439782879922,8.825642242792098,1.6138107322321193,1.622267632235364,2
1768374383925276762,23.730865744590048,8.769066920507496,1.613040789970128,1.6238027801979922,2
1768374383975067772,23.073113462187543,8.821076511834876,1.6118208121311366,1.6240174201471744,2
1768374384049682162,23.885679777674305,8.935473143786345,1.611709072380698,1.6230617274184196,2
1768374384105112195,23.885679777674305,8.935473143786345,1.611709072380698,1.6230617274184196,2
1768374384250162147,23.66953163861907,9.073361620501606,1.611131658974937,1.6231577753354531,2
1768374384324637750,23.82585528757741,9.129013059573204,1.6111813929995036,1.6229442233556006,2
1768374384380315044,23.82585528757741,9.129013059573204,1.6111813929995036,1.6229442233556006,2
1768374384450042839,23.259116110439404,8.92192788593326,1.6108190521489552,1.6226790143636531,2
1768374384525124308,24.518166222161632,8.83528092326148,1.6129622347267143,1.623104850993416,2
1768374384574678743,24.518166222161632,8.83528092326148,1.6129622347267143,1.623104850993416,2
1768374384725308128,21.520235578456948,8.51476166225278,1.6121975210153123,1.6248325098720469,2
1768374384849969181,23.425116240480826,9.08362209019351,1.6112712629351764,1.62299259785431,2
1768374385124824081,23.723742903329015,9.02565565819881,1.6114519474227393,1.623460977377862,2
1768374385174902748,26.352811394636078,8.98933381837712,1.6134324618170088,1.6217140892280277,2
1768374385250061616,24.16620149655624,8.746296671331287,1.6131558214355215,1.6233027307751127,2
1768374385324944826,26.577961782053848,8.79808286054514,1.6152366898529276,1.6223825243618313,2
1768374385374663842,24.71902708554774,8.766292570750545,1.6135687473257678,1.623138783858825,2
1768374385449932748,24.371533412187453,8.953992905123007,1.6125060872459358,1.6233163576073604,2
1768374385524821847,24.358080276744467,8.908104891672433,1.61241454697651,1.6228112345596615,2
1768374385649859822,23.453367924041622,9.173658446922152,1.6104968773110317,1.6226812442904663,2
1768374385724749114,25.79229808349148,8.90065292097687,1.613506498129,1.622257173794231,2
1768374385774567348,25.666065820540986,8.79488087978513,1.6140834675709679,1.6224463319441271,2
1768374385849867353,24.535301817546262,8.673344005170252,1.6142608408265,1.623734635301359,2
1768374385924771734,23.207489670658,8.82972358623884,1.6125397217904085,1.6244009238180104,2
1768374385974745320,25.570749457742625,8.952134783875909,1.6129903332836821,1.6219778478285423,2
1768374386049783018,22.29446850044536,8.572262279781203,1.6129736961765304,1.6252503331122465,2
1768374386102526194,22.29446850044536,8.572262279781203,1.6129736961765304,1.6252503331122465,2
1768374386174923146,23.00371979193705,8.742618297835396,1.6123956093572203,1.6236290639142308,2
1768374386249954914,23.20691300246791,8.932284654619123,1.6112786144507525,1.6234821215476933,2
1768374386325112294,26.034880034579988,8.553155274146347,1.6159282989168082,1.623513272063948,2
1768374386377363127,26.034880034579988,8.553155274146347,1.6159282989168082,1.623513272063948,2
1768374386653759156,24.123504330080927,8.787088041302173,1.6129802000337632,1.6235786913152666,2
1768374386703392419,22.700750269151413,8.407324417957675,1.6137975296947715,1.6241290691291406,2
1768374386774680876,24.681633705344154,8.717353873527623,1.6136311575608226,1.623037923888752,2
1768374386850493114,24.528320689038317,8.787647275521126,1.6136272210352636,1.6229476937838085,2
1768374386929091988,23.388995026631278,8.93971359694513,1.6116644701364022,1.6233116829299794,2
1768374387049757167,24.637272126108112,9.097826589554609,1.6113474271196333,1.621586823219721,2
1768374387174643983,23.497084425168737,9.127211580830831,1.610647620077264,1.6226259735323036,2
1768374387254318063,24.79680956495045,9.1134103977879,1.6119936679156743,1.6224615455834732,2
1768374387324706283,25.206766722406737,8.872699191414048,1.6138738238086465,1.6227862963166342,2
1768374387374628993,22.554866552170427,9.026302865576511,1.610202908486313,1.6227685873454765,2
1768374387450133636,25.455344960280346,8.650675479501015,1.6144457071599585,1.6223279071714176,2
1768374387528868606,25.1645222857102,8.857674918943216,1.6130088906023619,1.6224052478480098,2
1768374387575023153,24.481839271718542,8.903788971443438,1.6130119230407554,1.6231850696639365,2
1768374387650194906,26.36664768583308,8.828383070205975,1.614607368117289,1.6219159814723523,2
1768374387725105140,23.696206263495554,8.926841335443953,1.612234365637872,1.6235572311972566,2
1768374387775072596,23.635071858052914,8.891554308733104,1.6124758527548981,1.6235203548360821,2
1768374387849695253,24.286958212878407,9.117229603107086,1.6113412930475637,1.6219489301327141,2
1768374387974753808,21.23009446506474,8.929881594541209,1.6096845631006447,1.6237470942335805,2
1768374388049892842,23.583913492056354,8.636532995135855,1.6138234197113641,1.6243849942398647,2
1768374388174837054,25.621028356408225,8.786929138382323,1.6144208454817965,1.6231272575469615,2
1768374388249937802,23.973226995974485,8.92573618214135,1.612227638561291,1.6228418398762006,2
1768374388306103791,23.973226995974485,8.92573618214135,1.612227638561291,1.6228418398762006,2
1768374388375363766,23.25535011836921,8.766109482265053,1.6125997043184084,1.6233881426420045,2
1768374388652475414,23.113053724141075,9.06389106317524,1.6107819810304485,1.6235854540583652,2
1768374388927107425,24.829641243971025,9.054109157926952,1.6117925464476084,1.6223154630840864,2
1768374388977454935,23.527975956503244,8.88529047973119,1.6120416041444958,1.6236466700640109,2
1768374389049595985,23.398566305499855,8.64149799568991,1.613515700836064,1.624333697042414,2
1768374389324805131,23.765959491200526,9.037278517400349,1.6112238028050303,1.6225017366740013,2
1768374389449627949,23.9775886311826,8.500142346762152,1.614312590706263,1.623933629895686,2
1768374389529200305,25.417589658319528,9.010561624477669,1.612357452572721,1.622075965054079,2
1768374389574677312,24.032783932502745,8.73652799830936,1.6132671987424783,1.623486904423413,2
1768374389849969482,22.3197953790093,9.075768823697105,1.61037006192168,1.6237610320650746,2
1768374389924864042,24.540792516704713,8.807693703743057,1.6133907596482417,1.6231601655244634,2
1768374390125147165,24.973158386356165,8.797247043445422,1.6133020456439595,1.6229950381308662,2
1768374390174638301,24.169230323748625,8.831416896106544,1.6126076603445103,1.6230672824478922,2
1768374390249873810,24.970891858013154,8.857093930726094,1.61303138354523,1.6227021382470128,2
1768374390303654645,24.970891858013154,8.857093930726094,1.61303138354523,1.6227021382470128,2
1768374390375195213,22.044864884007033,8.81981647032215,1.6112509053358877,1.624094116801095,2
1768374390525147143,23.529546894638152,8.61263021070701,1.6137861617974294,1.6241971144851703,2
1768374390580636441,23.529546894638152,8.61263021070701,1.6137861617974294,1.6241971144851703,2
1768374390904746572,23.47374203821806,9.043177292907764,1.6112794533339327,1.6229948139268375,2
1768374390974877660,23.38478504846342,8.671134166480124,1.6130715966530098,1.624160694660532,2
1768374391050194181,25.47149563138218,9.040726235646554,1.6123344617187865,1.6221058138371878,2
1768374391325181478,25.58990385043991,9.08319138093246,1.6120639676017463,1.6216867206718253,2
1768374391449914780,23.94139628700609,8.913618280460929,1.612229954580013,1.623002856973071,2
1768374391575061272,21.840907898041493,8.933528278862934,1.6103488181055683,1.6241908883320808,2
1768374391774870202,25.334933970629024,8.732330494466927,1.614325860156585,1.6235121840883184,2
1768374391849682595,23.655252103373712,8.731371622810716,1.6128955073768716,1.6237695179613432,2
1768374391924844302,23.654828534416694,8.912543897026204,1.6117968097464705,1.6234765486030405,2
1768374391975023156,22.53817703817207,8.910282024882505,1.6114513757772162,1.6237565824124556,2
1768374392124713705,25.73468998127315,8.829436319037518,1.6143052936645543,1.6228686012316689,2
1768374392249655379,23.871502002793754,8.677159634413828,1.6130420002276102,1.6233198879399682,2
1768374392301866462,23.871502002793754,8.677159634413828,1.6130420002276102,1.6233198879399682,2
1768374392375114473,24.95449160014296,8.829005178818763,1.6132199612409306,1.6226366370597978,2
1768374392449634132,23.130880553592135,8.565089061485448,1.6135223415672146,1.6240543544468131,2
1768374392508538310,23.130880553592135,8.565089061485448,1.6135223415672146,1.6240543544468131,2
1768374392576851936,24.039793568477073,9.023724798037609,1.6112685256609909,1.6223700728949957,2
1768374392650408231,15.063707692035244,6.3443402173552395,1.6041001529908467,1.6239247676870194,2
1768374392852772004,24.046327581090488,8.88701056700005,1.6124242446506745,1.623183793580113,2
1768374392974555875,25.02125631103258,8.836154289463797,1.61369219404275,1.6230489531486119,2
1768374393049694220,25.597681152079943,8.856565834771969,1.6140598495450171,1.6227938761249359,2
1768374393129812771,24.447293998655972,8.85853168433801,1.6127604405844973,1.6232109666857313,2
1768374393250026798,23.359056732653592,8.850632179381751,1.6120326417149164,1.6237662699373572,2
1768374393450389215,25.456720672802025,8.789240544913534,1.6142360433207026,1.6225890669924639,2
1768374393525138945,24.019007702338115,8.8624903216714,1.6128433418774208,1.6234002346115894,2
1768374393575009544,23.971229064826403,8.921017940175163,1.6121819740608858,1.6231443922370667,2
1768374393649801763,25.166703116927145,8.81055786633821,1.6137838976961725,1.6227047298908288,2
1768374393727916251,23.77796321534631,8.9903896380388,1.6113592831591352,1.6223794592925047,2
1768374393849824280,27.694979949108635,8.747717096956377,1.6159269632606246,1.6212715648483194,2
1768374393925190397,23.03703981758276,8.733826568638756,1.6125087575364383,1.6240879019305383,2
1768374393975225008,23.79028355595714,8.970008937981593,1.6112719975068026,1.6230373198605255,2
1768374394049626950,25.220620978976704,8.874862695438074,1.6132801858434804,1.622689263257816,2
1768374394175195932,24.650721039673584,8.943604274108814,1.6124848450935423,1.6227562632773547,2
1768374394375417580,22.64213115916536,8.919410745680466,1.6114368404530912,1.6240548977232028,2
1768374394449515644,24.963810439474045,8.577840998333995,1.6147082383991112,1.6228611006059992,2
1768374394505589242,24.963810439474045,8.577840998333995,1.6147082383991112,1.6228611006059992,2
1768374394575804573,23.053033691574853,8.597618122129404,1.61353355701769,1.624615098498546,2
1768374394724737477,25.241035496635035,8.559045902379118,1.6153630644341164,1.6231262232953403,2
1768374394775301221,25.241035496635035,8.559045902379118,1.6153630644341164,1.6231262232953403,2
1768374394925488551,24.420252840762213,8.841213828760472,1.6131785014691986,1.6235738459095048,2
1768374394974713871,24.93867072300948,8.603810171307076,1.6148184587048477,1.6235738459095048,2
1768374395057495705,25.01999808629707,8.74568737627656,1.613880407567182,1.6232025207065466,2
1768374395126596328,23.542602331538596,9.031877081089744,1.6109752345280044,1.6230284992030788,2
1768374395175284911,23.26830392682888,8.777501671928823,1.6128128072519108,1.624583023136609,2
1768374395249733919,26.352047476684515,8.846645863039544,1.6141902161471748,1.6218044515909533,2
1768374395325206319,22.530424146047334,8.835653293325985,1.611472242982917,1.623392026168595,2
1768374395452771462,23.04903041084949,8.733260277606952,1.6121420597683362,1.623461502334539,2
1768374395649680293,23.645688776615657,8.856164045923936,1.6126794115392757,1.6235018251553592,2
1768374395726807333,25.611844369915147,8.60186762544571,1.6155031672089315,1.6229901045017845,2
1768374395925376120,25.331064282731575,9.086780847474303,1.6119383366734668,1.6214533921960215,2
1768374395974839988,24.46802743389309,8.691014359060736,1.6138153074650223,1.6236087209572525,2
1768374396175037860,13.093921941690567,6.230204134095549,1.6054079357997324,1.6228531157245083,2
1768374396249734268,25.85328831800382,8.907804987637276,1.6137163255013676,1.622473459437354,2
1768374396324870397,25.39148642870459,9.013531023751543,1.6128194546579684,1.6224550261958213,2
1768374396374837135,24.675236643892482,8.857050960841212,1.6127981897526582,1.6232881270789132,2
1768374396450070818,24.896882208506497,8.652238602887603,1.6146129963301374,1.623176767057321,2
1768374396503696294,24.896882208506497,8.652238602887603,1.6146129963301374,1.623176767057321,2
1768374396574811774,21.79266264968316,8.95647395083972,1.6101329436296106,1.6241564738033305,2
1768374396724633264,23.021530982684226,8.430737343342681,1.6147167926525385,1.62541743206036,2
1768374396779520477,23.021530982684226,8.430737343342681,1.6147167926525385,1.62541743206036,2
1768374396974638579,23.545791771978575,9.153956435850041,1.610628728289624,1.6223914289438401,2
1768374397055934103,24.86305886720097,8.69515670587081,1.61448221859735,1.623446041739108,2
1768374397104131961,23.55238926008507,8.85079268978023,1.612137857258815,1.6236305436781469,2
1768374397249790718,23.374107602634364,8.920895517340991,1.6119201185066527,1.6236172097380577,2
1768374397331807175,23.858015026396508,8.797746138237887,1.6126149224842956,1.6228606724003158,2
1768374397374716995,25.24973525868979,8.871412006488917,1.6136216805688512,1.6226705743660397,2
1768374397449885352,25.092908406223245,9.046109415241768,1.612105645948614,1.622102006662286,2
1768374397574838413,25.03810136414475,8.704122230204213,1.6143456955985525,1.6234657108148578,2
1768374397650149470,24.839712583590856,8.7589512516162,1.6139736972976324,1.623232606495709,2
1768374397849861494,26.300243436602422,8.831437716320423,1.6142091518932837,1.6219434048829469,2
1768374397925010032,24.808107249630893,8.692187993179157,1.6140997813309852,1.623211671894042,2
1768374397975529243,23.039850571197952,8.953524477049925,1.6117526047508166,1.6236818964051307,2
1768374398049813581,24.79999198348071,8.97273701801088,1.6124733905426825,1.6221815648387838,2
1768374398174800878,22.03140711669804,8.986276004791298,1.6101866125204405,1.623292928608088,2
1768374398324742405,24.785335635668204,8.74078063735924,1.6136463650789907,1.6230018709275034,2
1768374398375049464,25.42896638268699,8.789309445987024,1.6147779898666115,1.6233522966898042,2
1768374398449747367,24.445026104807923,8.606295794715198,1.61446690554798,1.623633736307746,2
1768374398525106064,25.310833802537402,8.79542962822363,1.6143329291584525,1.6232109988089731,2
1768374398575734338,26.187544566643517,8.877910291506126,1.6143329291584525,1.6223387865167036,2
1768374398649897155,24.613031320186217,8.579911379281043,1.6151835524621405,1.6245838794769487,2
1768374398707650717,24.613031320186217,8.579911379281043,1.6151835524621405,1.6245838794769487,2
1768374398777098064,24.40740620121673,8.880071125228143,1.6127141628798014,1.6233931802090913,2
1768374398849807400,22.884674071276923,8.826481815934889,1.6118415811689901,1.6239508404123175,2
1768374398924928847,24.532796271227618,8.712432608392481,1.6137904247514214,1.6232584667427015,2
1768374398982815957,24.532796271227618,8.712432608392481,1.6137904247514214,1.6232584667427015,2
1768374399101462260,25.469562446700955,8.808276201174577,1.6132807581830382,1.6219960106612874,2
1768374399175074144,26.462358361404537,8.903976140045511,1.6138986322354612,1.6215144643737516,2
1768374399249844630,25.072056797699858,8.7693201277876,1.6135601020667425,1.622579699087401,2
1768374399378696894,24.834033883241126,8.51313874121091,1.6143597888603691,1.6229001077258016,2
1768374399449985887,24.556756325834872,8.877849987463271,1.6130015019237403,1.6230015690971795,2
1768374399524813395,24.668508786092946,8.52665198250223,1.6148084840296901,1.623694340302702,2
1768374399574849701,26.814753481914533,8.245146096749957,1.6179371318647418,1.6231642774905513,2
1768374399650368121,22.905807693485826,8.92905666020813,1.6112205758460343,1.6236843568155395,2
1768374399849837735,25.395070304960132,8.654778571664343,1.6148223061298843,1.6230762282908684,2
1768374399927592737,26.937383186996342,8.541307692891255,1.6161999489827084,1.6220467621471646,2
1768374399974540548,25.2287973217995,8.898477905419625,1.613209129841208,1.6228409172790943,2
1768374400124930549,24.610419160389753,8.733796864937728,1.6142084437744584,1.6233554166717983,2
1768374400174624679,23.5793893108589,8.71171121992754,1.613422562847606,1.6243793218540319,2
1768374400249695804,22.837859350373748,8.806190853285884,1.6118180734553276,1.6239989112647806,2
1768374400325044465,24.92468135997994,8.975981122283997,1.613109773685565,1.623093330044994,2
1768374400375284540,25.526487389789352,8.758491562977547,1.6145683660495347,1.6233908010608133,2
1768374400524846381,23.021236637343677,8.808838491044627,1.6121179952691032,1.6240033247586978,2
1768374400649723725,25.676517255295515,8.63089265397286,1.615298200905404,1.6235302350919063,2
1768374400704902914,25.676517255295515,8.63089265397286,1.615298200905404,1.6235302350919063,2
1768374400850567652,25.12566691268292,9.018283598975541,1.6125393816317048,1.622111423279842,2
1768374401050132832,22.77684855386264,9.042748941787174,1.6099602578094971,1.6230724753743029,2
1768374401326390862,23.918454074543185,8.967898720145376,1.6114511869446586,1.623556552705812,2
1768374401375312584,23.16021916294786,8.515413059794938,1.6137284140137869,1.6240899786336214,2
1768374401449708568,23.46923951611557,8.922353891581436,1.6122421811906265,1.6239698869118144,2
1768374401525758661,22.533084808020078,8.537094445891489,1.6134616997469393,1.6250291170780424,2
1768374401574799591,23.960416462817548,8.525592956692643,1.6144009124788667,1.6238724710897232,2
1768374401650584800,23.555275030507914,8.927836128261013,1.6114669465883027,1.6229323111120364,2
1768374401774960478,24.58822057284138,8.904362892188484,1.612713565819986,1.62330799528423,2
1768374401850217520,14.033347959819142,6.2349972516064724,1.6053828513312973,1.623565941298412,2
1768374401974606138,23.292683133421697,8.675055583476075,1.6128206453134397,1.6236979837372687,2
1768374402049752630,25.21801022496417,8.816561936146913,1.6134594342606499,1.6220690001367033,2
1768374402174539762,25.356245936443145,8.72644509510069,1.6147411219160481,1.6230234932702194,2
1768374402324969803,24.7379716192484,8.986326820586559,1.6122509857578067,1.6227360588567086,2
1768374402449652112,25.436320326683195,8.791291648445775,1.6140475805542993,1.6227930820012577,2
1768374402574914500,24.08244096095613,8.99896394839467,1.6120238601303563,1.622953451963797,2
1768374402650043741,25.0223420486726,8.612660767237971,1.6146459617960853,1.6228863001401534,2
1768374402702555063,25.0223420486726,8.612660767237971,1.6146459617960853,1.6228863001401534,2
1768374402775882227,24.59134644334604,8.905270720544909,1.6127379547467222,1.6226579260239566,2
1768374403050170896,23.018527962705093,9.127491186840155,1.6102740911530624,1.6229954708581236,2
1768374403304773057,24.231196253251763,8.832939911140384,1.6123671945906428,1.6223895152060606,2
1768374403374577446,26.658309748689433,8.898660525756213,1.6146013753503048,1.6223150902687533,2
1768374403450460140,23.69848371464478,8.972578269044583,1.6121027025701204,1.6237409620034424,2
1768374403578695904,26.724393243727995,8.936809263303171,1.6140964535844897,1.621677969742241,2
1768374403725216999,23.402679081990563,8.826557675194872,1.6119873715190274,1.6229391366981132,2
1768374403774817894,26.14790229702768,9.071034184435756,1.6132681795602455,1.6220394495146928,2
1768374403974562091,24.240498039606262,8.968318108878254,1.6122330618341216,1.6228978952480448,2
1768374404049859978,25.25047847400863,8.763953683438904,1.6143468633204938,1.623702009497515,2
1768374404174604272,23.20631690908348,8.839102978151642,1.6113292823554994,1.6228822063923942,2
1768374404324996783,23.400748388557435,8.669823463680181,1.6135069521473604,1.6239137947297317,2
1768374404449883653,27.06074707372985,8.768785863047126,1.6150779137799403,1.6216257924679442,2
1768374405252666686,20.763009757195583,8.875128475591168,1.6103279299506483,1.6250230363183507,2
1768374405301464106,23.004304857131565,8.518701835432235,1.6135918634475719,1.6246538191622792,2
1768374405374890461,24.134489928277382,8.90739048414352,1.6121396831482049,1.62305618322557,2
1768374405528291969,23.61244261278239,8.66051060516152,1.6128676183767017,1.623719673351642,2
1768374405576913806,23.173525316655397,8.918693169784794,1.611305190361865,1.623055813123592,2
1768374405650201597,23.183328893182864,8.778251591740005,1.6122281778681082,1.6235330257664138,2
1768374405724874851,26.200705037773275,8.96171374115079,1.6139734895042983,1.622130726649226,2
1768374405774761937,22.71988537132641,8.938640446456949,1.6115770139535044,1.624020944538537,2
1768374405852666860,24.43687653184967,8.950200334627684,1.612705450570848,1.622805635188768,2
1768374405924752295,24.297869791764846,8.898084576597599,1.6122642394743083,1.6229040044823793,2
1768374405975231563,22.607953340682442,8.742398093378316,1.611983637532705,1.6238038588194366,2
1768374406049739070,25.41117240822688,8.849528364519113,1.613727070284488,1.6228413119384484,2
1768374406126484862,23.861219593905858,8.773570824209612,1.6128717258123806,1.623577165311516,2
1768374406174922179,24.155267029600136,9.067764557898032,1.6114303293381886,1.6232193452742905,2
1768374406249658151,22.653363039513373,8.775267756381725,1.6115493308840845,1.6234268304630983,2
1768374406525251277,24.648576917926324,8.843418796655786,1.6132586009157002,1.6230147455984973,2
1768374406574686887,24.988062817856928,9.059431635000882,1.6122904908032631,1.6228973177131856,2
1768374406649754610,25.184060349843662,8.87998123449095,1.6133868222200383,1.6228217541442722,2
1768374406725026575,24.35765493831843,8.79043688978708,1.61334444751556,1.6234143412961977,2
1768374406774664112,23.923396714461198,9.048027271580704,1.6112245751867227,1.622658137852158,2
1768374407049964380,25.775154241624023,8.7260082134298,1.6145133210381324,1.6220797997041452,2
1768374407125173593,23.76330074146282,9.118876521364637,1.6108710183056087,1.6226057058996517,2
1768374407180158715,23.76330074146282,9.118876521364637,1.6108710183056087,1.6226057058996517,2
1768374407325576281,26.699304964941106,8.768349037999801,1.6148245369743437,1.621803007152271,2
1768374407456577857,23.84664256870539,8.754439792997173,1.6130564558607547,1.6231165128797258,2
1768374407525548050,25.26768484182429,9.114334657797544,1.6123163023007716,1.6219973368511473,2
1768374407732081522,23.686971744988128,8.767673033031425,1.6125922457317445,1.6231361951860939,2
1768374407774604622,22.259489852610727,8.88177461813588,1.610752433759399,1.6237610765298467,2
1768374407849743084,23.834767222478792,8.807719395792153,1.6128204241146868,1.6232821199977638,2
1768374407925218559,25.199053138694527,9.006767638829071,1.6120879119930553,1.6223710395174364,2
1768374407974870830,26.24747134540528,8.82353935847273,1.6142751075846205,1.6223263909479375,2
1768374408049839920,23.084017723982384,8.791461432538409,1.6123548283008284,1.6239730253777838,2
1768374408125551401,24.568300592366032,8.625669990330698,1.614571093084454,1.6239469520529624,2
1768374408325092594,22.748619566579144,8.658753024361962,1.612621176333137,1.624015206261868,2
1768374408375240816,23.777388198206406,8.850401403552457,1.611743182032079,1.6226035723107226,2
1768374408449775408,26.169134782487724,8.794959807717898,1.6142697527241898,1.621978398843614,2
1768374408574787584,23.777495259954982,8.772679237724335,1.6125996101334452,1.623214523425737,2
1768374408649737082,23.947699772172815,8.684212265150189,1.6135815739362855,1.6240336838889966,2
1768374408724897676,23.821770907751283,8.960295351414326,1.6120429646712848,1.6233431301582424,2
1768374408774712304,24.201887302260026,8.625928883743809,1.6139944516027014,1.6241720262008503,2
1768374408849679526,21.970870983954782,9.01294317847002,1.609690167541601,1.6232851719241759,2
1768374408902134934,21.970870983954782,9.01294317847002,1.609690167541601,1.6232851719241759,2
1768374409049531824,23.745609065256357,8.769637936368492,1.6127475739501584,1.6232456918778992,2
1768374409250215334,25.167456221670157,8.691981958036001,1.6144795534596432,1.6235840553179606,2
1768374409324623467,25.57251517671122,9.132861661760035,1.6118040507073421,1.6217096867197545,2
1768374409375194427,25.57251517671122,9.132861661760035,1.6118040507073421,1.6217096867197545,2
1768374409778240796,26.33252152114118,8.858798779804001,1.6145589991940885,1.6224919390783,2
1768374409924617583,24.02853139781613,9.004868734921715,1.6116704360138479,1.622928576679964,2
1768374409974661574,24.916001629133433,8.976681929598307,1.612993623253812,1.622848795715002,2
1768374410054695123,25.36463575646586,8.783769156984276,1.614031305334262,1.622851652147243,2
1768374410124622965,25.54958022925802,8.619641336994508,1.6149237124524316,1.623142425057601,2
1768374410174510203,24.395608621492705,8.56952085357801,1.614299852642601,1.6237765318185244,2
1768374410249747938,25.00566479104083,8.646710341426669,1.6144890526797957,1.6233511311866426,2
1768374410328318082,24.214083587338564,8.586377251908976,1.614499627750848,1.6237154782367162,2
1768374410374594037,24.165407353287094,8.711739115172827,1.6136925563594757,1.6238889930044842,2
1768374410449775821,24.90838910984383,8.56426064002349,1.6147593425761004,1.623888892552541,2
1768374410574548247,23.855726907900277,8.654894385449555,1.6131225166935,1.6233671618060104,2
1768374410649740140,24.028572026003616,9.029466749177423,1.611092340179749,1.622221124750771,2
1768374410725025168,22.316870030781644,8.739551792934803,1.6117279046084834,1.624569508229297,2
1768374410774647680,21.620255005681877,9.123887207686863,1.6088372296659237,1.6237742985098238,2
1768374410849640715,23.366818503629982,8.880006463849792,1.6116491733188059,1.623096627450412,2
1768374410924725447,23.090974632107077,9.110152979050616,1.6099818463489832,1.622843358916678,2
1768374411175681115,23.999113238672987,8.583820284169246,1.6137298995874128,1.6234620669581172,2
1768374411249629888,26.576144074627273,8.595658836690856,1.6162030985929117,1.6228549684691307,2
1768374411452910924,22.7124097804301,9.102621320377953,1.6102060379156176,1.6229376743726778,2
1768374411729705396,23.261155829662037,8.576279617068426,1.6137401155744173,1.6243655361961553,2
1768374411776557289,24.35836012122561,8.6372725988866,1.6139429849854154,1.6236349594398236,2
1768374412124794754,12.352792048864858,6.133217612120648,1.606488716547047,1.623058398060563,2
1768374412174503601,23.31297295493173,8.989899195920382,1.6106746219995913,1.622456580050574,2
1768374412325848649,23.953503433628455,8.890274094333604,1.6120477251610164,1.622912929791499,2
1768374412449595882,24.03267101077855,9.060670603630422,1.6117789118014016,1.622981463871657,2
1768374412525004145,27.24650663518147,8.531188792694849,1.6173045840538642,1.6224661228991655,2
1768374412574666893,23.44797146974664,8.77166407378113,1.6125563605642368,1.624064212328816,2
1768374412649665064,25.11517035039312,8.990396852528683,1.6124114490283252,1.6221665830072012,2
1768374412774716597,24.61814642968485,8.807831669119285,1.6133860124103891,1.6228939105131572,2
1768374412849736198,24.986883911756852,8.70494781925562,1.6140925516503224,1.622860988280763,2
1768374412924694633,25.19440450811805,8.629796356531525,1.6149876089082684,1.6233910671840066,2
1768374412974972213,23.773626509398404,8.892327792778092,1.6120290465966622,1.6233016389887425,2
1768374413049711153,23.26988425843135,9.12174931967385,1.6098593153033738,1.6216760969812491,2
1768374413104039832,23.26988425843135,9.12174931967385,1.6098593153033738,1.6216760969812491,2
1768374413175112949,28.128705207908222,8.682497756525924,1.6169083667693065,1.6223906546139313,2
1768374413324480275,24.20927458715405,8.87825914813636,1.612271510746877,1.6228647905412514,2
1768374413379687134,24.20927458715405,8.87825914813636,1.612271510746877,1.6228647905412514,2
1768374413449885008,22.455614283410917,8.890384979900919,1.6107605468736395,1.6233738310075927,2
1768374413655050666,24.08964952689452,9.012813342369515,1.6116292510738708,1.6224070486549826,2
1768374413703631599,24.839181329011417,8.717646962835376,1.6141387701529184,1.6232826504018982,2
1768374413774642877,24.641675741434497,9.01716975062825,1.6123994996660282,1.6230299296464175,2
1768374413850029188,25.80240547280832,8.87411068300235,1.613775293887725,1.6219612309983804,2
1768374413933061800,26.77310519415954,8.773250130542362,1.6143648764960488,1.6218608965453811,2
1768374414124767418,12.0260468817035,6.157609260236913,1.606448252452831,1.6228416041948779,2
1768374414174719564,24.805596097977833,8.916085943897082,1.6132248882862972,1.623348523614814,2
1768374414249778695,24.760699601724,8.939124047042789,1.612846912952128,1.6228990785025597,2
1768374414374578696,24.889640646625022,8.835870292642923,1.6133001519512182,1.6228538960040988,2
1768374414574736684,25.84567344242594,8.885777779049326,1.613725570671993,1.6221655016253473,2
1768374414649846233,23.451713854343083,8.682415307703623,1.6131707635801844,1.6241315631067665,2
1768374414724806271,24.050667189659425,8.735397694097585,1.6129711218537695,1.6231237009721298,2
1768374414774746937,25.57595556838077,8.833908444544958,1.6139871722535697,1.622555308783917,2
1768374414924903006,22.955914344761965,8.856981364286243,1.61200126973748,1.6239200517216823,2
1768374414974527524,25.823236573337518,8.96892221744925,1.6129991947773732,1.6217243657846687,2
1768374415050108573,25.900622439959164,8.45917021509017,1.6162324909839199,1.6232862994185313,2
1768374415124775311,24.45583998726386,8.923322985071524,1.6127664219185696,1.6228219282154224,2
1768374415175876651,24.357328920877386,8.9085749983274,1.6127664219185696,1.6229137505980493,2
1768374415324587008,25.11433762697002,8.711278437520582,1.6140215654061443,1.6224487915465702,2
1768374415376625447,25.11433762697002,8.711278437520582,1.6140215654061443,1.6224487915465702,2
1768374415774687929,24.03169151598572,8.819962693137686,1.6127773851150933,1.6230070326247237,2
1768374415978528469,24.927266296391526,8.675054056327719,1.6142983716147783,1.623240058274685,2
1768374416124838401,23.075296191786833,8.763745943617979,1.612432475387861,1.623786924095812,2
1768374416174671010,24.216937440040276,8.845413195284502,1.6123504414763508,1.6229180324122328,2
1768374416252614573,24.188104110181463,8.828980710110002,1.6127202911374385,1.6231003471285368,2
1768374416324675554,25.92266152027034,9.118009911445917,1.612538697882137,1.6215417506354535,2
1768374416449726412,25.147180419230473,8.977375801588051,1.612971653981599,1.6221220455059087,2
1768374416774853063,23.838771757284995,8.924636827941853,1.6118751396633002,1.6231418862294829,2
1768374416849699145,23.81422839472025,8.785392957558612,1.6128730649203695,1.6235622299286867,2
1768374417049688334,26.51459366359088,8.440933038770474,1.617089951093022,1.6233019352714235,2
1768374417124996999,23.731275441672082,8.791590704329327,1.6127969608150052,1.6235205780986377,2
1768374417375187005,28.247632907019373,8.489881967318507,1.6180421313848325,1.6219640596409255,2
1768374417525177783,24.401370020188608,8.960731814004049,1.6123174948888086,1.6227927998057443,2
1768374417580532950,24.401370020188608,8.960731814004049,1.6123174948888086,1.6227927998057443,2
1768374417650454894,24.312128465575622,9.083702862472899,1.6112823614254468,1.6223275127879624,2
1768374417926735358,13.580424050613882,6.196059781091881,1.6050181130473873,1.6229496378075967,2
1768374417975439505,26.97281847638644,8.29755466213487,1.617942726693453,1.6228839689301342,2
1768374418049803136,25.697556740645222,8.909286469235969,1.6138173271384297,1.62255284810055,2
1768374418125249746,24.881889988115358,8.587918933506662,1.6149216289959147,1.6231569055068866,2
1768374418174915257,27.443568264995832,8.97000406465157,1.6143670243713175,1.6210601744063913,2
1768374418251049454,26.608653981744943,8.672069023208532,1.6155011679629794,1.6222199297826205,2
1768374418525552362,24.55134869695175,8.979152150188996,1.6122934083694926,1.6220578660047213,2
1768374418574469431,23.719351955098446,9.040298882003956,1.6111992689717336,1.6227177851297512,2
1768374418649691763,23.444377653541125,9.023410299075325,1.6114021051752891,1.62314924250329,2
1768374418774564301,24.21882811206988,8.993463794126649,1.6114657413173847,1.6224421062945806,2
1768374418849967236,23.68371825952731,8.764080524459406,1.6132444867303068,1.6234927791385538,2
1768374418924649717,25.564788007761187,8.803840758990473,1.6136939752740111,1.6216568409839711,2
1768374418974935716,23.137879900138934,8.920487220195868,1.6113805919919402,1.6228478106173247,2
1768374419049806738,10.570620480139903,5.900495601684424,1.6084337291941795,1.6227315393806734,2
1768374419124809704,24.200466523510933,8.736068169393652,1.6136492408877798,1.6237787167064472,2
1768374419174782709,23.997961289678127,8.764018664910337,1.6129925140201118,1.6233138544030647,2
1768374419524522273,21.581689299395855,8.723927826729586,1.6115334625087447,1.6247753327405274,2
1768374419578665057,21.581689299395855,8.723927826729586,1.6115334625087447,1.6247753327405274,2
1768374419854127047,22.624397937950125,8.995565857718267,1.6103297735551694,1.623285247022084,2
1768374419904212778,24.05025580413378,8.890760061263187,1.612022939074832,1.6231556987292133,2
1768374420049909587,24.073520111809632,9.003782758136367,1.6119453537965531,1.6228146234437473,2
1768374420175190126,25.202973548834606,8.964771551969719,1.6125361528270503,1.6223089952843182,2
1768374420324679601,22.926415869964025,8.997413229509284,1.6104731231405232,1.6233426255552608,2
1768374420375016820,22.218890964066375,8.96146010783594,1.6102859696207437,1.623840089600799,2
1768374420524881685,25.83674176706041,8.591308456095044,1.6144853128649534,1.6221145591600503,2
1768374420574680257,24.689426887765098,8.709490123292879,1.6138846551520558,1.6230925115958326,2
1768374420649977070,25.830959444707922,8.483953158524367,1.6165899429350574,1.6231616586397621,2
1768374420725446325,24.42422328808247,8.959435219701035,1.6120736002763432,1.6230871495754133,2
1768374420774515066,22.38408983402507,8.96427050838897,1.6104162429130688,1.6237331941789739,2
1768374420849710978,26.847412772324386,8.69386201840043,1.6157085593293572,1.621640747336518,2
1768374420974520583,27.429931980026858,8.859820605677614,1.615018929876549,1.6217260618258895,2
1768374421049770872,25.837346789670647,8.677456406114262,1.6150301788288302,1.62300051644247,2
1768374421124627206,25.99352849516423,8.876440938546446,1.6136416349967595,1.6222839597298087,2
1768374421174754261,24.317628110596566,8.668622108275393,1.6142086705859189,1.6232718539474147,2
1768374421249686376,25.635352003150924,8.531834210077287,1.615912578541284,1.6231042825594246,2
1768374421325018716,26.112548689200878,8.497354725837052,1.6159824524592403,1.6228388846093418,2
1768374421375463143,26.360574687735117,8.55000399017168,1.6159824524592403,1.6225894092173965,2
1768374421449608093,21.99735973583494,8.854074243124844,1.6112596306284583,1.6243259466070643,2
1768374421506804500,21.99735973583494,8.854074243124844,1.6112596306284583,1.6243259466070643,2
1768374421650052283,24.145275120544653,9.074957648622409,1.6111800228118236,1.6223339945535538,2
1768374421925230904,23.16534527019587,8.805283766801468,1.6121841187723913,1.6233123280011812,2
1768374421974990836,25.719881449716596,8.629766394042873,1.6154121114256408,1.622934161319189,2
1768374422050293172,24.908977872632132,9.039558496072816,1.6122534249115075,1.6227245752886905,2
1768374422176813595,24.769791545833364,8.793413103486559,1.613147452257697,1.6224608060485954,2
1768374422249843064,24.054414785225518,8.71507465020178,1.6135673224314588,1.623756698198754,2
1768374422324828351,25.063677406545803,8.860375825208044,1.6135310205788524,1.6231484242546033,2
1768374422374778914,24.456886318132696,8.725448856049704,1.6134060612779553,1.6233046173283872,2
1768374422453076477,23.39026301137914,8.662960423742957,1.6135641411420485,1.6240991253274542,2
1768374422525248326,25.22918149060849,8.895730765566343,1.6132214326366352,1.6225434894790107,2
1768374422727109607,23.067896041624625,8.890368212427765,1.6119458278775418,1.6237650678503028,2
1768374422774727660,24.008195305696532,8.940570314008525,1.611836135456539,1.62264587779728,2
1768374422849976812,25.60191267394707,8.72318450046972,1.614575160687045,1.6228038015368629,2
1768374422974513363,23.636808607087723,8.54485200497306,1.6139751752591711,1.6237953642930754,2
1768374423049788193,23.055610895190036,8.845387685391445,1.6119141442596119,1.6237341091595456,2
1768374423124806468,24.456579613956862,8.927632190982429,1.611672116991547,1.6224790490881493,2
1768374423249641871,23.53471986649747,8.49902956558981,1.6144541855292158,1.6248819859640278,2
1768374423324808424,25.052505607082942,8.666817412879428,1.6142988653680759,1.6229865858531147,2
1768374423450094316,26.15137903028519,9.00028118011031,1.6132345973283366,1.6218052858357812,2
1768374423507408639,26.15137903028519,9.00028118011031,1.6132345973283366,1.6218052858357812,2
1768374423575657414,25.19325582655263,8.587808882127652,1.6148754641880754,1.6233159596180693,2
1768374423724703982,25.274007957952094,8.908991156537262,1.6134720815080685,1.623004323192111,2
1768374423780989458,25.274007957952094,8.908991156537262,1.6134720815080685,1.623004323192111,2
1768374423850387865,24.272640465478943,8.775621891290012,1.6133402182578378,1.623512274426393,2
1768374423925047661,25.413874314673013,8.6738412315468,1.6145593956302426,1.6230241584049856,2
1768374423974926196,25.413874314673013,8.6738412315468,1.6145593956302426,1.6230241584049856,2
1768374424125706627,23.400518249764968,8.858521924869294,1.611840785389241,1.623204080943342,2
1768374424174436241,23.61111883546596,8.893313158173614,1.612198539559334,1.623940810708348,2
1768374424249866683,12.203874550034577,6.2092834325462825,1.6060825216519836,1.6227945465945746,2
1768374424524682239,27.152935066122154,8.53488272126966,1.6170241589705967,1.6227793473128451,2
1768374424574890842,23.987446529259326,9.025834398958649,1.6114225640101756,1.6226411853516711,2
1768374424649780239,22.94822543103514,8.947562482730694,1.6108963905832978,1.6233155657031002,2
1768374424774776664,24.744383662015146,8.971590748005841,1.6129557772962797,1.6227819723234551,2
1768374424849640900,23.76301749899867,9.052283951269697,1.610851775983735,1.6227224116054644,2
1768374424925057783,25.96376427543401,8.743521693823556,1.6151063423058645,1.6227337841405924,2
1768374424974665863,24.485667018243397,8.618388775249764,1.614485809720985,1.6235451963633087,2
1768374425049721176,23.77301346473981,8.65498043461344,1.613361350061382,1.6241524302747785,2
1768374425249998734,25.30476656460845,8.68920874236764,1.6147759152199403,1.6231037718000125,2
1768374425374510683,26.39512708253733,8.786769153094573,1.6144433594657048,1.6218168010667757,2
1768374425450123692,23.633690728114722,8.959894958795683,1.611704656794381,1.6230810225720924,2
1768374425503055037,23.633690728114722,8.959894958795683,1.611704656794381,1.6230810225720924,2
1768374425574878699,23.715857068037582,8.672131851600327,1.6135897663066163,1.6243478590996598,2
1768374425724671518,13.411619494079874,6.142672607291136,1.605162880924235,1.6230413227983473,2
1768374425777339423,13.411619494079874,6.142672607291136,1.605162880924235,1.6230413227983473,2
1768374425924564620,25.7230111423532,8.456928691988043,1.616499606613753,1.6239079905209215,2
1768374425975206786,25.7230111423532,8.456928691988043,1.616499606613753,1.6239079905209215,2
1768374426054372869,23.981224831429948,8.847148853124743,1.6128113786596954,1.623539128179742,2
1768374426102581988,25.447022979238064,8.744795641819959,1.6144700571402741,1.6226300146751045,2
1768374426249691533,25.148687070320143,8.444339558505423,1.6154877785586992,1.6234869223427337,2
1768374426329441310,24.32773750289097,8.929766079788353,1.6123424833291355,1.6230782041342204,2
1768374426524832458,24.703867828464787,8.951557006534731,1.6127006263555428,1.62303665360177,2
1768374426724978306,24.521680195150665,8.878185061949324,1.6128177622198197,1.6228988292522823,2
1768374426775324902,23.947533941852896,9.129350187991582,1.6106991578709593,1.6221600909334768,2
1768374426974971480,24.16464972732779,8.88051890002504,1.612649654549347,1.6235204974085218,2
1768374427050100800,23.81062404529888,8.581932218549479,1.6135594904266495,1.6236074831716545,2
1768374427124966043,23.516267404505076,8.77136513082446,1.6122346379973518,1.6234652008818506,2
1768374427249698368,24.911242901616948,8.745022252187596,1.6139573675889642,1.6229371651647557,2
1768374427324682305,21.1627141065982,9.053173598676494,1.6094482733894873,1.6242688711039504,2
1768374427374567165,25.26467839732782,8.735129956462313,1.6141184088577,1.6227150196727258,2
1768374427449853214,25.78900666961248,8.819459353455855,1.614022673294522,1.622282998492088,2
1768374427777381208,25.72943494187885,8.81251078721547,1.6138638535001184,1.621803998052165,2
1768374427849696618,24.612598687421272,8.48393671491859,1.6151622257623255,1.6240634871870532,2
1768374428051780948,26.410010991620545,8.699889185723686,1.6156237726730096,1.62313036233458,2
1768374428125001571,25.63804236279843,8.918093251078162,1.613146491443692,1.6224919708410783,2
1768374428258020049,24.17300120519461,8.822701899261139,1.6127035392202682,1.6227668794298464,2
1768374428327314039,13.681905948594864,6.238338481858452,1.6053521934024195,1.6235479122332477,2
1768374428375534445,24.239813261105247,8.74941276144266,1.6132796312282274,1.6230463074616122,2
1768374428450217136,22.098744521668266,8.996617285652302,1.6097890982451188,1.6234398111615869,2
1768374428574717483,24.277808955153635,8.771978623101704,1.6132608360138982,1.6234420906493714,2
1768374428651192588,23.019381572885187,8.910956242448178,1.611238977446716,1.6235118156162425,2
1768374428724709053,26.770412514126818,8.594007471658047,1.615939699654736,1.6226228182343927,2
1768374428926643535,25.081579111430052,8.740474039718372,1.613974462479937,1.6236123121353796,2
1768374428974505929,24.26582609797712,8.752013893450313,1.6134576042534141,1.623626443107529,2
1768374429049625132,25.94182854609506,9.065295678813127,1.6125695578686143,1.6211953304816398,2
1768374429124622485,24.85746338907746,8.547161284080653,1.6145986903832343,1.6230430824378266,2
1768374429175364978,23.369076662039802,8.834141228737447,1.6120529288892793,1.623551532483883,2
1768374429249845860,25.3088067138616,8.941346903175594,1.6128766116518414,1.6221155349757936,2
1768374429374989989,11.952670609398641,6.174522167797147,1.606538749596191,1.6228767266687822,2
1768374429450093193,23.300563035989708,8.907590602307247,1.6114442985522164,1.6230252663863887,2
1768374429775462367,25.6424637752084,8.814329293573637,1.6139507139070455,1.6225200647841251,2
1768374429849913730,25.174012713605087,9.017456978554815,1.612247502403861,1.6223995390403594,2
1768374429924514210,21.564239780185844,9.065981486925814,1.6097162664643871,1.62412540125899,2
1768374429979910835,21.564239780185844,9.065981486925814,1.6097162664643871,1.62412540125899,2
1768374430050338678,26.043073894008728,8.694250039200512,1.6149588406772273,1.622810978963206,2
1768374430124611720,25.09726424513259,8.634893429114808,1.6149557282620994,1.6235360378805346,2
1768374430325243802,26.325928684632682,8.831787222674786,1.6143101066182783,1.6220602468497505,2
1768374430375424246,25.329185981908697,8.962906406964164,1.6132641844163542,1.6224807394527163,2
1768374430449644393,25.577221596991162,8.968102041477556,1.6128320036053752,1.6224121967576146,2
1768374430532796056,24.929069316449226,8.697489044716292,1.6145862586851678,1.6230059969233768,2
1768374430574563615,11.759808415479522,6.142410345373799,1.6064138575488596,1.6225974137402008,2
1768374430724719004,23.132612008625266,8.63366568994946,1.6128241377352521,1.6239552138599067,2
1768374430774799724,27.21090397284143,8.81656769522483,1.6150398895023836,1.621796811192384,2
1768374430849737001,24.461441425176254,9.055327358441197,1.6117517049234227,1.6229520972246072,2
1768374430925141117,24.778761255536796,9.004872721830532,1.6121608044922953,1.6228512879463137,2
1768374430974734607,25.538864607324463,8.150077597179434,1.6183035401101606,1.624441704440092,2
1768374431049798815,26.39635312178168,8.690618951597,1.615882192420738,1.6229746671910352,2
1768374431125188719,21.139051978609437,8.946550078427057,1.6098334023152758,1.6242122714873393,2
1768374431249599707,24.22360579763927,9.369219653260663,1.609528092478845,1.6217952849574333,2
1768374431449640482,23.84175606286565,8.788350145214439,1.612633444089496,1.6230471880177102,2
1768374431574439817,22.774572039172103,8.879434217908186,1.6113604108878041,1.6238238832832566,2
1768374431649706089,23.56417873921668,8.944392028715804,1.611894966551233,1.6225965443280894,2
1768374431724817753,25.728014123362897,9.140267974327616,1.611998871404401,1.621696225670949,2
1768374431775173352,23.86855601931437,8.982766813613456,1.611998871404401,1.6235405215466232,2
1768374432050099443,25.402900267901487,8.864652703735427,1.6137221564338402,1.6225106839335353,2
1768374432124536000,26.237510813510223,8.736725235609619,1.6147707649577179,1.6221607526874033,2
1768374432174688595,26.237510813510223,8.736725235609619,1.6147707649577179,1.6221607526874033,2
1768374432303729471,24.5312133999791,8.849762628771693,1.6131725229431002,1.6232137308416357,2
1768374432449622990,23.78354391925108,8.768007061051017,1.6125377365491247,1.6231700906222581,2
1768374432530241983,23.50010923512036,9.031176084083391,1.610900521795274,1.622972841975265,2
1768374432650136686,25.212901370607277,8.661069086424426,1.6145521196963855,1.6233623676839573,2
1768374432774639705,25.054205739104773,8.3976981716955,1.6164047333127576,1.6237197785763502,2
1768374432924766096,23.994131142945463,8.631297379581385,1.6135877880299303,1.6234241108018248,2
1768374433128907707,25.238515779385516,8.819222013678983,1.6134820807489543,1.622426887021964,2
1768374433174723538,25.482920988411095,8.871752053783304,1.6133512485652481,1.6220147580927788,2
1768374433250067934,23.438976404772216,8.811185570168583,1.6127673660129636,1.623822156955118,2
1768374433374515787,23.70036750037996,8.708186713361538,1.6133835406518402,1.6239114709736227,2
1768374433449765683,22.619063441028153,9.169723278396571,1.6094924989193429,1.6230137537065854,2
1768374433524796768,23.662872136634093,9.018276003451483,1.6110540614645674,1.6229321228732683,2
1768374433724634215,23.764864076480485,8.519696651995552,1.6143355755855686,1.6243622645207951,2
1768374433774632879,24.530739345436594,8.804513678828648,1.6133097945804975,1.6232388900290102,2
1768374433849615909,27.528692558129507,8.670390650167478,1.616567437525073,1.6224426989443796,2
1768374433907132084,27.528692558129507,8.670390650167478,1.616567437525073,1.6224426989443796,2
1768374433976429771,23.640335637323375,8.915852000544218,1.6118824383716441,1.623110587395236,2
1768374434050419328,25.763650639291534,8.861385756342141,1.6132629008540864,1.6220177083190637,2
1768374434325597589,24.66402866418371,8.52765997432102,1.615025316754126,1.62380448057957,2
1768374434374592357,22.768926732217754,8.938354689468744,1.6110595143082491,1.62380448057957,2
1768374434457902492,25.753600393651155,8.833212374809147,1.6136866083809158,1.6221359149693846,2
1768374434575726729,27.037020351380114,8.624874343258126,1.6162758239670418,1.6224948356905902,2
1768374434649739532,23.694271066908357,8.55506072991873,1.6142590854555132,1.6246967738122835,2
1768374434775513718,23.15132321507596,8.889319896818938,1.6113181136561041,1.6234385030609044,2
1768374434851320007,22.788378757551353,8.771467549826781,1.6119989322111012,1.62387474320371,2
1768374434974688073,23.399856956272114,8.916789823572325,1.6114168999328584,1.6233457904143338,2
1768374435049873612,12.841900017546815,6.173594793721465,1.6055572062644796,1.6227515717601617,2
1768374435174573211,25.338675248607558,9.049486421995875,1.6124876411766484,1.6224371311541046,2
1768374435249656040,25.12711096907094,8.902864499587684,1.6127392263287563,1.6220199452736557,2
1768374435449680020,25.97115381112225,8.684295593775929,1.6148045296655693,1.6226927601302104,2
1768374435524725364,23.95913202989486,8.90529707575905,1.6121597297054964,1.623203003896619,2
1768374435575342599,23.479544531625372,8.567950408379057,1.6141241914427364,1.6245943450482123,2
1768374435650122302,24.254563694676712,8.662185067220046,1.614125886602718,1.624148029693479,2
1768374435974939364,21.812166333235794,8.950972152594165,1.6108538431686623,1.6247445617049283,2
1768374436049689525,25.065167725549784,9.025860911293636,1.6126690993933006,1.6223528180084632,2
1768374436124725906,24.587815041871465,9.042228996333373,1.6120513198002042,1.6224052249762826,2
1768374436179244596,24.587815041871465,9.042228996333373,1.6120513198002042,1.6224052249762826,2
1768374436324599289,25.215747157762536,8.843629177065976,1.6130911100415066,1.6223884321779127,2
1768374436375242626,25.215747157762536,8.843629177065976,1.6130911100415066,1.6223884321779127,2
1768374436525443619,24.68638226362674,8.99485738581032,1.6122063932117925,1.6221700330707012,2
1768374436574379298,23.78000033442751,9.106036062862808,1.6107734055325198,1.622583895549081,2
1768374436650235260,24.670169598698386,8.68998569151503,1.6138667279965258,1.6228545674744665,2
1768374436850216429,25.714840627279578,8.64132316237861,1.6149597923108092,1.6228067430397557,2
1768374436924803485,24.625101671501337,9.039312640272003,1.6119320017883008,1.6224898051627836,2
1768374437124546206,24.00381993329792,8.950412646968017,1.611848809470768,1.6234442759166137,2
1768374437249641536,23.299067136970166,8.897177956313818,1.6114656072308366,1.6235551907958516,2
1768374437374550101,24.27288184037879,8.834827522170562,1.6125277380448646,1.6231178119969918,2
1768374437449772157,24.043765604994327,9.06440870241322,1.6107881014892473,1.6222696658107818,2
1768374437649765894,23.0157118969454,8.839682959517567,1.6116500980473167,1.623593532126278,2
1768374437724904957,24.812236472115945,8.845110147041947,1.6133630306555167,1.6230893804393558,2
1768374437849679917,24.27791047415151,9.058020051939582,1.612276455126426,1.6232437254501002,2
1768374437902557020,24.27791047415151,9.058020051939582,1.612276455126426,1.6232437254501002,2
1768374437974936080,23.218645820441086,8.823074482543156,1.611749509268716,1.623455304890991,2
1768374438049612879,24.481770241442156,8.883118376986847,1.6128715249398013,1.6233376956358574,2
1768374438451604879,23.963473799348822,9.068512790848379,1.6115908445298526,1.6228953762231133,2
1768374438501589764,24.436664002361663,8.713790638614409,1.6137612723304213,1.6233648718700093,2
1768374438728496055,23.04188450241074,9.082464089685333,1.6103323562337435,1.622886764932152,2
1768374438777749354,24.936739595401882,8.267839665290193,1.6172596711596665,1.624701851774198,2
1768374438924646735,22.534540656462543,8.86485009372536,1.6106649780090663,1.623321477415751,2
1768374439250018264,24.235225093321986,9.00123544721457,1.611639139768302,1.6224880536695963,2
1768374439328051338,22.821625961306545,8.839962154331758,1.6117632078400834,1.6238872863327256,2
1768374439524794998,24.171894693448827,8.930580837870243,1.6125667875427774,1.6232935690424186,2
1768374439575134102,23.94656742032697,9.103805487036848,1.6109349428875872,1.622667727908228,2
1768374439649574453,24.323515608093427,8.78321730290283,1.6131219187397339,1.6233940684222132,2
1768374439725280190,23.345843333099083,8.909610499292869,1.6121818168681894,1.6239961514129635,2
1768374439849640596,24.386652544882146,8.579063928584125,1.6143632573109894,1.6238633008426746,2
1768374439974965408,22.895966893679898,9.045037951921945,1.6106781756828914,1.6235400077030162,2
1768374440049806948,22.896713253653722,8.851492353141378,1.6115154741494466,1.6238020122817867,2
1768374440105725618,22.896713253653722,8.851492353141378,1.6115154741494466,1.6238020122817867,2
1768374440175293590,24.234512824513388,8.687307473988456,1.61396944814197,1.6236326103303578,2
1768374440250805795,22.832710562512347,8.74630171806222,1.6119907916569303,1.624139270990929,2
1768374440325226323,23.80444633992429,8.85776054118115,1.612453878527197,1.6235194464314457,2
1768374440381423025,23.80444633992429,8.85776054118115,1.612453878527197,1.6235194464314457,2
1768374440450673890,24.718369121003782,8.955913821363545,1.6120854873558452,1.622679530372129,2
1768374440525297365,24.902478355381064,8.761701593219874,1.614195945620005,1.6234794224282991,2
1768374440574569941,24.902478355381064,8.761701593219874,1.614195945620005,1.6234794224282991,2
1768374440774687232,25.32389568126603,8.810395171457232,1.6136652207102165,1.6228719350201566,2
1768374440925116970,26.005515483736417,8.584666214914167,1.6155989873420522,1.623172581169182,2
1768374440974447581,24.440689129342495,8.857318229260958,1.6130751347354417,1.6231773345032223,2
1768374441050487087,24.696333457463247,8.925384529186971,1.6126842753049224,1.6226519923017497,2
1768374441124820647,23.978637404552305,8.691134023830394,1.6133822398791093,1.62381562725658,2
1768374441249898848,24.975373654120283,8.827934334553339,1.6128582103633848,1.6222151892183763,2
1768374441325012512,23.251892925646,9.217163412938943,1.609652678994905,1.6220217347185661,2
1768374441374555258,23.527919736719085,9.12108056181902,1.6106234007910112,1.6223748140452796,2
1768374441449591145,25.070843342329454,9.085105546869698,1.6118129262229846,1.6223437675993495,2
1768374441574554820,21.941978956921957,9.079602229577812,1.6095983960666194,1.6237100671719786,2
1768374441649620672,22.290276149893096,8.787546930281257,1.6111677257715888,1.624176434531919,2
1768374441724633667,23.831688940697315,8.946472727965887,1.6118430270413049,1.6231683924727374,2
1768374441774786683,25.124219615640044,9.115978189929798,1.611294100377685,1.6216057679575768,2
1768374441924663334,26.262103376320844,8.555247113622373,1.6161081540961741,1.623259543936075,2
1768374441975228963,23.07388889342432,8.99308074881709,1.6109847302665468,1.6233450149675899,2
1768374442174864675,24.557752861249725,8.799878746428575,1.6136404579443153,1.6235474388580153,2
1768374442249757700,23.24622348317318,8.954603180646549,1.61217852494733,1.6238825792144698,2
1768374442324903072,25.783978604361437,8.825767382273026,1.6142549665658255,1.6231993600305432,2
1768374442379215800,25.783978604361437,8.825767382273026,1.6142549665658255,1.6231993600305432,2
1768374442450731250,23.386435834689358,8.85181456788878,1.6116873864237349,1.6234791027087385,2
1768374442525063299,23.247443188757266,8.652281078675697,1.6135116629631376,1.6244110669237195,2
1768374442574618137,23.247443188757266,8.652281078675697,1.6135116629631376,1.6244110669237195,2
1768374442704127387,24.985898734551704,9.02280197274974,1.6121751483120157,1.6224432619768099,2
1768374442775078491,24.795172302713553,8.643670813055289,1.614387445168847,1.6237690701781067,2
1768374442849848959,25.784235955413237,9.00928906605236,1.6129903232043923,1.6220352117461854,2
1768374442930911365,25.722779271066585,8.962523511325346,1.6132982429083729,1.6226495303214097,2
1768374443049898226,23.999372014411378,9.063774637301758,1.610944225838194,1.6231696141968743,2
1768374443174882013,26.29697038237677,8.799939586891107,1.6149354172445851,1.6222946079702525,2
1768374443324539284,25.33381522539635,8.498201343210328,1.6159520881951717,1.624009129962831,2
1768374443525205314,25.907761171984678,8.899985751943861,1.6138922422821655,1.6226163385136552,2
1768374443724682336,28.11554552112416,9.12478159092924,1.6144917248157307,1.62148592415403,2
1768374443774683814,26.133886784145854,8.788675662473121,1.6144088188865173,1.6226043857585255,2
1768374443924680083,25.63015235941224,8.79922116945139,1.6140632858984914,1.6224701118531324,2
1768374443974529203,23.2363527060091,9.101055631666028,1.6106598450290248,1.6232521787126108,2
1768374444124629248,23.826095275392145,9.013269803450816,1.6118318631710367,1.6235243934543833,2
1768374444174889818,24.647277988617322,9.053240916214978,1.6118318631710367,1.6227045977241685,2
1768374444249702791,24.01141369044546,9.081456310702889,1.6112851978717262,1.6229888797302798,2
1768374444307850083,24.01141369044546,9.081456310702889,1.6112851978717262,1.6229888797302798,2
1768374444450747789,23.305867633570898,8.86155435491384,1.6119240581747034,1.6231327799010298,2
1768374444525099749,25.29803228789218,9.052297158485851,1.6127505860634803,1.6221367348228937,2
1768374444575070628,25.29803228789218,9.052297158485851,1.6127505860634803,1.6221367348228937,2
1768374444651211951,22.581621383269468,9.011343205416638,1.6108922260479122,1.623753685307322,2
1768374444700942280,22.6195680493364,9.006787624524792,1.6106929121289322,1.623273886122558,2
1768374444774702591,23.518318334217135,8.902688268177751,1.6119493692469462,1.6239159527313647,2
1768374444849847976,25.459691896639434,8.698268464747441,1.6149921917516956,1.6228973227313885,2
1768374444979058833,25.816953001455367,8.911865832907846,1.6131376386891985,1.6213036087978685,2
1768374445049892188,25.121553476043612,8.924102212885696,1.6130041308355263,1.6222589025717216,2
1768374445125249934,22.987192995717276,9.233738830228978,1.6095595486287515,1.6229428808941628,2
1768374445252280659,26.147163967829012,9.18631382501799,1.6123403414966935,1.621333765663746,2
1768374445324544172,25.754541684654964,8.804037355192332,1.614477811108169,1.6229271835127523,2
1768374445374717478,24.301044435085295,9.165749887694652,1.6109918653400566,1.6221897692298435,2
1768374445449553778,25.88160833717179,8.797037640454093,1.6148014102496133,1.6226890140413315,2
1768374445725133381,25.88174100348506,8.869766655988132,1.6134464099859684,1.6217730456749138,2
1768374445774811411,25.321291830999513,8.755888685478388,1.6138674877957793,1.6227738691192362,2
1768374445974737772,22.84531312470728,8.823994587817149,1.611995221546565,1.624387657423559,2
1768374446049766637,25.260218486752528,8.863301508791563,1.6136125951601863,1.6227648629518194,2
1768374446176157190,22.862417618396023,8.69172507515435,1.6129618471617018,1.6244941310266148,2
1768374446249856851,25.39637332666933,8.751251678928263,1.614269906487215,1.6228996234415962,2
1768374446305161130,25.39637332666933,8.751251678928263,1.614269906487215,1.6228996234415962,2
1768374446375139509,24.871829029414315,9.031784169573287,1.612203365137229,1.622886044633178,2
1768374446724941297,24.1104377650283,9.003663358836071,1.6117195093199497,1.622656988466281,2
1768374446775392349,24.1104377650283,9.003663358836071,1.6117195093199497,1.622656988466281,2
1768374446856351761,26.295633166119494,8.716095565022949,1.6150475301328762,1.622739813157532,2
1768374446975007390,24.002480348092714,8.958804827644151,1.6113638690654168,1.6221504912860254,2
1768374447132387673,25.561103190016034,8.791872762887714,1.6142247937022804,1.623176578103543,2
1768374447175163060,24.85633244029284,8.8948764835081,1.6122074250176581,1.6220870671873453,2
1768374447250002253,27.145835883112703,8.666241729623772,1.6163310073627153,1.6220284011262391,2
1768374447324912103,25.445938832369784,8.99247296378946,1.6127134720004894,1.622458332398135,2
1768374447374533697,25.54650640761169,8.995624816470016,1.6130578577590817,1.6224823259834102,2
1768374447450287007,24.828384165742623,8.487190783498711,1.61505493442422,1.6231469237623108,2
1768374447524951317,24.50916388748525,8.860217679151674,1.6128183884994467,1.6223186282024793,2
1768374447574812576,25.90083174122082,8.987183126509855,1.6132471944005067,1.621696157368967,2
1768374447649746406,24.755693781740362,8.841541426389393,1.612806015942661,1.622549621491849,2
1768374447849570318,24.67184882753015,8.624566261392948,1.6144444161447657,1.623515166194164,2
1768374447924784983,24.473590312787508,8.79282068391334,1.6130527515437263,1.623065719626868,2
1768374448049809680,23.60652207803904,8.867773035599928,1.6116426335047551,1.623014000256345,2
1768374448174606857,23.825145591586548,9.006269201190806,1.6116979373334177,1.6230829901282817,2
1768374448249813833,26.05764102426411,8.695127897279107,1.614741453244466,1.6223480062286537,2
1768374448301851623,26.05764102426411,8.695127897279107,1.614741453244466,1.6223480062286537,2
1768374448724580548,24.7093569726351,8.58823657360847,1.6145872868349502,1.6231772099920223,2
1768374448774541528,24.7093569726351,8.58823657360847,1.6145872868349502,1.6231772099920223,2
1768374448853851398,22.24813608566567,9.00702814826198,1.6101044486004328,1.6236437989071992,2
1768374449049998168,23.170071803235714,8.900330716748094,1.6111706321046022,1.6232481716969025,2
1768374449179576965,25.37129775246982,8.856575375982883,1.6132511684974196,1.6228328555821108,2
1768374449249783474,23.46002892203325,9.041349932987245,1.6102875002672903,1.621741193411807,2
1768374449374533404,25.260367953621632,8.90320050617607,1.6128081841836417,1.6220379773282678,2
1768374449524726477,24.7285020375414,8.857718187806508,1.6131957624436781,1.6231647060343535,2
1768374449574561630,24.883267603134307,8.618614424394762,1.6143326591294473,1.623118460540131,2
1768374449729508789,23.46960562266931,8.784244120997318,1.6120086681271426,1.6233512004619737,2
1768374449849963589,23.675891843393472,8.973448236800815,1.6115174702884612,1.6232816460631296,2
1768374449924668580,26.317644179945752,8.904519890285933,1.6141279157984456,1.6222074964372872,2
1768374449977324836,23.667626665678565,8.835329275506492,1.6127056450230146,1.623928862601177,2
1768374450049584816,25.43430791660284,8.729282722845433,1.6141313133055264,1.6229872560038578,2
1768374450124767198,26.659515642152964,8.885420490551272,1.6143399309041413,1.6219473281261325,2
1768374450174938089,25.305740900042117,8.460886700963357,1.6158959845023795,1.6238243438695712,2
1768374450249600408,24.75523656189371,8.913522428139078,1.6124429855322584,1.6226098065454735,2
1768374450325206843,22.598577392070496,8.912152593762096,1.6111617336461792,1.6236823008646095,2
1768374450374761282,24.090012625376687,9.096033544261013,1.6111617336461792,1.6221833497040559,2
1768374450576276782,24.736938505951713,8.940596553332684,1.6122351790807543,1.6222183965265298,2
1768374450650517173,24.355275152377676,8.853758565812052,1.6125279660697167,1.622872431246976,2
1768374450724934331,22.741120377707702,9.151134751454869,1.6096005322498326,1.622741562387777,2
1768374450775463589,22.741120377707702,9.151134751454869,1.6096005322498326,1.622741562387777,2
1768374450924876389,24.30426795325569,8.820475926460455,1.6130696104091613,1.6233357362535654,2
1768374451050120828,25.14888987687458,8.665628994335798,1.614346842703679,1.6227927567718368,2
1768374451249637170,22.774293506159005,8.804006980491188,1.6118181599667394,1.624496233017088,2
1768374451451769485,24.56450044413505,8.901308274720705,1.612828914525171,1.62294016989934,2
1768374451525175517,25.96317053110475,8.77721338307526,1.6146635360637935,1.622714131971822,2
1768374451650014048,25.711579288950848,8.962385653376753,1.6130821197285043,1.6224374616488035,2
1768374451726229533,24.110038779571852,9.061157213415862,1.611217133219142,1.6226546077372768,2
1768374451774725672,27.84078253471911,8.756343065429352,1.6157057822411223,1.6214974357467864,2
1768374451849712270,23.156380711841784,8.588643750276264,1.613490010974121,1.624175471222197,2
1768374451974773440,24.944045890408884,8.913044614575256,1.6130827848945763,1.622555255872244,2
1768374452174731085,26.210499660538122,8.773449183764649,1.6150682215178775,1.6230236098184272,2
1768374452650693252,23.955342949730785,8.768443391339718,1.6130970770652295,1.6231322943619617,2
1768374452724508047,22.49576043733903,8.752156797563192,1.6122104471879073,1.6244108845944938,2
1768374452779951569,22.49576043733903,8.752156797563192,1.6122104471879073,1.6244108845944938,2
1768374452924914575,24.155291948856128,8.793603473461161,1.6132852102201893,1.6236157100163626,2
1768374452974677914,24.155291948856128,8.793603473461161,1.6132852102201893,1.6236157100163626,2
1768374453056395862,24.840839125213733,9.10813681680741,1.61184270647193,1.6227002936653596,2
1768374453104269354,27.400743983058362,8.998890542251198,1.6142700530095337,1.6209709727318489,2
1768374453175104389,24.959080268819545,8.944703707426669,1.6129261456257942,1.622543604482858,2
1768374453249842065,26.011655771071673,8.57114205033198,1.6155976903001863,1.62220504752259,2
1768374453332024925,24.31881649620271,9.024782165194283,1.6119085896336012,1.6226640954983287,2
1768374453374985262,25.266824432888193,8.963650417939904,1.6124615436843082,1.6215491817872105,2
1768374453449514121,24.40152244875371,8.6835126189115,1.6135768990686772,1.6230773160456542,2
1768374453524614234,23.746379297140628,8.959272475658434,1.6117068201136298,1.6235329309577269,2
1768374453574467094,24.549090370578952,8.903958207336114,1.6127103511672065,1.6236052760101811,2
1768374453650299163,25.389338327290957,8.454591389159928,1.6156733034975925,1.6231442207718079,2
1768374453774567386,22.382978846908543,8.90955881321916,1.610909087965097,1.6233417179936422,2
1768374453924781295,25.14940611010008,8.923231278613681,1.6127737637429749,1.6223379351032419,2
1768374453974702049,24.450770457809412,8.89237203699805,1.6130842998102004,1.6234656578308195,2
1768374454049608984,21.749479557607643,9.160948071895813,1.6087526039700542,1.6230775119711707,2
1768374454124622308,25.240978688326088,8.919597954832748,1.6129100700985568,1.6222110569621173,2
1768374454174937176,26.447278646082317,8.767222987245496,1.614765871089894,1.6221489962219104,2
1768374454325181734,24.22855571050464,8.7926559559684,1.613142771150963,1.6233279883657876,2
1768374454374559004,12.531247360754838,6.31712746962533,1.6052985619770115,1.6223649534087667,2
1768374454449781445,24.272626482002792,8.876869239235429,1.6125211183024193,1.6233525510670028,2
1768374454501661695,24.272626482002792,8.876869239235429,1.6125211183024193,1.6233525510670028,2
1768374454575018721,24.22763708830211,8.830780503422261,1.6124805514550689,1.6227127910010122,2
1768374454724533434,24.333293930022926,8.634501591427478,1.614246424884676,1.623589612547219,2
1768374454777268849,24.333293930022926,8.634501591427478,1.614246424884676,1.623589612547219,2
1768374454924753648,25.973762424480018,8.789176003557547,1.6142352888223395,1.6221799843954414,2
1768374454975024077,25.973762424480018,8.789176003557547,1.6142352888223395,1.6221799843954414,2
1768374455054680386,23.914928849878557,8.73812527923727,1.6129864580681563,1.6241453014033977,2
1768374455102416353,25.002302143021904,8.910989992889476,1.6131126647788863,1.6228699746887052,2
1768374455174591076,25.27230166067107,8.673900165098747,1.6147248249466837,1.6233050468635903,2
1768374455249786784,26.579883277643823,8.879036522451981,1.6147820909257236,1.6224535753436138,2
1768374455378283760,24.68152314738048,8.545555398867418,1.614605745097598,1.623084876307968,2
1768374455449831293,25.4205571615973,8.78376974118732,1.6141087754124965,1.622499904230285,2
1768374455653407636,25.12090302492842,8.916571381754457,1.6125466083822708,1.6221003771392761,2
1768374455724615040,22.553794926694735,8.821472312530114,1.6115829170702192,1.6240365085709558,2
1768374455774584473,25.957665589731562,8.523902302189184,1.615825210590189,1.6227839681727967,2
1768374455928078805,24.682431613784807,8.840623556312831,1.6132781413165997,1.623377665182183,2
1768374455975093932,25.181159049203707,8.873197997011511,1.6136104415883237,1.6230032314856022,2
1768374456049637607,27.57261681010781,8.63406025217867,1.6166246467225591,1.6222802813276105,2
1768374456249761374,24.403410596936624,8.991188539801863,1.611510956762451,1.6223468677396253,2
1768374456324744127,24.9061504907786,9.158295001044577,1.611332560262383,1.62214734187632,2
1768374456374748152,24.809547939369068,9.044716732462952,1.6120043480562227,1.622364915628339,2
1768374456524602110,24.425071990356706,9.08061005438583,1.61128089164349,1.6222793730628224,2
1768374456575283020,24.223289872556954,9.022219604746947,1.61128089164349,1.6224749551444417,2
1768374456649796940,26.49352923457449,8.882515423709684,1.6147810189073366,1.6227321203484382,2
1768374456706316264,26.49352923457449,8.882515423709684,1.6147810189073366,1.6227321203484382,2
1768374456849845932,26.280422431243842,8.578523436501532,1.6155808612788496,1.6224573591520857,2
1768374456924597783,25.19303671068829,8.939025777003856,1.6132300671718605,1.6228951433706387,2
1768374456981715127,25.19303671068829,8.939025777003856,1.6132300671718605,1.6228951433706387,2
1768374457049972314,26.36406796955537,8.373509466090175,1.61732161731514,1.6237497772859757,2
1768374457250424155,25.04843295812531,8.50039386254363,1.6158118349371562,1.6241192374861164,2
1768374457449835869,26.615057472983985,8.598706218739224,1.6156892218524,1.6224816678177982,2
1768374457525156114,24.804230369731563,8.60982285882512,1.6140701192123479,1.6226468189763712,2
1768374457651385004,23.625751317039033,9.011235353786171,1.6109882460144342,1.622681500678949,2
1768374457724571020,24.507903757440943,8.661200337769863,1.6143520738694088,1.6234256114292172,2
1768374457850267414,24.181897446530208,8.713309176912166,1.6131221567069065,1.6235666667589117,2
1768374457925359551,25.44905309309664,8.883229814302902,1.6130984315167498,1.6218120735322872,2
1768374458124771058,26.06801315436824,8.75048959280941,1.6139287840610979,1.6222487900254325,2
1768374458174726334,17.440479238354456,6.613924628028808,1.6005912876002548,1.6233956727678203,2
1768374458324638971,23.87775293393335,8.824070786786782,1.6127681790002453,1.6232641200241664,2
1768374458374729177,23.2467868165811,8.915889040533298,1.6113576311550903,1.6230908673236972,2
1768374458449714109,13.944081193061564,6.240003602386251,1.6047754788656283,1.6231023718618245,2
1768374458524749939,23.530488266394034,9.254357707123113,1.6097720843474554,1.6222758996172633,2
1768374458574642895,23.118860368973372,8.475208737774908,1.6140317609993389,1.6243474114120677,2
1768374458649583312,25.799898320772343,9.017580554474431,1.6129405318940535,1.6219458691957163,2
1768374458703041888,25.799898320772343,9.017580554474431,1.6129405318940535,1.6219458691957163,2
1768374458775434549,24.437740473689296,8.632418174621105,1.6138026404028956,1.6231504662959824,2
1768374458924586155,24.98233151353002,8.89403936282585,1.612816190913491,1.6225361352684506,2
1768374458979141926,24.98233151353002,8.89403936282585,1.612816190913491,1.6225361352684506,2
1768374459125074012,25.64500640666223,8.637875667493216,1.6149864439458157,1.6226086953743666,2
1768374459174784467,25.64500640666223,8.637875667493216,1.6149864439458157,1.6226086953743666,2
1768374459374991490,24.890143440704282,8.887724906376096,1.6129690710820637,1.62226452297216,2
1768374459532668271,23.563629477540758,8.949296476243177,1.6116350722225556,1.623093373826508,2
1768374459575371183,24.14474718102433,8.73999448929233,1.6133350962320696,1.6238901166317943,2
1768374459725086990,25.06828928118732,8.7255548678129,1.6148635449588833,1.6239256364209367,2
1768374459774478201,22.81330168365092,8.984529104217351,1.610719297781895,1.6231592950157543,2
1768374459854000179,22.988666494496933,9.051715574866936,1.6102527847973414,1.6229530033950845,2
1768374460125378186,22.88594425095436,8.681081337568118,1.6126696747863787,1.6235307799057148,2
1768374460174587455,23.427176425591114,8.989434597796652,1.6117028560835691,1.6242897462754353,2
1768374460324645712,25.979012592846075,8.817468401475288,1.6142041704583268,1.6224801737236128,2
1768374460374655537,23.016203965045445,9.198004241702295,1.6101139178310122,1.6234518418995263,2
1768374460449816015,23.993644671878478,8.818643692225344,1.6130802854226358,1.623854617272955,2
1768374460574457903,24.292295820059763,8.91610166823472,1.6122257961575464,1.6226331954422621,2
1768374460724809095,24.058227838383182,8.940438864795759,1.6119127260972483,1.6230017707926891,2
1768374460775467785,24.058227838383182,8.940438864795759,1.6119127260972483,1.6230017707926891,2
1768374460849511616,24.67062538107068,8.757005180759458,1.6136910037639354,1.623207884720276,2
1768374461253829917,25.06212412775355,8.842129849141365,1.613618595790114,1.6229174712480092,2
1768374461302863006,24.658236085679075,8.852063990549036,1.6129998846781217,1.623263682127663,2
1768374461374613317,24.07673679987221,9.208632417754655,1.6105445185098255,1.6221569072878375,2
1768374461449663770,22.333504996319142,8.78441400595931,1.6119491118617308,1.6246046978170536,2
1768374461649707039,23.757313602195573,8.7085275427004,1.6127812077778914,1.6238910111085447,2
1768374461725349915,25.452892973923056,8.50967660978086,1.6160545938552493,1.6236523866524684,2
1768374461774650847,24.670948723842123,8.920296319429125,1.6129502302063035,1.6235478906494283,2
1768374461854088337,23.62624937820934,8.801594865356142,1.6123928553390456,1.6238668349014012,2
1768374461924766889,25.074837766291715,8.532322820584294,1.615300523221225,1.6231538214866459,2
1768374461974538701,25.019171796347717,8.870508605108444,1.612935209226729,1.6222855723011829,2
1768374462127759291,25.646670216259437,8.597166209705325,1.6152330169639337,1.6233667271379366,2
1768374462174568591,24.95242411003895,8.850416782349985,1.6133318098340628,1.622387068655844,2
1768374462249557568,24.958005880909795,8.735889744004067,1.6136864126939363,1.6230221552247628,2
1768374462374546086,23.45195870382777,8.912631872731303,1.611335650836498,1.6230552102434863,2
1768374462449635593,25.387286304121346,8.745640536328214,1.6144012759933921,1.622719030405326,2
1768374462524836052,24.705749956588363,9.088142298369641,1.6118650062007895,1.6224322083379898,2
1768374462574503143,22.978145504902958,8.680513544689664,1.6128965048412667,1.624064144781194,2
1768374462649929657,24.868161310787286,8.657627452791008,1.6144527994762294,1.623786303635598,2
1768374462724829902,26.134842849583116,8.552089571812285,1.6158326902037565,1.6227064558449518,2
1768374462775281382,26.585439717068393,9.191643703313506,1.612392326105702,1.6212157977456918,2
1768374463124801178,23.554664514960688,8.467764083653197,1.6145969354317398,1.623962273705839,2
1768374463181215012,23.554664514960688,8.467764083653197,1.6145969354317398,1.623962273705839,2
1768374463250313350,25.969665229392813,8.863939738838441,1.6143447288337731,1.6224435361093275,2
1768374463374760749,23.38396721063063,8.720927765314233,1.6123976836767606,1.6232317518259,2
1768374463457467806,23.52771918778207,8.907594833521335,1.6117641821370072,1.6230646016960653,2
1768374463526121021,25.198746031431796,8.850563233649735,1.613319040863925,1.622996707052403,2
1768374463649845672,23.171048382482518,8.91588534490193,1.6106176871431328,1.6227464836659915,2
1768374463724731760,25.094120993774062,8.767754579127185,1.6136680231193006,1.6229031217715342,2
1768374463774720033,23.31091111811179,8.779681887754641,1.611979882454845,1.623428390453766,2
1768374463850501081,13.682583066529919,6.09398486462878,1.6054560923185854,1.6232807366513025,2
1768374463974880368,24.65555298995725,8.789134124176986,1.6134103100375443,1.6226279136450006,2
1768374464049626866,24.520800227735727,8.526923758622853,1.6150127877929397,1.623722166696942,2
1768374464174465111,21.440481033887515,8.837738952629127,1.6104251695612208,1.6240917042252279,2
1768374464249666950,22.315755712513763,8.815668211132374,1.6112857159741314,1.6235326919724977,2
1768374464374888434,22.86424278188237,8.70798129205554,1.6122430548188975,1.6235904788882145,2
1768374464449992916,24.0767617074904,8.574277232542475,1.614456357304405,1.62351646938932,2
1768374464524699843,24.89581982673572,8.765116641401583,1.613534106020817,1.6227096389002906,2
1768374464574656733,25.87796760290395,9.117241068242603,1.6129913943504948,1.6212207212982368,2
1768374464649661971,25.476451662758805,9.420416148508608,1.610075084821857,1.621099935559888,2
1768374464724636643,24.79153319368521,9.026288640923548,1.6121138301662707,1.6222395124885607,2
1768374464849583524,25.155914695952575,8.788675030731506,1.6133963896716925,1.6223195879381487,2
1768374464902925654,25.155914695952575,8.788675030731506,1.6133963896716925,1.6223195879381487,2
1768374464974734419,23.22912749041528,8.595780451632514,1.6130868886188405,1.623571440841255,2
1768374465050070269,25.637633868883736,8.549519234010484,1.6158941972519352,1.6230586739408852,2
1768374465124501531,23.935087548790037,8.827868906715038,1.612610472214368,1.6229866113113023,2
1768374465178701648,23.935087548790037,8.827868906715038,1.612610472214368,1.6229866113113023,2
1768374465250445991,26.95913361714397,8.920493492417235,1.6143189977523063,1.6216114134669513,2
1768374465455420886,25.036684659493602,8.80183398637259,1.6138948419796306,1.62360090189448,2
1768374465574494487,24.936351378307187,9.324687343326419,1.6100308854436116,1.621427795049837,2
1768374465649678722,23.746555716873896,9.035158023741033,1.6110675483475074,1.6224177870859546,2
1768374465779208075,25.127384974402702,8.89189091736593,1.6131119713882611,1.62252959080214,2
1768374465974694205,23.213919317517817,8.4887584818346,1.6143889047006512,1.6241445862730093,2
1768374466050185706,25.20518227629731,8.812989553097161,1.6137647090372733,1.6228387162512388,2
1768374466124740330,26.227435227461626,9.09344849024588,1.612668196231505,1.621317912908795,2
1768374466174625512,22.79229328624055,8.552241732457151,1.6130707580868913,1.6238053598344808,2
1768374466249742478,24.89817337829536,8.956725508098012,1.6123689986157386,1.6227802094983856,2
1768374466328490366,25.63724617997254,8.812479764933048,1.6143889623957093,1.6231688030186355,2
1768374466449569590,23.63547676278199,8.891399551077987,1.6121965735813795,1.6235920385946447,2
1768374466524754457,24.08233328439269,8.958025015088724,1.6118234374495726,1.6226621587067454,2
1768374466574676768,26.064367596186464,8.841541845626743,1.6138559075269727,1.6223551949355635,2
1768374466649697651,25.02976606945495,8.84199075186099,1.6129148938851545,1.6226492508382977,2
1768374466775160543,25.219938602609517,8.91078989912238,1.6132283876989102,1.6224089173086838,2
1768374466849993552,23.897383595862244,9.1154429699869,1.6104278506364347,1.6220569376307132,2
1768374467050150296,25.12453224395528,8.902135964645566,1.6135959802524462,1.622894886659325,2
1768374467107391310,25.12453224395528,8.902135964645566,1.6135959802524462,1.622894886659325,2
1768374467175613212,24.9225154200754,8.52885691975748,1.6156947382502438,1.6240868735378808,2
1768374467452567093,24.01556903389901,9.03496401849306,1.6114252225040635,1.622786820195188,2
1768374467501622933,23.5903623775473,8.935292308050405,1.611379857522007,1.6230909033657621,2
1768374467574642706,23.54316391069,8.85782774997139,1.612430960955614,1.6235351633343242,2
1768374467728291279,23.89901571323838,8.503537434268058,1.6143312102786904,1.6241708694924315,2
1768374467777091040,25.162629285940817,8.740752648837118,1.614016156080102,1.6226599530335444,2
1768374467849634108,26.32642505828775,8.607855963103354,1.6156097926269473,1.62216988255154,2
1768374468052443351,24.277870814015003,8.58431355941764,1.614437928875557,1.6239508959178548,2
1768374468124687168,23.577572700753446,8.819060231166576,1.6120820088789647,1.6230917367650675,2
1768374468174661023,23.629266003596385,8.783647661960805,1.612696087143915,1.6236815764732324,2
1768374468249715952,23.403693548209148,8.783501842666412,1.6120531037367758,1.623159376321535,2
1768374468374891694,23.18686300254935,8.743422378702084,1.61288721262375,1.623583830525168,2
1768374468449785566,23.90493831626661,8.544119739982374,1.6142083641804397,1.6237346405651412,2
1768374468524686809,21.36461735443529,8.928984205106552,1.6097301516734175,1.6239125697802845,2
1768374468574460870,24.581849808823275,8.901038913873931,1.6126471651854342,1.6223751243667093,2
1768374468724847385,24.49861375303941,8.854497226777843,1.6128119559700234,1.6227131527779763,2
1768374468774705073,25.22683509034063,8.67805977573897,1.614603616399983,1.6225515676843387,2
1768374468849839126,22.866079298634602,8.93193747696358,1.6113014262690164,1.6239461997149842,2
1768374468924862310,25.477428702358253,8.702477852160266,1.6142414321794836,1.622290918605524,2
1768374468974642027,25.089014476489922,8.98625038637422,1.612608263523832,1.6222298947785323,2
1768374469049578406,23.070537504120246,8.764072220147437,1.6125938231659036,1.6244006929998471,2
1768374469104150221,23.070537504120246,8.764072220147437,1.6125938231659036,1.6244006929998471,2
1768374469324479954,23.156042450757752,8.468374045717093,1.6140257802293887,1.6251944533935823,2
1768374469381093150,23.156042450757752,8.468374045717093,1.6140257802293887,1.6251944533935823,2
1768374469450577211,26.933059161141415,8.861487344458087,1.6144926805545714,1.6216910775189568,2
1768374469525238397,24.52473759919327,8.68288797225984,1.6139851837844583,1.6232180201379327,2
1768374469574444972,24.807408788561467,8.752963348130086,1.6137271988557182,1.6232180201379327,2
1768374469727410879,25.31395053889152,8.86936715353938,1.6135980010261821,1.6228751808864752,2
1768374469776425614,27.126370395888834,8.532976006350811,1.6170162716408363,1.6225448295812444,2
1768374469849914319,24.892671917517983,9.021417472479865,1.6122951441973101,1.6230020609300952,2
1768374469974577852,25.17483329500947,9.168136740046139,1.6115701428957088,1.621863007840372,2
1768374470049982923,23.274993074313688,9.04669968876229,1.6105018493459105,1.622625165697274,2
1768374470124593400,24.183222122696524,8.820608324897236,1.6125923939715714,1.6224512705494263,2
1768374470174666056,23.583011971350707,9.11723904441796,1.6108866601293532,1.6228775701649496,2
1768374470324713843,23.508962227484442,9.056390077171681,1.611051961702133,1.6227453062822377,2
1768374470374435025,22.340607067168783,8.908095517423224,1.6107326954161394,1.6241557634675263,2
1768374470449667329,25.165648574903887,8.787850341424166,1.6136667916881657,1.6226431079904864,2
1768374470574550921,24.75083939384892,9.080489614929855,1.6113303697037455,1.622356686323802,2
1768374470649726987,23.733196930646905,8.790691521530906,1.6128316700533813,1.6240489993895535,2
1768374470774494823,24.75054686276468,8.834661803382065,1.613543636007008,1.6235238272141574,2
1768374470849761297,26.258749240783086,8.705255836710313,1.6151524911187949,1.6221480011646738,2
1768374470924568730,23.931741059764143,8.745681039982083,1.6130126985679685,1.6233070273231165,2
1768374471049360622,24.673652253514476,8.85414245759399,1.6123401086051914,1.6221513597456765,2
1768374471102342847,24.673652253514476,8.85414245759399,1.6123401086051914,1.6221513597456765,2
1768374471174829527,24.471818779763232,8.630794319422222,1.6138040601040757,1.6233259791411792,2
1768374471324599354,24.807222439281908,8.516139178542575,1.615116187705321,1.6236548412430458,2
1768374471377237865,24.807222439281908,8.516139178542575,1.615116187705321,1.6236548412430458,2
1768374471450190219,23.97778082499924,8.551005995739045,1.614886767433935,1.6237444605707598,2
1768374471525153459,27.292377414871005,8.848711792898259,1.6149005424810963,1.6216406699477055,2
1768374471575469415,27.292377414871005,8.848711792898259,1.6149005424810963,1.6216406699477055,2
1768374471654274136,25.25115461234373,8.749196054969412,1.6136750359779044,1.6226857767322658,2
1768374471702865051,24.78830847292879,8.6667736778664,1.61464725748418,1.623308383609672,2
1768374471849681603,24.05808833933598,8.485228504511579,1.6150005200003157,1.62474387717905,2
1768374471930487028,24.297681430909712,8.678092683118681,1.614011911962341,1.6241641866864556,2
1768374472049573943,25.436292421601834,8.878788647489332,1.6133315108114314,1.6222316960990097,2
1768374472124646639,25.63761591104963,8.861853697529256,1.6133188003468766,1.6220768609278715,2
1768374472174648473,23.151512665204876,9.21520231014124,1.609421781194779,1.6225955351214436,2
1768374472253205152,25.981234548646093,8.907679762671531,1.6134720274994838,1.6217789334671255,2
1768374472324779266,25.060529172294956,8.891958038697917,1.6132481741134674,1.6229523246433113,2
1768374472375461779,22.825736936189944,8.762559362458044,1.6120633824003046,1.623981829855132,2
1768374472449692866,22.298797596511434,8.889264116012768,1.6108108082316945,1.6235693770727477,2
1768374472528574586,23.338747740218267,8.884349069851249,1.6118383868313209,1.623975466150896,2
1768374472574868071,24.2193442919576,8.857801570013388,1.6129586370462894,1.623522479811207,2
1768374472649728994,25.83922801078975,8.710123402348303,1.6150223057542579,1.6232347707256403,2
1768374472725071854,26.53716622789282,8.48104390901064,1.617019906762893,1.622894495536601,2
1768374472775018931,24.406826785378087,8.639820873571786,1.6141427058359867,1.6236825548078166,2
1768374472849948437,23.685856467851263,8.835430918658387,1.6126356925232317,1.623299463197962,2
1768374472975060856,24.358888203777738,8.948120212418914,1.612160370336516,1.6222967803024546,2
1768374473049743639,23.617444284217413,8.780001199554402,1.612090901363912,1.623217976366187,2
1768374473124822071,24.649981572808954,8.827209085352825,1.613179045749808,1.6229121207008095,2
1768374473249840443,25.25041197343958,8.483154362128321,1.6153985964859352,1.6232359913462395,2
1768374473306097909,25.25041197343958,8.483154362128321,1.6153985964859352,1.6232359913462395,2
1768374473375855470,23.173210076045557,8.656145641409795,1.6122843649909953,1.623122770567325,2
1768374473450014931,23.607185242312756,8.919118863400838,1.6116345118564512,1.623199050649026,2
1768374473524526180,25.35423784641977,8.845582410992616,1.6135421523490108,1.622474690825413,2
1768374473581902160,25.35423784641977,8.845582410992616,1.6135421523490108,1.622474690825413,2
1768374473651285215,22.266669975046447,9.01527563104054,1.6097518495224445,1.6227631751904077,2
1768374473701837726,24.421404646463472,8.419426681737892,1.6155744226044477,1.6241497274030483,2
1768374473774674550,24.45734478959394,8.680841237687513,1.6140115098294434,1.6234896775914265,2
1768374473850212103,23.197070100641646,8.846862740193009,1.6118761739940397,1.6231052543259499,2
1768374473929482781,24.290447487894884,8.807284445664585,1.613078035100366,1.6237375698487724,2
1768374473977201623,22.956908668634533,9.007089424222348,1.610746761537114,1.6227386931185128,2
1768374474125280365,25.4926335750445,8.835408512408051,1.613799571918168,1.6227823644257868,2
1768374474175117835,23.590353030798372,8.916953022844075,1.6114728842058388,1.6234304101409267,2
1768374474250508428,26.484793153835227,8.58096864482455,1.6160995256134099,1.6230120408564381,2
1768374474374485497,23.283887950673822,8.971381902953832,1.6110288749737693,1.6232298160042502,2
1768374474449917311,24.3620244365661,8.785259306215869,1.6134220925911682,1.6238345308384943,2
1768374474724553600,25.86326835017072,8.862738047558432,1.613830030569701,1.6222417218655931,2
1768374474849631702,23.32989778800698,8.798323362892962,1.6115643368224934,1.6229929519389494,2
1768374474925090043,25.156715889102177,9.071033797968772,1.6120159666151987,1.6221896378925036,2
1768374474974509700,26.012539010905165,8.650879549869021,1.6154231764809073,1.622576810467887,2
1768374475049956428,24.233860095141722,8.755013809821818,1.6132046094941332,1.6234496302497683,2
1768374475125363263,24.35114564876173,8.999288635749766,1.6119350639616044,1.6231772223573755,2
1768374475174585207,25.47975949950154,8.707145683228205,1.6142192701675129,1.622693790534079,2
1768374475249485803,23.556895746397856,8.858053738226273,1.6122835575711036,1.6237478514721193,2
1768374475304589395,23.556895746397856,8.858053738226273,1.6122835575711036,1.6237478514721193,2
1768374475374914077,12.887839371294563,6.194429906763138,1.6060149668334733,1.622983765115584,2
1768374475524706760,23.380452257588892,8.586857601225754,1.613311737224174,1.6239072799974414,2
1768374475581116426,23.380452257588892,8.586857601225754,1.613311737224174,1.6239072799974414,2
1768374475649931538,26.324018386090664,8.714567164347597,1.614852726105907,1.6223224923305464,2
1768374475724588923,24.246251019186094,8.792132617276545,1.6127323774265057,1.6221956156705908,2
1768374475774651923,24.246251019186094,8.792132617276545,1.6127323774265057,1.6221956156705908,2
1768374475855991012,22.12306446536738,8.797797581183818,1.6111694193656767,1.6242615283433168,2
1768374475974860133,25.050447809434438,8.682258518399117,1.613758474955569,1.6227095214674332,2
1768374476049814105,24.462826200878585,9.013923062766708,1.611582179108685,1.6220746922077889,2
1768374476131847182,23.737963378200444,8.631380336440309,1.613916769049197,1.6241292170766914,2
1768374476179400848,23.884933435479596,8.822584485799302,1.612227992023901,1.6232312160112263,2
1768374476250063660,24.78383451281396,8.9815328964759,1.6120249835294884,1.6224308880381444,2
1768374476324544476,26.565019895832933,8.786207801692015,1.6147688251186052,1.6223777068880294,2
1768374476374616630,22.799925305432733,9.123343244933722,1.6098904152039186,1.6232103370163784,2
1768374476525166479,24.07976631405728,8.830185342302588,1.6128036084375712,1.6237377321196822,2
1768374476574452173,25.871759939532836,8.881863881381067,1.6136195753584641,1.622053175342445,2
1768374476649660101,26.408107867032182,8.964380422180936,1.6136872897641852,1.6223834270832942,2
1768374476725107372,25.01356347881267,8.621098847944667,1.6148280795007501,1.6234733560066703,2
1768374476924751731,23.657232035139806,8.791109585893718,1.6125274646082322,1.623737244894103,2
1768374476974530096,25.37067658247949,8.971060277961042,1.6129407406853262,1.6224978825718557,2
1768374477125122913,24.456398716462324,9.00652116906643,1.6121384982442917,1.622942199226586,2
1768374477174654887,23.629392210498644,8.956755196565357,1.6117519843339698,1.6235280361557578,2
1768374477374867871,24.05546752292431,8.665631764229214,1.6135740162738939,1.6239990055256803,2
1768374477649912551,23.61665281890346,8.891627541101132,1.6118041897999473,1.623018063407256,2
1768374477724601805,24.46177257912585,9.080878092782461,1.6112470633974938,1.6224745373239338,2
1768374477775276649,24.46177257912585,9.080878092782461,1.6112470633974938,1.6224745373239338,2
1768374477902011540,23.399745091603698,8.912461023307138,1.611462719718937,1.622926403926356,2
1768374477974677718,24.45171499636567,8.799345337598977,1.6130963061800474,1.622925422980962,2
1768374478049707247,24.195100620399757,8.404051471894922,1.6153751735714657,1.6240980477792153,2
1768374478178146317,23.79376666547084,9.220438173864505,1.610009369424088,1.6220419467646217,2
1768374478249716406,23.67124024353151,9.020161915037102,1.6112473657245887,1.6234015589862956,2
1768374478374504204,25.79642502467827,8.752649845829753,1.6142456798337745,1.6223276247850464,2
1768374478452885252,23.287236348970673,8.86895653502707,1.6116785633659536,1.6236860542167926,2
1768374478524568064,24.659834476082885,8.9857429278414,1.6125474303123994,1.6229848643084979,2
1768374478574665692,24.752418510380238,8.703202081898532,1.6142587931845036,1.6233987481300514,2
1768374478728015396,25.301442150813536,8.736051932616952,1.6140381557597032,1.6229140360102432,2
1768374478774532232,24.714823080056682,8.795900798658666,1.6135134514162093,1.6229612885738083,2
1768374478849735916,25.545181637584015,9.106943503817952,1.6123586458821901,1.62214051913051,2
1768374478924719780,24.83359956482434,8.80721950118257,1.6134611895016564,1.6229064899414742,2
1768374478974896585,23.831161621594266,8.951440062917007,1.611789908473105,1.622882923014711,2
1768374479174646481,23.931837327443528,8.82325534262373,1.6123158110775109,1.6231421842222349,2
1768374479449987424,25.170753019705614,8.794261371065733,1.6135428792950464,1.6225953121322922,2
1768374479505731239,25.170753019705614,8.794261371065733,1.6135428792950464,1.6225953121322922,2
1768374479649789407,25.52318016334287,8.669384571219252,1.6150102698959932,1.6233118192502727,2
1768374479724512252,24.08700118032825,9.044798544129582,1.6115376080690111,1.6228867000420264,2
1768374479781178671,24.08700118032825,9.044798544129582,1.6115376080690111,1.6228867000420264,2
1768374479924765470,23.737550970873933,8.940673998023978,1.6121814500887661,1.6232692393628498,2
1768374479974467459,24.14664627482832,8.92151900697686,1.6124734526027076,1.6232692393628498,2
1768374480175731501,24.197404945081715,8.861220249026609,1.6125982124136815,1.6229108153311074,2
1768374480374694686,25.365366507378084,9.019177253098,1.6121579776588615,1.6215788176016406,2
1768374480452587703,25.581414308827544,8.690056096396054,1.614710261259608,1.622656137868199,2
1768374480574619800,23.41090676092228,8.914434579410944,1.6117517210545513,1.6229113600642435,2
1768374480650066315,26.41891867775903,8.539113294632704,1.6161022319190577,1.6224954383556711,2
1768374480725919017,24.181269616574184,8.914787496810309,1.6124488851925545,1.623167119816455,2
1768374480849666474,23.396409921031314,9.000977985660999,1.6113582242953013,1.6231707229272447,2
1768374480974436351,23.711266906011552,8.637681953357433,1.6134027587057285,1.6239323541892883,2
1768374481049992394,24.253101330694584,8.973865082494033,1.6123441426458314,1.6230325589230798,2
1768374481124552796,25.712882955355898,8.880342461461032,1.6137425161768475,1.6224268070956844,2
1768374481175578899,22.459330878920714,8.913939073437568,1.6105592667829267,1.6234213449174186,2
1768374481250017397,24.704125709093194,8.929015455317717,1.6122750703313944,1.6226292236322226,2
1768374481324741695,22.857656695406845,9.153718248173151,1.6096109756038859,1.6227846589908492,2
1768374481449566908,24.982980407103117,8.81225904480168,1.6133113220204687,1.6230700062738457,2
1768374481502650866,24.982980407103117,8.81225904480168,1.6133113220204687,1.6230700062738457,2
1768374481574916700,25.47228764088061,8.855100511667223,1.6137126628413008,1.6223702266503506,2
1768374481649637610,25.762987582773622,8.691670091126696,1.6151065905817408,1.622839617369016,2
1768374481724477406,25.79095889709837,8.52986445354921,1.6159448531949896,1.6232172690080877,2
1768374481779772401,25.79095889709837,8.52986445354921,1.6159448531949896,1.6232172690080877,2
1768374481850491407,23.484230770058456,8.991694324469842,1.6112150566379295,1.622681223991616,2
1768374481974532808,23.68524507273517,9.0029402081534,1.611307112905773,1.6230648151266118,2
1768374482058115599,23.79273350290978,8.824615339312214,1.6123317775329191,1.6236351902800163,2
1768374482104252759,25.16805383564624,9.112911775473957,1.6123367504150339,1.622721631158902,2
1768374482174737033,26.069034213894504,8.896142846635005,1.6138807679817024,1.621986057322062,2
1768374482249436314,24.772468510408707,8.830286731874903,1.613624903742687,1.6232603195735085,2
1768374482330084516,23.935249062201347,8.960087622688638,1.6118163044850193,1.623185075034829,2
1768374482379344281,24.842792424167648,9.134281746059987,1.6110874540279336,1.6216096681392451,2
1768374482524743681,25.037657165934313,8.78541905932505,1.6133494326777897,1.6223751443966963,2
1768374482654269557,23.01689411972374,8.947422949392843,1.6112090184824663,1.623626171599738,2
1768374482724885496,25.53733186999252,8.829472296507113,1.613783093770155,1.6225302648082462,2
1768374482925097216,24.680375495265583,8.876537069023469,1.6130717864319466,1.6233307089812679,2
1768374482974469306,23.423378107912065,9.001037394161626,1.6109199135744645,1.6229141594498218,2
1768374483049644654,24.140684061892514,8.777978074371333,1.6130017535511385,1.6233073747571025,2
1768374483124765869,24.241147962272393,8.906022258986678,1.6124793779495568,1.6230806626576977,2
1768374483174507070,24.719454308696818,8.649948699686332,1.614138739017854,1.6230834300560166,2
1768374483324764090,25.140089135317734,8.939971589364259,1.6123171526064148,1.6219060463767987,2
1768374483374648354,24.698116722507102,8.851463258041644,1.6131892941921924,1.6232533611161988,2
1768374483449557319,24.49221695222481,8.89537632622159,1.6127039023138128,1.6230321412646205,2
1768374483524568430,25.334097552510038,8.856605686287594,1.6131350730992924,1.6224314022512178,2
1768374483575453444,24.067799808641155,8.778309845318079,1.6131350730992924,1.6236960131063163,2
1768374483777049573,21.901861118072574,8.748209919210442,1.6118094198958544,1.6247890828019849,2
1768374483850095881,23.094057547600187,8.997713868673523,1.6109826782787096,1.6231463322161017,2
1768374483924701567,22.670349905676623,8.915955624607045,1.6110746930289466,1.6236395972745725,2
1768374483983147387,22.670349905676623,8.915955624607045,1.6110746930289466,1.6236395972745725,2
1768374484102902288,25.313614317749256,8.848867416261287,1.6137310104643916,1.6225104638968717,2
1768374484174498551,23.939143229808614,8.928094043904323,1.611873932598402,1.62273501564531,2
1768374484449710793,22.267996728237094,8.904412831158433,1.6112619398488934,1.6242855035302601,2
1768374484774405336,25.136763942473994,8.87511061084755,1.6129058500968398,1.622208708340834,2
1768374484849962615,25.897927016288456,8.740681092831112,1.6146860268951906,1.6225452752666907,2
1768374484927488689,24.370731773544207,8.742988868967682,1.6136378645707263,1.623408960418401,2
1768374485049863269,26.505554140801024,8.62283718498925,1.6158775353367878,1.6221458956845103,2
1768374485124955283,26.384949181966988,8.94987869942684,1.6139812320487723,1.622117559050193,2
1768374485174921981,24.664302705888595,8.32817707301733,1.6155834675970804,1.623519252560534,2
1768374485324914453,25.99725726632829,8.693043257201893,1.6152257758909776,1.623484545213862,2
1768374485374922252,23.41171885958704,8.840805266869749,1.6115740755603005,1.6231917004568803,2
1768374485449681424,24.398623964911437,9.024981423985826,1.6117981919317022,1.6223596095505055,2
1768374485525168279,23.872896561547563,8.810998376134602,1.6125966951892716,1.6227412382644515,2
1768374485574592994,23.058025711173656,8.708485425642204,1.6121721637842035,1.623421578650295,2
1768374485649877116,21.018912046637084,9.005209116856829,1.609438924118343,1.6243617277787146,2
1768374485705044153,21.018912046637084,9.005209116856829,1.609438924118343,1.6243617277787146,2
1768374485849841211,24.452365411423482,8.727969553532324,1.6136019751591162,1.6236611590532073,2
1768374485924942937,24.88994812875278,8.67853347051885,1.6142342998794332,1.6234584346243974,2
1768374485982050795,24.88994812875278,8.67853347051885,1.6142342998794332,1.6234584346243974,2
1768374486124513550,26.94244884757868,8.666913780960277,1.6161951947482245,1.6226036351561792,2
1768374486256825698,24.975044808967397,8.90197632678816,1.6129815996843648,1.6228107479176068,2
1768374486325617001,23.13670267285417,9.054838725334768,1.6110299082328963,1.6239846991002536,2
1768374486449749050,24.89453018688814,8.849229109146796,1.6125997341890814,1.62217979233703,2
1768374486532306985,25.368588882655807,8.654382827510998,1.6144738073681717,1.6233284617811816,2
1768374486724577942,24.84435562658227,9.169115725176939,1.611473319433058,1.6224342589642282,2
1768374486974919553,24.346124421513515,8.855470642807855,1.612944525458452,1.6230085631636795,2
1768374487049567707,24.052765991843472,8.909031701225251,1.611803793686026,1.622403064813853,2
1768374487324644700,11.821355968175462,6.0845433739148955,1.60750240124132,1.6233079740466512,2
1768374487374909184,23.124470968591382,9.063647702668755,1.6104206276791369,1.6230133827990691,2
1768374487524525905,25.34636041177474,8.716880280371171,1.6140102404459282,1.622611966797004,2
1768374487574852388,23.842152593495094,8.655521496691666,1.6140019445418936,1.6241763826994302,2
1768374487649691706,26.34923655807664,8.445991818193672,1.6166606810533481,1.6226699769501496,2
1768374487703546002,26.34923655807664,8.445991818193672,1.6166606810533481,1.6226699769501496,2
1768374487774604107,23.615235054976758,8.832945794274286,1.612271163122469,1.623666085301797,2
1768374487849542778,24.604016317672396,9.088878668006757,1.6115228716652341,1.6224325792899525,2
1768374487924944465,24.90322854175475,9.156192489519613,1.6116720536491445,1.6223442719286865,2
1768374487979343307,24.90322854175475,9.156192489519613,1.6116720536491445,1.6223442719286865,2
1768374488049589260,23.288727094281867,8.706453676309964,1.613176985321676,1.6242522027961541,2
1768374488124929739,25.34597847022213,8.64943729278159,1.614497172344793,1.6232760948805973,2
1768374488174437954,25.34597847022213,8.64943729278159,1.614497172344793,1.6232760948805973,2
1768374488253627479,23.456362628267335,8.869152230560601,1.6121257277456198,1.6239993305298561,2
1768374488374900538,25.954951212514345,8.986367474769729,1.613185333353553,1.622142448820277,2
1768374488578603125,25.384626346511396,8.816200970082273,1.614004106653511,1.6226353114648195,2
1768374488649706122,24.351148014470915,8.71250022087577,1.6133882261193881,1.62303237715318,2
1768374488724582579,24.407922092569923,8.906294965170853,1.6123016922205575,1.622963449661968,2
1768374488774863208,23.950575513330907,8.775385126655564,1.613155719895579,1.6231890125328179,2
1768374488853442209,25.47249350363545,8.952958756959568,1.6131646578442143,1.6228078066098883,2
1768374488924799224,23.847067710862426,8.857477613114396,1.6117041889250172,1.622860685143575,2
1768374488974515771,24.21957160724841,8.779067435506839,1.6136705596349565,1.6238511762910144,2
1768374489049993902,23.647950613430837,8.692433321095631,1.6129411164871268,1.6232350049190778,2
1768374489128782525,25.43038175655754,8.929522555402494,1.6127257969005089,1.6222669505317664,2
1768374489174873440,22.91588063833916,8.933733362895495,1.6106128401199395,1.623249685494763,2
1768374489324623527,25.183708824132232,8.879623577921267,1.6133798067838596,1.6223616948176025,2
1768374489374655914,23.030281564299095,9.10399798127938,1.6102990370944068,1.6229792895796313,2
1768374489449543733,22.658407552900385,8.702839583904026,1.6124114596049024,1.62440564959687,2
1768374489524488696,22.654859377957415,9.221933382352494,1.6093509598649816,1.6228922216646622,2
1768374489574578100,25.743432320924686,8.837399991804215,1.6138904353471621,1.622582322594281,2
1768374489649683611,25.12766972007774,9.00256201395384,1.612293237484439,1.6222462137010278,2
1768374490124754970,23.2573858847247,9.16052036981868,1.610262894337679,1.6228770017689387,2
1768374490175599000,23.2573858847247,9.16052036981868,1.610262894337679,1.6228770017689387,2
1768374490251660675,23.06480471523331,9.00197808859513,1.610662486348668,1.6233577511921315,2
1768374490324824989,23.71326595478207,8.821565089202727,1.612621554386829,1.6231854285884484,2
1768374490374662621,23.822614428799405,8.891549764043157,1.6123184428733939,1.6231854285884484,2
1768374490577268627,23.725500257268493,9.044774328348842,1.6110876737223647,1.6225788965496206,2
1768374490650052653,24.277299773417084,8.78023373903706,1.6134376912949975,1.623629948046063,2
1768374491126208439,24.21003099051955,8.642395293616758,1.6141800156564323,1.6239213457472408,2
1768374491174710700,24.749457403089316,8.746220592542288,1.613348502575316,1.623134673055489,2
1768374491249763400,25.1264731171188,8.672178951040586,1.6141346330794821,1.6232898977590575,2
1768374491324824635,24.846313847601166,8.970701446324485,1.6126945353089186,1.622631266794884,2
1768374491449693418,25.92220446474247,8.565056282036448,1.61599716665593,1.6234397336141801,2
1768374491524899962,27.028967405247293,8.788196385331574,1.6152491829013989,1.6221172300420597,2
1768374491574956214,24.127327073847127,8.960290635929379,1.6126080186745109,1.6236677777672073,2
1768374491649664418,24.6460857230848,8.56773829594985,1.6143130359324795,1.6233066988770248,2
1768374491724590783,23.533161840034957,8.91180041463792,1.611840520077011,1.62328518655685,2
1768374491774728933,25.449658150631382,8.71515948404806,1.6143099150025755,1.6228792327967643,2
1768374491849474506,24.804443938672094,9.027468328318793,1.611784606142704,1.6218088793003351,2
1768374491904675523,24.804443938672094,9.027468328318793,1.611784606142704,1.6218088793003351,2
1768374491975593941,13.998104633140107,6.135143511558932,1.603670555103832,1.6223741111518881,2
1768374492049408649,23.33233114303912,8.561333350036028,1.6130113812250915,1.6235522203752097,2
1768374492250417319,24.478921085083538,8.784452110401434,1.613332148183216,1.6233789372969414,2
1768374492325321516,23.29628174248599,8.838532503369334,1.6120265448706639,1.623834819593068,2
1768374492374947199,23.29628174248599,8.838532503369334,1.6120265448706639,1.623834819593068,2
1768374492456481385,23.47803307593299,8.59896819456831,1.6139459307606714,1.6249681504738207,2
1768374492525461082,24.249492025324002,8.814907283359627,1.6129194855512754,1.6228547529829096,2
1768374492574483319,23.544604155420814,8.580686737638201,1.6142033663937163,1.62373590608291,2
1768374492775315338,24.2145951762871,8.946449525423564,1.6126947648772647,1.623533342538508,2
1768374492849702440,23.381816245348965,8.601810164804217,1.613615300211489,1.6239502610319347,2
1768374492924585300,24.597576638353935,8.774300473343665,1.613165990366507,1.623088182013807,2
1768374493054606333,24.470281514136218,8.89420311404113,1.6127138296102823,1.6229536994952931,2
1768374493124598708,24.87390749397722,8.64253777795611,1.6145258563424343,1.6229571190406746,2
1768374493174663098,23.2282752018762,8.960552931426772,1.6112993683647232,1.6232533538515341,2
1768374493249554846,24.390718565501235,8.95382974524917,1.6119503479881452,1.6223279572440334,2
1768374493324736324,23.494938181623624,8.838497716012666,1.612116647670811,1.6240338374758692,2
1768374493649626202,24.64585406385167,8.871008789927684,1.6126925776079672,1.6228729421487686,2
1768374493774526351,21.79178461646569,8.997137167156387,1.6098083829107086,1.623845746781302,2
1768374493849508802,23.932617309464497,8.751026456848402,1.6129520668816455,1.6233847569867987,2
1768374493902056839,23.932617309464497,8.751026456848402,1.6129520668816455,1.6233847569867987,2
1768374493975012464,25.553858396830442,8.484437249421367,1.6154354742286121,1.6224319767362876,2
1768374494049495393,26.090699900772396,8.625350459757712,1.6153327106832962,1.6224629631957006,2
1768374494124601210,24.87636055975284,8.584033961817644,1.6149758867477324,1.6239920293361072,2
1768374494177939475,24.87636055975284,8.584033961817644,1.6149758867477324,1.6239920293361072,2
1768374494250064017,24.89232627897242,8.904885988997345,1.6128235822042734,1.6227397915710762,2
1768374494324617123,23.83629706312984,8.694181321382237,1.612628677966743,1.6236054637935793,2
1768374494374563272,23.83629706312984,8.694181321382237,1.612628677966743,1.6236054637935793,2
1768374494455766514,25.405537518471412,8.920877072836033,1.6135191321694986,1.623148598204414,2
1768374494501894524,27.45608233480357,8.578084258425113,1.6164920191371837,1.621833021045764,2
1768374494649756506,22.97273548764278,8.931444806355001,1.6109466192794821,1.6230467922499956,2
1768374494729750804,20.888940710173998,8.94417910155815,1.6095889908982435,1.6242571718580918,2
1768374494775104957,24.310663474674143,8.957864097462753,1.6122672690802995,1.6229108258864278,2
1768374494849920746,24.557530040237864,8.786799549051635,1.6125567161355965,1.6225788338316696,2
1768374494924716467,24.26589996193207,8.913389558925317,1.6122016183636663,1.623329029426191,2
1768374494974789572,24.261079164254127,8.818892991015796,1.6127184015005025,1.6228306056789088,2
1768374495053305629,25.882758527956184,8.89583289443961,1.6133303586412802,1.622028209799571,2
1768374495174477984,23.69421968541885,8.796900774600273,1.6129146682661188,1.623854494312832,2
1768374495249536361,23.07160376365114,8.71726764820255,1.6123990250771012,1.623801190180893,2
1768374495328810943,25.84253939219705,8.742910105246477,1.6146484098254936,1.6226257449723553,2
1768374495374473531,23.757585486272383,8.86933875987725,1.6118697286461463,1.6233183421755792,2
1768374495449586245,21.763327268152555,9.087574632951736,1.6092885531487526,1.6238791079066723,2
1768374495725138897,25.897332899991632,8.882544911720768,1.6136059933254034,1.6227157295246968,2
1768374495774484343,24.95891076536938,8.958083038692047,1.6124414585798106,1.6226386480029975,2
1768374496049368477,24.34524427566398,8.795830772614556,1.6128941273811197,1.6229214889492993,2
1768374496106270886,24.34524427566398,8.795830772614556,1.6128941273811197,1.6229214889492993,2
1768374496325140452,23.832486438178258,8.920233079786241,1.6120538120951409,1.6234940215728786,2
1768374496382502735,23.832486438178258,8.920233079786241,1.6120538120951409,1.6234940215728786,2
1768374496451916682,24.67684397166292,8.92444187099792,1.6125669661136137,1.6226000125896787,2
1768374496657799931,23.72881121730197,8.995674199300945,1.6117652953950379,1.6229900813796134,2
1768374496726866679,25.23695258967562,8.497744657134813,1.615830860251407,1.6238762469810495,2
1768374496775258973,24.805935589306436,9.016629924166034,1.6119891321646949,1.6224233130385852,2
1768374496849620082,26.06702823262852,8.965718127257965,1.6133024412577643,1.6218539147289714,2
1768374496932512595,25.275239447451803,8.867926064535164,1.613263634802276,1.6224733696585982,2
1768374497050629512,24.977532124615067,8.846182717389764,1.6132347078043323,1.6226253407470397,2
1768374497124708420,24.159602858242923,8.834257832026406,1.613178208872336,1.6235926172199848,2
1768374497175206095,24.7387536458763,8.621998076846253,1.6147843651253717,1.6236705044899007,2
1768374497249525743,24.659989840141392,8.923965036173035,1.6123353839146082,1.6224247948573811,2
1768374497326035836,25.149495671633826,8.766574205343924,1.6138763948436101,1.623054194917572,2
1768374497525132945,24.251031733446116,9.300678483066674,1.6095569186556304,1.6218192722572335,2
1768374497574414931,23.228342986937545,8.793552408459169,1.6121410035196964,1.6233474221854354,2
1768374497649587995,25.17925294357015,8.883665321270804,1.6139086846725592,1.6230179402524423,2
1768374497725071589,23.992673318114388,8.81571257391963,1.6128118702193996,1.6234493400604313,2
1768374497774458253,24.41393882303022,8.934281512068631,1.6121399727402594,1.62279187599564,2
1768374497925040971,23.797671258046105,8.530728356110199,1.6140234483597389,1.6232450193627623,2
1768374497974746267,24.33682540570503,8.730308493108158,1.6136372155527319,1.6234835439585262,2
1768374498049555099,23.83081013429056,8.868513644231676,1.6125977835381449,1.6234649734233304,2
1768374498104251162,23.83081013429056,8.868513644231676,1.6125977835381449,1.6234649734233304,2
1768374498250148361,24.175149924805073,8.66432338994185,1.6140290699786624,1.6237382148170532,2
1768374498450320451,24.23570865203084,8.93772369747447,1.6120655804937285,1.6228862527289427,2
1768374498524702156,24.093859701930008,8.761205065336108,1.6129271590494323,1.6230937067368658,2
1768374498574621828,24.093859701930008,8.761205065336108,1.6129271590494323,1.6230937067368658,2
1768374498727686854,22.744942341761387,8.620849602903697,1.6131076739217143,1.624356696676799,2
1768374498850036411,26.61008947573018,8.924336395411759,1.6138148639636496,1.6217834049645592,2
1768374498931187406,24.484983401150462,8.862920813144633,1.61267887481227,1.6232395883503066,2
1768374499049687830,24.61223185910977,9.092011540121543,1.6115656104288263,1.6218136510980077,2
1768374499125114089,25.74394292761606,8.779972907953498,1.613938530800178,1.6226046048819376,2
1768374499324583763,24.77430592896002,9.01755640075782,1.6119998897306842,1.6226524126764104,2
1768374499374346944,23.046970307252003,8.993808201341242,1.6113619393194678,1.6232590902763926,2
1768374499449800968,23.811488400514726,9.001975382636132,1.6116942647655141,1.6233320449821727,2
1768374499524704625,24.284652347085654,8.83168300857453,1.6127253863603912,1.6233141635225843,2
1768374499574567763,25.93314444432737,8.802827471588847,1.6142900115411822,1.622388387839215,2
1768374499724503997,23.84613726011109,8.717650427926003,1.6133667957190432,1.6237746086854115,2
1768374499849586520,24.3953574811242,9.138553007603058,1.611678715752811,1.6233062790345962,2
1768374499924597643,24.401798372843952,8.933097544161559,1.6121430565808075,1.6227441668131888,2
1768374499974829210,23.82721728940318,9.002964236938123,1.6112673718859376,1.6232314852944232,2
1768374500174741907,12.182706298998092,6.077438166017949,1.60562658612458,1.6221942772311713,2
1768374500377907051,26.19103845503834,8.724522339881299,1.6151264044351783,1.6230486596194658,2
1768374500449714659,23.47889835297856,9.041442757776615,1.6113185962887966,1.6234100314478366,2
1768374500524521971,25.26720187394882,8.934623782078406,1.6129016766046171,1.6228166554214085,2
1768374500574888466,25.26720187394882,8.934623782078406,1.6129016766046171,1.6228166554214085,2
1768374500653152663,25.284252956542687,9.02026750879453,1.6124222032601825,1.621707567358554,2
1768374500701738921,22.268789851063396,8.651677072282098,1.6122614423898547,1.624359923505753,2
1768374500849938294,25.22630905107004,9.094679074948711,1.6121635753906798,1.6225999251159786,2
1768374500928484029,25.146666748419257,8.826053862484606,1.6137255990597712,1.6227466258302763,2
1768374500978099679,21.70371570139329,8.813372408900653,1.611076478399911,1.6247767804087228,2
1768374501050086637,25.19336426622587,8.943704517747687,1.613049936502627,1.6225697819259883,2
1768374501124795108,24.49276320678484,8.869002254249356,1.6128553226720979,1.6232396723264064,2
1768374501174666315,24.81769885455143,8.745289289060251,1.6137111947782028,1.623012822465696,2
1768374501252181964,24.545721843433952,8.806002230365534,1.6133054931530812,1.6235148286706276,2
1768374501324635114,23.924461952181897,8.439388899352355,1.6149471759898308,1.6241839879039315,2
1768374501374856170,24.76500914058466,9.079296368033216,1.6111359905322007,1.6219069008840854,2
1768374501449666924,22.416504483204758,8.745709687411285,1.612229969771355,1.6241155926092083,2
1768374501574638471,22.549272177569968,8.998510015292151,1.6107449784386079,1.6240071687610282,2
1768374501649463431,25.330382073071036,8.813424705267556,1.6137998758318954,1.6228347116767756,2
1768374501724737598,24.856286994231258,8.748318089229667,1.6142347787097822,1.62324588658734,2
1768374501849857649,23.19783285850452,8.880175932128028,1.6114233429446903,1.623323243517004,2
1768374501924645840,24.980190729178453,8.974949032873502,1.6125040179574897,1.622462755938787,2
1768374501974832022,23.67863993205388,8.928833702857442,1.611676497523313,1.6232499130501015,2
1768374502049636433,22.05708559090125,8.87589627925983,1.6110157593651633,1.6242401565980695,2
1768374502124564776,26.962960162596026,8.598511589986707,1.6164449834627248,1.622280525336834,2
1768374502175082101,24.479659827379983,8.895243418514553,1.6123673410065646,1.6226558486537188,2
1768374502450325442,23.23444740901026,8.749493916204719,1.6126700954784479,1.6243088943513908,2
1768374502650744306,24.042376374343366,8.900407579681989,1.6125536674766623,1.6235435872234956,2
1768374502725006479,26.066585588537585,8.774150054296626,1.6142928828522713,1.6219714921697024,2
1768374502774644190,26.066585588537585,8.774150054296626,1.6142928828522713,1.6219714921697024,2
1768374502850122941,23.39337000661601,8.65056439905591,1.6129934386465319,1.6240620048665098,2
1768374503132871265,23.995636327784453,9.013479112396613,1.611671103456973,1.6232221077121178,2
1768374503175261074,24.546113928505253,8.8395604611343,1.612702798709769,1.6224468828323027,2
1768374503249577864,25.15185188286395,9.016994191148703,1.6125271069871998,1.6223733668240494,2
1768374503324708323,22.86979000169298,8.878496621405779,1.6114110877974814,1.623880360617064,2
1768374503374581048,25.76000334221895,8.725611449143381,1.6144869551161232,1.6223483446303824,2
1768374503449562820,25.457118603029016,8.900930931772818,1.6131508264364174,1.622453651301935,2
1768374503649543426,24.26365734550795,8.920915903376716,1.6117675053218925,1.623062329138336,2
1768374503774429177,24.12411275528159,9.106484552034738,1.6108870729043852,1.6220409920734826,2
1768374503849530902,23.14134559077918,9.003543675015292,1.6112121308436396,1.6235574569305455,2
1768374503974791598,24.45669427218977,8.841751280788733,1.6128215816481075,1.623371077552374,2
1768374504049985071,25.36199086947,8.61031926435737,1.6147326752976148,1.6230018566797175,2
1768374504125162266,24.40768000831173,8.875436729919846,1.6125930575371843,1.6230246548490597,2
1768374504174689389,24.257215105067953,8.837136073985569,1.6126478518697882,1.6232362908996054,2
1768374504249892241,22.63732511201466,8.940093953907223,1.6111625327969727,1.6239884686458579,2
1768374504302617739,22.63732511201466,8.940093953907223,1.6111625327969727,1.6239884686458579,2
1768374504374652307,23.785995078539734,8.861823074851273,1.6124587448920948,1.6235924505827122,2
1768374504524425206,24.01944877217188,9.107190369801899,1.6111962169775456,1.622764910045536,2
1768374504578488053,24.01944877217188,9.107190369801899,1.6111962169775456,1.622764910045536,2
1768374504649765693,24.938456684203693,8.823461059823396,1.6134071216389876,1.6229398478498636,2
1768374504853635272,23.880198199000667,8.865457145106275,1.6119805662172961,1.6228635661375954,2
1768374504904114883,24.648513199036604,8.73213678784938,1.6134539533196934,1.6231885477274968,2
1768374505179727062,25.979875921993354,8.702878347328397,1.614835762719728,1.6220628246839086,2
1768374505249760600,24.962489235106354,8.826880459104075,1.6133528637412917,1.6229465490354194,2
1768374505325050899,24.52553727080309,8.522540508469621,1.6149005690102536,1.623744267713427,2
1768374505374610407,25.11622401827851,8.577347521771797,1.6150044346099834,1.6232875993892624,2
1768374505450172487,24.473635707713992,8.789649143307374,1.6134030132389607,1.6231070163310137,2
1768374505649735889,25.264608890307905,9.040636172507057,1.6125463107357387,1.6221677263526852,2
1768374505725377762,26.12883973981983,9.00001114284355,1.613240341022535,1.6221011266683019,2
1768374505849659712,23.010814231371633,9.120563637502233,1.6099965721220664,1.6228105564086417,2
1768374506124943905,24.962444450467913,8.67764622384197,1.6139951025921775,1.6230616470468875,2
1768374506174414677,25.89044296928367,8.821857303828045,1.614236979525521,1.6225527835008566,2
1768374506249320825,25.341539030112827,8.80261567250237,1.6133989389511987,1.6226647308011641,2
1768374506303244584,25.341539030112827,8.80261567250237,1.6133989389511987,1.6226647308011641,2
1768374506374798148,23.295458043742556,8.92895573813121,1.6113966870504965,1.6231549180762226,2
1768374506576177444,24.99405759506623,8.669823420216522,1.6140683611276867,1.6230349983535612,2
1768374506725349632,25.180740445792658,8.657979038735304,1.614485360108687,1.6227786557270947,2
1768374506775587470,25.180740445792658,8.657979038735304,1.614485360108687,1.6227786557270947,2
1768374506851992114,25.19289200252972,8.996369257351756,1.612622572558765,1.6221347979299647,2
1768374507049874552,23.269907623588715,8.898576978986295,1.6117915306685353,1.6237011322031045,2
1768374507177517342,26.428060845431702,8.540136190578538,1.616256857183827,1.6233467147426954,2
1768374507249541293,25.390213206461844,8.850445480778678,1.6140769055846191,1.6227998152515137,2
1768374507324968328,23.44534509809293,8.92206038807991,1.6117240880360897,1.623393616913866,2
1768374507374548956,27.972703507605612,8.555072452303259,1.6176772641584773,1.622202193611585,2
1768374507524476036,25.28950487731807,8.854597824038606,1.6134698063637611,1.6226202263195253,2
1768374507574532220,24.403093535063647,8.903277469525248,1.612129985280515,1.6227424758999849,2
1768374507727333686,24.464515268311395,8.665626831068256,1.613791912861729,1.623606933180012,2
1768374507849921863,24.806203221131362,8.782419330127972,1.613316078370729,1.6223782369949686,2
1768374508174488425,24.44768251313989,8.76036712499433,1.6131313646467356,1.6226181038286194,2
1768374508249598312,23.799312384587434,8.777177134598277,1.61272197400372,1.6234277959466172,2
1768374508324997148,24.383804394321196,8.979046559074364,1.611431605701369,1.6221098230738649,2
1768374508449550581,25.788924998457972,8.706169274798294,1.6144907782832738,1.6227329448734715,2
1768374508506949448,25.788924998457972,8.706169274798294,1.6144907782832738,1.6227329448734715,2
1768374508575220393,25.273198169526225,8.770979268509372,1.6142382508325925,1.6228404026192558,2
1768374508649951601,11.525131935727462,6.115295666782061,1.6077019775684844,1.6233669575535175,2
1768374508724647902,24.076851691476442,9.002118189126257,1.6119063457181086,1.6226572306110094,2
1768374508781195228,24.076851691476442,9.002118189126257,1.6119063457181086,1.6226572306110094,2
1768374508850376488,24.923150402974102,8.8257223396503,1.6131985227806722,1.6224038767639908,2
1768374508924888378,24.112713347111068,8.97412973138341,1.611976834356438,1.622942788377623,2
1768374508974563064,24.112713347111068,8.97412973138341,1.611976834356438,1.622942788377623,2
1768374509174919338,25.705352773327085,8.603020252739888,1.6152693202884831,1.622525752570661,2
1768374509249797874,25.137292438169865,8.798679291057605,1.6139520077950464,1.6229493090355724,2
1768374509331850896,26.28476808368463,8.974091653617354,1.6137734449381043,1.6222741570473291,2
1768374509374678621,22.727543509609927,8.83306968884176,1.6111688248427358,1.6227636828666314,2
1768374509524745343,24.42960920194026,8.850762764519796,1.6130720153555513,1.623032362514033,2
1768374509574793930,24.388724249207794,8.86512328695265,1.612416228821134,1.6228931548819576,2
1768374509924818498,25.89643528913288,8.644871213017355,1.6150213683955712,1.623129265228787,2
1768374509974539318,22.28684015636695,8.809760720194882,1.6114870309668754,1.624439497750459,2
1768374510174586342,21.65808872294317,8.563566932328706,1.6126553200505693,1.624876873974411,2
1768374510249632361,24.46032574970136,8.830482239679974,1.6127373461130754,1.6225851303519652,2
1768374510374666764,23.361533923881517,8.302651138040835,1.6153481607705518,1.625109808424578,2
1768374510449520559,24.674306234235388,8.893373040252413,1.6130918490553137,1.6232401399158578,2
1768374510503242310,24.674306234235388,8.893373040252413,1.6130918490553137,1.6232401399158578,2
1768374510724775189,23.068640947769392,8.950316031904038,1.6111819115433705,1.6237817176155833,2
1768374510778295298,23.068640947769392,8.950316031904038,1.6111819115433705,1.6237817176155833,2
1768374510924530039,11.443160680986608,6.0970365866286365,1.6072852815079155,1.6227747228902465,2
1768374510974772843,11.443160680986608,6.0970365866286365,1.6072852815079155,1.6227747228902465,2
1768374511053999067,23.90097714334938,8.866581006685644,1.6121962886820522,1.6230199036436068,2
1768374511174655841,24.665034447347132,8.73866917320299,1.6137711127813887,1.623354620394627,2
1768374511249841374,25.217879880466086,8.671649557446727,1.6145619813686511,1.6233089498477653,2
1768374511378271040,24.33051098173089,8.925834778255076,1.6122297006305257,1.6232034601341319,2
1768374511449685515,25.22889563204256,8.525289431470261,1.6151247064587424,1.623504604051061,2
1768374511524557440,24.529515917630196,8.978761898712285,1.6118188022528765,1.6222794064263497,2
1768374511574466403,21.788180507736232,9.041333670379492,1.6096255428293924,1.6237014809177366,2
1768374511653049720,22.484213289357015,8.69833937427623,1.612873144446498,1.6252972331803195,2
1768374511849868971,22.762490988086135,8.799511475849172,1.6115292351231785,1.623852318694074,2
1768374511928793076,23.857789332759616,9.010333696871037,1.611626346662102,1.622822141299853,2
1768374511974486098,23.84842819861044,8.611646709670767,1.6136444844443076,1.623769844985152,2
1768374512049700017,22.31689739515108,8.976219222518585,1.6101906097954968,1.6233023385719245,2
1768374512124518880,23.478658664640495,8.701121699310521,1.6132071632278044,1.6241417170839878,2
1768374512174578583,24.045876078157224,8.611573221728516,1.6141327664240017,1.6237336392622819,2
1768374512249632142,24.362386446396656,8.758663630306563,1.613275389817383,1.6229948525766353,2
1768374512375024698,24.357125485773288,8.882573420596339,1.6125358473198195,1.6230629224340543,2
1768374512449686877,25.57961697837774,8.510663579927229,1.615621573139821,1.6224679928683874,2
1768374512501888964,25.57961697837774,8.510663579927229,1.615621573139821,1.6224679928683874,2
1768374512575612427,24.496743714681244,8.873965866053243,1.6126951706734973,1.623088289173448,2
1768374512649603486,24.71264754450475,8.870258500969658,1.6125614725651691,1.6222968007328973,2
1768374512724465602,23.96612151166355,8.716612947855063,1.6135334106874166,1.6239862582523497,2
1768374512775875693,23.96612151166355,8.716612947855063,1.6135334106874166,1.6239862582523497,2
1768374512849949083,25.050391043637266,8.75530207049317,1.6136801735600084,1.622810044234329,2
1768374512924506367,22.91226449401296,8.984915540605854,1.6107407281185566,1.6235099749425776,2
1768374512983217362,22.91226449401296,8.984915540605854,1.6107407281185566,1.6235099749425776,2
1768374513053979335,25.719438765492654,8.676134449614036,1.6147734270241612,1.6227216502866746,2
1768374513102492426,24.86045720130825,8.931280722596282,1.613051636420469,1.6226884617950799,2
1768374513250273710,24.413481203924725,9.063172236418398,1.6118694639611544,1.6230714879887485,2
1768374513327918458,23.577861597678496,8.788654299344751,1.6127622778922117,1.6239035128489776,2
1768374513375703529,25.698014517196555,8.500585815207243,1.6161826308643468,1.6235149998928313,2
1768374513524902343,22.605804087992396,8.780724071421567,1.6113806173527798,1.6235983406250378,2
1768374513574720682,26.334433053521565,8.635812325087624,1.615101815292878,1.622274683990222,2
1768374513652318847,24.91743881516384,8.85302568237702,1.6132904853643406,1.6229724137353023,2
1768374513724719153,24.829916430129106,8.764108601902723,1.6131967441775341,1.6223081839803564,2
1768374513774509792,25.730458690756297,9.187464293395621,1.6120096337682692,1.6217812951847606,2
1768374513849598178,23.73344386710885,8.841181311984737,1.6121365435885102,1.6228139782819808,2
1768374513926360127,25.044784675524625,8.715310544928736,1.614440279544736,1.6235223294418555,2
1768374514049646763,24.183367688445536,9.07067545651059,1.6114096863624634,1.6228103313738178,2
1768374514124634062,25.471381289662087,8.885392576220042,1.6135750835156588,1.6223818513993034,2
1768374514249598579,25.699520593958304,8.693159793245183,1.615110554753233,1.6235568762725066,2
1768374514374874161,25.95312741449507,8.962104575882035,1.6129552681119919,1.621692456347321,2
1768374514449789661,25.152770530247448,8.831092759175917,1.6135781955393447,1.6229656718936636,2
1768374514649591718,24.04812188539296,9.093604675274838,1.611047604617252,1.6227330880437592,2
1768374514704584101,24.04812188539296,9.093604675274838,1.611047604617252,1.6227330880437592,2
1768374514774936385,23.30407919811517,8.814002500357946,1.6118353683443434,1.6231678709056143,2
1768374514849642875,25.279198236765943,8.78082948540249,1.6134663403734864,1.6221849658418626,2
1768374514924385761,22.847794696227773,8.807870496877218,1.6118408381861091,1.623595829558464,2
1768374514981437262,22.847794696227773,8.807870496877218,1.6118408381861091,1.623595829558464,2
1768374515050385840,23.55091168647916,8.870859639842347,1.6115285326751754,1.6225841344224776,2
1768374515125161085,23.468518923313475,8.80447190328879,1.6123128813686416,1.6231741974438108,2
1768374515174615960,25.418682201750364,9.162706892037042,1.6115902360201728,1.6214542577937523,2
1768374515257629096,25.36748799414168,9.018000841482905,1.6127503833070034,1.622137823520076,2
1768374515324835578,25.868660966181565,8.97703314791734,1.6131343168156886,1.6221243453675465,2
1768374515374553902,23.808308081595175,8.808533913261012,1.6123619277952659,1.622944530533368,2
1768374515449586465,25.1882727818713,8.574447121973343,1.6151590065931014,1.6232383007615883,2
1768374515574798258,24.084948938650985,8.881879563050365,1.6126966086866945,1.6233202279732457,2
1768374515649648109,23.883226453340846,8.862190111600082,1.612506767454402,1.6235887778594578,2
1768374515724619120,26.39541918188759,8.537751455124583,1.6159814865325972,1.6225585945182277,2
1768374515850160222,25.22634049073602,8.72309263599217,1.6139884933948183,1.623102684128977,2
1768374515925359488,24.438321839735046,9.092258599372348,1.611146404490854,1.6225797790809269,2
1768374516049567142,23.274788860304206,9.0276776771579,1.6111749229314083,1.6237093717124942,2
1768374516124734798,12.978487829971685,6.2438037928524865,1.6056024470645067,1.6231612247630185,2
1768374516174350691,25.390941878981053,8.62056343559239,1.6151179171268553,1.6230971025605634,2
1768374516324931683,23.897328777886308,8.749362800964416,1.613219723304602,1.6240952248382456,2
1768374516374959869,24.284300201802722,8.87311070172393,1.6129471264408133,1.6232320835623746,2
1768374516649807681,24.818510497217616,8.606649643414766,1.6144612331294372,1.6226775836974168,2
1768374516702081335,24.818510497217616,8.606649643414766,1.6144612331294372,1.6226775836974168,2
1768374516775014694,26.235138021201585,8.712300242392484,1.6151211041929787,1.6224160058136423,2
1768374516849462321,24.443363112627292,9.153450324556058,1.6109888842513773,1.6221893479136527,2
1768374516924566817,23.42403043921637,8.949196235734881,1.6112627066597978,1.622737106046829,2
1768374516978159059,23.42403043921637,8.949196235734881,1.6112627066597978,1.622737106046829,2
1768374517050398725,24.909586605048382,9.159866468375808,1.6113593389842595,1.6219388304418232,2
1768374517303220900,22.775821041090218,9.139505640629231,1.609659018882911,1.6228154222996851,2
1768374517374443000,24.176968672264376,8.78036085973695,1.6126737955301846,1.6229324555539228,2
1768374517449873707,23.97049103930304,8.973440318016866,1.6117282054471027,1.6228923422290928,2
1768374517529393053,23.924830400534837,8.984080889814585,1.611381170563802,1.6230626635775958,2
1768374517578393424,14.300818354848532,6.376494925483538,1.6041586842429572,1.6231950721288633,2
1768374517649585294,24.7876540873313,8.650005069433268,1.6139672886405583,1.6229135297034625,2
1768374517724775220,24.197106187975326,8.651528431878583,1.6139581884374827,1.6239775043786249,2
1768374517852925001,22.794111071318348,8.589560579644262,1.6130279097534623,1.6245142517046525,2
1768374517974650945,23.983761890947306,8.553627074323792,1.6137811993367905,1.6235388652033855,2
1768374518049529497,26.283326085423163,8.849349319217934,1.6137241968814573,1.6214265476525758,2
1768374518127836439,24.597578986936817,8.630264767506976,1.61438942115824,1.6237521357264217,2
1768374518174459715,25.91055074655668,8.877493723431556,1.6138223709492419,1.62257448478404,2
1768374518249722117,24.779118443041035,9.25027375265896,1.6105833816923318,1.62164891974571,2
1768374518374446477,22.871755818456574,8.94279999328995,1.611412084600066,1.6235357724025687,2
1768374518449790049,24.563210994529516,9.103558302828889,1.6113920620016706,1.622503626612315,2
1768374518574768390,24.521399926309417,8.766701277396596,1.613087748321166,1.6232831169775552,2
1768374518649690687,23.458370375196935,9.20636947824679,1.6099564085578988,1.622204914788833,2
1768374518724491690,23.851933594475128,8.78287897216416,1.6128104494557949,1.623339895449025,2
1768374518776082524,24.77804610121104,8.771120132672419,1.613154414042766,1.623261419614879,2
1768374518849462361,25.92142916960527,8.776904833073825,1.6143225358799032,1.6223196342647765,2
1768374518908092313,25.92142916960527,8.776904833073825,1.6143225358799032,1.6223196342647765,2
1768374519050260839,23.259979672272113,9.051319904010436,1.6107789873520637,1.6231673943793552,2
1768374519124791225,25.34847374006155,8.765594761838383,1.6140323294218613,1.6223197156785045,2
1768374519182362480,25.34847374006155,8.765594761838383,1.6140323294218613,1.6223197156785045,2
1768374519251499097,24.990448616772465,9.017734294346857,1.612199276571493,1.622462245412773,2
1768374519450286960,24.687804748543705,8.947186236380245,1.612601451052829,1.6225101135155202,2
1768374519649633108,24.65596928031344,8.968640089117487,1.6121923167411023,1.622251172070377,2
1768374519850599930,23.818813239346206,8.918836428701093,1.611553895224932,1.6227370167506494,2
1768374519925182946,26.169518887971144,8.71842133216565,1.6145583353099309,1.6224554256524646,2
1768374519974768156,24.950194844227227,8.701500049873209,1.6142065766207705,1.6233564078914224,2
1768374520049616730,24.74341262457247,8.776078256852802,1.6136534555239996,1.6229827411916036,2
1768374520126373758,24.733864438112096,8.881058902959117,1.612891331039544,1.6230790350896667,2
1768374520174450082,25.822485815354625,8.65552422272187,1.615235700402537,1.6233075404703148,2
1768374520249962982,23.869195303272804,9.016795895750487,1.6110895209547986,1.6221133628302418,2
1768374520374756043,23.446384669653764,8.862130854025846,1.6119067826372044,1.622969750465799,2
1768374520449519187,23.812224687249195,8.938289010098726,1.6113408662427544,1.6227664383676195,2
1768374520524741845,26.211850634016322,8.91274848943071,1.6142463893659555,1.6222880590298268,2
1768374520574483055,24.290293143984563,8.70670110857656,1.613520921726643,1.6233369184137216,2
1768374520649754617,24.861331085880735,8.827945886387427,1.61373720146521,1.6234408369421567,2
1768374520724837036,24.194110007528913,8.96797969690609,1.611948408772962,1.622817153535549,2
1768374520774420239,24.94816672616973,8.675199320669687,1.614157645036026,1.6233190498975345,2
1768374520850306148,23.607153374280543,8.997613008530964,1.6112649205594003,1.6229937164364632,2
1768374520903405805,23.607153374280543,8.997613008530964,1.6112649205594003,1.6229937164364632,2
1768374521049697796,23.333029915662884,9.059739056670413,1.6107595585801935,1.622911190523839,2
1768374521124539524,25.602260421452083,8.563565322258082,1.6158341927374364,1.6237697918854554,2
1768374521179161910,25.602260421452083,8.563565322258082,1.6158341927374364,1.6237697918854554,2
1768374521249914467,24.42836079109023,8.742900924135931,1.613534740897565,1.623154309857473,2
1768374521324561792,24.80239773063775,8.650351607791803,1.6140326472270665,1.6228864363278304,2
1768374521374498720,24.80239773063775,8.650351607791803,1.6140326472270665,1.6228864363278304,2
1768374521455567801,23.69971558807049,8.914334315491686,1.6118030993103771,1.6230241390893563,2
1768374521504327260,27.287690781838904,8.783632165517375,1.615352599504377,1.6220433784895811,2
1768374521649598005,23.844608622354713,8.872382778463262,1.6121686694222779,1.6232362388569652,2
1768374521849648783,24.235358519204773,8.701692508903019,1.6133034198989409,1.6235758635416249,2
1768374521924486379,24.668032690471577,8.926638830590882,1.612813135480169,1.623245238937538,2
1768374522054633854,26.068741730652654,8.475361513890345,1.6165372385808023,1.6232772644175852,2
1768374522124790650,26.80306224218554,8.616454132733,1.615772869765947,1.6221922490574352,2
1768374522174555035,23.682096509726414,8.854882214346357,1.6116786387594064,1.6230239956050063,2
1768374522249691010,25.1787614343022,8.80008201383799,1.6134612910206547,1.622699114587714,2
1768374522374598804,24.144102173306425,9.107875556569931,1.610886010576493,1.6224149418107963,2
1768374522574648394,22.748369289485424,8.98191388761834,1.6106872755220574,1.622855544651475,2
1768374522649549159,23.122016244495835,8.893779456488074,1.6109349074886978,1.6232490272713977,2
1768374522774593505,23.453551679676778,8.719722897333591,1.6128508470997076,1.6240323583383425,2
1768374522849930512,24.18407531647371,8.916532986560892,1.6123681562114034,1.6230924145158314,2
1768374523124776709,24.296321719047278,8.676115721285209,1.6138384630253826,1.6237127568129854,2
1768374523178388886,24.296321719047278,8.676115721285209,1.6138384630253826,1.6237127568129854,2
1768374523325418158,24.588119345711146,8.853911996583802,1.6131173782783124,1.6228994828467012,2
1768374523383412575,24.588119345711146,8.853911996583802,1.6131173782783124,1.6228994828467012,2
1768374523501298248,26.136736591729104,8.772404268672563,1.6147911687366083,1.6228712023525673,2
1768374523574631239,23.982476173170397,8.788898204470385,1.6128655452539018,1.6235267033959004,2
1768374523649854746,23.554221348472957,8.728765242656708,1.6129893355375708,1.6240392085009596,2
1768374523776772940,24.738412406220654,9.119460253529798,1.6112054228462807,1.6221139850651507,2
1768374523849590109,22.019430063342284,8.886356798856124,1.6105913292268093,1.624136643734407,2
1768374523924711189,26.742952265823348,8.834763134806709,1.6149651775590212,1.6222753599655715,2
1768374524052190015,23.55478552312085,8.899440641259355,1.6122211625754284,1.6242481078521227,2
1768374524124620689,23.13755059710898,9.149194884071422,1.6100381718202268,1.6227460546477155,2
1768374524174531102,24.05355617649696,9.08366063938465,1.6109213585181914,1.6230116301521695,2
1768374524249869745,24.510475848509515,8.727321969913248,1.6140077940676283,1.623743025337038,2
1768374524327282967,26.312076260692095,8.94114772291428,1.6135744125934266,1.621751512170913,2
1768374524374707826,25.557762050263612,8.897006980165697,1.6136258688812675,1.622522689135798,2
1768374524449935888,24.50057280321305,8.7775760765601,1.613252870128132,1.6231949067009217,2
1768374524525104612,23.105976899283178,9.150347483547632,1.6099200396747149,1.62290343363253,2
1768374524574455082,25.080009626092803,8.547029389977855,1.615122509884332,1.6232741492698148,2
1768374524649641453,24.514776394584104,8.991587803599483,1.6118655181989912,1.622283322732108,2
1768374524724594343,25.180958081805205,8.556013482947534,1.6147679050557424,1.6234794304395814,2
1768374524774419607,23.62519334269164,8.904946506227787,1.6112511225084636,1.6222544034416082,2
1768374524849471964,23.141382337855674,8.79372211449929,1.6121798901759117,1.6231647889927128,2
1768374524924803364,24.686880867925474,8.87394230538532,1.6126422071859632,1.6224322916643241,2
1768374524975022392,23.675266014011154,8.792416092917799,1.6126422071859632,1.62344907785571,2
1768374525177321123,25.15493943566338,8.890404817534394,1.6128023457970222,1.6222224942119494,2
1768374525250517537,23.42553165509198,8.787065839384827,1.6126252023281322,1.623850639372176,2
1768374525324797973,23.499710132814265,8.913584953763165,1.6116360443954691,1.6237733797549072,2
1768374525381895613,23.499710132814265,8.913584953763165,1.6116360443954691,1.6237733797549072,2
1768374525524688895,23.699712573741706,9.012441934231457,1.6112723789305992,1.6227587768061809,2
1768374525728667532,23.408997857501834,9.06579763674375,1.610733546905425,1.6229397147385067,2
1768374525849914254,25.953531520866324,8.72809863335541,1.6146464295745648,1.6229655813344617,2
1768374525925196242,23.54421297680154,8.532425640962085,1.6137841999210227,1.6241184858946351,2
1768374525974572541,25.265868112638312,8.753309898187123,1.6143316386523752,1.6230375593602058,2
1768374526124679863,24.987831567788945,8.96518982501165,1.6130178147357779,1.6229809342939456,2
1768374526174592407,24.894873407940832,8.482857691627073,1.6153012628738361,1.6231828420155379,2
1768374526249561574,23.790063587679988,8.81843107808771,1.6125672858641442,1.6239647764773648,2
1768374526326199169,25.261374782248105,8.871880271584988,1.6131284535100008,1.6222682169407248,2
1768374526374447468,23.393400810859166,8.813536271748724,1.6123219376929392,1.6235903711958113,2
1768374526449925510,25.892200482490413,8.819779146259666,1.613822508276694,1.6228447221964415,2
1768374526524617380,25.854084380326768,8.94425202108107,1.6129575357243926,1.6221351239432082,2
1768374526574422529,25.557339365686936,8.924772436012958,1.613159173301144,1.6225729904604866,2
1768374526649496051,23.371940999011187,8.932223799614215,1.6115264225372237,1.6229314018468024,2
1768374526724602292,24.62629387202697,8.651032979978378,1.6136620832144883,1.6228765206828686,2
1768374526849909826,21.522773409138996,9.007874737466935,1.6094223468293167,1.623841417258612,2
1768374527249515671,24.387574588539795,9.12528904699241,1.6107263742760487,1.6220182600412738,2
1768374527450383706,22.112462091031794,9.0982938691546,1.6091097472505642,1.6228212605536763,2
1768374527655203713,25.62036332411988,8.741885915055663,1.6144163802425984,1.6229610746018817,2
1768374527704156763,23.245422823473085,8.908479529564856,1.611534533595483,1.6231714008745457,2
1768374527774328421,22.304938069907408,9.051757719986867,1.6098182707710238,1.6238251719528956,2
1768374527849591101,24.509597333654654,8.88844718048841,1.6122616100280287,1.6231485072292808,2
1768374528529442946,24.729033991522932,8.92348094791147,1.6125585057302767,1.6224122937185848,2
1768374528649847629,24.45387432047985,8.823287190444075,1.6124989730849115,1.622348651610427,2
1768374528724605098,24.19244204470261,8.958749723715574,1.6113559569321083,1.6228665168519367,2
1768374528774482697,26.28648913647602,8.4277056019632,1.6165380901110493,1.6230021288226384,2
1768374528849739170,24.072653788012268,8.84723373178182,1.6124857838013882,1.6234918394808036,2
1768374528924590125,25.281484282769107,8.77959336873883,1.6136352456537615,1.6228237157278251,2
1768374528974356887,24.024976588857825,8.581544223496048,1.6141733140228216,1.6238049948379598,2
1768374529049787746,24.410114200767996,9.083679240724527,1.6113595927072641,1.6221650237490726,2
1768374529249554400,24.259474019395768,8.875544951173804,1.6120978565227313,1.6225639237020248,2
1768374529308163195,24.259474019395768,8.875544951173804,1.6120978565227313,1.6225639237020248,2
1768374529376672790,26.039589309770463,8.533637418671024,1.6158793033821615,1.622645870587617,2
1768374529449557042,23.79421805800397,8.974798335702006,1.6117528941420178,1.6233357745258883,2
1768374529524830781,23.301097697259856,8.865303799899289,1.6120236566029338,1.6233684655152545,2
1768374529575008302,23.301097697259856,8.865303799899289,1.6120236566029338,1.6233684655152545,2
1768374529701162723,23.769336781829686,9.040447734731455,1.610934606934947,1.6227852953342765,2
1768374529774433975,24.924374598404242,8.733960535809326,1.6136787597929063,1.623107413409305,2
1768374529849601076,24.540399059360674,8.7777786459796,1.6129208954495156,1.6226904394677912,2
1768374529976987628,26.36459490847054,8.939264449608423,1.613404243704628,1.6212916839138314,2
1768374530049644568,23.876805862642847,9.017768056160103,1.6114149909746975,1.622905025708119,2
1768374530124955631,25.611937934718163,8.923639727325776,1.6133178155997754,1.6227186546930308,2
1768374530174487626,23.091650116273232,8.83825417207193,1.6124343730204487,1.6240703053730865,2
1768374530374711172,24.034848893360603,8.838678602273784,1.61281350602056,1.623249623741111,2
1768374530449634111,24.468239018869742,9.082339343142271,1.6113638151169292,1.6224111764053473,2
1768374530526573999,25.97898324724568,8.569356293261517,1.6155178731753328,1.6224674183763534,2
1768374530574514805,24.98907292777819,8.761925205624957,1.6137904329614352,1.6231025332565823,2
1768374530849599302,25.482398632572956,8.828425193274036,1.613854870319245,1.6226617760309272,2
1768374530924606435,23.61915257174885,9.27187817157146,1.609386901536734,1.6220313371873891,2
1768374531049791946,23.729911936358093,8.787001987404617,1.6125466044811805,1.6230681820573998,2
1768374531124760386,25.751777086260972,8.942449072983509,1.6138307198454966,1.622523741989126,2
1768374531249419147,22.903805168311475,8.584612690727369,1.6128573943246929,1.6236655267447335,2
1768374531307081700,22.903805168311475,8.584612690727369,1.6128573943246929,1.6236655267447335,2
1768374531524603260,24.84336962009848,8.986614916260823,1.6122816982725283,1.6223127990279873,2
1768374531581930965,24.84336962009848,8.986614916260823,1.6122816982725283,1.6223127990279873,2
1768374531650146097,22.342103641119103,8.73665398523827,1.6118144085736774,1.6242953873669084,2
1768374531724809990,24.90978051678305,8.569563244499513,1.6148099947837495,1.6231804275366615,2
1768374531775241571,24.415480387056654,8.937012586448029,1.6124986336543026,1.6231804275366615,2
1768374531855796703,24.35845711724283,8.778513331667343,1.612652361968129,1.6227357016268877,2
1768374531974822791,23.475791655583002,8.967340429985951,1.61111811040725,1.6229196748315409,2
1768374532324778400,23.695527186591292,8.754707319568796,1.6131484887160816,1.6238235906277176,2
1768374532450057014,22.629377707541476,8.742172634703758,1.6118505661592535,1.623599881229351,2
1768374532524580642,14.14950994293629,6.3120979405520625,1.6040593827405571,1.6228125804961584,2
1768374532574454857,27.669249563625264,8.501044963717527,1.6176223237212013,1.6227456379796577,2
1768374532849873388,24.25618974129895,8.866407603913196,1.6121392302264415,1.6227444101340627,2
1768374532924642762,23.656617030727745,8.954144770640092,1.6112015545353313,1.6222828141456447,2
1768374532974654613,24.31313980669625,8.897212424560744,1.612097496194671,1.6223394435930425,2
1768374533124770452,24.785216937404986,8.65247524103564,1.614239127836134,1.623079546772156,2
1768374533175048239,25.282284078370854,8.585164709780543,1.6148768196270884,1.6223057110141175,2
1768374533249924323,25.74084095860951,8.799554910683534,1.614429591024009,1.6228501203151242,2
1768374533302828201,25.74084095860951,8.799554910683534,1.614429591024009,1.6228501203151242,2
1768374533853490555,24.82836830563584,8.779644070766055,1.6138839040884394,1.6233317981028077,2
1768374534129300651,24.04689720939035,8.931025715658619,1.6116310075639086,1.6225381450905503,2
1768374534178082006,25.894338196907228,8.883023915691089,1.6131369012285295,1.6216239387291738,2
1768374534249644523,23.46112580621029,8.72795235981548,1.6126546045301577,1.6241071429880904,2
1768374534374830292,24.222825151395398,9.087724565394094,1.6111373567508427,1.622081730445956,2
1768374534453698228,25.182649199736893,8.861691070176533,1.6132949051779237,1.6224809677948722,2
1768374534775516773,25.35686340944632,8.910486123850108,1.6133344809858083,1.6226719767775677,2
1768374534924548675,23.63361355227078,8.862932884952874,1.6118720894139107,1.6231966311992008,2
1768374534974600234,24.107575222083845,9.154410593453315,1.6109919589546913,1.6230904817916618,2
1768374535049571087,25.833008640185007,8.818692704844977,1.6140123591990283,1.6227381277708535,2
1768374535124596675,23.04827684982369,8.798419456783598,1.611976730902691,1.622791329423853,2
1768374535249802781,23.10450206987813,8.741474031821632,1.612497586753169,1.623801885574348,2
1768374535324622034,24.78123795779208,8.799927965534325,1.6133451902015368,1.6227205664423943,2
1768374535375054331,25.246023441707344,8.839248191566417,1.6133451902015368,1.6222560845926963,2
1768374535449842815,24.62764099364967,8.721959594406254,1.6137575969773883,1.623718895919488,2
1768374535506577484,24.62764099364967,8.721959594406254,1.6137575969773883,1.623718895919488,2
1768374535576208769,22.770437221199202,8.66485977775307,1.6128034773685793,1.6242499611589976,2
1768374535649575907,24.317097775720107,8.82923422471659,1.6127063300730555,1.6224677656151203,2
1768374535724722486,24.885780812621938,9.04747568525681,1.6116630709274529,1.622234965150205,2
1768374535782399805,24.885780812621938,9.04747568525681,1.6116630709274529,1.622234965150205,2
1768374535851606212,24.764331099048633,8.800738134671745,1.6137572563154357,1.6230517607543309,2
1768374536049764643,22.852837060350907,8.867944088893783,1.611528015893839,1.6236258521561018,2
1768374536129608315,24.879689494060607,8.992997107421385,1.6118687970926768,1.6222188071312926,2
1768374536176250248,23.51042662146341,8.802825961648526,1.6119777943674745,1.6235565971510364,2
1768374536249490980,24.041957568010417,8.873950069026042,1.6125921048804677,1.623354951997346,2
1768374536332962767,15.900232649115997,6.491731698969766,1.603923349794366,1.6243766839904972,2
1768374536374484621,23.69693679989848,8.832230283268808,1.6120834757710194,1.6234150454060845,2
1768374536450601895,23.860148963427584,8.640473512926734,1.6138706882425837,1.6235610156733253,2
1768374536524841801,11.969680894544421,6.019205899160539,1.6066556643088332,1.6227965605539694,2
1768374536574373148,23.173795911829444,8.883073413716753,1.6121539715417346,1.6240992309064213,2
1768374536726470527,24.088962168675508,8.89981766646413,1.6120871330945865,1.622994397726805,2
1768374536849408260,25.086961459234168,8.676861667687106,1.6141690648796498,1.6233903902556543,2
1768374536974454321,23.24455905662326,8.953565232525131,1.6108148710852292,1.6228248327779542,2
1768374537049557656,24.49070771702111,8.890083427582436,1.6125859809977523,1.6230475084404528,2
1768374537249635633,23.931354664831872,9.045623550933174,1.611011295761717,1.6227428367271501,2
1768374537324949907,25.823863414581318,8.580626748581658,1.6153661619459545,1.622835777141907,2
1768374537374871021,25.205795608972625,8.988178915587447,1.612488434921214,1.6220332434691993,2
1768374537449463026,25.181969347293887,8.909147532500004,1.6129912620040374,1.6227985009862491,2
1768374537504102141,25.181969347293887,8.909147532500004,1.6129912620040374,1.6227985009862491,2
1768374537575518248,25.437960189320652,8.627475239610868,1.6153470937172392,1.6236347887116431,2
1768374537649604712,25.257926953889065,8.940829177461543,1.6129354032080476,1.6226617791882925,2
1768374537850939341,23.960041874819815,8.934002163582452,1.6121251699446315,1.6232066291530787,2
1768374537925439769,24.094589076393724,8.901520454070305,1.6115642078476526,1.6221777198298637,2
1768374537974572847,24.094589076393724,8.901520454070305,1.6115642078476526,1.6221777198298637,2
1768374538125241054,24.638842517213266,8.689840850583238,1.6134308804779807,1.6228696528876607,2
1768374538249693490,24.014971593818714,8.69066186488171,1.6137510104349184,1.6238621583421202,2
1768374538331305804,23.7859932868294,9.019901328524853,1.6109024155967828,1.6224307713410908,2
1768374538379218677,24.97069549602049,8.917973220567815,1.6129357232924606,1.6223688015473783,2
1768374538524828725,23.004323923455416,8.759978409406793,1.6122178936833553,1.6240753133319004,2
1768374538574433509,25.006401269210834,9.084587882457772,1.6118707338368732,1.6220453577351277,2
1768374538724477490,24.89381971775062,8.663014895335078,1.6144314380516913,1.623313535303257,2
1768374538849487662,24.715408041859455,9.046353972264038,1.6113823508448177,1.6216819803335785,2
1768374538924945156,24.10306050342581,8.932803666273275,1.6123392116704685,1.6233782317437306,2
1768374538974427243,23.169934270989458,8.76571539609267,1.6126486013690409,1.6243755010071932,2
1768374539049880744,24.721165007832724,8.898808244940655,1.6127003850915733,1.622729322104946,2
1768374539249700633,24.517950643502928,9.092836222894741,1.6113831342581975,1.6222585984989195,2
1768374539324613256,25.47856803162052,9.046983036943098,1.6120450674910298,1.6213142203156765,2
1768374539374676648,22.195397104009416,8.659967006233696,1.6122992354161214,1.6249924100478366,2
1768374539449792424,23.50258774929115,8.707197122858473,1.6127785067380063,1.6235322902822962,2
1768374539503263121,23.50258774929115,8.707197122858473,1.6127785067380063,1.6235322902822962,2
1768374539575840251,24.794300889578793,8.975143808115536,1.612688951705864,1.6229060170729896,2
1768374539649505966,25.935511203449614,9.210903399869721,1.6121975238026767,1.6214969214182133,2
1768374539724610626,23.1899760930403,8.625586902389795,1.6138504913874963,1.6246306334866065,2
1768374539777388923,23.1899760930403,8.625586902389795,1.6138504913874963,1.6246306334866065,2
1768374539850286605,23.578021269457405,8.564879762996425,1.6134312285190207,1.6240200298000003,2
1768374540054607261,23.191692027186185,8.638063166042135,1.6130444460970679,1.6239997102573016,2
1768374540102776364,24.363535038852913,9.049473225060469,1.611200921225597,1.6221183528155958,2
1768374540174973036,22.985656657086075,9.009469614419885,1.6105060115121825,1.623348355291627,2
1768374540249533661,27.38825571325698,8.856413488639182,1.6152375526659561,1.62214666217076,2
1768374540328595555,25.026656591134568,8.805338927543849,1.6134103411295393,1.6222934787010161,2
1768374540377620120,24.402264727442223,8.637660982944611,1.6140399265400867,1.6236341994681984,2
1768374540449785516,25.22554192672,8.908255732440951,1.6129923931208103,1.6220617449681722,2
1768374540524863002,22.178720216783134,8.759627872282934,1.6118966793777716,1.624966656030449,2
1768374540574584982,23.507576496621716,8.649970486361953,1.613006611000731,1.6239964289438467,2
1768374540653239395,24.983982060274634,8.736844718498718,1.613753712773726,1.6231828012288532,2
1768374540849568609,24.540122538033504,8.796457001968284,1.612807841693757,1.6229428837321902,2
1768374540928473401,25.37275139409223,9.359855192936955,1.6108929302458344,1.6221483767125477,2
1768374540974772201,23.02973030833155,8.882686587044368,1.6117376127100573,1.6235113700246326,2
1768374541049616388,24.184504137137132,8.866312098549242,1.612479292941191,1.6228680930214783,2
1768374541124482455,27.088126179098282,8.842108595094977,1.6146374606249476,1.6217800012670958,2
1768374541249751545,23.396346656263667,8.843833351699903,1.6118809504446796,1.6234689440946957,2
1768374541324758872,25.55678712320897,8.841495729208482,1.6142405320152593,1.6225278548375888,2
1768374541374513203,26.214300850975647,8.537075231998328,1.6157710328879709,1.6224366530664571,2
1768374541449622378,23.909716496718136,8.569075425389721,1.6139066394302588,1.6235176370620463,2
1768374541649414696,22.83608034468454,8.653831509077484,1.6122250630176211,1.6235706007211133,2
1768374541706014682,22.83608034468454,8.653831509077484,1.6122250630176211,1.6235706007211133,2
1768374542050656034,24.41210197750987,8.924019719773769,1.6123621643652954,1.6228838438740647,2
1768374542174475796,23.352399295626604,9.016098533954079,1.6111368772203845,1.62330973806234,2
1768374542257804925,23.313878500777818,8.641461719510389,1.6136266414636826,1.624328639794789,2
1768374542326541489,23.165746089850003,8.739810810707212,1.6124409366157242,1.623694966946661,2
1768374542375853230,23.831258022139814,8.794895797295952,1.6123720907187673,1.6236301919290097,2
1768374542449506710,26.837052569249174,8.901025598835133,1.6143229510056476,1.6216577164957846,2
1768374542533175248,24.91618168490506,8.733906277172707,1.613752125822804,1.6229680980611492,2
1768374542574529644,24.590539850777972,8.450445267013388,1.6153560477272129,1.6242431029620157,2
1768374542650311026,24.603058467018492,8.926544423708407,1.6122602772140942,1.6224150753394146,2
1768374542849507881,23.83811495838195,8.945176202801461,1.6116054265963444,1.6231053489616571,2
1768374542925268798,24.921858227952896,8.939026038895902,1.6125396468909812,1.6222752534221159,2
1768374542974868361,22.632268229539896,9.059134775441631,1.6100943274807191,1.6231664065047346,2
1768374543249543991,22.819940948650252,8.910844940251433,1.611163985135082,1.6236900936276037,2
1768374543374587944,24.233229177718307,9.048489384405878,1.6112649236803198,1.6225073253229434,2
1768374543449654798,24.06684731956865,8.86569874757864,1.6124461342400946,1.6231766170999349,2
1768374543524617642,24.815559068387394,8.522045094668128,1.6154529622976432,1.6245786597266711,2
1768374543574888984,26.58143706722771,8.780306828912048,1.6150234122845095,1.6227171923512036,2
1768374543649352172,24.88465087054248,8.84243276239055,1.6128274621913288,1.6223824765172967,2
1768374543703622034,24.88465087054248,8.84243276239055,1.6128274621913288,1.6223824765172967,2
1768374543774815612,25.30102941577983,8.849458715215503,1.6135160721465276,1.6228629686930456,2
1768374543849311830,22.441160152026907,8.619574781959992,1.6125159548450771,1.6242297612487717,2
1768374543925128709,24.38823953644098,8.834664133127271,1.6122589796475897,1.6226020168586535,2
1768374543979542038,24.38823953644098,8.834664133127271,1.6122589796475897,1.6226020168586535,2
1768374544050106252,24.358124038154294,8.828703545560577,1.6128466905523062,1.6231282201103174,2
1768374544125230351,13.084802192889322,6.189387493017171,1.6061801575942016,1.6234424289152543,2
1768374544174955376,13.084802192889322,6.189387493017171,1.6061801575942016,1.6234424289152543,2
1768374544256618030,23.99234623880475,8.875008576979754,1.6129457768986606,1.6237025664765286,2
1768374544303558297,26.76237729864539,8.732378238066572,1.615767901249029,1.6226826511402386,2
1768374544375168795,25.546917658732404,9.159293966902304,1.6123719433294386,1.6224676676368661,2
1768374544531051879,22.72820110072771,8.963679783648361,1.610573972480541,1.6234961193280413,2
1768374544649628856,23.750945273837143,8.737058935869321,1.6134258692851748,1.6238344167149361,2
1768374544724489347,24.681466937749306,8.941616020804075,1.6123349555214084,1.6222156087125992,2
1768374544974378181,23.221102147238604,8.83183311858618,1.6116095602786868,1.6234538015698066,2
1768374545049657770,11.245135964893072,6.070045562690327,1.6073640570518242,1.6226406684113548,2
1768374545124902977,24.448972088003007,8.959318924990257,1.6120766870431527,1.6229600229290402,2
1768374545324483792,22.421592051091068,9.080214965463824,1.610435492193809,1.6236937246043264,2
1768374545374691529,26.59784219781658,8.798921071806994,1.6151921050559679,1.6224088422977967,2
1768374545449680327,23.655015085705333,8.702710279143314,1.6133983866412727,1.6237215693658882,2
1768374545524590768,24.974531112584852,9.096887140421856,1.611625549248049,1.6217277184468706,2
1768374545649551418,25.351317420094553,8.898311105779191,1.6130587892177417,1.6225184139751199,2
1768374545724750442,24.454764753067515,9.071006779723694,1.6117829294910506,1.6227892966928934,2
1768374545775078423,23.62051188997638,9.051587962825753,1.6117829294910506,1.6236274331735794,2
1768374545849913220,24.6702100274343,8.690775504994688,1.6141297947589723,1.6228530169347384,2
1768374545924513792,23.188861777573734,8.810105067201652,1.6128565760143365,1.6245280247191576,2
1768374545978693683,23.188861777573734,8.810105067201652,1.6128565760143365,1.6245280247191576,2
1768374546049664964,24.831670806208628,8.659580489950132,1.6140594745733337,1.622955786559603,2
1768374546255648120,25.340994594814426,8.579366370809046,1.615014700363576,1.6229805324816053,2
1768374546374853033,22.758137111619448,8.946106364755721,1.6107008335969122,1.6230624026395963,2
1768374546449628551,23.01054482571141,8.788253587490896,1.6121652287197108,1.623812571165903,2
1768374546529052953,26.14236999603903,8.732280874300585,1.6146619455430804,1.6220803785696267,2
1768374546650039239,25.575523749471696,8.842008564113177,1.613264120554185,1.6220032557630115,2
1768374546725496460,13.018003412011536,6.196978758203857,1.604372384488906,1.6219322179424076,2
1768374546774645998,13.77493307336386,6.298394355879865,1.6051868435633514,1.6234824207626937,2
1768374546924627942,24.136468344331696,8.99876874925934,1.6118784612264496,1.6231309526110878,2
1768374546974369858,24.263504275281676,9.060172718345024,1.6115750922805392,1.6226615565696074,2
1768374547049507577,25.367011911116457,8.622788090483812,1.614951263273373,1.6233632625494883,2
1768374547126435745,23.789193560430853,8.801368683744005,1.612788362069037,1.6235175151626782,2
1768374547174544703,24.813776126940247,8.8656566952619,1.6128114678614722,1.6227546685981011,2
1768374547249551782,24.598978010643478,8.86363750287475,1.6126667727599335,1.6223199691810066,2
1768374547324677883,24.703279407521485,8.9037693588514,1.6125298889569228,1.6221977582101155,2
1768374547374548342,23.182418433741248,8.861691103804322,1.6117578976602178,1.6236667247102938,2
1768374547449534887,24.894232427475682,8.92133437067681,1.6125705669752983,1.6227305169438648,2
1768374547524722352,24.976939754269843,8.627751448490123,1.614344674454403,1.6232228994920745,2
1768374547574761191,22.509506290471435,8.781626012729392,1.6115385898746861,1.6238401731302572,2
1768374547725082674,24.359546378687426,8.62367765903826,1.6139453761860443,1.6241084198029472,2
1768374547775141878,24.499874268188115,8.749107573728246,1.6136123534329518,1.6234572574149269,2
1768374547849460450,24.313347574455246,8.789934841272013,1.6127542316276338,1.6231076399533544,2
1768374547906546345,24.313347574455246,8.789934841272013,1.6127542316276338,1.6231076399533544,2
1768374547975576406,22.91385170446647,8.800164589959808,1.6114734520620715,1.6228453751295782,2
1768374548049897671,26.568242717122104,8.711348227619352,1.6152859379785374,1.6225014595761762,2
1768374548250511346,23.53866462590437,9.00329980969314,1.611407787144336,1.6235734443823535,2
1768374548458155258,21.79687596938429,8.830030613403867,1.6103072393284472,1.62321541795516,2
1768374548649626032,24.745645544625326,8.9162670935012,1.6135497603522029,1.6236466791903743,2
1768374548731795987,23.829088285756363,9.168491512307954,1.6100259045030612,1.6223518819461489,2
1768374548774958714,24.10463958683784,8.86644172799929,1.6122578362028583,1.6230079123219325,2
1768374548850070558,25.019650909745117,8.676319399233913,1.6138364406872605,1.6229881289231192,2
1768374548924697663,24.192407207600517,8.974402957555244,1.6122547615573528,1.6236748759208224,2
1768374548974369863,25.658908024603466,8.986823749183722,1.6133744262164822,1.6222717737170327,2
1768374549049663144,24.556711838863208,8.629101490908717,1.61439139544818,1.6237180184204465,2
1768374549125007938,24.09934903309918,8.753357000251203,1.613258561382195,1.623909279622569,2
1768374549249697853,24.122209372799077,9.203106179303882,1.6105720451912888,1.6221481763171037,2
1768374549325119182,24.370592112703093,9.005472741805395,1.6115212991437238,1.6225629625182802,2
1768374549449640800,24.045632223703485,8.756968070766034,1.6129742719745668,1.622877332549645,2
1768374549725038565,25.14900416839483,8.819574531408323,1.6137971705406546,1.6227008890723646,2
1768374549849849166,24.956380902676713,8.578024519125846,1.6146183606427786,1.622995447688963,2
1768374549902822044,24.956380902676713,8.578024519125846,1.6146183606427786,1.622995447688963,2
1768374550049686089,23.604633638905746,8.9583886660711,1.6113850022970742,1.623127709539373,2
1768374550124752681,25.10634888440677,8.783579364889382,1.613696184185795,1.6225721073904211,2
1768374550179038273,25.10634888440677,8.783579364889382,1.613696184185795,1.6225721073904211,2
1768374550249963741,24.34035855602645,8.68373594015374,1.6135777293392148,1.623095112394685,2
1768374550324770030,22.79480873320683,9.01109789496879,1.609939061925683,1.623137778528866,2
1768374550374408559,22.79480873320683,9.01109789496879,1.609939061925683,1.623137778528866,2
1768374550504312990,24.810805397861067,9.02873783559207,1.6117193435641954,1.6218369230511906,2
1768374550729733103,25.84555495993324,8.721548042932504,1.6148127959468976,1.6223688455501994,2
1768374550778437009,25.20630359798193,8.842507656821299,1.6134805091632072,1.622842145527678,2
1768374550849559275,23.761367091026607,8.670324437237571,1.6133026081843007,1.6235556700728868,2
1768374551052951895,26.881024849024993,8.503993580554967,1.6166434704737196,1.6223421280582309,2
1768374551124478998,26.364311166911847,8.71662695654368,1.6153600445576262,1.622608154074303,2
1768374551174421798,23.056851540867342,9.100115342148813,1.6105386599431968,1.6232609721170963,2
1768374551249520615,23.62800489804817,8.824038895307176,1.6119364729514434,1.622657107783966,2
1768374551325386376,24.448580454052404,9.072398808897109,1.6112643375207598,1.6222060354680379,2
1768374551374392960,24.1412383334505,9.054616731135118,1.6116835291300013,1.6227171949440689,2
1768374551524951404,24.21024240286007,8.863950846812033,1.6128333980710627,1.6236914644635871,2
1768374551574548956,25.599673683611268,8.996798202274142,1.6124244795640297,1.6215995326515096,2
1768374551649634279,25.434916048884038,8.633967897097707,1.6150022683548468,1.6233719854865993,2
1768374551924446914,22.342002189637,9.048465993168994,1.6097483839136324,1.6236412089937209,2
1768374551974906113,22.342002189637,9.048465993168994,1.6097483839136324,1.6236412089937209,2
1768374552176455707,25.379056904881956,9.048766223426274,1.612408230778426,1.622531243451162,2
1768374552249715837,24.80433476755506,8.791713933270485,1.6133044348105678,1.6228678450263567,2
1768374552324941817,24.27050018450516,8.808516816275425,1.6127581166826725,1.6236448347778785,2
1768374552374425626,24.27050018450516,8.808516816275425,1.6127581166826725,1.6236448347778785,2
1768374552451921816,23.121662489803406,8.914931953350152,1.6109509597298475,1.6229406109948143,2
1768374552574911866,23.674887635712683,8.929821803326028,1.6116087823891527,1.6233339743382067,2
1768374552650185640,25.820978357270263,8.845242994486863,1.6142974282043745,1.6224754196149438,2
1768374552728385857,22.971852357873466,8.953970040584208,1.6106587612307255,1.623067810518165,2
1768374552776671767,26.512676797757038,8.786412771212202,1.6146379917163944,1.622152576117275,2
1768374552849519448,24.798277994868556,8.316309588737045,1.616495998378072,1.624494837460476,2
1768374552924868591,22.935053915741577,8.764110324767561,1.612746747422503,1.6243308036308561,2
1768374553051718653,24.116831450059493,8.899002338356734,1.6120322099186024,1.6229703281305363,2
1768374553249757783,23.77068286983608,9.09889547337775,1.6107000023292326,1.6223483931839129,2
1768374553525012608,24.66678858061733,8.580443067310775,1.614447169149459,1.6227994352232766,2
1768374553649604941,23.860594632418408,8.903696014049578,1.6120623706820951,1.6233280061301225,2
1768374553774432761,25.664453765963824,8.404815930360897,1.6162720319261394,1.623572390579547,2
1768374553924541768,24.909360342137088,8.893982329049077,1.6131121920829368,1.6230068075051078,2
1768374553975406670,26.151666437493006,8.892830894584907,1.6138553258689927,1.6220375600798387,2
1768374554175259301,24.033867319275927,8.989257392959463,1.6118455974752885,1.622555891663881,2
1768374554325025701,24.219596265162792,8.900832775272772,1.612168992115141,1.622566485902553,2
1768374554380293646,24.219596265162792,8.900832775272772,1.612168992115141,1.622566485902553,2
1768374554450243800,23.186727234411507,8.974916867989185,1.6111452275248581,1.6233083241574455,2
1768374554524935071,24.43963354544931,8.844252810006509,1.6129901689585333,1.6237543003263788,2
1768374554574713181,24.43963354544931,8.844252810006509,1.6129901689585333,1.6237543003263788,2
1768374554656807723,25.573986145860815,8.830573370528652,1.6138341636446578,1.6229217511164975,2
1768374554726464073,24.681455218037883,8.933340973438094,1.612235833575011,1.6222177640626074,2
1768374554774387302,25.733607366717592,8.931388384807573,1.6130478073002072,1.6221500626293044,2
1768374555049825511,24.735815987309007,8.760765210357972,1.6140423992495332,1.623182056207702,2
1768374555124526220,26.31646699850254,8.356942259725713,1.617451399896628,1.62332699529951,2
1768374555449504957,25.433876927125844,8.650443099011172,1.6142791039041788,1.622389415497227,2
1768374555524727321,23.425317382616882,8.89189024388283,1.6116928405489104,1.6233197828477985,2
1768374555574634728,23.887202878011493,8.894241162889372,1.6120618693528783,1.6230027136126486,2
1768374555774405532,23.894715162945612,8.868634529664126,1.6128663726480854,1.6241648169412184,2
1768374555849460809,25.031174162086558,8.813997741028832,1.613132248100923,1.6228740461388724,2
1768374555924738016,24.451302234520966,9.05243044642126,1.6108718833547915,1.6218014195755266,2
1768374555975043815,24.418529847658466,8.91604285052415,1.6121793262856845,1.6227147930310344,2
1768374556049450975,24.38976227870926,8.869352276767014,1.612678767304272,1.6229231775330812,2
1768374556102596405,24.38976227870926,8.869352276767014,1.612678767304272,1.6229231775330812,2
1768374556174351167,22.45026443454745,8.96452340219926,1.6102513717073759,1.6233377479827773,2
1768374556250096896,23.831050736506043,8.893938391169046,1.6120777094644723,1.622948195816186,2
1768374556325113332,24.879662995488605,8.856962895954517,1.613208144001396,1.6233196208285074,2
1768374556378529852,24.879662995488605,8.856962895954517,1.613208144001396,1.6233196208285074,2
1768374556450298621,26.67604037415061,9.061564775784575,1.6129009429688574,1.620726340712595,2
1768374556524601504,24.143771843904148,9.045306080466403,1.611673539288482,1.6228144018260233,2
1768374556575141950,24.143771843904148,9.045306080466403,1.611673539288482,1.6228144018260233,2
1768374556702767584,25.33212623442993,8.973743044103811,1.6127124275945923,1.6220510173791132,2
1768374556774525826,23.40689278860486,8.647744793151025,1.613436742318769,1.624230130659476,2
1768374556976946129,25.316713408678027,8.814028463844423,1.6139995015264224,1.6233923496746159,2
1768374557049443565,23.03444057233195,8.78631863349735,1.6122685647493464,1.624035636027433,2
1768374557124526129,24.051059105947516,8.800164176358374,1.6127250342790973,1.6234528210308865,2
1768374557174706441,25.272061331357953,8.709330792242364,1.6142259764387137,1.622985935750231,2
1768374557251899322,26.995669507350996,9.023423760507649,1.6134592418286715,1.621145425791355,2
1768374557449836546,24.244199090080798,8.860614720143348,1.6122913048166212,1.6227634376970987,2
1768374557529226557,25.163650557219917,8.62969780927185,1.6145223464348248,1.6230969975833123,2
1768374557574454367,24.316592175574804,8.733910138968579,1.613062632305462,1.6226633718601664,2
1768374557649493006,25.880274979892537,8.564961805772024,1.6154798075209251,1.6224032091646776,2
1768374557774793473,25.98205796523323,8.706218375668273,1.6143770432245883,1.6217934669185923,2
1768374557849776828,25.11927363075972,8.773938773121515,1.613761636459015,1.622042052135659,2
1768374557924563988,12.20882216088559,6.105693164231642,1.606700910885307,1.62293379630493,2
1768374558049631110,23.82791801306494,8.866172238733096,1.6121770062239689,1.622952641841399,2
1768374558124629076,12.193568290102652,6.184388290233836,1.6062482909968885,1.6229317203064955,2
1768374558174530117,11.739202602432108,6.114037611715586,1.6062482909968885,1.622469104034733,2
1768374558376524459,23.802517756405184,8.707271835901182,1.6132534461068961,1.6237382627885044,2
1768374558450875298,24.326688482672722,8.923107746582897,1.6118525877949592,1.622621199133543,2
1768374558524463666,23.21795011651151,8.886643627919588,1.6115808024905633,1.6231989821562323,2
1768374558582814581,23.21795011651151,8.886643627919588,1.6115808024905633,1.6231989821562323,2
1768374558652246986,23.95420231555412,8.798714685569918,1.6119777422923738,1.6228493943629072,2
1768374558701026539,24.71981204311957,9.146658840851188,1.6110935164968454,1.6223928814390858,2
1768374558774642882,25.932927356973057,8.270138485394144,1.617182024704722,1.623432871611722,2
1768374558849814530,23.57917566128154,8.84609059806164,1.6122428432848845,1.6232798430932869,2
1768374558977452442,25.473642825702747,8.75132240413439,1.6140946588078033,1.6226718417387553,2
1768374559049531818,22.401031906171156,9.169343492890071,1.6091316683203758,1.623025204937031,2
1768374559251677944,23.620932299846853,8.747069161878642,1.6127620940504421,1.623464675325131,2
1768374559324632427,25.111268390688004,8.844555084547553,1.6136954357775317,1.6229785394941485,2
1768374559374405811,26.125049843909842,9.033759449764556,1.613042058956659,1.6216924497886271,2
1768374559525826582,23.980030334260547,8.951455440394088,1.611538758066605,1.622816749719383,2
1768374559649432425,24.88516910373928,8.812047748271958,1.6135482093611426,1.6228156589735219,2
1768374559724579260,24.142599953104416,8.940116929989212,1.6118294242101034,1.6227062767864087,2
1768374559774507503,23.76861792204621,9.012822875601351,1.6115433925634173,1.6226481823295007,2
1768374559849468599,24.848393008458647,8.94217544264077,1.612444078243681,1.6226396547587156,2
1768374559924676640,25.588756422853407,8.883813933430979,1.6131333719333307,1.6219518076011683,2
1768374560174478445,21.081962687774514,9.181922053125419,1.607902779542762,1.6229669409233825,2
1768374560449506604,23.551681508629407,8.646044304306104,1.6131863428479831,1.6238562032855133,2
1768374560725343056,25.875028114533016,9.135255614645992,1.612047626071805,1.621569989380366,2
1768374560774369759,25.875028114533016,9.135255614645992,1.612047626071805,1.621569989380366,2
1768374560850153135,23.611839896732654,8.844818766622966,1.612087915883085,1.6232034684558607,2
1768374560927048014,23.495258184954125,8.830229031267256,1.6120159590735907,1.623111785359553,2
1768374560975078531,24.295775186815582,8.949313093101978,1.6121559382631476,1.6225168744990648,2
1768374561049575148,22.990369977600178,8.850184107203617,1.6119498530420784,1.6242266381988344,2
1768374561130126892,25.26572043427877,8.608232908446036,1.614566933654005,1.622571689495701,2
1768374561178717636,24.572273608196802,8.881570812905778,1.6130690633933136,1.6230327518837377,2
1768374561249724457,24.22686225406201,8.623737599203466,1.6139171472672849,1.623539221930398,2
1768374561324791178,23.943453258558513,8.968727018265648,1.6115998721391305,1.6231336277530346,2
1768374561374526712,26.323726277491353,8.505789901939496,1.616411269498385,1.6228456836862142,2
1768374561449572678,24.626892513833987,8.842483736328209,1.6129984329290465,1.6230940053733796,2
1768374561525024525,25.067920870526006,8.976701399858676,1.6123256667351964,1.6216743976088042,2
1768374561574794382,27.810565154071433,8.624699789573466,1.616732305031382,1.6218864865881428,2
1768374561724998868,12.321528601532794,6.094419154506377,1.6055023696831374,1.6219851583813674,2
1768374561774503228,24.777351979696327,8.948260961259296,1.6122895113240518,1.6228782661032637,2
1768374561849447608,25.277997798810013,8.914639667603018,1.612739430830268,1.6221228038159679,2
1768374561924648030,24.575320821301982,8.75215731689503,1.613641649180551,1.6238025135418606,2
1768374561974465994,27.642606886435495,8.577329116542607,1.6169499183579772,1.6217850512913206,2
1768374562049984186,25.524175585170283,8.81208229026226,1.6138081503066717,1.6224477834765354,2
1768374562174553944,13.09795768973565,6.2297121290526105,1.6053749448701105,1.622966522663325,2
1768374562249725476,24.18324127655369,9.010075109542482,1.6113663727667278,1.6227712830505072,2
1768374562301576339,24.18324127655369,9.010075109542482,1.6113663727667278,1.6227712830505072,2
1768374562375029147,22.951339021039185,8.968201501951157,1.6108563610282916,1.623261822749876,2
1768374562853905972,24.53605956073246,8.861808043269308,1.6123865604634753,1.6222761402439094,2
1768374562902327582,14.435244544721781,6.3370208640461785,1.6052559002375104,1.6242094498850488,2
1768374562974519794,25.761038622955425,8.738565748817262,1.6146802361590051,1.622811495887102,2
1768374563049495795,23.899862187939156,9.021071728282802,1.6117420881808415,1.6229473969323234,2
1768374563129209390,23.556407389744074,8.82024492602147,1.6118789137744516,1.6231391777759154,2
1768374563176511830,22.76657357608802,8.885635560987737,1.610851010992315,1.6232299958143592,2
1768374563249652080,24.17515717962604,9.056384421673473,1.6115661884891919,1.6226282548169302,2
1768374563324955146,21.41040283439466,9.052697135917503,1.6090203811651715,1.6237654425830703,2
1768374563374608298,23.318643442791,8.986126777501603,1.611486152491815,1.6236123919511756,2
1768374563649523951,24.0201350282514,8.765848850400918,1.6124609109615569,1.6227954579809205,2
1768374563774792339,24.723562578497393,8.988229454963378,1.6122305137354185,1.622426978748989,2
1768374563849697497,24.121641341811717,8.462379962683261,1.6149451240978812,1.6245872932234513,2
1768374563924631114,25.699647063855746,8.895648848545989,1.6133685224079848,1.6225107130419052,2
1768374563974674997,24.94380279179431,8.907648277069343,1.6128820018879975,1.6226406414923347,2
1768374564049833701,26.972159340498123,8.734108071144224,1.6151549426740281,1.6216509173214277,2
1768374564124494568,24.014906764845414,9.079952566713462,1.6111623942995204,1.6224903228108185,2
1768374564174793388,23.41614038548201,8.574762116612971,1.6132935984524164,1.6240255806912574,2
1768374564249942096,24.185807365210586,8.887602606823084,1.6124708610897678,1.6231267937287448,2
1768374564324538825,25.039094521119853,8.604022492687504,1.614328366160519,1.622696857531894,2
1768374564374706447,23.823655621860507,8.987211605129302,1.6112762472476019,1.6226643994496934,2
1768374564576267828,24.155239735281995,9.061928174680439,1.6112310498990359,1.6223472726021457,2
1768374564725027256,25.228666307659296,8.614243414872384,1.6146941417439094,1.6231345252769855,2
1768374564781493820,25.228666307659296,8.614243414872384,1.6146941417439094,1.6231345252769855,2
1768374564852767745,23.53664609977568,8.874179821014133,1.6118492091963872,1.6233484077023095,2
1768374564902369911,24.12728855966084,8.891028934817706,1.612062753181104,1.62297792789785,2
1768374564974521354,24.716741490094172,8.785490206928735,1.6132868432401126,1.6227230699958466,2
1768374565049863843,26.27598752539173,8.99979447852732,1.6133309620458933,1.6217602428623057,2
1768374565127129923,25.63384252593326,8.616685728816215,1.6149209408943217,1.6226548397811467,2
1768374565175455448,22.899633026877588,8.613817368848444,1.612348765056096,1.6237451747275986,2
1768374565331667529,25.007006757729712,8.683758724763502,1.6142989734276654,1.623188463074611,2
1768374565450411971,25.29232190137143,8.990938415169289,1.6125481026746873,1.6221177637013922,2
1768374565524431813,24.80053610398847,8.66666729056577,1.6140622871070622,1.6227315010050902,2
1768374565725482383,26.57913642482046,8.931037919211587,1.6135959357550473,1.621911864778034,2
1768374565774443811,25.843682960140278,8.621615057540915,1.6152866923488416,1.6229666342063562,2
1768374565849615294,24.75504729022071,8.86077258136612,1.61286043288576,1.6226829996654168,2
1768374565974679615,24.892583401560977,9.188394546186984,1.6105012240005008,1.6216103494519865,2
1768374566049593437,23.501452045211035,8.85662173650146,1.6121204630311716,1.6234590175215675,2
1768374566124827462,25.14505374554843,8.853752791739844,1.612926117823853,1.6225833610425726,2
1768374566324516060,26.04586119825281,8.5003985302986,1.6162754280641465,1.623518892091393,2
1768374566374626715,25.37637505591728,8.727636698793312,1.6139500157373772,1.6227940963381435,2
1768374566449487676,24.267298925207072,8.873591697989342,1.6126510642094438,1.622837965743012,2
1768374566502771371,24.267298925207072,8.873591697989342,1.6126510642094438,1.622837965743012,2
1768374566575001681,21.298011626806446,9.07606405178433,1.6087026673815985,1.6236688104865236,2
1768374566649529611,22.265296593499073,8.802506806233362,1.6115867834223698,1.624693897698825,2
1768374566724945325,25.2107063130238,8.948809835220398,1.612708420715037,1.6222098224734536,2
1768374566779509184,25.2107063130238,8.948809835220398,1.612708420715037,1.6222098224734536,2
1768374566850251961,25.357574620365362,8.766918622508582,1.6138827670089113,1.6225553059581446,2
1768374567056691525,23.89179424902821,8.83622958251494,1.6122861721926827,1.6228662955114697,2
1768374567103997512,25.664632334275517,8.86121396474214,1.6135368127904155,1.6226610775931956,2
1768374567174572693,23.84839441601794,8.619367011248926,1.613350660945424,1.6235006519438784,2
1768374567249517556,24.449147693860862,8.771207366845536,1.6128427829336724,1.6229961604054859,2
1768374567377314845,23.14679805374098,8.829309725589885,1.6124748933467015,1.6238745673078043,2
1768374567525219247,24.04319069922245,8.970395131534934,1.6122831831943991,1.6235447828554308,2
1768374567650261958,24.166762932264383,8.512332110815935,1.614448504966738,1.6238595669242568,2
1768374567724584868,24.633615369693995,8.770963425939902,1.6138114649880222,1.6238645201347348,2
1768374567849572141,25.296049536413623,8.436291236974904,1.615755314297926,1.6232704972517862,2
1768374567929416002,25.60136019500625,8.679201499994031,1.614748984486346,1.6231522060808345,2
1768374567974546323,23.59902794143909,9.011776896127934,1.611219573697671,1.6227751021712273,2
1768374568049858782,23.892059214971397,8.83522896338628,1.6127571017722366,1.62354703200714,2
1768374568124809905,25.03446577826507,8.866148603510494,1.613479498059074,1.6231142378495786,2
1768374568174345989,25.045950305564226,8.97570277888914,1.6127610295934751,1.622346384058461,2
1768374568249642971,23.48422841658482,8.805330480981313,1.612562692908664,1.623647487508654,2
1768374568324765476,23.09330756082284,8.811158489856336,1.611469548620264,1.6231284608254815,2
1768374568374853008,24.82240144919978,8.762760144799275,1.6135993739843273,1.6231298333778135,2
1768374568449653223,23.48567660913603,8.646177079109464,1.6132921475065967,1.624332826392267,2
1768374568649712767,24.436872360589668,9.167310342810216,1.6107185941235547,1.6222754894314342,2
1768374568724508218,13.894915987479495,6.236509128959466,1.6045209631146329,1.6231375358200535,2
1768374568778988920,13.894915987479495,6.236509128959466,1.6045209631146329,1.6231375358200535,2
1768374568924493694,24.36635048564595,8.903416258418218,1.6123664101004207,1.6228253720507484,2
1768374568974921002,24.36635048564595,8.903416258418218,1.6123664101004207,1.6228253720507484,2
1768374569174527355,24.40186294074276,8.764682907941895,1.6133567685917407,1.6231147642305133,2
1768374569249720304,21.61952903892095,8.797329277125655,1.6110357331710943,1.624819029310551,2
1768374569329218892,23.962349108942462,9.108861088010121,1.6109954042638888,1.6222426625335968,2
1768374569376317565,24.936720954340963,8.95653901381943,1.6128740667838508,1.6229366925079936,2
1768374569574706239,24.84817114018867,8.75950538422973,1.6136755082610705,1.6227545119094902,2
1768374569651501635,25.89729512215144,8.610147224091016,1.6150948425519445,1.6231219760064364,2
1768374569774452590,24.662262496808918,8.48041372471269,1.6153666295609208,1.6232801553353726,2
1768374569927121123,23.03257842233308,8.547511887592195,1.6139002953489694,1.6243894968930055,2
1768374569974535334,23.50269632759927,8.917359145186142,1.6119362278693874,1.6232999463312292,2
1768374570049645843,22.683315242440827,8.804381933118265,1.6116692827160004,1.6236716480445461,2
1768374570124849312,24.211369706783834,9.03622987364779,1.6116964000657221,1.6226531425171464,2
1768374570174490336,24.27541414680889,8.647216371255102,1.6142796148195402,1.6240434722275718,2
1768374570249608072,23.813777305377258,8.820729195180324,1.6127284878582406,1.6236570654387443,2
1768374570524508552,24.56399566988887,8.87830823524233,1.6124351988040915,1.6228161563672714,2
1768374570649997960,22.98734752433851,9.125332623311847,1.6096990604060684,1.6224146319941588,2
1768374570705948146,22.98734752433851,9.125332623311847,1.6096990604060684,1.6224146319941588,2
1768374570776025368,23.71224291203489,8.673335329109921,1.6127205653374783,1.623286396739617,2
1768374570849747151,24.07601792103442,8.945473444020417,1.6115945974449957,1.6230993507993619,2
1768374570924490860,24.98944803868941,8.567081018371942,1.614811900307149,1.6238371489820735,2
1768374570980128932,24.98944803868941,8.567081018371942,1.614811900307149,1.6238371489820735,2
1768374571050239239,24.45014655686828,8.864011832895072,1.6126753583305362,1.6226902660327098,2
1768374571124732496,23.171013389529538,8.846949678820316,1.6118087170313806,1.6233414040500458,2
1768374571174525790,25.919857367767474,8.72384112475478,1.6147395754536058,1.62281004693671,2
1768374571325632171,23.570815242925256,8.588370851218125,1.6133230429471015,1.6238745469185818,2
1768374571375453493,26.057526351008107,8.77943508061695,1.6143469726979398,1.622141925907934,2
1768374571531510827,24.20997553611204,8.72636379059926,1.6135236266757649,1.6236814004751092,2
1768374571649989430,24.210635653524548,8.915415495931786,1.6124518698331638,1.6231486007953364,2
1768374571774510861,24.478007347424445,8.881206377804464,1.6130227419747871,1.6236453685766021,2
1768374571849697088,24.019603431799432,8.80624531782305,1.6131080948898189,1.62433973686311,2
1768374571924966682,24.853223389532218,8.984597769506411,1.6119238383441294,1.6217925142035936,2
1768374571974354084,25.15184387540037,8.59629292492029,1.614809664504193,1.6228053526701292,2
1768374572049747426,24.715042999997827,8.844642975622545,1.6137126234076562,1.62378880569321,2
1768374572124963535,25.315447290263915,8.914748241376904,1.612697357894719,1.62198801338994,2
1768374572174677731,24.529271511701147,8.825435323853627,1.6126323015956208,1.6230299447680454,2
1768374572249981853,22.62051892951944,9.017474032959623,1.6102760556450078,1.6237841799402615,2
1768374572324504402,25.069309052837554,8.75235823360886,1.6139871601388471,1.6230514465894392,2
1768374572449601045,24.51313061164373,8.955419737499826,1.6125236215418846,1.623515003359582,2
1768374572524463989,23.935367305725652,8.635086544099988,1.6136025808281478,1.6236201289834493,2
1768374572649608419,24.69063148089412,8.982012588850939,1.6116445748767194,1.6224611204441666,2
1768374572704503343,24.69063148089412,8.982012588850939,1.6116445748767194,1.6224611204441666,2
1768374572849610126,25.985650181347353,8.817459645785158,1.6144305221726407,1.622591897136736,2
1768374572924520140,25.640701927279075,8.324322052972255,1.6165986129016958,1.623713207313568,2
1768374572980844124,25.640701927279075,8.324322052972255,1.6165986129016958,1.623713207313568,2
1768374573049829226,14.074213741832597,6.456362214442052,1.604065316165294,1.6230671160012131,2
1768374573254172296,24.590027352005663,8.790871503163613,1.6133661820108427,1.6230311499631347,2
1768374573303482774,11.738661720368304,6.1337110825928045,1.6066257841392177,1.6226370649382995,2
1768374573530465737,22.79794605067975,8.917843129837893,1.6110281804789097,1.6234333483666745,2
1768374573649677854,22.223790076975945,8.937350093056768,1.6106164949728314,1.6244589148033826,2
1768374573724650721,24.806254560503895,8.995490750255128,1.6121189562495053,1.6225448203453696,2
1768374573775057688,11.772127972874857,6.0645575113239945,1.606604366755764,1.6227015345194402,2
1768374573853846542,24.023454408283797,8.788301104876561,1.6126175567876198,1.6234192658957831,2
1768374573924501331,25.010166175724493,8.740950071986319,1.6138115899911774,1.6232626822964313,2
1768374574050329804,23.826510694332505,8.830067473959001,1.6123573851856026,1.6235635813137224,2
1768374574174535276,13.005248059763552,6.221915316264462,1.6058972836428762,1.6231719056249498,2
1768374574249644542,25.6754766883458,8.818587311301359,1.6137353435171526,1.6221641007518397,2
1768374574324844233,25.73168316415031,8.806090130159246,1.6145527146184013,1.6229854505270935,2
1768374574449609916,26.773268705104325,8.5397469143549,1.6160352945373415,1.6227651494629567,2
1768374574525050085,9.7127744524943,5.881994640468324,1.6095231202497577,1.6230042554680988,2
1768374574724605284,24.050510385287048,8.863775912595798,1.6120897428745422,1.622784190941925,2
1768374574775041518,23.242598299119564,9.031538421911518,1.6103872924587208,1.6230896859239317,2
1768374574849893184,23.817590991071835,8.730092991604364,1.6130947022767819,1.623863871321874,2
1768374574908254590,23.817590991071835,8.730092991604364,1.6130947022767819,1.623863871321874,2
1768374575049866636,21.405234641657778,8.984013185858124,1.609699314923329,1.6244684572330197,2
1768374575125364504,23.407105384253278,8.871631544351274,1.6116011513158413,1.62295037912608,2
1768374575175086980,23.407105384253278,8.871631544351274,1.6116011513158413,1.62295037912608,2
1768374575374523278,23.620723696033743,8.909430841019875,1.612047667394788,1.6234006672312689,2
1768374575527074513,22.45179427437094,9.066952359410294,1.6103301527298506,1.623476031671285,2
1768374575575131069,23.581862107980854,9.039573307445426,1.6109786611992445,1.6230504218221269,2
1768374575774503127,23.668014705705342,8.731728628345863,1.612878547300768,1.6239632944097055,2
1768374575924554130,22.500423733741172,8.80016262597067,1.6114910331602073,1.6235251156000974,2
1768374575974853337,24.533806729024164,8.85647786456166,1.6128520979093042,1.622739586989394,2
1768374576049624598,25.619420112148017,8.982835666163627,1.6134020757961005,1.6226215933921098,2
1768374576126824850,25.888509899413712,9.150249588779664,1.6121259757740583,1.6214582752405902,2
1768374576174475486,24.790827016394125,8.928738190672414,1.612680088719431,1.622577177591506,2
1768374576249823200,24.699778801787087,8.975776826681924,1.6124373718290572,1.6226428983336605,2
1768374576324615207,24.01664199374909,8.8472731218823,1.6124941069225494,1.6228592990145212,2
1768374576524996402,24.05801405998109,9.044779119173384,1.6111461734640986,1.6225670135738022,2
1768374576574428314,26.154213906666833,8.593454605106086,1.61562308054612,1.6230645036171172,2
1768374576649929326,22.05329337262829,8.997354560335783,1.609947731197833,1.6242137932235463,2
1768374576774906742,23.70975219382099,8.646356225301243,1.6133539430204018,1.6238779775658672,2
1768374577250595261,24.051980707742835,8.855626102660102,1.6120910766671999,1.6228207055366455,2
1768374577324791644,23.305591043867313,8.42976416668141,1.6140552724169237,1.6240747849782031,2
1768374577374562430,23.839102701886496,8.673911304433453,1.613461357993892,1.6240747849782031,2
1768374577525727940,22.762774017135445,8.677221391107569,1.6124229090314748,1.6242333091944883,2
1768374577574959402,26.86264118146586,8.661719350400446,1.616102816350975,1.6219562421319036,2
1768374577649495662,22.706781662450215,8.753869449122234,1.611623122799115,1.6235669665652512,2
1768374577774876026,26.751900367936177,8.845695376567281,1.614699794771393,1.622398772891948,2
1768374577850125250,25.02297438607526,8.675481383653661,1.6139031398607608,1.6229545807854653,2
1768374577924490663,23.702408029018905,8.414485486190166,1.6149765193197172,1.6239429629801336,2
1768374578050093279,23.230796255205632,9.099203167747723,1.610445408693984,1.6232829003988776,2
1768374578124395265,24.29975675145335,8.73969049349367,1.6132280258432012,1.6232139417027456,2
1768374578174611114,23.167108149187765,8.728163901636336,1.6124976328009797,1.6238942596437347,2
1768374578325183865,25.459065107130698,8.82652650578069,1.6134982653171352,1.6222015424916942,2
1768374578374471955,23.91983885040827,8.810932168777882,1.6122791490211983,1.623000132865901,2
1768374578524616718,24.743390312549796,8.74455840281663,1.6138474361868227,1.6237052544549015,2
1768374578574408081,23.056228027783064,8.619313239808138,1.6129841592961527,1.624704516545368,2
1768374578649667199,26.808039745941148,8.562584173536852,1.6161016105984958,1.6219722661980147,2
1768374578849619464,23.035060826557483,8.854143877354574,1.6115193799760181,1.6231790064041232,2
1768374578904138510,23.035060826557483,8.854143877354574,1.6115193799760181,1.6231790064041232,2
1768374578974579557,26.17302959341483,8.870681499867151,1.6140837997409743,1.6222587462016802,2
1768374579050476853,22.646251652229886,8.510027635530886,1.6134273396071375,1.624450166357094,2
1768374579124442033,23.96975896942144,8.658432182476654,1.6136429282589329,1.6239145860506785,2
1768374579178185420,23.96975896942144,8.658432182476654,1.6136429282589329,1.6239145860506785,2
1768374579249761931,25.826718216145572,8.6874124692093,1.614856873512427,1.622376630000309,2
1768374579324532634,22.988777327467737,9.024693585479804,1.6107529994966394,1.6234841227135943,2
1768374579374368779,22.988777327467737,9.024693585479804,1.6107529994966394,1.6234841227135943,2
1768374579502306123,25.357469788707565,8.885713373899195,1.6131177243340122,1.6224330648358591,2
1768374579574850442,25.165853775348523,8.807840864871743,1.6135472034544287,1.6223785718050987,2
1768374579776967159,23.45885650081381,9.021799656359152,1.6109553959908292,1.623086047704826,2
1768374579924545574,25.985552774176135,8.814496438991974,1.6142169810042626,1.622650084707319,2
1768374579974403569,24.91150714396273,8.911547387681711,1.6132077603474897,1.6230887730037982,2
1768374580053270547,23.224098899786718,8.972112731091894,1.611099719237335,1.6231977490819023,2
1768374580174398443,23.741235731195243,8.885225559073834,1.611863498534503,1.622949155228921,2
1768374580325114917,23.987342026319467,9.051391668935423,1.6114377586132085,1.6227925349080654,2
1768374580449515435,22.923897182251185,9.033994387069717,1.610527068479871,1.6231886222851488,2
1768374580575193393,24.572065939756804,8.553618616322908,1.6143793329327691,1.6234887124622355,2
1768374580649900518,26.177750471738868,8.689154126378542,1.6147236975048258,1.6224462642107083,2
1768374581049452701,23.26996551913485,8.917060245933655,1.6115492375578635,1.6234608696257657,2
1768374581105506543,23.26996551913485,8.917060245933655,1.6115492375578635,1.6234608696257657,2
1768374581176186060,24.53655024597534,8.622178256626034,1.6141407178364027,1.6235302671924374,2
1768374581250065214,25.676121067751858,8.793637992386767,1.6139548130692694,1.6225875906868719,2
1768374581324488404,26.025041539113445,8.753694917898455,1.6147046587416343,1.622715139466535,2
1768374581375021037,26.025041539113445,8.753694917898455,1.6147046587416343,1.622715139466535,2
1768374581451735736,25.12157055431907,8.942240211965798,1.6128257232994025,1.6225181059929832,2
1768374581574397599,24.143162073552602,8.905099071868454,1.6123374852691323,1.6228475893726633,2
1768374581726047089,24.49900306773367,8.978658592154366,1.6117014262882077,1.6227580007769253,2
1768374581775054324,25.151137236373522,8.773120876430488,1.6134040444943112,1.622649987389569,2
1768374581849529621,26.33026288229301,8.532561490391334,1.616064112896966,1.6227356592228699,2
1768374581931963713,25.14700818869864,9.073010610951238,1.6119837735881528,1.6219535462821895,2
1768374581974736715,25.62913139678691,8.907413507225591,1.6135772632679641,1.622640173100158,2
1768374582049858818,22.913218382159872,8.374196289831426,1.6147362485806123,1.6247952233466096,2
1768374582124646665,24.698105412633176,9.201258818264753,1.6108750301163788,1.6221396067539895,2
1768374582325866204,24.583110708108478,9.107806796999638,1.6110692237526043,1.6218653606030888,2
1768374582449593220,25.668699102346704,8.684409452088444,1.6144490573617807,1.6223870791636625,2
1768374582574449021,23.43514795132684,9.043570226695055,1.611090354267074,1.6232808501113558,2
1768374582649597204,25.42156005737062,8.359479359967528,1.6163749179238551,1.6236415074659074,2
1768374582724617440,24.37044433565294,8.77628707674204,1.6133039106175135,1.6227517655709744,2
1768374582849561774,23.827720880245764,8.921157639561098,1.6118137009729232,1.6229647838084535,2
1768374582924403378,24.52472102435599,8.656692615708428,1.6140050852172783,1.6235109266447936,2
1768374583175083208,25.79853432322721,8.708354287837903,1.6142399512893113,1.622303399014603,2
1768374583324759041,24.343921752526533,9.153928522782808,1.6108989804286937,1.6222778448496444,2
1768374583380018049,24.343921752526533,9.153928522782808,1.6108989804286937,1.6222778448496444,2
1768374583704769078,25.13811194015103,8.743064039657718,1.6138711878207401,1.6227885127583752,2
1768374583774745358,24.623905339155925,9.092323531398478,1.6115196778806204,1.622321920321895,2
1768374583849714559,23.465243125191606,9.038276659839035,1.6105730205026583,1.6229768037223637,2
1768374583929791267,23.045820040826115,8.948725158387804,1.6110902094995083,1.623574763996256,2
1768374584049725293,24.326022142765247,8.970288877241883,1.6120451152458894,1.6229166244895026,2
1768374584174391429,25.17975853210008,8.68571372544576,1.6144444332934393,1.622607356959243,2
1768374584253821871,23.348942460033495,8.971842488248672,1.6109875362804285,1.6232041089686755,2
1768374584324988537,24.193190222959295,8.578344216841002,1.6140975156708133,1.6239563836219097,2
1768374584374888483,22.86554815165731,8.697166901281,1.6125323132538176,1.6240728618988487,2
1768374584525048007,24.00366054012415,9.058014173075602,1.611171342622317,1.6232232704054341,2
1768374584574488916,24.67153347103701,8.819944626091097,1.612874651462437,1.6232078347217356,2
1768374584724969034,25.623560168146263,8.80239452356363,1.6139767074848992,1.6226402808244669,2
1768374584774362432,23.20415270008791,8.932350078391604,1.6119830278388396,1.6241429678887225,2
1768374584924502617,26.300839762092963,8.51646723925396,1.6163127614802175,1.6227972499241168,2
1768374584974513912,24.864687442724076,8.989389269619236,1.6114691316501146,1.6213244744339586,2
1768374585174728505,24.535096768178775,8.784896382217319,1.6134197074846683,1.6234259651851637,2
1768374585249345709,22.688117918328032,8.91556505633593,1.6110710787409532,1.6233713402512695,2
1768374585324363442,22.979964404350017,8.99912458657226,1.6102638954128605,1.622931963048602,2
1768374585377051653,22.979964404350017,8.99912458657226,1.6102638954128605,1.622931963048602,2
1768374585449677771,25.809336529871718,9.046992934826475,1.6132061541927898,1.6224912691051594,2
1768374585702897361,25.54033015788648,9.090485247946997,1.6119985334208267,1.6216443107127065,2
1768374585774458409,24.072900927593288,8.98296115418706,1.611653361510491,1.6224425521943262,2
1768374585850001888,24.626708598405543,8.437317941641783,1.6151128817781624,1.6238083696374837,2
1768374585977075121,23.625709005448137,8.901712877326785,1.611910516820462,1.623678275546475,2
1768374586049619285,24.12973646481675,8.964559302623954,1.6116077920493783,1.6227447535967625,2
1768374586124633326,25.050862307752332,9.102575354794109,1.6114764638687769,1.6222417174948622,2
1768374586174405829,26.492197432601785,9.052049691225927,1.6130872036475792,1.6215336548513903,2
1768374586252020592,23.394617106715863,9.175321272953004,1.610341066617577,1.622994181605699,2
1768374586374387820,23.294762316555804,8.757747929018727,1.6118165041257115,1.6233523699321553,2
1768374586449675825,24.473777492921343,8.698514589125498,1.6140490260500675,1.6240151557118419,2
1768374586574515205,24.41589965060431,8.868461009277896,1.6125377559053986,1.623158505337153,2
1768374586649879494,24.54507973782194,8.994669997177786,1.6114215612362672,1.6216443112225662,2
1768374586849573590,23.478715604302813,8.882451857359433,1.6118584149218307,1.6233252232806419,2
1768374586974948208,25.139258970550582,8.698574432204655,1.613950962436554,1.623058975673207,2
1768374587124514136,21.607642329412926,9.204499877542748,1.6083910437698008,1.6234922117224138,2
1768374587175018744,21.292048073012992,9.1332914519907,1.6083910437698008,1.6238125054207935,2
1768374587249524192,24.630070646661117,8.870635994935464,1.612503264431996,1.622647070226484,2
1768374587306018596,24.630070646661117,8.870635994935464,1.612503264431996,1.622647070226484,2
1768374587652319387,13.446888376545063,6.196172563555314,1.6052017860923522,1.6229480008232255,2
1768374587700975647,23.688420535848074,8.70409630893851,1.6132490195703466,1.6236270565220134,2
1768374587857646209,24.112756830063198,8.990852324574258,1.6118161566476976,1.6229911604165903,2
1768374587926725447,21.5045024158107,9.008692311738091,1.6093670642537066,1.623831640671474,2
1768374588049549774,23.222446812096067,9.047882513067204,1.610654888532438,1.622680109638046,2
1768374588132926440,24.52062043706915,8.772201699782775,1.6131687411721465,1.6231064471878358,2
1768374588174743063,22.975478411479067,8.371586024286755,1.6142865738810177,1.6246575677507182,2
1768374588324356231,24.786202470636674,8.99626935171793,1.6122062096558032,1.6220210996301885,2
1768374588374443569,24.085049480008223,8.61921769150797,1.6141658548306155,1.6236872435680705,2
1768374588449888357,24.26818637502892,8.773034890776591,1.6129414199918364,1.6232987473826996,2
1768374588524739925,27.12064508971679,8.54738948112286,1.616415024708245,1.6222848842311661,2
1768374588649640996,25.52060748472651,8.654580587820334,1.6145274835458474,1.6222832161751957,2
1768374588724666007,23.304637236375882,8.75575905562782,1.6124824577509531,1.6233916077799186,2
1768374588774393462,24.489898725545967,8.706132716100047,1.6140156195219226,1.6238246646579817,2
1768374588849695341,14.101591235947453,6.382182541268308,1.603443777299641,1.622409291923743,2
1768374588974424176,23.18530083788484,9.0305922315329,1.6107123901258529,1.6234733604705784,2
1768374589124725979,23.37545974183741,8.886727715378298,1.6116825211543961,1.6234252274194625,2
1768374589175452827,24.22198625075844,9.057386406409314,1.6116825211543961,1.6225799088759842,2
1768374589249615177,23.894778573790187,8.967155732100863,1.6117632001916562,1.6226487997590673,2
1768374589304399865,23.894778573790187,8.967155732100863,1.6117632001916562,1.6226487997590673,2
1768374589375646710,24.43785630951534,9.12745885433683,1.6110202634888016,1.6221526263429336,2
1768374589524685758,24.874215868431637,8.762515000805934,1.613993692274181,1.6232645509007706,2
1768374589579884398,24.874215868431637,8.762515000805934,1.613993692274181,1.6232645509007706,2
1768374589974357650,20.839198317140983,9.089641050874222,1.6079991392497617,1.6234772878248571,2
1768374590250095644,23.68587280063639,9.080882292913032,1.6106223895122107,1.622255827478048,2
1768374590324992664,25.59874197287293,9.192095820129802,1.6113837630808319,1.6215888046496072,2
1768374590453634611,23.84018183780512,8.66671616680141,1.6135746449931438,1.6242008136879145,2
1768374590574405729,25.58408939816781,8.880871208039329,1.613682804197335,1.6228867165915408,2
1768374590649805911,25.99728519070288,8.514891875523393,1.6160631992870484,1.623185826934251,2
1768374590849621524,23.903296619322447,9.01576105632409,1.6114020983487392,1.6224524047346565,2
1768374590974368611,23.685053677847236,9.081380393415511,1.6103816355095528,1.622504264709641,2
1768374591049714912,24.1218251462052,8.833514357904843,1.6126291941811686,1.6227843233759207,2
1768374591124644604,26.075313746389828,8.828493165881167,1.6143195503375216,1.6223193350690273,2
1768374591174370429,25.074242792585633,8.773098400512831,1.6136072191463937,1.62288384426764,2
1768374591249538045,25.051150675530653,8.73461142767142,1.6139782149886206,1.6231843820477325,2
1768374591324665772,22.621750829264098,8.930490661408541,1.6108377624879977,1.623176805995397,2
1768374591374582377,22.621750829264098,8.930490661408541,1.6108377624879977,1.623176805995397,2
1768374591449657998,13.916376255308727,6.2049951950884585,1.6053057091349077,1.6235202644946256,2
1768374591649683630,22.035383479663828,9.169969219154455,1.608979436336668,1.6234573702829553,2
1768374591901099166,24.087113720008713,8.809234536533664,1.612620873228711,1.6232767816694869,2
1768374591974957470,24.910660653823193,8.889598824422597,1.6130681080138267,1.6228874704663943,2
1768374592050046530,26.31726663864331,8.65773036792039,1.615582920564825,1.6233553081903254,2
1768374592127657199,25.448199095772452,8.728609969315839,1.614454147908106,1.6227779319385025,2
1768374592176342459,23.00071520490321,8.908596587258021,1.6114549833589402,1.6234394138125199,2
1768374592332904667,24.322552450391612,9.057768811583937,1.610821533459823,1.6225259345417287,2
1768374592374420416,22.462048546849857,8.925934148532853,1.6111239131090824,1.624377642029669,2
1768374592451374821,25.822312474081954,8.774657874295537,1.6139135197704695,1.6221319692464469,2
1768374592574427442,24.524649683391743,8.914271254196363,1.6127653876433456,1.622688393569076,2
1768374592649616506,24.385825419456218,8.59221523181875,1.613919881982442,1.6230647176105486,2
1768374592774716448,25.280016561280092,8.970836525474086,1.6126474013511851,1.6217558326272306,2
1768374592849586412,24.229164088247714,9.045867271012078,1.6116506701296989,1.6230727760220751,2
1768374592924485265,23.213615298866674,8.983452503147388,1.6105331653185002,1.6226291740056065,2
1768374593049963716,23.38849555521061,8.977637160462484,1.6110504845016904,1.6228949638498817,2
1768374593124525028,26.96214748875736,8.949109827345644,1.613769978411741,1.621058545156014,2
1768374593174429072,25.04211939712753,9.016227973887185,1.6120930813278995,1.622280077848218,2
1768374593249595853,23.648874113401554,8.907182400059847,1.6118273069057036,1.623278476218346,2
1768374593449429956,26.290616538342306,8.789326712672715,1.6151177378613395,1.6230001204910178,2
1768374593505312008,26.290616538342306,8.789326712672715,1.6151177378613395,1.6230001204910178,2
1768374593575077515,24.240417386443447,9.2368133434304,1.6102052588033196,1.6223048107658578,2
1768374593649576967,24.632889935594314,8.724612346258823,1.6136625202086872,1.6231778326401656,2
1768374593850241286,23.156505058559596,9.00580821609234,1.611015916435093,1.6233623543765496,2
1768374593924459054,23.460992510422773,8.885847578707013,1.6119671481854192,1.6235835300973962,2
1768374593974744140,23.460992510422773,8.885847578707013,1.6119671481854192,1.6235835300973962,2
1768374594125782568,24.70418517073214,8.958500419440298,1.6129196185439263,1.6228079669844613,2
1768374594174585003,25.004307843279562,8.728829993769361,1.6138869286988624,1.6230502082192986,2
1768374594249512308,26.441531151859323,8.570348582875088,1.615918540522464,1.6224583081653217,2
1768374594330653674,24.16801469869867,8.765262161951659,1.6130568528051512,1.622710055435668,2
1768374594375063606,23.975027532318947,8.725331238196345,1.6133424819539874,1.6233200942468018,2
1768374594449625149,24.740579640560423,8.764583343880869,1.6133811913629483,1.6226511743004761,2
1768374594524499494,24.8853669662914,8.926907388931838,1.612347875310761,1.6224880890581754,2
1768374594574330825,25.57568885712169,8.75252253988103,1.613854957257642,1.6221989747177266,2
1768374594649906286,24.2423190334613,8.948069494362471,1.611976715383515,1.6232325927360716,2
1768374594724973008,25.11809332613213,9.066985060375016,1.6118621082250113,1.62217486168776,2
1768374594774520565,24.74053649691332,8.919058974638569,1.6124114753351055,1.6228687309948584,2
1768374594924587257,24.916991166165523,8.7000359437258,1.6137999409261228,1.6230121556452102,2
1768374594974670421,24.394134584263316,8.83548021412234,1.6131885272298894,1.6236317417809178,2
1768374595049586062,25.43090142358895,8.85103964739683,1.6136409070189448,1.6219875104108161,2
1768374595124857872,24.46892737803519,8.720133335789793,1.6133011623560733,1.6228215180442946,2
1768374595174513741,26.423647146581743,8.693349598173626,1.6155146512140752,1.623121669810455,2
1768374595249574154,22.96132788104832,8.859351637449826,1.6115877698907564,1.62406372027476,2
1768374595374526774,24.091042524581717,8.75555598694165,1.6131301504299602,1.6232539870917584,2
1768374595574884980,26.394603715454323,8.617100521111288,1.6151012738615926,1.6221939279593396,2
1768374595724620197,24.352796061049897,8.84083785066666,1.6126753876418267,1.6223072533871816,2
1768374595779106137,24.352796061049897,8.84083785066666,1.6126753876418267,1.6223072533871816,2
1768374595924732681,23.37937365776188,8.844373901042209,1.6120235676344552,1.6238293751303654,2
1768374595974963837,23.37937365776188,8.844373901042209,1.6120235676344552,1.6238293751303654,2
1768374596103169128,25.014965971917658,8.83307639731958,1.6132326284743743,1.6230225225640833,2
1768374596249628075,23.725778333909098,8.886820994367596,1.6120224784776571,1.623448057130012,2
1768374596377665430,25.733456136318942,8.493335190539668,1.6155600405082975,1.6228622546089384,2
1768374596449839577,26.45163394369998,8.616794468453795,1.6157385824198196,1.6226598688321412,2
1768374596652983080,24.851090106436047,8.926381597723823,1.6128555362216532,1.623102565797347,2
1768374596724935247,23.388356524333574,8.679298340968485,1.6130300580802848,1.6242543633270918,2
1768374596774525853,25.51595670774054,8.678830312701,1.6150552595034198,1.623156426038944,2
1768374596849567169,24.719820106060553,8.712563051754218,1.6132723060427596,1.6229157863547985,2
1768374596974845906,24.10251397903651,8.98742859258585,1.6115743271738996,1.6219202147487963,2
1768374597049415356,22.55956751323973,8.787415235524303,1.6116609084580107,1.6238181368742766,2
1768374597124802532,23.011553554836972,8.873271658421906,1.611461546817161,1.623455629850781,2
1768374597249468646,23.60576398508707,9.027183955851902,1.6105457614258616,1.622461859301611,2
1768374597324899049,25.379011312273157,8.904876515324071,1.613195797483283,1.6224859121613218,2
1768374597374363508,24.048238757427676,8.70179308100485,1.6135421701233388,1.6236526007146652,2
1768374597449291003,24.228557159660546,8.717688456690187,1.6132563609433708,1.6230779790695538,2
1768374597525108356,24.554872267590568,8.727126724943187,1.6138498442068685,1.6233618315148344,2
1768374597574849865,25.339655652228288,8.785103329348837,1.6138498442068685,1.6225686053311663,2
1768374597649652061,22.212261951600087,9.116663021394368,1.6091824070692404,1.6228304186974427,2
1768374597706771509,22.212261951600087,9.116663021394368,1.6091824070692404,1.6228304186974427,2
1768374597776062636,26.055878031071344,8.983991308629896,1.6124641068806012,1.6209169868278432,2
1768374597850343042,24.40953400923651,8.972069278519376,1.611993215069182,1.6226492729933757,2
1768374597924358774,25.753422995983044,9.020461189232247,1.6128257976437155,1.6220676342836362,2
1768374597982683828,25.753422995983044,9.020461189232247,1.6128257976437155,1.6220676342836362,2
1768374598124542122,23.815826692474616,9.091430350468995,1.6108922064920863,1.6221906943082256,2
1768374598327211128,24.906624190860427,8.582609697631087,1.6151483570294696,1.6243928139167145,2
1768374598375006601,22.693830928392835,9.112078236472485,1.6101403602257391,1.6231668531681323,2
1768374598449485666,25.26448733263509,8.945061413644902,1.6127040391119032,1.6220301352004245,2
1768374598524574221,23.774317621016337,8.840146061209364,1.61193286039034,1.6230531611728045,2
1768374598574435435,24.20369185099336,8.76940501025416,1.6129625257511795,1.623151998857823,2
1768374598651077689,23.708094596354144,8.738143518518344,1.6126940758088388,1.6235884942630083,2
1768374598724631614,25.265394408964028,8.976636432176766,1.612376302559343,1.6219884909220856,2
1768374598774805357,25.424583457476224,8.49469698465896,1.6160630689108997,1.623793228881709,2
1768374598926477699,22.849405868377026,8.910688126563464,1.6108977853169466,1.6233857670010732,2
1768374598974391146,26.694855852690935,8.847284581145624,1.6143783960911913,1.6222213210914744,2
1768374599174449929,23.155880243185045,8.98998190944572,1.6110817085857043,1.6235866620742794,2
1768374599249556258,23.207076244532665,9.002739592188705,1.6109877292290582,1.6231204488829196,2
1768374599324542220,25.427702619763792,8.632563907543796,1.615432914910129,1.6239651640564174,2
1768374599374551396,23.75254166618479,8.876562456166655,1.6121980189440073,1.6232588691999068,2
1768374599574757859,25.989333486884814,8.762156229557327,1.6143966505895877,1.6222083469413482,2
1768374599649664238,11.332655503054623,6.049012449508437,1.6071961712797218,1.6226182049649165,2
1768374599704380616,11.332655503054623,6.049012449508437,1.6071961712797218,1.6226182049649165,2
1768374599924776320,25.612712019231985,8.786095934719363,1.6136246268258485,1.6223686315321058,2
1768374599980232958,25.612712019231985,8.786095934719363,1.6136246268258485,1.6223686315321058,2
1768374600049833679,23.79524348975948,8.819872586459717,1.611849331999615,1.6228684805808993,2
1768374600256993342,23.07426843453331,8.942004004775624,1.6107477087811655,1.623025034197559,2
1768374600325361042,26.02131686718834,8.822796981168336,1.6136393138689178,1.6218935816137316,2
1768374600374679604,23.69735230259229,8.861713403380389,1.6120440027946688,1.6237660395159295,2
1768374600449617208,25.356409788342525,8.865445340342369,1.613403383197492,1.6224595134224278,2
1768374600575084263,23.857389799235797,8.768305749721216,1.6130224599985428,1.623764997178266,2
1768374600724821666,25.14990912516901,8.454778146386799,1.6158148992776447,1.6233486149959016,2
1768374600774495128,24.609421092919526,8.795890879626352,1.6132163829371098,1.6231585649290805,2
1768374600924721687,24.389379342755202,8.856951745191287,1.6128588781071524,1.623515279359425,2
1768374601049639287,26.939642537127995,8.982217401034825,1.6138777588293856,1.6222480122079221,2
1768374601124903987,24.197563987607307,8.772712183526624,1.6131693179985729,1.6231746782801593,2
1768374601174712166,23.217398133075218,8.620199692233056,1.6127374607637046,1.6236808467421486,2
1768374601249524914,24.592779739153194,8.732586465832565,1.6133667522489903,1.622687410536579,2
1768374601374528134,24.17069145734363,8.773112141757949,1.61297128645764,1.6230666298719538,2
1768374601449400888,23.130080922684648,8.760524253885475,1.6120233980688674,1.623360784736856,2
1768374601574815854,23.28994483893343,8.771552032844749,1.6120422798822125,1.6233647884124003,2
1768374601649368575,25.601518065799578,8.81815338455361,1.614152554352117,1.6228267928088747,2
1768374601704574401,25.601518065799578,8.81815338455361,1.614152554352117,1.6228267928088747,2
1768374601849538205,24.159839792933013,8.610868448546604,1.6139020605344852,1.6236241785641707,2
1768374601924775749,23.103205191496777,8.899416667671302,1.6112558809905289,1.6228051152568708,2
1768374601979830737,23.103205191496777,8.899416667671302,1.6112558809905289,1.6228051152568708,2
1768374602049874499,22.586871880252435,9.158035692566528,1.6096090982406206,1.623337893440083,2
1768374602252451880,24.232595103235166,8.770066738556547,1.6132421912029085,1.6234196103744705,2
1768374602304134225,22.982450883573648,8.823565873635749,1.6120243761683908,1.6236964724813898,2
1768374602449432060,24.121098933484795,8.80279411282464,1.6127209722029345,1.623444276751324,2
1768374602578357141,26.185142599585596,8.752080881371977,1.614530079445761,1.6227453208306926,2
1768374602774984077,26.323749844750832,8.809186592629784,1.61417427947961,1.6218306272169145,2
1768374602852687665,24.49153552560146,8.714744893259255,1.6132302200978852,1.6234338892036662,2
1768374602924433092,24.15386358192628,8.87841654482371,1.6120529810020467,1.6228882483528613,2
1768374602974525753,23.93812734748968,9.004916235325476,1.6112476370503712,1.622736751144654,2
1768374603049581776,24.902243515278812,9.126348113275162,1.611463448343967,1.6216691274881583,2
1768374603174691745,23.927626257538527,8.673841447852016,1.6137931296039592,1.6238167129240986,2
1768374603249751924,24.228187764279596,8.942252110793813,1.6117676044209719,1.622759299351631,2
1768374603374408802,24.183557619533723,8.76513504709507,1.613092800056044,1.6235291873414912,2
1768374603449602594,24.121199832415343,8.836624000757755,1.6125412807059387,1.6228811698695644,2
1768374603524662525,25.064605360891168,8.975019600234194,1.6125888844538336,1.622292608978454,2
1768374604125014662,24.535093113294604,8.793249849067406,1.6130114371247624,1.6229149065261472,2
1768374604182411733,24.535093113294604,8.793249849067406,1.6130114371247624,1.6229149065261472,2
1768374604325581956,23.789451963752263,8.822227843438103,1.6124103512985433,1.6230787617678577,2
1768374604374973177,23.789451963752263,8.822227843438103,1.6124103512985433,1.6230787617678577,2
1768374604457813084,26.57146227300755,8.776629326965582,1.6145506704842005,1.6217534564460279,2
1768374604525714982,23.747819769756482,8.6352161793303,1.6131995977632878,1.623521689565428,2
1768374604574691949,23.490752291422503,8.586074076866305,1.6135281799631545,1.623440071303672,2
1768374604649447488,23.084915116546647,8.836248204755764,1.61141149543248,1.6228852955903041,2
1768374604724649319,24.997333206170367,8.838305803017569,1.6131747577162803,1.6228304978920451,2
1768374604850724898,22.4411353658629,9.062765993387845,1.6094512496865625,1.6229994524854712,2
1768374604924599832,24.29338745701992,8.745701106475734,1.6132057836549873,1.6231226562514967,2
1768374604974273493,23.712391321053737,8.682132668420898,1.6128666768332238,1.6232365977673053,2
1768374605049616628,25.108415132869098,9.147602188243997,1.611530345265408,1.6219047786657144,2
1768374605125407677,26.65394055184933,8.860570238753114,1.614241571099073,1.6218760320959176,2
1768374605174674804,23.12855377587164,9.049666473884963,1.610656822900664,1.6228151438684322,2
1768374605324579355,24.927511015206516,8.973308801686303,1.6120811238862487,1.6223416985342933,2
1768374605374511716,24.297159765235055,8.805586557583757,1.6123786664517217,1.6228272061786544,2
1768374605449488429,24.547444664724473,8.787218980506974,1.613508785915099,1.623323690085685,2
1768374605574416032,23.18331661968953,8.876948760399216,1.6119187512875552,1.623907099273829,2
1768374605649620281,24.345224815256252,9.17938848899488,1.6104465773604943,1.6218363277495345,2
1768374605724974049,24.491033482867408,8.550665526054702,1.6146664939258586,1.623369390591029,2
1768374605774921991,23.91548274546995,8.8690262697938,1.6120124741070971,1.6230607711103036,2
1768374605975156407,23.522398581588,8.80241145538651,1.6122226631111547,1.622789353416281,2
1768374606049489049,23.32132682205268,8.976159241246746,1.6111442351480207,1.6229720799044134,2
1768374606249782641,24.34676979053063,8.559379236371358,1.6143111314492038,1.6235109638478908,2
1768374606324677238,25.90929367443917,8.873367796470463,1.6133699711478777,1.6220986678581466,2
1768374606374388564,25.90929367443917,8.873367796470463,1.6133699711478777,1.6220986678581466,2
1768374606456011831,23.39838299960273,8.729124510543647,1.6127835079672608,1.6237924524811809,2
1768374606649577962,24.590320878399517,8.746085550860736,1.6131748400907338,1.6227131431876693,2
1768374606730153291,22.306710886886407,9.141919578680065,1.6087464440609884,1.622792711695909,2
1768374606778925859,25.202943378914267,8.763876518373698,1.6138297111639501,1.6228896357542335,2
1768374606849660761,23.5835815407357,8.654603953071737,1.6123479335921453,1.6229091526147679,2
1768374606924665980,25.316419044537184,8.785202866934984,1.613940822282959,1.6223464134509862,2
1768374607054188762,22.466534509101965,8.856168472825997,1.6107863660053021,1.6234225030208314,2
1768374607124704165,22.67661348542194,9.07185514016359,1.6098914210542146,1.6236471716299492,2
1768374607174575733,25.751413837756807,8.9160211465941,1.6131258250166247,1.6219306013332317,2
1768374607249593641,24.881110079354674,8.813946925023632,1.6132241785299257,1.6229269440961605,2
1768374607325185057,25.29852006325828,8.930383005498122,1.6129023787138896,1.6223664737631225,2
1768374607374761792,27.388134706736178,8.478210923227639,1.6172206502018818,1.622061164634511,2
1768374607449581364,25.807685223483645,8.697412322481652,1.6141096942776207,1.6219672814178625,2
1768374607574883760,26.21695259087975,8.726347998094138,1.6148607540970332,1.6226624752940468,2
1768374607774682297,24.431317479614467,8.802968809528828,1.6126770723362014,1.6227346390972925,2
1768374607849398788,24.315898684772908,8.943651984943894,1.6120001598446778,1.622977456109895,2
1768374607924595072,24.637469416196378,8.807490122763419,1.613671445213228,1.622820405018116,2
1768374607975238050,24.637469416196378,8.807490122763419,1.613671445213228,1.622820405018116,2
1768374608049421979,24.990667652673217,8.572683119791384,1.6142148301401176,1.6227746384144361,2
1768374608124930996,22.272423034819244,8.83440804928383,1.6111324715841044,1.6242364306456285,2
1768374608176856708,22.272423034819244,8.83440804928383,1.6111324715841044,1.6242364306456285,2
1768374608249855578,26.45395020646779,8.666150467486919,1.6156496953559023,1.6222440193959142,2
1768374608324346812,24.594075562158313,8.853512293219648,1.6129186413055734,1.6234250367351881,2
1768374608374951805,24.594075562158313,8.853512293219648,1.6129186413055734,1.6234250367351881,2
1768374608501949263,22.43479233467682,8.939923277124427,1.6104400255988354,1.6238978498746999,2
1768374608650159257,25.21805999823701,8.844888741326882,1.6130494931752393,1.622172067649801,2
1768374608727905473,24.26323101404804,8.741281277477256,1.6132002919568855,1.623729353141723,2
1768374608849633775,23.929993383482007,8.769793089692074,1.6130545316782445,1.6234865193988537,2
1768374609124497682,24.94256600811373,8.938311457745671,1.6124107866033364,1.622457277090623,2
1768374609374648922,23.390267351888205,8.965636457898885,1.6110492137831964,1.6226773730269803,2
1768374609449681388,24.796844321877565,9.14146890315517,1.6112439840537194,1.6223984126699278,2
1768374609574506672,23.032975567052194,9.096861404447525,1.6101227038861183,1.6233900784900326,2
1768374609649795648,23.736644617672997,8.93949290074969,1.6113356818555296,1.6227268888887296,2
1768374609724622505,23.3967617622437,9.00022446996819,1.6108054007417736,1.6228379664299397,2
1768374609774676502,24.019888376006104,8.518754204016346,1.614016035193793,1.6227966659372113,2
1768374609849593242,27.222860305515795,8.754104027205027,1.6155851109389299,1.6222518885778645,2
1768374609924454887,24.08507248404557,8.897469479170521,1.6118140521541358,1.6229139855199646,2
1768374609974650313,27.100238394929697,8.804344344807873,1.6148622067507878,1.6219300290229426,2
1768374610050326993,25.0371053369578,8.572571342520606,1.6147009291773369,1.623570655722265,2
1768374610107104579,25.0371053369578,8.572571342520606,1.6147009291773369,1.623570655722265,2
1768374610176245837,25.89254997306689,8.86676979680422,1.6138562086714454,1.6226430570630708,2
1768374610325126282,25.073925503647175,8.950021476117907,1.6131163729740652,1.6232275716921034,2
1768374610380444512,25.073925503647175,8.950021476117907,1.6131163729740652,1.6232275716921034,2
1768374610574396117,26.18109979651928,8.932045875888818,1.6138232977830544,1.6225066940064239,2
1768374610726487313,14.699270750728077,6.231456210481465,1.602888250907054,1.6224889452585856,2
1768374610774310551,24.297857370917832,9.145973208717828,1.6107575518982888,1.6221855577018636,2
1768374610849637504,23.8208722352109,8.955217733196033,1.6114345149197211,1.622563359852404,2
1768374610930982219,22.30711163832155,8.900036554235804,1.610802845337337,1.62393099768463,2
1768374611049558490,22.45550336497537,8.8761505636307,1.6107861795661136,1.623698494626316,2
1768374611124457167,25.006327095568714,8.35663595990204,1.6157907771899283,1.623182257286375,2
1768374611324760598,26.42668086408939,8.761574060921765,1.6147618226678009,1.621560086656064,2
1768374611449814046,22.032641879745853,9.030281827010805,1.6092305866511203,1.623002169170539,2
1768374611524761116,25.001942444207835,8.804308525218032,1.613284289545757,1.622660771008704,2
1768374611574498250,24.087654909882517,8.926138524461845,1.6117061815253688,1.6225253741882735,2
1768374611649588783,25.610404504905926,8.928877812771246,1.6132672104308043,1.6223270114963428,2
1768374611724474303,22.86410772944114,8.919232435620266,1.610764061460397,1.6230502504939421,2
1768374611774583422,23.52821831567531,9.165973635567155,1.610050271564496,1.6224765655821736,2
1768374611924559940,23.784750593085935,8.53080338718444,1.6136795296808055,1.623488657228532,2
1768374612174704588,24.772661535066742,9.027815960309534,1.6117099735383784,1.622178003042793,2
1768374612249558528,22.001821574461957,8.843894897852534,1.6106808312422325,1.6237302658921764,2
1768374612324555988,24.294403362863815,8.7542728022397,1.612898299638486,1.6229204500845318,2
1768374612379568989,24.294403362863815,8.7542728022397,1.612898299638486,1.6229204500845318,2
1768374612450169759,21.929926790381415,8.98904031064983,1.6095001596484435,1.6237471510065857,2
1768374612524770083,23.232099937473105,8.992151849844651,1.6109190994986253,1.6229167435443732,2
1768374612574427170,23.232099937473105,8.992151849844651,1.6109190994986253,1.6229167435443732,2
1768374612654767389,22.809412161920672,8.87601941171068,1.6110735166938106,1.6234421683272726,2
1768374612703701367,25.902226248728955,8.799142279676042,1.6144138031834414,1.6229280520345464,2
1768374612774411608,23.018109022945545,8.747451151758002,1.6121969182578078,1.6239311332960509,2
1768374612849551141,25.780495626211763,8.818467075880267,1.614105677325082,1.622713811392399,2
1768374612928780059,25.252140807804135,8.799936756466446,1.6134949181919767,1.62241219584294,2
1768374612978204556,24.801772842581336,8.64778522784395,1.6139645063418933,1.6229844640005333,2
1768374613049589305,24.90551822800868,9.1483863386507,1.6114281067619682,1.6223364382516778,2
1768374613174666645,25.45081633095192,8.813973229784601,1.6135912435046484,1.622570651646095,2
1768374613324694911,25.54531287930839,8.766331389728823,1.613591705057278,1.621814662371496,2
1768374613449810928,23.68393792461965,9.013949415794071,1.6110044273612523,1.622969835776463,2
1768374613529210183,24.255168587112628,9.061816846848734,1.6115073043278842,1.6229719977961952,2
1768374613574586487,24.691344146611005,8.801962349488814,1.6132842869891921,1.6228720836732904,2
1768374613649639313,26.231293447841697,8.9769216020262,1.6132930767219713,1.621805568668238,2
1768374613724517109,25.82834620232921,8.94823116094182,1.6132106645621462,1.6221315652174342,2
1768374613774294981,26.603917244643284,8.527359958160087,1.6163315111958767,1.622360220496646,2
1768374613974780862,25.19646218361227,8.536945309252605,1.6152087270030764,1.623715772971518,2
1768374614049791525,27.332243350051133,8.581599779077138,1.6167992657057355,1.6220206959866998,2
1768374614249435061,15.531502806565012,6.4488009941734985,1.603987657521529,1.6243205514325127,2
1768374614450008293,24.60282146227666,8.865446166182622,1.6125729343652289,1.6223968774661894,2
1768374614651755101,23.641298677189894,8.772390266743034,1.61279089184825,1.623480147393479,2
1768374614701812210,24.332291797075634,8.95203219556379,1.6119478735100157,1.6227224359859656,2
1768374614774526651,24.138316468581777,8.889000225920833,1.6117608073207426,1.6222163181731541,2
1768374614850606788,24.226847691678934,8.729846091777784,1.6136748658504236,1.6234821973354256,2
1768374615124983328,15.106889559424852,6.455424801204199,1.602845306121472,1.6229518048963723,2
1768374615174453566,24.376506267695717,8.97713271995132,1.6118046277829798,1.6227739712806815,2
1768374615250675174,24.140184218489622,8.948064436888833,1.6116487329082092,1.6225426590349952,2
1768374615324631974,23.891538727056183,9.06247326260265,1.6112824272608222,1.6229781658623907,2
1768374615374435541,26.112632115037336,8.457408493666437,1.6167283394245204,1.6234177734329578,2
1768374615449905723,25.54504212032649,9.057686514879178,1.6121938629193007,1.6211668113231277,2
1768374615574700201,23.056101162248098,8.683921240494445,1.612518153581283,1.6238456952380267,2
1768374615649930399,23.60839609179255,9.024327979819914,1.6108857084941275,1.622870883511693,2
1768374615774418349,24.020387792384355,8.593916681024721,1.6139146491273075,1.6239183397503278,2
1768374615849489726,25.52654655955355,8.665935868389044,1.6150680817318934,1.6235385862953746,2
1768374615924573703,24.141128953537596,8.662879371052448,1.6140405540064882,1.6236066374976095,2
1768374616049405042,25.90790859877834,8.777220479476892,1.6138797186671423,1.6219588509432432,2
1768374616249680903,25.747216574778964,8.611714870031712,1.6152722005804794,1.6233843215512895,2
1768374616305625961,25.747216574778964,8.611714870031712,1.6152722005804794,1.6233843215512895,2
1768374616449852508,24.53945449898964,8.869577923129116,1.612442479511397,1.62255217394724,2
1768374616524570036,22.436788633792837,8.738625537745365,1.611908132040222,1.6247066099436538,2
1768374616580584179,22.436788633792837,8.738625537745365,1.611908132040222,1.6247066099436538,2
1768374616650779991,24.153484891169974,8.889944746226972,1.6121133033408321,1.6222578359333395,2
1768374616724947799,22.696728227299403,9.145400641636222,1.6095406805827388,1.6225397243447914,2
1768374616774583169,22.696728227299403,9.145400641636222,1.6095406805827388,1.6225397243447914,2
1768374616855265552,22.857397254274268,9.284701770673388,1.6082433660857873,1.6217571965915254,2
1768374616974642340,24.248635480442537,9.026129123571431,1.6112940003376393,1.6218913820139054,2
1768374617050125148,25.050028596429907,8.604924678811939,1.6143824927417976,1.6227917215356649,2
1768374617131662272,25.423600252951097,8.565661249824668,1.6151405042768152,1.6230385735021382,2
1768374617174641463,25.409240153296153,8.990803666533656,1.612748744885051,1.6222562533199072,2
1768374617324614386,21.86656652885044,9.023758146640413,1.609898097002072,1.6240324008228944,2
1768374617374289871,11.810798850811599,6.068093626947363,1.6073710824799694,1.6232023837640226,2
1768374617449677946,11.058870249364583,6.038656138756286,1.6079010954983473,1.6230413202570864,2
1768374617525042896,21.92665358838841,9.057355386649597,1.609452991298117,1.6237525534514148,2
1768374617574290954,14.620231265722872,6.328221426958134,1.6042305651502509,1.6232426379787086,2
1768374617649505774,25.972880667856302,8.849701353944383,1.6136865979780024,1.6225629228358056,2
1768374617774745409,25.240225731749444,8.617070725859264,1.61459359477962,1.622899569958992,2
1768374617849780608,25.449257961159155,8.761609013840172,1.6140130545860079,1.622280396637698,2
1768374618049520004,23.202110756248786,9.067746732676968,1.6104568564504063,1.6229005111582693,2
1768374618124647420,23.301231676146728,8.555509410444918,1.6135077566165947,1.6238449414172331,2
1768374618174335664,24.366063267740266,8.806402313157312,1.613003253984428,1.6232289665782893,2
1768374618374701061,26.083617103420885,8.727513077655027,1.6147325989129777,1.6224746360198332,2
1768374618449502238,23.662387556337094,8.715749491233186,1.6131463705532552,1.6237615286466167,2
1768374618524508680,24.94288830483238,8.887620119467089,1.6130160541033984,1.6228021937164963,2
1768374618578214435,24.94288830483238,8.887620119467089,1.6130160541033984,1.6228021937164963,2
1768374618649729740,24.59137644596243,8.716915053257907,1.6134546656101136,1.6236886310779186,2
1768374618725107613,23.140515773809376,8.884510787305466,1.6114475994590594,1.6237741153603675,2
1768374618774487359,23.140515773809376,8.884510787305466,1.6114475994590594,1.6237741153603675,2
1768374618853672069,26.20296322509641,9.048360111413501,1.6129721490467523,1.6219465951018313,2
1768374618902262302,23.110552266774718,8.895175859026466,1.6113560017876436,1.6234359220724384,2
1768374619050271421,24.296737315616213,8.992718237885812,1.612118701481823,1.622845444593793,2
1768374619128180205,24.88693260740149,8.548395138662729,1.6148090675239282,1.6235486543959547,2
1768374619177421882,22.40719650358414,8.849047498380155,1.6112941947722006,1.6237916043695404,2
1768374619249651769,23.6021443633887,9.125190375437251,1.610306682588897,1.6225126647780108,2
1768374619324740531,23.925982047457772,8.98280071654647,1.6111744874002614,1.6224455279424828,2
1768374619453072602,23.629673140282748,8.7471422440741,1.613049793517462,1.6238409362048891,2
1768374619524584116,22.258843622501967,9.068244028339352,1.6093139925875506,1.6233487328575977,2
1768374619649453523,24.813773749452483,8.838218195556456,1.6124344658248673,1.6221407678392148,2
1768374619728856915,25.112189051517355,8.722340498014695,1.613654603192623,1.622431047298522,2
1768374619774629978,23.252401277530588,8.756340680487305,1.6123196154667048,1.6236287616376257,2
1768374619849649117,25.85105775245622,8.83055735225318,1.6144451118707888,1.6227719047170512,2
1768374619974478803,22.921488546084223,8.782635347436702,1.612028857627035,1.6243352944463525,2
1768374620049558359,23.730323043047008,8.913405561321378,1.6114698470952389,1.6228320324791201,2
1768374620124511549,22.864366737019193,8.79757340912526,1.6121011935949787,1.6240407579505725,2
1768374620174628387,24.654976007962404,8.417122229370076,1.61587246621734,1.6246020135867152,2
1768374620249814869,13.842848629839866,6.255202408648273,1.6053787143397713,1.6235783272359543,2
1768374620449491878,25.21408703582706,8.70162436887151,1.6142799132449828,1.6233827369446316,2
1768374620506516509,25.21408703582706,8.70162436887151,1.6142799132449828,1.6233827369446316,2
1768374620575668149,25.70500368305528,8.952370923142226,1.6131913806257405,1.6218877836203496,2
1768374620649535491,23.727148396335494,8.829753181152583,1.6120735106092394,1.6234252819303825,2
1768374621057554422,24.605131475387452,8.76348313558213,1.613428398286508,1.623073692546116,2
1768374621126019893,23.353901807538826,8.964732154506255,1.6109264145981796,1.6231895554796243,2
1768374621175454332,27.06786378158843,8.357845198719502,1.6176964240450349,1.6226435759136681,2
1768374621333003513,24.670191063451917,9.008118631015945,1.6120489525177637,1.622573981332301,2
1768374621574269944,23.246550245172195,8.947052942709602,1.6110683189160344,1.6231830964381722,2
1768374621649749119,24.993815872602852,8.641350938698857,1.6142733173100456,1.6229827929460126,2
1768374621774276792,22.56470019855894,8.893695512418057,1.610784679682364,1.6236813541373076,2
1768374621974575751,23.125741197089322,8.937051411122438,1.6114877266538408,1.6235145116527696,2
1768374622049674258,25.837479439740907,8.922733781227702,1.6137462913690475,1.622698003327248,2
1768374622124801386,12.334494567172394,6.157703079328408,1.606177804214877,1.6227473081300594,2
1768374622174389914,24.71967398994601,8.894982003687158,1.6124216876296493,1.6227863926391648,2
1768374622249480127,24.631376156341254,8.522296403786914,1.6146130805112886,1.6233204322516943,2
1768374622374417943,22.757932182603913,8.849999064607113,1.61125966119893,1.6240350495282858,2
1768374622449600854,25.729866745224594,8.538335327390563,1.6155792226390278,1.622626674116782,2
1768374622503827846,25.729866745224594,8.538335327390563,1.6155792226390278,1.622626674116782,2
1768374622574831473,24.582886870194276,9.036787669143713,1.6114661034224738,1.621887982051178,2
1768374622650072346,26.87624563169111,8.605040984853284,1.6160234110232858,1.6220962137228703,2
1768374622724881792,24.575350124637964,8.859766458266453,1.6124164470519315,1.622692473236549,2
1768374622780310707,24.575350124637964,8.859766458266453,1.6124164470519315,1.622692473236549,2
1768374622925539790,25.254252426394785,8.604222988005409,1.6145295788740033,1.6230776873444654,2
1768374622974726515,23.659213436481252,8.818360695926305,1.6119558989434677,1.6230776873444654,2
1768374623054908352,24.72567846920537,8.75081411075636,1.6137974060932827,1.6236651064861694,2
1768374623331729498,25.038805628861738,8.711470558675282,1.6140999218856615,1.6233364058984299,2
1768374623378963947,24.94135196667213,8.861677041606578,1.6124484299137891,1.6223153921087188,2
1768374623449424487,25.443414961840993,8.877498018222852,1.6134730652725087,1.6227066234243572,2
1768374623574798666,26.354402419836774,8.86579697366019,1.6140310365275423,1.6221709134890108,2
1768374623654505775,24.963275361192583,8.847501799713216,1.613078505600646,1.6225670297390384,2
1768374623774510944,22.649438711552783,8.71103122329644,1.6117753466512816,1.6239885516506876,2
1768374623849647466,25.21031114627914,9.05795570387515,1.61254890489734,1.6225289199324844,2
1768374623924908348,22.545178864946003,8.982474412406916,1.6105672234322024,1.6236126538206428,2
1768374624124535705,24.38176210041032,9.129994854808482,1.6108575711890867,1.6216631778043338,2
1768374624174253167,23.82346424445192,9.297677379827661,1.6094268827587839,1.6221374419407648,2
1768374624249615515,24.28418894352791,8.522355197699094,1.614589922228477,1.6235160156107133,2
1768374624449555890,24.12264295016997,8.888885841390682,1.612427615051171,1.623264809149962,2
1768374624502537427,24.12264295016997,8.888885841390682,1.612427615051171,1.623264809149962,2
1768374624575076846,25.392697314440717,8.720548196429485,1.6142291813530054,1.6227388699104681,2
1768374624850053417,24.961110229585472,8.901427070719963,1.612651972760229,1.622672104691416,2
1768374625052663266,25.09212037691455,9.052927347711925,1.6118035758556604,1.6217237906411979,2
1768374625101741878,23.108415379645475,8.73834280363043,1.6124810728951207,1.623817424555413,2
1768374625249673927,25.223946379395066,8.670530030477451,1.6140682434835847,1.62240262058145,2
1768374625327352162,24.73887160605326,8.933806692749659,1.6126806963771578,1.6225669845848443,2
1768374625450026214,24.838622100129992,8.925887069898089,1.612405724484278,1.6221363193885465,2
1768374625525087550,24.275426557752276,8.783714925341139,1.6128960961471064,1.623429213114834,2
1768374625574729983,22.757512399170345,8.818388107423422,1.6114236260706472,1.6237715870448046,2
1768374625652103885,22.74835812874798,8.959719336687478,1.6107062073156362,1.6235966790868457,2
1768374625724515306,24.601320785373026,8.975308657434026,1.611865080117645,1.6224811618093413,2
1768374625849637776,26.313159991311565,8.77298809251877,1.6143737642301303,1.6213770091275903,2
1768374625927594646,26.993896281983567,8.432322488993174,1.6174890733176581,1.6229644777501837,2
1768374625974557872,25.415686150414896,8.409511565925731,1.6160377142147142,1.6231123555874793,2
1768374626049695295,26.03326527836769,8.85603071774443,1.6137785569018337,1.6219216058928405,2
1768374626249622453,23.868348775395454,8.820750159614118,1.61196668136488,1.6225389173079519,2
1768374626325007770,24.77265063391698,9.089307576634456,1.6118288706406452,1.6225520131121536,2
1768374626374513827,23.573193278664696,8.837013369079186,1.6119883267413084,1.6237441320345603,2
1768374626524797188,25.253044237418585,8.99659025193178,1.6122595144952616,1.6218261119454644,2
1768374626575008293,24.18435098888505,8.801205235769304,1.612640450023416,1.6232476053436067,2
1768374626649518204,24.71422496337916,9.073650234095377,1.611707803789165,1.622045752523674,2
1768374626707527841,24.71422496337916,9.073650234095377,1.611707803789165,1.622045752523674,2
1768374626924389630,25.207825672548978,8.91935358715819,1.612735268222392,1.6222353671491478,2
1768374626982077862,25.207825672548978,8.91935358715819,1.612735268222392,1.6222353671491478,2
1768374627051015651,23.090364954045704,8.805736375443718,1.611490808003858,1.623268187529636,2
1768374627125010392,24.212279531868887,8.787983777645294,1.6130027464771757,1.6234832778727148,2
1768374627174664313,24.653953975428244,8.75078651183816,1.613706398686504,1.6234832778727148,2
1768374627325552372,24.931724308600245,8.924746924711275,1.6123634793584876,1.6226117010015488,2
1768374627449502787,24.969042448279353,8.415310217337213,1.615753332473879,1.623455068081595,2
1768374627649899073,24.94279781431907,9.03782244297426,1.6119873990926998,1.6221822830810304,2
1768374627849584991,22.22630368139189,8.860612589431376,1.611131060359223,1.6242793861301101,2
1768374627925632991,25.308339898859387,8.656865955614487,1.6143976140531913,1.6229483674945342,2
1768374627974405277,26.027922150035245,8.809595088960661,1.614103634169561,1.6225149636849845,2
1768374628124691756,26.96283086387141,8.710938557388875,1.6153388903505035,1.6224210056471993,2
1768374628174486230,25.024895563609427,8.983617452395212,1.6124106170090629,1.6225225470254092,2
1768374628249935024,25.220816797342003,8.814967431366357,1.6137161925437653,1.6228358090381578,2
1768374628374419400,24.316161255921067,8.7415687620819,1.613538727818011,1.6232904722402224,2
1768374628524506133,24.460782476367847,9.065284177977553,1.6116612874031566,1.6225381328418338,2
1768374628574317097,25.595771414436143,8.774334286156602,1.614110106684034,1.6229048908318602,2
1768374628649753965,23.757992135236663,9.096076843907381,1.6104957182433501,1.6231935189198996,2
1768374628703335650,23.757992135236663,9.096076843907381,1.6104957182433501,1.6231935189198996,2
1768374628775181877,23.65285723275501,8.851662819792567,1.6118479344178265,1.6232964268088703,2
1768374628849747207,26.447097801774568,9.100660165586316,1.6125675313495174,1.6212197336219094,2
1768374629449477581,23.67049292235679,8.959162848742638,1.6115024426872575,1.6233108329593413,2
1768374629530128128,23.427041934164006,8.679703012965087,1.6133259544736689,1.6242771864488148,2
1768374629579091382,23.59574130598685,8.632728589398468,1.613042973325168,1.623246902322029,2
1768374629724506111,24.621164262864205,8.674447917519561,1.6141083566171563,1.6233322768372638,2
1768374629774266693,25.59517653681298,8.958111196241132,1.6125976198915606,1.6215216707939162,2
1768374629854453595,25.795949222028767,8.90206512906431,1.6133662662408645,1.6219723333378995,2
1768374629974435603,25.339784212049743,8.881706765219842,1.6131407939523166,1.6224134304902966,2
1768374630125153569,25.15593601957722,8.812172632003966,1.6140234186992624,1.6234093802626839,2
1768374630174485200,23.44161852842919,8.852529740181689,1.6118387117019148,1.6233228735892828,2
1768374630249578517,25.67029250512931,8.560280793063681,1.6153082579816258,1.6226436736550593,2
1768374630324781926,12.367940859552506,6.185151854004846,1.6055021273482584,1.62245011415371,2
1768374630374760942,25.19998852155969,8.75631784913952,1.6139603479372762,1.6230589909826867,2
1768374630524550533,25.922622094030068,8.778078018043391,1.6142537420200829,1.6224283620619697,2
1768374630574432104,11.582117973917727,6.099769771896409,1.606648983414379,1.6223893621245993,2
1768374631049603066,24.598869753055254,8.608847724813499,1.6145316393836087,1.6231454470395787,2
1768374631125636429,23.399758473297005,8.845910544827847,1.6117109217736676,1.623359046028625,2
1768374631175085538,22.11717503115662,9.159872000017138,1.6089148286076203,1.623359046028625,2
1768374631374423032,24.758366755037507,8.791964630081688,1.6126899771653196,1.6220030576166635,2
1768374631450191079,24.13196145735963,8.686222625399104,1.6130596623501914,1.6231663477473057,2
1768374631526816797,26.060055382761014,8.517005082107358,1.616143938227225,1.6229175746847946,2
1768374631576610953,24.370013709184903,9.022259514978394,1.6114166881524798,1.6222389222178097,2
1768374631725327871,25.373498206318068,8.550149583544364,1.6155455190270105,1.6239001339469081,2
1768374631774779019,24.7481539968446,8.666192453852272,1.6136750762127976,1.6225044649080573,2
1768374631924565384,26.022137625449027,9.016869156588394,1.613375914815453,1.622465578494018,2
1768374631974679343,25.646233087005086,8.940680927186111,1.6129497996847841,1.6216385531461894,2
1768374632049457081,23.413753410492788,8.756199843722152,1.6121319181495215,1.6233210476551576,2
1768374632126723632,25.687008763056962,8.945332309780554,1.6130416149734317,1.6220674289703412,2
1768374632174421329,23.694878634340498,8.94545428978195,1.6112246826188508,1.6228544925664303,2
1768374632374405458,25.259275132979873,9.004466427506268,1.611801948383749,1.6216197149473026,2
1768374632449465965,22.659014625203476,8.693368592989714,1.6123454076694061,1.6237101307716004,2
1768374632524728630,23.48991188395111,8.743211197583905,1.6123110453138838,1.62334256886491,2
1768374632574488845,22.907592689948906,9.247696252990798,1.6086255275904309,1.622150568831721,2
1768374632649526269,23.22558917709938,8.92886679968657,1.611078701156701,1.6229364152577397,2
1768374632849567902,23.010007851185897,8.881092089405405,1.6115936962627895,1.6238987468633594,2
1768374632906556681,23.010007851185897,8.881092089405405,1.6115936962627895,1.6238987468633594,2
1768374632974911362,25.64168567223102,8.8621664821895,1.6136434220725204,1.6221430701691824,2
1768374633050366445,23.996582403155166,9.134852574825143,1.6109905020692756,1.622674118726628,2
1768374633124590694,24.44663344195974,8.706459493777736,1.61390031265082,1.6232069104342939,2
1768374633181513175,24.44663344195974,8.706459493777736,1.61390031265082,1.6232069104342939,2
1768374633324971351,23.050342658491154,8.86611925750706,1.611726258875882,1.6235328827679405,2
1768374633374541620,23.050342658491154,8.86611925750706,1.611726258875882,1.6235328827679405,2
1768374633456800059,23.92755959173254,8.872622733039972,1.6122449135103474,1.6234555581615575,2
1768374633525160113,25.132792032065197,8.916187046185627,1.6134837890666271,1.6230235645059383,2
1768374633574845945,25.036880461928757,8.692591018888567,1.613911722087306,1.622544732411619,2
1768374633779399293,22.222432645004233,8.79158247691202,1.6110507867142136,1.624137762706708,2
1768374633849634085,25.115130843503806,8.848286392219507,1.613018950677369,1.6227699497143697,2
1768374633924645127,23.47973770970091,9.271259170335023,1.6093520343939545,1.6223969147685076,2
1768374634050054821,25.27607060680559,8.753237027305769,1.6136477406579208,1.6225762045590264,2
1768374634174393649,23.335503602162746,8.82125171570072,1.612154482289937,1.6239232609194902,2
1768374634374428207,24.73251793085751,8.896331906943262,1.6127048750793038,1.622574083800459,2
1768374634524499344,25.1180403067599,9.04794231959374,1.611931850428195,1.6221543945908055,2
1768374634574357837,24.97123468965423,8.726375548301345,1.6136002296893255,1.622699558729922,2
1768374634724726708,10.386213608475137,6.018806181352453,1.6074002693179401,1.6219448872635467,2
1768374634774712754,23.6565169039733,8.889533525357376,1.612290878208545,1.6232964093352267,2
1768374634849710340,25.351147621994528,8.782475472614669,1.6141531892531829,1.6229679819069815,2
1768374634903962612,25.351147621994528,8.782475472614669,1.6141531892531829,1.6229679819069815,2
1768374635049811675,26.74286738453113,8.93854125068172,1.6140200655643837,1.6218136369440932,2
1768374635124952269,23.129435640538265,8.619370474867642,1.613258185502465,1.62348769124299,2
1768374635179344994,23.129435640538265,8.619370474867642,1.613258185502465,1.62348769124299,2
1768374635249832337,22.942134597840003,8.90338633083205,1.6112594032942744,1.6238948342394142,2
1768374635454483598,23.85400227323253,8.651317303459713,1.6136860394790944,1.623627709712657,2
1768374635501871031,25.31205702576522,8.976861597119521,1.612746439719014,1.6227746734465032,2
1768374635575228803,24.10016782299973,8.876519752823478,1.6120478126104976,1.622629063649153,2
1768374635649371693,23.92243343127598,8.641478615340295,1.6142457843824805,1.6245233131939387,2
1768374636124448234,24.326087304849864,8.836104944295828,1.6125066663703034,1.6229691889179654,2
1768374636249475690,26.29880211982627,8.964194374128455,1.6134564079705636,1.6218987010890118,2
1768374636328969213,23.636818763062006,8.608167811550096,1.6132991594002108,1.6235236987225037,2
1768374636374621576,25.014011587640937,8.916898150185954,1.612949132695166,1.623177362493247,2
1768374636449674640,23.601660345244248,9.065147883106675,1.6103800344856736,1.62276812587581,2
1768374636524580020,24.68694601267063,8.82288685332574,1.6134354906117703,1.6231391088474794,2
1768374636574416580,24.649490847856725,8.902330050337842,1.6124612873855695,1.6227509192386094,2
1768374636649499843,23.509712795793945,8.68744201720231,1.613389964597406,1.624191271906414,2
1768374636774359801,25.00568743066345,8.83283444490754,1.6136830174299792,1.6231125451456658,2
1768374636924465564,24.968596963482305,8.4742828685343,1.6148049812516894,1.6227356803905009,2
1768374636974613825,24.968596963482305,8.4742828685343,1.6148049812516894,1.6227356803905009,2
1768374637124598682,24.012830834708065,8.76063922458396,1.6127381734396429,1.6233264493592596,2
1768374637176325488,24.012830834708065,8.76063922458396,1.6127381734396429,1.6233264493592596,2
1768374637453997988,24.205955597625284,8.931310392689582,1.612060477975367,1.6228942884152546,2
1768374637502633573,23.909942717717403,8.96471769047199,1.611736227468724,1.6232684103975659,2
1768374637658065164,22.55283491933202,8.806180444757898,1.6117760012170623,1.623702224936096,2
1768374637775190924,23.238487637452508,8.66693869763795,1.6133109351919712,1.6241583128555401,2
1768374637925187323,25.867910779643566,8.705728667742083,1.6147321700443382,1.6228713513940534,2
1768374637974582666,24.461788658490804,8.910962595791476,1.612357516804871,1.6227267109256918,2
1768374638050879523,24.205311571686483,8.647549012691057,1.6134942658087754,1.6229946326332139,2
1768374638124446463,25.805905697796394,8.91691414269435,1.613544549170018,1.6223061065058386,2
1768374638249897109,25.0077036483789,9.255425162837938,1.6110828499627547,1.6218109279316637,2
1768374638327137021,22.17770296618582,9.082502292759969,1.6099266325609334,1.6237715917350868,2
1768374638374495236,26.286410785861356,8.750796354721029,1.6147344350575947,1.621946342936174,2
1768374638449643826,24.08504250347665,8.920996258683987,1.612731331027719,1.6229635650760772,2
1768374638574247870,22.607653135501728,8.86036381907484,1.611348435916553,1.6240117731217445,2
1768374638649886937,24.704893473539215,8.765874949676425,1.6134300949735454,1.623056717387289,2
1768374638724525339,24.052598960086826,8.803298875264584,1.6130400704664092,1.6235718611302474,2
1768374638924442229,24.09284831049341,8.4861386843638,1.614632727096372,1.624402423588833,2
1768374638974502115,24.833669922065038,8.90036767795546,1.6129566606351444,1.6228034744241537,2
1768374639049425072,23.017255094263554,9.090583562696736,1.6101917332484894,1.623117803921617,2
1768374639106929091,23.017255094263554,9.090583562696736,1.6101917332484894,1.623117803921617,2
1768374639450606307,24.68566557973606,9.020650174290388,1.6120392613133894,1.6232464196228313,2
1768374639655005008,14.049219585820172,6.356068958840678,1.6031709206627922,1.6221436722705638,2
1768374639703434808,25.196524621254657,8.661277582077267,1.6146494770147817,1.6233200670081416,2
1768374639774515671,25.302738638375068,8.744856214862633,1.6134190735441867,1.6226130896039435,2
1768374639849420287,23.114684005673737,9.095813123607549,1.6103791703518118,1.6233610415623183,2
1768374639975538655,24.801625610335165,9.107280774539701,1.6114305462634824,1.6226252275131916,2
1768374640049459663,13.033627863688002,6.114498213257752,1.6053762491993882,1.6226214069814404,2
1768374640174488683,24.506856022206147,8.753803112400687,1.6133537034159813,1.6228729419751327,2
1768374640249733205,24.676739573147756,8.906991768117281,1.6131056246099973,1.6231369681180305,2
1768374640324476854,24.085430049307412,8.804212350378316,1.6123898628170867,1.6229646048574204,2
1768374640374695715,22.72924263701448,8.914269211551353,1.6110045851229995,1.6234913738300512,2
1768374640449819190,25.87730005540245,8.360285356950062,1.6165152423967069,1.6230233220776245,2
1768374640574815849,25.87140205967153,8.652589824543231,1.6149804374892716,1.6226520785167615,2
1768374640724910559,23.703785927282837,8.872514088321903,1.6121396921083282,1.6231674188108254,2
1768374640774405230,24.775945003787434,8.494352979911982,1.6152064703946976,1.623884417448771,2
1768374640849798904,26.028034955341674,8.363764910024434,1.6171982307449624,1.6236937814542307,2
1768374641049539583,22.77483361097832,9.221896050139465,1.6090993281115322,1.6226469562944952,2
1768374641102710381,22.77483361097832,9.221896050139465,1.6090993281115322,1.6226469562944952,2
1768374641175353692,26.578752505258983,8.712325747920747,1.615022396266571,1.6222914337734524,2
1768374641249493030,23.17359433512145,9.008517932152662,1.6107809656547254,1.6232483691404493,2
1768374641324929399,24.031778941272286,8.638034667388213,1.613888333859299,1.6238992392868,2
1768374641378800029,24.031778941272286,8.638034667388213,1.613888333859299,1.6238992392868,2
1768374641449783945,25.353820806359284,8.948356304870453,1.6130268273772657,1.622680934903361,2
1768374641524416398,26.800363521956694,8.566407366428184,1.61568832949399,1.6217820615331517,2
1768374641574608453,26.800363521956694,8.566407366428184,1.61568832949399,1.6217820615331517,2
1768374641702058286,25.493674881089447,8.775604609423944,1.6135583049042204,1.6219133720898475,2
1768374641850091113,26.030651112074253,8.986165441427913,1.6132562342179464,1.622078304388558,2
1768374641928707596,25.14176515341804,8.88873954325576,1.6132762446782865,1.6223712103333483,2
1768374642124637725,22.502312649943512,8.953784529599144,1.6109186520434287,1.6236845525759862,2
1768374642252820575,23.615877297068266,8.912277117131627,1.6116101654677517,1.6233418167444829,2
1768374642324458705,25.669251420174845,8.598881413399297,1.615065318091286,1.6228257387040264,2
1768374642528834915,25.917054582446532,9.034741591155372,1.612212006665416,1.6213669017516514,2
1768374642574440003,24.974445343602714,8.788415104863152,1.6136030101890182,1.622904604576753,2
1768374642649574682,24.527029686387756,8.839998118739645,1.6129482916197402,1.6231229106488776,2
1768374642849821214,24.9696152648784,8.797431689816436,1.6134465786896526,1.6230060251073677,2
1768374643249608636,22.772214698515427,8.657112615175988,1.6127970374244354,1.6244189249663925,2
1768374643306001941,22.772214698515427,8.657112615175988,1.6127970374244354,1.6244189249663925,2
1768374643377142870,24.584791758938795,8.969501108458056,1.6123561395657164,1.6228442475827094,2
1768374643449663822,23.873098488859323,8.85063484756708,1.6120564389433476,1.6232637087931172,2
1768374643524476607,23.217095927605456,9.063413957929006,1.6103057915631418,1.6224930568608744,2
1768374643581959739,23.217095927605456,9.063413957929006,1.6103057915631418,1.6224930568608744,2
1768374643651684055,25.579621789528105,8.659055289478774,1.6151124799333265,1.6229942363151473,2
1768374643725577800,24.446292052579864,8.392464109287172,1.6160627321968448,1.6245472125802787,2
1768374643774538721,24.088961870766255,8.453189984528178,1.6153080894738165,1.6245472125802787,2
1768374643856674525,24.585011019020662,8.886190782806645,1.6128157068948838,1.6228701662258722,2
1768374643925892142,25.74291495173675,9.114617277169073,1.6120097970226839,1.6215981635687944,2
1768374644124958551,25.225246400607972,8.975224151915667,1.6121034299974895,1.6221018761756427,2
1768374644374779925,24.251028351348403,8.766213906016127,1.612853240422917,1.6230983407513866,2
1768374644450041323,24.427093501090845,8.827260173270643,1.6131032209302898,1.6230134519816155,2
1768374644526515092,24.878149246765346,8.94472644001357,1.6124886974115467,1.6225620431545198,2
1768374644649931364,24.309603418726013,8.875975516445623,1.6126043152092084,1.6231127332722832,2
1768374644724989010,25.694354320111135,8.96981795639436,1.6129270453710154,1.622143764313881,2
1768374644774582993,23.990298217904773,8.662788936462848,1.6137519677596952,1.6241737702241301,2
1768374644849671734,25.69277315471585,8.782544834865492,1.61375593566428,1.6223265983337698,2
1768374644924534338,24.208458758843143,9.01229419265121,1.6112373293164481,1.6223548518214312,2
1768374644974449395,25.822738641893885,8.682302434103203,1.6148633569062676,1.6229712177495736,2
1768374645124850805,24.7979291532876,9.027519739041171,1.611385238126232,1.6218251760264744,2
1768374645249830602,23.06460549124556,8.944358612380684,1.6110899374751135,1.623354457142158,2
1768374645304909842,23.06460549124556,8.944358612380684,1.6110899374751135,1.623354457142158,2
1768374645375548378,24.734839383119265,8.713934759978091,1.6139244353559719,1.6235357107947608,2
1768374645524543353,22.884971908397223,9.037045358593973,1.6103144026178167,1.6228522988751792,2
1768374645580387049,22.884971908397223,9.037045358593973,1.6103144026178167,1.6228522988751792,2
1768374645650173971,26.562254193818635,8.909603327467453,1.6138813713962479,1.6223235563194462,2
1768374645725025462,23.859284250554502,8.794282575811106,1.6127258252251404,1.6231505480781658,2
1768374645774590248,24.916218815255853,8.90826608269743,1.6123658244307695,1.6220211280531378,2
1768374645855003832,23.163091861987397,8.859045534074294,1.6118975385987562,1.6236362281806027,2
1768374646049617204,24.06261597145609,8.75850519605243,1.6129790604305092,1.6235846645247085,2
1768374646129522225,25.761251897404634,8.646592094811052,1.6151938955668097,1.623145634973782,2
1768374646174722326,27.719535737364296,8.545815968154233,1.6171338532384743,1.621725805284291,2
1768374646249641970,26.131096214108585,8.825532068735766,1.6138644519654821,1.6223239208591802,2
1768374646324452260,25.434642171996646,8.380421994211568,1.6160305702894686,1.6236190215633268,2
1768374646374942640,26.34154375246167,8.923862782051875,1.6134082262062053,1.6218464613911892,2
1768374646524517814,26.09209826770531,8.340967179557008,1.616855053966714,1.623402628530758,2
1768374646774681404,23.597342432793322,8.91068267928354,1.6118526245109148,1.6237408657461057,2
1768374646849513033,25.063385027182193,8.739692225429524,1.6142702012080379,1.6235019731218285,2
1768374646924614530,24.364919028083687,9.023372869628487,1.6116669988866308,1.6225326522817574,2
1768374646974369389,25.25434836598217,8.691451689258582,1.6139412977508063,1.6223156526068208,2
1768374647174705039,23.619834492364824,9.0220832179613,1.6108790898466414,1.6225926473125731,2
1768374647249566464,22.930919595174572,8.966235779249557,1.6108660090111073,1.6232132920384243,2
1768374647324499852,23.43948323747358,8.949778158753878,1.6113574389360052,1.6231162523622389,2
1768374647374865565,23.43948323747358,8.949778158753878,1.6113574389360052,1.6231162523622389,2
1768374647449687480,23.566347758265938,8.906183598173197,1.6116199678300678,1.6233018960130288,2
1768374647524587303,23.75393478850496,8.718123684641746,1.6131186426294226,1.623521026367383,2
1768374647577884808,23.75393478850496,8.718123684641746,1.6131186426294226,1.623521026367383,2
1768374647650181908,24.81816471737286,8.880295893898642,1.6128579849197322,1.6227849577700912,2
1768374647724751541,23.163137975960257,8.927236558015295,1.610901768093416,1.6233777570481387,2
1768374647774775096,23.163137975960257,8.927236558015295,1.610901768093416,1.6233777570481387,2
1768374647853099636,21.52576239492032,8.861315211967314,1.6105563284439188,1.6241304097086882,2
1768374647901409129,25.188261999604443,8.804109772830724,1.6138603573618113,1.6231719313440913,2
1768374648177394600,26.73603432193028,8.776182297646189,1.6147071713594048,1.621952840958106,2
1768374648374581654,23.427188626933937,8.96743670247439,1.6107432238433192,1.6225523721571757,2
1768374648452059147,23.24606975781296,9.085501756245302,1.6103172106500148,1.6233076475757005,2
1768374648524446309,24.631221773056655,8.906445466511773,1.612828949507958,1.6230781928668354,2
1768374648574773559,24.656579298629964,8.76561568481417,1.613326784097874,1.6228564295810686,2
1768374648774501554,25.879272689530495,8.68499255544596,1.6148981247695868,1.6231205846081025,2
1768374648850026762,24.22454797618667,8.985776237387002,1.611781303271008,1.6229480136573644,2
1768374648924495427,22.718050005738675,8.645063327043447,1.6121685027506019,1.6239608500757383,2
1768374648974436230,24.838494554735746,9.05814399156686,1.6115705028917022,1.6219817863021413,2
1768374649124592947,26.68440798246707,8.817693288523031,1.6147324521482975,1.6216054055435138,2
1768374649249841564,22.753373072459837,9.036629348468576,1.610477212075948,1.6230022956525787,2
1768374649324587708,25.292677050060554,8.876704865945896,1.6133892071689844,1.6227751466815934,2
1768374649375112767,26.505265953140178,8.946420822703239,1.6133892071689844,1.6215712228908297,2
1768374649449934029,23.486736405648358,8.928063036818296,1.611683745570764,1.6234037760581959,2
1768374649506458046,23.486736405648358,8.928063036818296,1.611683745570764,1.6234037760581959,2
1768374649576008838,22.95965610205286,9.023063935280272,1.6102646557914058,1.6230245910372962,2
1768374649649396434,24.479244335027683,8.8122403186378,1.6125127560513752,1.6229042524596582,2
1768374649724457600,25.19093323572097,8.814579026830812,1.613121298136194,1.6224044315351052,2
1768374649780749749,25.19093323572097,8.814579026830812,1.613121298136194,1.6224044315351052,2
1768374649850739809,22.662188299472863,9.003200779671968,1.6110810538497513,1.623921525829502,2
1768374649925570052,14.212673424016886,6.23840734830549,1.6047688458800144,1.6232143530111178,2
1768374649974645516,24.223935666637388,8.670554866116133,1.6138060270540788,1.6232143530111178,2
1768374650057075528,24.896249121059142,8.695341240637832,1.613785801777671,1.623256615476136,2
1768374650249688739,25.329421326963917,8.966609327503518,1.6123835462669351,1.6214773377899985,2
1768374650330804825,23.08701697093496,8.760593300602112,1.612545701245516,1.623554124297251,2
1768374650374373760,23.15862263865931,8.918472895854471,1.6117436492060944,1.6244271724978938,2
1768374650450140971,24.03904311532079,8.772487503123926,1.6131167428283972,1.6232390007037907,2
1768374650524585041,23.109800351647223,9.04468635248871,1.6106173054947328,1.6236693093614052,2
1768374650649576105,24.69561771846429,8.834890301251493,1.6132169649976766,1.6227616252500259,2
1768374650725141298,25.939136273119836,8.626582976945638,1.6154260310880952,1.6228615299183429,2
1768374650849598297,24.792438081758572,8.701034332609304,1.6136309503916024,1.6230673290620918,2
1768374650974621503,24.087378476016053,8.993064714599475,1.6113118175500196,1.6226952118309996,2
1768374651049594422,24.21135825919629,8.878234280132403,1.6125693013602147,1.6232099290581867,2
1768374651174402599,26.150304978041827,8.40969582636105,1.6168814356371366,1.6233320780937013,2
1768374651249471577,23.49629491983407,8.617931155186987,1.6135899220168075,1.624314983623305,2
1768374651449608220,23.112496012567043,8.88872103540411,1.6112214565695921,1.6235339676645477,2
1768374651503894197,23.112496012567043,8.88872103540411,1.6112214565695921,1.6235339676645477,2
1768374651649278890,25.183868578205093,8.451717888511576,1.6161574064083892,1.6243147887223695,2
1768374651851372289,12.583486301427582,6.192688107233383,1.6067401939116517,1.6236742062637128,2
1768374652054173628,24.349718370209274,8.966009174571237,1.611923113999284,1.622604829965756,2
1768374652102763593,24.056371366840025,9.142653761291312,1.6103333582262922,1.6217701507474998,2
1768374652174782593,23.26534591872442,9.10842284556545,1.6107179881489855,1.6231030786303944,2
1768374652329071851,25.621583858701946,8.767915372915935,1.6139796205185706,1.62239923881014,2
1768374652379095676,25.230806959123164,9.030835273500003,1.6127219212888617,1.6228294336449125,2
1768374652449774173,23.85666443847878,8.857798291141664,1.612448282592945,1.6237145474678358,2
1768374652524499840,25.663753783943033,9.047740637624354,1.612552878790237,1.6222448905989357,2
1768374652574404919,25.504438849042632,8.942080699214603,1.6130178590384205,1.6221875195405857,2
1768374652653905758,26.544935992437235,8.923156492833561,1.6135384322152129,1.6214491662780766,2
1768374652849582369,25.733098347865415,9.0203776918757,1.6127042799454614,1.6217097877908768,2
1768374652929408991,24.74535704124259,8.86085944560749,1.6128969751744742,1.6228041206512736,2
1768374652974491354,24.019449482987287,8.679972349166867,1.6132778627828053,1.6234118890619713,2
1768374653049582896,25.474133550805078,8.982671999911584,1.6126348624365647,1.622136826363113,2
1768374653124926801,23.738024090103504,9.150469246622286,1.6101341837441396,1.6228283040544336,2
1768374653174548626,24.47115287727297,9.068793323875122,1.6113480625022818,1.6222421306732904,2
1768374653324487821,24.212735284994125,8.881584776308094,1.612333491382982,1.622920138006293,2
1768374653374488435,24.469664794046775,9.052502785816271,1.6114454056406997,1.6223316746612912,2
1768374653449731132,26.820192294186196,8.6481568012736,1.61589338087023,1.622107411165492,2
1768374653649487932,24.40695769970791,8.710018071333689,1.6133643197874339,1.6234091104773989,2
1768374653707722086,24.40695769970791,8.710018071333689,1.6133643197874339,1.6234091104773989,2
1768374653849918819,24.48189278796109,9.173752923860706,1.6111947143208554,1.6228540304686694,2
1768374653924770667,25.081709278306885,8.886809939154585,1.6130853998926558,1.6226453542592616,2
1768374653982790554,25.081709278306885,8.886809939154585,1.6130853998926558,1.6226453542592616,2
1768374654124493594,25.04433077825885,8.756477335701467,1.6137314959481024,1.622467073967553,2
1768374654174697609,22.901927243531127,8.914314837580346,1.6115896081044605,1.6238569018356468,2
1768374654257714424,25.225691101173233,8.998591779164206,1.6123506201210298,1.6222914320368982,2
1768374654449493921,25.207437388318652,8.546181843615178,1.6148993453120846,1.6230774006297028,2
1768374654525317775,24.11739724377582,8.659388381649467,1.6133792497779722,1.6231488553670221,2
1768374654574519450,25.57260010614626,8.85205465432802,1.6131811435211532,1.6220888275784846,2
1768374654652286990,21.471343999714286,8.915047398808946,1.610754379575278,1.6245715017776807,2
1768374654927316473,24.18133054426552,8.848612699443867,1.6123806332394441,1.6230975718665501,2
1768374654974614525,24.388188754130844,9.015593735636308,1.6113635176842618,1.622378415721409,2
1768374655124889991,22.555953366145467,8.955579198017915,1.6106418925992918,1.6234354471421624,2
1768374655324636190,25.737065900129696,8.249999463694884,1.6173333656343307,1.623310712252566,2
1768374655374511976,24.612788839362576,8.736133672373969,1.6132406962801706,1.623017700502793,2
1768374655449766479,24.72443699037474,8.762873058762542,1.6136158736427388,1.622927531328119,2
1768374655575182085,23.545272757850235,8.556836503418097,1.6140163385770878,1.6240429179672409,2
1768374655775593999,23.7859904221176,8.954103519505646,1.6116132356977546,1.6229050260229987,2
1768374655849592409,23.240009065912393,9.039157044091665,1.610725714438146,1.623128776154657,2
1768374655924447928,25.746895442015692,8.896633502826477,1.6135229133579914,1.6225628863568227,2
1768374655980890465,25.746895442015692,8.896633502826477,1.6135229133579914,1.6225628863568227,2
1768374656125301831,27.00621491848887,8.337941369944494,1.6173667290871485,1.6230141047744437,2
1768374656174491607,26.494048018626426,8.342633653704642,1.6168675131998769,1.6230141047744437,2
1768374656255484235,23.320725788887664,8.997577883096449,1.6106864418530276,1.6227101126739547,2
1768374656325056755,24.307295475232138,9.240915565630178,1.6100994477675246,1.6215743296105967,2
1768374656374664433,23.160425410887697,8.910867096927289,1.6113874415869271,1.6236592727128785,2
1768374656449625053,23.28114501122758,8.617530913534674,1.6133781573344914,1.6242796895270963,2
1768374656530986060,22.936588376185618,8.775192138464128,1.6118588707960952,1.6238521603792269,2
1768374656574704689,24.218113538574393,8.866540028062278,1.6125677881544322,1.623521563748698,2
1768374656649385650,24.218124223982286,8.860265652577253,1.6126237388662736,1.6230741696988562,2
1768374656724944048,24.472215875212644,8.640576508487085,1.6140207764572851,1.62339256267004,2
1768374656774751259,24.791195287136468,8.799350077571905,1.6132156027253586,1.622688250983437,2
1768374656924868210,24.638607860601347,8.78768254369535,1.6129708139139725,1.6229250820737382,2
1768374657049594402,23.512162050477016,9.068260824921023,1.6103993056459263,1.6227764140581231,2
1768374657124617327,23.96468454582368,8.657525718102622,1.6140929504044006,1.6239776717351624,2
1768374657174529165,25.669974532380515,8.914315356003437,1.6130362239220262,1.6217951309772525,2
1768374657374342497,23.77894013549442,9.004550988677329,1.6108268023380439,1.6224222956169128,2
1768374657524472028,25.27024223409402,8.75041981106044,1.6136590505985386,1.622482335865952,2
1768374657649412585,24.096138939722735,9.012912126066391,1.611377645721813,1.6230848834606189,2
1768374657702409775,24.096138939722735,9.012912126066391,1.611377645721813,1.6230848834606189,2
1768374657775238396,24.068579670252443,8.74124357228296,1.6132207217352645,1.6235307789939415,2
1768374657849362280,14.439845567105092,6.517044687189181,1.6045475913411857,1.6238194509341153,2
1768374658049958846,24.925961871966386,8.839310857481719,1.6127534756118005,1.6219507071651071,2
1768374658125146481,21.80780928345949,8.790867245635706,1.610850111008507,1.624293370067617,2
1768374658174483476,21.80780928345949,8.790867245635706,1.610850111008507,1.624293370067617,2
1768374658302111209,24.154057546643457,8.75865417656464,1.6131748581373286,1.6236232631260366,2
1768374658374749564,23.278441022582143,8.850003167381372,1.611720331530468,1.6235536559763522,2
1768374658449653004,26.54983519450105,8.891101207395007,1.61373581704822,1.6212262944065787,2
1768374658579158424,25.093071501000264,8.449655418363056,1.6157186146963514,1.6236213189309079,2
1768374658775739787,24.71993840923714,8.931201511422278,1.6123188195363485,1.6225114605028723,2
1768374658853644250,24.695215590177845,8.840319254769184,1.6128557755542856,1.62271732697233,2
1768374658924547326,22.766073964973764,8.943091161355143,1.610615643740746,1.6230808864232547,2
1768374658974905416,23.689135213485145,8.743164568281584,1.6127018763677132,1.6235895850083466,2
1768374659129209234,22.740992895357913,8.975514736781387,1.609974644863021,1.622850321960882,2
1768374659174564667,23.939394899639588,8.792214745318047,1.612779203069845,1.6235587814024504,2
1768374659324541251,22.820038827715106,9.22475257278299,1.6091751342069451,1.6227279022006118,2
1768374659374298149,25.300251318273624,8.716009811654246,1.6144947807405963,1.623271709531651,2
1768374659449904219,25.30102574687443,8.971279809300352,1.613222877802486,1.6226742269831715,2
1768374659524540836,27.00284236046535,8.907590555989474,1.6138239625087254,1.6209947287286066,2
1768374659574757406,23.130307495071058,9.159273173102912,1.609947935185247,1.6226003922254344,2
1768374659649397550,24.97743221391091,8.920736910262653,1.6125992883204172,1.6225233701385346,2
1768374659724409720,22.813076444966327,9.07219540306171,1.610088739704878,1.6229689682128112,2
1768374659774678489,22.813076444966327,9.07219540306171,1.610088739704878,1.6229689682128112,2
1768374659924892690,25.578239648142542,8.69685959005232,1.6143904921967354,1.6223579781652042,2
1768374659976709797,25.578239648142542,8.69685959005232,1.6143904921967354,1.6223579781652042,2
1768374660049844424,24.643034881346892,8.854803836800814,1.612484052724781,1.6223169153101142,2
1768374660124448540,23.69133100037346,9.013716907110307,1.6108754823699116,1.6226709571087277,2
1768374660174901758,23.69133100037346,9.013716907110307,1.6108754823699116,1.6226709571087277,2
1768374660252961722,25.03677886190392,8.76143281982787,1.613580481954909,1.6230050582745137,2
1768374660301168187,21.680782791333677,8.957625475191362,1.6097284021740463,1.6232942143546005,2
1768374660456457589,24.268942624882996,8.958269857141842,1.6120318128415838,1.6234129211748765,2
1768374660527439338,24.883368206622514,9.038134307242897,1.6122134740021539,1.6220906535913417,2
1768374660574704100,24.31518879167438,8.588795144202972,1.6138848603536728,1.6234624699946179,2
1768374660724879827,23.207472395660787,8.975987112788694,1.6108474143727078,1.6234345953088158,2
1768374660850797509,23.203581924971182,8.70563996280627,1.6124698867848088,1.6234900027628238,2
1768374660974380852,27.362095680416143,8.590306283562136,1.616456143938897,1.6223798304343113,2
1768374661126392086,24.072348903411587,8.754922954261238,1.6129536851314887,1.623180792320655,2
1768374661174497471,23.876669035295393,9.063900003452781,1.6107315519037397,1.622619130815204,2
1768374661375164632,25.41921285093718,8.585643446328259,1.6151005417807038,1.623021742378001,2
1768374661524690915,24.349694975825066,8.871486821389293,1.6130209447584674,1.6235711669668769,2
1768374661574454066,25.250531859440706,8.727471533947766,1.613854301949899,1.6226849342409657,2
1768374661649417226,12.085124182827922,6.072421602218148,1.6059709383609033,1.6223740865676606,2
1768374661724618781,23.954331857189093,9.225225651962928,1.6103105025505462,1.6225060064807297,2
1768374661774485300,24.707420036356396,8.884094794401005,1.6123711366633708,1.6223204179340514,2
1768374661850079232,24.52224388935287,8.807050867155331,1.6132314118847986,1.623250041850947,2
1768374661905389945,24.52224388935287,8.807050867155331,1.6132314118847986,1.623250041850947,2
1768374661975859585,21.3486588458065,8.888457275443212,1.6102138116304323,1.6245600191531986,2
1768374662050169134,23.660344714492965,8.855330190313524,1.6121363589110072,1.6233210663913773,2
1768374662324504887,25.486351267475005,8.782572110737785,1.6138314929988022,1.6221454964620894,2
1768374662374734428,25.486351267475005,8.782572110737785,1.6138314929988022,1.6221454964620894,2
1768374662504242444,23.130024183297458,9.111572218937118,1.6098963516622744,1.6226348023151074,2
1768374662574563216,24.78146656261382,8.832407048139213,1.612787027292386,1.6224812045864703,2
1768374662649612214,24.677082989911668,9.185285918385727,1.6106454986436192,1.6214468042382302,2
1768374662729456846,23.186913933823217,8.8948640866522,1.6110258069902208,1.6228638961258182,2
1768374662778518852,22.7428916753436,8.87342472930943,1.611367494803734,1.6237500604729298,2
1768374663049968722,24.24664946628741,8.71017491079578,1.613232069201724,1.6229495528938649,2
1768374663174419885,23.298716663616048,8.867022424992138,1.6115175054694313,1.6226621842281834,2
1768374663249574354,23.74671279206253,8.823704905903728,1.612169302939318,1.623161073483909,2
1768374663449542076,22.90881533289113,8.857779935564905,1.6118117687292908,1.6240129200404438,2
1768374663649482796,25.98873782510802,8.997076897619324,1.6126209788999826,1.621167360724106,2
1768374663724777712,24.13375143825047,8.761829312111507,1.612924583433528,1.6230455290451256,2
1768374663774368781,25.151747503960653,8.809653839446145,1.6135283558074394,1.622916620463253,2
1768374663849840266,25.179476281726565,8.840114245938782,1.6134647447520223,1.6226051245485227,2
1768374663903593174,25.179476281726565,8.840114245938782,1.6134647447520223,1.6226051245485227,2
1768374663975086633,24.04097570422259,8.488501529233693,1.6146145060184909,1.6233853845341866,2
1768374664124443738,25.40807473648954,8.750464248877451,1.6138309922722573,1.622924862041624,2
1768374664177872480,25.40807473648954,8.750464248877451,1.6138309922722573,1.622924862041624,2
1768374664250249536,23.626657420473983,9.024470555341198,1.6109839849335992,1.6226403725154641,2
1768374664324462675,23.321934405189594,8.833543214821836,1.61151943306934,1.623422539971657,2
1768374664374601168,23.321934405189594,8.833543214821836,1.61151943306934,1.623422539971657,2
1768374664453483497,26.687156021812932,8.645480759724332,1.61587042266202,1.6224943370987623,2
1768374664501887856,22.213714709940604,9.044687240173047,1.6099042263434513,1.6233572246636714,2
1768374664649662084,25.17388009126975,8.878213860559233,1.613278208643777,1.6231241705133603,2
1768374664727478386,24.56482659002357,8.678380115264599,1.6135931563771746,1.623270645137947,2
1768374664849588632,25.01254567573019,9.047128345186643,1.6120565290013615,1.6224372879877023,2
1768374664974472284,24.8611779474992,9.13488032031392,1.6109820967788104,1.6215187038190717,2
1768374665051474906,23.81293130439932,8.989755805222035,1.6116610607570827,1.6236454168351082,2
1768374665175181760,26.858049479464352,8.7967866277358,1.6148862923010199,1.6217460137859863,2
1768374665249908049,24.492691409423895,8.808312556908808,1.6130403917649347,1.6230948624646624,2
1768374665329193154,23.90912881872964,8.649329233588093,1.613655690231672,1.6238858084398915,2
1768374665374576635,25.39708375519867,8.699003393659947,1.6144925585351833,1.6233634467204223,2
1768374665524572370,23.304593269643625,8.82139811537966,1.6117463723732723,1.6232597614034499,2
1768374665724581253,24.591734932649434,9.139084326809375,1.6109013927644107,1.622293264548959,2
1768374665849756478,24.587259378698654,8.903318517866017,1.6126030071401665,1.6230634580647967,2
1768374666049445572,24.62168832668299,8.953239620771608,1.612486159122836,1.6226179402077574,2
1768374666107638878,24.62168832668299,8.953239620771608,1.612486159122836,1.6226179402077574,2
1768374666176472871,24.403668422409154,9.213804090146667,1.61042556884607,1.6219304836757813,2
1768374666250392507,23.907454882784673,8.951866247820718,1.6119207952269445,1.6237613925162302,2
1768374666324529591,24.686536801018065,8.84544477119815,1.6132029689145628,1.6233089756400456,2
1768374666380804129,24.686536801018065,8.84544477119815,1.6132029689145628,1.6233089756400456,2
1768374666450815488,25.099323447435708,8.946331077381775,1.6126303053988775,1.6220304018415326,2
1768374666525118141,24.705510138999244,8.972303128600128,1.6116786864074675,1.6216759684655155,2
1768374666656109961,24.053865085556183,8.812487729749732,1.612394528464927,1.622507929109042,2
1768374666726411194,23.51730885982617,8.73836159923783,1.6123818703335804,1.623455546483997,2
1768374666775511126,23.792512680419044,8.974884350000886,1.6117796303330725,1.6232244743273663,2
1768374666849621098,24.684383240640038,9.22958790648398,1.6104304718650277,1.6215973157941985,2
1768374666974714965,25.45628654363652,8.615533326751894,1.6145673708454467,1.622870155996489,2
1768374667050052178,22.839901757949477,8.92771463364245,1.6109931064397645,1.6229467227179524,2
1768374667124565354,23.93831200859986,8.677771230930036,1.613392209311425,1.6232373727509894,2
1768374667249567879,24.882331252827463,8.614607521944963,1.6144757810399173,1.6235862433271966,2
1768374667325509592,27.17394721087585,9.032281201496325,1.614380498152017,1.6216818866980083,2
1768374667374473251,25.03965559786159,8.798116388069829,1.613956385668639,1.6231367584469154,2
1768374667449680068,22.216727937988566,8.665930650418128,1.6124132769098383,1.6249304727745846,2
1768374667574543689,23.267512207576058,8.870784955671047,1.6116185023403202,1.6230352047200176,2
1768374667649677026,25.457903928935544,8.691929062654427,1.6141860795259877,1.622161996865164,2
1768374667724645797,24.246263853828776,8.967651641392399,1.6115170560455705,1.622545542064108,2
1768374667849431483,23.693955762490447,8.940671016210745,1.6116380181654175,1.6226577899183607,2
1768374667924465339,24.691179042757305,8.946127148277426,1.6129775654187868,1.6228964140953663,2
1768374667975013779,25.18239397527111,8.8587698215994,1.6133354419941348,1.6230086110847288,2
1768374668175290547,23.75365137580987,8.683026890884019,1.61343225914974,1.624149292444794,2
1768374668249506987,25.71670762492051,8.318935667690837,1.6170745410625231,1.623791907978882,2
1768374668324340723,23.43480413128929,9.31051754145553,1.6088931963875253,1.6215593376980166,2
1768374668379920834,23.43480413128929,9.31051754145553,1.6088931963875253,1.6215593376980166,2
1768374668449766284,23.982808078215623,8.907581206411306,1.6125186798724473,1.6236101761990729,2
1768374668524670887,23.456014422442717,8.92441553446996,1.6113663065623927,1.6232697555575626,2
1768374668574592354,23.456014422442717,8.92441553446996,1.6113663065623927,1.6232697555575626,2
1768374668703639931,23.683288663238102,8.892012546258869,1.6117984346324372,1.6227878535447484,2
1768374668929449777,23.661633741097532,8.616667822708274,1.613943803657323,1.6245350827902703,2
1768374668978495783,24.591939988847457,8.992540908307733,1.6118941603789905,1.6222672145548638,2
1768374669124680031,24.217237463158625,8.612574914364636,1.61335376029165,1.6230639236526951,2
1768374669174693089,23.794098207241543,9.078352618188374,1.6105976603606122,1.6220593764201692,2
1768374669324559440,24.74399555799911,8.558061335311875,1.6144929924847946,1.62379936666852,2
1768374669374388771,25.92790821096269,8.576745781594353,1.6154023428533106,1.6226675794021956,2
1768374669449466659,22.51145029621493,9.164530210312124,1.6099789101325452,1.6233592199437867,2
1768374669524918608,24.46640060333527,9.009070829385765,1.6119110003161632,1.6219930670268523,2
1768374669574636029,10.472734885742518,5.9555953179442795,1.6072715565000524,1.6217807092185184,2
1768374669649513638,24.373524964950157,8.714563468186816,1.613112065998269,1.6234070748857092,2
1768374669774408227,25.655203582672037,8.697406777646913,1.6142626969348484,1.6224744209074522,2
1768374669849627367,23.62845834991689,8.951531046841282,1.611730840208053,1.6233416750675158,2
1768374669924468895,24.742464288991293,8.656708095075336,1.6142448023404747,1.623527405200895,2
1768374669974740631,23.89998283868944,8.945043046453197,1.611106538871973,1.6225537178189928,2
1768374670049857282,23.835983662510607,8.890711314582584,1.6120310394007502,1.6231999131118897,2
1768374670124378982,24.30337505990865,8.898055816593804,1.612262008913427,1.622794983715563,2
1768374670175545986,23.7636781701851,8.864855301015439,1.612262008913427,1.62333423155332,2
1768374670449643242,22.725851886475468,8.711437108174076,1.612177213461025,1.6238837873217913,2
1768374670651088332,26.082725494253943,9.048596521495483,1.612701470827284,1.6217132540554737,2
1768374670724786032,23.154977160284584,9.138129034669957,1.6101886576269502,1.6229682495553939,2
1768374670774995525,24.31581216099388,8.621567366021386,1.613815481667571,1.623277905048332,2
1768374670928346502,25.708870813566207,8.879312051071397,1.6140961956609492,1.6223587102125818,2
1768374671049491945,23.921768876856262,8.768218175171622,1.6127349967724731,1.6232633393067557,2
1768374671125797474,23.92838959231569,9.064548262093236,1.6111758758749861,1.6228542519296356,2
1768374671174293062,22.784631722006623,8.9082978750069,1.6114441356008262,1.6246590604460254,2
1768374671250937796,25.204547170249114,8.72463581902394,1.6138009234212354,1.6227577928036923,2
1768374671324445985,14.77944973940315,6.303303579711825,1.6039221714730492,1.6231796367335913,2
1768374671374280039,24.22935913702995,8.794808689255346,1.6132452596562137,1.6237707555878376,2
1768374671526970151,23.770632157375402,9.1221170918727,1.6106540146376895,1.622821782655177,2
1768374671575536316,25.349071863631778,8.940799724779396,1.6129972950342961,1.622504701029644,2
1768374671724620475,24.502964662628024,8.607328145111865,1.6140543017306161,1.6231920200397296,2
1768374671774326702,25.629694654760506,8.72468034675736,1.613759156139518,1.6220284900055224,2
1768374671849513281,25.235963990606347,8.657885737616569,1.6140595632176618,1.6224901664729126,2
1768374671974462436,24.474343227335773,8.814302582073644,1.6125250403231637,1.6226831524139678,2
1768374672049493469,24.741012260504736,8.894473474151063,1.6131277138824214,1.623623363810867,2
1768374672524470595,23.823009602634173,8.851665089055093,1.6118929719875967,1.6226147438239538,2
1768374672582243327,23.823009602634173,8.851665089055093,1.6118929719875967,1.6226147438239538,2
1768374672724614908,24.80863994669957,8.886438822811936,1.6129678188360586,1.6226490703501604,2
1768374672774392002,24.80863994669957,8.886438822811936,1.6129678188360586,1.6226490703501604,2
1768374672856867899,25.675153645698945,8.682977024386464,1.6145318728157874,1.6228383757549802,2
1768374672925147680,24.569853916347917,8.87461383758639,1.612522248689603,1.6232310140290132,2
1768374672974854971,23.882156460638846,8.963388918020144,1.611890789835019,1.6231735667377658,2
1768374673131842709,15.85323244314818,6.590074705713695,1.6034234797738176,1.6241562997813164,2
1768374673175018407,23.541699314632236,8.878570886290388,1.611864532985443,1.6230859941840778,2
1768374673324584730,24.857388710527005,8.938887988568396,1.6124850926802399,1.6220115368900871,2
1768374673374431518,26.369040220802773,8.74376478424912,1.6144337655082743,1.6222318353478322,2
1768374673449853758,24.29088143903879,8.94647246342315,1.6115994419425625,1.6225367168455085,2
1768374673525834706,25.544711499418725,8.58079527496066,1.6151955669695206,1.6230569100913297,2
1768374673724573920,25.3853722571733,8.708388160584654,1.6143256336929042,1.6228727067231248,2
1768374673774358805,23.394363257248195,8.85295944918249,1.6117388935967976,1.623262308905395,2
1768374673924958371,23.734731358979964,8.817631530836733,1.612440598788377,1.623193678691823,2
1768374673974726516,24.392942042898547,8.837314092615152,1.6128367317924002,1.6227601343491846,2
1768374674049586067,23.169391427708685,8.80481590935487,1.6119923276871633,1.6239023436988056,2
1768374674375266501,25.506849016033506,8.637351477215123,1.614566979665722,1.622453556706404,2
1768374674524723233,24.12352221181413,8.80176451576503,1.6124788027807637,1.6230142772627452,2
1768374674579175831,24.12352221181413,8.80176451576503,1.6124788027807637,1.6230142772627452,2
1768374674724864154,22.347905379559883,8.897948776198644,1.6110743670972625,1.6239709977431969,2
1768374674774660694,22.347905379559883,8.897948776198644,1.6110743670972625,1.6239709977431969,2
1768374674903002265,25.13808759580094,8.830951599052941,1.6134493102473737,1.6226133147490582,2
1768374674974539513,23.39061922354846,8.927142550630673,1.6112155244338322,1.6231455033904456,2
1768374675177801910,22.954619649593113,9.12617292326486,1.609736263272928,1.622492992979893,2
1768374675249531312,24.886519004188035,9.056423056052969,1.611386319632448,1.6216813167073534,2
1768374675374707275,22.839909026897807,8.910642416413504,1.61131486210374,1.6237231947740427,2
1768374675453036913,23.913888468149345,8.847960761889732,1.6122185785056444,1.6231167747815438,2
1768374675524587311,23.402292208535293,9.131534863670002,1.6107140813074525,1.6230991164639261,2
1768374675574558189,23.769642256059818,8.804533678764393,1.6125197225418477,1.6236689250732754,2
1768374675774449393,24.86030423544916,8.427664933595024,1.6157239299845436,1.6239021552025186,2
1768374675974641144,24.99667161183727,9.088656812784658,1.6112560084842613,1.6215426366193424,2
1768374676049494642,25.647624490116485,8.924216552421584,1.6133890143318905,1.6226084753620817,2
1768374676124703756,25.23037315636989,8.933916657005382,1.6129053586603936,1.622835270553646,2
1768374676174516846,23.92004037360662,8.953065216524655,1.6112545515731382,1.6226149030216992,2
1768374676324795087,24.076728476431164,9.081552963940567,1.610916420247685,1.6224105159257465,2
1768374676375743523,22.659583301321895,9.107342820967212,1.609890951275554,1.6229144561691027,2
1768374676449718633,25.440382566909612,8.633170422588716,1.6149614387597002,1.6228865675747428,2
1768374676649725890,24.76955400607639,8.680692261301527,1.6137226801546911,1.6232657909648935,2
1768374676724820492,22.447101280039348,8.914347604462286,1.6109733018928136,1.6237789125815334,2
1768374676774764901,22.447101280039348,8.914347604462286,1.6109733018928136,1.6237789125815334,2
1768374676850855294,22.953395716616143,9.175001200967099,1.6093116772082574,1.6222042657025753,2
1768374676974722071,24.481319619898745,8.850243781409363,1.6130005254051556,1.6230851119215715,2
1768374677050246532,22.890791359117422,8.92654888873522,1.611071871330783,1.6233614060810004,2
1768374677127080126,24.53142008532927,8.636375517152166,1.6141709841745224,1.6234846378155519,2
1768374677175970583,22.896915587361065,8.992948819837729,1.6103946020685604,1.6227360420718837,2
1768374677249552263,25.543407120728332,8.787688350360433,1.6138390325713345,1.6226431151804108,2
1768374677325142095,25.690310968394137,8.54833531189352,1.6158769031502989,1.6236151538524795,2
1768374677450798816,27.100119735925297,8.685429169246703,1.6157239744913792,1.622376329536244,2
1768374677524787898,23.53668817973409,8.759079063561192,1.612422764968218,1.623705630504566,2
1768374677727020943,24.283460270157377,8.673590452618505,1.6134404721768623,1.6226960763725282,2
1768374677924860084,24.395461058994485,8.762490666364036,1.6130891373351834,1.6231841667390299,2
1768374677974576997,25.338965478434396,8.987864136212782,1.6127818707904644,1.6227836738818673,2
1768374678124544027,25.76800443040206,8.864290572500742,1.613728456824672,1.6223103318370993,2
1768374678174563491,23.670542459411248,8.720521907687981,1.6130882621000644,1.6240513980748266,2
1768374678249844169,25.94723927470355,8.606876431239712,1.615235741505497,1.6225015283293027,2
1768374678324731970,23.918352617325667,8.930770569984311,1.6120196974632914,1.6231882108445026,2
1768374678374515664,22.769246867796245,8.825186039315275,1.6120196974632914,1.62433733856339,2
1768374678449261268,24.211906865860165,8.857600284689688,1.6128338244986113,1.6237628743992512,2
1768374678506445592,24.211906865860165,8.857600284689688,1.6128338244986113,1.6237628743992512,2
1768374678574908691,22.63261966871566,8.913623875617109,1.61126342528213,1.6241165821346748,2
1768374678649881289,24.81657263836623,8.62452242693137,1.6140872201465435,1.6229821638480662,2
1768374678724853485,23.139561749726756,8.852629990892115,1.6114751787608739,1.6233517779168967,2
1768374678782148465,23.139561749726756,8.852629990892115,1.6114751787608739,1.6233517779168967,2
1768374678849885236,25.39851964178874,8.987651045366766,1.6126483414712378,1.6223151704419265,2
1768374678924499122,23.544688422539206,8.556136375574114,1.6137430644321522,1.6245809146984007,2
1768374678974454351,23.544688422539206,8.556136375574114,1.6137430644321522,1.6245809146984007,2
1768374679054537719,24.226172372745715,8.91460942823862,1.6117105064968003,1.6227325271419117,2
1768374679125147708,23.802799753172454,9.282951746113019,1.6094197781418622,1.6219725356942052,2
1768374679249596416,22.997918593875788,8.99627925682367,1.6105271130616368,1.6232983898467095,2
1768374679524444060,24.776009859659887,8.991076900386275,1.6118970693034387,1.6226441341205784,2
1768374679574429416,24.7790589796546,8.787307162947087,1.6135639855383637,1.6234164571389906,2
1768374679649603115,26.879331053726084,8.792157292923529,1.6146515881188077,1.6214751122872992,2
1768374679774456562,25.9079484700675,8.83046787578852,1.6136653739851763,1.6220904587055676,2
1768374679849510086,23.603850594321017,8.895410989769998,1.6117657746344762,1.6233957360378166,2
1768374679924382834,24.62095252835961,8.78389741283953,1.6128717111453814,1.623249010967929,2
1768374679974367949,23.430134372059985,8.674071806391096,1.6130057147377075,1.6243900304513317,2
1768374680249637022,23.5925466806004,8.97782307878523,1.6115044717002398,1.6229847148540293,2
1768374680324644617,23.892644576012813,9.028799594571765,1.6114048096742914,1.622909098304938,2
1768374680374776421,25.013722144268115,8.856732993892216,1.6134342613431343,1.6230048575558143,2
1768374680449404700,23.445539313718513,8.730954088667374,1.6127819344112921,1.6235918542443233,2
1768374680502186583,23.445539313718513,8.730954088667374,1.6127819344112921,1.6235918542443233,2
1768374680574743435,25.62781179245821,8.399558315751962,1.6167700284270214,1.6241692801644252,2
1768374680649850526,22.46023551810317,8.630859359966529,1.6121403451270728,1.6242135290448985,2
1768374680850624919,25.336362030485837,8.839672767341009,1.6132574709192546,1.6221565266025575,2
1768374680924399601,23.92655006814759,8.51100268879513,1.6144459606290626,1.6241694414907464,2
1768374680975095693,23.92655006814759,8.51100268879513,1.6144459606290626,1.6241694414907464,2
1768374681101620888,24.95765500326086,8.850594392559197,1.6133158989712217,1.6226470763473382,2
1768374681174635050,22.856052354520262,8.970128476277504,1.6109404364911635,1.6236424196619936,2
1768374681249811416,24.22669185511395,8.790881011426473,1.6126944084975219,1.6228587796969656,2
1768374681328708776,24.226315873813853,8.775772838561581,1.6123959901126534,1.6228006359938971,2
1768374681524490701,22.46636273591429,9.105274257480444,1.6095306992812035,1.6227228216412015,2
1768374681574468778,24.25255863263054,8.920352659220853,1.6120444830867038,1.6226651043864968,2
1768374681653096440,24.579685062668275,8.816381327035343,1.6128937342617502,1.622162344312403,2
1768374681724511043,25.12001616644821,8.857122055605997,1.6137328334355439,1.6230074616883305,2
1768374681774290505,9.175117880982686,5.932668522423308,1.6088906685861897,1.6218070566086769,2
1768374681849956273,25.580917999510568,8.692179841657776,1.6141347188424058,1.622723496842837,2
1768374681929366349,25.541222842620837,8.32645946672343,1.6164079643865956,1.623190770529326,2
1768374681974450667,22.317969654156222,8.693355047789554,1.611994359970145,1.6245354696550711,2
1768374682049642580,23.345854481158224,9.0394869986029,1.6109006889347461,1.6232198549213595,2
1768374682124389874,25.023194443808183,8.51185593851876,1.6153392814710181,1.6238826517572802,2
1768374682174422327,23.663483238887338,8.818563090370043,1.6120015904630138,1.6227643314688127,2
1768374682249736612,23.142806103220835,8.810998764925039,1.6120521843044138,1.6237937662403725,2
1768374682324573286,24.670988870662434,8.731531560433908,1.6131659875227722,1.6226488446617566,2
1768374682374610332,26.160637016883204,8.935910334978438,1.613230258846786,1.621352231734238,2
1768374682449406591,22.51061310532876,8.764297894125834,1.611748878618673,1.6242010368719957,2
1768374682524635906,23.705352924901835,8.869694007582263,1.6124570743707347,1.6240369545076865,2
1768374682574685756,23.705352924901835,8.869694007582263,1.6124570743707347,1.6240369545076865,2
1768374682649610472,23.369267708171158,8.990991970541044,1.6106852662760955,1.622522523878773,2
1768374682706822879,23.369267708171158,8.990991970541044,1.6106852662760955,1.622522523878773,2
1768374682777848124,25.208510177634924,8.711861758195734,1.6144214766566798,1.6236454393770015,2
1768374682849670197,26.80057879274589,8.79791925696702,1.6149085883504424,1.6218529453774633,2
1768374682924816802,24.46948755887601,8.841236564590899,1.6128773624758168,1.6234655177624397,2
1768374682974867228,24.46948755887601,8.841236564590899,1.6128773624758168,1.6234655177624397,2
1768374683125959706,22.325583588435506,8.82207076926427,1.6107019049982836,1.6228461837308161,2
1768374683174608097,23.7617410403832,8.861140079811465,1.6119071160481253,1.6228461837308161,2
1768374683257252210,23.601672472373323,8.915138135639259,1.611486629868192,1.6233554608910106,2
1768374683326153781,25.42742414078014,8.94764839131604,1.6128034521756518,1.6223563921194182,2
1768374683375463392,24.068082072992823,8.957006842228225,1.611307924784077,1.6221261486031917,2
1768374683449631572,24.245214859573316,8.804437018517971,1.6128907822736456,1.623258028682038,2
1768374683652244885,23.31448837510819,9.036579031914917,1.6107550541457847,1.6229202999798844,2
1768374683774657398,24.181364497234846,8.90415196404067,1.612363739899528,1.6229326188602695,2
1768374683974406649,24.339503678198817,8.819962626723624,1.613176388490185,1.6233327155776136,2
1768374684049699943,25.36563002754533,8.883970281131162,1.6131619427807409,1.6226306003551656,2
1768374684124756221,25.163182518715523,8.98939104363043,1.6122315631783397,1.6220847226005874,2
1768374684324574593,26.203637102100828,8.788085140860602,1.6143743690775023,1.622658792048108,2
1768374684375960060,23.578326862736976,8.937405751293447,1.611442812777249,1.6229686133541203,2
1768374684449408426,24.166993822523743,8.588136404789653,1.6137435024115219,1.6235079908621617,2
1768374684524475633,22.95689089010211,8.969623890821996,1.6101733024252902,1.6227754623913644,2
1768374684774843329,26.52204504534872,8.882105497425814,1.6141415636081289,1.622391579090596,2
1768374684924524782,23.7150144522833,8.913542809981072,1.6116442515005596,1.622804874030709,2
1768374684980618210,23.7150144522833,8.913542809981072,1.6116442515005596,1.622804874030709,2
1768374685125217335,25.193392729057518,8.89473371286001,1.613184611320514,1.6224570577879605,2
1768374685174463773,25.193392729057518,8.89473371286001,1.613184611320514,1.6224570577879605,2
1768374685324818311,23.052874112625467,8.918302371099623,1.6110601160431166,1.6229751596275426,2
1768374685374284554,24.85097843295381,8.657578530929328,1.6142470377650207,1.6234330146374714,2
1768374685530642071,24.825026654225812,8.836104890658506,1.6133219671350127,1.6231325935241596,2
1768374685724541135,24.740956872743027,9.013283589994103,1.6120748502941533,1.6223237617868962,2
1768374685774385002,25.459867944648273,8.784509110767218,1.613930739109545,1.6229417636848886,2
1768374685850096908,23.502191702478914,8.657591283478897,1.6133875401251865,1.6243556501014456,2
1768374685924775249,23.695555543682634,8.735837023564097,1.6130259265027178,1.6234392661198735,2
1768374685974668473,23.36830169321469,8.843034266039947,1.6119802265364285,1.6237264834748513,2
1768374686049546163,26.16688579455584,8.866513462128385,1.6137357932047218,1.622027120479598,2
1768374686174466001,23.857336981435886,8.85468835954588,1.6122780175666271,1.6235789618801861,2
1768374686324487418,23.598788204604038,8.954356779656909,1.6112017914656904,1.622696807028775,2
1768374686524377763,25.13020760621476,8.634300397864564,1.614959372943922,1.623491310413893,2
1768374686574907844,24.84359593174745,9.048478227501384,1.6117843854380502,1.621773953094155,2
1768374686649530026,25.652019622042445,9.216689565102527,1.611447235494997,1.6215126204672472,2
1768374686702082952,25.652019622042445,9.216689565102527,1.611447235494997,1.6215126204672472,2
1768374686924465825,24.7671290317224,8.804105504405353,1.6130196348135701,1.622936786269607,2
1768374686978966962,24.7671290317224,8.804105504405353,1.6130196348135701,1.622936786269607,2
1768374687049890951,25.574232482619365,8.796334906890223,1.6142884425588284,1.6230758212666734,2
1768374687124692095,27.15430422361864,8.54898173721329,1.6166832936115438,1.6227775448917232,2
1768374687175201948,27.15430422361864,8.54898173721329,1.6166832936115438,1.6227775448917232,2
1768374687252949010,23.99976968998918,8.89995638195917,1.6115456014666165,1.6226854171298806,2
1768374687301321215,24.337512427338392,9.254851470751605,1.6098109869220585,1.6210718116313259,2
1768374687374569104,26.176086715220983,8.62150327324335,1.6150661906102155,1.6226479942795715,2
1768374687527916909,25.11462315520241,8.83278329828318,1.6133018906498375,1.6227640455802168,2
1768374687576234267,26.96922346809938,8.896553616082553,1.6144942978988384,1.6219594139177,2
1768374687649680390,24.57524037613257,9.024611320361336,1.6117417725184717,1.622548339516141,2
1768374687724862467,24.43793356028845,8.758521618874113,1.6131247326403455,1.6228582659059017,2
1768374687851677059,23.93903642631723,8.614725421576987,1.6137923836416805,1.624323593193633,2
1768374687924748802,14.57579994258773,6.275969355252446,1.6036691125033828,1.6230613303039934,2
1768374687974337947,25.21053813897001,8.65484155818314,1.6144858272755134,1.623283496428349,2
1768374688050073470,22.903899140120252,8.87431071116795,1.61103170343232,1.6230558204464063,2
1768374688128825657,23.576150224135617,8.82696505258291,1.6122911048334572,1.6239247710502553,2
1768374688174417029,23.224607149044285,9.040802418399405,1.6107996073686834,1.6236444376455461,2
1768374688249663882,24.494809500044788,9.045042235446894,1.6117975645792753,1.6225412503246808,2
1768374688324467518,24.443442559232587,8.572647223245351,1.6137615370226865,1.6231314596045083,2
1768374688374443344,23.13175060628869,8.844662619539552,1.6113349541081905,1.6224168229032718,2
1768374688449549768,24.414166663047965,8.836273598370623,1.6128088355039536,1.622986901453916,2
1768374688524889353,24.911585393422975,8.874530531937848,1.6129348952549363,1.622814161465786,2
1768374688574483344,24.056602238468948,8.616067663762621,1.6140428261831772,1.6243927269164675,2
1768374688649426648,22.536620344057567,9.015672458064866,1.610687238009118,1.6241900728865213,2
1768374688724669646,25.24964332534463,8.632900518871145,1.614590610497016,1.623098839636217,2
1768374688774850094,25.24964332534463,8.632900518871145,1.614590610497016,1.623098839636217,2
1768374688976386056,27.052362634870875,8.852025597702497,1.614915112403004,1.6218459029363241,2
1768374689050615554,23.617588597081294,9.044487238602468,1.6107710542823928,1.6228191583263132,2
1768374689374545858,22.186729401848293,8.796878034948573,1.6106571220397359,1.6235581407188748,2
1768374689455895881,22.936609873993817,8.961433910158602,1.6102402770787163,1.6227953297460707,2
1768374689574877590,24.510051568701783,8.579546254484626,1.6145779563498126,1.6238052724132315,2
1768374689649655908,26.106232611213365,8.579298071593051,1.61581172157268,1.6222968288407718,2
1768374689732669565,23.510003217697584,8.910198701741914,1.6118006341997246,1.623655386616956,2
1768374689850040842,24.395752041463492,9.02129034522167,1.6116582913025725,1.6221406536026541,2
1768374689924505932,24.675339846664144,9.124373038037012,1.6109440318157608,1.6217983887534329,2
1768374689974618716,24.58938169112912,8.851226310006824,1.6123588068513692,1.6225633432425661,2
1768374690049418488,24.182220330289496,8.789627752839113,1.6131274539317622,1.6234058642127402,2
1768374690125719980,25.064279300570867,8.997277571930269,1.6124442027836552,1.6222339769783674,2
1768374690174601700,24.963130325881934,8.864575794402239,1.613050294695228,1.6224822782171424,2
1768374690249669977,23.77026506556956,8.893514002312857,1.6121659500788812,1.623313960891005,2
1768374690374331452,23.46934525544131,8.835043640035542,1.611933226845544,1.6228499011297062,2
1768374690449952411,24.653249275245148,8.894012583911868,1.6122452007729815,1.6222587481232624,2
1768374690524941632,24.300977323121977,8.614793531431951,1.6138276677149195,1.6237663372779583,2
1768374690574802244,23.4015583403977,8.760689987474926,1.612947201671839,1.6238388890051758,2
1768374690650024504,22.787906110269596,8.71665138048069,1.6118422785549755,1.623927385668028,2
1768374690724462702,23.42628902117605,8.634695690723104,1.613483191120224,1.624552908356021,2
1768374690775026015,23.14152034953798,9.012324726688883,1.6107418842915686,1.6232227505003072,2
1768374690849456042,24.121501152930325,8.818049091333206,1.6130383399542296,1.6236607947406214,2
1768374690905011397,24.121501152930325,8.818049091333206,1.6130383399542296,1.6236607947406214,2
1768374690974983733,22.814209781332863,9.040519022490102,1.6100917690176888,1.6231170991652546,2
1768374691124502115,12.239246056829023,6.2765931012137175,1.605566120047368,1.622497817610246,2
1768374691180821809,12.239246056829023,6.2765931012137175,1.605566120047368,1.622497817610246,2
1768374691503840713,24.446055728599703,8.879125474675147,1.6126364002591793,1.6226944550502418,2
1768374691649589664,24.509153148987828,9.100357850698542,1.6112306092007884,1.6223170706877164,2
1768374691729298980,24.721665129774586,9.087058746262462,1.611748536541227,1.6223871573356752,2
1768374691849516371,24.98427708340545,8.738348915484242,1.614271692522633,1.623627813578738,2
1768374691924600804,23.99304203981778,8.844077705157096,1.6121112766936092,1.6223754009312565,2
1768374691974478356,24.182172267553035,8.628759602474744,1.6138136033765151,1.6232217651194376,2
1768374692054142538,23.148726684657063,8.934466317149859,1.6112317132096685,1.623617480635499,2
1768374692124357373,24.54307910049924,8.570661255286236,1.6145696329819463,1.623104541373246,2
1768374692374427673,24.50245433864362,8.84270458532657,1.6127642141976317,1.622779039812104,2
1768374692449550632,24.784799362604915,8.494705370350227,1.615492813677343,1.6235919601657038,2
1768374692524556386,24.36638433269378,8.885985416722262,1.6127349431591518,1.6233233202802906,2
1768374692649483885,23.76725318788897,8.888145678775931,1.6118131787146555,1.6234495861359235,2
1768374692774418808,23.065737210909543,9.051408882530533,1.6102385703555924,1.6226855966607654,2
1768374692924718669,23.772010582657987,8.649466333620326,1.6132675190525456,1.6232981563858222,2
1768374692974998252,23.772010582657987,8.649466333620326,1.6132675190525456,1.6232981563858222,2
1768374693049536561,21.740587633804598,8.984808319492783,1.609833797794941,1.6240859304343385,2
1768374693124417943,25.0611234916871,9.07247583244016,1.611707854890428,1.6219857867572816,2
1768374693177123192,25.0611234916871,9.07247583244016,1.611707854890428,1.6219857867572816,2
1768374693324814168,24.03045201626286,8.976384345198342,1.611501801124749,1.6221048303219832,2
1768374693382122500,24.03045201626286,8.976384345198342,1.611501801124749,1.6221048303219832,2
1768374693451615498,26.402991160640266,8.563443940769888,1.615714884342163,1.6224560686250045,2
1768374693500872167,25.844168719815208,8.513909647944248,1.6154872616325973,1.6229386727315738,2
1768374693726922589,26.364281840455916,8.716943170641276,1.614912870414688,1.6219995559828888,2
1768374693925096090,24.456083007146525,8.848633398523821,1.6126335628573292,1.6230126043606146,2
1768374693974495023,23.906544900987203,8.979339116333717,1.6115101937494996,1.6231746213362999,2
1768374694124652465,25.021977523377316,8.603044843235285,1.6148433403895772,1.623844729350295,2
1768374694174714784,24.23849362241981,8.856785907624872,1.612994210596792,1.6237652072164939,2
1768374694249509391,26.000688766125492,8.537471466513399,1.6159572886582665,1.6230188683566371,2
1768374694374440473,25.236518663513287,8.861133451062168,1.6134952152932849,1.6222138697116821,2
1768374694449574994,25.05547264071417,8.86692540012878,1.6132422676368627,1.6230297793029027,2
1768374694524577620,23.254249940813267,9.161295855211566,1.6096999412375281,1.6221544573472728,2
1768374694574690293,24.90589649120811,8.662498292814327,1.6142901759000023,1.623382949224857,2
1768374694649746893,25.283152052844038,8.66457373291899,1.6145522055606523,1.623022756727145,2
1768374694724886859,23.166463045095618,8.744697142657712,1.6128919572369766,1.6239266555082343,2
1768374694974833747,24.120778075992,8.754471468476797,1.6124888725007522,1.622384439125856,2
1768374695049439935,25.16158652198186,8.674670256795645,1.614194447002917,1.6229537461858377,2
1768374695106432188,25.16158652198186,8.674670256795645,1.614194447002917,1.6229537461858377,2
1768374695176396094,25.10763737753141,9.011476211264187,1.6122989535676677,1.6224376526888933,2
1768374695250204040,23.25450988202027,8.89650530763704,1.6111836098985777,1.622767366861664,2
1768374695324661862,25.26749249437654,8.582397925101997,1.6152520398302135,1.6240267474119523,2
1768374695381522192,25.26749249437654,8.582397925101997,1.6152520398302135,1.6240267474119523,2
1768374695450192179,23.651038148010617,8.856337052461065,1.6119975328166325,1.6228399371609636,2
1768374695524464774,23.824769156382875,8.763479660705281,1.6123934554315897,1.6233730788333673,2
1768374695574631219,23.824769156382875,8.763479660705281,1.6123934554315897,1.6233730788333673,2
1768374695774514751,22.937243592670686,8.88529975475182,1.611015719076916,1.6238194027218642,2
1768374695849501562,23.13559562480405,8.915435089708726,1.6107990227479918,1.622826117807499,2
1768374695931908244,24.109555169357755,9.07135256869324,1.611056801369013,1.6228002659410778,2
1768374696049508009,24.42759837576314,8.642055101395647,1.613501423519119,1.6232518697307365,2
1768374696249671655,24.425149126002133,8.869602598934659,1.6124641063092728,1.6228220097916755,2
1768374696325702788,23.382326200180657,8.639998580400476,1.613337267025581,1.6239307323793208,2
1768374696375776840,24.609828134459555,8.802506930517254,1.613225389401854,1.6234848369619193,2
1768374696524545087,23.412515354404697,8.83556848086742,1.611956082931832,1.6231378654177735,2
1768374696574622189,24.597337946064446,8.654328406048437,1.6139613966441464,1.622819455987065,2
1768374696725093406,24.500229222175875,9.099653113330923,1.6112008988012625,1.6224385742757141,2
1768374696774713041,22.95394255057448,8.846729968192525,1.6112892472587976,1.6235992848448113,2
1768374696849476925,26.683556144478704,8.734123011907089,1.6153669591393804,1.6224383223641143,2
1768374696974652795,25.990259021473562,8.880478948449538,1.613713343788889,1.6222666205490262,2
1768374697049819484,25.139327367604825,8.638854726486773,1.6144468073169222,1.622471259887484,2
1768374697104068247,25.139327367604825,8.638854726486773,1.6144468073169222,1.622471259887484,2
1768374697324492060,25.2986247550242,8.948098468539223,1.6132698139666826,1.62291275476151,2
1768374697378754919,25.2986247550242,8.948098468539223,1.6132698139666826,1.62291275476151,2
1768374697703552863,26.51791639124168,8.804533191990918,1.6150443175352087,1.6228679483542292,2
1768374697774524809,22.285381306951237,9.012392405834252,1.6102853579792968,1.6238389869179473,2
1768374697929280930,24.26013895791779,8.735233481612623,1.6130870984893786,1.6230433200701424,2
1768374697978202017,23.148162611315914,8.858309672981571,1.611652372690732,1.6237465293370068,2
1768374698049600464,23.215399760001976,8.7048833832267,1.6125329753655304,1.6239940032178528,2
1768374698124456019,24.39654108526934,8.87169091852874,1.6122135317124475,1.623034580451429,2
1768374698174518342,25.211850937994605,8.749071615725816,1.6138391423456895,1.6223187342711036,2
1768374698374860894,24.33240283690008,8.854176492122207,1.6124307276462182,1.623142435889573,2
1768374698449571640,24.633783672477925,8.805170186199158,1.6125875500277398,1.6225498778569183,2
1768374698574347208,24.69330892351085,8.905875508574358,1.6125597017299116,1.6228376888224392,2
1768374698649864207,25.544161243301833,8.883261725858274,1.6133110962664,1.6217250753935153,2
1768374698724998807,24.870035941932265,8.77814331184025,1.6133116072034692,1.62291973095109,2
1768374698849505636,26.447224427958105,8.660029848703525,1.6153549411094794,1.6220762502595447,2
1768374698924739064,22.733055663921142,8.85927210408167,1.6114341805694181,1.62378224410881,2
1768374699049526715,24.19700613238063,8.553317158213394,1.6144501817104282,1.6240925327988887,2
1768374699249339515,24.621454209758696,8.75209195268074,1.613839803663795,1.6230708042858644,2
1768374699308262997,24.621454209758696,8.75209195268074,1.613839803663795,1.6230708042858644,2
1768374699449927569,24.16332741775995,8.744899941506281,1.6132061599805634,1.6239445757138802,2
1768374699524343378,24.6916991042192,8.585776696445349,1.614262570120441,1.623344491015742,2
1768374699582307689,24.6916991042192,8.585776696445349,1.614262570120441,1.623344491015742,2
1768374699651287744,24.52760205666027,9.041717265054498,1.6115757225919027,1.6220586664967314,2
1768374699701611535,23.471537532832045,8.829773136814742,1.6119878088578656,1.623076352272565,2
1768374699774949069,23.47819374564919,8.946335290053804,1.6116605105555704,1.6227468654076755,2
1768374699975485987,21.348193528656356,8.98744793524944,1.6089727804502558,1.6236025836458365,2
1768374700049517946,22.579981735981526,8.990749758775754,1.6100908816475785,1.6230902011621007,2
1768374700132829433,22.641402926873553,8.953638212607041,1.6109081205021678,1.623940018102326,2
1768374700251332569,23.159983504297486,8.934107129541173,1.611033451752847,1.6227067943787465,2
1768374700324858071,23.299439331731175,8.758246468172674,1.6126667486427833,1.6246914618139034,2
1768374700649557754,24.70677595896231,9.091590496352383,1.611057510694982,1.6215266086935378,2
1768374700774393424,24.814427655115434,8.939876565673481,1.6118928904319791,1.621794871915801,2
1768374701049938330,25.478086373335486,8.905175605552564,1.6132308150662638,1.6224284734280807,2
1768374701124476884,26.241844075910457,8.899427983425694,1.6141927654267771,1.62239649394625,2
1768374701449992008,22.417262898046573,8.564911074512334,1.6125328049113195,1.6242130672646553,2
1768374701524560701,26.116061042294135,8.420464828176662,1.6167187134616703,1.623005138612625,2
1768374701579751364,26.116061042294135,8.420464828176662,1.6167187134616703,1.623005138612625,2
1768374701724969275,24.508925013109195,8.741983290687816,1.6133573138821375,1.623228408832077,2
1768374701774854156,24.508925013109195,8.741983290687816,1.6133573138821375,1.623228408832077,2
1768374701904462871,23.118448006019364,8.994773783181115,1.610678712974793,1.622441144657374,2
1768374701975003416,22.363489572757356,8.609121523286428,1.6123515004342877,1.6248383068377865,2
1768374702131763731,24.429634661876864,9.005508434698195,1.6114763902160831,1.6221308254760372,2
1768374702175016211,24.980902224537083,8.795314702916745,1.6131988608838432,1.6227751234972918,2
1768374702249557391,24.565238151216697,8.66107989347969,1.6140326066347435,1.6235909460075328,2
1768374702324511840,24.599380556540762,8.888595310688608,1.6125976733851808,1.6226499225864761,2
1768374702374743467,24.8851276081421,8.794987680929014,1.6132434500374437,1.6227576945001199,2
1768374702524868887,24.076886686561938,8.977998103399614,1.6110425190162272,1.6221528691839042,2
1768374702574829897,25.04397095994304,8.920768613817815,1.6126264295503074,1.6225625299180817,2
1768374702649729073,15.457869873922725,6.521201574542815,1.6050965650896192,1.625127895309772,2
1768374702774723301,25.47101668923757,9.096632000220415,1.6122437413514714,1.622275169047201,2
1768374702849888546,25.147814315489736,9.01309023425249,1.6122328820215304,1.6220665503737197,2
1768374702924544120,23.98427401236125,8.81422516058059,1.6122305255910676,1.6232691763579419,2
1768374703174448576,26.064253264699964,8.662858602454676,1.6155056717876188,1.6229243893771748,2
1768374703375098495,24.997717848322722,8.896385828583625,1.6130339003423337,1.6228943584286877,2
1768374703449899612,24.133249431987025,8.759091499300542,1.6124345717497366,1.6224695310970132,2
1768374703724415639,24.315234501785632,8.862786048503535,1.6122201910580685,1.6228721605029965,2
1768374703774980262,24.315234501785632,8.862786048503535,1.6122201910580685,1.6228721605029965,2
1768374703852730337,24.558649511538853,8.70203456712912,1.6135050048425825,1.6231118770719308,2
1768374703902001670,23.965661147551387,8.942385677873341,1.6114842628374237,1.6226593842755903,2
1768374704176885327,24.042690374360465,8.98545665677002,1.6115494195725433,1.6229567718986264,2
1768374704249499037,21.2183378418076,9.052185341224105,1.6086196342056343,1.6240280813955932,2
1768374704324554464,25.64430904949355,8.88376958300279,1.613057981683134,1.621938369740245,2
1768374704574530961,26.06317661026658,8.812144253206956,1.6140817805253416,1.622043206601017,2
1768374704649680152,23.98134531689644,8.802058919124905,1.6123927974118655,1.6227916194485226,2
1768374704729050051,23.77514419292215,8.7346790000453,1.6129142365227196,1.6236524917114823,2
1768374704925112512,22.136965250973528,8.778052648793556,1.6115122095555716,1.624139258028857,2
1768374705049630778,24.384154664159,9.0304759997683,1.6115281829078896,1.6226366444684148,2
1768374705124620888,24.332493290357693,8.710629149852375,1.6137168776093507,1.6240202414263527,2
1768374705174272558,24.480132898556217,8.549197617768595,1.614575333309819,1.6229915809346012,2
1768374705250105962,25.58867018153621,8.61042175836353,1.615314728146928,1.6232178797905947,2
1768374705324239594,23.59579809324197,8.712125288266922,1.6131353921988625,1.6237489230323632,2
1768374705374783676,23.59579809324197,8.712125288266922,1.6131353921988625,1.6237489230323632,2
1768374705449487037,22.073969505008726,9.283834869453079,1.6078249249917624,1.6223803791640885,2
1768374705507483671,22.073969505008726,9.283834869453079,1.6078249249917624,1.6223803791640885,2
1768374705577245966,24.661242344846013,8.949001859841259,1.6123696431605818,1.6226620699851015,2
1768374705650535935,24.88142634587298,8.826321001041473,1.6127596936602833,1.6223122528960348,2
1768374705924983181,25.450059874228657,9.11522105485613,1.6117849907841728,1.6213427907035691,2
1768374705974548448,25.450059874228657,9.11522105485613,1.6117849907841728,1.6213427907035691,2
1768374706057703538,23.040498775046323,8.743118897658071,1.611955168691803,1.6234798630202707,2
1768374706125538232,23.784017552592516,8.98277980970643,1.6109290064240591,1.6226351896168587,2
1768374706174965453,23.70718265634153,8.90391338229217,1.6118454617214693,1.6232801617131947,2
1768374706249560992,23.563200512628278,8.981081650863649,1.6115661828192118,1.6233989742691948,2
1768374706450460283,25.56557596892595,8.766608587564452,1.614352803803836,1.6229278306990316,2
1768374706574428144,23.68601838610718,8.679212301955522,1.61268963814598,1.6236970871705383,2
1768374706649472419,23.496945525869563,8.719465404335489,1.6124677226175859,1.6234495315827289,2
1768374706727398656,22.81250025615611,8.698002520109863,1.6123608587495055,1.62427005963782,2
1768374706774608130,26.272881655286852,8.635035350311705,1.6153751330557329,1.6220952651836544,2
1768374706849586391,23.778984930928004,9.057987317330404,1.6110531844996507,1.6228743279358993,2
1768374706924470367,24.91074865453813,8.830935912683184,1.6127114425370381,1.6221749068630664,2
1768374707249480888,13.641495218103872,6.39955198613645,1.6042898313871632,1.6226957351340345,2
1768374707324930257,23.870394122492478,8.950185369031717,1.6118633389403594,1.6231505593974658,2
1768374707575112895,25.083040409815016,8.619100630065097,1.6146539355876184,1.623288775647783,2
1768374707724486793,24.141085586801616,8.811324792179162,1.6123488923751341,1.6229233310206335,2
1768374707780479815,24.141085586801616,8.811324792179162,1.6123488923751341,1.6229233310206335,2
1768374708054665117,28.03202764114543,8.485791128141763,1.6174328504066449,1.6216641855586285,2
1768374708103888757,24.15742062826287,8.833006493388403,1.6124188120305663,1.6229786540186695,2
1768374708174429405,23.205416546051794,8.478924164838293,1.6136632669144628,1.624150276210672,2
1768374708249424954,23.09402664421123,8.903740920535043,1.611216603584645,1.623300159954686,2
1768374708378695843,22.209279098469594,8.915062610974182,1.6108125502912258,1.6241695295417526,2
1768374708449552126,24.494656553662786,8.720430234481286,1.6132766618962098,1.6226896148571444,2
1768374708524664823,24.704424744300013,8.905668268650091,1.6126533594502126,1.6228890795189772,2
1768374708650153675,25.61602555850162,8.741914179904322,1.6144728031056903,1.6224436439197876,2
1768374708724563985,24.058412523026096,8.525953353545988,1.61415592300345,1.6236825890998896,2
1768374708774582623,22.2477566810515,8.587269167164166,1.6124678640227024,1.624088584343624,2
1768374708924638094,27.001142579517577,8.753748623985414,1.6151174824272498,1.6220016724248256,2
1768374708974479072,26.067299238205834,8.7456442132018,1.614433053890615,1.6224580279721574,2
1768374709050073993,25.02807371866922,9.038527491998918,1.6122528976623616,1.6226012080907162,2
1768374709124347948,25.043071836548414,8.854297800590475,1.6131813532169579,1.6232234894595037,2
1768374709249465405,24.172168819812434,8.841314372422232,1.6122879358368505,1.6226969777179836,2
1768374709324474872,22.775999458420237,8.607195933142506,1.6125633618463737,1.6241484891975526,2
1768374709374662331,24.38332190324566,9.001429411337945,1.611854142438876,1.6228085133928014,2
1768374709574953606,23.04466865608812,8.846026236874348,1.6116776481918613,1.623673833345692,2
1768374709649478162,24.517203326795965,8.91846309685077,1.6124141395617486,1.622700238799927,2
1768374709724522365,26.555244682184398,8.69057557550059,1.615454640539941,1.6219309558997843,2
1768374709777263200,26.555244682184398,8.69057557550059,1.615454640539941,1.6219309558997843,2
1768374709924399455,23.80029306245479,9.110251601688912,1.610586669846221,1.62231802253881,2
1768374709975028367,23.80029306245479,9.110251601688912,1.610586669846221,1.62231802253881,2
1768374710052117326,24.698569654077794,8.82818693905751,1.613610092992661,1.623053640076765,2
1768374710328561090,25.887739627498796,8.865862770810633,1.6136956498246553,1.6220328172996754,2
1768374710376516621,24.883125238496227,8.804965449729748,1.6133846824341103,1.6229932250371768,2
1768374710525098617,24.762739613899853,9.089973057678696,1.6118133295717652,1.6226052954943613,2
1768374710574781463,23.146521472259927,8.811109247951233,1.611873873385967,1.6237795148776768,2
1768374710724643305,24.88217924884384,8.739230059690042,1.613778092116587,1.6230908647013123,2
1768374710775416365,25.36854830852264,8.648932618619623,1.6147011445874229,1.6228695928967138,2
1768374710928530856,24.118870074137266,8.931821882217472,1.611952853740043,1.6231712258094169,2
1768374711049368799,25.95764787614563,8.61655644303243,1.6150108375685388,1.622598201064475,2
1768374711124701665,25.85588066343614,8.752734432821738,1.6139692173325595,1.6220397784757703,2
1768374711249666322,24.85353392564371,8.706181819397031,1.613827507242671,1.6229453543081094,2
1768374711374376986,25.02008778073561,8.949013749251682,1.6121736784797052,1.621679310175664,2
1768374711449917302,24.187787384148287,8.920410253824146,1.6120478598895125,1.6230390188524548,2
1768374711574625207,23.952175289110755,8.95656561939735,1.6117333901236235,1.6224899055780466,2
1768374711849864707,23.34184331528677,8.766542960050945,1.6122452099638,1.6241175556171268,2
1768374711924403222,23.09229783849687,8.909844174444327,1.61120754783713,1.6237474450123872,2
1768374711980787307,23.09229783849687,8.909844174444327,1.61120754783713,1.6237474450123872,2
1768374712050278159,23.38878491760088,9.026882970655093,1.6102456730270658,1.622283346890461,2
1768374712125278963,25.094519270802085,8.856576782174216,1.6132062093891704,1.6224860681319853,2
1768374712174390342,25.094519270802085,8.856576782174216,1.6132062093891704,1.6224860681319853,2
1768374712255474283,23.47845659396164,8.84523467364807,1.6116045656607232,1.6228353511348053,2
1768374712449813539,25.82012487000851,8.884434277907216,1.6134334210199601,1.6223772552697027,2
1768374712532041116,23.88907397152451,9.048165610002641,1.6116081747996096,1.6227981361882622,2
1768374712574710854,23.677645764146106,9.014420799121758,1.6112683512373263,1.6229928167242778,2
1768374712649615769,23.90220576880786,8.495848176839987,1.6141698090132617,1.62350480207832,2
1768374712724440103,24.438956761032582,8.764086632033157,1.6135989714654675,1.6237557526093993,2
1768374712774782879,26.36238633335686,8.83856160872781,1.614084025564981,1.62202156851724,2
1768374712849495548,26.18028693952068,8.836483264324853,1.6142803476499885,1.6224876820379237,2
1768374712926258035,23.329977123665913,9.07779130089026,1.6106209049586484,1.6230484246477679,2
1768374712974529216,23.232704262364123,8.674320622872523,1.6130480517031702,1.6240490424381764,2
1768374713324944543,26.055741308612212,8.932553414295002,1.6137116851532978,1.6220770276282401,2
1768374713374911437,25.837726235497847,8.827824702923806,1.61384691986581,1.6221305250304996,2
1768374713449704824,23.866672662331112,8.595396161389736,1.6136642065602018,1.6236656019006586,2
1768374713574769180,24.529021918910708,8.957071558060862,1.6120609124286012,1.6225497627415164,2
1768374713849618653,24.13332371184329,8.77748763330422,1.6130527899546268,1.6236177378497558,2
1768374713924379697,24.374762041057707,8.83961535234702,1.612567321841769,1.6227394746587906,2
1768374713979131286,24.374762041057707,8.83961535234702,1.612567321841769,1.6227394746587906,2
1768374714124799696,23.498009391946795,8.831133827204454,1.6124986423804681,1.6238548877587617,2
1768374714174729907,23.498009391946795,8.831133827204454,1.6124986423804681,1.6238548877587617,2
1768374714254015442,13.65263647389603,6.146891838138611,1.6048219453114387,1.6228197144648162,2
1768374714374471020,13.011164569061373,6.229222496319512,1.6045198652304289,1.6223035347420192,2
1768374714449702112,23.575063831395184,8.765207113629074,1.6128215290136334,1.6239188387476684,2
1768374714649665979,25.220619919167575,8.832376855461835,1.6137909452115635,1.6233651449873017,2
1768374714724534477,24.00910680596402,8.78716837704632,1.6130303951481348,1.6237131864410879,2
1768374714974742055,25.35564510586341,8.573880986375217,1.6145572238945547,1.6225442772230554,2
1768374715049493293,27.10208013622939,8.353272617498332,1.6180523348891414,1.6228870667286408,2
1768374715174550825,24.549969183276012,8.842564059976423,1.612815748603294,1.6228400400992808,2
1768374715249835712,22.677860043224474,8.95184970107594,1.6110529646433662,1.6238688347683021,2
1768374715324787783,23.81599184513261,8.826431506704282,1.6122520461198677,1.6231667767006082,2
1768374715374655510,22.256895287165346,8.84114688369343,1.6110228155305861,1.623968777257383,2
1768374715524980427,24.08196684616959,9.207127725838973,1.6099454172323697,1.6219830549712264,2
1768374715575013234,22.981809446120494,8.869691050033884,1.6114692553068237,1.6236521967439488,2
1768374715724741410,24.17347746788412,8.939764219635729,1.6116409694683351,1.6221990444784784,2
1768374715774662550,24.17347746788412,8.939764219635729,1.6116409694683351,1.6221990444784784,2
1768374715849605581,25.166550536655173,8.813612721079298,1.6136591607645998,1.6233766841210078,2
1768374715924583695,21.484873984552344,8.782138345387525,1.6113131431658592,1.624961731821523,2
1768374715976129897,21.484873984552344,8.782138345387525,1.6113131431658592,1.624961731821523,2
1768374716124541819,23.332001028368854,9.051534928793323,1.6103451340419417,1.622831070457575,2
1768374716182167329,23.332001028368854,9.051534928793323,1.6103451340419417,1.622831070457575,2
1768374716252655204,24.03628434972194,8.972523888071708,1.611973078982145,1.6225536444333188,2
1768374716374622806,24.2879268175602,8.83897742130662,1.6126494813789751,1.6229850775224028,2
1768374716526427984,23.467665001782436,8.922448585919803,1.6115799546452794,1.622998506090462,2
1768374716574986525,24.180171309406752,8.726921312841489,1.6132183025319438,1.6231395210032467,2
1768374716649428998,23.37199072323015,8.689391904395542,1.612646429729931,1.623772771441558,2
1768374716724629017,24.702048749870364,8.852084250330586,1.6125739038461673,1.6225603963389865,2
1768374716850505607,24.761206661089386,8.712801292643764,1.6136991233004812,1.6227905804744127,2
1768374716974849298,24.12024949013003,8.76633518224148,1.612830761870466,1.623565911830324,2
1768374717050027265,24.494797180472982,8.857613751690204,1.6129252540526837,1.6227867195426298,2
1768374717127257429,25.744744494087477,8.545642594914172,1.6157361178902536,1.6232887710697534,2
1768374717374446981,23.907186992338403,8.98938722061556,1.611397844403362,1.6223424308692198,2
1768374717524976566,23.284344039556927,8.745031759548093,1.6129205306293815,1.6238523062641264,2
1768374717574472191,23.025444170531316,9.176749254987916,1.6096686402722284,1.6227765169819004,2
1768374717649631920,27.87044694842944,8.66136398885995,1.6165701128743177,1.622245129582917,2
1768374717849536816,23.860479207673755,8.588874358160922,1.613240504699186,1.6228992910039168,2
1768374717906918652,23.860479207673755,8.588874358160922,1.613240504699186,1.6228992910039168,2
1768374718124304315,23.38410197635543,8.70611687164126,1.612935224229616,1.6237569082195022,2
1768374718180023267,23.38410197635543,8.70611687164126,1.612935224229616,1.6237569082195022,2
1768374718325481719,24.996199484022654,8.894180614847835,1.613030550206557,1.6230236286344435,2
1768374718374626698,24.996199484022654,8.894180614847835,1.613030550206557,1.6230236286344435,2
1768374718456810927,25.179025380107632,8.982847315375114,1.612776330160895,1.6224079249941261,2
1768374718525237715,21.97704738546369,8.579245636273212,1.6124813452393967,1.624355032629006,2
1768374718649375904,22.721332647963166,9.001215423725734,1.6103060993774412,1.6227714972626313,2
1768374718731206259,24.530868697864918,8.755591008768867,1.613387600864022,1.6231308973671377,2
1768374718775392629,23.962911869134686,8.484668708334242,1.6150628735842718,1.624504126567485,2
1768374718849770174,22.520342193552032,8.802170158995757,1.6118252240956827,1.624621834980718,2
1768374718924487992,24.52354452728933,8.768022939177689,1.6130966259823867,1.6228327613956546,2
1768374718974864110,22.969325071309665,8.536760526102842,1.6137419986077037,1.6242547965756053,2
1768374719049898041,23.311994971538795,8.922605104906244,1.611289632549971,1.6232538695806888,2
1768374719174486788,27.391474818576178,8.504838478392589,1.617661672949823,1.622968202920473,2
1768374719325004209,26.248846732860322,8.712993600190888,1.6144487528316271,1.621831974469863,2
1768374719374302684,24.4729142448572,8.647243011447625,1.613948423779724,1.6227407837122834,2
1768374719524441555,25.942076778684875,8.893444265647021,1.6136599341211244,1.6217594457555842,2
1768374719574968666,24.698655983016458,8.72529341951356,1.6133672467391438,1.6226111089558513,2
1768374719649590532,23.411120728361155,8.921790701459063,1.611381205310115,1.6234340357161745,2
1768374719974724633,23.011100743586475,8.941172542630074,1.6110112177483884,1.6233919755396533,2
1768374720050059157,25.620468796367703,8.929191180009749,1.6130871850994266,1.6221163733984811,2
1768374720124602909,23.45092569411733,9.0447625052759,1.6109064275449734,1.6225215320402084,2
1768374720179246218,23.45092569411733,9.0447625052759,1.6109064275449734,1.6225215320402084,2
1768374720324387834,23.800801599870745,9.014141394992054,1.6116392512968756,1.6232174797050751,2
1768374720374635365,23.800801599870745,9.014141394992054,1.6116392512968756,1.6232174797050751,2
1768374720574366236,25.59269850827528,8.843712721586623,1.6136916242079844,1.622771325981996,2
1768374720649842562,23.66236735178329,8.87098627207638,1.6117805135251042,1.6235647441270193,2
1768374720728157159,26.19995340924475,8.744068431940853,1.6146440387984218,1.6223776009345896,2
1768374720778061138,24.41815523779112,9.033047658688673,1.6113781429600387,1.6226339294921337,2
1768374720849389478,25.675045772346692,8.88968792279949,1.6134951245372566,1.6218402312655664,2
1768374720924399195,22.794594104541765,8.902075796955117,1.6109948132064222,1.6235996597133917,2
1768374721054048694,23.354229665062842,8.959407214242912,1.6114678989143965,1.6234380978643455,2
1768374721124803700,22.5314758380637,9.07251900285461,1.6096445883488761,1.6232066627029855,2
1768374721174987675,24.890667287782886,8.649544849769034,1.614508803858154,1.6237957153786708,2
1768374721249473612,25.59989961530107,8.502383670431811,1.6157753476454426,1.6230591711334545,2
1768374721329423834,25.15207512168893,8.85878627338339,1.6126639569970835,1.622186573546506,2
1768374721374443130,23.141912655265664,8.92546529511492,1.6115503171372485,1.6235986069886892,2
1768374721524467543,26.118760415722477,8.627760277713492,1.615116376797633,1.6221929302770033,2
1768374721649569912,24.001222555053438,9.101334855612428,1.6111830135068779,1.6228784438374457,2
1768374721724502878,22.114722642262883,8.952904781592213,1.6104841272092456,1.6241125767896596,2
1768374721924589948,24.921494514711373,8.745962390065115,1.6133805182318712,1.622574276881687,2
1768374721975868256,24.157476342637096,8.627797653015946,1.6133805182318712,1.6233441292656519,2
1768374722176408001,23.698582996352524,9.005651609399859,1.6115050739293413,1.6235814114206437,2
1768374722324943638,24.180513660908343,9.127221359372106,1.611326414125145,1.62295033046887,2
1768374722381465865,24.180513660908343,9.127221359372106,1.611326414125145,1.62295033046887,2
1768374722657019980,24.04250511445749,8.925357187273146,1.6114243128541776,1.6226393383968545,2
1768374722849741268,24.075669805293963,8.771027939110605,1.6124977440810475,1.622876957141032,2
1768374722932771858,25.468077646038978,9.051897772364647,1.6123414442516328,1.6224055719588197,2
1768374722974361796,24.476253136429094,8.94872134961017,1.612148664313321,1.6225222695620478,2
1768374723249481904,22.705245494847315,9.00613566957771,1.6105503956536158,1.6235391329687865,2
1768374723326595407,23.608476319196605,8.839584613740426,1.6123876356662294,1.6234008104688364,2
1768374723374307961,25.583510857897895,9.009104794796023,1.6122723995336936,1.6218688088075788,2
1768374723449821648,23.65848396545278,8.827776168351194,1.6123605813288648,1.6235533402680735,2
1768374723574473996,24.821945602469864,8.758310767602545,1.613562523506101,1.6231324305511563,2
1768374723649620426,25.562459574316463,8.919135559334565,1.6129419250383987,1.622403192911598,2
1768374723724592577,24.75029754655744,8.771472183287708,1.6136383298362122,1.6233211124006597,2
1768374723774417079,24.112441412485587,9.03501945250541,1.6116175004196618,1.6227851865075285,2
1768374723925092952,23.18298689928544,8.90949347817294,1.6116179840218834,1.6233812933054077,2
1768374724049532606,24.853432060669036,8.445788496738139,1.6152677429295244,1.6233611858110655,2
1768374724105397651,24.853432060669036,8.445788496738139,1.6152677429295244,1.6233611858110655,2
1768374724175221271,21.203949378221232,8.820690401891504,1.6104541128296035,1.6245003725695295,2
1768374724449906050,26.434637645998293,8.429722576556252,1.6164672879912492,1.6230313775826222,2
1768374724524260057,25.45104732724557,8.805790065838572,1.6132752202096097,1.6218914069898862,2
1768374724574416961,25.45104732724557,8.805790065838572,1.6132752202096097,1.6218914069898862,2
1768374724704336756,25.347285217363293,8.611819982483091,1.6148135345973766,1.6235423028688696,2
1768374724774433403,22.876451150017907,8.970696845776983,1.6105722688648387,1.6235863126223475,2
1768374725174607928,23.360696342189513,8.805370974290302,1.6123287862846318,1.6234061232986443,2
1768374725250264854,17.191695357167134,6.5783208754853035,1.6021793241717446,1.624226683507194,2
1768374725324606073,22.926950717135462,8.931800989079584,1.6109206455946643,1.6236912478761294,2
1768374725374546412,23.486956800796044,8.781730618239115,1.6121921663338374,1.6236387330267141,2
1768374725449485250,22.436325750558428,9.002770964710566,1.6107894352522345,1.6244620471262956,2
1768374725524769496,24.914365651527824,8.821069433881751,1.612943313037533,1.6224671790471967,2
1768374725574343628,23.067030847758296,8.910504894095876,1.6114425593262152,1.6232119239041045,2
1768374725774375475,25.429244967670293,8.6899710957442,1.6142747627361878,1.622804156996668,2
1768374725849613494,22.04657088601958,8.788398853815107,1.6110866116581566,1.6240609914249855,2
1768374725924348560,23.64189972063313,8.698454906294737,1.6129968363128298,1.6237798251526772,2
1768374726174605960,23.549635776722422,9.043398333621592,1.610654306449439,1.6223554329582708,2
1768374726249998558,24.508312033441506,9.181874194306157,1.6110240422910653,1.6224300157703604,2
1768374726449780826,23.621326549791544,8.83639608224621,1.6119924492910922,1.6240100999971827,2
1768374726774800460,24.26608979455014,8.889273095844999,1.612380005875939,1.6229120127771377,2
1768374726849839588,24.84278278755192,8.971451074172665,1.6121629795480985,1.6223743627797969,2
1768374726928272913,24.831874974486468,8.937701716896944,1.6123418580809088,1.6219215495689587,2
1768374726977200105,24.92134107686872,8.717904880836704,1.613921350678787,1.623400293189562,2
1768374727124647336,11.467760126825155,6.100865857613814,1.60802290477273,1.6234315814520264,2
1768374727174393046,23.78732342599932,8.465631282891895,1.614448476531108,1.6243561602462275,2
1768374727252814321,25.97266734074544,8.748933086572617,1.6146367858852553,1.6225147816404037,2
1768374727374902936,23.822637147975946,8.72996516858139,1.6127238047258647,1.6238278505333754,2
1768374727449704878,26.19150460906816,9.028038142888766,1.6126538929821665,1.6214731870934105,2
1768374727649683931,22.711719797191996,8.79862814270096,1.6114189564446855,1.6239475908201708,2
1768374727724465924,24.606280270491165,8.837358274498028,1.612627428998388,1.6229979332544648,2
1768374727774368352,24.601228739030034,8.822232763938628,1.61297830535729,1.6228489516699343,2
1768374727849808094,24.721346821248822,8.875867226227317,1.613015235243852,1.6229558951879932,2
1768374727924505533,24.94514901684708,8.660594162496828,1.6141567546055287,1.623184140709991,2
1768374728049747279,14.213286824756421,6.349779600696112,1.604099320058489,1.6229204217851536,2
1768374728124886436,23.84270854390813,8.810124113341901,1.6121609733705973,1.6231913418946318,2
1768374728174673702,25.228531774191154,8.98827219963435,1.6121609733705973,1.621802047239143,2
1768374728250066469,23.45742744549395,8.980986016606426,1.610957750191609,1.6230831949556657,2
1768374728306601322,23.45742744549395,8.980986016606426,1.610957750191609,1.6230831949556657,2
1768374728375904725,25.54346021828846,8.698538868735673,1.6145418597617727,1.6227113860039755,2
1768374728524409991,23.44062495597754,8.923205713874266,1.6118589915081754,1.6243088059006285,2
1768374728581606833,23.44062495597754,8.923205713874266,1.6118589915081754,1.6243088059006285,2
1768374728650048906,23.539788026719634,8.752215397109143,1.6124659352348327,1.623348206879069,2
1768374728774674536,22.746408127106044,8.892460318706354,1.6108657297115787,1.6231898103983098,2
1768374728925662264,24.553182504905237,9.182227640222555,1.610662998898769,1.6217132908899934,2
1768374729131343185,24.64616066063563,9.001812893669577,1.6119488587587225,1.6225134900351728,2
1768374729174724304,24.37751824438572,8.75197867800145,1.6132523489351842,1.6233992941370914,2
1768374729250236082,22.84877438900135,9.241671350781935,1.6095327585071062,1.623039376761598,2
1768374729374545483,24.29756877780398,8.789207829207236,1.613061493321589,1.623526738321282,2
1768374729449701859,24.587621955114656,8.602611426964888,1.6146874902195278,1.6235600914923611,2
1768374729525733852,24.05314356607402,8.688937114311736,1.6139039164489537,1.6244908441902022,2
1768374729574331041,24.496203518229454,8.687530737227112,1.6138464622173059,1.6234716086943868,2
1768374729649446349,24.058785176571895,9.019196794403669,1.6114934180468377,1.6229885255293064,2
1768374729724624257,27.25331598225722,8.317894990148883,1.6182628196424762,1.6232469240937595,2
1768374729774766997,25.06878459918105,8.409893607522992,1.615696674796965,1.6237245044142243,2
1768374729924898384,23.920788141556404,9.002316112130297,1.611126171326248,1.6227347497847935,2
1768374729975037074,23.908407945291586,8.67425166347033,1.6133846932031488,1.6238488413581664,2
1768374730049511246,23.087969133536834,8.888366723946795,1.6112051604313948,1.6231061770782982,2
1768374730124913677,24.771088472204774,8.974276144980825,1.6121797820573605,1.6228555062262946,2
1768374730249925046,24.020664845019635,8.919252865601631,1.6112454972323684,1.6220042638244407,2
1768374730306751420,24.020664845019635,8.919252865601631,1.6112454972323684,1.6220042638244407,2
1768374730374868590,25.108398567173616,9.041837452639712,1.6120084213654304,1.621897709950599,2
1768374730449438967,24.51268017463093,8.757132630767575,1.6128926490597053,1.622664399059572,2
1768374730524512338,23.436584784811032,8.8785696888441,1.6114659417130286,1.6233139852362115,2
1768374730579482680,23.436584784811032,8.8785696888441,1.6114659417130286,1.6233139852362115,2
1768374730649569928,25.898937044403603,8.849545577897436,1.6140578240238912,1.6226127678271092,2
1768374730724369540,24.208990685441467,8.736189842349189,1.6129636564401808,1.6231811321204221,2
1768374730774369613,24.208990685441467,8.736189842349189,1.6129636564401808,1.6231811321204221,2
1768374730854627269,24.60867422460411,8.964765662265664,1.6119870574703359,1.6222809159839922,2
1768374730904145746,26.20401759058244,9.139517458668054,1.6119426127248473,1.6208936934785616,2
1768374731049468100,22.030185833285422,8.87876418956607,1.6108697711769349,1.6242247790176354,2
1768374731249853768,22.526535707687813,9.087554543302923,1.6094631112489697,1.623585827917861,2
1768374731450010488,25.385244783000303,8.62295368866537,1.6147977492331307,1.6232663012041757,2
1768374731524742875,22.352427994600134,8.704654063857,1.6116375067995308,1.624375732253179,2
1768374731574426509,25.59074651964277,8.672509368262808,1.6145122638117018,1.6226652980634488,2
1768374731649534981,24.958152160270195,8.673197510876932,1.613858119004266,1.6226325359150748,2
1768374731774345398,24.720994062229273,9.009662384695,1.611718883084156,1.6220273452215421,2
1768374731849507318,24.033749896952283,9.022124078091906,1.6112632934687654,1.6226994387571458,2
1768374732174571306,24.061578092960723,8.864031127837098,1.6122032598017346,1.6230798775361224,2
1768374732249665775,22.799907328459046,8.923581120708251,1.61095708687465,1.6231854144521345,2
1768374732324533481,16.19224762607585,6.560092237774597,1.6021800459759639,1.6234749032431455,2
1768374732375825207,15.61634185012295,6.46172140915507,1.6021800459759639,1.622890593208117,2
1768374732449414777,22.810937349772466,9.068308409008136,1.609749176278264,1.623076582247824,2
1768374732649633565,25.730821146271232,8.86085049082897,1.6133775471316698,1.6220244114374192,2
1768374732724957173,23.6480105334278,8.755854220208317,1.6127914687396563,1.6236005064115548,2
1768374732774572811,23.6480105334278,8.755854220208317,1.6127914687396563,1.6236005064115548,2
1768374732900809213,24.819099344618678,8.878098821118629,1.6125493096951737,1.6222778023282134,2
1768374732974406641,24.812776395856993,9.031396304638944,1.6119279185330024,1.622212470264469,2
1768374733176677812,25.304096352366745,9.062439976513916,1.6125182164318428,1.622370505133672,2
1768374733325075633,23.568428440956744,9.114826220122675,1.6100953037803232,1.6222739971018831,2
1768374733451853391,23.738608755043966,8.739996345147878,1.6127840882638467,1.6240970809019577,2
1768374733524996616,23.47903788803718,8.759374764435393,1.6121058603564875,1.6230227689041838,2
1768374733574364673,24.795727238555052,8.972888686665296,1.6120415967432253,1.622595274994401,2
1768374733727328688,25.293564940220612,8.868764658410829,1.6131870521405147,1.6226274726202794,2
1768374733774622031,24.661333132206753,9.05356656466417,1.6114072185451562,1.6219805709711428,2
1768374733849913186,25.38584180203629,8.867164752277313,1.613523977835938,1.6231256733923174,2
1768374733974883877,24.21814214689455,9.028548577007781,1.611442008109906,1.6221466761219425,2
1768374734049448793,25.68520663000795,8.79698134640618,1.613856004015612,1.6219679337395232,2
1768374734124781848,24.57953739616925,8.83327708440091,1.6128717597881947,1.6227237965638484,2
1768374734174827515,24.066916883085597,8.78025828504503,1.6129940441075779,1.62301564182931,2
1768374734249490361,24.247834448301695,9.127096278061586,1.610607000587824,1.621905197677235,2
1768374734324655031,24.3042258982733,9.065208553577284,1.611299928604985,1.6225771398129787,2
1768374734374530315,24.625141402452755,9.106319920760813,1.611299928604985,1.6222504810592497,2
1768374734449588854,22.718734465869915,9.051752381514945,1.609711713219489,1.6223499570775093,2
1768374734506740301,22.718734465869915,9.051752381514945,1.609711713219489,1.6223499570775093,2
1768374734575437599,22.359253586554217,8.859335923665952,1.6114568879359155,1.6240737182271197,2
1768374734649551849,24.542374983467894,8.927874410585831,1.612287606687292,1.6223333494226495,2
1768374734724496833,24.392798588850795,8.9892951119433,1.6120084648180968,1.6229079535047854,2
1768374734780536099,24.392798588850795,8.9892951119433,1.6120084648180968,1.6229079535047854,2
1768374734850028231,23.96098654255652,8.93613190595094,1.6120670435987825,1.623358273835166,2
1768374735056783981,24.37973950873129,8.841993969636636,1.6125833097204572,1.6226919342037982,2
1768374735125606188,25.47462565077252,8.72396926347006,1.6137497145168505,1.6227878854355904,2
1768374735175305447,23.39541827464342,8.902704467372665,1.6116378131235487,1.6232464722474784,2
1768374735249503796,25.1401523220649,8.938860869426081,1.612588311092465,1.6224230854759674,2
1768374735332601121,24.75321023379329,8.784931410837272,1.6129261490899025,1.6221033642236549,2
1768374735374605457,25.5252774374759,9.125270861267213,1.6117175258601593,1.62177094331434,2
1768374735524473701,25.026429234433323,8.890008414096327,1.6128551926620232,1.6223174773406268,2
1768374735649670365,11.112269357100413,5.957243676831891,1.6068677832055267,1.622077295905893,2
1768374735725349343,25.339319129770168,8.924175221021036,1.6130792423426161,1.6224048060264735,2
1768374735924551571,23.638412510198272,8.978475235700987,1.6112977617940052,1.6222930177108728,2
1768374735974349254,22.849833289813493,8.984449381092245,1.6106349649480858,1.6235669969396909,2
1768374736049446002,23.85764496865783,8.909937523178488,1.6117725778699876,1.6229045178652564,2
1768374736124580277,24.750294139396,8.940768324130612,1.6121883880405121,1.6223984524475674,2
1768374736174749840,25.773763975952324,8.813193243084347,1.6137585159347059,1.6224706621946885,2
1768374736249673936,25.51314164922602,8.423898152200367,1.6160847298738394,1.6238609579978092,2
1768374736324603037,24.634820799378954,8.942479988275206,1.612445716067679,1.62268350090655,2
1768374736449498322,23.87818083122184,9.294355228193481,1.6098424118084278,1.6220476543537665,2
1768374736506131158,23.87818083122184,9.294355228193481,1.6098424118084278,1.6220476543537665,2
1768374736574987747,22.669046889080224,9.044358293647663,1.6103242788979721,1.6239819118612389,2
1768374736649870675,25.480998326741666,8.741432343804775,1.614355682878244,1.623333744627853,2
1768374736724371420,24.194820280563746,8.584895226222457,1.614209295146315,1.6234756804142954,2
1768374736779890572,24.194820280563746,8.584895226222457,1.614209295146315,1.6234756804142954,2
1768374736850068475,25.330976218712607,8.481551767800577,1.6155152060163551,1.6240760255309774,2
1768374736924882209,24.926054363191064,8.754974494990813,1.6139673655576854,1.6233314596815949,2
1768374736974503900,24.926054363191064,8.754974494990813,1.6139673655576854,1.6233314596815949,2
1768374737054636867,24.902054867037783,8.478470794737218,1.615048092938527,1.6232845575184136,2
1768374737450073516,24.348162608034187,8.851916212729018,1.6126486483991496,1.6232845882561744,2
1768374737524455738,22.987497052325168,9.035488236778686,1.610745582263097,1.6235199740118798,2
1768374737724606296,23.623494338390838,8.967530032669371,1.6110046323467038,1.6222348157833324,2
1768374737774430388,23.090853874410566,8.863455046897842,1.6120425301329255,1.6244069167258128,2
1768374737849635785,25.304580101506158,9.084713707528449,1.6112132758690032,1.6210505472721173,2
1768374737924759498,25.146882078212364,8.95439818132081,1.6126008184835767,1.6225598161321972,2
1768374737974735433,12.275048093203011,6.125003982431581,1.6065570720018276,1.6230965968036806,2
1768374738049701239,26.67965790960869,8.521713166090358,1.6167917091537345,1.6231023230470172,2
1768374738124507600,23.777692294952857,8.578043284113804,1.6135624471453582,1.6232846738264528,2
1768374738175510038,23.438355406161236,8.998836306083918,1.6111480577140471,1.623257244735105,2
1768374738324482430,24.4652927174458,8.750021944271564,1.6136691484128214,1.623663401168046,2
1768374738374434568,24.32891749365296,8.812667454939685,1.6128687505198083,1.6233791228516397,2
1768374738574553518,24.05262320935386,8.812443211569056,1.612399693374573,1.6230295342807168,2
1768374738649902820,25.729769740655108,8.671276252873117,1.6146261618271613,1.6230297011944854,2
1768374738707944554,25.729769740655108,8.671276252873117,1.6146261618271613,1.6230297011944854,2
1768374738777017323,22.79739339530429,8.95557597767333,1.6105580127687646,1.6230854511002295,2
1768374738850171194,23.93921824391576,8.739472276265,1.6129021614439347,1.623482816418381,2
1768374738924634861,23.3406557348832,8.832364005256037,1.6120915785305387,1.6230281661922195,2
1768374738981238939,23.3406557348832,8.832364005256037,1.6120915785305387,1.6230281661922195,2
1768374739100798047,23.04343888705418,8.626411624076047,1.6129836278915632,1.6245263516579385,2
1768374739174425175,23.151164283262915,8.934025502088067,1.6112136429005963,1.6231148128362802,2
1768374739250061251,26.418141548028462,8.516885217138787,1.616013947646283,1.6223874500640851,2
1768374739376344523,25.033568121607395,8.919638849602968,1.6129365354676624,1.622496179671692,2
1768374739524992092,25.201887953478554,8.586112047121453,1.6141169697161177,1.622022211974319,2
1768374739574956366,22.752422667797312,8.86353610095351,1.6114396196117888,1.6235884157756117,2
1768374739651575107,23.544097025031576,8.860549142822931,1.6123364024454683,1.6239066695382118,2
1768374739774486261,24.417130000601972,8.844781703117224,1.6127599160571078,1.6232328577477495,2
1768374739926766717,23.485196182023493,9.041887524866567,1.6109487578711725,1.6231956789234796,2
1768374739974417779,26.01810355190071,8.775164062244297,1.614191826268623,1.6220079390874322,2
1768374740124466817,24.677927502712027,8.916465056200476,1.6125763477356652,1.6231064149552072,2
1768374740174743063,23.676621774619377,9.444034324167756,1.6081766756463505,1.6211490066174088,2
1768374740324608261,24.70418942789232,8.426775640262328,1.6156869326941032,1.6237869767538688,2
1768374740374636967,23.708188780273034,8.810552648940927,1.6117864057453202,1.6231789297113606,2
1768374740449388937,24.265264935909634,8.79521911000344,1.6129981422783737,1.6236096649082499,2
1768374740524483345,23.778515826721414,8.987102788190162,1.6110473604527293,1.6230132744076091,2
1768374740575133787,24.566336386978584,8.535887303889863,1.6150638119376872,1.6243353541117898,2
1768374740649546590,24.64006804024299,8.860469241009099,1.6128663789687203,1.6227183883235055,2
1768374740707800412,24.64006804024299,8.860469241009099,1.6128663789687203,1.6227183883235055,2
1768374740776231729,23.75735616403074,8.88422568161752,1.6121923312010236,1.6232466305032298,2
1768374740924816972,24.752851544790786,8.868157464377232,1.612871513300886,1.6227393015152691,2
1768374740981017235,24.752851544790786,8.868157464377232,1.612871513300886,1.6227393015152691,2
1768374741050249799,25.344247489629268,8.704459620962517,1.6141837806914279,1.622709877362987,2
1768374741374461578,13.965740048982322,6.1970975413301295,1.604725754129598,1.6230295890565651,2
1768374741449473123,25.394514647865797,8.536307103042281,1.6150025363875833,1.6233909080355,2
1768374741575102577,24.458214248950895,9.10456700945532,1.6113826379716252,1.621998353569457,2
1768374741724662338,26.11069551303391,8.957300094188222,1.6130897206424526,1.6217171924732323,2
1768374741849945733,27.15920876142075,8.616262530787541,1.6160013933508353,1.6222814621172772,2
1768374741925039634,24.603139790754902,8.829372586187754,1.612721141337009,1.6229808300229034,2
1768374741974531746,23.29311386063493,9.026065861931107,1.6105986593486026,1.6230379121572962,2
1768374742049613519,23.747197716570412,8.856592031617442,1.6124289369844442,1.6233963777222655,2
1768374742174631700,25.318888972367446,9.253834258211791,1.6111469644326923,1.6213377410326038,2
1768374742249718747,22.829021840146567,9.040898373207112,1.6105851319347753,1.6234338647851554,2
1768374742324662013,24.942411665302977,8.876831045055987,1.6134197172803797,1.622802768185024,2
1768374742374409327,25.30634459151937,8.696259529525104,1.6146950145413976,1.623573557356566,2
1768374742574503418,25.591159325607514,8.74470734431441,1.6146780964647682,1.6231731456269476,2
1768374742774623821,25.967372622099695,8.824884103429383,1.613674447100407,1.6221193097811677,2
1768374742849817455,22.494397205661045,8.900033758908693,1.6108703741667496,1.6238015299529858,2
1768374743049981716,23.701466956958626,9.010423199651658,1.6108942415034433,1.6228069093479918,2
1768374743124400636,25.67766781888259,8.701557605968176,1.6146985871410178,1.6227629075872123,2
1768374743174868263,25.67766781888259,8.701557605968176,1.6146985871410178,1.6227629075872123,2
1768374743374340038,25.500595645826962,8.560923667666838,1.6150937146405044,1.6227024694342693,2
1768374743528414224,24.937387380357112,9.17655776379563,1.611459963322464,1.6222083675077055,2
1768374743774323423,23.250770409452226,8.952016709400205,1.6108640481129826,1.6229393814482072,2
1768374743853415199,23.917577457448047,8.884954867286606,1.6123148744557143,1.6230732160831727,2
1768374743925051445,23.85607416915736,8.885931826641784,1.6124652629595877,1.6234844177366812,2
1768374744049633767,23.376381381104537,8.957789787027865,1.6106225150070081,1.6218923918085995,2
1768374744128502102,24.227039201780933,8.612041067767782,1.6137757863764408,1.623431565515689,2
1768374744174412279,23.422560282486238,8.774110692688957,1.6127530914407302,1.6238261762629478,2
1768374744374824335,22.261087010441827,9.111840811189058,1.609399027883083,1.6230714111095281,2
1768374744524705863,23.50128464860535,8.81210191272441,1.6123382213795436,1.6234239184162436,2
1768374744574205160,23.499269150667466,8.818913128902345,1.61167220246661,1.6228986445737303,2
1768374744649657737,24.289721368291104,8.583335767767938,1.6145396801347474,1.6238440814611301,2
1768374744701828274,24.289721368291104,8.583335767767938,1.6145396801347474,1.6238440814611301,2
1768374744976006935,26.422872862140288,8.438992698511266,1.6170645673692123,1.6236719728894926,2
1768374745049959557,22.5026036191589,8.892125461942431,1.611025709797788,1.623970119636748,2
1768374745251064888,23.289226158053733,8.918483469114083,1.6110525771937285,1.6233316614250117,2
1768374745374539479,24.481339052177866,8.868380921076678,1.6128236314217521,1.6232137194637908,2
1768374745456519718,24.748350125093577,8.863838176603789,1.6125628937254894,1.6225259694234013,2
1768374745525580135,23.73714725611986,8.701505487761715,1.6129731765079947,1.623662172221631,2
1768374745576292305,25.903578850545948,8.885084670958989,1.6138109530437037,1.6227039924260178,2
1768374745649495230,25.04719849505377,8.796127394689009,1.6133993370237847,1.622641068149905,2
1768374745732669316,26.34125053849501,8.63255252055738,1.6154198978544698,1.6221389375024862,2
1768374745774381217,25.379781715024528,8.798993292679572,1.6131130786235193,1.6223696882054555,2
1768374745924859321,24.13055768569916,8.821256525529481,1.6127049478409758,1.6231809886403998,2
1768374745974503393,25.117809702795757,8.622855412080618,1.6147331615719422,1.6227978779682835,2
1768374746049591357,24.228058753754222,8.680900038423419,1.6135841302870637,1.6230940817762585,2
1768374746324973147,25.201039202092712,8.647495453927435,1.6148159704932694,1.6232907478906549,2
1768374746449585538,23.152613874546148,8.733913323656378,1.612811957967405,1.6244329816875813,2
1768374746524559735,25.497474419579724,8.454004506281375,1.6160879419051162,1.6239407470054106,2
1768374746574834315,24.482705753451796,8.737990427711877,1.6134356548815116,1.623067047790003,2
1768374746649740758,24.52329389847896,8.83275249092497,1.6127944249048434,1.623044445571326,2
1768374746724588177,23.634046348764983,9.064533054583926,1.6109917612584725,1.6228014231459624,2
1768374746775244296,22.79793595455604,9.30308998570668,1.6080867568746708,1.621372400993624,2
1768374746849431443,23.59833458029459,9.000086682820262,1.6110462844120232,1.6225950751515537,2
1768374746904612156,23.59833458029459,9.000086682820262,1.6110462844120232,1.6225950751515537,2
1768374746975358380,23.090830414111974,8.973441391256152,1.611078795355426,1.6233577464973492,2
1768374747049601944,23.069849605756197,8.98585470417243,1.611139416570231,1.623508108185622,2
1768374747124543584,24.614406160985205,9.293171396294872,1.6102713698268216,1.6218031219314226,2
1768374747179753873,24.614406160985205,9.293171396294872,1.6102713698268216,1.6218031219314226,2
1768374747250130822,25.880594599781315,8.976229063796032,1.6129811273909522,1.622642811886452,2
1768374747324634453,24.188593159297334,8.900516043786707,1.6122290455154973,1.6232628749117153,2
1768374747374484635,24.188593159297334,8.900516043786707,1.6122290455154973,1.6232628749117153,2
1768374747455101092,23.451433727762925,8.912120472778842,1.6119146031383123,1.623440266970139,2
1768374747574463725,25.80207959174419,8.732305396439303,1.6142719222946236,1.6226542552359977,2
1768374747649484685,25.00753772496589,9.081019956404159,1.612257547283441,1.622970660918649,2
1768374747730592357,23.426051763393296,9.171707686626116,1.6092459108317532,1.6223434570246107,2
1768374747849677204,24.138448773668884,8.573910005822988,1.6141740777851283,1.623545138078426,2
1768374747924767496,23.836096842365208,8.879255096224457,1.61212977385702,1.6230589645702267,2
1768374748049710129,24.888229694398856,8.523035424257063,1.6147482107808147,1.622655174678887,2
1768374748125764769,24.37248670889258,9.049954446436237,1.6112811716800803,1.6222178622564758,2
1768374748174597180,25.763927904817407,8.876131563602817,1.6133416277038375,1.6224405010805223,2
1768374748325213971,25.384816054780714,8.86757697717686,1.6133664770843337,1.6225596763298997,2
1768374748524411481,24.42271565260978,9.009057604917912,1.6121118761018116,1.6224792933592012,2
1768374748574604137,23.465268057263344,8.949487154127041,1.6109279512131116,1.6227725430120006,2
1768374748649659680,24.810924865005024,8.935280702378233,1.612259917932758,1.6225383834273235,2
1768374748724448611,23.95051199281162,8.76562501403914,1.61270901329687,1.6230814507040212,2
1768374748774682831,25.51923125999633,8.754417878456183,1.6138734954078304,1.6223717590210847,2
1768374748849528847,24.749398849689854,8.656371462112906,1.6143800472040795,1.6235527996087191,2
1768374748903130743,24.749398849689854,8.656371462112906,1.6143800472040795,1.6235527996087191,2
1768374749124727683,22.98392255120074,8.697980455731951,1.6123706925014314,1.623564068820304,2
1768374749178167318,22.98392255120074,8.697980455731951,1.6123706925014314,1.623564068820304,2
1768374749325105191,24.48011843442255,8.841925104294306,1.6129998181607828,1.6236051460052683,2
1768374749375301620,24.48011843442255,8.841925104294306,1.6129998181607828,1.6236051460052683,2
1768374749500952368,24.014268552854823,8.76211481331725,1.6128986475018094,1.6239565720056917,2
1768374749574509090,24.269820410103947,8.584744410112268,1.6144228029845717,1.6238431967657223,2
1768374749649971825,24.89305995336366,8.773436940456262,1.6137848874320624,1.6235428317927876,2
1768374749727525385,23.802952739081505,8.82973750629616,1.6122146595623081,1.6232074233517246,2
1768374749924781592,25.000523753689663,9.103625762653841,1.6116111119835284,1.621718561292286,2
1768374750052182112,26.61933060420307,8.884941701575022,1.6139143082744003,1.6216937488000662,2
1768374750124805443,22.549331078440595,8.93283897520828,1.6103261340703954,1.6234623671322221,2
1768374750174847406,22.975955504460856,8.958433903500739,1.6109940870704993,1.6237111585444655,2
1768374750328443447,24.97354111509953,8.640318686790279,1.6144727671935828,1.6231300973045477,2
1768374750374487827,25.66419913644369,8.647810997831598,1.6148237442644655,1.622645562364437,2
1768374750649941806,24.688274118277455,8.824061899535781,1.6130402887783477,1.622914457966986,2
1768374750774833603,24.96998288752672,8.891278594831158,1.6125182267343132,1.6224444691714905,2
1768374750849535497,26.006729075501724,8.95484825423868,1.6133220205534375,1.6223330534777205,2
1768374750902483534,26.006729075501724,8.95484825423868,1.6133220205534375,1.6223330534777205,2
1768374751049718098,24.99145363488853,9.157046102335084,1.6110908917065028,1.6221228202347737,2
1768374751106526594,24.99145363488853,9.157046102335084,1.6110908917065028,1.6221228202347737,2
1768374751177093446,23.954764950180785,8.701541849376722,1.6131732742591358,1.623364069777395,2
1768374751450291084,25.816302216115304,8.565306502710063,1.6156037998503157,1.623095594957311,2
1768374751726758452,23.085690226959166,9.029730863257758,1.6106678709074738,1.6233722815133549,2
1768374751849583726,24.59340055027215,8.663351575954774,1.614489141001592,1.6238112040632016,2
1768374752050351711,24.20349412844125,8.788357621680879,1.6133298567639305,1.6240826852828472,2
1768374752124627729,25.75704490204189,8.240478567823656,1.6174758868900476,1.6236744607402933,2
1768374752250005730,22.949101987310037,8.946556580868672,1.6108922744682144,1.6233425322203774,2
1768374752324746359,23.52787223564401,9.101222502651972,1.6105108099012704,1.6227821914816567,2
1768374752449534143,23.03783022522743,8.900677410775897,1.6115597292761825,1.6237350852504213,2
1768374752524785124,25.02468342193054,8.789095643871638,1.6135693756694138,1.6229665532032418,2
1768374752574827305,24.042912768272863,8.948081751273174,1.6117307913207173,1.6226535437748288,2
1768374752849886003,24.879358823477915,8.621235285562244,1.6142995214310045,1.6233510506629534,2
1768374752924756719,24.204058393671126,8.98807876940197,1.611372627434723,1.6224057087904957,2
1768374753050113393,23.95432290383326,8.650594251632796,1.6135686198140335,1.6240166529265339,2
1768374753103662766,23.95432290383326,8.650594251632796,1.6135686198140335,1.6240166529265339,2
1768374753175171378,22.993888962938858,9.02110831953434,1.6102273057553147,1.62285949771233,2
1768374753250410937,24.575263080947707,8.740112024362295,1.6130683750954384,1.623160192676256,2
1768374753324386485,25.329834658865735,8.983042106934075,1.6120191491222253,1.6221665950042419,2
1768374753377998485,25.329834658865735,8.983042106934075,1.6120191491222253,1.6221665950042419,2
1768374753450108263,22.637185665820738,8.817481031327347,1.6115144446207177,1.6240393418802865,2
1768374753524336393,24.31784775706913,8.790787730553241,1.6128762258567764,1.6228443317434178,2
1768374753574470661,24.31784775706913,8.790787730553241,1.6128762258567764,1.6228443317434178,2
1768374753653882345,23.356468109203334,8.628390198062183,1.6134271622972292,1.62444327111658,2
1768374753703151677,22.01559505256934,8.94951512724369,1.6100440340413251,1.623764097121763,2
1768374753774469172,24.78789463448883,8.9708373572036,1.6122626920737895,1.622497625976781,2
1768374753849886545,24.553826606905858,8.865527794043782,1.6129363542798514,1.6228972033194147,2
1768374753929280086,25.369371955000332,8.50556408649289,1.6156931805933372,1.6236503832531457,2
1768374754049857229,23.39315633124217,9.087128033268224,1.610862707086881,1.6234917003687381,2
1768374754250115834,24.079231952075062,8.51392008723573,1.6143836611078874,1.6238991660926063,2
1768374754374605278,23.241388749023926,8.915471727888555,1.6115186269784552,1.6238300523626836,2
1768374754449433652,25.264526043172975,8.724808583145546,1.6139346969187855,1.6226980242410673,2
1768374754574373918,23.496545865306917,8.934862033872998,1.6116717597050787,1.6231631110180837,2
1768374754649413980,23.683492826240826,8.906971869120008,1.6117959188902378,1.6227793634024317,2
1768374754774557702,12.706008545559921,6.253631867213337,1.6052958279663339,1.622700275794505,2
1768374754849528730,26.266886462997128,8.504655290826951,1.6160315796924491,1.6230987846424412,2
1768374754924654172,23.789723485105885,8.579040903367568,1.6137415104423187,1.6235155678909452,2
1768374754974551524,23.805337440000017,9.07472544362963,1.6105842227710225,1.622394074595299,2
1768374755049502096,25.029800060690555,8.520641907854003,1.614919667391501,1.623181447354293,2
1768374755102330760,25.029800060690555,8.520641907854003,1.614919667391501,1.623181447354293,2
1768374755175025300,22.856923340004,8.836252707733376,1.6113702983931981,1.6235297949482028,2
1768374755249345086,25.828672142686358,9.01640978643403,1.612824178558424,1.6220138219303817,2
1768374755324481097,24.954488602887402,8.55646607884988,1.614258995809417,1.6233310065473336,2
1768374755377324731,24.954488602887402,8.55646607884988,1.614258995809417,1.6233310065473336,2
1768374755524524588,22.855913366947256,8.694580147889205,1.6121993994171355,1.6242182491933548,2
1768374755574781225,22.855913366947256,8.694580147889205,1.6121993994171355,1.6242182491933548,2
1768374755652334765,21.291297866270487,8.936621014009686,1.6098544314654508,1.6245477373540864,2
1768374755774567409,26.116638632199816,8.719108366421786,1.6145769681860367,1.6224996040931958,2
1768374755976552958,22.635816932271567,8.4396120899068,1.6133975981779896,1.6242273008377266,2
1768374756174397481,22.896539179463772,8.974296739572402,1.6109045259004358,1.6232868100563023,2
1768374756252612789,24.988196938706018,8.849482312619399,1.6132112234764444,1.6226212122138337,2
1768374756449839824,14.18180712023176,6.35111013419964,1.6046391860720781,1.6232585254871164,2
1768374756527761570,22.98282532120077,9.139872941860723,1.6098947594780424,1.6228760018866581,2
1768374756574343152,25.322394102664127,8.73705174700977,1.6143146528054637,1.6229231650040414,2
1768374756649647601,24.224465019564878,8.787285807863283,1.6127136077503452,1.6230371364863527,2
1768374756724452498,24.233824042823258,8.86217521563245,1.6120541376496687,1.6224843117601762,2
1768374756774732066,25.096746053955286,8.897305205912382,1.613044448456976,1.6228706252467666,2
1768374756849441978,23.17360029511284,8.633571989754923,1.6123200383053655,1.6235928491280252,2
1768374756974375633,26.128277809618794,8.798577678144683,1.614429294880027,1.62273191522057,2
1768374757049646210,23.890487369428335,8.536389165563458,1.6145379265381772,1.6243059024941564,2
1768374757124763760,23.907754793587088,8.897369003702865,1.611707839532883,1.623047558322984,2
1768374757174815299,24.090406959956347,8.958064639558042,1.611707839532883,1.6228663666223133,2
1768374757249508649,24.932961050623923,8.755754200708246,1.6136060901513265,1.622935646441197,2
1768374757306553415,24.932961050623923,8.755754200708246,1.6136060901513265,1.622935646441197,2
1768374757449521568,24.997259129921012,8.831509198771274,1.61329106123376,1.6229987263975216,2
1768374757524686768,24.146099664811516,9.100324882937466,1.6107882771556281,1.6220238029405907,2
1768374757579589476,24.146099664811516,9.100324882937466,1.6107882771556281,1.6220238029405907,2
1768374757724890451,25.038808357551456,8.83084974292529,1.6129656913262436,1.6228496310246765,2
1768374757774347573,25.038808357551456,8.83084974292529,1.6129656913262436,1.6228496310246765,2
1768374757855906848,13.26083609901696,6.166289719558143,1.604013565038711,1.6216961134849863,2
1768374758132052144,23.24936167460967,9.018642118770899,1.6105336856630665,1.622840877169585,2
1768374758175026573,24.16535871124359,8.785269688834232,1.6131311823979664,1.6232574444833021,2
1768374758249466578,26.158621815290495,8.51225998007055,1.6161508957714998,1.6229069519769548,2
1768374758449665548,25.928766862417298,8.601944245327818,1.6153068606295535,1.6232172518658956,2
1768374758524707335,24.484317731296777,8.920056929012482,1.612150491734805,1.6229040423364045,2
1768374758574395318,25.035096295265234,8.955911692050288,1.612379613296901,1.622489569504974,2
1768374758649570858,25.008182619678188,8.836587186411586,1.6129198777359304,1.6227594493577675,2
1768374758849409391,25.226894450435466,9.03693471653988,1.6122359716986905,1.6220760058397257,2
1768374758924479041,25.128221217255444,8.939542963245406,1.612606930985947,1.6226740314934411,2
1768374758974431277,24.22699592770794,8.57585318701914,1.6142988750625078,1.6235366403062577,2
1768374759049509230,25.579288313425597,8.743471862837357,1.6141350891740176,1.622987054821581,2
1768374759124523119,24.85349615066168,9.082681016666523,1.6115801985843667,1.6217375871924349,2
1768374759174449500,25.474736894754546,8.72375179508551,1.6140775295735708,1.6227299309030303,2
1768374759375124087,23.058866280392554,8.89811813079355,1.611032909255449,1.6230762885551042,2
1768374759449548652,25.466316672928315,8.851272885151854,1.6132615839582845,1.6224169883560449,2
