timestamp,dist_error_mm,angle_error_deg,est_dist_param_m,gt_center_dist_m,visible_gt_tags
1766223747788898386,1.0041913084566367,3.3198573401620215,1.3193884880784166,1.3205751452335732,4
1766223747815484555,9.982592549335534,5.140734825133673,1.322212979877193,1.3207350108837776,4
1766223747849025189,10.299072804503817,4.072284033702364,1.3251669702870716,1.3208175779902593,4
1766223747881369866,11.082274216812626,4.183098243012455,1.3250022542326731,1.3203447088821718,4
1766223747934807342,9.828928777154688,5.017367118685542,1.3224428802260095,1.3207602338783846,4
1766223747939566733,9.828928777154688,5.017367118685542,1.3224428802260095,1.3207602338783846,4
1766223747992848957,10.869124528846585,4.272839719379248,1.324897170235109,1.320519822195664,4
1766223748054078202,1.3496072163980966,3.357138987165064,1.319534871795142,1.320621194548882,4
1766223748109285362,11.091776062281955,3.9383414983857965,1.3258623465945054,1.3205774873629825,4
1766223748140199021,11.319846920523124,4.240794980511859,1.3252319950550833,1.3203710463526348,4
1766223748251047778,10.41704302515889,3.964791917613926,1.3251530110971939,1.3206233068421795,4
1766223748284910828,10.846015980727541,4.272394508615201,1.324788180920317,1.3204447323332327,4
1766223748377779534,11.034099113537366,4.201592684844553,1.3251433712861374,1.32043584328624,4
1766223748412736309,11.045279829179133,3.954456489679638,1.325590528628814,1.3202893866449321,4
1766223748439442564,10.64507676460913,3.92502091988486,1.325590528628814,1.320689691193963,4
1766223748473172594,0.03635711290694843,3.50930841566659,1.3179447768953112,1.3204689910943523,4
1766223748530346830,10.202060065463314,4.07130671866706,1.3245701297243857,1.3203533404050527,4
1766223748538208009,1.0852755149197701,3.2988708289468316,1.3196208852434037,1.320712942508394,4
1766223748764230859,0.20717856608887253,3.5309628744357937,1.3184547451904862,1.3207844598409069,4
1766223748787742772,0.05584553204229792,3.4603026034762303,1.3184758318669922,1.320828416338732,4
1766223748818438100,0.5731738845056178,3.291584586044306,1.3189542633254998,1.3205989698722402,4
1766223748844316850,10.225082243357164,3.801130595828052,1.3251808623028112,1.3205658462780339,4
1766223748904159870,9.467445833144073,4.478624404247511,1.3231638440646174,1.3207435323249443,4
1766223748928380785,10.69932914429872,3.6610970439441406,1.3260213107422245,1.3205768108039742,4
1766223748961591930,10.836636041150927,4.417960571072595,1.3246181412430247,1.320694864977669,4
1766223748980355212,10.897212440805326,4.4433378241743995,1.3246181412430247,1.3206318716379117,4
1766223749015032822,10.630535530655738,4.228073429506024,1.324741659037158,1.3205679148559502,4
1766223749046965606,10.108547204028762,4.063686638027595,1.324824455574417,1.3208615351938233,4
1766223749071978959,10.752491391565755,4.3176033607468645,1.3246922122140259,1.3206251192351222,4
1766223749132460960,1.037049651360089,3.3350540752795865,1.3192960655125774,1.3206108976682949,4
1766223749137827031,1.037049651360089,3.3350540752795865,1.3192960655125774,1.3206108976682949,4
1766223749190182464,10.439429418468649,4.256831848696212,1.3245586292884812,1.320549151637254,4
1766223749221556227,10.90096772847482,3.9626342026414823,1.3255496896187011,1.320471841903069,4
1766223749250867616,1.2720716232770268,3.538469347767596,1.3170767922301896,1.3206657929675625,4
1766223749282141251,0.20621585031355139,3.5521463868310907,1.3180534306339624,1.3207111822741116,4
1766223749315899614,0.4682351029299259,3.406694253764608,1.3181739997493231,1.3207186389639274,4
1766223749340132522,10.968816257199476,4.3289102625398685,1.3247627900166423,1.3205638763095848,4
1766223749407873671,0.055384838433925054,3.4032578109566316,1.3184588557018966,1.320787190349273,4
1766223749452198466,0.22353909121020088,3.5530868316837827,1.3179672449549251,1.3207233016330826,4
1766223749485478370,10.596452851064697,4.199182075576264,1.3249217386971202,1.320763614933879,4
1766223749602470298,0.9743416352658851,3.347195790184397,1.319475018942258,1.3206993811548526,4
1766223749626328001,0.4693528742729658,3.471031840640027,1.3178806224653932,1.320736793678686,4
1766223749652276131,10.547833612909452,4.311780215694758,1.3244695837668805,1.3204860096265663,4
1766223749679468118,10.39806859403214,4.309700654678449,1.3244695837668805,1.3206341327365994,4
1766223749715864137,0.8477831380768741,3.505354818421487,1.31753893368476,1.3206876069737057,4
1766223749844393431,1.1170445722132882,3.3192407488982103,1.3195549535484417,1.3207586982018558,4
1766223750052293232,10.308551584362835,3.989340848837268,1.3250690330234336,1.3206828205806205,4
1766223750126566773,10.847755613723864,4.280405840961411,1.3248008504264914,1.3205006627312,4
1766223750152712394,10.45421880543973,4.310366282498784,1.3242604611583224,1.320385802866093,4
1766223750179225996,10.033506349125698,4.20159627376529,1.3242604611583224,1.3208005480597358,4
1766223750353897750,0.03785200953476675,3.539366636893059,1.3181521656387507,1.3207083911406792,4
1766223750387414570,0.2171499511252062,3.457921761433925,1.3185594371110927,1.3207361733194811,4
1766223750409814103,10.440269064643681,3.907672146359967,1.325231062861115,1.320639899059056,4
1766223750504053344,0.23062036333421077,3.5741275808505897,1.3184710434897082,1.3208323201445171,4
1766223750622736981,10.071315641890344,5.035852304520087,1.3226366038833401,1.3208360194392452,4
1766223750681155885,9.698971312417148,4.53286230703174,1.322991817264379,1.320456987851331,4
1766223750782575727,10.491329841092467,4.288259578770664,1.3241912952355492,1.3203294575273985,4
1766223750813992071,10.156141656778583,4.005225937692887,1.324889856648067,1.3206650916231206,4
1766223750842992736,1.1281242537957148,3.4133396792424433,1.3193409359908297,1.320724256298397,4
1766223750875347312,10.897612184638916,3.8692697048644735,1.325997722919748,1.3208040007321367,4
1766223750911351184,1.172464395834849,3.4324934108647778,1.3174080014685041,1.3207691320708428,4
1766223750991845382,0.642839982574861,3.4845399029832103,1.317655639694572,1.320790598873691,4
1766223751026542890,10.31016685461239,5.1358524134025325,1.3225145773485054,1.3207403100199646,4
1766223751084211144,10.313065052741877,4.1552794226054415,1.3244751931340935,1.3204935331307888,4
1766223751142169363,0.34159553407087095,3.4045184045141097,1.3184567631867163,1.320415138859191,4
1766223751192705838,1.095190706050797,3.824404574123734,1.3167464554736572,1.3205562531408155,4
1766223751223338920,1.0803637630447671,3.473288989340224,1.3173377637172623,1.3206460743071105,4
1766223751251457788,9.818081761044484,5.1051219448377845,1.3220161868259017,1.3207050700568217,4
1766223751276427790,9.99926988359956,5.14558935926486,1.322216446109665,1.3206792954602167,4
1766223751450745579,10.140823249622732,4.495931091068759,1.3235106560994143,1.3204946892955989,4
1766223751478948926,0.6343549109488755,3.57526243610515,1.3174560419518888,1.3206020195800008,4
1766223751511220927,0.2799838816045508,3.5075250964506264,1.3180721528369863,1.3206804039041613,4
1766223751544849196,0.04959835644280375,3.5425376572295235,1.318070331082873,1.3206134585270555,4
1766223751590912778,1.6037509214963386,3.4855711104347367,1.3170377344563835,1.3208300874369054,4
1766223751622185201,0.8690486674325371,3.491937093791535,1.3175911462973495,1.320662035625618,4
1766223751655093447,0.16362029144212364,3.4991106178460853,1.318349569034144,1.3206126022476374,4
1766223751778828764,0.961710659362458,3.624015539069143,1.317186960115068,1.3205712180166964,4
1766223751813693737,1.1277415193349238,3.4514183073777525,1.317371295166231,1.3207052837748556,4
1766223751859756096,0.41205511267561334,3.524162821280426,1.3186870680570957,1.3208299088827946,4
1766223751928252744,9.555995304239895,4.619194157576075,1.3227951971497893,1.320663368189741,4
1766223751981616992,0.029789152529158258,3.5847352196790183,1.3180502182432232,1.320607611942595,4
1766223752013104379,9.831540398883787,3.9410165380255022,1.3248621205623377,1.3208123563304335,4
1766223752053943004,0.6206116771940717,3.4816055868240543,1.3174862042547306,1.3204833415582018,4
1766223752081678502,10.34609873918324,4.137939672870496,1.3245354513565033,1.3202946874194785,4
1766223752141391378,0.256042082354746,3.5186903318117317,1.318235026522075,1.320924865809402,4
1766223752191718469,10.410895224263417,4.2975525192724895,1.3244317278167288,1.3205689305467145,4
1766223752285121360,0.1502092220939666,3.496853286468926,1.3180777940871777,1.3205245040104228,4
1766223752315564064,0.03823482838649639,3.4012758192825916,1.318594131109986,1.3209120084885406,4
1766223752435402069,2.1848742574637203,3.6585301271556707,1.3161517399996487,1.3208851138555087,4
1766223747842243434,9.982592549335534,5.140734825133673,1.322212979877193,1.3207350108837776,4
1766223747923151800,0.5931084889645444,3.2980298958794796,1.3189217756466092,1.3206708693840232,4
1766223747947360462,10.521495711988793,3.945891574785406,1.3251607203982871,1.3204785662640952,4
1766223747979393363,9.809369162551151,4.390193072242604,1.3236363109259535,1.3205605438710977,4
1766223748007818476,0.9360621723037976,3.3316268723846854,1.3192862064624213,1.3205942617799138,4
1766223748105851395,10.636825030307717,3.8683079780264147,1.3255937986759974,1.320564267336119,4
1766223748141197591,11.091776062281955,3.9383414983857965,1.3258623465945054,1.3205774873629825,4
1766223748220929937,0.9243210903704391,3.2462568916321755,1.3192541152136479,1.3205387097928762,4
1766223748241833640,10.689970342313337,4.195883788479448,1.3247466855783676,1.3203743464954276,4
1766223748331756812,0.266630163670456,3.425869692241823,1.318200244541005,1.3206406362554872,4
1766223748421528870,11.034099113537366,4.201592684844553,1.3251433712861374,1.32043584328624,4
1766223748482096361,1.4565026415100935,3.3503646213418574,1.3197998512464775,1.320689691193963,4
1766223748505520699,10.455127574279466,4.140374385067417,1.3247623774141184,1.3205783301980607,4
1766223748557839623,0.5300813892732403,3.5885197498757107,1.3173873139481842,1.3205102601647936,4
1766223748591078560,1.0852755149197701,3.2988708289468316,1.3196208852434037,1.320712942508394,4
1766223748730450063,0.29374667728521153,3.3865532193691927,1.3186248962361007,1.3206491569089076,4
1766223748780234074,10.87800815587392,3.9256605027160485,1.3256241627336858,1.3205704588148024,4
1766223748813549215,10.617591692153594,3.8765576767779946,1.3256241627336858,1.320828416338732,4
1766223748839869684,0.5731738845056178,3.291584586044306,1.3189542633254998,1.3205989698722402,4
1766223748871781628,9.60710594036951,5.152615159104507,1.321788926471183,1.3207077725443088,4
1766223748930893023,10.69932914429872,3.6610970439441406,1.3260213107422245,1.3205768108039742,4
1766223749008103942,10.710626062678807,4.262164585044973,1.324741659037158,1.3204896878396084,4
1766223749039854052,10.546622916301596,4.112318520726101,1.324824455574417,1.320424245653367,4
1766223749073296562,0.10090525424266694,3.4647225117448683,1.31863512437518,1.3208615351938233,4
1766223749199430034,10.439429418468649,4.256831848696212,1.3245586292884812,1.320549151637254,4
1766223749218221598,1.4658397021793945,3.296900580665105,1.3198448496678767,1.3206792229305377,4
1766223749253345537,1.2720716232770268,3.538469347767596,1.3170767922301896,1.3206657929675625,4
1766223749278735298,9.666867513430377,4.237745138550162,1.323632696165575,1.3204947030170018,4
1766223749308789031,10.718783850786062,3.8736679406465586,1.3254932064635132,1.3205597410191134,4
1766223749410865085,10.582413104765376,4.052904412861112,1.3250843460279194,1.3206704250533179,4
1766223749443568747,0.22353909121020088,3.5530868316837827,1.3179672449549251,1.3207233016330826,4
1766223749491959420,0.8385274235995777,3.430394546714956,1.3192202638607797,1.320763614933879,4
1766223749519905824,1.0379342626594124,3.3149956129298395,1.3193400081719378,1.3205343394138804,4
1766223749551869336,0.4882622311772611,3.532783491973175,1.3186639158363465,1.3206906112535746,4
1766223749579809007,0.4882622311772611,3.532783491973175,1.3186639158363465,1.3206906112535746,4
1766223749639282562,0.4693528742729658,3.471031840640027,1.3178806224653932,1.320736793678686,4
1766223749728070321,10.263487152600836,4.381408880128872,1.3240447472214927,1.3205605227866886,4
1766223749791749688,0.6549112171634341,3.2568039215587783,1.3190772255631442,1.3206102323458808,4
1766223749821713132,0.38465661907527426,3.5184472327424006,1.3185467152456358,1.3205777147260178,4
1766223749991159838,5.576010173577783,2.6878598377987957,1.3235799938965729,1.3202813428769167,4
1766223750049859018,0.06218804815749657,3.568442515112924,1.3181511534617711,1.320744796158643,4
1766223750081618196,0.49105565309726096,3.5731659971667593,1.318445458980529,1.3206083779662636,4
1766223750141865104,10.692672289064564,4.287221237433969,1.3248008504264914,1.32065817668699,4
1766223750235860406,0.7880100396155942,3.37792287458502,1.3192886893705502,1.320788474674979,4
1766223750258355519,10.749135581478164,4.063930326903614,1.3252942314167333,1.3206186703144387,4
1766223750377490162,10.255787909657865,4.3471381764425985,1.3241960329528888,1.3205776959048712,4
1766223750406505143,0.03785200953476675,3.539366636893059,1.3181521656387507,1.3207083911406792,4
1766223750438611022,0.2171499511252062,3.457921761433925,1.3185594371110927,1.3207361733194811,4
1766223750530379511,9.994793154243231,4.294577605086856,1.3241787620227234,1.3207000206928403,4
1766223750558707091,9.861855774321304,4.234721926083286,1.3241787620227234,1.3208323201445171,4
1766223750596569845,1.0724496165290809,3.4769348143271017,1.319272782329698,1.3205700075836895,4
1766223750648284494,10.139926978141034,4.288662770158884,1.323971015178903,1.3203516256246808,4
1766223750671840900,9.991230331627188,4.421685666175168,1.3238252416409169,1.3207224779625606,4
1766223750732875188,0.62862047710599,3.613572855186273,1.3177365690955103,1.3209313688086164,4
1766223750755780931,10.124145687262276,4.02123873791013,1.3249171988498432,1.320767437089127,4
1766223750874335114,1.1281242537957148,3.4133396792424433,1.3193409359908297,1.320724256298397,4
1766223750923265351,9.785497177354774,4.132252938325636,1.324223279885539,1.3205930314355394,4
1766223750957531959,1.172464395834849,3.4324934108647778,1.3174080014685041,1.3207691320708428,4
1766223751040984224,0.642839982574861,3.4845399029832103,1.317655639694572,1.320790598873691,4
1766223751102145881,0.34606102037226805,3.5016182353224163,1.3179277608635551,1.320661568926089,4
1766223751127388655,10.313065052741877,4.1552794226054415,1.3244751931340935,1.3204935331307888,4
1766223751162619715,10.140684849616166,4.366862323988609,1.3239418408657169,1.320506079782678,4
1766223751190208467,0.34159553407087095,3.4045184045141097,1.3184567631867163,1.320415138859191,4
1766223751221899056,1.2327548414359235,3.7458994962568584,1.3167464554736572,1.3206901696952622,4
1766223751243866347,9.345209665009513,4.299217328992455,1.3235704290568562,1.3206460743071105,4
1766223751319673018,9.99926988359956,5.14558935926486,1.322216446109665,1.3206792954602167,4
1766223751495212551,10.034518374164136,4.563373336582663,1.3235106560994143,1.3206020195800008,4
1766223751570431177,10.528788955174395,4.316248369600274,1.3243893578286885,1.3205129925761967,4
1766223751596164443,10.42723404287682,4.3516689249626035,1.3243893578286885,1.3206134585270555,4
1766223751622026481,1.6037509214963386,3.4855711104347367,1.3170377344563835,1.3208300874369054,4
1766223751645877401,0.8690486674325371,3.491937093791535,1.3175911462973495,1.320662035625618,4
1766223751671490821,10.69908876686676,4.310694875003231,1.3246767570899338,1.3204887884098688,4
1766223751753462365,0.4203246196723409,3.510612267257443,1.3178997536300419,1.320687427278803,4
1766223751779533265,10.563328365681857,4.316605737289289,1.3244469165764006,1.3205324962713103,4
1766223751807021278,10.406858120281415,4.475701376056225,1.3237852071503764,1.3203573432162385,4
1766223751841301271,1.1277415193349238,3.4514183073777525,1.317371295166231,1.3207052837748556,4
1766223751877100839,0.41205511267561334,3.524162821280426,1.3186870680570957,1.3208299088827946,4
1766223751929208676,9.602027208333475,4.705066927223417,1.3227951971497893,1.3206221035461594,4
1766223751958108000,0.9149833516541861,3.4667521049880534,1.3190764099707757,1.320663368189741,4
1766223752023069376,9.831540398883787,3.9410165380255022,1.3248621205623377,1.3208123563304335,4
1766223752098626137,0.7791173581370714,3.5020532903756667,1.3173536009181208,1.3205047423503746,4
1766223752133860494,0.256042082354746,3.5186903318117317,1.318235026522075,1.320924865809402,4
1766223752158617145,10.31629617370533,3.946164208007585,1.325181730936244,1.3207539029870476,4
1766223752189671358,10.410895224263417,4.2975525192724895,1.3244317278167288,1.3205689305467145,4
1766223752217168197,1.0195643727854975,3.598614265262058,1.3172384139014883,1.320712028731208,4
1766223752251542688,0.6484196282976473,3.3817217410327856,1.3190025870087876,1.3206326262224442,4
1766223752284122977,0.1502092220939666,3.496853286468926,1.3180777940871777,1.3205245040104228,4
1766223748088792530,1.0041913084566367,3.3198573401620215,1.3193884880784166,1.3205751452335732,4
1766223748138714821,9.982592549335534,5.140734825133673,1.322212979877193,1.3207350108837776,4
1766223748138714821,9.982592549335534,5.140734825133673,1.322212979877193,1.3207350108837776,4
1766223748198514568,11.211801854919656,4.784728708590618,1.323936965333238,1.3204937468119644,4
1766223748222112993,11.082274216812626,4.183098243012455,1.3250022542326731,1.3203447088821718,4
1766223748246434016,10.521495711988793,3.945891574785406,1.3251607203982871,1.3204785662640952,4
1766223748274010445,9.828928777154688,5.017367118685542,1.3224428802260095,1.3207602338783846,4
1766223748331820104,10.869124528846585,4.272839719379248,1.324897170235109,1.320519822195664,4
1766223748406504506,1.3496072163980966,3.357138987165064,1.319534871795142,1.320621194548882,4
1766223748439171548,1.9398322679373692,3.32716160865556,1.320208438967368,1.3206724334779927,4
1766223748528083470,10.689970342313337,4.195883788479448,1.3247466855783676,1.3203743464954276,4
1766223748588398696,0.194589264847167,3.3805143018586428,1.3186770546041766,1.3207412441987199,4
1766223748620062093,10.39749314577576,3.976685203748576,1.3251530110971939,1.3206406362554872,4
1766223748646555708,10.846015980727541,4.272394508615201,1.324788180920317,1.3204447323332327,4
1766223748746134570,1.6850537945962696,3.2517601330075108,1.3197998512464775,1.3204578520153722,4
1766223748795100874,0.11919398897330957,3.369512025377769,1.318616719398534,1.320689691193963,4
1766223748829664300,10.564841485283027,4.18237443039022,1.3247623774141184,1.3204689910943523,4
1766223748858106545,0.5300813892732403,3.5885197498757107,1.3173873139481842,1.3205102601647936,4
1766223748883163580,0.5300813892732403,3.5885197498757107,1.3173873139481842,1.3205102601647936,4
1766223748914069494,10.901477367934342,4.02610053479322,1.3255315839140538,1.3206021147918283,4
1766223749008990666,0.02341803491412442,3.5438252824268552,1.3183001171178925,1.3206517866914511,4
1766223749040265934,0.29374667728521153,3.3865532193691927,1.3186248962361007,1.3206491569089076,4
1766223749091882157,0.20717856608887253,3.5309628744357937,1.3184547451904862,1.3207844598409069,4
1766223749126149646,0.05584553204229792,3.4603026034762303,1.3184758318669922,1.320828416338732,4
1766223749183666315,10.225082243357164,3.801130595828052,1.3251808623028112,1.3205658462780339,4
1766223749209093395,9.60710594036951,5.152615159104507,1.321788926471183,1.3207077725443088,4
1766223749243064708,1.0986009482898407,3.355944124771763,1.3194298243629135,1.3207435323249443,4
1766223749293555267,10.836636041150927,4.417960571072595,1.3246181412430247,1.320694864977669,4
1766223749320111328,0.7286241203938726,3.5004344779721355,1.31762190344875,1.3206318716379117,4
1766223749530149193,1.4658397021793945,3.296900580665105,1.3198448496678767,1.3206792229305377,4
1766223747909296884,10.756676644767982,4.187837692746465,1.3250022542326731,1.3206708693840232,4
1766223747952802353,0.9360621723037976,3.3316268723846854,1.3192862064624213,1.3205942617799138,4
1766223748012177426,1.9398322679373692,3.32716160865556,1.320208438967368,1.3206724334779927,4
1766223748040749655,11.319846920523124,4.240794980511859,1.3252319950550833,1.3203710463526348,4
1766223748104579157,10.39749314577576,3.976685203748576,1.3251530110971939,1.3206406362554872,4
1766223748177037230,11.045279829179133,3.954456489679638,1.325590528628814,1.3202893866449321,4
1766223748209722987,0.03635711290694843,3.50930841566659,1.3179447768953112,1.3204689910943523,4
1766223748245907562,10.202060065463314,4.07130671866706,1.3245701297243857,1.3203533404050527,4
1766223748408389193,10.87800815587392,3.9256605027160485,1.3256241627336858,1.3205704588148024,4
1766223748484304210,10.225082243357164,3.801130595828052,1.3251808623028112,1.3205658462780339,4
1766223748510154556,9.664681283296783,4.513888598686196,1.3231638440646174,1.3205469125957157,4
1766223748545893724,10.69932914429872,3.6610970439441406,1.3260213107422245,1.3205768108039742,4
1766223748584461903,10.836636041150927,4.417960571072595,1.3246181412430247,1.320694864977669,4
1766223748608387577,10.710626062678807,4.262164585044973,1.324741659037158,1.3204896878396084,4
1766223748645888395,10.546622916301596,4.112318520726101,1.324824455574417,1.320424245653367,4
1766223748685023499,10.752491391565755,4.3176033607468645,1.3246922122140259,1.3206251192351222,4
1766223748784598827,10.439429418468649,4.256831848696212,1.3245586292884812,1.320549151637254,4
1766223748809015829,10.90096772847482,3.9626342026414823,1.3255496896187011,1.320471841903069,4
1766223748845885802,9.666867513430377,4.237745138550162,1.323632696165575,1.3204947030170018,4
1766223748884492613,10.718783850786062,3.8736679406465586,1.3254932064635132,1.3205597410191134,4
1766223748909233128,10.968816257199476,4.3289102625398685,1.3247627900166423,1.3205638763095848,4
1766223748983384913,10.632385605544137,4.086531167678515,1.3250843460279194,1.3206246031532434,4
1766223749045888459,10.802714037101424,4.208815977781471,1.3249217386971202,1.3205573131099224,4
1766223749145900012,10.683573098733357,4.089409762311472,1.3249785142345616,1.3204097328042446,4
1766223749171761142,11.340684467421314,4.160750067259423,1.3255464708858882,1.3205052085394797,4
1766223749209932530,10.547833612909452,4.311780215694758,1.3244695837668805,1.3204860096265663,4
1766223749284883481,0.8477831380768741,3.505354818421487,1.31753893368476,1.3206876069737057,4
1766223749508469334,5.576010173577783,2.6878598377987957,1.3235799938965729,1.3202813428769167,4
1766223749584396259,10.308551584362835,3.989340848837268,1.3250690330234336,1.3206828205806205,4
1766223749646214282,10.692672289064564,4.287221237433969,1.3248008504264914,1.32065817668699,4
1766223749685484128,10.45421880543973,4.310366282498784,1.3242604611583224,1.320385802866093,4
1766223749745892017,10.749135581478164,4.063930326903614,1.3252942314167333,1.3206186703144387,4
1766223749785417564,10.826814547021169,4.158206873758685,1.3250763053533587,1.3204241999865842,4
1766223749845895920,10.255787909657865,4.3471381764425985,1.3241960329528888,1.3205776959048712,4
1766223749885083197,9.68196860161985,4.094346601203639,1.3242095469001238,1.3205305306635737,4
1766223749908823578,10.440269064643681,3.907672146359967,1.325231062861115,1.320639899059056,4
1766223749945897279,9.974222784878695,4.157754453337551,1.324348523486539,1.3206077612953098,4
1766223749985568480,9.994793154243231,4.294577605086856,1.3241787620227234,1.3207000206928403,4
1766223750108778701,9.991230331627188,4.421685666175168,1.3238252416409169,1.3207224779625606,4
1766223750145891810,9.698971312417148,4.53286230703174,1.322991817264379,1.320456987851331,4
1766223750184596751,10.124145687262276,4.02123873791013,1.3249171988498432,1.320767437089127,4
1766223750208887651,9.946213454477437,4.271894809389361,1.3238750704799453,1.320578302066359,4
1766223750245901510,10.491329841092467,4.288259578770664,1.3241912952355492,1.3203294575273985,4
1766223750283414160,10.156141656778583,4.005225937692887,1.324889856648067,1.3206650916231206,4
1766223750320910164,1.1281242537957148,3.4133396792424433,1.3193409359908297,1.320724256298397,4
1766223750345892128,0.4959017828776169,3.6024776458474315,1.3176944792382796,1.3208040007321367,4
1766223750385283488,9.832013925966665,4.3817824434807235,1.3237522060277103,1.3206251563791507,4
1766223750409310432,9.631730246330905,4.345229369194918,1.3237031533080226,1.3205958864950083,4
1766223750445896803,9.60142913119455,4.105986260862312,1.3240378983869339,1.3205324155836484,4
1766223750508810599,10.313065052741877,4.1552794226054415,1.3244751931340935,1.3204935331307888,4
1766223750545919777,10.140684849616166,4.366862323988609,1.3239418408657169,1.320506079782678,4
1766223750609048187,9.431507803744577,4.236329156064076,1.3235704290568562,1.3205562531408155,4
1766223750645902169,10.289613205348491,4.350667239840676,1.3241014118023118,1.3204816481149837,4
1766223750709255682,10.048778769536693,4.537237932185398,1.3234935630717515,1.3204570255409678,4
1766223750786646457,10.540849005699737,4.346304165944949,1.324511136527334,1.3207430744190538,4
1766223750845898244,10.140823249622732,4.495931091068759,1.3235106560994143,1.3204946892955989,4
1766223750908999127,10.528788955174395,4.316248369600274,1.3243893578286885,1.3205129925761967,4
1766223750985463877,10.00443831318365,4.5491091605459,1.3233927436070563,1.3205743717026532,4
1766223751009489209,10.69908876686676,4.310694875003231,1.3246767570899338,1.3204887884098688,4
1766223751109848915,10.563328365681857,4.316605737289289,1.3244469165764006,1.3205324962713103,4
1766223751145901398,10.406858120281415,4.475701376056225,1.3237852071503764,1.3203573432162385,4
1766223751209550871,0.41205511267561334,3.524162821280426,1.3186870680570957,1.3208299088827946,4
1766223751245950065,9.602027208333475,4.705066927223417,1.3227951971497893,1.3206221035461594,4
1766223751310123233,10.18763813722523,3.9319689559461013,1.3248621205623377,1.3204551067727375,4
1766223751386316242,10.34609873918324,4.137939672870496,1.3245354513565033,1.3202946874194785,4
1766223751445904015,10.31629617370533,3.946164208007585,1.325181730936244,1.3207539029870476,4
1766223751485972758,10.410895224263417,4.2975525192724895,1.3244317278167288,1.3205689305467145,4
1766223751545902193,10.776084178388157,4.093986306887553,1.325185942678891,1.3205512440743425,4
1766223751609683119,10.074582841417712,4.023982260058946,1.3247101822627223,1.320736093184836,4
1766223751645901327,10.65237928319518,4.068451745069313,1.3250024373937561,1.3206173234486784,4
1766223751685844859,9.988958729348685,4.5340815161314465,1.3234309888185374,1.3205683774274146,4
1766223751709306697,9.159057419823036,4.3838841054252695,1.323159176840566,1.3206849033725419,4
1766223751785681583,10.824133443580575,4.3337794434935555,1.324793025795018,1.3206126900919402,4
1766223751845896820,9.790523921471728,5.215792215631713,1.3218859623615193,1.320744634772345,4
1766223751886149348,10.638086212815256,4.1750997990938705,1.3247573838736666,1.3203764869924057,4
1766223751909693606,9.785271221642189,4.119777161052521,1.3239363369113224,1.320348756692035,4
1766223751986071818,9.862549645456076,4.557730493224847,1.3232385243720934,1.3204926323535326,4
1766223752009658857,9.905295311949391,4.444333827665309,1.323690540523273,1.3206998531365959,4
1766223752045901822,10.345268714388567,4.100088108977922,1.3247476213240834,1.3204448572640326,4
1766223752086037570,9.66554761938232,3.998156382023601,1.3243006635668944,1.3205210039923283,4
1766223752145894068,10.866589749113809,4.4328269754521115,1.3244615033903278,1.3204681666568674,4
1766223752210313809,9.983847411036528,4.163864237919344,1.3241885203077872,1.3205090019007826,4
1766223752245906091,10.346313359928416,4.01498997930633,1.3249244280375458,1.3206492043726183,4
1766223752289015431,10.106517029630613,4.152589548333072,1.3243565365038912,1.3204875384984218,4
1766223752345902195,10.018657442274037,4.159336570679233,1.3241534125560013,1.320390094208207,4
1766223752386806212,10.915600167246575,4.205629447054065,1.324891914624011,1.3203568547821722,4
1766223752409859182,10.50320155172102,4.224272710979937,1.3244751783414856,1.3204314450270962,4
1766223752445900112,10.282864036686101,4.457484649263852,1.323995097943157,1.3205968082215467,4
1766223752545901946,1.3388329641979002,3.6407107092027617,1.3168584969892865,1.3206865210621723,4
1766223752686545099,0.023847428715084718,3.592012097351283,1.31814620357045,1.3208151543884665,4
1766223752710282745,10.003397868132424,4.286492547473963,1.323897461431703,1.3204213211964697,4
1766223752745916906,9.772161590767103,5.1010402969081134,1.3222041253635581,1.3208944552155362,4
1766223752845902265,9.84096854995764,4.471677652015213,1.3233926014849604,1.3205680716476322,4
1766223752945899906,1.432843497380265,3.6299773531274506,1.3168925449479285,1.3207345937322905,4
1766223753011326714,10.22975854453989,4.402737975383426,1.323927943639711,1.3204642067603967,4
1766223753046116955,10.3754028106946,4.299532168554722,1.324244183326137,1.320454989293716,4
1766223753086588744,10.317727743454297,4.396200317829963,1.3240722113909436,1.3205409768083258,4
1766223753146102213,1.3194199920305572,3.6605491753123918,1.317042647181343,1.3210161272402703,4
1766223753186540565,1.1418157029756681,3.7751605587293326,1.3168871645296003,1.3207805945813569,4
1766223753210400090,10.059693871496078,4.108985284677315,1.3245739034056137,1.320658303886901,4
1766223753245908665,10.593391057922341,4.407135397887732,1.3243782313763555,1.3205795581076318,4
1766223753283399670,10.31019954983381,4.363377816386693,1.323907446961759,1.320391179578435,4
1766223753308407252,9.85233090058557,4.332854235358262,1.3238015522993603,1.3205746710581636,4
1766223753346125178,10.212281775386023,4.248480582884951,1.3244595519248212,1.320774594582449,4
1766223753383408653,9.77396631778471,4.284092194970135,1.3236476361766902,1.320458737155229,4
1766223753408406001,9.624090742147207,4.497815782594576,1.3233464519333455,1.320706890183734,4
1766223753445949679,1.210935173628691,3.6483385782270905,1.3169644136720242,1.3207397043005469,4
1766223753583399653,10.115741934339617,4.447044636704991,1.323667566649547,1.3204537208848437,4
1766223753608399079,10.08239599757621,4.339524538244229,1.3237930503194781,1.320470018488514,4
1766223753710401262,9.55374393248598,4.354567655641693,1.3233923227166822,1.3204624360983521,4
1766223753808405583,9.477637872862932,4.30589637653341,1.323508190977952,1.3204910789326305,4
1766223753871749954,0.7091026870504891,3.548261321010094,1.3174071800286529,1.3205873131136254,4
1766223753912071046,0.0795211741164703,3.5938078609112805,1.3179521507930165,1.3205790585865143,4
1766223753945902595,9.862649395420808,4.307180897887305,1.3238058744193073,1.3205844521693066,4
1766223753988922262,9.890378119332466,4.1102540611664145,1.3243337691319157,1.3205892415574845,4
1766223754010724026,9.562090415313529,4.176023320833551,1.3239645132341458,1.3206289617879088,4
1766223754045908607,10.745724223486075,4.015972958091745,1.325020593775546,1.3202995852808215,4
1766223754145907421,10.317900803636482,4.409717566506904,1.3242063624360731,1.320700956801511,4
1766223754186450069,10.092194366682516,3.803316392721449,1.325393956574266,1.3208962117186955,4
1766223754208412430,9.527086624384618,4.371910441764513,1.3233575229413124,1.3206573530886754,4
1766223754245996104,9.498073016616981,4.448811291654468,1.3232508510205576,1.3206061633967205,4
1766223754310480566,10.47612954135313,5.032344747012757,1.3228748249120323,1.3207926812350044,4
1766223754383406107,9.657155989873933,4.22629114920431,1.3240138137118218,1.3206584929842817,4
1766223754408407643,10.141128632445318,4.1759028833195675,1.3242850913963904,1.3204613401884695,4
1766223754445904794,9.998195537621601,4.31704684102619,1.3236160173489393,1.3201781930709469,4
1766223754510861574,3.025663734557593,3.9238682000863534,1.315031866397823,1.3207396286774935,4
1766223754571405824,9.828529881487746,4.284793490311934,1.3240867995433796,1.3206814945572407,4
1766223754608409874,9.68513148701855,4.187403957140673,1.3239691113758179,1.320533496499774,4
1766223754645916738,9.22145124547158,4.625666928856675,1.3225088573085635,1.3204702830364095,4
1766223754708412625,2.6115218761011416,3.8160521409327615,1.315510161206806,1.3207726273595914,4
1766223754787075359,10.18426257564009,4.118467804614625,1.32457948773739,1.3206357755975462,4
1766223754810571261,9.301961918978696,4.214306043235742,1.3236753331334266,1.3207143645332442,4
1766223754845907192,8.94653685247837,4.570776421609617,1.322485464919982,1.3207516342479884,4
1766223754887004948,0.4621487693201587,3.654241643927285,1.3177255033795827,1.3208931602430432,4
1766223754911099544,9.54148940564603,4.314646378082331,1.3235343239072537,1.3206025842120053,4
1766223754945908150,9.69323937804134,4.019614572816685,1.3242114802670806,1.3205445153794464,4
1766223754983417188,1.8694760502424579,3.7882043462941404,1.3163711271612764,1.320926088757856,4
1766223755008410012,10.0290987869609,4.145652338582344,1.3245621146490527,1.3207105697981718,4
1766223755045919817,9.816912444545078,4.396157881673962,1.3236036372856976,1.3206577290734909,4
1766223755087180960,9.92121588585948,4.1307190967961365,1.3243312290489933,1.320513573007495,4
1766223755108407468,9.33055278430639,5.25238418462503,1.3212874238256411,1.3206510183142277,4
1766223755183411349,9.64927042730035,4.3115257807808725,1.3235180935178215,1.3204025332135123,4
1766223755208412859,9.691547047231186,4.586154584453637,1.3230425460572812,1.3206736799275973,4
1766223755245914820,10.527025957191016,3.833852061043485,1.3254482075772451,1.3205844254982895,4
1766223755345909846,1.7205474006563026,3.6983406991693997,1.3164674807728756,1.3209002587085201,4
1766223755408408147,9.283854239405143,4.115230801534538,1.3238562558905012,1.3206283561478547,4
1766223755445972810,1.1131114191240687,3.74231037663006,1.317115977978468,1.3209245034543031,4
1766223755483413035,9.746716295113256,4.249508656423861,1.3238998244549027,1.3205617967781051,4
1766223755508416925,0.08770315845141319,3.6056725016789626,1.318412274422943,1.3209320464633543,4
1766223755545912693,10.155513284447304,4.336013958853691,1.3238572563887543,1.320396710726118,4
1766223755608408660,9.791087680361077,4.225087867559435,1.3240846783154887,1.3206531603470832,4
1766223755683417094,8.793194927700032,4.518776058027528,1.3223557152981094,1.3205674011989184,4
1766223755708412844,9.409413619055451,4.321595241308279,1.323320607355926,1.3205137167760554,4
1766223755783413634,9.240155207810075,4.382162656690557,1.3232638528329366,1.320655540156424,4
1766223755808413581,9.013729086176703,4.143335568392437,1.323679083780271,1.320845782234317,4
1766223755845915962,9.944927605922693,4.3399485217419675,1.3239032185658717,1.3205759367406904,4
1766223755883400810,9.568188163808555,4.206826227360897,1.3238639687207594,1.3206048786971798,4
1766223755945915482,8.9942448670155,4.547505054450298,1.3225328557151284,1.3207291578854816,4
1766223756008406309,9.328416986162269,4.322439164776935,1.3234413857427965,1.3207088606694144,4
1766223756045920808,10.094448022660796,4.161111404814299,1.3246040218151338,1.3208013266050502,4
1766223756145910004,1.3248262934506538,3.643356154009108,1.317035255435575,1.3208780375343143,4
1766223756245911422,9.335815452500507,4.115242697595973,1.3237740702381118,1.320700256917411,4
1766223756283413663,2.1275688648343394,3.0210567214653246,1.32064942208574,1.3206735493498356,4
1766223756312197665,9.942997770872486,4.30801008295442,1.323766154613255,1.3204443435974165,4
1766223756345922489,9.745830067905858,4.067235657740185,1.3243494315758517,1.3205817393016268,4
1766223756445910763,9.022248525584864,4.279852925243648,1.323355736351887,1.3208227189834314,4
1766223756483412468,9.703587386101109,4.285208589550062,1.3236161155496875,1.3203383634229235,4
1766223756583415519,9.705207086683654,4.227478810628211,1.3238747033529876,1.320526195171639,4
1766223756608413869,8.937728969563574,4.58081040966909,1.3223115000314904,1.3206057147208412,4
1766223756645914652,1.4266457008564881,3.6797205939587485,1.3169166552188538,1.3209381198653154,4
1766223756683409343,10.339489978668404,4.184349560004687,1.3244705778130093,1.320477475480084,4
1766223756708416986,1.410772954670625,3.580599156718365,1.316830040020678,1.3206354351582141,4
1766223756745919652,8.66249492738369,4.335696978008183,1.3229788020140592,1.320794543288535,4
1766223756783421507,9.448702523434216,4.313856376086479,1.3233396143614193,1.3204386210618728,4
1766223756808411571,8.832354731399095,4.5056349487019745,1.3225799254524822,1.320788311967995,4
1766223756883413578,9.770355620781324,4.375138726241479,1.323963044168731,1.3208430824137003,4
1766223756983418538,9.398658129011306,4.363417577579164,1.3232850495465749,1.320583679789653,4
1766223757008458531,9.708916600135398,4.0805380871452055,1.3243188906439671,1.3206671107368912,4
1766223757045919915,8.898893184142276,4.450284678911372,1.322656352176852,1.3206048886886739,4
1766223757083414281,10.209875083536213,4.233676057567703,1.3245026844467684,1.3205757020550775,4
1766223757108415596,9.385644370518254,4.289775457385199,1.3233332171370513,1.3204068345810143,4
1766223757146002246,9.410868092642799,4.335861332645208,1.3235342316403715,1.3207698484179768,4
1766223757283418476,3.1802114715502316,2.975998164100421,1.3216380448359124,1.3208482518110403,4
1766223757308426374,3.55137980461806,3.13739772550192,1.321479248154341,1.3206044501847616,4
1766223757383412992,9.064689307249019,4.613698650051828,1.3222709841713525,1.3205642601146035,4
1766223757408416421,8.208828424062453,4.601642276886045,1.3217571612602215,1.3207412991985163,4
1766223757445916142,9.166773383833204,4.159369535776575,1.323515109417,1.3206202291240263,4
1766223757545911970,2.682844414266139,3.0952349129911205,1.3208167239291662,1.3205368240388502,4
1766223757583411060,9.694435080591202,4.191600269866042,1.324032975027665,1.3206388356042564,4
1766223757608412625,8.996289820235814,4.156792243839216,1.3232879253679886,1.32052308986678,4
1766223757645912191,9.519697974491592,4.13107852312265,1.3240041169639938,1.3207518103173332,4
1766223757683428228,9.766278590956468,4.202807563171796,1.323937859569992,1.3205047360674265,4
1766223757708422725,9.050843628478855,4.348314047267095,1.322991233898154,1.320607693238738,4
1766223757746284161,9.76663617993534,4.526652190434256,1.3231175986428512,1.3205112129694576,4
1766223757783416427,9.084125157100997,4.439739030747836,1.3228919699672612,1.3206703938395932,4
1766223757808419009,10.138742335373152,4.152029648330905,1.3244103957951698,1.3205916880218018,4
1766223757846174941,9.168253085212186,4.23733515123118,1.3235044270604361,1.3206319611964763,4
1766223757883415240,8.929690270529589,4.576609204975673,1.3222385296761605,1.320518247889544,4
1766223757908420868,8.742522452507728,4.492137200761392,1.3225479913502907,1.3207204960389327,4
1766223757946219752,8.997537251614895,4.424084218391403,1.3227815810075305,1.3205986974330737,4
1766223758146328488,8.763173927889945,4.464064818044937,1.32238905634194,1.3205548165165846,4
1766223758183422436,8.898150609895072,4.89064362300007,1.3214291747274294,1.3205361097466666,4
1766223758208415556,9.601256321252194,4.2945437449871875,1.3238845943387296,1.3207538516916775,4
1766223758248632397,8.757921140832625,4.455818025768428,1.3225920038121528,1.3207444573989626,4
1766223758272493856,1.521839200874453,3.68201671666921,1.3166278732555907,1.3207492319984484,4
1766223758308420276,9.091161775478751,5.399859473642661,1.320387550992135,1.320500396554807,4
1766223758388401322,10.122190578171875,4.197976602365216,1.3241424542732978,1.3203726493880867,4
1766223758486417340,9.589346821847977,4.31781508877099,1.3235736712722446,1.320710660998363,4
1766223758558072074,1.9230066205364604,3.7017120027033825,1.316487256344093,1.3210067570863193,4
1766223758576481289,9.222620794394176,4.395498364254933,1.3233416563265001,1.320870152210415,4
1766223758617400034,9.872244157200782,4.395975835292043,1.3236791327163075,1.3205409032153324,4
1766223758657114290,8.986750463457538,4.485062512047074,1.3225663030325658,1.320441085672237,4
1766223758746731590,9.779405392295937,4.297139121866519,1.3239388563208083,1.3206469538342132,4
1766223758781693058,1.8293812228820094,3.635995618048345,1.3166416527738998,1.3209081616992824,4
1766223758808416163,9.001832716157843,4.43692847954938,1.3226059944443687,1.3204017882131505,4
1766223758838752120,8.63168533214198,4.397887457643035,1.3226059944443687,1.320768501693826,4
1766223758911391273,9.90280454620529,4.097674979960033,1.3241905487988597,1.3204433229747325,4
1766223758952959773,9.304206500959644,4.292372092611319,1.3233430747899066,1.320542607293707,4
1766223758981966613,9.181418691648568,4.2474491752197885,1.3233430747899066,1.3206644798840228,4
1766223759023006756,2.41424737159579,3.8046881527756105,1.315888209823411,1.320910136469428,4
1766223759041223645,8.930245606265652,4.547063175481154,1.3225403918391467,1.3207279497837436,4
1766223759082111977,9.643939133693769,4.174364465808016,1.3239562064096906,1.3206015620523137,4
1766223759112263729,9.377116627188986,4.204505768662407,1.3239562064096906,1.3208700558486304,4
1766223759151218989,1.6830048836511402,3.776110551601191,1.3162224350431093,1.3206241762186015,4
1766223759171148556,9.353819222195803,4.4663549711622155,1.3229895957986977,1.3204992790439958,4
1766223759212212884,9.554590251453776,4.369481430719738,1.3233493158951628,1.3205328650907573,4
1766223759242681170,1.562358485719173,3.830399196153513,1.31645699599946,1.321007660921238,4
1766223759282205520,2.1428323363210655,3.0497473757480504,1.3206127681700468,1.320902470595114,4
1766223759351705004,9.502492093391046,4.162388406651922,1.3238757392151599,1.3205776397576097,4
1766223759381895448,9.226697901509207,4.193213520997789,1.3238757392151599,1.3208574596855858,4
1766223759486759232,9.63331100196263,4.396278841227539,1.323516013169138,1.3206452485236786,4
1766223759548636706,1.5957095687508804,3.744758634768047,1.3164922694005727,1.3207577182777774,4
1766223759656882879,10.102292034027904,4.408082564244013,1.3235772834384516,1.320415241305756,4
1766223759678164551,1.951706225793437,3.702085002249043,1.3162769464415394,1.3208986948477168,4
1766223759746250395,9.066513911993423,4.524504246135857,1.3226991004593804,1.3206140428192619,4
1766223759776467950,9.047802041593389,4.483493156479568,1.3226991004593804,1.3206285914949747,4
1766223759817483095,2.522126673369929,3.9650387680533496,1.3153048159209122,1.3206749026632911,4
1766223759887219760,9.278047023254299,4.17432473993367,1.3235100699383382,1.3204202908570541,4
1766223759915548121,8.752809933542771,4.170290198596592,1.3235100699383382,1.3209490853544539,4
1766223759958159150,1.8593251208172124,3.7210865057668903,1.3164508034798676,1.320857246000129,4
1766223760016575131,9.503739467036754,4.318950201590093,1.3233251851184544,1.3204335558434275,4
1766223760046966468,9.176095684209518,4.357988328835264,1.3233251851184544,1.3207621043388131,4
1766223760117085767,9.188178202715447,4.331581396507941,1.3231178953622964,1.3205542383208737,4
1766223760147366300,2.4818894668376945,3.8140879806795196,1.3155371103767113,1.3206489739406104,4
1766223760190032522,2.519486912673896,3.806338116827659,1.3155371103767113,1.320686975182413,4
1766223760206799102,2.485591492151107,3.834968705686027,1.3154566019985285,1.320686975182413,4
1766223760237768770,2.481235007199434,3.849466234364105,1.3154566019985285,1.3206829425703457,4
1766223760290761448,2.609994180425401,3.8311794808354867,1.315661050607224,1.320819289661738,4
1766223760331663440,9.132705366120764,4.623532537147907,1.3226508509203057,1.3207459721958745,4
1766223760353411338,9.776951060531669,4.3415499850796015,1.323790691275457,1.3206065319761682,4
1766223760431798275,1.767260206652299,3.746550277325724,1.3164988804136668,1.3208529768982908,4
1766223760450965023,8.99162447360502,4.2634317020597745,1.3231025052000878,1.3206245770868859,4
1766223760480771506,8.995772609713848,4.304409412334535,1.3231025052000878,1.320620068180068,4
1766223760571187361,9.159510892568168,4.339260188783698,1.3230686560196374,1.320558653152916,4
1766223760622519574,9.067470201842953,4.57880493400785,1.322284402554499,1.3204473133938792,4
1766223760691642576,0.9614827663479986,3.654306618562951,1.3171976688446867,1.3207774966044041,4
1766223760791097939,1.0592103159423605,3.5736522664449812,1.317180957961071,1.3205834704046335,4
1766223760810727087,1.0592103159423605,3.5736522664449812,1.317180957961071,1.3205834704046335,4
1766223760840708378,1.9986198134100963,3.6826044798786435,1.3161484631593998,1.3207044368196443,4
1766223760881832307,2.2553466030084124,3.7438082645027593,1.3161484631593998,1.3209623092985565,4
1766223760932372027,2.6023421275951364,3.747836830994543,1.3155916867243493,1.3206899468445208,4
1766223760952036010,9.206195701749742,4.214267370079792,1.3233996256825753,1.3205647401416796,4
1766223761022378823,8.606591284494591,4.4738114657842,1.3225607792462908,1.320803831313726,4
1766223761072384274,2.335626774268018,3.785203997568108,1.3159477651146991,1.3208914022980889,4
1766223761212217480,2.4085431826532666,3.920034514737344,1.3154764473331646,1.3207434342114963,4
1766223761262034912,2.5660458971428213,3.8350976149831637,1.31538477095772,1.3206733868833878,4
1766223761281640631,8.858064622347506,4.404651899731226,1.322688574826909,1.3205720744712965,4
1766223761331075725,1.7566980465453241,3.0069217683472385,1.32034523249588,1.3207555470790477,4
1766223761382484652,8.998348291711977,4.491595377306658,1.3224553783460946,1.3204594973793096,4
1766223761410489856,2.256569031372724,3.851430571093616,1.3157479624870831,1.320744138955409,4
1766223761471201821,8.704245286957013,4.407356395094427,1.322488581185198,1.3205128256155496,4
1767269740661051218,9.828928777154688,5.017367118685542,1.3224428802260095,1.3207602338783846,4
1767269740860769326,1.3496072163980966,3.357138987165281,1.319534871795142,1.320621194548882,4
1767269740935682538,1.9398322679378133,3.3271616086556697,1.3202084389673683,1.3206724334779927,4
1767269740985243927,0.7164255182261492,3.2726581176005127,1.3192411781910836,1.3205720575923083,4
1767269741060371989,0.924321090370217,3.246256891632063,1.3192541152136477,1.3205387097928762,4
1767269741136455107,0.28008958170588905,3.5100977204377912,1.3182069206219742,1.3209082174928457,4
1767269741185400348,0.194589264847167,3.3805143018586428,1.3186770546041766,1.3207412441987196,4
1767269741260653072,0.26663016367023396,3.4258696922417164,1.3182002445410053,1.3206406362554872,4
1767269741335792515,0.9321834915803073,3.5248230607373374,1.317453746580379,1.320771852005639,4
1767269741535825818,0.11919398897308753,3.369512025377878,1.318616719398534,1.320689691193963,4
1767269741735820845,1.085275514919548,3.298870828946942,1.3196208852434035,1.320712942508394,4
1767269741935654382,0.023418034914346464,3.5438252824268552,1.3183001171178927,1.3206517866914511,4
1767269741985561706,0.29374667728521153,3.3865532193691927,1.3186248962361007,1.3206491569089076,4
1767269742060688702,0.20717856608887253,3.5309628744357937,1.3184547451904862,1.3207844598409069,4
1767269742135901628,0.055845532042075874,3.4603026034762303,1.3184758318669925,1.320828416338732,4
1767269742185895977,0.5731738845058398,3.2915845860441952,1.3189542633255,1.3205989698722402,4
1767269742260319618,9.60710594036951,5.152615159104507,1.321788926471183,1.3207077725443088,4
1767269742335789555,1.0986009482898407,3.355944124771655,1.3194298243629135,1.3207435323249443,4
1767269742585820957,0.10090525424266694,3.4647225117448683,1.3186351243751802,1.3208615351938233,4
1767269742735317698,1.037049651359867,3.3350540752795865,1.3192960655125774,1.3206108976682949,4
1767269742786119045,0.39693727375689214,3.5354177878736497,1.3178714668742453,1.3206240003145613,4
1767269742935608882,1.2720716232770268,3.538469347767699,1.3170767922301894,1.3206657929675625,4
1767269742985015459,0.20621585031355139,3.5521463868310907,1.3180534306339624,1.3207111822741116,4
1767269743060572222,0.4682351029299259,3.406694253764608,1.3181739997493231,1.3207186389639274,4
1767269743135528573,0.9235377662668576,3.3570810736381853,1.3191704729255882,1.3207476341118147,4
1767269743185720410,0.055384838433925054,3.403257810956739,1.3184588557018964,1.320787190349273,4
1767269743260737607,1.000759007435903,3.48034539429569,1.3173876201187198,1.3206704250533179,4
1767269743335850112,0.22353909121020088,3.553086831683988,1.3179672449549247,1.3207233016330826,4
1767269743385765140,0.8385274235995777,3.43039454671485,1.3192202638607797,1.320763614933879,4
1767269743460595457,1.0379342626591903,3.3149956129297293,1.3193400081719378,1.3205343394138804,4
1767269743535306919,0.48826223117748313,3.5327834919732783,1.3186639158363465,1.3206906112535746,4
1767269743585330081,0.9743416352656631,3.347195790184397,1.3194750189422577,1.3206993811548526,4
1767269743661011226,0.46935287427274375,3.471031840640027,1.3178806224653936,1.320736793678686,4
1767269743860645802,0.7522547328093765,3.5207887723909344,1.3176554897273145,1.320855438803764,4
1767269743935254250,0.654911217162768,3.2568039215585545,1.3190772255631442,1.3206102323458808,4
1767269743985323044,0.38465661907527426,3.518447232742193,1.3185467152456358,1.3205777147260178,4
1767269744185836180,1.0024528319838577,3.3613351655814094,1.3195437706019812,1.3209158967591985,4
1767269744260696927,1.3893590757343421,3.370229579215409,1.319352700594214,1.3204548269441538,4
1767269744385441060,0.06218804815749657,3.5684425151128214,1.3181511534617711,1.3207447961586432,4
1767269744460563667,0.49105565309726096,3.5731659971667593,1.318445458980529,1.3206083779662636,4
1767269744535556105,10.797508026567426,4.862900222869047,1.3237420273910638,1.3207755940431045,4
1767269744585554543,0.2236747090638147,3.477870479850836,1.3179326160749794,1.3205006627312,4
1767269744735889322,0.7880100396158163,3.37792287458502,1.3192886893705504,1.320788474674979,4
1767269744785306002,0.4088587932715715,3.4496773799518032,1.3186258369009674,1.3206091999893992,4
1767269744985629228,0.03785200953476675,3.539366636893059,1.3181521656387507,1.3207083911406792,4
1767269745135204231,0.8409844352428308,3.5198318841433256,1.3175190909645238,1.3207665076644024,4
1767269745185033374,0.8867785740609424,3.5679107347969614,1.3174846683672088,1.320889983075615,4
1767269745260528083,0.23062036333421077,3.5741275808505897,1.3184710434897082,1.3208323201445171,4
1767269745336172219,1.0724496165290809,3.4769348143271017,1.319272782329698,1.3205700075836895,4
1767269745385660770,0.44346203382716887,3.469104926095972,1.3177720493795382,1.3205667006213133,4
1767269745460415380,10.071315641890344,5.035852304520014,1.3226366038833406,1.3208360194392452,4
1767269745535853057,1.7843922154028302,3.7172183027845045,1.3164281395383761,1.320680682115419,4
1767269745585956121,0.62862047710599,3.613572855186172,1.3177365690955103,1.3209313688086164,4
1767269745660516543,0.7306468202437078,3.348327876939433,1.317913122728946,1.3207478019720638,4
1767269745785230608,0.18528935679018588,3.452218338048929,1.318601925153237,1.3208899042562585,4
1767269745860141985,1.1281242537957148,3.4133396792422293,1.31934093599083,1.320724256298397,4
1767269745935702928,0.4959017828778389,3.6024776458475323,1.3176944792382792,1.3208040007321367,4
1767269745985114127,1.1724643958350711,3.4324934108647778,1.3174080014685041,1.3207691320708428,4
1767269746060524934,1.4860586554334976,3.683435424012063,1.3166138292786502,1.3207684527883623,4
1767269746136057079,0.6428399825746389,3.4845399029832103,1.317655639694572,1.320790598873691,4
1767269746185134872,10.31016685461239,5.135852413402604,1.3225145773485054,1.3207403100199646,4
1767269746335223033,1.1761910206151693,3.5608312150862846,1.317160536566368,1.320718363639381,4
1767269746385325926,0.34159553407087095,3.4045184045141097,1.3184567631867163,1.320415138859191,4
1767269746584996084,9.818081761044484,5.105121944837856,1.3220161868259015,1.3207050700568217,4
1767269746660475007,9.99926988359956,5.14558935926486,1.322216446109665,1.3206792954602167,4
1767269746735538282,0.9403633375160148,3.5373974289449186,1.3173935522199665,1.320608823389597,4
1767269746935665044,10.13785558696667,5.159131430968745,1.3221569763573107,1.3206594027567604,4
1767269746985760759,0.6343549109488755,3.57526243610515,1.3174560419518888,1.3206020195800008,4
1767269747060736904,0.2799838816049949,3.5075250964507307,1.3180721528369859,1.3206804039041613,4
1767269747135747746,0.04959835644302579,3.5425376572294205,1.318070331082873,1.3206134585270555,4
1767269747260463659,0.869048667432315,3.491937093791535,1.3175911462973495,1.320662035625618,4
1767269747336117194,0.16362029144212364,3.499110617845981,1.3183495690341442,1.3206126022476374,4
1767269747460630320,0.4203246196723409,3.5106122672575464,1.3178997536300416,1.320687427278803,4
1767269747535744006,0.961710659362458,3.624015539069143,1.3171869601150683,1.3205712180166964,4
1767269747585900761,1.1277415193347018,3.451418307377858,1.317371295166231,1.3207052837748556,4
1767269747660180091,0.41205511267561334,3.5241628212803224,1.3186870680570957,1.3208299088827948,4
1767269747735721561,9.459456988765602,5.260722696042756,1.3215323426012338,1.3208156695901512,4
1767269747785720312,0.9149833516541861,3.4667521049880534,1.3190764099707757,1.3206633681897408,4
1767269747860507072,0.029789152529158258,3.5847352196790183,1.3180502182432232,1.320607611942595,4
1767269747935714784,0.34552923186303985,3.6429039541006487,1.3178389347898893,1.3208123563304335,4
1767269747985669695,0.6206116771945158,3.48160558682395,1.3174862042547306,1.3204833415582018,4
1767269748135849637,0.25604208235452397,3.518690331811628,1.3182350265220755,1.320924865809402,4
1767269748185583037,10.449411917383022,4.9966717841573525,1.3230228322520234,1.3207319097581496,4
1767269748260332390,1.0195643727857195,3.5986142652619564,1.3172384139014883,1.3207120287312077,4
1767269748335717531,0.6484196282976473,3.381721741033001,1.3190025870087876,1.3206326262224442,4
1767269748460224195,0.03823482838649639,3.4012758192828056,1.3185941311099858,1.3209120084885406,4
1767269748585756062,1.6639761023025113,3.5503511120285127,1.3168288507200736,1.3207549624887704,4
1767269748660051433,2.1848742574639424,3.6585301271555704,1.3161517399996485,1.3208851138555087,4
1767269748860940137,0.7855764907780394,3.6073628562741207,1.3174013854048199,1.3207971846634794,4
1767269748985616613,0.10720558732280061,3.493871985485675,1.318074906168612,1.3205141542588503,4
1767269749060635908,0.6250191832060104,3.490726912729956,1.3173995988523202,1.3204561297218234,4
1767269749135888019,0.5828264009171136,3.3341106010064374,1.318119198307108,1.3208756905002177,4
1767269749185824901,9.740617502050908,5.243188206147513,1.321753596657751,1.3207490291085897,4
1767269749260594530,1.5602952471798215,3.4625927679043302,1.3170978634657449,1.3208017761512074,4
1767269749336265336,0.034900227381839954,3.474339695348599,1.3182003102605928,1.320527286982355,4
1767269749460239586,0.7585663107472218,3.5171213897168867,1.3175439126967954,1.3206150448359912,4
1767269749585121600,0.7778038231611717,3.5969138856191467,1.3175841306844411,1.3207038395873494,4
1767269749735658146,0.06812850561987993,3.361376912792117,1.3185976788678735,1.3207389340274551,4
1767269749937305249,10.018657442274037,4.159336570679233,1.3241534125560015,1.320390094208207,4
1767269749985704538,0.29959893153019834,3.512084704108881,1.31769892570335,1.320436980549477,4
1767269750060657464,0.2756561625640863,3.512747443408486,1.3179833083512724,1.3205824990912722,4
1767269750136156542,1.7998385538486872,3.7453713389064993,1.3163838862527704,1.3208093782851416,4
1767269750185554990,0.056581896848761914,3.6080661662147664,1.318115805478962,1.3206818273884913,4
1767269750460200253,0.1375884362122548,3.438909665863487,1.318173196141009,1.3207287964440733,4
1767269750585569443,0.023847428715084718,3.592012097351283,1.31814620357045,1.3208151543884665,4
1767269750660175917,0.6784579059344598,3.669737963454346,1.317323647896999,1.3206138767431521,4
1767269750735519732,9.772161590767103,5.1010402969080415,1.3222041253635581,1.320894455215536,4
1767269750785695088,0.8080913309933546,3.538104895417931,1.3175119519641207,1.3207753840487415,4
1767269750860818163,0.7873645567215704,3.4147467766767816,1.3177463191622039,1.3207195944881618,4
1767269750935491198,1.9672633092897573,3.673454136743526,1.3163501650008518,1.3207158898653644,4
1767269751060339123,0.6383964375404894,3.6376933737684607,1.3176959800708261,1.3208166202587208,4
1767269751135262842,1.432843497380265,3.6299773531274506,1.3168925449479285,1.3207345937322905,4
1767269751260693616,0.9847188413867336,3.595276542632267,1.3171278432631877,1.3205572914361128,4
1767269751335219010,0.6659212279349624,3.555956808460356,1.317535319732417,1.3205720173249054,4
1767269751385664073,0.9451430930875748,3.631987755489412,1.3173026979958697,1.3207021751381274,4
1767269751461029479,0.7380004664956363,3.5843951619924486,1.3175858067682942,1.3207526000861425,4
1767269751535427392,1.3194199920307792,3.6605491753123918,1.317042647181343,1.3210161272402703,4
1767269751585771807,1.1418157029756681,3.7751605587294295,1.3168871645296003,1.3207805945813569,4
1767269751660410851,0.44112598864987085,3.5717749879278418,1.317826358211267,1.320836083041807,4
1767269751785692844,0.9009076962374074,3.51638319337593,1.3173911474832296,1.320584206574667,4
1767269751860551137,1.3061465673742667,3.565750163204727,1.3170220535158457,1.3207765956014115,4
1767269751936044228,1.0641061791420992,3.684902448073579,1.3172462023005937,1.320926735169145,4
1767269751985013924,0.9116532364938923,3.5412254587279954,1.3173200091541732,1.320655963618646,4
1767269752060447644,9.53198467931804,5.165760112901895,1.3219178664588391,1.3208779458858784,4
1767269752135971825,1.2109351736289131,3.6483385782270905,1.3169644136720242,1.3207397043005467,4
1767269752335590285,0.46893920861923455,3.4723767406217414,1.3177656948276695,1.320563016614992,4
1767269752385749552,0.5871317862096159,3.510205636723301,1.3176564621292708,1.3206584570171154,4
1767269752459975910,1.2227161110214269,3.565788482791666,1.3170218458095653,1.3206304878258068,4
1767269752535204527,0.46317484972480116,3.579113134568315,1.3179122851233545,1.320890581654607,4
1767269752585341923,1.904540173923941,3.7480414907553827,1.3162116298732551,1.3206207486652735,4
1767269752660944163,1.7676447743035784,3.795383418382698,1.3161369804879617,1.3206309389999622,4
1767269752860643551,1.4503286266991378,3.61914562647452,1.3168002604293387,1.3207278809896306,4
1767269752935037457,0.3964288895688117,3.444406046320961,1.3178745657402888,1.3206053000376987,4
1767269752985529982,0.7091026870504891,3.548261321010094,1.3174071800286529,1.3205873131136254,4
1767269753060815702,0.0795211741164703,3.593807860911179,1.3179521507930165,1.3205790585865143,4
1767269753135679086,1.5315214542823696,3.7265610792403026,1.3166133384816119,1.3207209224055156,4
1767269753185199768,0.39214735817028057,3.5891799193284695,1.317744671201568,1.3207230689125833,4
1767269753335726361,0.021221732023457562,3.6365277801025147,1.3178358765296703,1.320462036392776,4
1767269753385582288,0.7447529924722307,3.5641588453531896,1.3176121094635136,1.3208068686409944,4
1767269753535993759,0.5152236830219259,3.4780873388773146,1.318079381760783,1.3209086779308887,4
1767269753585732599,0.12760381734988613,3.5098805886253133,1.3185866585753192,1.3209712485219647,4
1767269753785380382,1.8003072155658995,3.7699295884931745,1.3164884193661628,1.3209570969275288,4
1767269753860432116,10.47612954135313,5.032344747012902,1.3228748249120321,1.3207926812350044,4
1767269753935822399,1.0564265519885652,3.6732945127729626,1.3172390906035074,1.3208292613835226,4
1767269754060679083,0.7643159772912078,3.6717937257185933,1.3172748718299878,1.320666306475893,4
1767269754134953711,0.7813253951578503,3.618811298441127,1.317068261137917,1.3204125459782503,4
1767269754184985757,0.6105462910641624,3.521162177136531,1.317769264399403,1.320788825224686,4
1767269754335741213,0.11469754652670971,3.533163732398898,1.3182903263743457,1.3208212534567374,4
1767269754385100713,1.4585023287723153,3.751710556924403,1.3166823325029966,1.320878526773726,4
1767269754460234066,1.17894963493681,3.6315100134243052,1.3170517710390315,1.320768335611172,4
1767269754585507779,0.4689341620691678,3.563122543518251,1.3179536742562519,1.3209854389772184,4
1767269754660374903,2.6115218761009196,3.816052140932857,1.315510161206806,1.3207726273595914,4
1767269754735593955,1.684673010180049,3.686160211263694,1.3165943996619018,1.3208106444317407,4
1767269754860820026,1.6151633221288542,3.8429128550475284,1.316290915047214,1.320796902045655,4
1767269754935715190,2.512187458412418,3.7640440728126645,1.315887787351439,1.3208725600869546,4
1767269754985338040,0.46214876932038074,3.654241643927285,1.3177255033795825,1.3208931602430432,4
1767269755060177940,1.020306981611041,3.497405610361322,1.317299639896759,1.3207385248223313,4
1767269755135316060,0.4779519536506349,3.5273301972403472,1.3177280257255015,1.3207506686889163,4
1767269755185543481,1.8694760502420138,3.7882043462941404,1.3163711271612766,1.320926088757856,4
1767269755260288020,1.0562654613190947,3.631322725459675,1.3173409207317788,1.3209545131336207,4
1767269755335905411,1.901570690905574,3.732188003698988,1.3164834368357663,1.3208460961839115,4
1767269755385577286,1.300877381692267,3.75911055380006,1.3166857290600456,1.320706410160879,4
1767269755460277891,9.33055278430639,5.2523841846251,1.3212874238256411,1.3206510183142277,4
1767269755535377289,0.782037234713151,3.4716638390109944,1.317483671066241,1.32052545913357,4
1767269755585514782,1.3250010935312861,3.79076059293146,1.3164525376154004,1.3206065224637116,4
1767269755660630379,9.707361868158904,5.224466301624049,1.3217250952320443,1.3207888144972306,4
1767269755735517200,0.5047407731819664,3.41777710610721,1.3188124788580657,1.320778999246522,4
1767269755785482643,0.05990372677966427,3.589333063154107,1.3179745480389131,1.3206893561192437,4
1767269755860477907,1.9556796452822045,3.653597616983148,1.3162456929200828,1.3206341059101645,4
1767269755935126678,1.7205474006563026,3.6983406991692025,1.3164674807728758,1.3209002587085201,4
1767269756060009279,1.3633772938166366,3.8322993077195986,1.3165443702051671,1.3207658437752055,4
1767269756135486950,1.1131114191242908,3.74231037663006,1.317115977978468,1.3209245034543031,4
1767269756184904264,1.2443691131225343,3.6373193050729786,1.3169362447449795,1.3207399481908495,4
1767269756260566716,0.08770315845141319,3.6056725016788613,1.3184122744229432,1.3209320464633543,4
1767269756385808184,2.1804062733472573,3.7527667809452177,1.316090211903974,1.3209106065951484,4
1767269756460671483,1.3701960915437628,3.723301774144857,1.3168557619475874,1.3208406069183667,4
1767269756585622910,2.214652436458797,3.6966479384595874,1.3160094555347701,1.3207972561326116,4
1767269756660694426,2.1958711166361056,3.733120247472209,1.3159325318138617,1.320722516500798,4
1767269756735643377,9.729294191996418,5.172258842115374,1.3216592185832454,1.3205004759371335,4
1767269756985447297,0.7428263971629434,3.539145921739466,1.3175065572895526,1.320765376402749,4
1767269757060615674,9.598893324285207,5.068387086005326,1.3219311024895184,1.320701308880412,4
1767269757135548220,2.8892770243111876,3.8004458222470463,1.3155050257832277,1.3208874971829765,4
1767269757260597739,2.009617005560349,3.808515249563125,1.316219256387394,1.3209364970845194,4
1767269757385080088,1.418597915577413,3.6785474990026863,1.316863908408598,1.3207648477683944,4
1767269757460259333,1.4764583765740635,3.7072751005119406,1.316620635049203,1.3207726457249862,4
1767269757534972574,1.3248262934506538,3.6433561540090076,1.3170352554355753,1.3208780375343143,4
1767269757585035081,1.6845655984385477,3.7460274959465227,1.3165315277918253,1.3208761925134833,4
1767269757660513578,2.1032598606778308,3.7142723636304655,1.3162701839340878,1.3209106389797207,4
1767269757734911477,1.2983521241769491,3.714010638474471,1.3167697770919147,1.3207147762489633,4
1767269757785114991,1.7380910838862285,3.809451368634135,1.3163439080398813,1.3208986430496423,4
1767269757935643581,1.100781364958614,3.7171163785468813,1.3167884663509462,1.320620438741995,4
1767269757985448294,2.427954225323381,3.730186744183525,1.3156939433705672,1.3205852347227731,4
1767269758060679598,1.3845070546272265,3.686185919139938,1.3167581741369714,1.3207604801641963,4
1767269758185513631,1.634538060344859,3.851458543743803,1.3160765141813207,1.3205229420661737,4
1767269758335018598,1.2498030145158268,3.7751462861596385,1.3168415861645284,1.3208570055740858,4
1767269758385577278,1.212937378375134,3.768275561066256,1.3167110953943642,1.3206896157579244,4
1767269758460265055,2.7535039748070034,3.775633366099986,1.315554543626197,1.3207741899006709,4
1767269758535012089,1.4266457008567102,3.679720593958649,1.316916655218854,1.3209381198653154,4
1767269758585897962,0.37962913776090623,3.5616447440342536,1.317726981011258,1.3206593972650085,4
1767269758660537669,1.4107729546704029,3.580599156718365,1.3168300400206783,1.3206354351582141,4
1767269758785503885,1.4277338685446672,3.625859353277744,1.3166630713526712,1.3205566863326157,4
1767269758860796649,8.812320171196042,5.182828987949097,1.3212114096745415,1.3209624115633831,4
1767269758935368892,0.8412872740828359,3.5679396380809716,1.3172741447434269,1.3206443591304613,4
1767269759060359912,0.6017005770735384,3.719818998222903,1.3173566634632696,1.3206449259100346,4
1767269759134943932,1.954283850893468,3.6977592486737763,1.3161979881154975,1.3207291214790053,4
1767269759260332009,0.1168043903985172,3.702141300442219,1.3178455944236376,1.320833524106672,4
1767269759335265002,2.2326455568124626,3.768819725437703,1.315829950331302,1.3207639188412408,4
1767269759535284047,1.754958660526107,3.656039856590329,1.3166212314517391,1.3208654546717686,4
1767269759585444162,1.1178540567340356,3.5253127648662383,1.31728880508544,1.3208238331583981,4
1767269759660870860,2.0436616053338685,3.839767609405443,1.3157565990434743,1.3205276320932258,4
1767269759735469245,1.1390159503834596,3.7875991507774707,1.3166681062640042,1.3206933266809475,4
1767269759785779997,0.7494898887487889,3.7366585215662513,1.317277435327499,1.3209621733473795,4
1767269759860523536,0.46497188528982214,3.7718478327151037,1.317437624029347,1.3208704847542307,4
1767269760060462938,3.0259618366257346,3.804877537394803,1.3152265301256907,1.3208708577572998,4
1767269760460126279,1.9970883839055542,3.773169397400691,1.316035211308566,1.3207231207891903,4
1767269760535034345,1.3904589970243908,3.5544836113626586,1.317167043348981,1.3209228657565089,4
1767269760585317992,1.2113931711945636,3.614748341401595,1.3170316213277737,1.3207182874181815,4
1767269760660472721,1.8906338781259358,3.700691953678989,1.3162460305957953,1.320778746447746,4
1767269760935594885,1.4959335866349122,3.879638263814937,1.316407132931151,1.3208381433151881,4
1767269760985470836,8.894620216131743,5.227427878649052,1.3208244829085776,1.320679212556417,4
1767269761135466254,1.758810407070266,3.6798832954174197,1.3163236040593762,1.320736048207661,4
1767269761260531459,1.9564681764361325,3.686702076879915,1.3162787868992094,1.320838720132677,4
1767269761335584732,2.3797197123667235,3.8010165225975383,1.3158007809355994,1.3209110485361455,4
1767269761385548227,2.0704555397932367,3.7562986410457646,1.316039971216093,1.3208035932554205,4
1767269761459831559,2.1608126975012354,3.7854996098494067,1.3159565334985426,1.3206377617300455,4
1767269761660801500,0.9006879251882705,3.5992133881370525,1.3174364958646734,1.3208952605409514,4
1767269761735465020,2.4701857682798423,3.7555656238296655,1.3156809137620284,1.3208158763093818,4
1767269761785322675,1.521839200874453,3.6820167166693087,1.3166278732555907,1.3207492319984484,4
1767269761860835039,8.889404515042498,5.412491452103404,1.320387550992135,1.3207030327915061,4
1767269762060539781,0.49018071158291043,3.629977632174201,1.3176529580513694,1.3206762721249268,4
1767269762185541756,1.4016614401906047,3.7787602644276435,1.3166689893774193,1.320710660998363,4
1767269762260712535,0.47636253725924504,3.6582713666293554,1.3172637434750303,1.3204726021066666,4
1767269762335508518,1.9230066205362384,3.7017120027033825,1.3164872563440932,1.3210067570863193,4
1767269762460461154,2.3702769502647048,3.8407442775512095,1.3155439583681154,1.3207007043495058,4
1767269762535178014,2.5042798374479425,3.7594436354443865,1.3157512154907962,1.3208532723605457,4
1767269762660294875,1.9994716627214082,3.7484554591758794,1.3162383844672347,1.3208072869576133,4
1767269762735437218,1.103297499962519,3.6623437791090514,1.3169252829176117,1.3206469538342132,4
1767269762785106882,1.8293812228817874,3.635995618048345,1.3166416527738998,1.3209081616992824,4
1767269762860012087,1.623901105578085,3.710000233618743,1.3163458309998408,1.3205817554384818,4
1767269762935613841,0.7332992379329717,3.7101031316843933,1.3173261233861226,1.320768501693826,4
1767269763185515172,2.41424737159579,3.8046881527756105,1.3158882098234115,1.320910136469428,4
1767269763260198936,0.5663199503358474,3.573373911313177,1.3177574708196915,1.3207806715352168,4
1767269763335355890,1.2311233174269187,3.6475113312066525,1.3170969220372446,1.3208700558486304,4
1767269763385645866,1.6830048836511402,3.776110551601191,1.3162224350431093,1.3206241762186015,4
1767269763460544927,1.9200722107175494,3.7799591622403823,1.3160963927751728,1.3206460801654498,4
1767269763535518221,1.562358485719173,3.830399196153323,1.31645699599946,1.321007660921238,4
1767269763585710530,1.2945180212642349,3.728525565541638,1.3169312829201403,1.320902470595114,4
1767269763660469586,1.5864857148055744,3.705350440365317,1.3166226169901536,1.3207947311230814,4
1767269763735548957,1.731815547494131,3.698280797060684,1.316512607386564,1.3208574596855858,4
1767269763785623030,2.778311643961029,3.9060048634921922,1.3150742065249923,1.3205759755218094,4
1767269763859837282,1.7863253409864388,3.6805618654020846,1.316511515314469,1.3207847487145263,4
1767269763935504574,1.9099553970796102,3.609716219755969,1.3165417448827046,1.3209454367568594,4
1767269763985342726,1.5957095687508804,3.7447586347681447,1.3164922694005725,1.3207577182777774,4
1767269764060050173,1.4883511980976483,3.6984757310681236,1.3166146119492694,1.3207975578035864,4
1767269764185776321,1.951706225793437,3.7020850022489444,1.3162769464415396,1.3208986948477168,4
1767269764334810017,2.723867621031939,3.824116868626671,1.3152984314837595,1.3206285914949747,4
1767269764385458907,2.5221266733697068,3.9650387680533496,1.3153048159209122,1.3206749026632911,4
1767269764460459924,0.782465229387519,3.621326342071255,1.3173015841513804,1.3206366834733705,4
1767269764585557566,1.8593251208174344,3.721086505766989,1.3164508034798672,1.320857246000129,4
1767269764735127152,2.1489938564258626,3.7773126439090845,1.3158553976119107,1.3207621043388131,4
1767269764785518442,1.8020388608872562,3.8111410028527524,1.3162453092456081,1.3207118660770467,4
1767269764860390551,2.4818894668379166,3.8140879806795196,1.3155371103767113,1.3206489739406102,4
1767269764935415051,2.485591492151107,3.834968705686027,1.3154566019985285,1.320686975182413,4
1767269764984956748,1.377291398017233,3.6978878999229066,1.316858841669018,1.3206829425703457,4
1767269765060824225,2.609994180425401,3.8311794808354867,1.315661050607224,1.320819289661738,4
1767269765135397812,1.592311421221737,3.622497116918634,1.3166896576222284,1.3207459721958745,4
1767269765385480761,1.1445145116608657,3.8456995429697334,1.316718300712929,1.3207770965291228,4
1767269765460174467,2.0527629447884,3.725240394118703,1.3161732617441213,1.32075268046863,4
1767269765535304306,9.025408965135151,5.1791205162410785,1.3210292048498837,1.320601876361614,4
1767269765585585019,2.355928522326911,3.9326397372081043,1.3155932836167226,1.3209205515638898,4
1767269765660587032,0.9614827663479986,3.6543066185627513,1.3171976688446867,1.3207774966044041,4
1767269765735534830,1.914501605517538,3.893023324690745,1.3160619980649464,1.3208313630694057,4
1767269765785389223,1.0592103159423605,3.5736522664450834,1.317180957961071,1.3205834704046335,4
1767269765860495132,1.9986198134100963,3.682604479878743,1.3161484631593996,1.3207044368196446,4
1767269765985474438,1.4863409541046035,3.784406800013675,1.31645287484288,1.3206899468445208,4
1767269766135511228,2.5118789429430244,3.8522717782833884,1.3156321218989673,1.320803831313726,4
1767269766184792663,2.335626774267796,3.785203997568108,1.315947765114699,1.3208914022980889,4
1767269766335470278,1.6217629183088444,3.7594919936262263,1.3164527269211224,1.320638659198713,4
1767269766385285481,2.4085431826530446,3.920034514737344,1.3154764473331648,1.3207434342114963,4
1767269766460219228,2.5660458971430433,3.835097614983259,1.31538477095772,1.3206733868833878,4
1767269766534978916,1.8530094517366091,3.7662331626027363,1.316267758424171,1.3208868294862246,4
1767269766585468462,2.0526807450309548,3.899750858390849,1.3157417685378472,1.3206986852217233,4
1767269766660105038,2.256569031372946,3.851430571093616,1.3157479624870831,1.320744138955409,4
1767269766735827556,2.9469089616005473,3.942682682323719,1.3148556254115684,1.3207118885440947,4
1767269766785422569,0.7774324074296679,3.822177108783117,1.3170586919046674,1.3207415224251087,4
1767269766984800779,1.598163194719504,3.637868315349564,1.316655922377026,1.3206941393609228,4
1767269767135479691,1.6234686023288702,3.7782539896833374,1.3161981671488088,1.320561448776923,4
1767269767185261264,2.224755529239175,3.9335082083757404,1.3158166105785127,1.320969151115215,4
1767269767260138670,1.049179916588594,3.5701234811664233,1.3174775600002335,1.3210127611839682,4
1767269767385536996,0.5135968499450083,3.6177061125869123,1.3176728924937053,1.3208608427285142,4
1767269767459995557,3.259284061466472,3.7990835925217388,1.3148426256839898,1.3206788736936135,4
1767269767535554791,1.5500525471277005,3.9023874894114763,1.3164072594412086,1.320805616043994,4
1767269767585262943,2.0815787700290134,3.8053013579270942,1.3160645194050842,1.321064202586658,4
1767269767660283798,2.8435528534493937,3.7185699511944392,1.3154839701253687,1.3208666271359115,4
1767269767734967275,1.2428783027731427,3.686634405947374,1.3166504520111024,1.3204959163140126,4
1767269767860493856,1.5146624653505913,3.712851496851331,1.3165373587952276,1.320739115558668,4
1767269767935644499,1.3328416940803223,3.677439745344754,1.3169162025288927,1.320660372600401,4
1767269767985376528,2.439087605339285,3.7480335819068444,1.3156060612226064,1.3206876195923587,4
1767269768060627855,3.2062250965811945,3.795511459102101,1.3149724204686633,1.3207830257250197,4
1767269768135404081,9.096419343595175,5.208683487783935,1.3212016580791397,1.3207118740817505,4
1767269768185497153,2.509310063684822,3.852343292003621,1.315647418301415,1.320821881668779,4
1767269768259867834,2.1626383904393975,3.693190153356958,1.3161446966049286,1.3208512824997267,4
1767269768334795476,1.4831586897066096,3.607534947787531,1.3166161319837766,1.3205922633907856,4
1767269768459828784,3.229900411938491,3.7561749713065122,1.315140527020423,1.3208806267442321,4
1767269768535584780,1.738272269260266,3.80129850873376,1.3164496521434306,1.3209957324527775,4
1767269768784844727,1.6166317128418761,3.90696865722284,1.3160362855069234,1.3206113431908373,4
1767269768859951094,2.619457901612998,3.849422711155237,1.3154555465719762,1.3207576812865507,4
1767269768934855080,8.498662995533701,5.326737064933106,1.3203186298788276,1.320667442956113,4
1767269768985461176,2.9368787289145715,3.7923246165622273,1.3152429516511894,1.3207777464147388,4
1767269769134993158,3.206443849726792,3.83099198134723,1.3151649017419769,1.3209797356072752,4
1767269769260324154,2.4125246154973468,3.7441984292432196,1.3158070884263426,1.3207346821966108,4
1767269769334992029,2.6700322396131515,3.8058475824929388,1.3154658758972366,1.3208723684190686,4
1767269769385463452,2.3791478558572443,3.8277520792327695,1.3156978339773382,1.3208116234413276,4
1767269769459922177,3.339461386914655,3.9386915471379162,1.3146990696098426,1.3209204884452863,4
1767269769535804124,8.106814702262932,5.151412377194334,1.3204494442804282,1.3207995805303672,4
1767269769585257608,2.418282052530474,3.8630183268387834,1.3155025249462948,1.320811831889607,4
1767269769659864127,0.9954507522373923,3.8465513607482986,1.3170499598626075,1.3210339359832477,4
1767269769735774128,2.727304066452163,3.8926149725781762,1.3150925670907867,1.3206087209775947,4
1767269769985720008,1.160236127777381,3.8708291201976466,1.3164990461348833,1.320669532993991,4
1767269770061253971,2.52540831042114,3.835195987619283,1.3156204165285939,1.320983865344738,4
1767269770185339013,2.54088485198678,3.781914886284252,1.3154093771025088,1.3206267998080583,4
1767269770260381136,2.0189261725096497,3.884853198699225,1.3158732360700562,1.320806087098957,4
1767269770334896340,1.273103440888379,3.758256546754214,1.3171058526419737,1.3211779718043524,4
1767269770459960548,1.8006167354365221,3.8412134115307643,1.316150611065976,1.320693580623687,4
1767269770535537307,2.389454453059825,3.812318054901604,1.3158297664490994,1.3209190112112366,4
1767269770585514296,1.6815993502923288,3.8632325104625385,1.3161757393406937,1.320614756728717,4
1767269770785372589,2.0502253937200177,3.7111289533187986,1.3162579704311141,1.3208474555541894,4
1767269770860367343,2.8174565297967025,3.852715692745275,1.3152247945491848,1.3207762108180119,4
1767269770935374208,2.5670748821078337,3.8326021257147747,1.3156606275445066,1.3207971509292509,4
1767269770985671251,8.165077480050797,5.149197284653762,1.3207224190852154,1.3210281094299887,4
1767269771060089619,4.001805506296252,3.895079373535575,1.313892025944075,1.320623256013825,4
1767269771185503652,1.6178184291963937,3.7573857544644063,1.3163473285175271,1.3207255854081594,4
1767269771260354132,2.1083178649030643,3.9449131403290805,1.315685557447216,1.3208384323883484,4
1767269771335255525,2.8785108135611637,3.8307493684447143,1.3151964347141718,1.3208291997543655,4
1767269771459912927,1.9894715658723694,3.9363673484336275,1.3158111412731786,1.320827127613541,4
1767269771585391703,3.4833557055446995,4.013123072969884,1.3145243555862882,1.3209502726529339,4
1767269771660435032,3.683714441514274,3.9468722212917604,1.314361795264721,1.3208923030710606,4
1767269771735486160,3.0101759722760413,3.999884271405794,1.314853158994245,1.320759836023298,4
1767269771935487802,1.5470920546516442,3.7649193577271975,1.3164606700663282,1.320854296522159,4
1767269772060315668,2.581167714126531,3.8845204331274976,1.315441487719709,1.320803069414871,4
1767269772134837825,2.7654364751517058,3.9184928187422026,1.3150762876225495,1.3205604796027142,4
1767269772184722415,1.2620189983136854,3.7954774321963147,1.3167328071311797,1.3208127586252083,4
1767269772260199523,2.819809731191336,3.869294187866724,1.3151693879123185,1.3206923760713771,4
1767269772385313166,2.038628207638782,3.81824024960682,1.3162805896335328,1.3210848328307672,4
1767269772584818657,2.4513372891521445,3.7712998274334444,1.3160041986611388,1.3210306061927546,4
1767269772660386022,2.4167819701397253,3.823071478908427,1.3157087371384897,1.3207501548861695,4
1767269772734756970,1.3386681827916025,3.8423902592330283,1.3164435821086256,1.3206676239070294,4
1767269772860554152,2.305326764463711,3.790659613954907,1.3157154520210603,1.3207904358415203,4
1767269772935431128,4.08724795454618,4.079967777371473,1.3137171244753476,1.3207509604185736,4
1767269772984891399,2.3486943796107163,3.7534945159762323,1.3157183608052498,1.3206724868684159,4
1767269773185328577,2.6899145545007386,3.8768801554439745,1.3155391135467285,1.3208840550777718,4
1767269773335305692,2.902089467936353,3.930406345722923,1.3150833331258367,1.320877493731284,4
1767269773385350736,2.2441807867561447,3.7110555175317077,1.3158656729127278,1.320680163113338,4
1767269773535441010,3.2404294999888172,3.9471922971324616,1.3149070032245256,1.3208118225254706,4
1767269773585008071,2.2406019243788045,3.724778020159073,1.3160339194196913,1.3208373295946412,4
1767269773785907205,2.771252635438426,3.815695193214702,1.315390874832455,1.3208611487147528,4
1767269773985610971,2.232307956318902,3.81600816528502,1.3158990665197887,1.3208360437572775,4
1767269774059853500,2.7408044395242914,3.8524824113624887,1.3153289106150565,1.3207423025554852,4
1767269774135272043,3.846225987322871,4.013895864131567,1.3141362320967314,1.3209590192391656,4
1767269774185433689,8.043759711661824,5.429404742417969,1.3195211514689738,1.3205894610220965,4
1767269774260325765,3.8682578999513773,3.9809068525477347,1.3141295048597506,1.3208147134682662,4
1767269774460264549,2.2738676190245943,3.8153006373502047,1.3157653641802345,1.3207088795113233,4
1767269774535264385,3.35496968437643,3.87712889490027,1.3147263771799016,1.3207910859964367,4
1767269774660318515,3.0407670353562732,3.97019765900391,1.3148457567611906,1.3207332273389019,4
1767269774785399936,2.8084095976916856,3.80682077114478,1.315348130117566,1.320762871089905,4
1767269774860507724,1.5774583075800486,3.6604522811943196,1.316896689268816,1.3209890912025513,4
1767269775060520219,2.6915341302407025,3.821606438519031,1.315284861886381,1.320682983761908,4
1767269775260314486,1.8127439310344773,3.8520022589855665,1.316210900606753,1.3207666250631993,4
1767269775385686058,2.6005800925823497,3.7634613188778854,1.3154950940061778,1.3207973560983925,4
1767269775459818155,2.5443009107024572,3.865663107101822,1.3155784515361486,1.321009158233949,4
1767269775534662586,2.423635429197324,3.8791660771117455,1.3156370768065522,1.320816202977797,4
1767269775660068247,8.054088264982884,5.060908981483124,1.320680182979406,1.3209647892433922,4
1767269775735401149,2.653480448515433,3.788261528576278,1.315733848017264,1.3210858182624443,4
1767269775860439763,2.5187083693991585,3.9340813746506837,1.3154455331331572,1.3209112319197178,4
1767269776060604829,8.112179260094887,5.211833599956156,1.3204521398083768,1.3210379112422064,4
1767269776135618371,2.834915013055772,3.931646720843217,1.3151439149297122,1.3207272915660266,4
1767269776185653826,2.3872794305539458,3.9521171304044858,1.3154326094247732,1.3208032165568973,4
1767269776259784265,2.6911800101006023,3.836512567374436,1.3154590130475032,1.3209055983482783,4
1767269776335536885,1.3882220264280765,3.8334154584848,1.3163946947685123,1.3206665108405686,4
1767269776384841364,7.952173032732324,4.650662548454346,1.3215069917890199,1.3208520234685064,4
1767269776535318551,2.9549023664545704,3.893946209854558,1.3150223611617227,1.3208452557175365,4
1767269776584996173,2.6753694592454025,3.752534087114966,1.3154105575142827,1.3207422667954796,4
1767269776735695229,2.2112067888364617,3.7776053171332555,1.316117974083598,1.3209427343437492,4
1767269776860718167,1.8944915454253142,3.8319287631382055,1.3160126274313146,1.3207859357266902,4
1767269777060025863,3.89282605886887,3.9081125328280737,1.3142530667916628,1.3208369975620373,4
1767269777135616100,1.8897441209648758,3.767401406190819,1.3162416605795175,1.3207155760546458,4
1767269777260579642,2.4780772750288005,3.914381902903467,1.3154698730944787,1.3207544608574366,4
1767269777334708204,1.8560735423325259,3.8034410291099414,1.3162394004329732,1.320726779754301,4
1767269777384828910,2.830677006061544,3.930481326443574,1.3150297167959315,1.3207595578515816,4
1767269777460318527,2.690387441505182,3.991538542409199,1.3149842341483275,1.3207101068000264,4
1767269777584883156,2.8386616829316758,3.9734004609814386,1.315029511737772,1.320805838336171,4
1767269777660395172,2.052207607460499,3.8373808046625264,1.3160987550165477,1.3208760786392217,4
1767269777785562548,2.1871203715326804,3.8327426181885835,1.3159197940787866,1.3208798222498928,4
1767269777860425582,2.2038882741692856,3.7716138739155562,1.3160338349122513,1.3209099639191457,4
1767269777985666213,4.0042259773915845,4.0837758620322555,1.3137955465399294,1.3207461384972214,4
1767269778135637188,2.313332301351334,3.9538373890343306,1.3156055843089425,1.3208149640844908,4
1767269778260498767,1.919269004038826,3.899063714752773,1.316032511489545,1.3208036435378245,4
1767269778335473982,3.073982795871677,3.957324331953073,1.3150706668550023,1.3209215021032088,4
1767269778385247473,3.374787826607939,4.02751124561755,1.3144996973973788,1.3208743045984992,4
1767269778459720996,2.3935233823286772,3.8285781871232483,1.3154901018569876,1.3206400766055644,4
1767269778534741387,1.8838297084315947,3.940320919156936,1.316174148928333,1.3210018046757834,4
1767269778585552090,2.37094032935925,3.751284181801303,1.3156681901713503,1.320640006754811,4
1767269778735375883,4.31650775858583,3.962309145040729,1.3138795470699478,1.3209504907363327,4
1767269778859978520,2.9688205600038042,3.8272184565062877,1.3151448116128621,1.3207763315990033,4
1767269778934965671,2.0441562778328315,3.7548427478728676,1.3160012422468401,1.3207766747443923,4
1767269778985360327,2.8348575287426847,4.016692866636882,1.3149241428140497,1.3208125874179055,4
1767269779135561614,2.4016211395416764,3.890779848776624,1.3156440427522529,1.3208765957671265,4
1767269779185279431,4.055177061438764,3.9624300504909327,1.3140887081455799,1.3209026866212807,4
1767269779259755524,7.919410906432889,5.438558108132696,1.3194269506755871,1.320618890323055,4
1767269779334756220,3.202969154191493,3.896628334393524,1.3149360267653012,1.3208758497681572,4
1767269779385347044,2.9981284799953656,3.878131397047594,1.3150539103532346,1.3208205718089736,4
1767269779460462188,2.505035963931812,3.9849929531608232,1.315411568888993,1.3208885401559918,4
1767269779535553707,4.636822766677762,4.1200292618376375,1.313409422039103,1.321007206594639,4
1767269779585206156,3.4727005895585084,3.887222195647061,1.3147248651502967,1.3208451671325707,4
1767269779660484598,3.104337696249848,3.903626215040147,1.314974836505553,1.320824875075754,4
1767269779859856598,1.5410005751150813,3.906616889740302,1.3162803833311258,1.3208740074538512,4
1767269779935662633,2.356346353659111,3.891311612263173,1.3156820940052534,1.3209255912465325,4
1767269779985234751,3.698103331940983,3.9731532010803803,1.3143244818808417,1.3208746785933567,4
1767269780060265277,3.214216421546512,3.9145044068564596,1.3150828545723279,1.3210080996600546,4
1767269780135410377,3.432228328746234,4.028721469846056,1.3143122148880866,1.3207958181609019,4
1767269780185207129,7.479489813024598,5.31272662121524,1.3193187163057212,1.3207828818745602,4
1767269780260305080,1.9068750155859515,3.869105520829331,1.3160047632017224,1.3209547921725941,4
1767269780335405110,3.2421950820349377,3.9218184909782083,1.314785254943748,1.3208425720642245,4
1767269780384831366,1.9198133618238966,3.849409799627249,1.316056497691788,1.3207242980832083,4
1767269780535594715,3.9721511045660574,4.048531162099966,1.3139870748430489,1.3208360391321694,4
1767269780585485421,1.1249551352607856,3.9016999962702834,1.3164573844794347,1.320635656916854,4
1767269780734808693,3.29711161591284,3.7526553044565487,1.3150708105356008,1.3210266004269857,4
1767269780784649827,2.6792883140693835,3.8265493344345565,1.3152838472021746,1.3206055917513695,4
1767269780859889514,2.109815972979101,3.8952949884841828,1.3158857842476397,1.320960530936319,4
1767269780985443325,3.6561372273056225,3.9818303948685645,1.3142225750498506,1.3208473959330038,4
1767269781060345627,2.4338260140241985,3.83469560133989,1.3154207887115745,1.3206967631456876,4
1767269781135331047,4.749690431470777,4.046670173882621,1.3133058187264333,1.3209601843571062,4
1767269781185194014,3.784786459887446,3.9242746131699158,1.3142669271119205,1.3207367289885235,4
1767269781260030176,8.158076793659763,5.4126040852900905,1.3196551448216274,1.320705411991694,4
1767269781335328886,2.914363749168203,3.9249550842362377,1.3150039736646983,1.3207503221207004,4
1767269781460108886,2.071809508567446,3.9151304689141657,1.3157549711255248,1.320899974509401,4
1767269781585061012,3.025284184018151,4.007506185058235,1.3149220224702207,1.3208835975839779,4
1767269781660366249,2.4880747830988703,3.9547133176863207,1.3154817882245877,1.320904691218647,4
1767269781735155151,1.9745014424052965,3.8444640765222244,1.3160543000879936,1.3207730924255219,4
1767269781860394525,3.6194604023085386,4.0071875355891535,1.3144627011034122,1.320969823601815,4
1767269781935512166,3.0719328738191276,3.9708236959258296,1.3148069017406097,1.3207780890628447,4
1767269781985086595,3.5330093451986233,3.980205515750037,1.3146853239003968,1.3210521143608527,4
1767269782060535634,3.1350920898074452,3.8743899332261362,1.314837955423153,1.3207722494956415,4
1767269782335155096,2.394677959627778,3.867089833475674,1.3158421326806025,1.3210368267677164,4
1767269782385448761,2.2547260663419166,3.756240715218756,1.3161018638444297,1.3209925095947044,4
1767269782460306347,3.039155756440204,3.849662562236959,1.3149104674599512,1.3206572356002764,4
1767269782535075142,1.7910720389853196,3.900442417745545,1.315900404545752,1.3205488492003825,4
1767269782585318995,4.953172935814543,4.063851333896647,1.3134000989718317,1.3210724940117076,4
1767269782660445054,4.601823106193059,4.030844216874553,1.3133300101050296,1.3207819830376983,4
1767269782785470564,2.5953996026326642,3.812626774028213,1.3153935682215359,1.3206845910450118,4
1767269782860349546,3.6466319464123487,3.965120656391068,1.3142840924624606,1.3207034697379874,4
1767269782935390399,3.111419826834716,4.039329197495544,1.3148733381118776,1.3208726554135348,4
1767269783060231582,3.497050522515366,4.022530265789187,1.314515777260798,1.3208926297924826,4
1767269783185579205,2.8891368389218908,3.878132777955701,1.3149282198505097,1.3207601859104054,4
1767269783259701000,3.8880917957919703,3.9108326398173294,1.3143137101348104,1.3209509495364347,4
1767269783334802089,4.321753218340163,4.029306182402133,1.3137445497375724,1.320980739342337,4
1767269783385396669,3.077024809935658,3.786593822044887,1.3151062249261085,1.3208563239058997,4
1767269783460146868,2.1143545457875668,3.921235536775263,1.3157974461308,1.3208868743266482,4
1767269783785094116,2.8007083093455343,4.070773189840162,1.314788646072356,1.3206437921465972,4
1767269783935741410,1.676761347736866,3.928237682902428,1.315865626921317,1.320599659694076,4
1767269783985797320,3.8394375773143086,4.044767422115482,1.3142651630134472,1.3209445777513125,4
1767269784060599752,3.7995229930807284,4.017690375903183,1.3141740055862268,1.3209804366399125,4
1767269784135394576,3.1734282387436696,4.021749928431555,1.3146757517793632,1.320878570998811,4
1767269784260256020,3.0853933480310403,4.030047605932792,1.3147066434908066,1.3208132822170608,4
1767269784335412016,1.9361483579745098,3.8978474379309795,1.316078477424641,1.3208987997198334,4
1767269784385538591,2.9361934369582787,4.031816736121943,1.3150509959758019,1.3209063896434319,4
1767269784535478241,3.5201444651558056,3.8814721695831746,1.3146462545679363,1.3209033857527337,4
1767269784660205080,2.5166366233648763,3.8670117252102223,1.3155708266322412,1.3209985964729305,4
1767269784734730943,3.250538090990185,3.8583967977751312,1.3148032642558392,1.3208275802848974,4
1767269784860147907,3.2253313902999015,3.793574633311734,1.3149085664570317,1.3207465690867828,4
1767269784934762265,2.5178763496926937,4.0272531392107,1.3153009442598436,1.320796235987622,4
1767269785260110386,2.5275789909076085,3.8970901713824646,1.315547993016155,1.3209261394321694,4
1767269785660048283,3.5937603752154157,3.94738324260741,1.3145799840031163,1.3209986399932003,4
1767269785735160242,3.1924751906839965,4.037936812120813,1.3145870716973511,1.3207481853914098,4
1767269785785140052,2.442767136924262,3.924489143129434,1.315344249340017,1.3206409484537747,4
1767269785860172392,2.414321139233122,3.897978182236552,1.3157614718536053,1.3209546274029942,4
1767269786059897266,3.6738192352399057,4.116045784926133,1.3141591974940474,1.3208100643032608,4
1767269786135421412,2.618697410613935,3.947901546004423,1.3153168112783236,1.3208649211287262,4
1767269786185371259,3.2196955713770237,3.911507920845238,1.3149105303090782,1.3209864634538346,4
1767269786260697602,3.039503614229888,3.9555496150836458,1.314943758971633,1.3208058568985126,4
1767269786459924476,2.683950995039819,3.993304130305047,1.3152075820356848,1.3208740153187752,4
1767269786534921264,3.842618515060625,3.982668123102271,1.314078500399356,1.3207358349010823,4
1767269786584929485,3.097454093130114,3.976086308276059,1.3147616604148755,1.3208205533306407,4
1767269786659937727,2.3558574394764165,3.838758728399555,1.31575335484749,1.3208888146540345,4
1767269786860360000,2.2498301962987632,3.941170934681758,1.3155050973429947,1.3206660745437184,4
1767269786935285874,2.542095597642513,4.012888434743683,1.3150886208548398,1.3206147454836021,4
1767269786985413117,2.7262708111550626,3.881081333833361,1.3154173902839505,1.3209765982957438,4
1767269787060456032,2.609817723282948,3.988150721346763,1.3151694639844056,1.3207355176320081,4
1767269787135461359,3.477842986550961,4.067173236802852,1.3143203020052037,1.3207692494407364,4
1767269787334714540,2.739067197883749,3.973682612664106,1.3151873433734933,1.320788646487398,4
1767269787385296042,3.5128106553896643,3.9553053904045132,1.3144316467363781,1.3207998014049689,4
1767269787460337433,3.764179939004686,4.0226914292941105,1.314333630804217,1.3209809126321062,4
1767269787534609727,2.009482011373409,3.79673344971583,1.3160966154818694,1.3208195003354835,4
1767269787585353930,3.582703237283713,3.9591141443521667,1.3144260898474553,1.3208155332011262,4
1767269787660084775,3.4470921232152563,4.05006816782972,1.3145818928599577,1.3210703577587184,4
1767269787735383051,2.8883718329315577,3.7806848927176464,1.3154118438292768,1.320892268629898,4
1767269787784952466,3.9848579968646547,3.9888750614791753,1.3139886494689665,1.3207721849531555,4
1767269787860069758,2.970358910957094,4.070743147278804,1.3149756859917854,1.3209222472692908,4
1767269787934996698,2.0515023644811503,3.9516315961449413,1.3158513545827455,1.3208667581328801,4
1767269787984609904,2.5796578087964317,3.970852845064971,1.3150168123418482,1.320649739343587,4
1767269788060598516,3.827936436222368,4.023748386171298,1.3142571970765409,1.32088287133655,4
1767269788135350770,3.0063531284920675,4.045591481203369,1.3146987036028823,1.3207758295301073,4
1767269788185220339,3.000777851143166,3.9153527778625965,1.3148267921547159,1.3206526104642657,4
1767269788260317822,4.276917505946276,4.033800656968754,1.3137785859161926,1.3209731281651826,4
1767269788334911515,3.0746055245070014,3.9613444847828876,1.3148716495939492,1.3208155317003563,4
1767269788385069305,4.290952134625936,4.09923327798833,1.3136268492717735,1.3208581542741982,4
1767269788535402496,3.135925926189831,4.117861574952184,1.3145679006978073,1.3208970588935194,4
1767269788584719645,3.1647014414004637,3.9660416003285914,1.3147695374403632,1.320800884977826,4
1767269788660197363,2.90640087904781,4.055651835136567,1.314824466996654,1.320849406079803,4
1767269788785403276,3.0673421499396447,3.876370102383801,1.3149463421340029,1.3208444603616158,4
1767269788859584320,7.8555571281144765,4.6730366031137125,1.3210729910964127,1.3206377298606766,4
1767269788935537399,7.5029650725420005,5.445453247903663,1.3191916494239682,1.3209800428508167,4
1767269789060398644,4.778059088202502,4.083515306555511,1.3132811707611045,1.3208305834689862,4
1767269789135556618,2.3621109264044815,3.9680908155512427,1.3154948585666546,1.320857704529019,4
1767269789185547673,2.5057366087861688,3.832358988778972,1.3155369074047314,1.3208069376677234,4
1767269789260007997,2.975823787974008,3.8880735039653866,1.3151266043149648,1.3207872836317398,4
1767269789335604621,3.4332196589652586,4.009657995232878,1.3146535040720861,1.3208564278600865,4
1767269789384895821,3.44397691984355,3.98646386557946,1.3143547188216758,1.3207266401902569,4
1767269789460117902,3.092681690997301,3.8731582298310303,1.3147035784278829,1.3205777441563402,4
1767269789534957429,2.5993736005773815,3.945618238855388,1.3152904400078504,1.3209007549187672,4
1767269789659989870,2.8988414230051163,3.893520780457656,1.3151432211787029,1.320847305674682,4
1767269789734564661,3.0732887466917713,3.9762753047700694,1.3149194194275555,1.3209165067094586,4
1767269789785155163,2.5259405813489177,3.9453677063164267,1.3153718993654877,1.3207620340256616,4
1767269789860154529,4.290044582697439,4.037334372293519,1.3137267833202113,1.3209784410289744,4
1767269790059688988,4.306893995547956,4.110144078726349,1.3137398519273742,1.320904110168821,4
1767269790135493607,3.960196238032676,3.983763956840502,1.3139067421093988,1.3205982644418046,4
1767269790335209179,3.3969240616740226,4.016656725162234,1.314614066055542,1.32089538358844,4
1767269790385050842,2.417320708692161,3.9273681564487855,1.3155771830750929,1.3208481399164604,4
1767269790459921700,3.741516677515211,4.008633859434498,1.3142501050302144,1.3208997877334547,4
1767269790534983582,3.355023032413973,4.07609748943615,1.3145183116423091,1.3208580541833823,4
1767269790584830160,3.5728697971617596,3.981267057984767,1.3144523357529687,1.3208978554900932,4
1767269790660258427,3.3062129940732987,4.009953958496519,1.3142953911364381,1.3205291157226013,4
1767269790785512417,2.505998078764282,3.834165723652298,1.3155988079157455,1.3208384662478643,4
1767269790935317909,3.7601256909467473,4.067801557936187,1.314043520614202,1.3207188571832953,4
1767269791134900675,2.9932762095405963,3.8583984904754245,1.3151631632184368,1.3209240908556001,4
1767269791185404253,3.256322748213414,4.098402256106118,1.3143432802194794,1.3207930071140643,4
1767269791260196022,3.76524049959448,4.07710215859227,1.3141198756634873,1.3208789625061672,4
1767269791385268449,3.063941367334344,4.0540430608424325,1.3147766404526786,1.3208581066834466,4
1767269791459961947,3.690155568609299,4.010209146381489,1.3143418850310276,1.3208870459633124,4
1767269791535069324,4.01072054103313,4.065044234292649,1.3140127891805893,1.3209698237090255,4
1767269791660150145,3.5998005097186425,4.03730753153055,1.3143823612646657,1.320953932418932,4
1767269791734721094,2.8599200199344033,3.8931281108836417,1.315305997188207,1.32095570962263,4
1767269791785249340,2.370359176431247,3.9891090762960077,1.315555507116702,1.3209439023920564,4
1767269791860150046,4.811451042807446,4.136944232217713,1.3131322453474912,1.3209296614776067,4
1767269791934949696,3.916641777989449,3.903338220516182,1.3143389883640437,1.320874314722699,4
1767269791984614833,2.9943110480306068,3.922545462822219,1.3151063149448623,1.3209942299332675,4
1767269792135618657,3.3215585902954814,3.863577377589663,1.3148824970845143,1.3208775532682286,4
1767269792185306703,4.805331488809461,4.15997357813985,1.313329072295334,1.3211610695373144,4
1767269792259726556,2.82983636475187,4.039962858888325,1.3149016226077321,1.3207756346385036,4
1767269792384888968,3.119761814351474,3.928283505079999,1.314782155104023,1.3208540526365884,4
1767269792459705907,4.110980496486949,4.020420444539588,1.3139682719146597,1.3209083305142055,4
1767269792535227270,2.622813107347799,3.8907292596110614,1.315310870304398,1.3207323891126368,4
1767269792584954642,3.654444755001096,3.9517868773212426,1.3144042492590329,1.320780215407715,4
1767269792659632148,2.4153929569561416,4.059992103616478,1.315195579064351,1.3208161846277957,4
1767269792785207459,4.251246733826042,4.290764641051081,1.31314006526146,1.3206120167026714,4
1767269792860220123,3.7740800590506662,4.005936002121557,1.314280954761889,1.3209074919250696,4
1767269792935469966,3.2505252157148945,4.072708924615785,1.3143690433860449,1.3206641636732428,4
1767269793060428564,2.398053151384527,4.158575320652332,1.3149774997343244,1.3207240756705043,4
1767269793135506810,4.4975551945491965,4.1196065144748975,1.3133972181711222,1.3207318839667794,4
1767269793185246304,3.851182443827872,3.9739377217594547,1.3141173093158012,1.3208038865367808,4
1767269793335208978,7.501903817880962,5.571155443533531,1.3186649617715032,1.3206457076108722,4
1767269793385316120,3.49779484363566,4.02472164951527,1.3145804014127982,1.320904365416262,4
1767269793535099999,6.778600047919747,5.572122774698302,1.31799992706429,1.320827786345152,4
1767269793585353154,3.4351362014377607,4.000468008647729,1.3146600183580817,1.321001622051241,4
1767269793660496285,4.122305236056167,4.0051417306241754,1.3139408736092506,1.320996068287749,4
1767269793785261667,3.224299386816787,3.8872483192261957,1.3149077652413035,1.3208710087495208,4
1767269794060005198,4.120091040371365,3.9579147281073968,1.3143557992901154,1.3211112604804083,4
1767269794135432213,3.4446093785400755,3.9975064998969083,1.314470702563112,1.320845739317458,4
1767269794260239404,3.9157766194226618,4.033308139282981,1.3142598263407683,1.321005009144879,4
1767269794335292793,3.0054035739774942,4.0641040578288825,1.3146261724037858,1.3206176803278766,4
1767269794385400068,2.784859831344688,4.12630000600085,1.3147011363702805,1.3206802141738976,4
1767269794535332191,1.8596691032761736,4.001976693240565,1.3157549285370895,1.3207051304660904,4
1767269794660124485,2.155370643456278,3.893324543214247,1.3157305193215085,1.3207403972481884,4
1767269794735174114,3.666693800698395,4.007887321476905,1.3142416949706341,1.3208402748491428,4
1767269794859578966,3.3379193283056274,4.050545336514159,1.3145816611202086,1.3209424944308252,4
1767269794934670715,3.486875595110739,3.9333328867891293,1.3146769626249535,1.3208662097507944,4
1767269794984685391,3.291411032653846,4.039257643618314,1.314601996003685,1.3208414858094764,4
1767269795059694981,3.678643030661455,4.136174366457324,1.3140746019657867,1.3208295250532196,4
1767269795135171532,4.021310200915007,4.076045655853981,1.313861412931346,1.320848913132241,4
1767269795185074442,3.852927091573699,4.034664359366489,1.3139185827131543,1.3207302712970834,4
1767269795334665938,4.211362293595533,4.0952995958166065,1.313681475486383,1.3207806841159038,4
1767269795385074360,3.8685501737731887,4.024019238418898,1.3140461543528659,1.3209083091112344,4
1767269795535087820,3.9630783973934047,4.087388788382307,1.313919234199489,1.3208813638900907,4
1767269795660330722,4.190609898215847,4.120752870667422,1.3137167229680646,1.32086722082193,4
1767269795734673481,4.47239801082655,4.1533811418425035,1.3131658735875422,1.3207311090119156,4
1767269795785395275,3.9147175739799867,4.030597967523261,1.3137657012748052,1.3206606202023312,4
1767269795860081879,4.7296668463505664,4.065852010401506,1.3134217963971804,1.321040496373285,4
1767269795984929563,8.000842514852557,5.346619422143746,1.3196802699653065,1.3207812863785608,4
1767269796059631468,4.196803833202312,4.081396840676655,1.313924646284206,1.3210565144802036,4
1767269796185417923,3.9896345375181053,4.0824860290287885,1.3140346524334512,1.3209602549372321,4
1767269796260271081,3.353717325397465,3.977939943575478,1.3148422225920768,1.321027916603497,4
1767269796334584771,3.232403333014666,4.071108361574091,1.3145317429297674,1.3209338218007682,4
1767269796459902143,3.74729610049096,4.082282959966783,1.3139411029264467,1.3205739629331987,4
1767269796534678674,3.7396523692787564,3.973609693181845,1.3144420740657787,1.320932984074479,4
1767269796584581353,2.8740005080545306,3.975972765189053,1.315035348071399,1.320886737597968,4
1767269796660132536,4.055625442966226,3.978553160835479,1.314110439458318,1.3209142550241317,4
1767269796785199667,4.185389726091726,4.051972035360621,1.3137496292590032,1.3209137595146785,4
1767269796935151412,3.3235483402185295,3.910147353500899,1.3146610718645817,1.3206377589005447,4
1767269797060150429,3.849612973890526,4.050342079025483,1.3140981630685402,1.320854505166428,4
1767269797135083059,3.846184933409491,4.113885944861008,1.3141475065080364,1.321017105191513,4
1767269797260102613,3.7191947627206456,4.137186621400394,1.314032446594216,1.3208873587931738,4
1767269797334966074,2.8122157234118372,4.03370666099764,1.315033702270117,1.3208664616951393,4
1767269797459454708,3.3775980997508004,3.952264639680978,1.314526511597689,1.3207252263387,4
1767269797534955984,3.6358898742983037,4.201956916149715,1.3140881965672844,1.320923645371418,4
1767269797584646750,4.170656083717361,4.050964095650025,1.314016775960504,1.3210386959834877,4
1767269797735080487,3.456849565975695,4.067605000054542,1.3144660812143385,1.3209303428946961,4
1767269797860267175,3.3191114913286857,4.042010227882774,1.3148209801474564,1.321083230593007,4
1767269797935321550,4.0038594143463335,3.9541082913552197,1.3142342077640958,1.3210851365804777,4
1767269797984659577,3.649330955886043,4.048750940807693,1.3142783804193412,1.3208969243920188,4
1767269798134572349,3.1216217632343835,4.006403550518204,1.3149334913315578,1.3208993278076202,4
1767269798185123313,3.7436978385352315,3.965147203122793,1.3142181205946615,1.3207954200610166,4
1767269798259281699,3.1764542675916108,3.9996572058819666,1.314865557997357,1.3208434983655448,4
1767269798334996017,2.823992449253465,4.110011365080512,1.3146151946375924,1.3206764943810874,4
1767269798735269408,3.4521853474118736,4.001394816909531,1.3146767476886057,1.3210204953161022,4
1767269798784929471,4.265428066142274,4.0929265838971975,1.3137396382434867,1.3210864276653622,4
1767269798859681401,3.6241307594973016,4.054203345670845,1.314232051004928,1.3207879301145173,4
1767269798934598427,3.4428573991498457,3.9509778178108683,1.3145455312984486,1.3207898027521248,4
1767269799059934069,2.578916298228595,3.970857386064711,1.3151630524322517,1.3206758302491293,4
1767269799135131582,3.3464530947289184,4.009251934513304,1.3146999316886323,1.3208860677828183,4
1767269799184559438,3.61570313126669,3.908081992851113,1.314564412160267,1.3209197703145574,4
1767269799260048847,3.201209879331701,4.091162131807559,1.3146762179070932,1.3209331221468887,4
1767269799384756732,3.8593594367670736,4.019924829220012,1.314102732981059,1.3208687663882441,4
1767269799534700975,2.7994623037808086,4.103707764366504,1.3148201728357314,1.3207310148392597,4
1767269799585335083,5.629680550735872,4.30306944633725,1.3120797073707373,1.3208534587676009,4
1767269799660156529,4.625574607614258,4.099709319831138,1.313356060330039,1.3208566392792243,4
1767269799734811367,4.379236446285795,4.144326586503956,1.3134471985581864,1.3207964090847895,4
1767269800185108823,2.891160414816296,4.131957164690748,1.3148645510588703,1.3209103437912748,4
1767269800260484219,3.3389137196180307,4.022116723643153,1.3142961573032035,1.32071500171639,4
1767269800334638171,4.394577679411205,4.1906381647603155,1.313199509408351,1.320713337924188,4
1767269800384976780,6.8278091876541325,5.382036667918668,1.3185720415690205,1.3209465371769478,4
1767269800459746076,4.143529506761556,4.100762191334782,1.3137139355187402,1.3208942261097616,4
1767269800659650805,4.140187938126427,4.0975280431689,1.3136384919048822,1.3208184776831513,4
1767269800784842103,3.6078387355498176,3.9702208694070755,1.3143300783496996,1.3208309884723095,4
1767269800860087871,2.985985830876947,3.973561089563937,1.314857639273415,1.320874473004777,4
1767269801059880458,3.81555044235915,4.113054342462827,1.3142466528857466,1.3210399944997222,4
1767269801135008918,3.480936984260774,4.053119567537503,1.314514762470658,1.3209386767048963,4
1767269801185322303,3.525041496653225,4.0623938439285086,1.3143345907315171,1.3209368719632308,4
1767269801259732593,3.7173816385449587,4.120740013015551,1.314042106842477,1.320813764973948,4
1767269801334919952,3.3514145149720065,3.9052856496009043,1.314611825821699,1.3207852609302908,4
1767269801385254789,3.7228771328778887,4.084239323662789,1.3142287762535267,1.3209039679408745,4
1767269801459869379,4.715907607622416,4.319301123976405,1.3126616351868272,1.3206478751431523,4
1767269801535220538,4.076483025828415,4.120991375784343,1.3137769503950936,1.3208743270103385,4
1767269801585258376,4.54203376521467,4.192751404053291,1.313174182906317,1.3207675666851406,4
1767269801660115026,5.809030754363675,4.2748042525331185,1.3118650577510493,1.3207257087814928,4
1767269801735273984,4.055847188412454,4.163548941916828,1.3137576789294605,1.3208293183836681,4
1767269801784808671,4.117479835837656,4.190546433302812,1.3136914417245762,1.320966035974488,4
1767269801860212707,3.919415158414541,4.098274563778634,1.3137441692900311,1.3207520751017143,4
1767269802060095478,5.055841877006362,4.094039157099852,1.3130726207441186,1.3210091839061167,4
1767269802134881703,4.477378152519362,4.067551976293297,1.3135296324616232,1.3208990147471689,4
1767269802185397102,3.1342387709936137,3.991002660561702,1.3147031022979376,1.3207073370311555,4
1767269802335452785,4.08397882487721,4.088289857455135,1.3138503137790674,1.3208399404544178,4
1767269802459586985,4.112164334067359,4.071855795765129,1.314063392804746,1.3210643931255652,4
1767269802660241469,4.401026592712798,4.234348652927261,1.313296070678141,1.3208122062743133,4
1767269802734550708,4.102678834243756,4.187571563329639,1.3135864322047455,1.3208181396981764,4
1767269802785279784,3.119256905999901,4.0695964383301675,1.314724864803639,1.3209035773239122,4
1767269802859674550,5.348959104629847,4.128094848699476,1.3125496837865336,1.32089594684739,4
1767269802985050991,4.663118178038106,4.06254616313266,1.3134683498857826,1.3212019223650793,4
1767269803060255351,4.5995843229698075,4.127204158747117,1.3133514943960396,1.3209125376270663,4
1767269803184494178,2.634138015570553,4.089639133996537,1.3149416778291423,1.320715769142799,4
1767269803260124493,6.3916741322520565,4.209086852004361,1.3115446889477607,1.3208993155338127,4
1767269803459323164,4.662514439820464,4.149644504756936,1.3130191640872209,1.3207478831892772,4
1767269803584548512,3.8323687923109695,4.071591815093894,1.3143271432111823,1.321035640701855,4
1767269803860069206,4.0164037827465915,3.9795249975717812,1.3138991487484317,1.320761776439335,4
1767269803985145955,2.7567546592945913,4.017495447823211,1.3151414642783519,1.3209680014634755,4
1767269804059913006,4.0321627935857585,4.005216953647673,1.3139843506944395,1.3209194492793224,4
1767269804134532876,4.4049538914616715,4.084382249351471,1.3135346319761472,1.3208499496275226,4
1767269804184701183,4.71064664715759,4.124045687004947,1.313332358677927,1.320973151036334,4
1767269804335092559,3.4659195255359876,4.033634807197645,1.3144354387941652,1.3207940302271133,4
1767269804384864563,5.031253382753231,4.232188745730788,1.3129481250597292,1.321030331519951,4
1767269804459817152,4.976012464150026,4.1913328684228,1.3129043157400013,1.3208706430105668,4
1767269804535415884,6.304882230246722,5.579190057128278,1.3174055241732863,1.320786371394299,4
1767269804584522689,3.48461463688432,4.149263432428198,1.314068405421566,1.3206781370930822,4
1767269804660184931,4.42067953269798,4.240201840742047,1.3134971951178906,1.3210305596781644,4
1767269804734857320,4.2627917938362625,4.030140103341127,1.3138139004576044,1.320876285355938,4
1767269804784835030,3.966481340262451,4.003984049533989,1.3139118364492532,1.32080522454917,4
1767269804860205405,4.234148209302013,4.118480109001532,1.313628315374391,1.3208887004236467,4
1767269804934584667,4.889904051107452,4.204388667440671,1.3127655782313625,1.3207024754088597,4
1767269804984868412,6.5647686326548715,5.638760951625118,1.317722861244058,1.3208496414076014,4
1767269805059831502,5.475626576194381,4.131060974196004,1.3124534676931874,1.3208122723088374,4
1767269805134869139,3.1435227969316415,4.0318453441690005,1.3147098871387046,1.3209097243646395,4
1767269805259491106,3.4607776615525054,4.060404098278817,1.3144213131464022,1.3209125522425347,4
1767269805335068051,3.527722163412017,4.0471695027384635,1.314431016661203,1.32092093095272,4
1767269805385231944,4.101573428429095,4.049797415641639,1.3138357925740978,1.3208452960231214,4
1767269805460138935,4.360550778272243,4.164909246078726,1.3133165307419796,1.3207121601352907,4
1767269805734680291,3.3761275809596203,4.082036613446577,1.314678288905799,1.3210451454110061,4
1767269805784952315,3.0610018972663244,4.077153502737736,1.3145156027407718,1.3206824238140904,4
1767269805984472386,4.803655458187395,4.095706138145861,1.3132318285580111,1.320976085418548,4
1767269806059986969,2.6565484043714616,4.009756475131832,1.3152333330943862,1.3208084532346014,4
1767269806134943079,4.644774302063004,4.055656776489362,1.31321156691856,1.320825027708781,4
1767269806184539972,3.660107821617853,4.21468513899518,1.314101058461421,1.3209282308334416,4
1767269806460255139,4.827357140676503,4.103403812692195,1.3131036670371055,1.3208623249623876,4
1767269806534610321,4.939339907041207,4.172184398518118,1.3131639536377826,1.3210261878747367,4
1767269806734370252,3.833919189566659,3.9882549651509436,1.314266990275671,1.3210219661671239,4
1767269806784669638,4.5839495792379115,4.096823713656412,1.3131991250797577,1.3208205535553665,4
1767269806984780826,7.977666462848143,4.28204078091807,1.3222310227953105,1.3207435734229338,4
1767269807134911796,5.0349783459369135,4.180066844329316,1.3128319546050353,1.320840254711861,4
1767269807259887577,3.7685234212370133,3.995400222277021,1.314179956288553,1.3207566340778185,4
1767269807334877724,3.543553670600552,4.0387332000089895,1.3142828879440664,1.320758014075893,4
1767269807460253794,4.230122390161739,4.083829701136411,1.3135629671349038,1.3207702407769568,4
1767269807535352107,3.1590594198800392,4.06489247239866,1.314674239068194,1.3208558170674667,4
1767269807660040988,3.2112604139813428,4.01986987855499,1.3144521945222767,1.3207510306882004,4
1767269807734883530,4.339007895196145,4.130232893663846,1.3137533036478026,1.3210241160383505,4
1767269807784375296,3.359802512332033,4.001543467570161,1.3146524673999238,1.3208520838974593,4
1767269808059804632,4.055950256953045,4.093785907804863,1.3136978706307123,1.3208639860520144,4
1767269808134896732,4.725823111273231,4.1808160169604385,1.3126839380459154,1.3206353078766704,4
1767269808259941870,5.160602909593859,4.178395619184781,1.3127078580304843,1.3208684888228128,4
1767269808334551468,4.182883789627834,4.220034601492538,1.3133626968404086,1.3206545274139299,4
1767269808460402438,3.687708139313406,3.992548290099634,1.314303496571096,1.3209393298065135,4
1767269808585467772,4.774531128263426,4.100584376271602,1.3131958138715953,1.3209380989526311,4
1767269808659773807,4.402258182065744,4.196693615483007,1.3134277791924778,1.3209755006347441,4
1767269808735158922,2.34460854547458,3.990581195886159,1.3155553465349639,1.3208987517121278,4
1767269808934398027,3.9280069650795557,4.021125810800467,1.314024363371619,1.3208851508590287,4
1767269808984403531,7.478419656628654,5.351767379310044,1.319239295401473,1.3207168479809184,4
1767269809059359808,3.1541415930351757,4.011729361631596,1.3146838059986359,1.3208182694571537,4
1767269809184504326,4.125170407470957,4.213319548797468,1.313682323605909,1.3210142886493532,4
1767269809259870586,3.8804861392105483,4.13891491935509,1.313809864820717,1.3208524414070066,4
1767269809384465650,4.82736437515241,4.162486195440233,1.3129611997910038,1.3208607616201813,4
1767269809459998748,4.2377988900550445,4.132030541561201,1.3136624679199689,1.3209539781691089,4
1767269809534644608,4.76324551639018,4.1789111518382835,1.3130023587149444,1.320893765478049,4
1767269809659851250,3.1118395365890006,3.940886313821209,1.314900304594298,1.3209373355836171,4
1767269809784493176,4.562557135498357,4.192183918074872,1.3130232085203613,1.3206571058872907,4
1767269809859871724,4.244904117682413,4.232994483710771,1.313556075735972,1.3210098853120265,4
1767269809935338572,2.3218869160162026,3.9129173485236137,1.3158833630063038,1.3210213785536487,4
1767269810134470649,4.115403002045381,4.100754949209283,1.3134820962131333,1.3207021978310611,4
1767269810184765875,5.13195148581147,4.196426977444759,1.3130463962154737,1.3212008906250634,4
1767269810260134828,4.016644753114695,4.083204992908579,1.3138479442048832,1.3208860696098523,4
1767269810460517801,3.8317812573769316,4.108160568295488,1.3138967861419346,1.3208400547844663,4
1767269810535309807,4.547525986422496,4.046779907922794,1.3134798721934042,1.320947214778077,4
1767269810584907133,3.5646105200326517,3.9914729671838063,1.3145887752857377,1.3210311396622798,4
1767269810659907976,3.492661371121031,4.111160905542038,1.314312487715183,1.3208811929714301,4
1767269810735091467,4.749251485050898,4.191299949355839,1.3129639780008662,1.3208599679011412,4
1767269810859949262,4.2261317428538,4.1280536310770115,1.3137327611654022,1.3209280860049004,4
1767269810935054137,3.653751476458744,4.169886771487862,1.3139250680054084,1.320748728230421,4
1767269811059971066,4.707218569542038,4.112280724338409,1.3131370216545608,1.320759064321122,4
1767269811134691897,5.091860257076197,4.351620357695409,1.312463895262149,1.3208114096932109,4
1767269811184971265,3.1363087170210857,4.049973902109867,1.314733598423818,1.3209434247797647,4
1767269811260364466,4.087015776645275,4.061349945935825,1.3138757487725454,1.3209643445625254,4
1767269811385078022,3.8595693555405486,4.161119397491149,1.3139853536669548,1.3209897176057877,4
1767269811460346507,4.254843866743796,4.1000782418057495,1.3135354044444458,1.320800514883152,4
1767269811584520368,4.023880888894826,3.9771606444038263,1.3141711442833044,1.320892311732569,4
1767269811659603070,4.800260040667137,3.9948259770494143,1.3133594358612928,1.3209725428985064,4
1767269811734440421,4.07201692312853,4.162985599130209,1.3138280754177512,1.3209829283879708,4
1767269811784609163,5.0682836793729535,4.226514305709028,1.3126927873523149,1.3207552628096062,4
1767269811934550951,5.013635167562702,4.187304051956257,1.3127413567515076,1.3208635153506243,4
1767269811985050556,3.8995236762715546,4.068539018029579,1.3140341911026812,1.3208993102927822,4
1767269812060075594,4.320360585202909,4.160803493097539,1.313395462867825,1.3208384033310707,4
1767269812260088414,5.857456063734778,4.206371476508692,1.3120255890752195,1.320872041579065,4
1767269812334513317,4.892390040208694,4.247463297611523,1.3127488343599658,1.3208674425485607,4
1767269812460371661,4.599446047963474,4.105793728827709,1.3133035484976137,1.3208466460227604,4
1767269812534789609,4.930126583545746,4.136631043326777,1.3128328062597114,1.3208116592730834,4
1767269812585383773,3.763146669676587,4.137383533820336,1.3139860081784582,1.3207927901503531,4
1767269812659974806,4.547169083800151,4.262520940612051,1.3132397444726975,1.3209433982756935,4
1767269812785086132,4.704795759072677,4.036504686681009,1.3132723323265085,1.320835578434408,4
1767269812860143371,4.863306964940861,4.17449202058714,1.3129505005988127,1.3209090469301659,4
1767269812935107399,4.850585612070413,4.265071525842448,1.3126874616497533,1.3207537869095316,4
1767269812984864340,4.187280088232326,4.1096897217588015,1.3137355390345666,1.320914581883164,4
1767269813135204051,4.759100651768433,4.178970967937908,1.3131642421595657,1.321115357021319,4
1767269813184808685,5.224652310251265,4.145905126117487,1.3128533954416828,1.3210222176995878,4
1767269813260076042,4.862070510521788,4.107389719179874,1.313008303363377,1.3209074975583701,4
1767269813384810367,4.377457326752765,4.131251612374497,1.3135846222374257,1.3209518293389773,4
1767269813459941942,3.8457948094885452,4.12532511519326,1.3135984209980338,1.3206139426292332,4
1767269813535063457,4.4694538031722075,4.079706567646996,1.313640581489361,1.3209917708693701,4
1767269813584855170,4.588273552093458,4.143280185059436,1.31297225723986,1.3205355100095173,4
1767269813660515368,3.8641009849353924,4.043787970439037,1.313956434792619,1.320696711906335,4
1767269813734764032,5.099116588618946,4.2594597504566325,1.3126213477967363,1.3208816692275325,4
1767269813784503652,4.10772969588713,4.136525422078404,1.3136835082752834,1.3208076134315514,4
1767269813859920721,5.0572925884724285,4.141029214246832,1.3127585455845392,1.3208676258440701,4
1767269813934423855,4.893155159412688,4.103916393532366,1.3129621053170144,1.3208404097559205,4
1767269814059452379,5.209847394937572,4.190175581101888,1.3126321306155713,1.3209463649201032,4
1767269814134649452,4.694021829085404,4.06677298023983,1.3129781579200206,1.3206928476814384,4
1767269814260119675,3.9359758632810937,4.052717863923605,1.3140667635312795,1.3208871087409733,4
1767269814334959514,3.2528785756058554,3.996819214057369,1.3146306642097179,1.3208361263309363,4
1767269814385180422,3.732409317256158,4.115602837056221,1.3140848354048889,1.3208729391473613,4
1767269814535108666,4.940831214204078,4.183668656961943,1.3128225984465076,1.3208614853824623,4
1767269814585061557,4.984411343001094,4.270899176283646,1.3126947420561592,1.3208766257032911,4
1767269814659996744,4.352586664562619,4.136467366220167,1.3133833057680495,1.3207458249374455,4
1767269814734687532,4.493736523478065,4.2351894994599615,1.3131017935730016,1.3207608012240326,4
1767269814784869326,3.749117410089209,4.019236297351623,1.314193971093953,1.3208974709583714,4
1767269814859948692,4.266821622385564,4.14530041007533,1.313550680993876,1.3208229442865256,4
1767269814934437828,5.024338718613519,4.177080426492186,1.3128618733379194,1.320911370382067,4
1767269814984677737,3.845138881847232,4.008250198958749,1.3140530457215212,1.3208993221272283,4
1767269815060237531,4.405285834084394,4.139921212034495,1.313480861431558,1.3209750491815497,4
1767269815134397479,5.0548105336361004,4.238004960159942,1.3126687597714914,1.3208097024896595,4
1767269815184896288,4.561433846524521,4.109977362521665,1.3134625237461144,1.3210003759479885,4
1767269815259505293,6.854170487287314,5.473097398659162,1.318266304329922,1.3208359935968552,4
1767269815335191494,3.160263818641873,4.031101408890637,1.3147262840954619,1.320824206182161,4
1767269815385114971,3.9335835939044994,4.079262728105815,1.31378564134412,1.3207408084780472,4
1767269815460200249,6.880471463673432,5.582714669283212,1.317970328128962,1.3208453484801579,4
1767269815534225903,6.54521667742225,4.384434953681162,1.3112254247592297,1.3209973758465094,4
1767269815659465688,3.9065055851719155,4.214497478935091,1.313637613059563,1.3208964896636393,4
1767269815734748427,5.735157697740023,4.1793667693673004,1.3121429982876662,1.320831744209795,4
1767269815784839875,4.0482850845453555,4.148508623012514,1.3138074505229516,1.320850079623079,4
1767269815860088075,3.981637443023489,4.05711625635743,1.3137953085253116,1.3208096703719858,4
1767269815935041353,3.5033165265856425,4.121192066766529,1.3142790359444683,1.320856929766844,4
1767269815984730800,3.914831731390178,3.9657994255308058,1.3139390718211066,1.320779950939637,4
1767269816060280738,5.067083376771642,4.236174610071732,1.3127200149041771,1.3208997096244988,4
1767269816185473822,3.5150333147100365,4.2139473902179905,1.3141895285614862,1.3208653398408876,4
1767269816460425026,4.350414191332419,4.142609848171709,1.313462169467298,1.3208387768023184,4
1767269816534458557,4.591652528093126,4.080632065320791,1.3134727429148652,1.3210268456386651,4
1767269816584412133,4.399744362254321,4.288509769589798,1.3131039815096524,1.3208179562889582,4
1767269816734793822,4.550175150387803,4.119663260516149,1.3130446838344116,1.3206905488131129,4
1767269816784680865,4.107305593370469,4.005133174295759,1.3137735793534897,1.3208721049927117,4
1767269816859574305,5.901999268688174,4.247940126141075,1.3122030608639461,1.3212191100151511,4
1767269817059968073,4.089612602481862,4.24109068861586,1.3134782862913361,1.320736517328103,4
1767269817134758590,3.1732737614531548,4.1555825395398465,1.314419639512669,1.320777254148109,4
1767269817184808915,4.5440165928902765,4.101995625816485,1.3133042276802225,1.3207645511236625,4
1767269817384871182,3.8609279657626505,4.016310736108534,1.314037759992909,1.3207686570099793,4
1767269817535009991,4.887422821922893,4.171980101819579,1.312953279110293,1.3208175737665766,4
1767269817584440583,3.6720627939621497,4.140995130778993,1.314128535134684,1.3210178112729984,4
1767269817660065693,4.442210505000155,4.123198741536875,1.3136868304981764,1.3211897016585723,4
1767269817734879658,3.4951396114804023,4.004473285136496,1.31470491702693,1.3210315132339845,4
1767269817784685276,5.107843232752263,4.271465736366849,1.3126061132936606,1.3209503077722486,4
1767269817860125559,6.054369275662053,5.5933745256207565,1.3174353614621783,1.3209742197263372,4
1767269817934816760,4.816364993194711,4.311050658609272,1.31279120277584,1.3207916144581895,4
1767269818134350944,5.041882217061033,4.283456025836983,1.312727641422657,1.321031006177279,4
1767269818259727516,4.582864795187103,4.248927057466094,1.3131438193586649,1.3208243329443727,4
1767269818534875574,4.882218150218831,4.167316066168673,1.3128635879295694,1.320860242907615,4
1767269818584806255,4.352646949162597,4.264500132817385,1.313180374173952,1.32073996951534,4
1767269818734996894,4.6939695465872955,4.14815276836476,1.3130356559600047,1.3208295104351426,4
1767269818784562920,6.485222024972925,4.651323451589979,1.3201366396853174,1.3209465704045171,4
1767269818859389815,4.603357895936355,4.20022610517861,1.3133084705029563,1.3209966758157556,4
1767269818934625713,3.3976519714979947,4.007818978272353,1.3145760446224566,1.3208225938423757,4
1767269818984625348,4.086203493691043,4.167674701656517,1.3136635642788546,1.3207883998367824,4
1767269819060012220,3.1557958727785884,4.113286010080642,1.3146911700714714,1.3209351136139609,4
1767269819135127597,4.482926353069239,4.139696093630894,1.3134168347764665,1.3208586050107833,4
1767269819184777708,4.0924142232414695,4.128044289301713,1.3137189149778787,1.3208597528547137,4
1767269819460291436,2.582636322882026,4.065570116785754,1.3154427829849433,1.3210444958622576,4
1767269819534692801,4.788028973506497,4.259182032268934,1.313005996625276,1.3209890204645012,4
1767269819585082545,3.6309565435392877,4.053269034619376,1.3143538613486503,1.320926728605692,4
1767269819659889198,4.973817197766683,4.179694346281898,1.3130751905827753,1.321078539676359,4
1767269819734854597,5.50841320446982,4.230423194932634,1.3123148915055032,1.320828349426433,4
1767269819785122339,3.9245142851609405,4.197430620117915,1.3137216435176682,1.3208758450385312,4
1767269819860070316,4.754824371367095,4.156108125339468,1.3131784370662278,1.320864386887755,4
1767269819934700905,5.323973414111727,4.237971308602535,1.3123713953606337,1.3208857542663583,4
1767269820134720082,3.614628346900295,4.118396841903225,1.31409508092483,1.3207689227997224,4
1767269820184655401,3.407109086393856,4.012574822250254,1.3145508320609414,1.32093792891372,4
1767269820334818712,4.280873666281604,4.175308522093128,1.313407911461093,1.3208677554386137,4
1767269820384377254,6.8704566771014,4.508854471136999,1.3207727748821134,1.320929165198677,4
1767269820459789015,3.5064892598068997,4.124692688855836,1.3142600192627425,1.3209005322501748,4
1767269820585006875,4.718386210659897,4.157405511728812,1.3130894192795795,1.3208575229018584,4
1767269820734350943,4.552466128869614,4.192704731747671,1.313255007955871,1.3208673635986585,4
1767269820785218254,3.4104382239974473,4.10002425050921,1.3143662850807636,1.3209660031236752,4
1767269820859612891,5.802577039041745,4.2588358054672675,1.311992158311938,1.3208819243143257,4
1767269820934776859,3.206676468564762,4.076132271616628,1.314383047195376,1.3208100626121133,4
1767269820984685467,6.101222564113273,4.218029427129805,1.3121352479069368,1.3212364916036918,4
1767269821059948005,4.476517196392971,4.2390820926352015,1.3133908513835086,1.3209215467782456,4
1767269821134750179,5.08721115898414,4.277418042161321,1.3126608846151646,1.3209379676445692,4
1767269821184873616,4.503089750589329,4.043145217817215,1.3135609029962552,1.3209114859074178,4
1767269821259839518,5.719967494609568,4.363442404008735,1.3120525407223822,1.320952426124895,4
1767269821334830729,3.9525306998069443,4.158834340228454,1.3137535039054429,1.320844083851813,4
1767269821384773332,7.712389448307766,4.549114239264075,1.3217178200023703,1.3210046451611566,4
1767269821459370849,4.8726155314196,4.267673012989707,1.3127471456696478,1.320791136087415,4
1767269821534748590,7.376183474389952,4.635504399229192,1.320847552709009,1.320871544158615,4
1767269821585034242,4.075737906894528,4.223846362714911,1.31368630879914,1.3209264850375997,4
1767269821785105885,7.219887285737636,5.0462132645450195,1.3194272251574675,1.3205540062172978,4
1767269821934745484,6.242816452886268,4.408573637933565,1.31126560992267,1.3207972530279295,4
1767269821984633904,5.0800720583372705,4.300155701615785,1.3126872010913255,1.3211587388291803,4
1767269822134613512,3.8909530667781134,4.2194367476276895,1.3136871831424184,1.3208013161739354,4
1767269822184628253,4.217720144115811,4.262515883579936,1.3132931430549488,1.320788232368922,4
1767269822259504313,4.433796295913117,4.292094017028494,1.3130540096770211,1.3208344669967085,4
1767269822459600606,5.495813319250198,4.199176773324929,1.3121687914872406,1.320722651971583,4
1767269822534728382,5.3411415812611995,4.127843249876251,1.3126844375695355,1.3209699427371617,4
1767269822659415041,4.341250754564152,4.143940276073877,1.313443815042153,1.3208562206562333,4
1767269822734534524,5.629149049488191,4.24489041736136,1.3120589633400117,1.3208281210469452,4
1767269822784330640,4.30941139635177,4.232997231316375,1.3132294315044202,1.3207923052361097,4
1767269822859695435,4.479560782523873,4.0928073342512965,1.3134667634706196,1.3209228908297834,4
1767269822935156408,4.435112528027529,4.087079050280229,1.3135314365491462,1.3209694419372275,4
1767269822984644972,3.957448944533759,4.1735615279513585,1.3137871980798825,1.320886161114644,4
1767269823134874142,4.560079894024405,4.118407048254198,1.313440923761108,1.3210198101048338,4
1767269823460080327,5.5173058703965605,4.317129299218751,1.3122306029294997,1.3208816329977182,4
1767269823535093518,5.296646999122689,4.123752850368675,1.312707351628385,1.3209781707408528,4
1767269823584900167,4.957196000200392,4.117125912613328,1.3131330478167311,1.3210090345904875,4
1767269823735066528,5.491814482954771,4.239049009669738,1.3121228857090297,1.3206655448543205,4
1767269823784766202,3.663849642502548,4.095678752867972,1.3143497314365398,1.3210342922148977,4
1767269823859233544,3.917224295947319,4.248653428314812,1.3136763414195214,1.3208997382480796,4
1767269823934700531,4.215410849521817,4.203043663466531,1.3134639595080737,1.3208518766882635,4
1767269823984929626,5.049891136869933,4.256433448615825,1.3129197065268996,1.321081229415276,4
1767269824134852373,4.830895727282902,4.029926836718315,1.3133051923971142,1.3209419675912466,4
1767269824184725770,6.774624893525871,4.729100527873555,1.3201083156354045,1.3208792260255777,4
1767269824259269671,4.732556928979337,4.193217089864465,1.3129284418789533,1.3207614482340249,4
1767269824334350490,5.436286618678787,4.258352487193531,1.3124333314749772,1.3209411399797155,4
1767269824384622047,4.777950946673437,4.296461686083402,1.3127549490988453,1.3207173323375911,4
1767269824459204523,4.192044155291841,4.1716478604379805,1.313605301945268,1.320805709483345,4
1767269824535045143,4.654222711642841,4.108860519418096,1.3134467374489118,1.3210341699881203,4
1767269824584768935,3.7025794414080604,4.1551394468603355,1.3141090833793283,1.3208930057758117,4
1767269824659722198,4.363109480324923,4.25501188083004,1.3131830136153275,1.3207238006399515,4
1767269824734727990,3.869412782619097,4.143650835611929,1.3142242875388672,1.3211026855054744,4
1767269824784321240,5.367665573604796,4.191403389271668,1.312445273455805,1.320849872956567,4
1767269824934411525,3.942551998622923,4.043005078680224,1.3141003487483156,1.3208211445841533,4
1767269825459458073,4.3372399601084854,4.13250544921098,1.313406331606395,1.3208265137158066,4
1767269825534764579,5.198908744776132,4.172775376911263,1.3126873249541258,1.320919534346815,4
1767269825585100641,5.243669915840021,4.25345673765834,1.3125385168023076,1.3208932228330195,4
1767269825659559023,4.808670984567165,4.140085732575981,1.313125977041029,1.3209407348381395,4
1767269825734445283,4.241612750403689,4.180068202653704,1.3136405814760233,1.320992511040214,4
1767269825860147784,5.3189074272252945,4.175917778320689,1.3127017918082289,1.3210122640148259,4
1767269825934860272,5.25407112558951,4.220589760382331,1.3124988474756245,1.3209494509289677,4
1767269826334929898,3.9991854279490813,4.107529345195647,1.3139184617462818,1.3209562366019896,4
1767269826384472284,5.738598952761853,4.275385985933665,1.3122398186308402,1.3209719829527966,4
1767269826534924620,5.279986889770827,4.238245381854916,1.3125110727432996,1.3209191631339041,4
1767269826584793512,5.605248227819271,4.859572195724874,1.3187903500453642,1.3209034565205768,4
1767269826660135939,4.935501261656983,4.0848919584316095,1.312892934922137,1.3207385604783355,4
1767269826734694247,4.597181714880438,4.2810814885794235,1.312903638206588,1.3208150545468813,4
1767269826784917913,5.140571641832903,4.234406314352097,1.31273642950256,1.3210111687917976,4
1767269826859743030,5.466921987081985,4.361811503032584,1.3120328181141248,1.3208475783946094,4
1767269826934722013,5.814690631377628,4.2165209616200094,1.312227506704354,1.321010162136896,4
1767269827059328466,5.784316493014252,4.322192460692638,1.3118955385941773,1.3208862716278,4
1767269827334815205,5.255815021577792,4.231802713189017,1.3124583099497793,1.3208177186131316,4
1767269827384916313,4.041646783801145,4.149221025243474,1.313631705112104,1.3208492469821584,4
1767269827459927735,7.192995464927465,4.3759960694414115,1.3210664522548339,1.3205849459182204,4
1767269827534544401,6.011784632283579,4.369013844244289,1.3116374568160538,1.3208845221421595,4
1767269827584662018,6.343464264139564,4.600447789993677,1.319887170364611,1.3207617571030867,4
1767269827659817167,5.403920966682518,4.228277065730391,1.3123711533645939,1.3207763685531997,4
1767269827735038044,5.173606148390686,4.16473294951423,1.3127640186967888,1.320989002429939,4
1767269827784715789,5.133799365698799,4.289163614848264,1.3125408138809793,1.3208641469964537,4
1767269827859567599,5.971959233164403,4.260195815576669,1.311743730331149,1.320820624584437,4
1767269827984780386,7.361614531402605,4.656762277853567,1.320654719695331,1.3206290181130436,4
1767269828059343305,5.466444642956647,4.140600532455423,1.3121521704294778,1.3206156776158484,4
1767269828134686254,4.971485264275488,4.33527204047784,1.3125879088827856,1.320897424513182,4
1767269828184222794,6.93555167960036,4.674284265855972,1.320367547005848,1.3208066880186333,4
1767269828259880493,5.118495431209125,4.074563611384475,1.3129785149579587,1.3209126660089006,4
1767269828334758410,5.064671254607189,4.134160475055906,1.312740229735832,1.3208687402373103,4
1767269828384826073,6.4041675303263546,4.441750548429944,1.3205574344024644,1.3208959349597074,4
1767269828459473115,5.931710827746572,4.2896874974038495,1.3118615339183817,1.3209255285154105,4
1767269828534950243,5.009433841346667,4.293623992831685,1.3125566659609187,1.3208325331777153,4
1767269828584132345,6.573552428043472,4.807878261281405,1.319816434372237,1.3208556390296353,4
1767269828660133485,6.6034617617147795,4.324512595005745,1.31116236499174,1.3209695706180231,4
1767269828734737658,4.531927962081461,4.303466541782878,1.3130529268768991,1.32084285525372,4
1767269828784526575,6.95279044213537,4.899410857940273,1.3195226356161316,1.3205555152498036,4
1767269828934778940,4.623137504013108,4.20314522478791,1.3132584937800331,1.3210227727564339,4
1767269829059668339,4.909651839222429,4.230066332467874,1.3131348159787688,1.321132622487552,4
1767269829134803243,5.023373499448036,4.1672750391736635,1.3128248130219224,1.3209786303024618,4
1767269829184337828,5.100270385266947,4.255651206493967,1.3128248130219224,1.3210563478546953,4
1767269829334685673,4.815577663143555,4.138603064534732,1.3131075462491144,1.320795363848072,4
1767269829384683426,7.191720836986937,4.503902117616335,1.3210142807869603,1.3208543469981766,4
1767269829459723078,5.412415187472153,4.348947663018272,1.312190416326676,1.3208392915026421,4
1767269829534191732,4.667776979319971,4.341281789722246,1.3128138669477163,1.3207936744406095,4
1767269829584075569,4.938562275220271,4.153174985018366,1.3128875320026743,1.320792593067368,4
1767269829734268890,4.146432514239073,4.092830693076887,1.3136993159715826,1.3208561036225146,4
1767269829784137782,5.715088715521954,4.261287403729449,1.3121177104310058,1.320871395306433,4
1767269829859853179,5.190168676608042,4.203291008216225,1.3125539634862373,1.320761055890891,4
1767269829934868373,4.879611828246366,4.162712974286694,1.3128087240840747,1.3207579449465023,4
1767269829984158906,4.697639659690278,4.133842425376034,1.3132592421822575,1.3210122068567125,4
1767269830059671764,3.7553680036817028,4.1231567547179315,1.314292985541454,1.3210327111375766,4
1767269830134786956,4.777894124135207,4.135757611796809,1.3129668398048302,1.3207859650664957,4
1767269830184281175,6.852290685927631,4.825995070788196,1.3196005022925175,1.320577999949348,4
1767269830259594788,4.4395744152585515,4.172060659508633,1.3131522188834501,1.320656417290282,4
1767269830334664968,6.19279928961447,4.3095034950076005,1.3117287280021284,1.3210546052386605,4
1767269830459932090,6.770110589057854,4.353948126347878,1.3112538608899884,1.3211371152423386,4
1767269830535003464,5.593173303201082,4.349987894398887,1.3118268895758758,1.3206320729547232,4
1767269830659550101,3.4391652921073046,4.113936071645363,1.3145014765579839,1.3210091819511756,4
1767269830734670851,5.568692415216958,4.276410400402746,1.3122459612880064,1.3209115841825656,4
1767269830784397155,6.911281362201871,4.690736784168175,1.3204244693279763,1.3208491789741124,4
1767269830859683067,5.155338700889134,4.169851299586047,1.3127809389789629,1.320966192288176,4
1767269830934727481,5.016257845098293,4.242606165149841,1.313094730040576,1.3212158087964048,4
1767269830984763149,6.814229143901063,4.751791110933128,1.3202715361908042,1.3210662187979396,4
1767269831060030508,5.157928363350051,4.2218925699479435,1.3126130562308371,1.32089212275646,4
1767269831134754216,5.264611418827947,4.264896197016801,1.3125960721626235,1.3210453968001408,4
1767269831259688133,6.1928871355776405,4.296484105521931,1.3117850741411627,1.3211384153144285,4
1767269831334480908,5.895920618516959,4.270864384968134,1.312087674991816,1.321050560690982,4
1767269831459097803,4.074694859174333,4.249922267672183,1.3135801818378772,1.3208789371572915,4
1767269831585174775,6.724903785112479,4.80174172670941,1.3198465298353161,1.3208753736125396,4
1767269831934024936,4.691112778780315,4.186833927027,1.3132235739524365,1.320950375285122,4
1767269832059298319,4.823916853790466,4.2197334870712355,1.313089314340461,1.3210731885506395,4
1767269832134611395,5.979565744667292,4.299305111446182,1.3119389874292837,1.3210580607543938,4
1767269832184065417,7.438887662349014,4.591919645417079,1.3212224073297762,1.3208949942864117,4
1767269832334828711,4.877184862948969,4.156061503572137,1.313129580826467,1.3209811902789825,4
1767269832534509786,4.1044479434280134,4.206373457166791,1.3134298221970355,1.3206808608637945,4
1767269832659433533,5.961892333656849,4.299167680675761,1.3119723698459527,1.3210477674999301,4
1767269832734951301,6.3622381494325975,4.245394754487103,1.3114379965684793,1.3208271774138933,4
1767269832859802227,6.043965333601298,4.328281280244646,1.311747481364476,1.320967775442866,4
1767269833059692148,5.831213488125764,4.299955816525581,1.311774311911152,1.3207080322044025,4
1767269833184112599,7.325750702808387,4.564615862960991,1.3208255882734825,1.320649345714396,4
1767269833334562277,5.643705206232141,4.224480024586385,1.3120885434772844,1.3208232971420355,4
1767269833384699768,4.45011899906822,4.132873969863194,1.3132931449815872,1.320759576603078,4
1767269833459410245,5.387561307836908,4.24581920283788,1.3122656823223664,1.320793236102379,4
1767269833534580236,5.452938364928661,5.8213990574846965,1.315945538942037,1.3208920397142676,4
1767269833584162358,6.680235445472693,4.66855685565222,1.3199856425873742,1.3207840757593152,4
1767269833659016689,6.954115969483032,4.331744657955899,1.311019470597802,1.321053770341221,4
1767269833783943561,4.405487036822198,4.215075421931608,1.3132905436539162,1.3208238860010895,4
1767269833859179603,6.041004853559517,5.750200874084157,1.316893076204419,1.3209061499167358,4
1767269833934916460,5.991106306773908,4.26572617681502,1.3116515060271163,1.3208746634227018,4
1767269833984608205,7.527260991201601,4.358622124534678,1.3217295844642076,1.3208109222891649,4
1767269834134539948,3.5524186214141995,4.040115074390613,1.3145690586112717,1.3210832266398447,4
1767269834184620576,6.549904248681848,4.848556718546169,1.3194377723771122,1.3207180436488102,4
1767269834259209128,4.411891832045045,4.20474887414526,1.3134237436986638,1.3210380427918857,4
1767269834334123931,4.832300177070703,4.076475589948453,1.313065271778744,1.3208000609774708,4
1767269834384621577,5.932494796974996,5.096847081470919,1.318678918427507,1.3211093917700527,4
1767269834459804824,5.410572018264226,4.201202861505685,1.312396122144112,1.3208703030798723,4
1767269834534589569,4.381906606868657,4.172493048539902,1.3134444766497186,1.3209025569818478,4
1767269834584547120,7.187937058946714,4.763778167096117,1.3202211902783838,1.320680161406288,4
1767269834659662791,3.6412464201656114,4.023219426614332,1.3145047438426092,1.3210498406416449,4
1767269834785911343,6.583810708242099,4.711631488743319,1.3201147976184333,1.3208947799939665,4
1767269834859032907,5.2247538807579375,4.254626150640125,1.3125821843768322,1.3208505576850444,4
1767269834934934641,4.767244795582437,4.099601373818924,1.3134158210721738,1.3210971017082065,4
1767269834985707706,5.521775252060879,4.177171024974231,1.3124997464903627,1.320954527574545,4
1767269835059198591,4.437646325858635,4.112148346156593,1.3134094187133998,1.3209049023930408,4
1767269835134773259,4.8950904725626465,4.293229001362669,1.3128993725055143,1.3209972337418674,4
1767269835334903103,5.455978206185819,4.2518147901688295,1.3123457433545866,1.3209490032576303,4
1767269835734743866,4.957456927062065,4.222833895180763,1.3127600328609876,1.3208114702968836,4
1767269835785616065,6.724864530757824,4.696295417398932,1.3200569082746048,1.320662925046966,4
1767269836059041062,4.233089700464099,4.188398025808989,1.3134471618502646,1.3208473016098814,4
1767269836134810437,3.9393767583857375,4.245098460179507,1.313784576513727,1.3209451443664486,4
1767269836259979733,6.283716596992894,5.5486136265793125,1.317444471849728,1.320780030984418,4
1767269836334677379,4.678602529585296,4.220092638210408,1.3130039001143956,1.3207909815029357,4
1767269836459232345,6.601019023988464,4.318556597703175,1.3113245571381713,1.321010651461009,4
1767269836534445578,4.820438426489826,4.228355640848568,1.3127990649755161,1.3207949758181146,4
1767269836584821464,5.969507801595997,5.077796161836637,1.3183284268531354,1.320652586532441,4
1767269836659059987,4.842550928268352,4.232652560691519,1.312743131787002,1.3207702269976629,4
1767269836734296302,4.894475619009464,4.230323412030046,1.3128804030330028,1.3209502118441185,4
1767269836785135797,4.722233117218089,4.212074182382837,1.3128804030330028,1.320778421182187,4
1767269836859829252,5.309201137905006,4.343124170937619,1.312572119778376,1.3210912428498984,4
1767269836984478135,6.91202480795261,4.623948467946531,1.3204591718631813,1.3208903943840686,4
1767269837059492634,5.992956653665171,4.318562743822274,1.3116409287922723,1.3208342169963927,4
1767269837134875396,4.481570171858795,4.137579072545714,1.3133496263002664,1.3208593034760572,4
1767269837258990542,5.236757458226604,4.1301666134355,1.3127976200972964,1.3209886552406198,4
1767269837334539681,5.067218468633117,4.245553897217263,1.3127364169519564,1.3209982514068455,4
1767269837384149899,7.077021781710879,4.764624980667519,1.3202718516076999,1.320834213475715,4
1767269837459411683,4.337568918761026,4.278560596819316,1.3131234006326304,1.3208818356275052,4
1767269837534306496,5.238747829802826,4.328953979764577,1.3121042178885964,1.3207525211987723,4
1767269837584678442,6.896365724178288,4.891491964744381,1.3198574808647696,1.3208955895481915,4
1767269837659057764,4.345934291528186,4.173102796620486,1.3133882512248394,1.3209281191562001,4
1767269837934522473,5.412597604565139,4.278265599749156,1.3123756825699227,1.3209536758929679,4
1767269837984809277,6.567271422580179,4.809929428108773,1.3195711101095409,1.3207834737285942,4
1767269838059053621,6.792766021284313,4.661678150211271,1.3203135329941487,1.3207484090160264,4
1767269838134653977,6.870239958811419,4.767316467529599,1.3201326848523185,1.320942764604479,4
1767269838184349168,6.668249093210621,4.922795755831452,1.3194940914397424,1.3209111771920925,4
1767269838259118983,5.877287140733101,4.265222008769772,1.3119680785100154,1.3209289485051396,4
1767269838384658506,7.132483216944596,4.690952280005696,1.3205134322208827,1.3206518257762274,4
1767269838584555547,6.299374813913072,4.773585828135792,1.3193189584433167,1.3207364392487795,4
1767269838659410842,4.254160250615868,4.133277071132186,1.3133724133968454,1.320769015190522,4
1767269838734518124,3.890962225666872,4.31282194889708,1.3135014604847162,1.3206713737311893,4
1767269838784199424,3.890962225666872,4.31282194889708,1.3135014604847162,1.3206713737311893,4
1767269838859948102,5.254396512041515,4.25076009368751,1.3124104062843094,1.320783487463963,4
1767269838934173407,4.93490144445996,4.286254979339705,1.3125549761854547,1.3207506650689658,4
1767269838984302500,4.93490144445996,4.286254979339705,1.3125549761854547,1.3207506650689658,4
1767269839134325920,4.480334768003358,4.157631935191814,1.3133311623683102,1.3208330284957461,4
1767269839184760916,4.416387527011567,4.195464182002669,1.3133311623683102,1.3207709220848836,4
1767269839259492753,4.046293871047046,4.170226238827475,1.3135293381565563,1.3207572806281078,4
1767269839334663108,5.3632040305910955,4.330970213501932,1.3123221387002364,1.3208144447310486,4
1767269839384673101,7.22170689074364,4.848683332401309,1.3200528369377895,1.3205477865747812,4
1767269839659767284,4.653649832277118,4.172269111182431,1.3131669930736354,1.3209646186347672,4
1767269839734769824,3.844037007002088,4.2844479917985305,1.3136969995802343,1.3208165730750685,4
1767269839859249309,4.512925001337598,4.28956382475319,1.313164900807668,1.320968494431588,4
1767269839934841486,5.325596102152552,4.183515897969235,1.3126672481714992,1.320937715591793,4
1767269839984719703,5.074418873254105,4.296283314118736,1.3126672481714992,1.3206929916254435,4
1767269840059487447,0.0874400344927917,3.586431463736217,1.3179624638327458,1.320708144503895,4
1767269840259574948,5.829554612094778,4.19690500946446,1.3120597113239605,1.320829683811872,4
1767269840334783471,4.038521126280559,4.2026091302290585,1.3136704055890969,1.3208762636525244,4
1767269840384643792,6.719705774094864,4.804217444703286,1.3195435350867541,1.3205863047105362,4
1767269840534218918,5.458318494028447,4.3013166885439444,1.3122107872725055,1.3208302105959169,4
1767269840584122776,5.283505738532757,4.399061899641956,1.3122107872725055,1.320660645365986,4
1767269840659023490,5.0542181492998495,4.229343951456248,1.3127417264846115,1.320861173030034,4
1767269840934507363,4.58602172906275,4.217852021583649,1.3132046369203596,1.3209759079849535,4
1767269840984172766,4.58602172906275,4.217852021583649,1.3132046369203596,1.3209759079849535,4
1767269841059655079,6.347833044229256,4.619352640624012,1.320120735084153,1.3210549990851248,4
1767269841134410987,5.222539603320531,4.2925270658445465,1.312203839072481,1.3207262840680394,4
1767269841184727334,5.222539603320531,4.2925270658445465,1.312203839072481,1.3207262840680394,4
1767269841334930542,6.034003967978485,4.405187163633929,1.3116850795479646,1.321022632164206,4
1767269841384750629,6.034003967978485,4.405187163633929,1.3116850795479646,1.321022632164206,4
1767269841458923906,4.242996075412231,4.175123157993204,1.3135257556229682,1.320848979718877,4
1767269841534152191,4.820701455229726,4.1355326700336965,1.313252507360457,1.3210006546513593,4
1767269841585158300,4.674074503775216,4.231384305767119,1.313252507360457,1.3208594191088516,4
1767269841859441030,4.506955477465269,4.367950090491087,1.3129110334759113,1.320814701343888,4
1767269842059489005,6.104716155224343,4.733434144656977,1.3195588938534069,1.3209936912540228,4
1767269842259109329,4.922202906996409,4.237407335002708,1.312938522395257,1.3210187743574584,4
1767269842334489792,3.9560066073480726,4.151111056324813,1.3138875932186047,1.3208298144202177,4
1767269842384570696,3.9263940539691067,4.263432505368143,1.3138875932186047,1.3208050425443465,4
1767269842460091694,5.083915373890191,4.278218728308914,1.3126606759663226,1.3209315589181625,4
1767269842534668008,5.549369787697378,4.303648416031975,1.312089256214189,1.3208638789209373,4
1767269842584654638,5.377323466838835,4.40353431755073,1.312089256214189,1.3206960300203507,4
1767269842659823110,6.572107676311889,4.36293319011915,1.3110137085036868,1.3208558462346236,4
1767269842734546650,5.790103149233117,5.734315552868384,1.31683547538814,1.3210415620628744,4
1767269842784684390,6.367579700591985,5.729826718110807,1.31683547538814,1.3204621369441232,4
1767269842859658291,5.395950391060778,4.21044557588916,1.312485659677954,1.3209308584897845,4
1767269843059142572,5.616393106170348,4.261077174614839,1.3123242061035905,1.3211259710070102,4
1767269843259224895,5.38547630428976,4.2128417610486215,1.3122738935852345,1.3207669034947733,4
1767269843659225848,5.315177527506876,4.221630783726843,1.3125914124905764,1.3210342449301204,4
1767269843734020929,4.156499335257413,4.13440877948474,1.3136313036083749,1.3208734841866094,4
1767269843784120620,4.156499335257413,4.13440877948474,1.3136313036083749,1.3208734841866094,4
1767269843859636639,5.900490664145108,4.380838042435305,1.3118415629113898,1.3209882562708615,4
1767269843934199308,5.448139462880031,4.298616054733788,1.312399663571809,1.3210722510200035,4
1767269843985285542,5.18700522129123,4.380046540389559,1.312399663571809,1.3208145633733157,4
1767269844134798768,3.8089888355767876,4.22152857355303,1.3138125662824203,1.3209013143554018,4
1767269844184554607,3.8089888355767876,4.22152857355303,1.3138125662824203,1.3209013143554018,4
1767269844259712101,6.309136148436867,4.474023841455372,1.3111323618679127,1.3208178880679808,4
1767269844334651988,5.218937618231667,4.28671544960861,1.3125049314701391,1.3208988272492626,4
1767269844384829283,4.7611921157211246,4.397130360678875,1.3125049314701391,1.3204446675741155,4
1767269844534902784,3.8747907521490266,4.188381416382045,1.3137620762481035,1.3208187556442645,4
1767269844584641527,3.8747907521490266,4.188381416382045,1.3137620762481035,1.3208187556442645,4
1767269844659397176,5.960405566530991,4.299312087960533,1.3118464157749736,1.3209168929799158,4
1767269844734381626,4.967283663836142,4.220587547790829,1.312934812626631,1.3210910973706713,4
1767269844784540334,4.443196247290837,4.311361365853645,1.312934812626631,1.3205697001742485,4
1767269844859761951,6.680867020067982,4.752298836523324,1.319785847648587,1.3207250611929648,4
1767269844934802927,4.527254931052438,4.198866786371773,1.3134092897361223,1.321113931452091,4
1767269844984379658,4.527254931052438,4.198866786371773,1.3134092897361223,1.321113931452091,4
1767269845060025417,5.176908025462668,4.229516115462495,1.3126869976083066,1.321051719999008,4
1767269845134703779,5.755119876314163,4.2186012767518255,1.3120403285214512,1.3208003479975006,4
1767269845184428841,5.755119876314163,4.2186012767518255,1.3120403285214512,1.3208003479975006,4
1767269845259693956,5.355296739600002,4.282925286182836,1.312377208178746,1.3210207943064571,4
1767269845459691182,4.784414089659794,4.225131202395695,1.3131250253146765,1.3210126450493036,4
1767269845534009056,5.487558542028648,4.255927908380084,1.3123142193108384,1.3209079747570178,4
1767269845584807970,5.487558542028648,4.255927908380084,1.3123142193108384,1.3209079747570178,4
1767269845658998168,4.990357347115504,4.321531025589921,1.3123440226026106,1.3206863290626398,4
1767269845859633615,6.712100694968637,4.779772357305838,1.319864784967566,1.3207702472400324,4
1767269845935065343,5.544465974474111,5.7356984705904,1.3165997877857332,1.3211259253939187,4
1767269845984654228,6.0397545282844245,5.74790043641595,1.3165997877857332,1.3206289729750365,4
1767269846059098527,5.995633179689763,4.821703296350206,1.318872457529991,1.3206714953439724,4
1767269846134936741,6.001030677792674,4.412026799647043,1.3116525278588063,1.3209569355554966,4
1767269846184935540,6.001030677792674,4.412026799647043,1.3116525278588063,1.3209569355554966,4
1767269846259172340,6.798230963553253,4.682211376424655,1.3201159580208113,1.3206521120895223,4
1767269846333926967,4.456627731975749,4.209614291099432,1.3130955988542832,1.3207283741276206,4
1767269846384162179,4.456627731975749,4.209614291099432,1.3130955988542832,1.3207283741276206,4
1767269846734609936,5.228744681757602,4.260152993148654,1.31253793678158,1.3209082670936079,4
1767269846784563564,5.228744681757602,4.260152993148654,1.31253793678158,1.3209082670936079,4
1767269846859096607,5.295038495143567,4.189403923962994,1.3127762089770372,1.3210744420451077,4
1767269847059471578,6.327522784039141,4.797588688477974,1.3194890709950173,1.3208550787312505,4
1767269847134494004,5.471124341917211,4.2723048766927505,1.312145082793238,1.3206521757526528,4
1767269847184370243,5.471124341917211,4.2723048766927505,1.312145082793238,1.3206521757526528,4
1767269847259365836,6.85267647558363,4.626445049398172,1.3207211536118224,1.3211733893381221,4
1767269847534571905,6.193710206814584,4.361555512894982,1.311452837630924,1.3208533682684989,4
1767269847584500835,6.193710206814584,4.361555512894982,1.311452837630924,1.3208533682684989,4
1767269847734346465,5.894084033492453,4.2666053782181175,1.3119549918900693,1.3209046273374565,4
1767269847784185675,5.894084033492453,4.2666053782181175,1.3119549918900693,1.3209046273374565,4
1767269848059027190,5.35252788108731,4.230275865250648,1.3124865705302136,1.3208517662103454,4
1767269848258976125,6.52548218477178,4.400135621811031,1.3110915933659566,1.3209045120916605,4
1767269848333995084,5.740745645569367,4.256143899774581,1.3122059979554384,1.3209929955986575,4
1767269848384121908,5.740745645569367,4.256143899774581,1.3122059979554384,1.3209929955986575,4
1767269848460348865,4.248305830183874,4.2496694693762205,1.3133403496061578,1.3208552215225617,4
1767269848534368727,5.243196871024036,4.255226109734628,1.312504398257598,1.320833676239558,4
1767269848584682541,5.243196871024036,4.255226109734628,1.312504398257598,1.320833676239558,4
1767269848659393133,6.221252076524131,5.480708038047152,1.3178689646413266,1.3210570461031794,4
1767269848733936602,5.806840456614726,4.373450514026302,1.3116571200450255,1.3208126968379843,4
1767269848784662235,5.806840456614726,4.373450514026302,1.3116571200450255,1.3208126968379843,4
1767269848934973277,5.464739766337656,4.240112092222019,1.312337484230816,1.3208841531238016,4
1767269848984631717,5.464739766337656,4.240112092222019,1.312337484230816,1.3208841531238016,4
1767269849059879853,6.824411689952514,4.690112542601072,1.320197830943235,1.3208215433412558,4
1767269849459202256,6.583224358823747,4.850418098954955,1.3194643357367084,1.3207453278273849,4
1767269849659674013,6.483991836260028,4.735303856842992,1.3198511072904042,1.3208919211587835,4
1767269849933910662,4.838612084618665,4.316675104678883,1.312552433268062,1.320772600425375,4
1767269849984670165,4.838612084618665,4.316675104678883,1.312552433268062,1.320772600425375,4
1767269850059578815,6.540425536175398,4.305346816199873,1.3113022957004081,1.3208593039189225,4
1767269850334497386,6.526806322739942,4.470233009517449,1.3110629111604732,1.3208610178594802,4
1767269850384890302,6.526806322739942,4.470233009517449,1.3110629111604732,1.3208610178594802,4
1767269850734131129,5.881705431266759,4.419361526845129,1.3117720629366008,1.3209924121789822,4
1767269850784576916,5.881705431266759,4.419361526845129,1.3117720629366008,1.3209924121789822,4
1767269850858922941,6.45733828614703,4.842822329461578,1.3196938652420445,1.3209455153164003,4
1767269850934704437,4.199787638123897,4.276855367138325,1.3133026068206375,1.3206408410961206,4
1767269850984326049,4.199787638123897,4.276855367138325,1.3133026068206375,1.3206408410961206,4
1767269851059754586,6.913265941850932,4.78110897985479,1.3201013511337696,1.3207457174654484,4
1767269851133995366,6.282017609686941,4.4200879236146235,1.3113198480153694,1.3209091879151433,4
1767269851184469154,6.282017609686941,4.4200879236146235,1.3113198480153694,1.3209091879151433,4
1767269851259714978,6.67403927295962,5.0053692998827986,1.3190077758315577,1.3206343496678428,4
1767269851334424804,6.4796561907887185,4.368709265115804,1.3111561753298027,1.3207909653665408,4
1767269851384465158,6.4796561907887185,4.368709265115804,1.3111561753298027,1.3207909653665408,4
1767269851659718983,6.365464072177751,4.746012374501648,1.3196109437077472,1.3208589886240734,4
1767269851734484063,6.63467660018302,4.429356412814882,1.3110853066396084,1.3209593741304102,4
1767269851784420451,6.63467660018302,4.429356412814882,1.3110853066396084,1.3209593741304102,4
1767269851934839995,5.484408778724026,4.329988833605622,1.3122392667881027,1.3208825041286962,4
1767269851984788135,5.484408778724026,4.329988833605622,1.3122392667881027,1.3208825041286962,4
1767269852059236779,6.814901140258067,4.38911419071575,1.3208496933690173,1.3207723022431674,4
1767269852134413624,6.083844324107801,4.430455899529573,1.311546670235612,1.3209309208273032,4
1767269852184635160,6.083844324107801,4.430455899529573,1.311546670235612,1.3209309208273032,4
1767269852334418995,6.189275716824705,4.322640198560715,1.3115974380535944,1.3209730208096577,4
1767269852384707946,6.189275716824705,4.322640198560715,1.3115974380535944,1.3209730208096577,4
1767269852459439457,5.290319131307175,4.485106520835988,1.3118334879181668,1.3205613256129651,4
1767269852534777701,4.909432489294652,4.3132009047537965,1.3128923925872586,1.3210906697225315,4
1767269852584350633,4.909432489294652,4.3132009047537965,1.3128923925872586,1.3210906697225315,4
1767269852659489518,5.037053613743847,4.249916632857623,1.3126340981073585,1.320925952649859,4
1767269852859229912,5.447218301451784,4.411758389575064,1.3121299868897542,1.320930970054095,4
1767269852934643221,5.578378331702938,4.299548104602663,1.312038847204427,1.3207972575666154,4
1767269852984653230,5.578378331702938,4.299548104602663,1.312038847204427,1.3207972575666154,4
1767269853059239186,6.502911917476872,4.971855287674089,1.3191023560204973,1.3207754782582397,4
1767269853134439020,5.396957022050453,4.355268123508878,1.3122478576027339,1.3209296885361794,4
1767269853184529965,5.396957022050453,4.355268123508878,1.3122478576027339,1.3209296885361794,4
1767269853259275471,5.445545149572961,4.919648187754817,1.318251396964791,1.320993134609205,4
1767269853459948707,5.6209729912630735,4.334540068251543,1.3122193614697495,1.3209503923515762,4
1767269853534525800,6.066333690096348,4.353994778345042,1.3116711068399043,1.3210970207667623,4
1767269853584398218,6.066333690096348,4.353994778345042,1.3116711068399043,1.3210970207667623,4
1767269853734523941,5.162392102353142,4.327638802178256,1.3126059116299063,1.32093350576535,4
1767269853784623377,5.162392102353142,4.327638802178256,1.3126059116299063,1.32093350576535,4
1767269853859556674,6.686655750093751,4.746802309972548,1.3199245318461323,1.320780552509023,4
1767269854059029299,6.819855672680175,4.821473861310729,1.3196206271749633,1.3206618325829937,4
1767269854133970177,5.5253485381769885,4.297198900269737,1.312400905570547,1.3210065719636341,4
1767269854184717750,5.5253485381769885,4.297198900269737,1.312400905570547,1.3210065719636341,4
1767269854259397691,5.072277105389045,4.154632186046313,1.312780141350024,1.3209188011948036,4
1767269854334102004,5.150678870933234,4.260591521941861,1.3127341348787562,1.3209632767003028,4
1767269854384832277,5.150678870933234,4.260591521941861,1.3127341348787562,1.3209632767003028,4
1767269854459171695,6.5852524076515095,4.644005193473761,1.3202115062519406,1.3208766668305811,4
1767269854734373262,6.1928144131915275,4.2866405856364205,1.3117490747117126,1.320997504641467,4
1767269854784327826,6.1928144131915275,4.2866405856364205,1.3117490747117126,1.320997504641467,4
1767269854859671248,6.812188731344371,4.827560108878861,1.3196828103446305,1.3206875287599449,4
1767269855059599071,5.915351773502664,4.435950147385134,1.3203522827227945,1.3211456950852585,4
1767269855134344608,5.32963618678739,4.31910441136197,1.3124317114248532,1.321019485491267,4
1767269855184867224,5.32963618678739,4.31910441136197,1.3124317114248532,1.321019485491267,4
1767269855259728259,5.62055694067376,4.826002893724142,1.318921969480001,1.3209389996238037,4
1767269855334038425,5.514501007826578,4.362209329488126,1.3122389353949062,1.3209771910512063,4
1767269855384453671,5.514501007826578,4.362209329488126,1.3122389353949062,1.3209771910512063,4
1767269855459348193,6.190986468121107,4.848104022081047,1.319079762573176,1.320724016308573,4
1767269855734486585,6.250623478556427,4.3227877377586745,1.3116609565896515,1.321058172183184,4
1767269855784627129,6.250623478556427,4.3227877377586745,1.3116609565896515,1.321058172183184,4
1767269855934389887,5.808858379069415,4.333469286361777,1.311885809827238,1.3208685220744505,4
1767269855984181486,5.808858379069415,4.333469286361777,1.311885809827238,1.3208685220744505,4
1767269856059704130,7.00189535373652,4.343123999644329,1.3211072608371874,1.3206427356099264,4
1767269856134647221,5.925010299560496,4.342895046602014,1.3117414936243268,1.3208678259676498,4
1767269856184781771,5.925010299560496,4.342895046602014,1.3117414936243268,1.3208678259676498,4
1767269856334589869,7.269182434586741,4.47533967076871,1.3103708538348369,1.3209252929072401,4
1767269856384704260,7.269182434586741,4.47533967076871,1.3103708538348369,1.3209252929072401,4
1767269856459604303,6.307261816127729,4.313409456071639,1.3116529308476954,1.3209313788258992,4
1767269856534428562,5.418207874716696,4.381077212003604,1.312158827397575,1.3209974065533914,4
1767269856584570462,5.418207874716696,4.381077212003604,1.312158827397575,1.3209974065533914,4
1767269856659893210,6.346757125199387,4.895164015815986,1.3194072268865316,1.3208830506127465,4
1767269856733949096,4.725207536560472,4.368782724774338,1.3128830515152954,1.3209592565403938,4
1767269856784517538,4.725207536560472,4.368782724774338,1.3128830515152954,1.3209592565403938,4
1767269856934445529,6.075675813196568,4.382703583237891,1.3115501583016007,1.3209588546913886,4
1767269856984650945,6.075675813196568,4.382703583237891,1.3115501583016007,1.3209588546913886,4
1767269857259553930,6.098834459060454,4.67875273140771,1.3195367443361845,1.320833447785777,4
1767269857334487207,7.117247887324929,4.4678340787814905,1.31043577498999,1.3209060064113678,4
1767269857384659732,7.117247887324929,4.4678340787814905,1.31043577498999,1.3209060064113678,4
1767269857459534319,5.523464052544114,4.720565659783065,1.3187391682921534,1.3208164064911205,4
1767269857659507468,6.113693905740236,4.897729000818566,1.3189615086449322,1.3206822756824397,4
1767269857734298325,5.259194778842735,4.300548628271339,1.3124369245790306,1.3209319568707873,4
1767269857784780112,5.259194778842735,4.300548628271339,1.3124369245790306,1.3209319568707873,4
1767269857859194921,6.073810975900651,5.011719308481833,1.318485883420544,1.3207325727417856,4
1767269857934719535,5.605114171215453,4.9357541476228,1.3184838972440314,1.3209494663116452,4
1767269857984683818,6.627977544485519,4.401193218033816,1.3110730593884379,1.3209494663116452,4
1767269858059509266,6.405912549551029,4.649947934078447,1.319661521167411,1.320684460386739,4
1767269858134716598,5.740717125740646,4.427666589208825,1.311822388034365,1.3208972246522201,4
1767269858184326623,5.740717125740646,4.427666589208825,1.311822388034365,1.3208972246522201,4
1767269858534544433,5.741779374513367,4.2223327544225695,1.3122777981943976,1.3211005051221147,4
1767269858584296463,5.741779374513367,4.2223327544225695,1.3122777981943976,1.3211005051221147,4
1767269858659314448,4.86367187277903,4.485137734033252,1.312313874240813,1.3205098807847422,4
1767269858734745814,6.646469970075897,4.34823289545394,1.3111521123059535,1.320958201459941,4
1767269858784732591,6.646469970075897,4.34823289545394,1.3111521123059535,1.320958201459941,4
1767269858859497110,6.471269047020334,4.782239882470331,1.3196443091384253,1.3208508115243653,4
1767269858933776637,5.776501930915279,4.430470133033938,1.3119856401200327,1.3210821998484998,4
1767269858984176008,5.776501930915279,4.430470133033938,1.3119856401200327,1.3210821998484998,4
1767269859134890929,6.693007575498289,4.422423331315783,1.3111760574649118,1.321101971461028,4
1767269859185049483,6.693007575498289,4.422423331315783,1.3111760574649118,1.321101971461028,4
1767269859259601285,6.275876004817382,4.348666657735021,1.311318990763408,1.3209066877621372,4
1767269859459633953,6.103715278618749,4.304972497598443,1.3117507857142625,1.3210398914574117,4
1767269859533922644,6.234485696381187,4.384783234219381,1.3115035301990423,1.3209793069922917,4
1767269859584503311,6.234485696381187,4.384783234219381,1.3115035301990423,1.3209793069922917,4
1767269859659551405,5.391816446674635,4.480308496174811,1.3122056040157075,1.321019571154374,4
1767269859734694250,5.011564116786715,4.262468656348928,1.312773497391282,1.3209394424521168,4
1767269859784813719,5.011564116786715,4.262468656348928,1.312773497391282,1.3209394424521168,4
1767269859859444115,6.209917649766528,4.5546467055153865,1.3198151152231037,1.3208238698970765,4
1767269859933962606,5.214726117926727,4.2025961972091075,1.312806083231911,1.3209674444985817,4
1767269859984134481,5.214726117926727,4.2025961972091075,1.312806083231911,1.3209674444985817,4
1767269860059986903,6.309542122312273,4.74357984380151,1.319263115312687,1.3205845051396383,4
1767269860134349642,5.337027748590684,4.3669647100504845,1.31260548077283,1.321163091449676,4
1767269860184979534,5.337027748590684,4.3669647100504845,1.31260548077283,1.321163091449676,4
1767269860259421289,5.1276110382691975,4.397681444003786,1.3123491687644717,1.3207058966166454,4
1767269860334397284,5.820980092445582,4.296473515988048,1.3120046541142676,1.3208893405292303,4
1767269860384323041,5.820980092445582,4.296473515988048,1.3120046541142676,1.3208893405292303,4
1767269860459913260,6.318731740078576,4.429191780799056,1.3113423333832825,1.320836259081648,4
1767269860584576150,5.805522091720139,4.347636332898075,1.31204143835313,1.3210390722130676,4
1767269860734295369,5.557216883252725,4.375758887897842,1.3120635660620747,1.3209452760546483,4
1767269860784119905,5.557216883252725,4.375758887897842,1.3120635660620747,1.3209452760546483,4
1767269860859691807,5.650690528824054,4.444895396715253,1.3116900303815977,1.3205374310602536,4
1767269860934313881,6.3040892727452835,4.891739345517937,1.3192272586945202,1.32070845217544,4
1767269860984612436,5.2396584344258645,4.395538982664046,1.3121091402542628,1.32070845217544,4
1767269861059179101,5.803691158611457,4.399937416084806,1.3116245444982335,1.3207228257814823,4
1767269861134244626,6.276479014352354,4.391371178781938,1.31143909595173,1.3209554192166333,4
1767269861184628299,6.276479014352354,4.391371178781938,1.31143909595173,1.3209554192166333,4
1767269861259669641,4.927016485065661,4.286339145701412,1.3127788792675759,1.3208503789705985,4
1767269861334534159,6.248123405543815,4.259856844061667,1.3116760373108944,1.321021975987423,4
1767269861386064703,6.248123405543815,4.259856844061667,1.3116760373108944,1.321021975987423,4
1767269861859424266,5.642452875975534,4.355561859392208,1.3119189336291068,1.320832723187355,4
1767269861934565077,6.1844864650695275,4.393460861515017,1.3112850303343706,1.3206587273933905,4
1767269861984307805,6.1844864650695275,4.393460861515017,1.3112850303343706,1.3206587273933905,4
1767269862059945118,5.724757989977736,4.369637623340395,1.3120337104484765,1.3210781144367063,4
1767269862134447198,6.581844867339148,4.59902677470876,1.3200785284423775,1.320597800326247,4
1767269862184373037,4.619253572397675,4.298411190619081,1.3128689619422174,1.3208298926756226,4
1767269862259603804,5.030082861230856,4.230893113693222,1.3128264639530625,1.320999485273514,4
1767269862334431636,6.577265848846103,4.333986364559077,1.311264256670427,1.3209466904238167,4
1767269862384534142,6.577265848846103,4.333986364559077,1.311264256670427,1.3209466904238167,4
1767269862459561541,7.032269133337987,4.554897604440549,1.3104860732485557,1.320747560955923,4
1767269862734619094,4.876710168618903,4.278097207770658,1.3128600209102697,1.321047686005726,4
1767269862784819863,4.876710168618903,4.278097207770658,1.3128600209102697,1.321047686005726,4
1767269862859562594,5.354785472010182,4.360216652144683,1.3121962426985534,1.3208872091601473,4
1767269863059210823,4.199444498886651,4.308985974977941,1.313453978516576,1.3208899489534083,4
1767269863334267042,6.003374949466123,4.45051879408594,1.3116256888187736,1.3209746312370652,4
1767269863384646974,6.003374949466123,4.45051879408594,1.3116256888187736,1.3209746312370652,4
1767269863459517156,4.922676029745832,4.395194694624322,1.312531135749978,1.3205837371683156,4
1767269863660144401,5.184710961814165,4.537167028716807,1.3122398693445416,1.3208009223058028,4
1767269863734540868,5.678029617089075,4.402649606071097,1.3119560587887946,1.3209354717206991,4
1767269863785179672,5.678029617089075,4.402649606071097,1.3119560587887946,1.3209354717206991,4
1767269863858989665,6.091005499923474,4.369922866039961,1.3114402375769385,1.3208230204992595,4
1767269864059719255,5.995666721676063,4.40457666640279,1.3115921688180001,1.3208158776017864,4
1767269864384721397,7.593335149739477,4.437253360613802,1.3102734440526231,1.321058094444886,4
1767269864459632231,6.004364952196584,4.344306922041979,1.3116361697309111,1.3209976066745304,4
1767269864734619505,5.180389740483626,4.401324053454724,1.3122279533468912,1.3208301034634455,4
1767269864785251127,5.180389740483626,4.401324053454724,1.3122279533468912,1.3208301034634455,4
1767269864934611223,5.078739184207981,4.215100295766707,1.3127947722766737,1.3209133026511373,4
1767269864984798604,6.023643965906711,4.3493920851412025,1.311698256906907,1.3208612580941894,4
1767269865134519963,6.520122275394558,4.44272250587028,1.3110585927274019,1.3208441637071209,4
1767269865184707220,6.520122275394558,4.44272250587028,1.3110585927274019,1.3208441637071209,4
1767269865458961057,5.762501423273614,4.336060500553299,1.3118617756447253,1.3207542613202725,4
1767269865534287112,5.851478795897647,4.3026440686541605,1.3119332267704915,1.3210170576360143,4
1767269865584521091,5.851478795897647,4.3026440686541605,1.3119332267704915,1.3210170576360143,4
1767269865734442518,5.636996697809815,4.356168147993657,1.3117808175238186,1.320766444408177,4
1767269865784198953,5.636996697809815,4.356168147993657,1.3117808175238186,1.320766444408177,4
1767269865859672613,5.964838822414498,4.36971664347444,1.3118022734189247,1.3208940696536757,4
1767269866059696734,7.147805877000479,4.434681327160416,1.3104884372464223,1.3208903542394759,4
1767269866133813946,6.5489643293239475,4.551908008653913,1.310552975141726,1.3206154662998246,4
1767269866184588162,6.5489643293239475,4.551908008653913,1.310552975141726,1.3206154662998246,4
1767269866259674420,6.291780931096502,4.4103261280921835,1.3114068728796338,1.3209868725056393,4
1767269866334514536,6.364925547772238,4.421283476290579,1.3115610507614501,1.321082739281818,4
1767269866384449806,6.364925547772238,4.421283476290579,1.3115610507614501,1.321082739281818,4
1767269866460108897,5.595872689350356,4.175617155921497,1.3123676527687866,1.3209328057355332,4
1767269866534688398,6.19158895700056,4.736933333476083,1.3194027632746128,1.3206514108953138,4
1767269866584476230,5.447564003928207,4.3872472721492795,1.3119082297742106,1.3208510938641453,4
1767269866659653662,7.289626020491546,4.35908554432826,1.3105849586127702,1.3210104885058873,4
1767269866734277559,5.9480216456999635,4.276764500487463,1.3119150258383763,1.3210828850274308,4
1767269866784083724,5.9480216456999635,4.276764500487463,1.3119150258383763,1.3210828850274308,4
1767269866858850806,5.276298213525932,4.382330004848821,1.3123643011492858,1.3208775392537062,4
1767269867059116176,5.624861606514431,4.363847949683986,1.312098606264225,1.3209228099583668,4
1767269867134575791,6.036944448776227,4.872847353648202,1.3189069983219097,1.3208988127517183,4
1767269867259465204,5.174954632138906,4.1974635585504325,1.3127514052555989,1.3209909704898843,4
1767269867334880143,6.526960259666925,4.829721867955012,1.3194355334952677,1.3207439564687298,4
1767269867384823234,5.175682631141321,4.402779531533641,1.3125020353209165,1.3209578849781445,4
1767269867459149580,5.8698687470934985,4.365309243522417,1.3118443155576713,1.3210032901677609,4
1767269867534957586,5.384753449147572,4.317336576850875,1.3122528655710484,1.3209245696536254,4
1767269867584689981,5.384753449147572,4.317336576850875,1.3122528655710484,1.3209245696536254,4
1767269867659684166,6.4949273813657005,4.31924214772112,1.3112550993378107,1.320833887751084,4
1767269867735134832,6.015866076666931,4.523912021482613,1.3113864947373093,1.3208763667681638,4
1767269867784304306,6.015866076666931,4.523912021482613,1.3113864947373093,1.3208763667681638,4
1767269867934422132,6.481798337049982,4.435223089888417,1.3112166012100521,1.3209504729936419,4
1767269867984831104,6.481798337049982,4.435223089888417,1.3112166012100521,1.3209504729936419,4
1767269868059690801,5.405223666615111,4.354003342692501,1.3120772940248782,1.3207425834029682,4
1767269868133902061,5.733053372060315,4.916893353177287,1.318659311348076,1.3209022949446334,4
1767269868185000403,6.128846669231303,4.409809805724117,1.3115268210488344,1.3209022949446334,4
1767269868334104029,7.188944023025057,4.471781450072854,1.3209623183517814,1.3206953561309134,4
1767269868384257674,7.188944023025057,4.471781450072854,1.3209623183517814,1.3206953561309134,4
1767269868459555911,5.924824988460475,4.966706101236081,1.3185044069603862,1.3207250578622753,4
1767269868659842550,5.71891907926414,4.3696035781954325,1.3118548367317935,1.3208890562036613,4
1767269868984138677,5.819026306947528,4.396465422315224,1.3116837830090453,1.3207773779924834,4
1767269869059094543,4.857932293578671,4.281902738424466,1.3128207201001645,1.3208206675212841,4
1767269869134449006,6.0381694710327505,4.425790840477382,1.3116238707817494,1.3210270425101576,4
1767269869184642368,6.0381694710327505,4.425790840477382,1.3116238707817494,1.3210270425101576,4
1767269869259422625,5.556283881225088,4.296434328259029,1.3120216064647936,1.320802447318873,4
1767269869334741887,6.057825570916497,4.759002023564975,1.3195557698389988,1.3210317993913778,4
1767269869534662714,6.257740936394196,4.399214692865491,1.311471222611638,1.3209675801981102,4
1767269869584514646,6.257740936394196,4.399214692865491,1.311471222611638,1.3209675801981102,4
1767269869659600730,5.795235936448595,4.407152625708651,1.3118794316396727,1.3210471078440889,4
1767269869734362202,6.099095023884837,4.964238810023728,1.3188376043884513,1.3208074540282408,4
1767269869784647482,6.4032226349231,4.3570213136423765,1.3112400893184495,1.3208074540282408,4
1767269869859666187,6.617486799307182,4.334649542187332,1.3112295453701088,1.3210934553212248,4
1767269869934366451,5.109225755323354,4.238776046182402,1.3126055590808299,1.320787190559161,4
1767269869984464812,5.109225755323354,4.238776046182402,1.3126055590808299,1.320787190559161,4
1767269870059153201,6.4189273112602585,4.2733842837074905,1.3114711384788573,1.3210432791347893,4
1767269870259551028,5.333892485564595,5.601104114315821,1.316569147467954,1.3209606934087086,4
1767269870384055760,5.0553588855748455,4.3119299748895585,1.3126141216932548,1.3208544323452671,4
1767269870459564424,6.312455274655182,4.390995997201757,1.3115669608259481,1.3211091428321045,4
1767269870534501502,5.5086042834529,4.946174589916261,1.318343180693712,1.3209644566687564,4
1767269870584579761,6.602813089465975,4.499148770123537,1.3109934640805978,1.3209644566687564,4
1767269870734422545,5.776219408530681,4.917310650285048,1.3183854573927445,1.3206433176148638,4
1767269870784594665,5.476444478605957,5.542095146993081,1.3167735218022993,1.3208814963303017,4
1767269870984451803,6.899912874822611,4.479806424268731,1.3105221223279382,1.3208338080259479,4
1767269871133858689,6.072198564799347,4.5504327812733525,1.3117052767453528,1.3212277346459036,4
1767269871184257875,6.072198564799347,4.5504327812733525,1.3117052767453528,1.3212277346459036,4
1767269871259885599,5.661451891529223,4.3009256234596815,1.312201330591799,1.321105303059041,4
1767269871384071851,6.680363490938923,4.386551056605505,1.31089802579521,1.320790930062512,4
1767269871459442387,6.387372988595041,4.306004274176662,1.3115348814110512,1.3209785185759282,4
1767269871659195851,6.55845051055981,4.466266458411156,1.3110743390758348,1.3209625713551016,4
1767269871733958210,5.650109993985852,4.361906179430109,1.3121913506403484,1.3211271843478753,4
1767269871783870211,5.650109993985852,4.361906179430109,1.3121913506403484,1.3211271843478753,4
1767269871984354729,6.3797506459000175,4.285224977070279,1.3116150548152063,1.3210934695024765,4
1767269872059261007,5.730788864336089,5.723090353748569,1.316478431159615,1.3208076369575728,4
1767269872334522498,5.110098977756827,4.40757862316736,1.3123411225669743,1.3208303487465838,4
1767269872384064659,6.8024736194034485,4.406943533895572,1.3107900324587443,1.320764435945583,4
1767269872533932292,5.330584982163211,4.296765394051098,1.312599520465647,1.3210048053304009,4
1767269872583941024,4.946968773262617,4.256446543810547,1.3127416382595822,1.320885266573151,4
1767269872659114896,5.777652571539615,4.335289553584945,1.312016101287054,1.3209717223501174,4
1767269872784526415,5.500684268403111,5.683575344992748,1.3163531036723002,1.3209120338596392,4
1767269872859297365,6.940194861908111,4.415513478852073,1.3106196347925443,1.3208467781376996,4
1767269872934236886,6.231062588476499,4.773499441015075,1.3196262368826337,1.320946573714363,4
1767269873059039827,5.654122290032815,4.426078491831233,1.3118741716060414,1.3209198531221513,4
1767269873133835547,6.268842396440322,4.964619564911329,1.3188223618714099,1.320674043811723,4
1767269873259632620,4.289035113310691,4.238821238766828,1.3134190331256308,1.3209476425451048,4
1767269873334457028,5.744239213492541,4.313790785793814,1.3117461800031205,1.3207032538722459,4
1767269873384448220,5.744239213492541,4.313790785793814,1.3117461800031205,1.3207032538722459,4
1767269873459171208,5.676678744338526,4.3272675367671045,1.3119245407260443,1.3208351185590779,4
1767269873584123542,4.978937040015952,5.77318896379258,1.315589676457155,1.320919935059331,4
1767269873659145146,7.088255705469004,4.39499759889276,1.3106127532861505,1.3208725777363166,4
1767269873859316283,5.450526879122952,5.681547064187114,1.3164126932079574,1.320881890473329,4
1767269873934208260,4.805172149191739,4.4201738597503235,1.3125233328915749,1.3206348619087078,4
1767269873984436867,5.989905699484321,4.265887917074608,1.3117060897897894,1.3208259580692123,4
1767269874059504559,6.548337644503688,4.43610742249894,1.3111263595052463,1.320898736961739,4
1767269874134517693,6.296215109988568,4.932062352591793,1.3190721018044564,1.320903995293265,4
1767269874334378435,5.954776379949234,4.68506606090771,1.3190662817635483,1.320595209786253,4
1767269874534575360,5.941886825526321,4.345870312745374,1.312059440356173,1.3211611903997666,4
1767269874584478733,7.2059021309258675,4.551635322060698,1.3104115933543818,1.3210370777062983,4
1767269874659277722,7.094000946843648,4.526784429536048,1.3105420157568797,1.3209469583990237,4
1767269874733776381,5.731963949616059,4.79052932091042,1.3188431892408543,1.3208090929268583,4
1767269874784220316,6.097239388695996,4.460005284079995,1.3114468758101772,1.3209687863684056,4
1767269875059615281,6.517382606048949,4.478246774792679,1.3111680209340255,1.3211484100479032,4
1767269875134840926,6.02917001234049,4.872978646094168,1.3190722948443878,1.3209219040925793,4
1767269875184386834,6.083013896744038,4.4277694413299935,1.311566524311876,1.3209219040925793,4
1767269875259550896,5.4954276397356505,4.15663641510682,1.3124642232493835,1.3209401432068468,4
1767269875384601366,5.338948688510703,4.337376150888287,1.3123736491840927,1.3210735427917675,4
1767269875534280675,6.276137414517491,4.694969413646022,1.3194827310820163,1.3206628384999233,4
1767269875584273076,5.416792237901369,4.36953653863336,1.3120311590431468,1.3207970761219998,4
1767269875659454895,6.412212835477105,4.392953603511281,1.3112468362776921,1.3208480304316264,4
1767269875734517137,6.124310727955828,4.712977768955268,1.3194170015051994,1.3209239829094024,4
1767269875784500300,5.907572604064049,4.357163501812349,1.3120280355532534,1.321123615262623,4
1767269875934458565,6.205763140141096,4.924445739735949,1.3190430183639135,1.3208525338588186,4
1767269875984490154,5.8184926253082025,4.383775341352537,1.311888607421859,1.3210311803621773,4
1767269876059368661,5.704519081737303,4.211482516856383,1.3124178402466193,1.3211428144811548,4
1767269876134039192,5.510910168062599,4.8768543782856995,1.3187343648384708,1.3210718906295171,4
1767269876259410681,5.841050349997712,4.386956525789652,1.3116837841552353,1.3208031951216315,4
1767269876459043805,6.344916976040116,4.409189868001109,1.3112708399591784,1.3207674920875347,4
1767269876533942663,4.910916153871847,4.448662699183669,1.3123113529768273,1.3204764514575118,4
1767269876583885879,5.997077407097651,4.392424587658167,1.3114588270313878,1.3206649588848574,4
1767269876659768478,5.63280147599543,4.479250093641141,1.3120171725989098,1.3210489775950824,4
1767269876734210614,5.634615106212548,4.374282246550417,1.3121521633035198,1.3210688915300257,4
1767269876784374706,4.584318136978682,4.2663309553986615,1.3131933552586372,1.3210219605589797,4
1767269876859479971,5.323841984416822,5.570602164374334,1.3165355547333983,1.32101997673945,4
1767269876934424114,6.710037705773164,4.53776004062571,1.3108468210915778,1.3208946310105731,4
1767269876984009899,5.583563483226195,4.322520198739078,1.3122967347229304,1.3211202172723362,4
1767269877134016206,5.836605882351353,4.78719532113046,1.3189574805350133,1.3208169255330404,4
1767269877184572335,6.0209287359294095,4.440694722311846,1.3116716320930482,1.32102987538425,4
1767269877384883591,6.31520282491449,4.334279975505049,1.3114995992323772,1.320947473358261,4
1767269877459290673,5.596014181614262,4.275830857330763,1.3121814890328676,1.320878365661816,4
1767269877534399886,6.284249607620751,4.845032119150306,1.3191747054976166,1.3207190109535423,4
1767269877658998640,6.136537055599689,4.424153222534213,1.3115555426315841,1.3209374676901975,4
1767269877734200054,6.391962494892933,4.588571831705085,1.311184126468533,1.3208796625539805,4
1767269877784131628,5.6760859601505675,5.45087189919799,1.317429560238755,1.3211581713627658,4
1767269877859554850,5.682450458193378,4.348503576813213,1.3121058694359282,1.32103125211573,4
1767269877934876192,5.587301830925595,4.956317599659701,1.3183000043999629,1.3208486542552826,4
1767269878059584816,5.825687936509283,4.416639256512719,1.3118405367898849,1.3210423938036755,4
1767269878134504184,5.551976130333758,5.062256643460786,1.3184055235093577,1.321150109014854,4
1767269878334242476,5.706466458869963,4.351538098361373,1.3118046453893253,1.3206960543271282,4
1767269878383910707,6.474028707739388,4.340236535553188,1.3111567634270593,1.3208896279435576,4
1767269878458974155,5.26052011239142,5.629582462726301,1.316385196131415,1.3210137247055924,4
1767269878534603842,5.767772420049111,5.047893655897605,1.3180919794531076,1.3206299689570788,4
1767269878584430558,6.634238499579226,4.4085067515265735,1.3109845004021712,1.3208105428711647,4
1767269878734265340,5.879005415638128,5.002526000034331,1.3182954077057167,1.320619829914022,4
1767269878784404502,6.485578461217223,4.393110171467583,1.3110881508700423,1.3208097227772628,4
1767269878934120030,6.0611059875386175,5.080513539073021,1.3180416187253425,1.3204491911906258,4
1767269879184335417,6.846255222054953,4.583487790740603,1.3107082135421644,1.321035186945582,4
1767269879333893300,5.9827637695808455,4.8440110118137625,1.3189321035797605,1.3208068159144464,4
1767269879383815507,6.46160028321674,4.413199225603468,1.3112746591254496,1.3210176283170223,4
1767269879534320366,5.237847958537323,4.279184359624461,1.3125070054788122,1.320877332452655,4
1767269879584475091,5.610458015083752,4.279005859901042,1.3121174031563045,1.3209255491625989,4
1767269879660067342,5.892182744062557,4.332487016722059,1.31188222174724,1.3209823745995148,4
1767269879784430300,5.561410091853736,5.646022032635347,1.3165771843567495,1.3207772043068446,4
1767269880060302791,5.956848374413903,4.4290666490923325,1.3115373998048263,1.3208066690480722,4
1767269880184561427,5.255755605107382,4.2659669358672625,1.3125171959276036,1.3209215720381717,4
1767269880258937996,5.974784343967476,4.285545747755485,1.3118816726050766,1.3209366910582363,4
1767269880334000673,6.697871992874305,4.408101091876772,1.3110052672991257,1.320993049394209,4
1767269880460146035,7.061026043159613,4.468793448723959,1.310545002412253,1.320938501937036,4
1767269880734534939,5.950995285247229,4.5149076458482424,1.3114157450168409,1.3207500850910712,4
1767269880784215938,5.176734541095129,4.41632766141235,1.31227977083545,1.3209371407671675,4
1767269880859055457,6.121089205794572,4.434731165331092,1.3117677445958185,1.321245798827758,4
1767269880934040983,6.423425018625695,4.356273885012956,1.3116335964272434,1.3211961395968888,4
1767269881059557022,5.904976897334047,4.414031818479033,1.3117304940217607,1.3209406844223246,4
1767269881184150687,6.481920441471001,4.5561488202859035,1.3109329445439564,1.320918931971312,4
1767269881334546450,6.193709580595952,4.418890439906371,1.3114148750218366,1.3207702749314976,4
1767269881383960619,7.067716377884281,4.462659909499545,1.3105565005835424,1.320917843824059,4
1767269881460408760,6.409808140136475,4.482136908789001,1.3109239307575722,1.3207316167405199,4
1767269881584103452,5.6558876589016815,4.43077387763922,1.312009096318617,1.3209856157279278,4
1767269881659925639,5.553092785366864,4.502294102020176,1.3115714532464675,1.320643826160082,4
1767269881734235615,6.319069100435781,4.518459442665344,1.3110617973351721,1.3207092068298798,4
1767269881859505533,6.286203209196373,4.404987421549455,1.3113809984194986,1.3209405404962375,4
1767269881984262589,5.566984209800063,4.412082947612283,1.312151487601544,1.3211057816520289,4
1767269882059609792,4.860592917797835,4.279165343989878,1.3128595351055428,1.3208388209688708,4
1767269882184374686,5.970121619698565,4.386936215613538,1.3118406420022222,1.320999428329325,4
1767269882259974553,6.597005217432672,4.395577543402566,1.311148303417365,1.3209106694889052,4
1767269882334311695,6.67152673426008,4.565954215865768,1.3108084729456406,1.3208914344009228,4
1767269882384363903,5.725074457064938,4.352499222680669,1.3121549071975236,1.3210079025878088,4
1767269882534673295,5.1325150412349085,4.364721533882998,1.3123484492070838,1.3207896179988767,4
1767269882734482065,6.2310452169942465,4.359337819718642,1.311699278751517,1.321096404936539,4
1767269882784338744,5.645526693498271,4.335935722344334,1.3122412173771778,1.3210131794691615,4
1767269882859347646,6.447980202083148,4.371654544144192,1.311309743667083,1.3209801933218206,4
1767269882984412366,5.177840660170574,4.248831709094851,1.3124744413398048,1.3206686137762529,4
1767269883134320848,5.614946968020229,4.474155678062389,1.3120784754119625,1.3209032943367356,4
1767269883184105456,5.642731911083221,4.390266458944598,1.312113407531719,1.3210558648878696,4
1767269883334533464,5.794468921171969,5.7166977562254315,1.3162764472746262,1.3205757974944639,4
1767269883459825373,7.540549516617867,4.443874166256831,1.3103126981813051,1.3211265351818002,4
1767269883534120807,7.436805047189798,4.515843197809721,1.3103217145575052,1.3211098252809146,4
1767269883584196151,4.8368352492385025,4.4123409143832255,1.3127027403648333,1.3209169634484994,4
1767269883659151628,5.079103125784856,4.19563580615961,1.3127728053147654,1.3209893560059507,4
1767269883734894190,6.152016489919365,4.458394436156893,1.311307608031871,1.3207138783714893,4
1767269883784148723,5.655491061957507,4.37894224759981,1.3119573627175758,1.3208490788507368,4
1767269883934394188,6.230377833875922,4.493564878306926,1.311280003232682,1.3209143615119983,4
1767269884059519627,6.582422717094083,4.46944910351293,1.3111018953875246,1.3210899010826773,4
1767269884184397494,6.951716808409003,4.417946335047414,1.3108796190117489,1.3210387160825432,4
1767269884259297988,5.778030421597746,4.38189184566395,1.311987393331769,1.3209344269779586,4
1767269884333966503,5.0405336285686,4.372650790195309,1.3126466290894216,1.3210248635723238,4
1767269884384464248,7.4539400965001334,4.476355298681775,1.310214216507995,1.321036550655812,4
1767269884460187022,5.680409968745748,4.37057630289665,1.3117593021003733,1.3207958795006849,4
1767269884533919204,6.1521966226836255,4.361970522961697,1.3115185605623714,1.3208722161632633,4
1767269884583943012,6.510944798614693,4.598112822078885,1.3107520227593283,1.320870010253662,4
1767269884735171511,5.751544261918262,5.748427739235604,1.3165692531222,1.3209895537886502,4
1767269884783956607,5.839833808220396,4.270476203196101,1.3118236947426103,1.3207709680668132,4
1767269884859798555,5.001972282480116,5.758599093749527,1.3156961253274497,1.320905331902291,4
1767269884984466046,6.1321362401687285,4.494279640560739,1.311497546951575,1.3210296716217949,4
1767269885059836039,6.738120034946782,4.496288050310942,1.3108162920554067,1.320969576707141,4
1767269885134532624,6.469393704163773,4.473740859271467,1.3110638392883374,1.3208746108900713,4
1767269885184398289,6.253375167913466,4.42034518437134,1.3114814463535527,1.3209281043237917,4
1767269885460116002,6.185179316944733,4.380576055764123,1.311525551540147,1.3208736304196786,4
1767269885658897991,5.932046345526132,4.370971700906018,1.3119011043867403,1.321079272471028,4
1767269885734570824,5.678785266664432,4.349983864493911,1.3120914285718328,1.320921686503402,4
1767269885859604363,5.083036709196076,4.357913325899258,1.3125340831467671,1.3209461312766424,4
1767269885934399400,6.156278990011588,4.370906442771287,1.3116854874120043,1.3210634168663995,4
1767269885984238982,5.200756811649665,4.311394889388574,1.312303051249914,1.3207945151398015,4
1767269886259191020,5.813174313640923,4.404855750844684,1.311728996523179,1.320962058750413,4
1767269886459832657,5.508689521885879,4.304629219476489,1.3122706757967257,1.32092816501368,4
1767269886534738457,6.000995719480651,4.388630470172077,1.3115609735741798,1.320849475963766,4
1767269886584364080,6.211462487478947,4.54571099541687,1.3111660966073362,1.3209264630750368,4
1767269886659329505,5.481638608830552,4.477785269419248,1.3120382973775044,1.320927763253087,4
1767269886733731324,6.233165369830651,4.449717203614397,1.3113799951346252,1.320933124881675,4
1767269886784138332,7.03706005250293,4.461244051535299,1.3105699245967146,1.3209411567229974,4
1767269886934328300,5.4576278627251895,4.3855703587694945,1.3121033946028124,1.3209365272594709,4
1767269886984574872,6.479779521605167,4.348617484819747,1.3110832854629957,1.3207061511419333,4
1767269887184509998,5.137281695075213,5.750535056851526,1.3160955393939764,1.3210220090842646,4
1767269887259235324,6.629419966472705,4.465363222877498,1.311111725319353,1.3210189873186207,4
1767269887583780418,6.511466313039449,4.53300553180933,1.311543962486975,1.3213648786005827,4
1767269887658626977,6.807429030062595,4.508587171635508,1.3108269612496917,1.3209288905337233,4
1767269887784532020,6.629230316644641,4.556870604308918,1.3108331408284588,1.3208874907555952,4
1767269887859772030,6.076000569022133,4.410073791940553,1.311667280482671,1.3210456530917298,4
1767269887934477741,6.20254297352929,4.463388492370164,1.3113813301618602,1.320908274697077,4
1767269888058870873,5.7737958585311056,4.4363786605348725,1.3117083025788818,1.3208710402139936,4
1767269888184579843,6.0657154439551775,4.411988822078586,1.3115050848942185,1.32097569152904,4
1767269888258815243,5.860292604036088,4.356576752322392,1.3118101178001826,1.3208714426049564,4
1767269888459590624,6.2841440786629565,4.346106605481281,1.3115016328189388,1.320980123588515,4
1767269888584172608,6.471353774590627,4.410648154496646,1.311415200301808,1.3211686157248326,4
1767269888658701078,5.372714246145716,4.370526190758164,1.3122534100348755,1.3209276670389516,4
1767269888733929749,6.557447524064175,4.3767145772999445,1.3113198444552554,1.320995910698821,4
1767269888784342945,6.875968969444202,4.449211422175056,1.310819913761621,1.321005266334634,4
1767269888859349632,6.511273146654339,4.348337156917528,1.3112931811288764,1.3209590710573884,4
1767269888934422074,6.74564221159013,4.445144493782571,1.3109964978886002,1.3210215645196621,4
1767269888983869714,5.862396467945841,4.411250680865445,1.3116670679706373,1.320922211845826,4
1767269889133825855,6.346329115524574,4.525488778398769,1.311131832318073,1.3208903980784183,4
1767269889184431062,6.728936512923722,4.383790724985192,1.3109732020788354,1.320967945425762,4
1767269889259529304,6.205669785379619,4.535623751483331,1.3111371468058202,1.3208004020377,4
1767269889383907665,5.3062619128840804,4.375080554157398,1.312251409773711,1.3208752050466093,4
1767269889534177414,4.95854045603239,5.674705853021113,1.31599743254615,1.3210321680134816,4
1767269889584056941,6.3808806098153426,4.479573964318942,1.3110498571920375,1.3209327241493776,4
1767269889784074566,6.108488562821757,4.381688956838242,1.3116586771010088,1.3210287910017513,4
1767269889934568694,5.811110750699955,4.378751634923904,1.3119674175972194,1.321065765972112,4
1767269890059054626,6.865644378027058,4.4716880023977,1.3109027665608235,1.3210607766895253,4
1767269890133942575,5.479415088836204,5.716689063385576,1.3162697262761545,1.3208533263225577,4
1767269890184380585,6.402380553775844,4.561697741912936,1.3111437075545713,1.3210563721761803,4
1767269890259553270,6.4754338582300175,4.402037233674042,1.3109532102999448,1.3208469464073387,4
1767269890334367059,7.886821110083764,4.54276846061564,1.3098376759389232,1.3211198065011962,4
1767269890384004420,6.465980662102799,4.450292989936251,1.3112867535194423,1.3211198014607937,4
1767269890458847044,5.934678140661953,5.556190070062018,1.3173038869235825,1.3210797451069707,4
1767269890534882966,6.106534160663424,4.371407601860082,1.3115974445533116,1.3209716614638114,4
1767269890584521785,6.587530036781697,4.408188268545627,1.3112476742150527,1.3210569029515271,4
1767269890659439710,7.1006154228796525,4.573296991812206,1.3105108984854663,1.32119089640811,4
1767269890734212254,5.120046746696527,4.3324441286843225,1.312535962274569,1.3209694402659158,4
1767269890783736685,6.141831290745969,4.467937657528378,1.3112176151263417,1.3208050925623982,4
1767269890859662167,6.475379837164619,4.312965662852681,1.3112927131719592,1.3210076354434193,4
1767269890933979728,6.202053171262101,4.499877886290347,1.31133299946526,1.3210516188299337,4
1767269891059222329,5.556474409632806,4.371768049354291,1.3119366192739759,1.320851488549372,4
1767269891134464309,7.030177476672783,4.38911757829165,1.3110415038159555,1.321217032207743,4
1767269891184401339,6.40881942303384,4.375968296359477,1.3114763487924814,1.3210895114795478,4
1767269891384333891,5.66758186947558,4.238335099226756,1.3121437144380126,1.3208853946393224,4
1767269891458883460,6.775105707340856,4.402148386804555,1.311176713698033,1.3211496584516966,4
1767269891658831685,5.962628108121537,4.402429656871141,1.3115704505794055,1.3209121351848125,4
1767269891784588469,5.505378026328556,5.5757512998830805,1.3169178206020422,1.3211530919498793,4
1767269891858890812,7.245575952998573,4.440195216449173,1.3107379819772687,1.3211293890685079,4
1767269891933825408,5.989496727728305,4.443784533722898,1.3114384679569038,1.320690530137883,4
1767269891984336805,5.1030088899175485,4.306477547350725,1.3125351083551973,1.3208767654092237,4
1767269892184629915,5.586059008092281,4.351886353725685,1.3121779266379274,1.3209687617814183,4
1767269892333911935,5.580922467449678,4.363551013350146,1.3118975654029132,1.3207278239688132,4
1767269892534560111,6.055907783786729,4.353178668834089,1.311904787525136,1.3210148172191147,4
1767269892659465684,6.339244662901589,4.332172091380078,1.3113939366707001,1.3209136120089082,4
1767269892734447739,6.836116147775684,4.446275357739254,1.3107767367023453,1.3209441420139163,4
1767269892784607367,6.133215037383621,4.5108780471158765,1.3115380367047622,1.3210701957353421,4
1767269892934475572,7.046619360126627,4.578248047950486,1.3103715709959736,1.3208781032342156,4
1767269892984361630,5.946125240538391,4.462284435780129,1.3114971058883953,1.320851284671461,4
1767269893184453106,6.4756982245379735,4.428929153750726,1.3111566068677702,1.3208799791065124,4
1767269893259024003,6.822784324236553,4.545423780679827,1.3106799956343134,1.3209719135071727,4
1767269893334324231,6.104727166752255,4.358950588790163,1.3117415755155832,1.321004421543412,4
1767269893384224186,6.139099096262202,4.54659036631799,1.3113137584883876,1.3209180620839476,4
1767269893459033425,5.766085759132178,4.396267080833823,1.3118826306824243,1.321095271765409,4
1767269893659270483,5.4365417409176775,4.292149973443377,1.3121458708092566,1.3207727895036196,4
1767269893734438623,5.626932966320108,4.374077077567743,1.3120100928366507,1.3208776983202921,4
1767269893859444949,6.372795300800593,4.406057777641116,1.311248692711565,1.3209210922860248,4
1767269893934270613,7.00745897630517,4.5582968333790115,1.3105372674837024,1.321022976940182,4
1767269893984306596,6.583080199996427,4.475915870793085,1.3108642756935482,1.3209001685175747,4
1767269894059412956,5.539558153567992,4.4881031631523705,1.3118654763193138,1.3208838067474462,4
1767269894134298052,6.1846882926448465,4.479786060597412,1.3114238316609905,1.321111777954967,4
1767269894259159048,6.460279347747511,4.372851989306004,1.3113871133738644,1.321101017547807,4
1767269894383958313,6.732021318131887,4.35799890815849,1.311022105380613,1.3208880457005072,4
1767269894459268371,7.233370525601801,4.547337494304228,1.3102954315614335,1.3209623237367878,4
1767269894534723495,6.559813469226183,4.488540970084361,1.3110912232298941,1.3209947716609731,4
1767269894584552091,5.227873598536714,4.446444011235972,1.3125162425663384,1.3211365158645039,4
1767269894659591090,6.094210817708001,4.381965760704292,1.311483704650502,1.3208705147681075,4
1767269894783808623,6.560158665574578,4.384457981815642,1.3112175891693556,1.321037118183975,4
1767269894859405345,4.6851154314511145,4.460358244408992,1.3127479287632755,1.3208503431111214,4
1767269894934440109,7.24689711967752,4.448746700007546,1.3105524102779398,1.3210745124427306,4
1767269895059208250,6.524241922942542,4.476138179091764,1.3110505471578786,1.3209806297129516,4
1767269895184347467,5.580598153759553,4.3272240470419785,1.3122259613125864,1.3209967686912099,4
1767269895259413057,7.781402354942735,4.4560433091741105,1.31012208177917,1.3211624282232288,4
1767269895459385020,6.724876311068995,4.297998758671363,1.311303769406053,1.3210977368095804,4
1767269895534430485,6.096330315512377,4.540750858358615,1.3113405574003718,1.320831144542781,4
1767269895659520542,7.283090510864065,4.472961332771216,1.3104399002310168,1.321042268942559,4
1767269895734373528,5.649553150963715,4.331831351678887,1.3121894841020083,1.3210229668229145,4
1767269895784352451,5.860976538931695,4.380652813951537,1.3116972100072182,1.320865162869904,4
1767269895859328100,6.6810705957549565,4.554671069946519,1.3110093248422896,1.321083535689072,4
1767269895984393214,5.534652100248394,4.234678239203526,1.312270887563378,1.3209339549350707,4
1767269896059421390,6.817689471139143,4.466611547177346,1.3109343748587725,1.3210170265137904,4
1767269896134268701,5.962708418658869,4.403867567076479,1.3116934325303378,1.32091979725919,4
1767269896184146622,5.380061390296564,4.3829170278032175,1.312060788684408,1.3208129649225844,4
1767269896334705696,5.830454594139667,4.2906141997796325,1.3120704485482757,1.320978197156168,4
1767269896383634898,7.248153636060239,4.5454371627008205,1.3103291938542514,1.320996482388369,4
1767269896459092630,6.286180032457844,4.428753197336472,1.311540430522494,1.3212122370608665,4
1767269896659672222,6.539069831509314,4.416869112466095,1.3114491465056624,1.3211571928522747,4
1767269896784541397,6.139451979799482,4.5229150039682615,1.311267798065898,1.3209044185275514,4
1767269896859071301,5.815221911946722,4.2594616957409945,1.3122404383137662,1.3211748574835733,4
1767269896934240808,5.491493923692303,4.427147704376398,1.3119936852302143,1.320904370798126,4
1767269897059441782,6.227777757835673,4.415484670181547,1.3115635200387754,1.321118084789626,4
1767269897134241213,6.171556740505624,4.508927938170334,1.3115113294896281,1.3210119301695344,4
1767269897334231467,4.720069916623215,4.317033674225919,1.31299238812159,1.3209894039298362,4
1767269897384004308,6.232417252997946,4.359399399551368,1.3117069155630074,1.3211472950805254,4
1767269897458923987,6.513981496807597,4.381602447932799,1.3113465638098338,1.3210216464898288,4
1767269897534446179,5.597110563856811,4.416652248198128,1.3120133769758018,1.3208902966429994,4
1767269897659372521,7.158449653681176,4.43216157470777,1.3104150380988402,1.3208623397112442,4
1767269897733977891,6.801932553182954,4.383707016335159,1.3109196805788643,1.3209518801281273,4
1767269898059576300,5.781512200726757,4.348875926366555,1.312070879249445,1.3210326136300596,4
1767269898134504250,7.184139278345381,4.551536192058497,1.3103799816328843,1.3210453803116455,4
1767269898183888896,6.29621201143471,4.356646096087006,1.3114248561484025,1.3210128726926793,4
1767269898259045104,6.0517297032625095,4.52666836572695,1.3114779890148553,1.320999650931502,4
1767269898334132782,7.872563575881397,4.469468251399545,1.310067998049508,1.3212655129279438,4
1767269898384158885,5.936769429872424,4.379112387606503,1.3117610752300335,1.3210573329462747,4
1767269898534222215,6.619635761897946,4.4399135778336385,1.3112039804773168,1.3210170453366497,4
1767269898584038559,4.878298810615078,5.817285109939143,1.3155749748003973,1.321000759113914,4
1767269898933914811,7.309959393981158,4.596412742887095,1.310198317103817,1.3210016869416987,4
1767269899058725870,6.4600483920274065,4.582109047195189,1.3108327168883667,1.3208032407143706,4
1767269899184073899,7.484017152441069,4.534929619484165,1.3101119276279942,1.3209770815226913,4
1767269899259089576,5.397389535541697,4.34458110602519,1.3123831283934255,1.3210554651844284,4
1767269899534218146,6.5541189092683805,4.436896910312083,1.3110824067226872,1.3209157382242631,4
1767269899583769565,6.640547847160061,4.523427725121219,1.3108958894021052,1.3209960006331014,4
1767269899659504106,5.441093458956159,4.318205807819153,1.3124353153392454,1.3210281692101948,4
1767269899733870962,7.184896472260949,4.519693577258958,1.3103303913837165,1.3208812165522343,4
1767269899933800730,7.160532409466347,4.579992683919797,1.3102698154282333,1.3208543179417898,4
1767269899984143775,6.539764885826083,4.382924254318472,1.311452106787841,1.321184692029517,4
1767269900059298166,5.474536644885841,4.498374182855982,1.3119599883883066,1.3209134223011554,4
1767269900133936178,5.774190723798256,4.366757671664427,1.3119232707146178,1.3209976361177564,4
1767269900184421528,5.409110185692789,4.2766080648197,1.3125683182500922,1.3211027514694185,4
1767269900258950966,7.39191240378978,4.464750818908741,1.310366906177042,1.321056958183422,4
1767269900333733141,7.538488596570581,4.4789885788705135,1.3102057336309045,1.3210171384673117,4
1767269900534367121,6.199737050246235,4.273308967483055,1.3118749987679283,1.3210297275679603,4
1767269900584431752,6.597191123637325,4.457939538750522,1.3110876809022292,1.320954227472156,4
1767269900659034593,4.788471902013036,5.58017222557995,1.3160789774263313,1.3209982882035363,4
1767269900859553324,6.276297062911773,4.581258771003431,1.3109684669142923,1.3208782963696213,4
1767269900934294721,5.874690201576049,4.397462672999742,1.3116758436505846,1.3208267420683941,4
1767269900984358808,6.72397341590214,4.543298204832733,1.3109660038121829,1.3210251870417822,4
1767269901059452326,6.048270129744182,4.4868987716349595,1.3114368284261049,1.320827584809445,4
1767269901134225975,6.335669935013222,4.445221806633689,1.3111788171018783,1.3208828324323867,4
1767269901259278488,6.755758133121681,4.514227734104446,1.3107966347858493,1.3209834355270957,4
1767269901334593837,5.328191157567996,4.305500393402118,1.312364039554128,1.3208651884951788,4
1767269901384411657,5.134043374966035,4.355388609857249,1.312454673691683,1.3208302538922094,4
1767269901459400107,5.274254977767123,5.582049566999934,1.316371611824017,1.320915942583094,4
1767269901534428044,5.776681969770214,4.403257795225928,1.3117989791436064,1.3209784420795654,4
1767269901584158586,6.304985336981872,4.412072239593029,1.3115761547847666,1.3210790130018855,4
1767269901734659425,5.09639909627424,5.633290215183564,1.3161467242697953,1.32102701815337,4
1767269901984429136,6.189407540916125,4.3572762408072165,1.311672821734552,1.3210823141747523,4
1767269902134247791,5.906542577700735,4.431443711261055,1.3116674264028028,1.3208776487037845,4
1767269902259623965,6.793617112452743,4.46474246271336,1.3109060063443019,1.3209546728052932,4
1767269902333933383,7.1736406025573185,4.569350216960768,1.3103497589502133,1.3209054183672384,4
1767269902384383288,7.475310918709566,4.485696510474255,1.310167486734128,1.3208770730190953,4
1767269902459448148,5.927571331268311,4.495639367025675,1.3116769391863214,1.3210387665118801,4
1767269902734207430,6.520349469183451,4.405997256846909,1.3112676306603162,1.3209453750914824,4
1767269902783805738,6.851699458378713,4.470787093209442,1.3108853662559303,1.3209472324104847,4
1767269902859481329,6.345162264883131,4.419030500228484,1.3113538751209737,1.3210038239812285,4
1767269902934332047,6.289201577732051,4.387774250128924,1.3113161745277992,1.3208513061689235,4
1767269902983712029,5.334928917683612,4.32167053961621,1.3125957826802825,1.3211997209359818,4
1767269903059139100,4.554510794082534,4.2985104515496895,1.3131434047672248,1.320980856177449,4
1767269903184138786,6.316182166085316,4.413322832163866,1.3113477396171893,1.3208818668622415,4
1767269903258723867,6.346501711013808,4.484309477036415,1.311097349628805,1.3209354000587872,4
1767269903333885635,6.379431721892148,4.531416181086886,1.3110617217153957,1.3209355720980198,4
1767269903384219747,6.684515174132377,4.442929635768587,1.3111056491238868,1.3209999244388848,4
1767269903458745069,6.549072029567116,4.422100440295123,1.3111452216091104,1.3209317886753724,4
1767269903584440575,5.0386039554835005,5.822486411020254,1.3156227156626468,1.3209467141323603,4
1767269903659278116,7.0166822977741905,4.372239373428259,1.3105157977515836,1.320694114840418,4
1767269903734113845,5.890348368515541,4.546673085288576,1.311302946453869,1.3207455677737563,4
1767269903784091242,6.03785795782974,4.3514820838330674,1.3116651014828102,1.3208814098459383,4
1767269903859645035,6.699868922764196,4.464261431734238,1.310909076152619,1.3210018629576439,4
1767269903934106638,5.645913186566487,4.405987395019278,1.3118136670609901,1.3208462661094043,4
1767269904059265160,6.38520743654869,4.575227837070621,1.3198205711278466,1.3207628878829676,4
1767269904184404690,5.747626194657851,4.494496247560088,1.311517108686617,1.3208896566860013,4
1767269904259314879,5.885952000373784,4.4526366402932265,1.3118982516825088,1.321029951549763,4
1767269904334638150,7.006773639546715,4.5404029612815435,1.31045462151725,1.320876789092163,4
1767269904383746875,6.3037140809785175,4.3708741557954465,1.3116616094094364,1.3210386169035224,4
1767269904583796533,5.628006834276222,4.358279755917358,1.3122335178366187,1.3211587592488985,4
1767269904658657133,5.171133979642528,5.810646712422374,1.3157664725770866,1.320861852977437,4
1767269904734292709,7.174716318343544,4.367806563778868,1.3108102030315256,1.3211531389787143,4
1767269904784325050,5.912247126208525,4.382714905600305,1.311831591755906,1.3209109128796335,4
1767269904934602697,7.065224172132956,4.471360086661784,1.3107855015213867,1.321067419952747,4
1767269905134649301,4.667417732897805,5.790518258639296,1.3151410917223956,1.3208367478537184,4
1767269905259071543,6.228851149594261,4.44087546608227,1.3113143995477452,1.3209168223332701,4
1767269905334237751,4.860669241902205,5.678660914615897,1.3160737729545011,1.321084908132403,4
1767269905384197794,6.598914380861798,4.418692848708713,1.3112523261765774,1.3210136867981184,4
1767269905459356994,7.0570369892211104,4.550532655932002,1.3104636335965831,1.3209862446997995,4
1767269905534669087,6.02873172554208,4.5748741376326185,1.311434904022425,1.3210933698444833,4
1767269905584381995,6.044061739946427,4.405688646741119,1.3115929930629062,1.3208582385591827,4
1767269905658927244,7.1568513130153555,4.389085317174756,1.3109516704989557,1.3212777380705378,4
1767269905734796071,6.488937559069541,4.4058974765595895,1.31116034692917,1.3210250357079147,4
1767269906059506183,4.592933200922467,4.320103581675489,1.313003265984969,1.320759097095249,4
1767269906134368880,5.252745426027605,4.387147596178315,1.3122174696840987,1.3208061596443863,4
1767269906184452992,5.349325787403769,5.641078292366278,1.3164499687086488,1.3209496473935396,4
1767269906459116320,6.811634505156761,4.440915364664525,1.3109688528469297,1.3210050047948187,4
1767269906533942980,5.288705514484127,4.327230132955812,1.3124364213197468,1.320903473691214,4
1767269906859389206,5.518520952076278,4.3604260071555805,1.3120268763361242,1.3208682584156926,4
1767269906934499386,5.591318632957254,4.446654848299553,1.3119437966653986,1.320915906863022,4
1767269906983955312,6.5728668874356355,4.41269635254832,1.3113262487905009,1.321147056053834,4
1767269907183653307,6.464687077993414,4.444059337738387,1.3112003285275573,1.320938665803942,4
1767269907258676560,5.655155565064129,4.391803898490344,1.3118501206569808,1.3206948081730954,4
1767269907334338128,7.0910989648869105,4.508990356256658,1.3107396311945045,1.3210928389794019,4
1767269907459518258,5.62876675988222,4.446270519870239,1.3118873073396402,1.3209665109680047,4
1767269907533722967,5.956953698838197,4.3277089421405615,1.311905413244054,1.3210492328921786,4
1767269907583775511,6.19508090090326,4.377555247747707,1.3115009768375088,1.3208721656718454,4
1767269907659171372,6.305304569208303,4.561519818817232,1.3111927851880643,1.3209081263031175,4
1767269907734128486,6.455973720747243,4.314109003587183,1.3115663493093612,1.3211011908707995,4
1767269907784321896,7.922571006919066,4.676866580687482,1.309578935122363,1.3209934462045905,4
1767269907984272514,6.634618410240822,4.399002061134547,1.311029192867869,1.3209606173574624,4
1767269908059116697,5.815549875440418,4.350608212199427,1.311797563708629,1.3209063872639328,4
1767269908134227580,6.0375715105074335,4.3110523855578915,1.3117696935723253,1.321074674091345,4
1767269908183953414,6.317379847416982,4.392467993326466,1.3111603371813956,1.3207294483923686,4
1767269908458825613,5.8834588218001915,4.361383749454532,1.31192264171239,1.3210015864328235,4
1767269908534142551,7.603246472033032,4.501822268485757,1.310025153753674,1.3209198388066805,4
1767269908584036839,6.508219752973776,4.445513546599277,1.3110167561616428,1.320962778786199,4
1767269908659480331,7.2723576985664895,4.463137053633679,1.310456120882056,1.3209848889787592,4
1767269908934555428,5.233467204351694,4.312192102699131,1.31236042844186,1.3207640396561082,4
1767269908984348328,6.849868925064451,4.532366709287575,1.3108255216986067,1.3210441382099753,4
1767269909058746940,6.2388912174395905,4.547999401038307,1.3110863197253007,1.3208002195819066,4
1767269909134294454,6.559789233841595,4.560022163631153,1.3108846807336763,1.3208705235418583,4
1767269909184355462,6.678215528941545,4.385186491141537,1.3111491301083593,1.3210791964194855,4
1767269909258688059,6.7396905757870496,4.309986459401116,1.3111378732683923,1.3209813891841216,4
1767269909334299936,5.7686577469762135,4.373473537264803,1.3120109694874338,1.3210085459912333,4
1767269909384032023,6.897182836112625,4.395193145474663,1.3110154280805926,1.3210388740652743,4
1767269909459109778,5.857590792864187,4.394235010167775,1.3116617733727916,1.320829776932708,4
1767269909534260025,6.3231979836306795,4.386041598615183,1.3115316454246153,1.321027803037295,4
1767269909584129315,7.307616699470998,4.524819748723055,1.310158822474,1.3209518575050583,4
1767269909734295319,6.790398999243941,4.414804886175662,1.3110113332608455,1.3210280376736074,4
1767269909783633489,7.635044750364139,4.421411710956943,1.3104174611312136,1.3212130921660177,4
1767269909859203706,5.273942730217751,4.331958139341113,1.312532369431883,1.3209889952122387,4
1767269909984634255,4.9658140098025605,5.83039894996577,1.315685579811156,1.3210721409361812,4
1767269910058780057,5.183381214658445,5.642264919815392,1.3163301991659013,1.3210916309659864,4
1767269910133543889,4.964236504434449,4.358344725450533,1.3126418637886756,1.3209932286054757,4
1767269910534388464,6.700067278316846,4.437027075287446,1.311249184685803,1.321173249312694,4
1767269910583650256,5.746034413531831,4.473696509735684,1.3117730981051698,1.3209373109389833,4
1767269910658841853,5.65225726024976,5.493627549417658,1.3172417752792356,1.3210599904331006,4
1767269910733936329,5.317916604307804,5.598762700436718,1.3164699761832954,1.3208349656892129,4
1767269910784342064,6.206626068856025,4.489322649426275,1.3115962938532189,1.3212085933335045,4
1767269910859210226,6.7399283470150895,4.481218353048584,1.3108379699157364,1.3208950727669304,4
1767269910984525400,5.465395465833467,4.317409577216684,1.3120209404990757,1.3207169058429584,4
1767269911059369933,7.637885683376977,4.514799738278689,1.310096999760615,1.321114362716305,4
1767269911134183582,7.305917882401758,4.7162874898200515,1.3098458533525104,1.320749178151477,4
1767269911184253249,5.5562455824818,4.452871009063865,1.3119036600901017,1.3208847743055765,4
1767269911259098956,7.427279146693611,4.518543705125601,1.3103750658347386,1.3210947260255073,4
1767269911384335972,6.063689321774257,4.471961318380649,1.3115037813585653,1.3209245122946829,4
1767269911459109687,5.887948145174571,4.532760827405822,1.311612095431322,1.3209727978723391,4
1767269911534122754,5.468814802874311,5.5649388652543355,1.3166371000052792,1.3208520473662095,4
1767269911583711848,6.651667184235599,4.462965979904033,1.3108904356885414,1.3208101771718765,4
1767269911733940592,5.713427501329971,4.37876025717884,1.3118795138178818,1.3208626663709548,4
1767269911783913217,5.179594024857792,4.377180026253435,1.312194546822463,1.3207519345204768,4
1767269911983551534,4.286925048701873,5.864298328304682,1.3149021418093025,1.3210826335735952,4
1767269912059295689,6.6857888819780165,4.485055626030564,1.3111100183186823,1.321163776257611,4
1767269912134046742,5.551880141835275,4.292407896268422,1.3123226404710953,1.32091526098416,4
1767269912184325921,6.388001692133827,4.348462721793528,1.311445663302481,1.3209982381274796,4
1767269912259105416,6.821248641544875,4.574567491897205,1.3107616524010546,1.321081861376049,4
1767269912334092641,6.836877360771876,4.56811025903693,1.3104414374457964,1.3208286318118445,4
1767269912458551025,4.999127727304042,5.646709994728659,1.3162012559720548,1.3209561547441044,4
1767269912534199060,6.706829322475238,4.552897499205399,1.3109891282621553,1.3211137325048452,4
1767269912584406929,6.2055729632157774,4.386643298047478,1.3115836187609058,1.3209340837692434,4
1767269912733876498,5.676669243534382,5.649150179630858,1.3165802241361673,1.3207786576418528,4
1767269912934144644,6.171743092016513,4.457740336532964,1.3113136705558637,1.3208928797438424,4
1767269912983975095,6.861687158122187,4.452001587955565,1.3110147201326463,1.3211580103149712,4
1767269913058922269,6.212549476841467,4.363270252102317,1.311495279801435,1.320969797981465,4
1767269913183396200,6.863098526479483,4.491519315545468,1.31073318005458,1.3209754870026305,4
1767269913384214220,6.645517575823545,4.538688632616115,1.310651008797143,1.3207947156090172,4
1767269913459257675,6.218897404606238,4.5579549344964665,1.311202604586246,1.3210186374590704,4
1767269913534055453,5.6779869390295445,4.464269975013073,1.3118483034382764,1.320940016142719,4
1767269913583557272,5.490880982978341,4.5319670473758285,1.311733517151212,1.3207673142630978,4
1767269913659214907,6.831813827210098,4.580284189581036,1.3106514058803602,1.3209449045839037,4
1767269913734220850,6.885610663503128,4.448146204275342,1.3110588111694834,1.3210916203844578,4
1767269913858847843,5.430579430370397,4.410494607472661,1.312014746565916,1.3208139467993978,4
1767269913933935035,7.15554131181273,4.4706452407418205,1.3104880929306624,1.3209138654367043,4
1767269913983805876,5.865947322029275,4.410686439597347,1.3116975965659288,1.3208442058821463,4
1767269914059354139,6.820546171602437,4.4776762164552935,1.31086312765788,1.320978141002024,4
1767269914184235118,7.688204467352078,4.631181920774003,1.3096802924887039,1.320886845727116,4
1767269914259138033,5.516453921616371,5.462553803230005,1.3170262842836156,1.3210232598517633,4
1767269914334018006,8.461869605472572,4.5892017215604195,1.3091428240132015,1.3209438937551432,4
1767269914458956774,6.016026518218087,4.366351666241263,1.3117740556398094,1.3209810533857125,4
1767269914583374407,5.864532210932749,4.374114603808938,1.3117942501684627,1.3208694541188866,4
1767269914658987491,5.982889678529002,4.250491029515457,1.311955729010249,1.3210137114822251,4
1767269914783790092,6.841746742114019,4.490050789086647,1.3107208550504263,1.321017383019029,4
1767269914859279084,6.881958216619077,4.48072967389421,1.3107726938283126,1.3209021611935408,4
1767269914939567318,7.388239715746314,4.541593961095815,1.3100700161364802,1.3207875715587725,4
1767269914984459931,6.304589518920878,4.886085981170134,1.3190736651512722,1.320794044620036,4
1767269915059215265,5.815851974703357,4.359692200296748,1.3119312706252082,1.3209998841090067,4
1767269915134016510,6.252752018544916,4.3769429004139635,1.3116068958761704,1.3211333209504117,4
1767269915334255757,6.616899629658057,4.6621807454563315,1.3106642086669282,1.320932809816832,4
1767269915383830782,6.714435504624916,4.497776547742122,1.310906589436157,1.3209100023094664,4
1767269915459061540,7.637826721482055,4.556244868054763,1.3100958814435621,1.321108991786046,4
1767269915534289082,6.824725861480863,4.563975453289225,1.310743658395088,1.3210935571526734,4
1767269915583768732,6.510600231342201,4.418781801793738,1.3112215137712933,1.320929995116354,4
1767269915659201177,6.466225217108823,4.487425746882778,1.3110450981503545,1.3208470471522658,4
1767269915734240777,6.928379262104434,4.422174309947885,1.3110556890476697,1.3212002687076343,4
1767269915858933287,7.198417497972676,4.457609304154072,1.3105565016135798,1.3209647607541701,4
1767269915933460761,7.8480443828155,4.689946429977913,1.3095246159678118,1.3210458719418308,4
1767269916184102397,6.96759114928458,4.581802370691093,1.3103643795996944,1.3208061227891774,4
1767269916259110443,6.288064417894423,4.4205488726258615,1.3113387604829492,1.3207757552218051,4
1767269916384001046,7.330717925978947,4.5569060805990445,1.3102926398002055,1.32100941570277,4
1767269916459031937,6.052449397460302,4.406101364917021,1.311539892452416,1.3208843526748386,4
1767269916583825892,6.155868894737626,4.441504992028139,1.31136627657582,1.3209066073124542,4
1767269916659429664,6.658195399287692,4.5431543990539724,1.310803298995438,1.3209086376076573,4
1767269916858917784,6.879777104547236,4.4605669939433845,1.3105197515964506,1.3207508251721836,4
1767269916983890854,6.560523010969543,4.371556668562872,1.3112142867153536,1.3209146899316118,4
1767269917058844163,6.686647211747498,4.415979079392955,1.3108355570028103,1.3207208551388654,4
1767269917134123259,7.19941158011328,4.622862345789556,1.3102544267444878,1.3208871121259242,4
1767269917183898768,7.947704171737735,4.562637898997672,1.3095741792445779,1.3209661461687268,4
1767269917259108771,6.6906256659777785,4.545804866547801,1.3107386282478923,1.32094280912291,4
1767269917334200466,6.50388814378311,4.420608295787979,1.3112053003989061,1.3209051865050534,4
1767269917384184286,6.771436923968865,4.436994507631695,1.310994483080225,1.320980581549757,4
1767269917734247288,7.041566859502968,4.438688054163016,1.3107553061044612,1.321116604775091,4
1767269917783804903,6.758167504958834,4.505792621989876,1.3106768489965448,1.3208946994806925,4
1767269917859130737,7.416235870073784,4.47232492514027,1.3104351593295627,1.3210550669931869,4
1767269917984382795,5.665023781156409,4.354273404606934,1.3120095580139062,1.3209610751680427,4
1767269918059183397,6.443201981442437,4.545170427436424,1.311055305157249,1.3209538348834513,4
1767269918133857570,4.838066604523128,5.795909299359226,1.3155923660522506,1.3210277128938996,4
1767269918183839581,4.951897510392378,5.764667732308574,1.3157314048328412,1.3209244222796401,4
1767269918333733177,6.3795017174501645,4.3545328682155535,1.3115264038216747,1.3210662497571877,4
1767269918459375480,6.090599094567439,4.573942336030186,1.3112647023859654,1.320917552367472,4
1767269918534070988,7.727519082277867,4.644792329502306,1.309660558622401,1.3208832542498663,4
1767269918584130609,5.507336726803924,4.467803345077189,1.311697228660115,1.320706480484502,4
1767269918658899317,6.667780482611851,4.540807202975437,1.3105938727644284,1.3207024664861382,4
1767269918733898945,8.039457071456146,4.601635375374172,1.3096538228442671,1.321081044919045,4
1767269918859195251,7.160647606725412,4.464378420871727,1.310437785911148,1.3209290543192709,4
1767269918933757840,7.234134148151439,4.42013581122926,1.310517603112412,1.321004479987828,4
1767269918984136309,7.920671733882001,4.648649509498213,1.309563647290073,1.3210577191895576,4
1767269919259220330,6.415376187899557,4.414113875249488,1.3113332915239075,1.320920450731639,4
1767269919333547417,8.195550987820654,4.54948852442765,1.3096700763749265,1.321217481901764,4
1767269919459143059,6.553720175415112,4.372992631489423,1.3111084194103741,1.32088472899686,4
1767269919533878374,5.994021686299256,4.520089373920749,1.3114070622682652,1.3209014215533055,4
1767269919584139758,6.460641295348513,4.5168116785600345,1.3111235229542346,1.3210292313594194,4
1767269919658971938,7.158589133028137,4.470721301510095,1.3105619322889608,1.3211028773815892,4
1767269919783699902,5.503185477483852,4.382702776894447,1.3120089897274223,1.3208397534823983,4
1767269919858928699,6.180929076333719,4.437435210309214,1.3115092983096315,1.3209757570473344,4
1767269919933456228,6.677072998716449,4.537572348531531,1.3107964772180276,1.3208681843963401,4
1767269920184257041,6.870966396251177,4.375022284074743,1.3110866898325464,1.321060244778941,4
1767269920334335773,6.464212158706628,4.509796395430601,1.3110233522154198,1.3209909735645462,4
1767269920384115771,6.360027345643893,4.4068391068654496,1.3111971202337223,1.3207912501908716,4
1767269920584890947,7.2769217820669585,4.545408309739454,1.3102856914373793,1.3209660148155087,4
1767269920734110289,7.589040784382606,4.543816004417746,1.3099304990156797,1.3209567281271861,4
1767269920784215557,5.013075842278614,5.622120388264387,1.3160817506438203,1.3210034659447125,4
1767269920933981014,7.479331312328696,4.468514756481376,1.3103733313644654,1.3211031180692634,4
1767269921059069734,5.582210772440588,4.408161828915424,1.3119098113781238,1.3208538023593215,4
1767269921133955026,5.262898019900097,4.330936529044959,1.3124213377805696,1.3209138445121824,4
1767269921258637085,7.060800663113209,4.541130246649567,1.3103508935072739,1.320851615878842,4
1767269921334345690,7.516668228030987,4.6429225070990086,1.309820684401668,1.3208526190034262,4
1767269921383739110,5.728680502397276,4.526493004162152,1.3116104210531092,1.3209601360806082,4
1767269921458843128,6.698597905961501,4.4208255424265985,1.3108266472887278,1.3208399718529649,4
1767269921533709206,5.079158763261704,4.409740858767177,1.3124168395723137,1.3209172863073144,4
1767269921583560927,5.54897093065243,4.539958219004534,1.3118253871653498,1.3209923608771614,4
1767269921658545666,6.588529276930766,4.462994615086816,1.3108692358015621,1.320797902715332,4
1767269921859076440,6.685510831370145,4.535988071249297,1.3107043886275767,1.320821875104031,4
1767269921934106841,7.649297423846013,4.577753261535101,1.3098166040585637,1.320872853827314,4
1767269921984250601,6.700650925488993,4.436424229114108,1.3111229901011816,1.3210303556891816,4
1767269922183843959,6.337311725986172,4.378027425855012,1.3115234906925883,1.3211268623416172,4
1767269922459033961,6.827112371038613,4.5522141426701275,1.3108450252004962,1.3211048922276738,4
1767269922534305596,5.7169203927280865,4.508004491459024,1.3117759743134851,1.320896098520325,4
1767269922583474654,6.349704728872307,4.439338858142732,1.3110545394450615,1.3207908785591074,4
1767269922784076409,6.700079145044002,4.490672750638214,1.311003026187882,1.3209362831107285,4
1767269922858993123,6.849980084661533,4.47729998214069,1.3108950316738959,1.3211565815949942,4
1767269922934141558,7.347258549898594,4.521443458366366,1.3101950824815538,1.3208669309130705,4
1767269922984009484,6.25344204135847,4.404291763230247,1.3113103503291046,1.3208634916027755,4
1767269923059012476,6.054083196145976,4.475777431089432,1.3117303606220567,1.321107475735712,4
1767269923134077764,6.2896238321557,4.499988485398153,1.3112602207828639,1.3208593571415137,4
1767269923259042149,5.951909384611653,4.381971582913425,1.3117885325091192,1.3210706988404026,4
1767269923333688050,6.7888216600573426,4.475702904858533,1.3107811823381825,1.3208682898885937,4
1767269923383493226,4.508302758283955,5.738232975171633,1.3151986129891355,1.320906023936437,4
1767269923533674425,5.856026219519306,4.477042448142864,1.3117168739685383,1.320927308268081,4
1767269923583557150,6.882019975815945,4.5430756183255205,1.3107406273673285,1.3210444808509942,4
1767269923934100808,6.716979406190093,4.628883983873306,1.3107207131211795,1.321032940745386,4
1767269923983836985,6.3833440267966335,4.542747214459704,1.311051936871081,1.3209186722878108,4
1767269924059129796,7.002205050179899,4.547746891954111,1.3104416113471669,1.3209293360752845,4
1767269924134156753,6.408882802917848,4.41816756508054,1.3113977883341972,1.3210515817285382,4
1767269924259202620,6.566488624537126,4.5862468373890195,1.3109438164370013,1.3210153189200047,4
1767269924333791064,6.086922855363497,4.486691980560028,1.3115186396194376,1.321089884963927,4
1767269924384030953,5.801123388186724,4.469574547017451,1.3117934335487749,1.3210607505264684,4
1767269924459014969,6.607451851626367,4.429547417988798,1.3111729188017713,1.3210168735898693,4
1767269924534450745,7.603516611218053,4.550167559455308,1.3099690524038299,1.3209352251927657,4
1767269924659218372,7.341188484518701,4.495019070718984,1.3103778339287298,1.320961465218046,4
1767269924733927063,8.026385794010382,4.603156060435112,1.3092692182099803,1.320707910472017,4
1767269924783828508,6.344345863250611,4.484546888763116,1.3112447339177955,1.3210972360899365,4
1767269924859093806,6.1119709839370095,4.465309950634156,1.3115515123341028,1.321062403351268,4
1767269924934136510,8.196067597695311,4.690772150044911,1.3092891816892813,1.3210986708133465,4
1767269924983776097,6.705664187712124,4.60903086065297,1.3107052577815688,1.3209602905514501,4
1767269925058605410,4.464054557519193,5.739254762088618,1.3151807039792873,1.3208814849015005,4
1767269925133669782,6.480565745327738,4.5078393164907204,1.311400033069435,1.3211082385005553,4
1767269925259555467,7.00421763741077,4.373830270007844,1.3108695515093716,1.3211487898877567,4
1767269925334225280,6.247245823494563,4.465253215578785,1.311288849843558,1.3208411542438878,4
1767269925383901549,6.954870783805189,4.465290904469116,1.3109593965678141,1.3211612939850734,4
1767269925458845482,5.74741853714178,4.396063977785453,1.3117892075368949,1.320795311450493,4
1767269925533521644,5.292844372364991,4.819031198584267,1.3185050055013254,1.3209702089744184,4
1767269925584097088,7.047941871537233,4.474331061502438,1.3106155167791347,1.3208634840837779,4
1767269925659216209,4.71049212128305,5.725820102740732,1.3156145703356084,1.321125236164572,4
1767269925733987216,6.889907568410347,4.40312915830115,1.311218076039005,1.3212372026482555,4
1767269925934055653,6.1378857416165555,4.427980711577891,1.3116236044368694,1.321048932034182,4
1767269926133848973,7.156377649411683,4.353978039239449,1.3107903672954246,1.3211436876161378,4
1767269926183680935,7.149054646704345,4.518757693577628,1.310401057362181,1.3209621226599886,4
1767269926333736206,6.085416478449179,4.27620978789483,1.3117317422537698,1.3208827197409936,4
1767269926383864871,7.197298079906211,4.625236226306217,1.3100686402466808,1.3208081485539285,4
1767269926458497663,5.841566213408145,4.558308527563675,1.3115183961216184,1.3209877297830708,4
1767269926533530858,7.341585906379455,4.491915846359464,1.3104378231738065,1.3210099624940979,4
1767269926583589003,7.31104132892435,4.536235850604957,1.3102971933119336,1.3209129351283757,4
1767269926658529704,7.521616251229268,4.537045652545816,1.3100097449423507,1.3209111883846936,4
1767269926733657045,4.1495265755773225,5.8536003037193085,1.3147783766132968,1.321103277929591,4
1767269926783394659,6.689017981206025,4.534472531612577,1.3106751296558967,1.3209149315855566,4
1767269926933780456,6.046352368987318,4.4231988137516405,1.3115726840646347,1.3209496552501303,4
1767269926983874106,6.063525532040481,4.4482460956659216,1.311744089012446,1.3211046859382838,4
1767269927133761269,6.62199698446897,4.5220032108332395,1.311173015732308,1.321183210159917,4
1767269927183777562,7.124021781281797,4.609620512681827,1.310236186782109,1.3208784795647566,4
1767269927259302478,6.174588633150124,4.4097553921026025,1.3116510711929221,1.3211031457616937,4
1767269927384109500,6.458519072029434,4.4848799837163,1.3112756647959167,1.321125066555989,4
1767269927534173379,8.236145130266825,4.648358713918784,1.3094247158574068,1.3210851582056002,4
1767269927658345408,5.882121189721756,4.4691815587311545,1.3117386644682854,1.3211215051582814,4
1767269927733443226,6.437543435763304,4.482324027361015,1.310952846463594,1.320733856320947,4
1767269927934087200,6.697458933224265,4.570299325511456,1.3106382486747072,1.3208241130693128,4
1767269928058519456,6.430333013142775,4.496246608390252,1.3110300367734853,1.3209041455658752,4
1767269928133906192,6.625827931802997,4.552739629509938,1.3109032354040056,1.3209342214174997,4
1767269928258382343,6.8611751856102465,4.397823867718395,1.3110667750842016,1.3210853115323022,4
1767269928333545991,7.865921405306731,4.53930821748016,1.3099361063701094,1.3210433411819544,4
1767269928383442177,7.511127779897375,4.640095379481076,1.3098955857818186,1.3209291399208638,4
1767269928458716174,8.11492126252844,4.519030816789159,1.3096426986895942,1.3210848622297862,4
1767269928533653056,4.588549335299064,5.717694468892458,1.3154519504576498,1.3209896200360751,4
1767269928584188657,4.422779631313212,5.7035143518546825,1.3152794263901468,1.3208783347514084,4
1767269928658688784,5.53930902462052,4.442068240248514,1.3120049535244453,1.3210431991469733,4
1767269928783394911,6.5450253046224205,4.471992921804091,1.3110395706993598,1.320959263236641,4
1767269928858402118,6.850403762310497,4.473995036683714,1.3107984322537602,1.3210760055458344,4
1767269928933900698,6.812772249908727,4.416291865484828,1.310863808892624,1.320969698597468,4
1767269928984034549,7.200531318701797,4.428805049742734,1.3104154052767392,1.3209380914723299,4
1767269929258782819,7.187741460912278,4.5062001543595365,1.3103386808148019,1.320864050492211,4
1767269929383856037,4.57552948665052,5.754789722280859,1.3152213943378703,1.320908626414618,4
1767269929458453397,7.056676008372342,4.4818511622438955,1.3105442232756876,1.3208427997529497,4
1767269929533814319,6.748373461270329,4.472929218446481,1.3108774900336326,1.3209853651277026,4
1767269929583953306,6.7048536775240475,4.4851508967436,1.3108619442581182,1.3209486831053951,4
1767269929658467228,4.829176291080151,5.787626192829963,1.3155274478895835,1.320891800318734,4
1767269929734048964,7.1538928664307555,4.4695192432949105,1.310552768320287,1.3209683495435565,4
1767269929783987190,6.158027835934332,4.507857771720692,1.3113060591911978,1.3209909890294609,4
1767269929858413515,5.404226056362038,5.628470128280332,1.3165789626084665,1.321032190753559,4
1767269929933613377,6.3441268455730615,4.4067915819001025,1.3114489469319364,1.3210286919099596,4
1767269930058687849,6.9702681155339175,4.5034730083052565,1.3107438351068879,1.3210519410893047,4
1767269930133921268,7.288917048130283,4.558015137183682,1.3105266476210482,1.3211562894783895,4
1767269930183671892,6.85389570986028,4.567325905115518,1.3108093038090267,1.3211388777678221,4
1767269930258925906,7.529167244900936,4.451670507732112,1.310400020935213,1.3211675586886826,4
1767269930334045630,6.915955803813212,4.480858995694776,1.3108731538990013,1.321129854240146,4
1767269930459206730,5.953081012041395,4.908969081006652,1.318711501081492,1.3207600764888818,4
1767269930534115672,6.282570701672041,4.4948582759381575,1.311377013708276,1.3209998682108761,4
1767269930583923079,7.867548264659963,4.509749070081335,1.3098613669833132,1.321113472197588,4
1767269930659007890,5.846777775511347,4.504617973825209,1.3117371292848168,1.3210960694766756,4
1767269930733976489,7.700602919234134,4.590204129822932,1.3097590356930038,1.3209113955484708,4
1767269930858812571,7.292467124337509,4.46208035030976,1.3105566400014257,1.3210933423315656,4
1767269931058354433,5.669168423027449,4.449128231105375,1.3119799519648856,1.3209212669033206,4
1767269931133826579,6.169622974159683,4.394974023100635,1.3114743841110619,1.3209247363155046,4
1767269931258311982,6.41913070614053,4.566488366573675,1.310933312177276,1.3208753634100343,4
1767269931334242106,7.635198588954006,4.631871405622265,1.30987789698263,1.320960513334703,4
1767269931658342274,6.686905141217059,4.518983478423585,1.310845865048422,1.3208989643498774,4
1767269931733842226,6.818730370966142,4.389015044665779,1.3110040353393035,1.3209347386322978,4
1767269931783435383,6.50941503577096,4.4727497647735595,1.3109073984606163,1.3207940595387202,4
1767269931858336073,7.0197942062038,4.529967022856376,1.3104383962280362,1.3208690847729894,4
1767269931984374637,7.419114304741292,4.522278704371882,1.310373504995474,1.3211351050139994,4
1767269932183450771,6.4716921141863,4.52064391451592,1.3110076852534476,1.3209315036924916,4
1767269932333727219,7.400354434373924,4.585519967848527,1.310115267746034,1.3209930987007101,4
1767269932383594902,5.495701295446631,5.605808773272668,1.3167083587114805,1.32088238319121,4
1767269932458559257,8.559495235278547,4.608434549474737,1.3090997491621679,1.3209897824304884,4
1767269932583862404,7.5755018396714835,4.661806035230664,1.3099449707550086,1.3210676703175215,4
1767269932784090718,7.823688149462438,4.63793529586178,1.309716756636713,1.3210142761006476,4
1767269932933598916,7.585398290013368,4.579614072873936,1.3101764681202492,1.3211631264161605,4
1767269932984159072,6.3910822413379975,4.3738262261871315,1.3112859910892154,1.3207495430013572,4
1767269933058340081,7.276641734782929,4.540671581636805,1.3104181826090404,1.3210428304382966,4
1767269933134090922,7.488196973611361,4.558931911295616,1.309894419630589,1.3208482498485987,4
1767269933184017852,5.172660086058878,4.236948826916946,1.312656072967618,1.3209679358561652,4
1767269933384284323,6.923941851801008,4.497721449486761,1.3106034329709708,1.3208941753182455,4
1767269933458979404,5.297374303524283,5.750949369008471,1.3161276929311825,1.3208965898920633,4
1767269933538643664,6.614047139698043,4.468858008414161,1.3111019276856788,1.3210500678466988,4
1767269933734119444,6.4338010438702575,4.463375595107762,1.3111368245399062,1.3209195166909857,4
1767269933858875530,5.069724248747853,5.756905623702705,1.315949397848626,1.3210127768492017,4
1767269933984011977,7.275141073867619,4.535458747396731,1.3103668986224055,1.3210075734287443,4
1767269934058710365,5.5233641424285995,4.4670975149322345,1.3121693967758719,1.3211563557483295,4
1767269934133835729,7.189337739014645,4.460825010919977,1.3105651555624966,1.3209905616221291,4
1767269934184051663,4.841349890586821,5.892801112304407,1.3151712229980934,1.3209633303517139,4
1767269934583365659,6.602869168452319,4.503452003487534,1.310996830116447,1.32107808580946,4
1767269934658571126,7.988914636210653,4.595784677961893,1.309543373204336,1.3209156951763028,4
1767269934733465366,6.427806645196155,4.432733847038719,1.3114147417910311,1.3210891998635983,4
1767269934858956183,7.4866366330135214,4.54201909681957,1.3098921454500299,1.3207306861628683,4
1767269934933992498,6.3112909265310435,4.491579092994352,1.3111638425225756,1.3208907375807186,4
1767269935133980679,5.454261178247988,5.559950171810636,1.3165001879466849,1.3208684745845696,4
1767269935333780377,6.0734307089569395,4.473163144454842,1.3112970874940841,1.3208452301739824,4
1767269935383550510,7.335513516883774,4.452154057375315,1.3104836582046304,1.3210926392218583,4
1767269935534056857,6.422676899684676,4.40455115990647,1.3115021078564055,1.3212148775085069,4
1767269935583901445,7.877626514550373,4.511456788411161,1.3097999067960293,1.3209467281380862,4
1767269935784110146,6.404572662084274,4.50758423643345,1.311189491734487,1.3209657700056376,4
1767269935858708498,6.4182344530074875,4.456155761917538,1.3112694034991643,1.3209630665614633,4
1767269936058954964,6.0605947160012885,4.509244071598008,1.3115575780228692,1.321078925556104,4
1767269936133508077,7.676943019088389,4.64438146880525,1.309671744347472,1.3208636819502222,4
1767269936258348618,6.81651759263735,4.499138042860729,1.3109395631052632,1.3210712809139475,4
1767269936334071868,7.313492276827649,4.611981775936174,1.3101442412839786,1.3209972258648106,4
1767269936459379218,5.381947050947078,5.646261787285725,1.3161622801571946,1.3208032058635926,4
1767269936584152373,5.495501895610211,4.463156816671575,1.3120390844464815,1.321029548621623,4
1767269936783487003,6.284232373437115,4.490236229629273,1.3113481185790512,1.3210838241482274,4
1767269937058950540,6.952853139771564,4.4783073789161305,1.3106755066215363,1.3209126038440493,4
1767269937133809750,4.711748635149782,5.696483500605854,1.315367792702969,1.3208606660478313,4
1767269937183658911,6.2747266477325425,4.4348407652651956,1.3115848552910145,1.3211433073112986,4
1767269937258828226,7.300481579554097,4.594942251828634,1.3102637458318798,1.3209450471537616,4
1767269937383822996,7.137445926479469,4.514354349215171,1.3103005100586245,1.3208411757045535,4
1767269937458357340,6.778075791247229,4.486698847113729,1.3109091001754092,1.3209870813994953,4
1767269937534068033,4.992487292943437,5.733927444099684,1.3159396288464857,1.320979601098716,4
1767269937583875348,6.515874088062645,4.484845181688002,1.3111177932437654,1.32098698915133,4
1767269937783761555,7.57372597290229,4.59366034921081,1.3101853483394723,1.3211869803265492,4
1767269937858260605,6.040017952567034,4.482126473115327,1.3117096846354226,1.3211290341293218,4
1767269937933716623,7.492431495079055,4.51068635319614,1.31018081719811,1.3210460343955817,4
1767269937983503757,5.08817910420678,5.844783672707452,1.3153728067144028,1.3208073622211551,4
1767269938058429860,7.242306569030799,4.68184288911231,1.3102085573988247,1.321018214881506,4
1767269938133866160,7.668705156896216,4.437035971173604,1.3099526674414548,1.3209300325238171,4
1767269938258702224,6.813694786785618,4.518188916675601,1.3107566285984715,1.3210052246786348,4
1767269938333702149,7.1743877765462205,4.509330888183332,1.310298458005767,1.3208908271786564,4
1767269938458399528,7.568359687881276,4.564652224586487,1.309804614130332,1.3208052734681701,4
1767269938583915832,6.569761302486876,4.539457325469907,1.3109850534960923,1.321015080076338,4
1767269938659079211,5.547703967513806,5.552732254825335,1.3167986668488945,1.320852813971413,4
1767269938733896820,6.9444253283046375,4.492060755801114,1.3107425194355073,1.321051963329665,4
1767269938933691213,6.682565104818572,4.416617826224282,1.3112128833034333,1.3211204901043134,4
1767269938983871051,8.087480434661343,4.752909461674253,1.3092830118691217,1.3209618837443793,4
1767269939333462923,6.985359444626527,4.580195824483723,1.310481265088017,1.3209771378664605,4
1767269939458984217,6.690032830887649,4.434796573428023,1.3112456157527583,1.3210425645748194,4
1767269939533210984,7.92255444558343,4.54409306405283,1.3098094944349123,1.3209732988164804,4
1767269939584188439,6.967503766863281,4.594991720389954,1.3105415925362864,1.3209128259274474,4
1767269939658697654,5.896654352272268,4.425493319071622,1.3119016020022027,1.3211919563854018,4
1767269939733664412,6.353802308735057,4.434505621639786,1.3112717818553636,1.320847195304828,4
1767269939783696389,7.569301677640139,4.604446654365138,1.3097675490558955,1.3208949434831048,4
1767269939983852690,6.526307150608313,4.377106571670018,1.3110950136982344,1.3208038445053858,4
1767269940183487507,6.79993303399673,4.593320637713856,1.3107682615758387,1.3209444082487978,4
1767269940258289193,8.383943740065902,4.482488405324572,1.309578398411329,1.3211456225288583,4
1767269940333769995,6.953869401556512,4.519868798693358,1.3106316365519406,1.3210613613322721,4
1767269940383386775,7.355525462818147,4.512473311303435,1.310118360200227,1.3208824604900147,4
1767269940458835020,7.871700888429034,4.613066450354086,1.3100307131866247,1.3212045465101754,4
1767269940583716252,7.870620129921901,4.644761152906784,1.3099107756726158,1.321184333694806,4
1767269940733206262,4.548908186895906,5.677994539352156,1.3151512127819112,1.3207241815862583,4
1767269940783291295,7.013159876038344,4.4490418985593125,1.3108726200408427,1.321145489739557,4
1767269940859138552,6.5877413666899365,4.350330326796752,1.3111586000970117,1.3208456422462538,4
1767269940933805024,6.637874212316097,4.5489372792134635,1.3109257770316392,1.321023454912903,4
1767269940983603282,7.056980434957394,4.551736624549827,1.3105921419303534,1.3209764341195598,4
1767269941133803110,6.536609542727723,4.396546002553783,1.3113129324847457,1.3211858952250628,4
1767269941184037407,6.37470520640715,4.487344376948881,1.311074707834978,1.3208989622769725,4
1767269941258954939,6.665470759732894,4.543958129160611,1.3110801793640472,1.3212565650883745,4
1767269941533848091,7.718423447046874,4.4573851529275075,1.309925893181793,1.320931534353831,4
1767269941658673063,4.501281633955356,5.702565385270079,1.3152193074022518,1.320810470240665,4
1767269941858883181,7.255726912351879,4.6094111937304305,1.3102078199820129,1.3209295429493273,4
1767269942058622189,6.749588736507883,4.646189277888915,1.3106441015046602,1.321010090920987,4
1767269942258920784,6.618065306459808,4.447637738713242,1.3112880336895796,1.3211424906633582,4
1767269942383238475,7.509731242013151,4.591954078142227,1.3101915573542915,1.3211338656355394,4
1767269942458152629,5.789814296917051,4.463913133326867,1.3117951630884896,1.3209633551515538,4
1767269942533775656,6.951352192629434,4.476138081247489,1.3105418851868655,1.320827705969994,4
1767269942583614777,5.014650268087006,5.736373233174771,1.315740833484787,1.3209143933982044,4
1767269942659142778,6.609058368146625,4.533398137330989,1.3109677942238827,1.3209888495538216,4
1767269942733681781,6.520566989778542,4.465654150183887,1.3110760800599994,1.3209644117277983,4
1767269942858559224,6.179312761193101,4.545358800045208,1.311383980941282,1.3210707786268236,4
1767269942983356258,6.642387869246313,4.651175884815517,1.310764714204301,1.3209798199640739,4
1767269943258518540,6.435637397566474,4.541468592004623,1.3110349959773622,1.3209237370653122,4
1767269943333955190,6.33762774470692,4.365289764496929,1.3113514549601446,1.3209962034287646,4
1767269943458989792,6.834391789732663,4.426454744831079,1.3111040085381085,1.3211356803386332,4
1767269943533571155,5.639932423086691,4.464881266202341,1.311984132468828,1.3209633250562187,4
1767269943733734352,6.820201693666261,4.583387108766332,1.3104219937173354,1.3206765555210438,4
1767269943858739602,7.23534224063882,4.590202756673345,1.3102978926756452,1.3209544717470245,4
1767269943934219057,7.537977467607648,4.677516970770375,1.3099546229089558,1.3211240835092566,4
1767269943983482841,7.093267036942796,4.630736707573635,1.3105684995648161,1.321147798570313,4
1767269944058924042,6.717893346650072,4.519808972314983,1.3110355971339844,1.3212039619320202,4
1767269944183822329,7.055237214276033,4.636339501877962,1.3105582996093614,1.321103207100975,4
1767269944258352483,4.708413786686405,5.582309723444393,1.3161561618120745,1.321086013059207,4
1767269944333829467,7.415473474167156,4.457003339241654,1.310415649949845,1.3210494245619475,4
1767269944383579160,6.2927366228782144,4.4573176380307284,1.3114537273366436,1.3211415645892999,4
1767269944583154962,7.150553259465564,4.572498510296529,1.3106251274995253,1.321245765443527,4
1767269944659380562,7.922576425888783,4.575579859104647,1.3098258896088442,1.3211251594015854,4
1767269944783373209,7.906853406030923,4.461815956411761,1.3099283729650164,1.3211225668759543,4
1767269944858720526,6.343679980042483,4.515901252926541,1.3111819713598662,1.3210164444731485,4
1767269944933896828,6.721595235078315,4.544391610184131,1.3109510060836627,1.321075284309065,4
1767269945058366694,7.115360632360623,4.486590282615562,1.3104819302457977,1.320933237753898,4
1767269945183847653,7.370904231645881,4.651659964392775,1.310178009313786,1.3211007143968683,4
1767269945258997365,7.879396014149664,4.5989502954687556,1.3098774707732153,1.3211331679719032,4
1767269945333459175,5.349127170729551,4.345212047681229,1.312237406842158,1.3208638246258768,4
1767269945383149832,7.823370088726245,4.522815925439623,1.309702171179467,1.320839088675618,4
1767269945533784354,7.667932285146062,4.569596431743336,1.309808205849905,1.3208683333748108,4
1767269945658866752,4.518376890195519,5.626060834415418,1.315564459826129,1.3208785721496081,4
1767269945733626985,7.192335522857363,4.392152940340044,1.3106115557166167,1.3208598137473144,4
1767269945784176711,8.251989909379365,4.651147173303807,1.3091280873003528,1.3208597016320034,4
1767269945858733255,6.950429311816109,4.595260529070622,1.3106932912235654,1.3211247736609886,4
1767269946058795984,6.123505818429242,4.472505970192509,1.3115843286571984,1.320948590142401,4
1767269946134031070,7.050645423281043,4.519661198906128,1.310756508383685,1.3212100635000414,4
1767269946258364366,6.013494796881069,4.485941238921609,1.31150982287426,1.3209336733654533,4
1767269946333498419,6.256615147891775,4.3844844386513415,1.3115041698854044,1.3209605201272645,4
1767269946383277114,6.431607418428076,4.545622607303725,1.3109859772583712,1.3208555664839523,4
1767269946533850549,6.418350670329476,4.524706808528051,1.3112370679047716,1.320988919906583,4
1767269946583785166,7.2585828298254995,4.664428537110297,1.3103171612696463,1.321085550977901,4
1767269946734086532,6.6931319265641775,4.462496670523463,1.3112028179566315,1.3212137778472024,4
1767269946783898710,6.844911845012902,4.493984840671915,1.310789548535567,1.3209986658477384,4
1767269946933750681,8.409465814125383,4.62142357862801,1.3093063067910784,1.3211622167200776,4
1767269946983737890,6.562464609253471,4.554244794306439,1.3109634502559482,1.3210935729662971,4
1767269947133620542,5.897292744301952,4.455518820236317,1.3116109400814735,1.3209081536685388,4
1767269947533844843,7.51179777363542,4.469562054048609,1.3101782319644066,1.320910940297095,4
1767269947583414724,6.660119480595084,4.448693802579394,1.3109043268593108,1.3208619386773384,4
1767269947733858233,7.293326310913173,4.569772590871372,1.3104221896007295,1.3212124080322551,4
1767269947784045630,7.7727336925625945,4.485271691569736,1.3097594587511694,1.3207971500862068,4
1767269947858676052,7.181808276807589,4.505481837855061,1.3105810989612703,1.3210232731855567,4
1767269947933261455,6.97872657120624,4.513829037689613,1.310667011987307,1.3209752412310323,4
1767269947983309883,8.209428823454212,4.525000010988873,1.3095045810453867,1.3210038599552387,4
1767269948058603848,7.257822912343226,4.575976240653258,1.3103247562928275,1.3210863095324223,4
1767269948133783020,6.885503669978199,4.498917323784228,1.3108710414492002,1.3211785002101113,4
1767269948184333936,4.643498056511763,5.816429031906245,1.3151935835564361,1.3209059853261513,4
1767269948333201712,7.3381876333522555,4.570866176956897,1.310413260140761,1.3211133820498704,4
1767269948383993261,6.7304511567001235,4.529977358130124,1.3110208867717101,1.3212012822521126,4
1767269948583675439,7.956775775024738,4.652501229130678,1.3095607748656124,1.3210336118746222,4
1767269948658578407,7.330928789331725,4.5184977187310205,1.3102862859820958,1.3209216669002948,4
1767269948733962854,6.690943489420675,4.592398702385876,1.3105165473013973,1.3208202677336252,4
1767269948783784096,7.183770902746245,4.610993645022112,1.3103347040853264,1.3210616762483818,4
1767269948858784701,6.8815004805820035,4.656591049311611,1.3105389796882807,1.320973102795538,4
1767269948933628613,6.3918805842118065,4.522510625004143,1.311399771734643,1.3212737368860543,4
1767269949058598941,6.811841841724675,4.371870893576282,1.3111411168698754,1.3210761255139676,4
1767269949184002084,6.652894539608933,4.4825507434338085,1.3109630536984185,1.3211013820788093,4
1767269949258242361,7.019755306290287,4.550410167893629,1.3105820065415472,1.320998515199317,4
1767269949333678447,7.162209045510126,4.483058963276261,1.3106085396875382,1.3210569202982532,4
1767269949383746675,7.139448512519575,4.675563820884212,1.310236747526212,1.3208920202266456,4
1767269949533260234,6.383633040303094,4.302232988278095,1.3116168349935857,1.3211666018546515,4
1767269949583901419,7.213831424756956,4.610960617782543,1.3100168320346588,1.3207012011826917,4
1767269949658470537,7.820233425179124,4.52271867495197,1.3099820488627019,1.3210803547809844,4
1767269949784009335,7.253278222951742,4.600658196857977,1.3102251926682915,1.3209657951281188,4
1767269949858545602,7.421191050177356,4.606397584625025,1.3101901073247504,1.321041652436941,4
1767269949933141547,7.484138582070754,4.545484510101123,1.3100818549549793,1.320916665924598,4
1767269950133808964,4.250027005205492,5.872799223302476,1.3147854538969246,1.3209798808187427,4
1767269950183339147,7.139363158284562,4.538213701470872,1.3106361143718477,1.3211141156085389,4
1767269950258585475,6.325398982658159,4.408320664069973,1.3113409501715132,1.3209985553311216,4
1767269950333213751,6.433419620133662,4.490731500436229,1.31095741744133,1.3208921890837675,4
1767269950458129961,7.543220936331085,4.6471241295519325,1.310077236002256,1.3211988091052005,4
1767269950533307050,7.894655729815403,4.569796855595666,1.309850970863604,1.3210698890121064,4
1767269950583559638,7.006963028172608,4.491155752604025,1.310889054500634,1.3212114514441586,4
1767269950733519211,7.028733416681865,4.462625356539848,1.3108064087700242,1.3209836052934767,4
1767269950858370236,6.994810520621009,4.552945074767375,1.3107219091648652,1.3211484750659888,4
1767269950933418787,6.699647648371387,4.595724951001028,1.3108628533103197,1.3210194844022074,4
1767269950983700453,6.891261884209854,4.4848702612886475,1.3107217393963775,1.3208922464319868,4
1767269951058521874,7.549936679763114,4.537144604229752,1.3101933038336286,1.321081203236477,4
1767269951133950270,7.041832659306024,4.475263257711877,1.310899539941586,1.321312486036919,4
1767269951183767350,6.2139740183413394,4.459738610371641,1.3113056251399735,1.320816745633988,4
1767269951333956658,7.371051085961033,4.536097650912809,1.3103637912980404,1.3210372872627127,4
1767269951533145060,8.097185038359989,4.639981716120985,1.3092636602899572,1.3210553145887167,4
1767269951583749066,7.527324092388765,4.626564386038504,1.3100078531137251,1.3211149785192993,4
1767269951733713298,6.885127797917834,4.535461584723406,1.3104886901165538,1.3207525936531364,4
1767269951858396746,7.771035172703167,4.642265719718454,1.3096875272219632,1.3209401017327862,4
1767269951933984357,6.8235893845962625,4.519292494351103,1.3107776780485947,1.3209131430911416,4
1767269951983617852,7.658316704935775,4.501264608230771,1.3101562073984274,1.3211363544901227,4
1767269952058501625,7.003514005821332,4.548059494850994,1.3106603199267683,1.3211056088116067,4
1767269952133554350,6.636706992481312,4.495522479138942,1.3110188998981573,1.320951936790482,4
1767269952257962690,6.997220942679405,4.66731486987301,1.3104217537182397,1.321000082771524,4
1767269952333646540,7.15601759388651,4.444815271406954,1.3106213929924195,1.3210753498378325,4
1767269952458463754,8.097345610727169,4.689873402518848,1.309378550073739,1.3209977897009244,4
1767269952533254333,6.6681693593335645,4.59613212603979,1.310619667985253,1.3207382762309872,4
1767269952658005229,6.392291737435274,4.569063820628886,1.31098208318121,1.3209565639353071,4
1767269952783356472,8.094288640813296,4.607675025106124,1.3093258396540912,1.3208661140268936,4
1767269953058669982,6.8251485316204175,4.571207578905248,1.310863307303296,1.3211590970939886,4
1767269953133280319,7.045673341905978,4.503871083328369,1.3104913052432443,1.3209416947870924,4
1767269953183333504,7.360721090260203,4.552615009960578,1.3101718291240436,1.320918106830088,4
1767269953259283083,5.919278465497113,4.424587547616981,1.3116523172033239,1.320928043902088,4
1767269953383815020,7.3913235445879355,4.602721588327438,1.3101860707306863,1.3209704428371603,4
1767269953458814385,6.452652822918292,4.49080866393077,1.3109198355925136,1.3208098313930094,4
1767269953583381325,6.771126389762294,4.5244728538712184,1.3109266338644205,1.3211810971369027,4
1767269953658512323,7.658692616201224,4.538166007129407,1.3098758076590138,1.3208705657924356,4
1767269953733368645,6.52822703042677,4.615606941391376,1.3108913127311121,1.3210494538043844,4
1767269954058716092,6.867428952240351,4.544118130720527,1.3108903499644746,1.3211893971993556,4
1767269954183697635,7.593108020140571,4.53411425521958,1.3099812743197405,1.3209899677794963,4
1767269954333836788,7.28091810431164,4.506527762705741,1.3101327359180268,1.3208275679894932,4
1767269954459025101,7.0730192840853245,4.524674816444918,1.310496550986382,1.3209894674663927,4
1767269954533678058,4.309877066597467,5.8427333399516534,1.314931715639356,1.3209799126707318,4
1767269954583706794,7.797633650684643,4.538836169013727,1.3099691881940014,1.3211439442874224,4
1767269954658882739,7.89087064840599,4.728221168294552,1.3095565864111225,1.3210690686651965,4
1767269954733708888,8.474791804282233,4.774085875060214,1.3091588586252954,1.321317164277273,4
1767269954858668020,6.3907246634202775,4.485772649336482,1.3111795328809521,1.3210748916033397,4
1767269954933141312,7.370804055185198,4.6439968936038625,1.3100757635544058,1.3209739104590135,4
1767269955058401103,4.324349994260235,5.972283613829865,1.31445380438231,1.3210031581988275,4
1767269955133036430,7.793178319283056,4.5514115226204055,1.3100757527386067,1.321177060240461,4
1767269955258810470,6.614209861105946,4.566659923172004,1.3109501674342228,1.3210464512437947,4
1767269955333551781,4.342375344139615,5.95273393585455,1.3148628273134888,1.3211061693123993,4
1767269955383595007,7.201810583811419,4.461007613104016,1.3105746398324467,1.3210248714403627,4
1767269955458819374,4.7282105686252685,5.754387692975873,1.3155584636051636,1.3209331348185642,4
1767269955533112319,4.596653248936988,5.635851371518612,1.31575618777637,1.3208829864616103,4
1767269955583704427,6.634546745724057,4.55167051425753,1.3109467180502246,1.3210284992890573,4
1767269955658604052,7.486473179864062,4.489942614917165,1.310188537128276,1.3210898479375195,4
1767269955733856345,4.799195138539103,5.615221963785299,1.3160393355296234,1.3210948026697698,4
1767269955783947274,6.638212847989156,4.616015139526489,1.310806140440233,1.3210302731135986,4
1767269955859002772,6.668068321237675,4.54064797352503,1.3111178057497572,1.3211916361279725,4
1767269955933782452,7.280736034761315,4.475447286502567,1.3103701697531258,1.3210097207464673,4
1767269955983172903,4.6388399469621255,5.91265467411032,1.3151668038026068,1.3210456299551692,4
1767269956133975363,6.747963770996401,4.597883333283478,1.3105824097059369,1.320817733657471,4
1767269956183480779,8.07965405775346,4.6057197601482995,1.3096163359970836,1.321103318260543,4
1767269956383774292,8.089844775936106,4.662562740076195,1.3095459674980905,1.3210991889504085,4
1767269956533398321,7.689995591962484,4.536490772196684,1.3097603531603823,1.3207823264888472,4
1767269956583855131,8.118392089040416,4.6610833360392165,1.3094573877303826,1.3209786199728244,4
1767269956658687021,6.7021901476542745,4.507581417004797,1.3106794717461638,1.3207714987361683,4
1767269956732829878,7.22973423283646,4.656669743499781,1.3103211092069396,1.3209995856826815,4
1767269956783537176,7.670081999154865,4.605849660145301,1.3096831235769064,1.3207490077239088,4
1767269956858454742,6.881345529146987,4.58415208120933,1.310422854394132,1.320788378885024,4
1767269956933730811,7.155765337234721,4.610906678973913,1.3105726163110332,1.3211436805354424,4
1767269956984013516,6.572120911953583,4.607840945436628,1.310839140568994,1.3209319085219133,4
1767269957134061311,7.37422411049149,4.646017075191858,1.3101857770841963,1.3211309484347165,4
1767269957183863907,7.3149522239057685,4.545090320145602,1.3101691833917073,1.3209193662512573,4
1767269957259054712,8.03452330159371,4.61099885815216,1.3095668436700911,1.320902819929256,4
1767269957333653028,6.913339240929739,4.555848355926098,1.3106226064110016,1.3210194521817138,4
1767269957458156863,7.493003273839172,4.699501883072215,1.309933214397099,1.3209749396743824,4
1767269957533323857,7.28614993478649,4.517313311901953,1.3103272645916524,1.3209865292565086,4
1767269957583890280,7.460646122203762,4.5178193850032535,1.3101544924305906,1.320998828975063,4
1767269957658908529,6.9740651435550305,4.5448166513256565,1.3104735127019769,1.3208408308884605,4
1767269957733651982,5.078896998646831,5.8786938305415175,1.3154497797889355,1.3208825024893152,4
1767269957783662966,6.593901276554348,4.455720322612601,1.3110786434991597,1.3210927239386194,4
1767269957983646385,7.616689850024949,4.70465164761037,1.3096363919901866,1.3209742944671083,4
1767269958058321385,7.059398109787063,4.582281945265528,1.310354062702493,1.3209648864861128,4
1767269958133701462,4.642956311894597,5.6355524034187585,1.3158269002182645,1.3210837549419827,4
1767269958183448831,4.778362138056158,5.622338597853464,1.3158624911902372,1.3207472129903604,4
1767269958258538769,4.707497600010768,5.656243503960954,1.3156156931200227,1.320962707206029,4
1767269958333778387,7.648046059518077,4.666278906560249,1.309816700070976,1.3209697711778263,4
1767269958383033546,4.59753004614627,5.693015415864431,1.3155694483522067,1.320991597104133,4
1767269958534027974,4.50388081922104,5.735464279443421,1.3153652719600937,1.3209981915243119,4
1767269958658300392,7.6171509571159035,4.561273775502817,1.3100650890860235,1.3210734657090113,4
1767269958733329708,6.819004182029964,4.506074704290731,1.310863305403746,1.321006601546977,4
1767269958783283661,8.224913763341224,4.613649601036598,1.3093434722619728,1.3209778815092121,4
1767269958933825992,7.180917188163827,4.538673838387675,1.3103487622068684,1.320872301786776,4
1767269958983901957,7.1234135001134735,4.485333234135107,1.3104960757475093,1.320920424176819,4
1767269959133127170,4.359518832772524,5.750440875705646,1.3149719728331704,1.3207774515475783,4
1767269959333935313,6.896825125889849,4.5407411547213234,1.310781000630359,1.3210223856229448,4
1767269959383526157,4.216761155595439,5.723969407890479,1.3150736346267256,1.3209978471409187,4
1767269959458575845,6.299483307678377,4.428763338334813,1.3114060317884884,1.321004844800501,4
1767269959534066512,4.482919916922068,5.740750542841026,1.315693378303333,1.3214032875961983,4
1767269959783869773,6.437548375824997,4.51260651358244,1.3112872237419153,1.3211069176242916,4
1767269959858308124,7.140066426479352,4.576320658906568,1.3104197372188704,1.320948706949605,4
1767269959933133815,7.4664453959314425,4.57213899538281,1.3101918541447668,1.3211337881438405,4
1767269960183465396,6.911914817933962,4.668950946063433,1.3105657323294917,1.3211110382969822,4
1767269960258572443,6.735150457073624,4.540696193004035,1.3109370584610964,1.3211185246366708,4
1767269960333797648,7.520717973961588,4.579406020261571,1.3099871110574617,1.3209912129473163,4
1767269960458598451,6.7581150916831145,4.580179938020945,1.3107353669251727,1.3210405176836977,4
1767269960533730818,7.408387613236478,4.69281347898027,1.3098451451095332,1.3209205553267558,4
1767269960583490670,7.258527806376369,4.5337261703896585,1.3106321940987906,1.3212678004321994,4
1767269960658573050,8.573097373574479,4.72955466673484,1.3087468633219765,1.3209533384331018,4
1767269960783738543,6.613650911329261,4.496725385955638,1.311138511943536,1.3211324252997825,4
1767269960858862603,7.924206185037308,4.553034571180124,1.3098627632047382,1.3211992619240793,4
1767269960933922420,4.743482454437897,5.822666795770445,1.3152896648708285,1.3210178278433666,4
1767269960984021845,6.845895144967695,4.502620536327078,1.3108406913168027,1.3210262022803692,4
1767269961183174985,3.81480312941318,5.774827469236692,1.3146275846639377,1.3209400466998602,4
1767269961258519685,6.949795024547845,4.541019530036041,1.310787918049568,1.3211633887944245,4
1767269961458688620,7.488658785974378,4.55304741113736,1.310272761234146,1.321253973217597,4
1767269961733765702,8.398865361832986,4.684100128661347,1.3092303726111094,1.3211396019771446,4
1767269961783191766,7.363156785421321,4.639220095681506,1.309924574812884,1.3207757496004675,4
1767269961858948012,6.5188629173356105,4.575129785930919,1.3110031045830963,1.3210044386801372,4
1767269961933800228,7.482636791667607,4.611377602826361,1.3100966360225763,1.3210589232553063,4
1767269961983210185,7.552978575726899,4.628903893371402,1.310142705570635,1.3211033208612402,4
1767269962058826929,4.45002229347069,5.714974912864998,1.3153573207702658,1.3210781984872826,4
1767269962133560378,7.349344174177208,4.530549897249167,1.310474278029327,1.3211798527786773,4
1767269962183672055,6.994987272089359,4.547405174827098,1.3104881966369262,1.3208731684243218,4
1767269962333604536,7.512855022305809,4.512189357549422,1.3102067217145552,1.3210480848867465,4
1767269962383899898,7.009415593430601,4.441799717252309,1.3108577644092962,1.3211184956133408,4
1767269962583772819,4.280837836152518,5.8702316928240865,1.3146226124901244,1.3209640680187784,4
1767269962658834842,6.279284983027322,4.606925137824154,1.3113093111479524,1.3211808636559639,4
1767269962733694059,7.69866377590156,4.550716773171689,1.3100734172133965,1.3210324572620662,4
1767269962783242565,8.35547959924443,4.653317312416592,1.3093248987119985,1.3211652207406743,4
1767269962858291617,8.236696866384063,4.632469134880296,1.3093782806140213,1.3210495455534321,4
1767269962933611025,6.446946572293832,4.451880672212234,1.311185441280268,1.3208808123181122,4
1767269963058175307,6.464232114319568,4.514509350518233,1.3110665035721503,1.3208795134791567,4
1767269963183816218,7.858238801374595,4.59699641022414,1.3098100559453876,1.321074835037485,4
1767269963784079347,8.062853346379129,4.681651132859094,1.309405736320009,1.321086086367974,4
1767269963858836955,4.605060046519505,5.861525480938293,1.3151366171638512,1.3208926674100958,4
1767269963933498867,7.54932913878692,4.556126673636374,1.310079365018827,1.3210445761515797,4
1767269964058712134,7.142609542275302,4.618996919547547,1.3104131443827243,1.320905964270639,4
1767269964133598869,7.738906142386259,4.759394811495983,1.3094260936635793,1.3207574187933036,4
1767269964183578864,7.103981166458162,4.589583573465668,1.3104704144988186,1.3210450787003565,4
1767269964258220071,7.723816716693976,4.6909978717955765,1.3096691267644989,1.3210209210273758,4
1767269964333340102,6.871840024835096,4.483675474835192,1.310929116074605,1.321098402538447,4
1767269964383226030,7.071910384694791,4.52562549984378,1.3106318042367817,1.3211142466082024,4
1767269964458129622,7.964865521512543,4.60748285771834,1.3098861593438385,1.3213012660416568,4
1767269964533279577,5.157546659926293,5.683220728615623,1.3161737008828671,1.3210226017952726,4
1767269964733527636,6.9278724489283405,4.510851272371587,1.3108118383713523,1.321075629738916,4
1767269964858787923,7.264791888867084,4.597234509523692,1.3101475155670237,1.3208786173808074,4
1767269964983766291,7.101005565848917,4.618170427919979,1.3102618773689794,1.3209110595490592,4
1767269965058571678,8.071384726909159,4.5546341746085774,1.3096274787497475,1.3210302327071184,4
1767269965183749713,5.207234167576624,5.733069749126997,1.3154353519604625,1.3205664095851473,4
1767269965333817310,7.0886948651518455,4.559551793879076,1.3104778059527558,1.3211082526654598,4
1767269965383498319,7.482093736772999,4.665578605055932,1.3100989988217784,1.321088689750681,4
1767269965458826180,7.024805068627682,4.622132262895144,1.3105437571389322,1.3209905138218838,4
1767269965583177035,6.457764518509768,4.4664528841909705,1.3114179903381649,1.3211673576815515,4
1767269965658513358,6.8899139698628264,4.533956935101409,1.3105756966099722,1.3209358725658622,4
1767269965732958425,7.497717456856012,4.637935859616452,1.3098582966713286,1.320832950918431,4
1767269965783528057,7.502986853147764,4.696704423696562,1.3098051226138778,1.3208054774723548,4
1767269965858739251,5.509457447573807,5.713391436763681,1.3161903873141896,1.3208393195927186,4
1767269965933346222,7.034282241905165,4.595367981638517,1.3104722419439698,1.3210012562914129,4
1767269966058622529,7.6011997417986255,4.604783565400675,1.309939115690358,1.3210440644972394,4
1767269966133236104,7.133069945936654,4.57355602493718,1.3105098295279465,1.3211096597368188,4
1767269966258734694,8.05216323302016,4.607250992726258,1.3097463668612699,1.3211277895505162,4
1767269966332938342,7.3188184477526175,4.644302038247064,1.3100707727954046,1.3210299883000414,4
1767269966383077556,7.904663159626235,4.658776527018355,1.3097691145276775,1.3210901664111399,4
1767269966458785584,4.739694251080673,5.066814925012346,1.3168474601389668,1.3206734044519925,4
