timestamp,dist_error_mm,angle_error_deg,est_dist_param_m,gt_center_dist_m,visible_gt_tags
1766226844114021746,7.462441677675402,2.618049429588583,0.722505903543338,0.71853001786858,4
1766226844152778681,7.623975015544904,2.505616525032388,0.722786875139828,0.7185162360933135,4
1766226844179967707,7.783351245105208,2.4284153451222834,0.7229521442667831,0.718425275818888,4
1766226844251132128,8.194480299970607,2.538620906011747,0.7233598161102902,0.718521212310257,4
1766226844276985541,7.17440053107532,2.752534252958376,0.7219792362929663,0.7184760005586404,4
1766226844325364022,6.992384571492871,2.8002428623792506,0.7217010081225794,0.7184704075013572,4
1766226844350373797,7.644494087464371,2.3828763468838527,0.7228749433022141,0.7184598453252135,4
1766226844375702131,6.495032567572445,2.7244807503606965,0.7214131630587606,0.7185134884668225,4
1766226844425363096,6.893823016507317,2.611825752765118,0.7218283247319082,0.7184512377349797,4
1766226844451700710,7.5069848843304365,2.5577861945721576,0.7224905361899553,0.7184212953346322,4
1766226844477301727,6.400431192879696,2.7913843708196024,0.7212292315653819,0.7184961652325823,4
1766226844577061110,6.79393763622127,2.4988654788365565,0.7219339176549728,0.718491679209288,4
1766226844625373026,7.074702890325746,2.900001748151973,0.7216604977099865,0.7184858887965809,4
1766226844650471458,5.530422242994937,2.5344895763290247,0.7221767002821307,0.7183708922713639,4
1766226844676964674,7.53480406830731,2.477759054783078,0.7228413047017035,0.7186362238655585,4
1766226844825370863,6.881225461749407,2.8721117229755477,0.7214988959966024,0.7184722432503469,4
1766226844850417948,7.953557620266616,2.4821612346948227,0.7229624545677378,0.7183843655948107,4
1766226844876548582,5.169371362048425,2.8656018836891906,0.7217541235257786,0.7184086629232224,4
1766226844901154307,7.092551960207749,2.7380556916864034,0.7217665294478126,0.7183534838773241,4
1766226844950453941,5.249367042326258,2.661468993847632,0.7220031071001682,0.7184443947833904,4
1766226844977137947,5.442836007118923,2.6296935080467985,0.7221732445843747,0.7184959825747362,4
1766226845076457162,6.887398890265239,2.6858734439363943,0.7218237618220971,0.7185033957074726,4
1766226845100456485,6.954050539688006,2.7594545939818125,0.7216963596912698,0.7184549595589425,4
1766226845150416302,7.532982627515228,2.826063818821685,0.7221451439341695,0.7184237093370562,4
1766226845176666371,7.918141971164916,2.536032879020983,0.7230755602423808,0.7185357604668129,4
1766226845278810982,7.420830599538686,2.7299704800317115,0.7222072850421839,0.718436068010754,4
1766226845325370150,6.903813569586692,2.810720763218463,0.7215846192987168,0.7184596596498348,4
1766226845376634081,7.1392527144548135,2.718498241402493,0.7220100797705937,0.7184894752194778,4
1766226845450378357,7.693356861172562,2.427221911662065,0.7227746824960664,0.7184105870655081,4
1766226845501006562,6.951821211990783,2.6936168477624043,0.7217455796971497,0.7184131056474902,4
1766226845551315987,7.8511120895601305,2.516653826507687,0.7228496183702722,0.7184080614145743,4
1766226845650402303,5.61868374451302,2.7287162634841695,0.7222626395417177,0.7185379281977493,4
1766226845676527817,6.799298833546796,2.595952224086809,0.7219129279754488,0.7185700000362237,4
1766226845700395313,6.999912329284874,2.866046331055121,0.721665537081862,0.7184952146820581,4
1766226845800884539,7.1041765956008085,2.614282160362442,0.7219746841470309,0.7184194371069139,4
1766226845850417693,5.784546570380744,2.5498546992540767,0.7223804403372428,0.7183856145489679,4
1766226845877901253,7.178213907698461,2.7047549470323555,0.7220247607169751,0.7184668445678792,4
1766226845925361416,6.314740386589746,2.936773132435868,0.7208828124211368,0.7185007993185749,4
1766226845951136110,8.058969423854201,2.5724830761596396,0.7231280559528587,0.7185096205766501,4
1766226845976632541,7.015891388020834,2.833330476645254,0.7218439657075727,0.7185783648584835,4
1766226846025378424,7.455838230312706,2.691489495919071,0.7221420645567843,0.7183563149467787,4
1766226846050396834,7.464780819840033,2.5850711286588175,0.7223511445578,0.7184088963831701,4
1766226846076850907,7.391746878241179,2.549911298759887,0.7224582237288869,0.7184985661194006,4
1766226846150463555,7.8593991170601285,2.5772646126121956,0.7228692297276156,0.7184445059323005,4
1766226846250482757,7.453115356518603,2.4629430853171814,0.7226064409648083,0.7185044732645406,4
1766226846278079871,5.523239534336533,2.9489704095765146,0.7220726357830045,0.7184742346103163,4
1766226846350453196,7.702170109633921,2.359735700410928,0.722893916078432,0.7183919881169356,4
1766226846377349491,5.168287321657639,2.623419895458428,0.7218970096511743,0.7184320582086584,4
1766226846402267123,7.146867560292591,2.731214694681137,0.7218535406419332,0.7183829794275395,4
1766226846450735102,5.263251740131536,2.69202215805942,0.7220230515094074,0.718486467041875,4
1766226846477733519,7.242980936398857,2.76123353572384,0.7220485067861514,0.7184938675988818,4
1766226846625378806,7.206753177553593,2.8676528341367344,0.7218064752730806,0.7184598607087426,4
1766226846650393710,7.666776193525182,2.5764087439189214,0.7226005546013332,0.7184282420051016,4
1766226846678952053,7.673766903496637,2.732046065224505,0.7225985808949985,0.7185911382444156,4
1766226846700403421,6.822770155095248,2.8899511858842812,0.7214532380430766,0.718513986982206,4
1766226846800471474,7.118744231042751,2.806766913973655,0.7217645437901964,0.7184209475142808,4
1766226846850457250,7.8510363318853305,2.540585350807834,0.7229729810650807,0.7185150727189047,4
1766226846900548665,7.455956194535762,2.897396266754128,0.7219157033066937,0.7183763657555996,4
1766226846977428762,5.233457526775731,2.159218216625833,0.7221789851366661,0.7184485927859983,4
1766226847050404772,8.112207054409515,2.652544900254397,0.7229048468196111,0.7183704398457871,4
1766226847076947962,5.733817248590678,2.5746075776202,0.7223111516170387,0.7183949967222978,4
1766226847150444111,7.6024206425930885,2.459908474918558,0.7228021016605386,0.7184981444268936,4
1766226847277587616,4.783273457895421,2.7526524136315285,0.7216685020747678,0.718505555768939,4
1766226847300602246,7.544892388803182,2.704224576663504,0.7223875640879096,0.7185030369742497,4
1766226847351364954,7.770387823684888,2.483888130614678,0.7229719367996179,0.7185396653287036,4
1766226847401515109,6.789880458717756,2.787054625738065,0.7214653283620606,0.7184159821819649,4
1766226847478108226,5.095071115747363,2.6889789712897034,0.7219501195464135,0.718585298925945,4
1766226847500392001,7.336385448871052,2.785888154625948,0.722048134350342,0.7184938021069451,4
1766226847577584335,7.22505302606824,2.8871651551704813,0.7218017765454732,0.7184065239881356,4
1766226847601058661,6.86730212280906,2.811585609812606,0.7214415645290757,0.7183338181108235,4
1766226847650413228,5.748473637942508,2.5370908191099972,0.7224557760871958,0.7185472794280661,4
1766226847677782053,5.00199915847499,2.4309940332678552,0.7218985743221497,0.7184852512569813,4
1766226847778753926,7.718090320866122,2.6068614003520616,0.7226753056392822,0.7184392370084501,4
1766226847801907027,7.0433484824118375,2.8771059681586335,0.7215275540887219,0.7183504168860119,4
1766226847850413900,7.326976979356914,2.344499682136099,0.7226901181314349,0.7185322638324705,4
1766226847877219424,6.436407402179989,2.7005326712713766,0.7213840597345196,0.7185430708411487,4
1766226847900461682,6.708047430108333,2.6972266199374744,0.7215674976304205,0.7184862279435963,4
1766226847950443951,7.848468238140338,2.473342957994859,0.7228609493082779,0.7183558945581405,4
1766226847978555363,7.758605381679939,2.846909806037385,0.7225035293104921,0.7185145456944396,4
1766226848050412357,7.818113346627409,2.4551392934600518,0.7229994619453958,0.7184851339224442,4
1766226848150406551,4.670227192307919,2.6398553042535444,0.7216423527457804,0.718561057586832,4
1766226848178450005,6.4405575690141825,2.833674559278754,0.7212313624674033,0.7185362326899376,4
1766226848200590470,7.743920314139285,2.921912639229605,0.7222384151108269,0.7184332260725386,4
1766226848250430992,4.905381102324635,2.5426766987516305,0.7218491233202794,0.7185656533693625,4
1766226848278673650,5.015833883562526,2.538430164692502,0.7218491233202794,0.718452654683012,4
1766226848306966603,7.344272799039486,2.531407451465641,0.7223852876834006,0.718452654683012,4
1766226848350421800,4.834830072359075,2.723394360928333,0.7216797323343654,0.7185439083249776,4
1766226848379294694,8.238858870541875,2.7140554396184173,0.723100970357657,0.7184954442924575,4
1766226848478066147,6.69340362164994,2.8086552543225194,0.7214673691684561,0.718498047553895,4
1766226848501695193,6.898353936083512,2.594682508478231,0.7218190651728054,0.7184182149889087,4
1766226848550470621,7.547855380983792,2.3751382767725873,0.722778364942153,0.7184372184360502,4
1766226848578644851,7.609754438463456,2.664782712994977,0.722494606930144,0.718443131936437,4
1766226848602324863,7.00506597824635,2.7830606776246505,0.7216725806931257,0.7183988867101057,4
1766226848650423267,7.536511752239239,2.5737634782589622,0.7225334004877819,0.7184500663360158,4
1766226848678213714,6.913328599710389,2.769546865983923,0.7217769514858311,0.7185246709597392,4
1766226848779142798,7.159228427441322,2.816817084510828,0.7219065697841175,0.7185021348621158,4
1766226848800513013,7.233762354634132,2.919073219571472,0.7217437707846014,0.7184204051322354,4
1766226848850473150,7.4240596904708855,2.6932399030496743,0.7223354274047128,0.7185049552990225,4
1766226848878272535,7.96346747585408,2.691782618099011,0.7228983625672094,0.7185154904944658,4
1766226848900770733,7.249338985236831,2.827523958993774,0.7218674630995205,0.7184018371286878,4
1766226848950617637,7.892061512700388,2.5530917800298822,0.7230107415855345,0.7185455823273601,4
1766226848982989727,7.1167106186713625,2.7982344273063147,0.7218321807620326,0.7184553108632568,4
1766226849079451623,6.402202791570111,2.7795562046252944,0.721209973488032,0.7184668508422587,4
1766226849101074675,6.754470064208373,2.9038809797557468,0.7213373519943658,0.7184416001552714,4
1766226849151149468,5.19025726516531,2.751383625250007,0.7219303539969527,0.7185172493375426,4
1766226849178406321,6.920006637406995,2.6838057357148193,0.7217779406777066,0.7184537983819996,4
1766226849250501824,5.183032609002103,2.652882147672847,0.7219437538303143,0.7184851362765556,4
1766226849281076791,6.862403893070579,2.5655772499288454,0.7219582952385183,0.7185279944845105,4
1766226849303537519,7.819185810158835,2.674640204287367,0.7226582014047567,0.7184598264759205,4
1766226849350580116,7.856905220744337,2.5454182800022074,0.7229231864421523,0.7184825430716668,4
1766226849379271539,6.951437658543336,2.7850439231936837,0.7217588856214847,0.7185217824695559,4
1766226849409308033,6.569436990152333,2.707198416211785,0.7214875973687362,0.7185131374533642,4
1766226849450409109,5.479230191609674,2.3855345251972238,0.7223065786166937,0.7185224678138388,4
1766226849479664403,7.708364964516545,2.524811779253237,0.7228420931893227,0.7185061157193758,4
1766226849479664403,7.708364964516545,2.524811779253237,0.7228420931893227,0.7185061157193758,4
1766226849601240550,6.9599980020146335,2.8202161120261033,0.721602103680113,0.7184283090700369,4
1766226849650421361,7.7985422402623295,2.6359094283745454,0.7228019934614808,0.718536803080511,4
1766226849702599151,7.0139912352084055,2.808181779573213,0.7217162064670863,0.7184774230022414,4
1766226849750432897,6.031197490499629,2.786247754083976,0.7224743782602235,0.7184263672286553,4
1766226849778405357,7.5334483542780495,2.6321476179126546,0.7224169241188734,0.7184225593694714,4
1766226849800930596,6.983576292746596,2.848216107010498,0.7215165648945634,0.7183603235592031,4
1766226849879657408,7.471216012914894,2.388396374340764,0.7227578288296703,0.7185116871935886,4
1766226849954234571,8.285032985095754,2.5194468592935646,0.7233942402956196,0.7184565115053305,4
1766226850079210506,7.646910038971444,2.7334652468839455,0.7225528973372569,0.7185259402937024,4
1766226850101448555,6.685825096897746,2.851709692038568,0.721375240427037,0.7184748962855648,4
1766226850150452322,8.137395631728106,2.7192478553672648,0.7229662758436525,0.7184630695309628,4
1766226850201517619,6.688726396984701,2.7679569294677306,0.7213913042885866,0.7184168538251113,4
1766226850380143836,5.211762347696269,2.7605980655652695,0.7219048319778665,0.7184808277095838,4
1766226850479782901,7.198164859509415,2.674011846536856,0.722183383270833,0.7185595853997927,4
1766226850502856102,6.687004435038446,2.587981034064246,0.7216598032599502,0.71845526279267,4
1766226850550638811,7.741472139501715,2.406201162541821,0.7229787321918107,0.71847352234542,4
1766226850579676566,7.700574980961328,2.705528729223313,0.7224540803925678,0.7183723630850486,4
1766226850601388033,6.9369503493167395,2.8989843020098673,0.7213367171728856,0.7182822877005492,4
1766226850679940788,6.943605271343634,2.801152278465649,0.7217381559818719,0.7185221521662626,4
1766226850701685267,6.990885940477809,2.880706277181255,0.7215895750971246,0.7184461700257511,4
1766226850779754692,8.330444880206844,2.735552813413329,0.7232101404767309,0.7185012688638254,4
1766226850802241288,7.661698130535632,2.93751380302097,0.7221330865673208,0.7183984226009815,4
1766226850880538541,7.474938748540549,2.575471916841939,0.7225081241047205,0.718465325396708,4
1766226850903286029,7.053317316806473,2.842027617160271,0.7216312777123582,0.7183818541508386,4
1766226850951351380,7.8140911664008605,2.638977461912557,0.7227017337620116,0.718457627886129,4
1766226850979764740,7.912546126969233,2.5787873258411294,0.7229554591480447,0.7184900822057962,4
1766226851004260918,7.228095797386036,2.604875813433974,0.7221147660172922,0.7184167933845543,4
1766226851050549596,5.318077689717704,2.689892694449067,0.7220204476532727,0.7184750698945688,4
1766226851080609263,8.026232021102864,2.5933281986881664,0.7229608991245295,0.718375530847639,4
1766226851103323458,7.3827935595002225,2.8540311750648883,0.72193458187068,0.7183684791644919,4
1766226851150523772,7.598021431504121,2.51583314376499,0.7227793615393694,0.7185543590759675,4
1766226851179670962,6.524843212912579,2.8546362601124926,0.7213738975605807,0.7186111899963382,4
1766226851202403221,6.588219182002142,2.7331765141599123,0.7214407164552843,0.7185171669505014,4
1766226851250440189,7.37633694349793,2.4958446922250803,0.7225032571652913,0.7184926054407036,4
1766226851284281032,6.823380480256991,2.8126719176583865,0.7215929180971598,0.7185038254972823,4
1766226851303204643,6.706348174312482,2.7503586010043755,0.7214187462165479,0.7184041393845413,4
1766226851351827854,7.810036625309547,2.5968648905678755,0.7228839796914504,0.718551962478861,4
1766226851405549079,8.267057513553722,2.6990811024315304,0.7230252837909544,0.7184061032833277,4
1766226851550666357,5.343408421201179,2.848162682548153,0.7219392912257031,0.7184159540926137,4
1766226851579769004,7.443875683952217,2.5331628624780977,0.72255991078136,0.7185268860567183,4
1766226851603161715,6.725137899763922,2.6964130234061265,0.7215158609516453,0.7184168074685309,4
1766226851751446784,7.490940416268299,2.3615964805588443,0.7228114727327615,0.7185141221232456,4
1766226851802122999,6.658823241281975,2.819624581827625,0.7213203074743009,0.7184126107151617,4
1766226851880603677,7.44304185103184,2.285159162480914,0.72281897023481,0.7184706000629902,4
1766226851903260163,7.081160955066168,2.452970888700737,0.7220657231017328,0.7183529941962217,4
1766226851951768899,7.897646706717554,2.4479195020880646,0.7230726684001751,0.7184515381794417,4
1766226851983205909,8.103899609756438,2.7275054755462746,0.7228460674131287,0.7184138170651584,4
1766226852003193272,7.245895403562463,2.8493113320677246,0.7217649533543108,0.7183395191558546,4
1766226852079580290,7.770009591484328,2.4675364315105046,0.7228949250236825,0.7184472478547148,4
1766226852153372365,8.090631461823317,2.7811153957128543,0.7228421297629696,0.7184334899501826,4
1766226852204555814,7.160899876577309,2.9733966383796644,0.72154760019021,0.7183763992235858,4
1766226852284977966,7.751077429047348,2.552117993696049,0.7227657662861005,0.7184443811488072,4
1766226852380344611,8.025302784612443,2.5148345904466374,0.7233087923116224,0.7185960855169921,4
1766226852450446622,7.423200686162645,2.237723396519343,0.7228755586164503,0.7185106896353165,4
1766226852580015349,6.789312955958748,2.789792847530039,0.7215933731587652,0.7185028450078845,4
1766226852650840481,7.771901770511125,2.4388617618057506,0.7230739818230727,0.7185918088674283,4
1766226852703185025,7.09446817981485,2.7527365313884244,0.7217785052934219,0.7183852056523686,4
1766226852779658566,6.9873853022628385,2.762050792223584,0.721850677050927,0.718533667806371,4
1766226852803762826,7.745470983283043,2.543065083285297,0.7228816430537063,0.718533667806371,4
1766226852880462403,7.165537887110163,2.3976915846693303,0.7224983560602908,0.7185816214507029,4
1766226852903911661,6.846580468006569,2.751362179997299,0.7216036554230745,0.7184505942339005,4
1766226852950499822,7.886110974059446,2.4394630899118983,0.7231332510033639,0.7185012093961215,4
1766226852979845676,8.05850343043646,2.4403816122869992,0.7233609201515689,0.7185538981549363,4
1766226853002560252,6.943334480069563,2.644040686749446,0.721865112565172,0.7185008085820669,4
1766226853150471777,7.693731343808463,2.425787642069167,0.7229340433001267,0.7184550112136397,4
1766226853202731732,7.360929959445595,2.6152072165868607,0.7221932060612911,0.7183910614585217,4
1766226853250495115,7.059049280256691,2.5357042623564934,0.7222559177256783,0.7186063112017136,4
1766226853304033005,7.05872695364318,2.62949351825691,0.7219151466026781,0.7184138233295181,4
1766226853350464041,7.505056841771163,2.7134714486430465,0.7222515481287186,0.7184016911781259,4
1766226853402810769,7.162882546756344,2.6599463361941877,0.7220419125665657,0.7184576339481816,4
1766226853450437685,7.7597668358744265,2.552240610509724,0.72294552534433,0.7185996728925247,4
1766226853480413034,7.223787793492531,2.848712414003358,0.7219536754254571,0.7185131746429796,4
1766226853502979660,6.581018678236572,2.686933362285128,0.7214853566174678,0.718517219441477,4
1766226853550616796,7.892152019703391,2.492270904694883,0.7231278721969964,0.7185685179142343,4
1766226853580109557,7.748320343108905,2.506421741626932,0.7228469171242194,0.7184595819727392,4
1766226853602602625,7.073942359265506,2.758745949528247,0.7217607867626663,0.7183876248458289,4
1766226853650439616,7.853481285787556,2.485844438438356,0.7229757562891274,0.7184163249933952,4
1766226853703859805,7.3022014721326745,2.823628445757312,0.721907942178259,0.7184090225737065,4
1766226853780117890,6.586190451142393,2.7937547416620747,0.7213896207114173,0.7184918558474773,4
1766226853881798938,7.597386359527225,2.6156220701555704,0.7226619915149377,0.7185672093818473,4
1766226853950464585,7.716494359223391,2.528922623525467,0.7228118606940346,0.7184778427767142,4
1766226853979646912,7.153806312746536,2.7896350920444273,0.7217888275661246,0.7183546692531296,4
1766226854003185016,7.429199625627936,2.754777732700237,0.7220141964428586,0.7183075345035311,4
1766226854080928607,6.689625446855696,2.7483095223014535,0.7215677074550778,0.7185162750319564,4
1766226854150652927,7.920744613589492,2.5438012042614737,0.7229098331636669,0.7183954869229485,4
1766226854181284621,7.423647380552123,2.5580355218766058,0.7224569863718953,0.718466800703131,4
1766226854202908704,6.978508763746283,2.7802980457803472,0.7216534261529749,0.7184106120235627,4
1766226854250466741,7.875393615051962,2.5054845095692437,0.7229360947999037,0.7184166790584243,4
1766226854280672413,7.750358289975168,2.53500365653491,0.7227971683630903,0.7184397605844319,4
1766226854303873223,6.964203669535873,2.777560770437731,0.7216186477570194,0.7183761787092521,4
1766226854350879812,7.88088217105487,2.474064281610052,0.7230415566591863,0.7184505971215196,4
1766226854380810015,4.943664143727156,2.8051401867765065,0.7216933954954928,0.7185140020342103,4
1766226854450562458,8.46458792648519,2.7369731711472824,0.7233683072204691,0.7185422268724485,4
1766226854481752683,7.680033779363993,2.6525446250715743,0.7226934892669733,0.7185832352646007,4
1766226854503893098,7.193928645882308,2.8286682812676385,0.7218502257856441,0.7184821458873585,4
1766226854550578392,7.572290189786113,2.733473777989346,0.7224613897328045,0.7185266186336061,4
1766226854652297861,5.50078661231157,2.742076361448447,0.7221394716477818,0.7184731590203401,4
1766226854681384468,7.231957895109775,2.1178535087202865,0.7228601585536991,0.7185374870180277,4
1766226854702895197,7.027004189091746,2.6646305240639276,0.7219018181567008,0.718500528207524,4
1766226854750534917,7.725982260816666,2.669024550559722,0.722650351515721,0.7184803878840765,4
1766226854781974652,7.508718758946986,2.303726444874617,0.7228555010536893,0.7184705868412649,4
1766226854800455831,7.540835540251534,2.2690553503159414,0.7228555010536893,0.7184376380703451,4
1766226854850463166,7.6659020962988045,2.4049301688175935,0.7228159169029297,0.7183989662397887,4
1766226854903525431,6.996657872818779,2.8781464539171324,0.7214748066345713,0.718343415915872,4
1766226854950484560,7.129696660391427,2.5095984489699226,0.7224278122298704,0.7186716256207721,4
1766226854980861685,7.775863056061039,2.439091877170924,0.7229425640265149,0.71845463895216,4
1766226855050472752,7.844389969526522,2.801680883345066,0.7226247437246863,0.7185141077129749,4
1766226855083487760,7.7073870158949065,2.478609440930149,0.7227508603558109,0.7183848644995139,4
1766226855103147036,6.753405530741441,2.804846567714905,0.7213689542416822,0.7183714069046895,4
1766226855150444422,7.861579125402418,2.8353513472444862,0.7226322919363845,0.7185555147380042,4
1766226855184545354,7.651088056760513,2.5396276792616104,0.7227668565345852,0.7185183355021871,4
1766226855203558574,6.6919472001854,2.819603498423097,0.7214318477699294,0.7184957212720202,4
1766226855250768065,7.7131810414200475,2.750825426486772,0.7225990197363945,0.7185496674302163,4
1766226855281329125,7.1791881072118535,2.447336638931652,0.7222674898155645,0.7183973648747811,4
1766226855303974751,6.397358525295327,2.6767247392195337,0.7211516317232994,0.7183656335019791,4
1766226855381631167,6.996344346569705,2.3132046999650338,0.7224342465853494,0.7185691580597701,4
1766226855381631167,6.7239043331829285,2.6304194598224724,0.7216667628659313,0.7184901893716271,4
1766226855452323078,7.895889733540162,2.575644024171427,0.7228375994396354,0.7183837819962938,4
1766226855582339527,7.453172973581945,2.388167148947378,0.7227512088574217,0.7185063685413414,4
1766226855604707530,6.742112208471873,2.5487421628328866,0.7216836547951352,0.7184089499041313,4
1766226855651960953,5.650865736532729,2.4513254908220024,0.7224034672688138,0.7185132885100893,4
1766226855678815619,5.758615837088588,2.445883865224063,0.7224034672688138,0.7184063395539021,4
1766226855750642265,5.1664162525829616,2.6827866273086705,0.7218959929896492,0.7184745977897499,4
1766226855780899244,5.148616444513476,2.6681937227213592,0.7218959929896492,0.7184915195444617,4
1766226855850461509,7.836683827495472,2.6032141792049632,0.7228400081789366,0.7184774078704974,4
1766226855881335258,7.32546124435518,2.8604359907889907,0.7219801883811671,0.7184537424958904,4
1766226855903838345,7.270967338504852,2.682513432262265,0.7220292245283823,0.7183659033713714,4
1766226856083127037,7.496752189046441,2.617382227711807,0.7225626918894578,0.7185493712400969,4
1766226856104041975,7.002516962591909,2.8725856366776426,0.721615667018843,0.7184527076208708,4
1766226856150775620,6.832790033705738,2.8314834902790103,0.7214472054642932,0.7184154849739726,4
1766226856183075403,7.858812672429272,2.5708428536053884,0.7227911772506491,0.7183866547499673,4
1766226856205026752,7.297253746344712,2.8542452022290288,0.7217765452793706,0.718335076646307,4
1766226856250577741,7.742304375965237,2.740569485223912,0.7225634689578606,0.7184777407629376,4
1766226856304232581,6.868653315430073,2.7450144048679963,0.7216020919445728,0.7184248373731175,4
1766226856350478618,5.335102152737026,2.7364250132642534,0.7220331054260243,0.7184890686320169,4
1766226856375459899,7.110104352459068,2.7032448398382347,0.7218584595108115,0.7184149302227854,4
1766226856400450948,8.008757779387476,2.6125620134809893,0.7229483589929966,0.7184460728125939,4
1766226856675466741,6.836501198930978,2.6987807344211685,0.7216690531300016,0.7184727963650018,4
1766226856750863265,7.550608674399606,2.35383662843235,0.7228465578216661,0.7184867706195677,4
1766226856775452879,7.174844827129934,2.67460447978467,0.7219888359152896,0.718440123835114,4
1766226856801280913,6.583227172582307,2.890990094012856,0.7211517856612751,0.7184069654708998,4
1766226856881668649,7.211063283142138,2.8590915395345218,0.7219386250153719,0.7185462810614158,4
1766226856907495431,7.2455025150180985,2.6872504859898596,0.7220794937731404,0.7184843944814802,4
1766226856951187562,7.492496226567225,2.5559858089136505,0.7225427608534833,0.718478503401472,4
1766226857000481565,7.156059134740267,2.6738567161162496,0.7218726488186206,0.718332628267239,4
1766226857084950682,7.583355485299981,2.3416869138209773,0.723067894269968,0.7186059538628352,4
1766226857150550921,5.163799590160001,2.9016594589735303,0.7218210456551782,0.7185115302217344,4
1766226857185687632,7.503513870575462,2.5707077567887207,0.7225317527706397,0.7184867501077944,4
1766226857205582781,7.136023547751114,2.803341729844776,0.7217865685541954,0.7184178930317525,4
1766226857250943312,7.278165425969152,2.4991292552381816,0.7224074817477903,0.7184912041678299,4
1766226857281800019,7.3375079140389765,2.5057017757944737,0.7225298880267096,0.7185687971959451,4
1766226857350496565,5.3774721731596475,2.4662999457669246,0.722206778305646,0.7185494192278148,4
1766226857383736066,5.131366278504967,2.8793199432629275,0.7217563641474645,0.7184633243777943,4
1766226857450468255,7.695968765878636,2.7762587782743973,0.7225661359407459,0.7185500182976269,4
1766226857482144514,7.813703571368236,2.7485693510952576,0.7225957704543886,0.7184435308288323,4
1766226857504790460,7.279789366894551,2.877532199183428,0.7218034096511469,0.7183890298788,4
1766226857582525865,7.527550306892117,2.4107478956469994,0.7228236355117906,0.7185387024612513,4
1766226857604547145,7.117193894293106,2.7270480125346137,0.7218971605388905,0.7184507318461923,4
1766226857683102693,7.62745525177444,2.571659130969743,0.7226412653042912,0.7184544433399221,4
1766226857704925921,7.083135902671289,2.8252865864683,0.7216712966032199,0.718386694210191,4
1766226857751135129,7.016496795551275,2.2883083236488395,0.722453122139689,0.718543850269111,4
1766226857800459138,7.0264412307645685,2.6262660477640596,0.7218372742713994,0.7183821296690464,4
1766226857900543801,7.447748965700218,2.8123393105629204,0.7219388291151149,0.7183056595954237,4
1766226857950620286,5.53177535911209,2.686931326785671,0.7221973773986016,0.718440471681627,4
1766226857975455933,7.211759349761149,2.791643362208962,0.7218379669706156,0.7183986580993499,4
1766226858004675669,7.081174228073195,2.8017794408567833,0.7217834118675758,0.7184822734431912,4
1766226858050509842,8.112925355093449,2.805412491018604,0.7227874211914813,0.7183944526910412,4
1766226858104553903,6.476500173833499,2.778486121623345,0.7211672107754238,0.7184193937983205,4
1766226858150467194,7.597814171517725,2.73285280948457,0.7224554853170779,0.7185001632539786,4
1766226858175458694,6.74774171602377,2.9264560898469587,0.7212867530276694,0.7184400837697389,4
1766226858200476403,6.247234132278789,2.8014641641185225,0.7209260439762509,0.7183984380263414,4
1766226858250483227,7.443950190338611,2.2889818936381516,0.7227999239465276,0.7184735860852933,4
1766226858304371466,7.017590616408387,2.7824154270585333,0.7216048123739259,0.718326965806659,4
1766226858382325963,6.85113103031687,2.7789125234226604,0.7215416853527362,0.7183976126396109,4
1766226858400504512,7.182156179889265,2.781088391281385,0.7217216326749798,0.7183078590951171,4
1766226858450470760,6.956895627139192,2.595788469335523,0.722016944715473,0.7185440628921841,4
1766226858475428987,6.735837384099441,2.8546435673145374,0.7213582045397359,0.7184464474136442,4
1766226858582538318,5.949678190899865,2.7053720148855676,0.7225033260557059,0.7184844551526492,4
1766226858682546547,7.208157309097185,2.6063941903492345,0.7221647451047143,0.7184503874902326,4
1766226858750533968,5.362767795780599,2.8365015136483596,0.7219624710162381,0.7184831289944341,4
1766226858775463781,6.923688429516295,2.6689523070606063,0.7217289155604885,0.7183928879900728,4
1766226858800464929,7.281288820492837,2.9724181366307283,0.7217684134227993,0.7184479839647999,4
1766226858850999727,7.129481440623864,2.702987059878692,0.7220366817542924,0.7185244990476173,4
1766226858900481864,7.277436139336957,2.725333240930701,0.7219724458878962,0.7183823876553458,4
1766226858950499769,6.711565525761576,2.87534076487332,0.7213584132458308,0.7184635754924947,4
1766226858975472073,7.095901992629883,2.6944859106016117,0.7219135069392822,0.7184564083663284,4
1766226859004772271,6.959273599776994,2.8242307415526855,0.7215836184615483,0.7184442803237597,4
1766226859075459201,6.907685018088361,2.7330287395388058,0.7216740353970186,0.7184260321845282,4
1766226859104726057,6.920037597508921,2.7319723833595537,0.7216046534652744,0.7183499221590904,4
1766226859150561982,7.95557949581549,2.52204184945165,0.7230464735819936,0.7184982503701673,4
1766226859175462931,7.0818457410840585,2.7456486460494114,0.7218474062765654,0.7184708752742605,4
1766226859200474158,6.916008307418453,2.77938624749721,0.721545910185228,0.7183616655174877,4
1766226859251933476,7.003761708949563,2.9855269419375237,0.721593754918474,0.718536380262702,4
1766226859275475588,6.814186190804317,2.743300632169728,0.7216198383915837,0.7184825741836778,4
1766226859350693415,8.011945593334291,2.529260871975703,0.7231185791200305,0.7184789862303421,4
1766226859375461765,7.034565281483052,2.7822542822288368,0.721718770747076,0.7184232777471692,4
1766226859400471799,6.837005624988124,2.847147744535962,0.7214665361809345,0.718443732751478,4
1766226859475465294,7.1822040541069665,2.934973853462879,0.7215535270774264,0.7183244441297704,4
1766226859500470209,6.632054814491695,2.7481586307293875,0.7213297974367159,0.7184142298174023,4
1766226859575469435,7.232082635561299,2.9428013807868765,0.7216826111153145,0.7184173049859436,4
1766226859675461262,7.181556372575337,2.8223006426755037,0.7218498605283945,0.7184726720163542,4
1766226859700491384,7.027744283275572,2.7786200706339286,0.7216102858795956,0.7183565654461125,4
1766226859750496716,6.4501974388041505,2.8209209183269706,0.7211872860216664,0.7184523372020873,4
1766226859850925195,8.070688631071965,2.610820884572498,0.7231018729589174,0.7184963216158811,4
1766226859875464193,7.035017089955242,2.818414404580627,0.7216735920171362,0.7184206914512392,4
1766226859900710913,6.7809699207904695,2.764643696556063,0.7214744726137707,0.7184155516408649,4
1766226860050556396,7.534583791703131,2.595091457900237,0.7225268964893682,0.7184800209887782,4
1766226860075465130,6.634250310698753,2.879041653083572,0.7211715444508237,0.7183776287444774,4
1766226860100469224,6.967159538284973,2.776955289067982,0.7216062383503846,0.7183919396046412,4
1766226860250875752,7.955128298069991,2.5689762749218357,0.7230080609515751,0.7184739430817558,4
1766226860350575400,6.805535773152349,2.867502098234122,0.7215344616150215,0.7185407578675828,4
1766226860375468534,7.262813232023713,2.916315162883559,0.7217761233481735,0.7184430505276039,4
1766226860400467238,7.052352378389859,2.76936583026176,0.7216837453307627,0.7183441351304329,4
1766226860450691952,7.742340791965674,2.46778847816973,0.722949150012335,0.7185131665363288,4
1766226860475472464,7.165692866841877,2.710594878307804,0.7219544937949564,0.7184604712842465,4
1766226860550512557,7.421592538824573,2.697475260881573,0.7223360883734784,0.7185341163057338,4
1766226860650612557,8.133206671585235,2.5381512285329157,0.7232135773917652,0.7184419227909873,4
1766226860675481466,7.202637042462601,2.723082500904858,0.7218629522985929,0.7183271034391813,4
1766226860700486602,7.260160524557802,2.9478884401442613,0.7217505487169653,0.7184584382178252,4
1766226860750586020,4.8374337951601065,2.672316216833424,0.7217101085780167,0.7185338796104097,4
1766226860900480145,6.619229456978459,2.8369819590098015,0.7212287247365099,0.7184044480687167,4
1766226860975482967,6.96347121157781,2.753524158415884,0.7216803025776833,0.7184265765624712,4
1766226861000483223,7.546495843294032,2.8430200301463193,0.7219856989697938,0.718293384238443,4
1766226861075478401,6.650797754307547,2.8423914685616722,0.721233061331299,0.7183656682581837,4
1766226861100478927,7.012606043766301,2.710409835240002,0.7217858694631165,0.7184361411286396,4
1766226861150599185,7.670318050584157,2.550659377809298,0.722669188699018,0.7184128980700426,4
1766226861175477301,6.548178389718884,2.8911611710485117,0.7210269717688039,0.7183347755631383,4
1766226861200483559,7.013177778133706,2.8633027197321943,0.7216524908916836,0.7184662146589296,4
1766226861275477795,6.968637371729258,2.834108428211507,0.721570190498132,0.7183902906182615,4
1766226861300486567,6.941388055396569,2.743937682745131,0.721637269109612,0.71838811590555,4
1766226861351082169,5.704695542423144,2.514880762352556,0.7224166461119558,0.7184462941527966,4
1766226861375491483,7.429397996890907,2.6295610237445914,0.722226934174242,0.7183571387745559,4
1766226861450590816,6.728376256470603,2.710331008371024,0.7216477479406607,0.7185248640022609,4
1766226861500519553,7.36389379308966,2.9839579362658872,0.7218483128449958,0.7184861838095145,4
1766226861553298634,4.980567642722034,2.795164164431751,0.721703099306959,0.718461965992233,4
1766226861575492018,6.8681906499056256,2.88289614852511,0.7213928989566203,0.7183582196606455,4
1766226861600497685,6.78915297157523,2.815470800525692,0.7214200930511483,0.7184222218401541,4
1766226861676798269,7.051234761883074,2.7767465646683704,0.7216292213267392,0.7183225270361152,4
1766226861700495834,7.511724374369866,2.5012129933537803,0.722620420507701,0.7185087061911708,4
1766226861775497764,7.213730496586357,2.8350846559346063,0.7217628084988834,0.7183620894738956,4
1766226861800486879,6.866566067354252,2.8332186189473587,0.7214913213838696,0.7184267013553548,4
1766226861850622335,7.832536775865928,2.6166143047680723,0.7228279780989018,0.7184804535424457,4
1766226861952793744,7.753630231388531,2.6392867465521075,0.7226481790673595,0.7184361361424964,4
1766226861975489233,6.808465813952225,2.9659922101485368,0.7212741986477237,0.7184150184836582,4
1766226862075493864,7.0827361760383845,2.8627254866994494,0.7215031413043209,0.7182880498221534,4
1766226862150822699,7.100968910878858,2.915106590610697,0.7216396378459957,0.7184142247523684,4
1766226862200486838,7.1913481179204375,2.973410861354399,0.7216073737532228,0.7183944609745117,4
1766226862275494289,7.150232315151328,2.715754645656198,0.7218788011312657,0.7184017778633098,4
1766226862400498184,7.933843917296124,2.5843596429433275,0.7228919115299057,0.7184206790461977,4
1766226862475484515,6.876083078541151,2.6832184737599607,0.721643675982913,0.7183814601065267,4
1766226862500530046,6.926827673713554,2.5663524177597723,0.7219949839742236,0.7185387565380789,4
1766226862550541138,8.008080083140579,2.6663331775463197,0.7229544756614612,0.7184755530631832,4
1766226862600490183,6.67669016096839,2.5614879778389024,0.7217621704974406,0.7185444296220285,4
1766226862650968905,6.882853430847158,2.7860272439455596,0.7216683525861303,0.7184877032476699,4
1766226862700988764,7.5986639628156105,2.400204732703759,0.7226298068160865,0.7183258879475879,4
1766226862751607319,5.367558594536748,2.3762770592756155,0.7221712520056738,0.7184288696709847,4
1766226862775490403,6.8764573453531375,2.7055530611630365,0.7216552723178479,0.718435643438928,4
1766226862800490458,6.939293661319401,2.6894964527268357,0.7217181652744287,0.7183833639716708,4
1766226862851135483,7.700542036117364,2.493586799765311,0.7227891133935271,0.7184398877785639,4
1766226862875485395,6.974724480282246,2.732160964725861,0.7216311045197519,0.7183397250795067,4
1766226862951166644,5.159467725574962,2.4881243154590083,0.7219533484914453,0.7184065107311313,4
1766226863051321097,6.7991052531181095,2.6378331667020323,0.7216295725475522,0.7183570801178956,4
1766226863075502983,6.800768804155588,2.8663677137356074,0.7212468411486992,0.7182800773577297,4
1766226863100504672,6.832089187385204,2.7416072350432645,0.7215385740498951,0.7184041607492758,4
1766226863153806496,6.926571638520729,2.8476413992541887,0.7216623277538518,0.7185191510579704,4
1766226863175496082,6.864734994928123,2.692956694323607,0.7216727107191329,0.7184401581449231,4
1766226863200519421,6.561029657443873,2.5585630593783417,0.7215017683616017,0.7183967612314451,4
1766226863251522590,7.824774019074665,2.559420997228836,0.7229385540494125,0.7185412886768592,4
1766226863275494100,6.681259049704069,2.72128159038444,0.7215121460335913,0.7184653184120823,4
1766226863375494202,6.6940380679760825,2.708521004213277,0.7214047911764262,0.7183299592369988,4
1766226863400519936,6.85842973355999,2.6221353331991133,0.7217378524367559,0.7184222549366793,4
1766226863475494916,6.964198468033533,2.821346553634069,0.7215623153471977,0.7183748178293206,4
1766226863551542664,7.36173188867173,2.8737004811810385,0.7219984309569594,0.7184622566826616,4
1766226863675492946,7.007473119991836,2.7116899906115863,0.7218514959407073,0.7185028691554821,4
1766226863700520103,6.46072042617285,2.7695191135526027,0.7211703917817972,0.7184203129014397,4
1766226863854114920,7.831943861895341,2.475762819108594,0.7230030692655598,0.7184715018335239,4
1766226863875503881,7.030367684756955,2.8381853852882712,0.7216222666756718,0.7184227875700807,4
1766226863951860260,5.387997987983062,2.899000083034163,0.7219095013148497,0.7184092433021704,4
1766226863975502610,6.787413414373944,2.6160790885580893,0.7215680819662762,0.7183080516610761,4
1766226864000513837,6.511955317809237,2.5915891376394673,0.7213955222990455,0.7183794099713587,4
1766226864054153868,7.699746267255669,2.529925109694479,0.7228409744377101,0.7185357503359925,4
1766226864075649388,7.14306779267071,2.784662077164907,0.7218411018582405,0.718473029017714,4
1766226864100714857,7.317280309370289,2.8366615748215858,0.7219585337835697,0.7184406449349598,4
1766226864154476166,7.8574451973963955,2.6068294796452185,0.7228761075736462,0.7184745485164604,4
1766226864175500590,7.0827850293041505,2.8745935695578995,0.7216456316743486,0.7184116708035159,4
1766226864275510871,6.930841531358367,2.735278964527324,0.721576923115743,0.7183430343764818,4
1766226864300837542,7.513928706079254,2.7379743647999715,0.7223955617689404,0.7185140287516284,4
1766226864353282303,5.892283238813634,2.5299528252098757,0.7225051476092372,0.7184733583637783,4
1766226864376397011,6.010515002875971,2.4987643519899283,0.7225051476092372,0.7183532738870685,4
1766226864400503124,7.24944643394887,2.8059947073298632,0.7217829112896228,0.7183256262540354,4
1766226864452574663,7.077219874422003,2.7475252160292376,0.7219207491464392,0.7184922006271904,4
1766226864500552429,7.011404069090177,2.7908632794048667,0.7216094951500701,0.7183626369392188,4
1766226864551212933,7.920371785618441,2.6501779083180916,0.7228438899658871,0.7184637399257746,4
1766226864600497297,6.964209378689801,2.810616483912777,0.7216127064406916,0.7184472626893663,4
1766226864651963096,7.552807261778649,2.594974680547795,0.7226422245648263,0.7185476091757441,4
1766226864675741943,6.88030150906116,2.815562245829368,0.7215534944979192,0.71844135989592,4
1766226864775504458,7.153310752696651,2.880019596106749,0.7216395832925253,0.7183668870400444,4
1766226864800505706,7.132160344367144,2.918955407613608,0.7215717802870056,0.7183822224464075,4
1766226864876208655,6.806663384816947,2.7313167238272404,0.7215023686877047,0.7183849083672103,4
1766226864900509726,7.157936616080995,2.7054967511792682,0.7219138601315348,0.7184349555977719,4
1766226865000502083,6.784309610631367,2.6387416870448943,0.7216235144510298,0.7184113549580451,4
1766226865051183246,8.061668884824623,2.54758744123477,0.7231057731922904,0.7184618783689605,4
1766226865151900447,5.110321982297661,2.754623435631914,0.7217198964340849,0.718414429598927,4
1766226865175507762,6.945838783354863,2.7764573724523163,0.7215367462006707,0.7183552424807266,4
1766226865200506094,7.249026704833406,2.7536753114144856,0.721947090987548,0.7184093803345851,4
1766226865275512492,6.7812868738206245,2.7769103324579927,0.721568758852292,0.7185021411156486,4
1766226865381666234,6.6612658827526205,2.7963436969313245,0.721314389275188,0.7183919499600051,4
1766226865381666234,5.320454871585278,2.687207097530534,0.7219755411852896,0.7184462096172476,4
1766226865436540878,7.412850558772499,2.5738450293293895,0.722465953485615,0.7184977625657276,4
1766226865552825464,6.973747396986973,2.9701908526271676,0.7212751226949982,0.7182858637198914,4
1766226865651862754,6.954417339495977,2.7701728316579333,0.7216738637269083,0.7183907374016167,4
1766226865700514328,6.641245632057924,2.670688564983548,0.7214015990160133,0.7183686228127798,4
1766226865752640139,7.782295311869469,2.701757984149348,0.7226824668294735,0.7185300819787482,4
1766226865775506389,6.897908126843211,2.834538959630991,0.7215266911364129,0.7184620489005933,4
1766226865851431666,7.443286984940123,2.7050350582198495,0.7223219748039784,0.7184947021266878,4
1766226865875507402,6.68489471585576,2.863417805539178,0.7213043887106267,0.7184517011941453,4
1766226865900519701,6.5600281034335906,2.860851564643677,0.7212214894690693,0.7184775423263521,4
1766226865952125564,7.36043582362389,2.571546057003117,0.7223749168811056,0.7184774910411601,4
1766226865975506803,7.36043582362389,2.571546057003117,0.7223749168811056,0.7184774910411601,4
1766226866000522818,7.512822459604385,2.3667826035380655,0.7228340825245312,0.7184908071428163,4
1766226866054219255,4.611078588732109,2.8819157972014,0.721406811730632,0.7184965227957666,4
1766226866075507075,4.611078588732109,2.8819157972014,0.721406811730632,0.7184965227957666,4
1766226866252110490,5.380943801210902,2.59332518188149,0.7221417446433014,0.7184725218973177,4
1766226866300517894,6.621472619391389,2.711793713615028,0.7212780287696141,0.7183182991731698,4
1766226866375508963,6.8218467498368796,2.716209877958314,0.7216394298770212,0.7184732106773589,4
1766226866400511443,7.236139287988719,2.856432139219112,0.7217308730983816,0.7183415163508267,4
1766226866475516559,6.933040398909851,2.698065793853334,0.7216669724051896,0.718376287591839,4
1766226866500514200,7.043991800114724,2.8686838082193464,0.7216402822046336,0.7184544400416086,4
1766226866553235351,7.592522149569292,2.661380883071054,0.7224594556690904,0.7184493552254864,4
1766226866575519566,6.794526845818161,2.815485042348626,0.7213558367651131,0.7183488190626365,4
1766226866600523689,6.563768831870376,2.8221730209373384,0.7212331914502916,0.7184532493575092,4
1766226866653966669,6.66150807922683,2.637314015704263,0.7216019518170694,0.7184599855089061,4
1766226866700535022,6.549500591408686,2.8313612004241873,0.721248208833455,0.718491807552097,4
1766226866775510401,7.000357111237032,2.7519447257110965,0.7217012223124026,0.7184005404099071,4
1766226866800512861,6.997212283257781,2.656761071430809,0.7218682623275465,0.718481519286124,4
1766226866875698918,7.172000011378632,2.9894011994143486,0.7215459422490444,0.7183885857079269,4
1766226866954805481,7.7502469806111085,2.543466242083089,0.7229153377808484,0.7185582808370623,4
1766226866975647112,7.170454950349736,2.8436173129089455,0.721819173660881,0.7184753930243847,4
1766226867000518114,6.958265257081098,2.7511528608656843,0.7216937085843204,0.7184431056433465,4
1766226867075528680,7.0177626687936145,2.813702651683487,0.721564823052923,0.7183537533882823,4
1766226867100524748,6.878192604606315,3.0470433293249743,0.7212505684334269,0.7184235085582364,4
1766226867152292074,6.477529344213417,2.885675752451191,0.7212285644347061,0.7185348858910418,4
1766226867200513548,7.304584375847023,2.92231004659716,0.7217315182136144,0.7183496678224691,4
1766226867275511871,6.51318044412541,2.915436469216076,0.7211259648602212,0.718495930793002,4
1766226867353332775,6.851298252290694,2.9273303996228046,0.7214600763209504,0.7184847473643264,4
1766226867375561225,7.051069055180048,2.889827441704258,0.7215780104127827,0.718404536880879,4
1766226867576223895,6.790979314021617,2.8082639839886157,0.7214546749489676,0.7184172453392815,4
1766226867675589913,7.246159920528461,2.9021498474049032,0.7217354323452022,0.7184036584940462,4
1766226867700784675,7.033668018051054,2.7577584726997637,0.7217062403550046,0.7183850381429788,4
1766226867755882689,8.006935832874817,2.5822952721019745,0.722986397578652,0.7184487003539911,4
1766226867800521992,7.1021703392314395,2.8583234944472355,0.7216798901525856,0.7184190702727336,4
1766226867875701746,7.039720788669102,2.7619645819747882,0.7217320432899834,0.7183949149998967,4
1766226867900549675,5.01024790750737,2.8404381319832597,0.7217875804034981,0.718578925263123,4
1766226867953358932,7.0536754431392845,2.612224669053065,0.7220910665550545,0.7185600452997543,4
1766226867987509507,6.576459908883225,2.817968564297466,0.7212934922038802,0.7185033365144314,4
1766226868055740074,4.561015580633709,2.8715586851480497,0.7214282321046663,0.7185236742498358,4
1766226868100523759,7.3163834307443665,2.721543953618349,0.7219663065495324,0.7183619471904047,4
1766226868154337446,7.432673817283408,2.4081010976062505,0.7226221497501287,0.7184405830868074,4
1766226868175632409,6.81773463583335,2.720555584545646,0.7215401558263342,0.7183745732847554,4
1766226868200520003,6.622122366265137,2.5697071377466987,0.7215459712502218,0.7183730579769391,4
1766226868253400915,7.391716423481243,2.384877118564112,0.7225660482356324,0.718412053481251,4
1766226868275685330,6.7738133494731345,2.698913138240047,0.7215265014505979,0.7183762642486243,4
1766226868354847307,7.291537146519533,2.9462930443251483,0.7218255807459749,0.718443946719979,4
1766226868375823661,7.40798932213127,2.837492905529704,0.7219920581846885,0.7183914594626845,4
1766226868453616112,5.207225671506999,2.7477857178453626,0.7219034683662888,0.7184808697434427,4
1766226868475942936,7.069936615951566,2.586466000175049,0.7220466110776206,0.7184835954550798,4
1766226868500532389,7.311498667543437,2.238919970297279,0.7227634727891323,0.7185057611279618,4
1766226868554244595,4.685625378884173,2.8143504625446045,0.7214612921128707,0.7185051442888869,4
1766226868600528783,5.396516999379042,2.906480832408052,0.7219869349143416,0.7184776237284917,4
1766226868653845445,8.035919112739375,2.5549906446042097,0.7231172149624099,0.718482701679353,4
1766226868678094447,7.276414918835128,2.899966697580322,0.7217843647627089,0.7184033681709814,4
1766226868700541268,8.0428995898163,2.5368773586007767,0.7231294979022437,0.7184541095199207,4
1766226868753426598,6.963932611666279,2.7471675311402146,0.7217584601096954,0.7184586319411118,4
1766226868776112128,7.2557422049503995,2.8223190215647604,0.7218112527680886,0.7183566992208555,4
1766226868800544806,7.777629142136977,2.4931801937813,0.7228325987442193,0.718404849891134,4
1766226868855664020,7.613998370660902,2.2566759090559496,0.7230379598840447,0.7185048597224429,4
1766226868876021809,7.051976907007207,2.625413550088167,0.7219900426878288,0.7185103308100608,4
1766226868953454322,6.832543821594483,2.845998583016996,0.7214382577700356,0.7183763790186856,4
1766226869000550569,6.597054681306225,2.5175080545313246,0.7215900917247199,0.7184105343825604,4
1766226869058619944,7.657308998654022,2.7884435628499364,0.722292831309229,0.7183864533612319,4
1766226869100541332,6.80276977462646,2.7501137759878835,0.7215439275866957,0.7184242931381442,4
1766226869153978942,5.581119998745221,2.347960535093013,0.722353519326532,0.7184615867018393,4
1766226869176346734,7.3474884792393835,2.6867289405188814,0.722096326722291,0.7184039509965868,4
1766226869200532266,7.249863251487132,2.978597092131437,0.721692436410851,0.7184513242004744,4
1766226869256974510,7.2740066301408834,2.5927955559664038,0.7221842812360423,0.7183868858821798,4
1766226869278490909,6.856100402009568,2.82235395688261,0.721412829133161,0.7183393085762579,4
1766226869476171917,7.369609976295544,2.8056888579654906,0.7219832169894802,0.7183860029966169,4
1766226869500543059,6.936508450279488,2.9121153403056037,0.7215216441310348,0.7184638274707285,4
1766226869560244265,7.686781267764897,2.6983078024620304,0.7225636901751605,0.7184900823647534,4
1766226869582117246,7.686781267764897,2.6983078024620304,0.7225636901751605,0.7184900823647534,4
1766226869655059209,5.146030605919116,2.7104939995547777,0.7218778487797336,0.718402115025462,4
1766226869677793320,7.213716586983221,2.9037098711836675,0.7216903056366611,0.7183666128683773,4
1766226869755957089,6.58157916208868,2.6302477534071285,0.7216609783365149,0.7186070646202971,4
1766226869777839939,6.896149494021064,2.6545078342742925,0.7217930658796993,0.7184928083821287,4
1766226869801299896,8.290115744590153,2.6399488878044157,0.7231401789555668,0.7184076084931278,4
1766226869854772822,7.666945216446175,2.561287188920361,0.7226669790583766,0.7184707526195723,4
1766226869877462670,7.2006466989338325,2.7766898123439994,0.7218009637356955,0.7183727521908135,4
1766226869955805526,7.5083892934735275,2.478674339868455,0.7226098884906174,0.7184398069491557,4
1766226869976906734,6.610823635632923,2.833231623165302,0.7212272528543778,0.7184100276612998,4
1766226870000545298,6.952445817348218,2.8934512792384743,0.7214119667015203,0.7183437820351107,4
1766226870054396766,8.047043148722178,2.6265262439173633,0.7229644215427303,0.7184240654830648,4
1766226870077718262,7.463999063590632,2.8204123080865524,0.7220032303892266,0.7183484029010927,4
1766226870155142740,6.5685199921243775,2.736472702149581,0.7213499618748669,0.7184302665545207,4
1766226870177333830,6.603846896968024,2.753673985197922,0.7213032162840973,0.7183942153695254,4
1766226870200601725,7.285479921106619,2.7052175965095233,0.7219937535041374,0.7183726178905884,4
1766226870256360382,6.938550046910241,2.769622219607143,0.7217536480108097,0.7185100616740228,4
1766226870276568039,6.967085823442409,2.6839875550260612,0.7217637577888265,0.7184361569572527,4
1766226870354841876,7.116002978562186,2.8924544890608543,0.7217390219860291,0.7184787493919864,4
1766226870377038585,6.730386391064269,2.866833936111373,0.7213045118343611,0.7184157299042978,4
1766226870400541704,7.264669592159212,2.838255497695799,0.7217753743956338,0.718339714772118,4
1766226870459483140,7.896000008389192,2.695473793927546,0.7227193429175511,0.7184338429543198,4
1766226870459483140,7.895862595380332,2.7127626587285563,0.7227193429175511,0.7184368325424263,4
1766226870500559698,5.439806914605105,2.779141505021294,0.7219832742088391,0.7184368325424263,4
1766226870600593813,7.5475810056179204,2.5279337161335653,0.7226812647250979,0.7185260552707724,4
1766226870676838992,7.158225875955271,2.6392231839673053,0.7219577200960556,0.7183897651016264,4
1766226870700687300,5.753660967972585,2.4214857769906906,0.7223838785133799,0.7183770481146957,4
1766226870776873207,6.793716788978332,2.7499261413354255,0.7215225200302549,0.7184304220458316,4
1766226870954644929,7.322400921129679,2.3301728566223936,0.7226449544201109,0.7184735571315229,4
1766226870977313287,6.464613086781923,2.647118662653596,0.7213625557810165,0.7184458555160066,4
1766226871000542690,6.913140870222767,2.8064128879622694,0.7215152323059306,0.7183574947420827,4
1766226871054767310,6.476532336566199,2.844169623731262,0.7212729294418474,0.718550927734619,4
1766226871077242594,7.445744357952089,2.8885961231599935,0.7219733213917725,0.718426558386184,4
1766226871100554723,7.187389861569304,2.6894996616871563,0.7219763404047176,0.7184246423522934,4
1766226871177209292,6.611472273556851,2.622717203691009,0.72145343583413,0.7183731073477954,4
1766226871200538834,6.976871385933614,2.86256374547233,0.7215837536536376,0.7184468651715815,4
1766226871256028254,7.487854050936993,2.445144720110957,0.7226195199252303,0.7184454659864818,4
1766226871276969411,6.761782047392639,2.760705169851209,0.721405932198745,0.7183776294576757,4
1766226871300547821,7.282703015051517,2.840014104073574,0.721849185671311,0.7183881621823605,4
1766226871354430738,6.882243561177059,2.8479209678563,0.7214511097155248,0.7183574479115977,4
1766226871400543313,6.5588178723470225,2.7503484415461656,0.7213449878073278,0.718476213542787,4
1766226871455228199,7.017299784203956,2.8083113189538595,0.7217156612384202,0.7184388766289121,4
1766226871477467159,6.931445758601051,2.7957990813120195,0.7215739907476103,0.7183870613998503,4
1766226871500555136,6.799289646521212,2.780164456678579,0.721577545961923,0.7185027362209944,4
1766226871577336423,6.89942012497935,2.600842995078298,0.7217716931019057,0.7184024739010477,4
1766226871600548674,7.255307831406488,2.8028380793989442,0.7218029631111065,0.7183196073542111,4
1766226871655166955,7.127719504648855,2.857858383104854,0.7217578562849974,0.718444369912579,4
1766226871677175671,6.650559525457345,2.8312383800381444,0.7212461780814495,0.7183892259524796,4
1766226871755188146,6.76405675723768,2.8814436960756757,0.7214135603420885,0.7184521311389575,4
1766226871777001214,6.970140650309764,2.7984718982898085,0.7215523394612451,0.7183486271992896,4
1766226871854496064,5.159283760129418,2.9213404004206738,0.7218089611690294,0.7184863557079638,4
1766226871955262847,7.095744060269138,2.774796143251571,0.7218882966498198,0.7185002721652248,4
1766226871977495324,6.744570199660682,2.776229965581683,0.7214261810960377,0.7184021209803948,4
1766226872000544829,7.057183601121397,2.725360520577429,0.7217594084452874,0.7183743894681749,4
1766226872178122716,7.1445343326957955,2.838452497530497,0.7217579775009584,0.7184647065420475,4
1766226872200555500,6.665151543932657,2.9345620728315205,0.7211571919525429,0.7183807069451813,4
1766226872377397582,7.07298672797263,2.7354875410427293,0.721819892168846,0.7184429751487259,4
1766226872400548377,6.724432214981646,2.7913211643590587,0.7214243840543446,0.7184260722181488,4
1766226872455823163,6.498505127629395,2.89245988020385,0.7211908505758602,0.7185025071149614,4
1766226872500546213,6.571537949867312,2.933922162159229,0.7211437668156386,0.7184766050398577,4
1766226872556588414,6.624473877639425,2.9061587669863127,0.7212841649014538,0.7185022491557514,4
1766226872578604875,6.945806953587819,2.6298744831830003,0.7217587867325043,0.7183841700854549,4
1766226872600547616,7.214904489147966,2.701397281840278,0.7219399283140053,0.7183587274838787,4
1766226872655731261,7.7195378781862445,2.5493365937790506,0.7227277606227134,0.718423866797472,4
1766226872700562174,6.839603086634893,2.7660519952028664,0.7214894168105952,0.7183578344604106,4
1766226872755301332,7.146399124491665,2.8844237912448016,0.721756911949333,0.7184448328970443,4
1766226872800559950,6.599897374000463,2.6571960546029048,0.7214990777664216,0.7184745840752171,4
1766226872855180215,6.697756473262539,2.914014407255959,0.7213157907807517,0.7184803952280682,4
1766226872877683842,6.867923765981554,2.6278517766325633,0.7217174202723824,0.7183898688573376,4
1766226872900553238,7.08477981940292,2.7542176303935206,0.7217049646752021,0.7183131052576301,4
1766226872955885963,6.971008944714585,2.9040562402720465,0.7215526254544983,0.7184629784457703,4
1766226873000550824,6.955830348504555,2.746078205031078,0.7216316323786702,0.71837669808577,4
1766226873056750641,7.241134103751046,2.9824287993086696,0.7217016986726223,0.7184257974323026,4
1766226873100555914,6.929779119800306,2.865206886604496,0.7215937818444219,0.7185141947467183,4
1766226873155391994,6.845175818761096,2.685626063603524,0.7216510243354806,0.7183978041897074,4
1766226873200559721,6.558951500477916,2.8671782677482978,0.7211673741807105,0.7184579324068797,4
1766226873278362721,7.222609053388673,2.8803472826134056,0.7217875754484973,0.7184371538312658,4
1766226873300569479,6.399421638347835,2.8678032990318747,0.7209608793187444,0.7183973758678486,4
1766226873356111929,6.556134079841791,2.85664178415786,0.7211824705536476,0.718425627287806,4
1766226873400558449,6.893160036163248,2.9250850387165577,0.7214600359237099,0.7184873622065205,4
1766226873455811514,7.384858921632875,2.4005154892259495,0.7226655475642237,0.7185125124366295,4
1766226873477836160,6.822168376547366,2.6353365595860514,0.7216734632087646,0.7184122432233485,4
1766226873556246533,6.639980080007213,2.909440956234361,0.7211828462925618,0.7184113939843905,4
1766226873578140132,7.168707935345853,2.796933763076403,0.7217252368425424,0.7183429140258483,4
1766226873600556365,7.2372825366986415,2.7553763626544607,0.7219232395195274,0.7184135463412812,4
1766226873656739300,4.815270481633216,2.7110181769997843,0.7216439540804424,0.71852509230573,4
1766226873677875414,6.9717381065046435,2.731022581443623,0.7217452216860092,0.7184180693927845,4
1766226873755370985,6.7049122852870235,2.9490231562270046,0.7212418707410188,0.7184303224162322,4
1766226873856308209,6.665282877938217,2.9295846387655544,0.7213025688620971,0.7184861103673129,4
1766226873879174048,6.989622991457778,2.947864411666223,0.7214632032807053,0.7183994485081209,4
1766226873900579309,6.8572768794126215,2.7492597005046377,0.7216481787270738,0.7184722061316121,4
1766226873978623051,7.500855906360737,2.866173807736183,0.7220547355275071,0.7184058253881428,4
1766226874056170891,6.917444405752815,2.848855032238687,0.7215330262613096,0.7183762109477352,4
1766226874079795608,6.824423071511654,2.7453042821821003,0.7214923524322978,0.7183338277157189,4
1766226874100558129,7.2584820871849365,2.8275402446828015,0.721824425369695,0.7183972236117022,4
1766226874155677172,6.965100219268883,2.839216073361721,0.7216324489847324,0.7184788407638089,4
1766226874200567066,6.428548029814296,2.7561322316726575,0.7211633307059072,0.7184192889059221,4
1766226874255816274,6.979296208500241,2.8255158586261278,0.7216303879533048,0.7184348887177504,4
1766226874278613343,7.173598957719518,2.919303252144696,0.7215870894159775,0.7183556208025992,4
1766226874300576494,6.7233966700847025,2.8294327858891517,0.7213211067762542,0.7183623538826146,4
1766226874456315092,7.97744827232183,2.6554358705430703,0.7229273017500529,0.7184998310171975,4
1766226874478210786,7.2179788395730915,2.7757156559385643,0.7219472450365978,0.7184641786564027,4
1766226874600571083,7.7095163439228065,2.696913897963929,0.7223391491136528,0.7182869242185767,4
1766226874657934289,7.201190041483674,2.9059996332051465,0.7218549476389677,0.7185457771438041,4
1766226874700570542,6.467369165155223,2.7591133222587945,0.7212103486955185,0.7184334269081498,4
1766226874756764678,6.50845625294727,2.7151804164474265,0.7214084543356795,0.7184928358389533,4
1766226874779082606,7.093501867348917,2.6822742735945635,0.7219170806323428,0.7184495818910297,4
1766226874800579659,6.985497353941605,2.8196409521092467,0.7216188198749598,0.7184027435314394,4
1766226874857485715,6.922211971098768,2.846442826514139,0.7215865388019772,0.7184405908650969,4
1766226874879095410,6.769368316589364,2.773756793647718,0.721444682048793,0.7184002141995856,4
1766226874901107192,6.152212141533275,2.9406892826698563,0.7206950257851815,0.7184250544399617,4
1766226874979423758,6.831553566311821,2.9434579348045133,0.7213306340596773,0.7184385125690097,4
1766226875000597943,7.844949813817781,2.5600789656668113,0.7228720504543668,0.7184550415354493,4
1766226875056818990,7.625187277856771,2.58655932330533,0.722689097382908,0.7185301810754654,4
1766226875100585751,7.268435770404147,2.384693794103988,0.7226167951231979,0.7185751119848833,4
1766226875200568137,5.1807299378628935,2.7324622136498684,0.721912842878548,0.7184382489490149,4
1766226875258615711,4.835730993758447,2.787738053533638,0.7215945308076352,0.7184692701279752,4
1766226875300665891,7.55559539441919,2.526422842919276,0.7226450911863521,0.7184949086736909,4
1766226875356343345,5.079278894686401,2.7647191382892955,0.7217714732594875,0.7184254019152825,4
1766226875379201790,6.558095361312799,2.726809497518489,0.7212476207601309,0.7183514023712609,4
1766226875500580860,6.934786831338635,2.8925364834528873,0.7215068638796273,0.7184542252591841,4
1766226875557251784,7.716415186868053,2.60006592946111,0.7227694417435422,0.7185370185186699,4
1766226875580105159,6.873044584344901,2.876424407074038,0.7214720234239748,0.7184565150407319,4
1766226875656530005,7.235116410491682,3.0321701380629262,0.7215852490079007,0.7183951480973481,4
1766226875679279305,6.873499404146832,2.871323344157877,0.7212736388464206,0.7182443887880953,4
1766226875700595688,7.925134385476373,2.5687892698702255,0.7228743103015938,0.7184519194623249,4
1766226875800591319,8.397127031899764,2.957449680041364,0.7229218851405421,0.718468904806566,4
1766226875851702270,7.023311089953022,2.821507464921739,0.7216407122068262,0.7184233117542889,4
1766226875883901442,5.172418288208913,2.7571350459969244,0.7219093030829312,0.7185364136051628,4
1766226875900588033,5.423601212394491,2.739341348053555,0.7219557880974966,0.7183471225664649,4
1766226875964442013,7.580369359190153,2.653309074033086,0.7224076657880983,0.7183955836232361,4
1766226875982461933,7.580369359190153,2.653309074033086,0.7224076657880983,0.7183955836232361,4
1766226876000589646,7.76165471042034,2.5952926583393094,0.7227425750584202,0.7184642406173193,4
1766226876079570492,6.980245323684353,2.696336177206484,0.7217475681351792,0.7183893242821185,4
1766226876100595506,5.0273391559239045,2.471763507043796,0.7218980761819697,0.7184665743669044,4
1766226876157198061,6.937614083189714,2.8613993552416144,0.7216337966785993,0.7184995524838041,4
1766226876180971608,6.981057982660133,2.6573121395723556,0.7217893032872307,0.7183884593580624,4
1766226876256944654,6.648474044823605,2.8156213220989255,0.7214913127555521,0.7185917289515704,4
1766226876278975621,6.911123810058095,2.821613024413202,0.7216346786344536,0.7185223126539407,4
1766226876300576280,7.739633651545175,2.6285403605727633,0.7226018076332698,0.7184132614643582,4
1766226876379516309,7.129270024816892,2.8633334340520142,0.7216759860520621,0.7184168939678529,4
1766226876400586158,7.877906515975641,2.696089923652092,0.7226562149952983,0.7184239043724513,4
1766226876479292056,7.065904428122161,2.8142187612544323,0.7216540019012533,0.7183680123237534,4
1766226876557201696,7.034441080894793,2.7367590771919654,0.7217543317229766,0.718366837354314,4
1766226876575595980,7.304033760627049,2.7360228843652274,0.721837684637411,0.7182335383131971,4
1766226876657063185,6.91596160224528,2.8697094107531056,0.7214517234460319,0.7184000739114943,4
1766226876679642405,6.740097008943513,2.7891032954952304,0.7213880033399817,0.7184025239960982,4
1766226876700600153,5.919858699136027,2.299314833148285,0.7226000281041398,0.7184007711248068,4
1766226876758898078,7.693328683904599,2.484627023299409,0.7226869513587473,0.7183323206542549,4
1766226876780987826,6.754904228368996,2.719078035757007,0.7213579960137487,0.7182666808928215,4
1766226876850580164,6.995790428763304,2.9099598234731237,0.7214507282027681,0.7183564770667024,4
1766226876879215160,6.763999757488648,2.749137276592179,0.7215332356119264,0.718463611352593,4
1766226876900674311,5.223065977918218,2.7159775410756755,0.7219119813514084,0.718465782953089,4
1766226876957886774,7.207304406994242,2.7993034934299925,0.7219220369948978,0.7184502037952297,4
1766226876981017751,6.808845831772992,2.9001918003420526,0.7213726791188635,0.7184505085307138,4
1766226877000603538,7.718858425548536,2.7009890477761878,0.7225341092796004,0.718410329797783,4
1766226877059132457,7.702623980640477,2.4681743979173305,0.7228704976856332,0.7184889486772668,4
1766226877080943531,6.928787711029338,2.7339731247008476,0.7217213864082542,0.7184682454796618,4
1766226877158602950,5.032831101348889,2.613231474665753,0.7219346834186107,0.718588716984516,4
1766226877181498535,7.1111597851045705,2.758741573831074,0.721877959980768,0.7184946330605917,4
1766226877200613055,7.324381645667621,2.391987090030831,0.7225691919185607,0.7184521815320856,4
1766226877257627695,7.333670820793392,2.42541517175367,0.7225733927618485,0.7185277472277103,4
1766226877380862868,6.840131269926664,2.8271254981394396,0.7214421563408041,0.7183767857884942,4
1766226877400600620,8.131504750845897,2.7218660685939047,0.7229999133828178,0.7184882524219367,4
1766226877456955098,5.402337712866134,2.7259816663112786,0.7220786514000884,0.718495832727678,4
1766226877480060036,6.793184418582454,2.7726726989321517,0.7215124763354952,0.7184448049917268,4
1766226877500581113,5.593655325896396,2.484212113844391,0.722279970250914,0.7183987362267672,4
1766226877550601611,6.938825508749691,2.8019615624049448,0.7215564971104631,0.7184081156523042,4
1766226877601009829,5.1124018964974205,2.9016297583436725,0.7216637771778924,0.7184402626964018,4
1766226877679562258,6.66274781752596,2.8174690872061015,0.7212925723548509,0.7183958921993314,4
1766226877700778724,8.096695483510995,2.674515274542446,0.7228974260517741,0.7183843515342233,4
1766226877757447863,7.049301367239913,2.8138387854159883,0.7217120840630648,0.718412197519645,4
1766226877850592642,7.279971577386579,2.881374702764275,0.7218014200820528,0.7183865237900678,4
1766226877900585278,6.6947223276347945,2.8734907892997215,0.7212822548275464,0.7184563816835139,4
1766226877980041879,6.747222597043745,2.799617630202157,0.7213559573016576,0.7183520061681565,4
1766226878000582563,6.667525949507369,2.6281902953630523,0.7215669664018195,0.718450210113035,4
1766226878058131848,7.674761558061793,2.7377329696522406,0.72244412717832,0.7184074916670313,4
1766226878079572956,7.674761558061793,2.7377329696522406,0.72244412717832,0.7184074916670313,4
1766226878100594504,7.918952085915532,2.5597029126172735,0.7229091783522555,0.7184221262386542,4
1766226878150587611,7.1102109577168005,2.5614412939149775,0.7222090526562635,0.718510794714442,4
1766226878200585847,6.840242342867953,2.866402028181112,0.7214739639617644,0.7184820467847747,4
1766226878300631272,7.746455105259731,2.6392311385047003,0.7225943682480572,0.7184059739137075,4
1766226878375598425,7.231048653574268,2.81351404881265,0.7217568574082062,0.7183361902318949,4
1766226878400605913,6.6862224002938175,2.7514214255158973,0.7214224149949918,0.7184375040820704,4
1766226878457577653,7.825306446254565,2.5505488596474892,0.7228187412384243,0.7184114590476995,4
1766226878475604024,7.394611658542383,2.8109180273997945,0.7219443970214868,0.718341146803436,4
1766226878550594952,6.654062013033424,2.8453186302676947,0.7212632154205368,0.7184110004153207,4
1766226878575585469,6.656797610090415,2.888659226163531,0.7212166456144443,0.7184494267099911,4
1766226878600596254,7.109543325756529,2.807992817695464,0.7216432631810366,0.7183256017174403,4
1766226878650596203,7.232660692396586,2.751834790002594,0.7218967165574585,0.7183661131698608,4
1766226878675594294,7.086894262859467,2.727410888281246,0.721786905569272,0.7184163324054799,4
1766226878700589971,6.844832894120634,2.8295779794873597,0.7214038698662986,0.7183762605512303,4
1766226878750836174,6.842103060242133,2.910866692999889,0.7213991223920302,0.7184545359391492,4
1766226878775600215,5.491068201656346,2.8528284938814337,0.7220773534271981,0.7184513070314925,4
1766226878800591994,7.487901155748267,2.645876067808151,0.7223777344353289,0.7184280347457499,4
1766226878850597554,7.304123950848895,2.8902316189568715,0.7217856255545358,0.7183533823471143,4
1766226878875608960,7.0177987136536,2.871108167497816,0.7215393620532435,0.7183625076426635,4
1766226878900599077,8.02321658953231,2.565363978371492,0.7229758746611501,0.7184325551169085,4
1766226878950593716,6.900275331587102,2.8043141243842094,0.72156597455803,0.7184173689656932,4
1766226878975594012,6.834646129466937,2.759829583235744,0.7215296387695875,0.718407227368966,4
1766226879000599346,6.748962281370896,2.853076869407711,0.7214588300019442,0.7185301857623028,4
1766226879050600648,7.131589192900911,2.904829207190116,0.7215359084997622,0.7183382167838149,4
1766226879075593360,7.116739413538853,2.6674890876993786,0.7218947775428461,0.7184035950939646,4
1766226879100609084,7.122246910029606,2.8333848029949116,0.721749630211011,0.718425931902037,4
1766226879175593649,7.1643021534412155,2.9580815178884556,0.7215254415526039,0.7183238413822158,4
1766226879250614102,6.695840410792964,2.734151250889169,0.721456207810212,0.7184472604940232,4
1766226879300655299,7.590508472147373,2.4242384765500877,0.7228212727543846,0.7184987294051364,4
1766226879350602289,6.679141191267557,2.7431082903743222,0.7214549183465423,0.71846496929195,4
1766226879375611811,6.878438940738474,2.7088527877306268,0.7216298046097169,0.7183850012809119,4
1766226879475611660,6.436979658331676,2.723052246998233,0.7212706502816496,0.7184693316454533,4
1766226879500623437,7.432224068282811,2.4802137330616527,0.7226076986677354,0.7185290540570902,4
1766226879575593846,6.892630067656169,2.8229382065594453,0.7213953005845218,0.7183111367365974,4
1766226879600596766,7.0686882966574105,2.592351389235342,0.7219678806431062,0.7184080784468079,4
1766226879675600547,7.098185070049667,2.841228266143558,0.721696673596813,0.7184225681452207,4
1766226879775596539,7.6476281561786985,2.900304280302884,0.722147206022875,0.7184198748800602,4
1766226879800635868,7.22124803809332,2.895674845200139,0.7217383550612784,0.7183952411028178,4
1766226879850593628,6.848123060144928,2.906753988850725,0.7213079730059928,0.7183570143792006,4
1766226879875602188,6.558152481687118,2.5690212847265035,0.7215022614599208,0.7184204699391977,4
1766226879900624505,6.317499932405601,2.848364654131864,0.7209056647072207,0.7183658432064505,4
1766226880000606811,7.622925571813877,2.5969066940195757,0.7224565812831565,0.7183643029274395,4
1766226880050606440,7.369375920698862,2.763691420208929,0.7220694453598177,0.7184391710481981,4
1766226880075606825,6.809265970673439,2.7728797142009736,0.721452205823997,0.718377759850937,4
1766226880100618061,7.869642316423953,2.490476278874955,0.7229502928230104,0.718445716588737,4
1766226880200601739,7.8894427166803505,2.639841615366019,0.7225393352265033,0.7182563221513013,4
1766226880250608191,6.930408893591422,3.001706605648011,0.7213741183428711,0.7184735559381661,4
1766226880275597816,6.879542047297571,2.821824440902075,0.7214089673916991,0.7183277176308629,4
1766226880300599414,6.574399670969067,2.634500543292207,0.7213817123517249,0.7183454400324724,4
1766226880350772248,7.173664362075671,2.8100542185841615,0.7217631632270343,0.718376604337178,4
1766226880375597033,7.156570641230875,2.810656099863027,0.7217844021217199,0.7184227913849106,4
1766226880450601746,6.974365623154899,2.664878968555336,0.7217894009665239,0.7184154187919373,4
1766226880475597984,7.4102487016598495,2.7685322530682765,0.7220310179766524,0.7183559194233338,4
1766226880500597488,7.706684739653191,2.5466103465406316,0.7226651222490148,0.7184216009067024,4
1766226880550602968,6.970360000333242,2.7220889503994017,0.7216278062532898,0.718333271397544,4
1766226880600616212,5.22225322142722,2.6081900439386647,0.722003336758039,0.7184677290578569,4
1766226880650604830,6.718358590446116,2.7362569342678977,0.7214107124896808,0.718371297389662,4
1766226880675638538,6.8819167300803175,2.880837619963884,0.7214048059077934,0.7183798812804503,4
1766226880700619096,4.881134567127798,2.7502597568688487,0.721567193455064,0.7183730389016844,4
1766226880750600611,7.101661153442018,2.7399714470950047,0.7217636690242489,0.7183487456476327,4
1766226880800921765,8.091955451106081,2.7227109875955864,0.7228456689065191,0.718418408747753,4
1766226880850654942,6.724958744263154,2.608820966440804,0.7216904471780263,0.71849308722125,4
1766226880875611014,7.030370957908927,2.6266356709086507,0.7218435736005203,0.7183924518897594,4
1766226880900696630,7.98473968072777,2.635801863409497,0.72291202425552,0.7184392212996881,4
1766226880950614685,7.424337064700581,2.7657304192260326,0.7220994774387796,0.718405371596572,4
1766226881000612130,7.524276642100869,2.7228170866047496,0.7223264976524078,0.7184603093118247,4
1766226881050614083,6.940001740392887,2.7414909431647634,0.7215410814420374,0.7183043064800706,4
1766226881075611182,7.399742631634676,2.7545731225190875,0.7220346712000807,0.7183562492328049,4
1766226881100789733,7.818571334187063,2.51386354374337,0.7229664734710626,0.7185019304139061,4
1766226881151136845,7.572510305741242,2.4471434824498535,0.7227516363269633,0.718474409128846,4
1766226881175613445,7.67978963934679,2.5639161928331338,0.7226262950804747,0.7183839423036875,4
1766226881200641683,7.341098235891463,2.380932435625347,0.7225668917890271,0.7184454299379974,4
1766226881250608099,7.006797333991788,2.8152553739263637,0.7215682883459003,0.7183660608384171,4
1766226881275607813,7.038537147528556,2.760352676756307,0.721640390171305,0.7183108225317919,4
1766226881351903265,7.001591231500348,2.605221557923295,0.7218667857553607,0.7184039923285762,4
1766226881375623381,7.24811868148012,2.733329265558925,0.7219705181561359,0.7184343249958486,4
1766226881400830736,7.242122654453231,2.6197444709806654,0.7222037257415039,0.7184716340924002,4
1766226881475605095,7.174721515294191,2.8957091240151716,0.7216061070754305,0.7183174197931775,4
1766226881552106985,7.377137156589164,2.6566403558852536,0.7223020621013966,0.7184793893859394,4
1766226881601812471,5.294214251953422,2.6202905565989574,0.7219479719888839,0.7183740906079793,4
1766226881650631808,6.641307506983329,2.613928923582531,0.7214875295881888,0.7184001401541653,4
1766226881700623512,8.202199348192995,2.6397782489096566,0.7230943765348411,0.7184131929209694,4
1766226881750612440,6.973051327966884,2.783204340255424,0.7216103968619448,0.7183812176243712,4
1766226881775620691,6.951571868309303,2.5435862432917515,0.7218887046556876,0.7183900099349579,4
1766226881800735221,5.466196198867679,2.642527065796231,0.7221351492047838,0.7184922180246684,4
1766226881900615685,7.946654428193867,2.5529358247263425,0.7229235011041559,0.7183710299697207,4
1766226881950764083,7.423853124318147,2.6322717202483816,0.722328878927174,0.7184241392912928,4
1766226881975632721,6.7565810019804,2.8055516951856148,0.7213963191732824,0.7184083350620278,4
1766226882000627045,7.492443410080818,2.504434713634144,0.7225681389751825,0.718429443163304,4
1766226882100629488,7.994857534388666,2.755112687735018,0.7227431621922986,0.7184285394403237,4
1766226882150612555,6.790625408958029,2.760401927409795,0.7215172424134956,0.7184541297794786,4
1766226882175629462,6.828165639190642,2.7696961941839873,0.7215121770147364,0.7184250644441158,4
1766226882200702323,7.81426529794238,2.757473493403935,0.7226386162641735,0.7185007822989828,4
1766226882300672816,7.834391194694534,2.607563736264068,0.7226035040596605,0.7183141402302516,4
1766226882350620287,7.164155940301731,2.8026763093481644,0.7217370362796932,0.7183652709058755,4
1766226882375609130,7.18859097828739,2.7192497477080098,0.7219316409184076,0.7184235174982094,4
1766226882400614185,8.04650186036926,2.7025461448841677,0.7228580468183431,0.7184277088979111,4
1766226882450810904,6.625671485270157,2.8097845826548244,0.7212834355991299,0.7184397742624099,4
1766226882475610522,7.086332508601578,2.7872533830179993,0.7218082479658904,0.7184676420556901,4
1766226882550612219,6.734050963488114,2.8328309668976015,0.7214407018689143,0.7184845446775863,4
1766226882575610770,6.496676027890724,2.6994183323295085,0.7213607328776259,0.7184949521175158,4
1766226882600766879,4.694915016207779,2.7353597206722857,0.7214969559359433,0.7184145452356513,4
1766226882650642233,7.128727290853232,2.7504567824096537,0.7217195157161085,0.7183068539129934,4
1766226882675624996,6.6806832581156605,2.8971522393594906,0.721137885936739,0.7183416267831467,4
1766226882775620115,8.055428872260073,2.476002256020235,0.7231052160738882,0.7183750085973712,4
1766226882775620115,7.650396780943258,2.758056053892105,0.722446898492106,0.7184849905903151,4
1766226882850614168,6.995973830511537,2.8123064121859365,0.7215602563579564,0.7183391060121193,4
1766226882875620224,6.767989453200451,2.7847788918205603,0.7214526693811791,0.7184274005670944,4
1766226882950616240,6.79337210721509,2.8785068864915537,0.7212559750549198,0.7183467625010392,4
1766226883000644342,7.8463070939240875,2.7059024089512405,0.7226228164571499,0.7183790103759604,4
1766226883051129725,6.768294122329821,2.8424253181005716,0.7213479655168419,0.7183912552892799,4
1766226883075620862,6.694895034760506,2.915007986078121,0.7212410039693355,0.718437387261173,4
1766226883100647216,7.762203134336176,2.6718597758114195,0.722657160178327,0.7184565038707983,4
1766226883150663947,7.056746685124238,2.525921766815638,0.7220329724169001,0.7184131924279723,4
1766226883175727922,7.310973635965556,2.8219819073958017,0.7218148982901017,0.7183230143110773,4
1766226883202719103,7.647850993171557,2.694744968593681,0.722514983335047,0.7184514317013554,4
1766226883250628829,6.6697094019027015,2.805606898400337,0.721266517781781,0.7183608404492113,4
1766226883275633492,6.742257875711144,2.8407033948292835,0.7214033091808713,0.7184506314424698,4
1766226883400741228,7.799918969898401,2.672681717618601,0.7225353213210927,0.7183749266293007,4
1766226883450634216,6.765730002746939,2.6830955342911924,0.7215581423121676,0.7184151865164861,4
1766226883475624081,7.101762150896418,2.847321578242479,0.7216614232059311,0.7183745638004028,4
1766226883500650516,7.521863888743541,2.566709377334809,0.7225504357179647,0.7184806313261851,4
1766226883575625552,6.60439763594467,2.865391211117174,0.7212102294674093,0.718424074966359,4
1766226883600738960,7.983789806110142,2.7185593722692976,0.7227927316163029,0.7184441219489462,4
1766226883700833727,7.519107569957995,2.485213655253594,0.7225651613213387,0.7183970591685387,4
1766226883750641284,6.637321120525286,2.7156601316733577,0.7212782936373298,0.7183104589554188,4
1766226883775620660,7.265247716374268,2.9057015271503657,0.721744645249084,0.7184094621305154,4
1766226883801108572,7.770606270604441,2.5661080618448424,0.7227754757113357,0.7184513710338086,4
1766226883875625096,7.360071870998408,2.6972231578323824,0.7220647612880068,0.7183766354734008,4
1766226883950623717,6.2251861974824685,2.814894181485302,0.720862001408811,0.718365661726624,4
1766226883975619664,7.288666344537509,2.8118550110683773,0.7217885819589156,0.7183118551570701,4
1766226884000627934,7.77661050319578,2.4963117443778198,0.7228749755157879,0.7184079180394594,4
1766226884050621852,7.007209180131313,2.903473300257424,0.7215533735877694,0.7184296411660347,4
1766226884075619582,6.681910320032736,2.7506529162625597,0.7213839280976067,0.7184136395877235,4
1766226884100746897,7.614714498013986,2.7216397706817106,0.7223794742317657,0.7183952644534001,4
1766226884150626740,7.148799421146879,2.7231514047687493,0.7217441272630271,0.7182953314627987,4
1766226884200641206,7.516855987128923,2.5316357292695533,0.7225677904739266,0.7184525000665009,4
1766226884275621653,6.952635556976561,2.644477186633836,0.721747721831613,0.7183808298716035,4
1766226884300662404,7.436822045633007,2.398163359627936,0.7227411050950405,0.7185061953898105,4
1766226884351372710,6.6072790111959545,2.836542436527939,0.7212333551935225,0.71842006249393,4
1766226884375631850,6.848587242013093,2.9163217575751474,0.7213514489599026,0.7183863671609177,4
1766226884400641944,7.763473983185554,2.6813126100327103,0.722593737113733,0.7184347897221335,4
1766226884451849595,6.850677679717476,2.6585371245777716,0.7216366438773075,0.7184009787798699,4
1766226884475627370,6.944980559847935,2.8136325046943678,0.7216009051282223,0.7184375934793413,4
1766226884550981440,6.499294851433746,2.9691037547995904,0.720967907957662,0.7184136567695101,4
1766226884575633620,6.664534276848322,2.8008823419190985,0.7213277509103427,0.7184336533032283,4
1766226884700643110,7.488578244532862,2.917320104904776,0.7221438591070503,0.7185439395769992,4
1766226884750633972,7.286274968095419,2.7155797363481273,0.7219655058274115,0.718345994713252,4
1766226884800649961,7.8412169776215235,2.5822169646651973,0.7227063403875628,0.7183632264757704,4
1766226884900637205,7.508505652657593,2.5910425249152764,0.722421292340925,0.7183978028175758,4
1766226884950626284,6.927277079072036,2.683696153444155,0.7216080758000675,0.7183116408336401,4
1766226884975649482,6.929552683104023,2.705031978195605,0.7216810285292027,0.7183757881548956,4
1766226885000709559,4.8136118486548085,2.634978795022096,0.7216425762298965,0.7184287520150878,4
1766226885050633044,6.980889348276453,2.8688571006484236,0.7214793897036105,0.7183547714659477,4
1766226885075631626,6.803571875468428,2.9396003927308545,0.7212315126322814,0.7183621127311605,4
1766226885100648893,7.611696768741072,2.433846575689376,0.7228199155233038,0.7184998629781036,4
1766226885150636419,7.140504450280916,2.7982452454299853,0.7217329463066895,0.71837012475415,4
1766226885175640090,6.561949665093492,2.743687244262874,0.7212712820511324,0.7183764085745152,4
1766226885200733992,7.1813941125753455,2.471332750644304,0.7223016059302114,0.7184583077335142,4
1766226885251097044,7.353144558136182,2.824443212686956,0.7218289268202497,0.7182811329642894,4
1766226885300651154,7.793036394334374,2.3682744833846456,0.7229326800350852,0.7183735517254889,4
1766226885375633243,7.201035108192033,2.8684042809262773,0.721740369516356,0.7183668297884855,4
1766226885450663734,6.686297171324074,2.805469417153938,0.7212195329680937,0.7182886380821248,4
1766226885550638384,6.484019006311459,2.8604272763827954,0.7210707899283194,0.7184007708817001,4
1766226885575639571,7.045657187611187,2.635111717272291,0.7219731204338009,0.7184959363225549,4
1766226885651519300,6.802990479510385,2.881987274371552,0.7213483183167184,0.7184263430815516,4
1766226885700724062,5.110454126584951,2.8364342616547664,0.7218264484919977,0.718520499556408,4
1766226885751843929,6.916868750255989,2.6876945196764472,0.7216898833666887,0.7184202161107155,4
1766226885800761651,7.5066942595072295,2.6330436692863106,0.7222676640403954,0.7183153806761458,4
1766226885850722967,7.315176053353856,2.9511899329744398,0.7216537395616818,0.718325571099944,4
1766226885900855415,7.292938523029591,2.697982855415563,0.722165353095967,0.7185093305331838,4
1766226885950637855,7.2382040584232366,2.893336841938809,0.7216938318691978,0.7183509003864705,4
1766226885975637880,6.545300695668388,2.625226569236744,0.7214249092668672,0.7184189993202114,4
1766226886000927679,7.969965571960835,2.6954572341750183,0.7227946634895889,0.7184214575659251,4
1766226886075635233,7.0457667211077935,2.680273465217204,0.7218470685219026,0.7184225816969089,4
1766226886150728331,6.510635832216116,2.810399991320106,0.7210839132441481,0.7183254648864063,4
1766226886175633147,7.144603622206702,2.731918654093408,0.7217891462130303,0.7183482603747354,4
1766226886250692762,6.535356691230509,2.794967794081505,0.7211744058223695,0.7183720547316635,4
1766226886275638514,7.094042093352515,2.8412404971204634,0.7216719927906298,0.7183925832619455,4
1766226886300836571,7.651715890774513,2.5878738481739223,0.7226391140433815,0.7184318572163297,4
1766226886350694764,7.4346344226693395,2.9338095308831336,0.7218571203806737,0.7183785294328033,4
1766226886375637310,6.592719765596722,2.8279342599617223,0.7211816949698253,0.7183529247884208,4
1766226886500730177,7.701603604012064,2.701518244806862,0.7225522894886702,0.7184613923369951,4
1766226886575649859,6.592022060185498,2.813073068053925,0.7211762245684488,0.718356181964012,4
1766226886652031903,6.7425555133644455,2.953102934340133,0.7211533259784019,0.7183754294656005,4
1766226886700711848,4.802138288004354,2.6551464989197604,0.721653518558982,0.718442981685176,4
1766226886750654499,7.527942414167543,2.8567358274826056,0.72189266913258,0.7182484725404705,4
1766226886775647670,7.281139209756815,3.0869085996643055,0.7215689912883227,0.7184101628668946,4
1766226886851347501,6.272596592459712,2.6597066308790818,0.7210431254307452,0.7183380142350864,4
1766226886875646566,7.035335701113921,2.8486034311856763,0.7215546350419799,0.7183485406856673,4
1766226886900766626,7.368062242192774,2.9830636946700584,0.7218368846777263,0.7184263971171366,4
1766226886950651298,7.0042358793546144,2.638115570331035,0.721910928927527,0.7184813484101791,4
1766226886975645822,7.083875102743997,2.984881841103076,0.721483407417815,0.7184131113303912,4
1766226887000650876,7.689911784397929,2.8231621239539195,0.7224103403691536,0.7184711562366896,4
1766226887075654216,7.330745663643667,2.8563978689054648,0.7217969577361227,0.7183285764250834,4
1766226887100668227,4.627701190014544,2.715216982250111,0.7214255048019271,0.7184351862342899,4
1766226887175651358,7.063349757343018,2.7490350645898656,0.7216222295580094,0.7182570646668689,4
1766226887250667121,6.724137645097161,2.8978712011903327,0.7212924928303207,0.718422981990196,4
1766226887275642399,7.0506881139014155,2.962795259326986,0.7215282379123462,0.7184754172494674,4
1766226887351331729,6.681546326472332,2.8567485926680387,0.7212032519655915,0.7183345669754523,4
1766226887400725888,8.03431699615864,2.65330381944,0.7229388233278223,0.7184540737979924,4
1766226887451050878,6.35431590095048,2.9935043591254606,0.7208436011984358,0.7184578581711452,4
1766226887500935520,8.008131445156108,2.7409268332681047,0.7227707690527075,0.7184351243494901,4
1766226887550654690,7.083124813511588,2.695891083192856,0.7218810636722335,0.7184561540268317,4
1766226887575650928,6.624348775007172,2.71104399694742,0.7213661232497584,0.7183674007711965,4
1766226887600655461,7.479277156876796,2.7598692490958094,0.722223185290262,0.7184208837743088,4
1766226887675653871,6.577833536832389,2.5033548424710976,0.7216428713793999,0.7184762950371084,4
1766226887700674594,7.485398094076334,2.59232240122836,0.7225494735964417,0.7185302472335222,4
1766226887775657215,6.789515865570861,2.6856878879042587,0.7216000950822201,0.7184235510990679,4
1766226887801204479,7.63606768028724,2.6194188977484543,0.7225256878491175,0.7183811761788708,4
1766226887850667567,6.813019251764918,2.7882333971878235,0.7214354687656123,0.7183853586937835,4
1766226887875654998,6.576927121370479,2.6738443374440637,0.7214190735469861,0.7184040271085796,4
1766226887900750592,5.049891346501689,2.6508018958977315,0.7217984649231667,0.7184556655028068,4
1766226888000660250,5.779797822114796,2.575790313895388,0.7222574528569435,0.7183260384362745,4
1766226888051844838,7.2880887581271425,2.7324077368358335,0.7218771170778304,0.7182986886342795,4
1766226888075652679,7.171350098425067,2.8535446871469583,0.721677198490824,0.7183703957432155,4
1766226888100681067,7.659755639045751,2.5871469004968413,0.7225440175212712,0.7183620938870201,4
1766226888152366978,7.065024820552934,2.6610888602470264,0.7218790355281869,0.7184178628174396,4
1766226888200669432,7.421287726274595,2.627297991059362,0.7223500363400935,0.7184452200713939,4
1766226888255372341,7.483034508512509,2.897115808424898,0.7219476909582612,0.7183506525811686,4
1766226888275666861,7.810431986569277,2.5282031790476167,0.7228397404137136,0.718415433032019,4
1766226888354735750,5.386290922125725,2.6859961940854764,0.7220757690275704,0.7184918106447427,4
1766226888375668872,7.740367113356017,2.6595872843850543,0.722625056463338,0.7184630312317968,4
1766226888400668105,7.5442562111384115,2.5212634548028863,0.7227292158731349,0.7185651690692182,4
1766226888450926029,7.040995849820542,2.821677538202121,0.7215991848294,0.7183452816154707,4
1766226888475798062,7.902672458790949,2.670983017802195,0.7226315422960026,0.7183631782041516,4
1766226888500663453,7.994719286334662,2.6811109457167785,0.7228291765390751,0.7184051087633919,4
1766226888551728897,7.279671267134136,2.9249358302247166,0.7217486176695918,0.7184039932904589,4
1766226888575725743,7.800961559085495,2.39701103051049,0.7229417986507413,0.7183602758782852,4
1766226888600670744,7.593630098484572,2.521216860245918,0.7226454976449301,0.7184373727012072,4
1766226888675667992,6.834722749275213,2.6994498470004107,0.7216732253609174,0.7184699994603005,4
1766226888700773746,7.978338973581245,2.593379231310071,0.7229291724028019,0.7184278536462084,4
1766226888751781270,6.737539149983984,2.8850548969000203,0.7212838539083288,0.7183936995787277,4
1766226888775665244,7.499812431810748,2.863204792671336,0.7219878651135184,0.7183470563051624,4
1766226888800747433,7.860977477150977,2.6895408353606607,0.7227575385540377,0.7184931423101247,4
1766226888852772753,6.963365029401092,2.76733690393722,0.7215246318586284,0.7182840173324306,4
1766226888875659661,6.861534309845152,2.8457472115142526,0.721327074901502,0.7183025465854795,4
1766226888900696595,7.855316628715414,2.8354272593752237,0.7224665514229918,0.7183958519560709,4
1766226888951980089,6.6259186153095895,2.6302263867261404,0.7214545272304111,0.7183690538483358,4
1766226888975662604,6.691678526316802,2.9891015318249226,0.7211227506352003,0.7184144742003578,4
1766226889076340778,8.009892106243699,2.59655846286645,0.7230352060071223,0.7184683855440098,4
1766226889100680440,5.233663566117541,3.0080519226979887,0.7217688889572571,0.7184737278140972,4
1766226889151997627,6.985038768630436,2.771776182776806,0.72166800894757,0.718389529899237,4
1766226889175665745,6.967802086335961,3.0623683776550736,0.7212514694173187,0.7183808789712648,4
1766226889255480458,8.122523451314589,2.661135931256645,0.7230210956973996,0.7184445074877026,4
1766226889275663889,7.197620337500932,2.6391506408665495,0.7221238185466259,0.7184400486367194,4
1766226889300667069,7.197620337500932,2.6391506408665495,0.7221238185466259,0.7184400486367194,4
1766226889351538247,7.45183987597553,2.936893058858155,0.7218234208810859,0.7183572349947542,4
1766226889375687590,7.233918391696514,2.927192421875229,0.7216461762502522,0.7183274741857834,4
1766226889400749591,7.915880766986461,2.6468829075226505,0.722776514946457,0.7184074536355918,4
1766226889475671207,7.552798129775051,2.3766096694461454,0.722667881984497,0.7183893260685333,4
1766226889500857672,7.723027645146319,2.572146756736221,0.7227662470389559,0.7184789126126595,4
1766226889552599088,6.699500162252625,2.929333696689225,0.7211455847597913,0.7183592336627702,4
1766226889575680922,7.482061999428469,2.665989885456962,0.7223550858602,0.7184781581068598,4
1766226889601320310,7.64807021639724,2.797505031856614,0.7223539175164685,0.7184520065931026,4
1766226889652383659,7.212569856632434,2.9622872238084677,0.7216196513765473,0.7183859692237833,4
1766226889675667404,6.767263336840967,2.8613755148063893,0.721377299352818,0.7184225377076868,4
1766226889701096736,5.063064157395325,2.651798572432295,0.721812469443773,0.7184043437990991,4
1766226889751687396,6.98511766671206,2.644023862112085,0.7217881986892072,0.7183776335692198,4
1766226889854021596,7.017017152072147,2.61558355627104,0.7218930061589541,0.7184242417292438,4
1766226889875982982,7.898045507039764,2.645609550861204,0.7226793278017217,0.7183711097413651,4
1766226889900687962,7.667323833892015,2.6830288598716874,0.7225099860025159,0.718453297318053,4
1766226890000705121,7.794677492698465,2.555737762653197,0.7227144281452298,0.71836880266329,4
1766226890075704423,6.953542099155663,2.917622898309311,0.7213826788330551,0.7183489381436491,4
1766226890101166266,5.209081539579996,2.8331978893738072,0.7218328938484244,0.7184427105666262,4
1766226890175685093,5.750034649128155,2.7725647901393042,0.722281996616372,0.7184348382972637,4
1766226890275694368,7.062868465697814,2.516393618052008,0.7221879407592934,0.7185051922794661,4
1766226890375757944,4.846321633930839,2.8528990460339125,0.7215877588624695,0.7185004573550502,4
1766226890400789648,7.940744282856738,2.5761080524578057,0.7229585618304789,0.7184268387537966,4
1766226890452713818,6.712231984260297,2.8506086137299715,0.7213069594590921,0.718419641673089,4
1766226890475676107,6.906803483052282,2.86749319351267,0.7214433153014799,0.7183964387769932,4
1766226890500751784,7.673196070250632,2.5314531470890103,0.7228385612047313,0.7185395971316562,4
1766226890552930833,6.789807278589466,2.8141186828134774,0.7213232704004123,0.7183165580173956,4
1766226890575976890,7.199482757101028,1.9046221247504707,0.7229286261086181,0.7184172419534086,4
1766226890754588096,7.293867353742822,2.7027676708544455,0.7219913667702766,0.718356274644624,4
1766226890853357116,6.7152074410591345,2.8557987651212082,0.7212937851538641,0.718376092672497,4
1766226890876054317,7.432899489276279,2.7284457352775084,0.7222155022249681,0.718411832772163,4
1766226890900705265,7.352162365628967,2.4474994301882393,0.7224417643644165,0.7184097052632966,4
1766226890952297469,6.6022173814899165,2.7879365342895177,0.7212480621245264,0.7183700578527343,4
1766226890975698104,6.90688311043941,2.886831451645418,0.7213992277038672,0.7183448589431299,4
1766226891001388978,5.177705098749263,2.722245958327672,0.7218339656646777,0.7184145011565879,4
1766226891075680588,7.432566524143036,2.3955494978553964,0.7226952910783094,0.7185221812099996,4
1766226891130029590,8.190627090745807,2.6523855676548203,0.7232355644918191,0.7185421185369723,4
1766226891152930745,7.493114261641898,2.8343188945787086,0.722259653315246,0.7185421185369723,4
1766226891175685885,7.37148579305047,2.433456562952903,0.7224315120340794,0.7183897892871908,4
1766226891201324701,7.4159263711712775,2.431933333337699,0.7226119391576254,0.7184918491824311,4
1766226891253243711,6.849958651353072,2.9378455365799967,0.7213060979703771,0.718397642933609,4
1766226891355921366,6.698786708870363,2.67898302795029,0.7214900919108894,0.7184141233014654,4
1766226891375700957,7.983296446391064,2.470817067568152,0.7229668926561793,0.718346853826911,4
1766226891400679280,7.433194477194149,2.899085084018039,0.7220834493821271,0.7185124916306079,4
1766226891433873715,6.364237159622421,3.0120897430354803,0.7207998808894899,0.718397809618337,4
1766226891500698534,7.663457613991453,2.7165120648921905,0.7224518236421501,0.7184363205596616,4
1766226891552830123,6.890183878861311,2.834672739431607,0.7214307857032244,0.7183692905122838,4
1766226891575671024,6.8481235277566554,2.885716188245726,0.7214116216327342,0.7184382712811774,4
1766226891600792327,5.500464012355266,2.529466515124648,0.7221200472649414,0.7183842922096912,4
1766226891675676983,7.1373282113630365,2.749484025542166,0.7218998317184689,0.7184547456663808,4
1766226891700691514,7.466413403829253,2.475154396994237,0.7225380283043659,0.7184051518763372,4
1766226891753060220,6.607994076079926,2.7580581374141455,0.7212875404141679,0.7183877882183605,4
1766226891775691817,8.11388177429151,2.6703332999976332,0.7228859127882311,0.7183350403116471,4
1766226891801495394,7.004069288477743,2.829764105711223,0.7216720950022393,0.7184307177497565,4
1766226891853186394,6.914342375921256,2.794571046497075,0.7215486393282968,0.7183788990980691,4
1766226891875680883,6.808321435665787,2.894765290969925,0.7213948425599828,0.7184715090637698,4
1766226891952789013,6.55516314572091,2.6618570702801008,0.7214046717749932,0.7184395493409499,4
1766226892075680547,6.4170234164709905,3.0012514590975687,0.7208884910907262,0.7184621173607151,4
1766226892154682390,7.101584432966046,2.81495604728868,0.7216805767660761,0.718355813557049,4
1766226892175680063,6.666450788372913,2.812595582172171,0.7213148037932278,0.7184258965549175,4
1766226892254084281,7.253309935376873,2.5045638732434616,0.7222602524539964,0.7184487223358533,4
1766226892300702606,7.602850973702169,2.659096060817254,0.7224260485712721,0.7184198451412296,4
1766226892354151694,6.585091813822941,2.7502987882345558,0.7212895331835316,0.7184101565408805,4
1766226892375682671,6.982899263044073,2.8444547068613786,0.7215655536603149,0.7184152784706893,4
1766226892456298080,7.247068548155267,2.898969170169016,0.7217677922212293,0.7184011670116734,4
1766226892475690532,7.810097408638139,2.7299926449862806,0.7226424322713846,0.7184594007280731,4
1766226892575680640,6.899920705945695,2.8227774347908947,0.7214704842037526,0.7183687006787614,4
1766226892753361324,7.427219233285265,2.795293632691004,0.7219757917431802,0.718309875286465,4
1766226892775686014,6.96434060880502,2.6418789080821736,0.7218480267088316,0.7184375137435514,4
1766226892853954527,7.0851632813858645,2.734398416590518,0.7217536967237017,0.7183850311318847,4
1766226892875684397,7.986304944322398,2.6759331268131197,0.7226688612147718,0.7183208038461402,4
1766226892900686275,5.469375135381926,2.760495437761418,0.7220880564992647,0.7184421216391941,4
1766226893000695209,5.305770890538297,2.6719100432512732,0.721980153133483,0.7184172447084027,4
1766226893053149155,6.927310143931109,2.6834296381265443,0.7216189314503949,0.7183049291580674,4
1766226893075690863,6.970831848813197,2.7372182385954202,0.7216198156572462,0.7183375900025459,4
1766226893100697990,5.136175995359427,2.599870454025503,0.7218175663981177,0.7184204916381586,4
1766226893153272804,6.803658303138116,2.8977765084447435,0.7212792662747134,0.7183696100061586,4
1766226893175697642,6.755632465327843,2.7251409717125212,0.7214033356429863,0.7183223754217316,4
1766226893253199152,7.192185212217872,2.946002032327689,0.7215408205555642,0.7182960929966398,4
1766226893300697162,7.571324867591267,2.7688674286711805,0.7222730163371034,0.7183920529110533,4
1766226893353517457,7.282245733765902,2.9144990209640054,0.7217078581207731,0.7183445601118976,4
1766226893400703350,4.727305415684557,2.9467953957592434,0.721398698670809,0.7184784899830138,4
1766226893453494912,6.960736026755954,2.850848845004924,0.7214746471420633,0.7183524669673534,4
1766226893475685258,6.710995394850094,2.8842329490967415,0.72123503313186,0.7183951852730805,4
1766226893500672589,7.570269671781205,2.422216873879951,0.7228174943272273,0.7185001434756308,4
1766226893553938332,6.994611758959435,2.764301666385541,0.7216173657415639,0.7183737126220621,4
1766226893575693460,6.969642638032902,2.8663646915434735,0.721547082080937,0.7184156781051179,4
1766226893600799184,7.518984240842741,2.516306100471937,0.7226837448213699,0.7185297965557018,4
1766226893675695771,6.858258650476956,2.7784295498391653,0.7214995301167245,0.7183667880850786,4
1766226893700796585,6.842166423453366,2.7888123308081263,0.7214995301167245,0.7183820213897564,4
1766226893750697517,6.867638281072175,2.7739147960667125,0.7215123448409116,0.7183865778590389,4
1766226893800742019,7.704916326964906,2.6283015792869815,0.7225111807279269,0.7183290883130391,4
1766226893853893518,7.15565835192522,2.970087915465584,0.7216906084411197,0.7185244070427784,4
1766226893875711995,6.823189088973947,2.804571427382051,0.7215139276387748,0.7184572204598674,4
1766226893900717279,8.198552432758909,2.6230374064259454,0.723131421795586,0.718405369859573,4
1766226893953818663,6.833722908100137,2.8168804601810615,0.7213257214838228,0.718312912918795,4
1766226894000714981,7.391951448357248,2.6476946857517447,0.7223045208640531,0.7184709462466415,4
1766226894053470535,6.787469264073698,2.9404642415254694,0.7212666433352535,0.7183771683136787,4
1766226894154417313,6.94272669405871,2.887149284370115,0.721512516783868,0.7184402583959074,4
1766226894175690464,7.303260556161595,2.7396042732497747,0.7220213017866038,0.7184450070612141,4
1766226894200716447,4.867949122176918,2.572727426396041,0.7217603850942496,0.7185166542842426,4
1766226894254511456,7.203474257353237,2.7670994695885236,0.7218855393092173,0.7184332477953523,4
1766226894275836615,7.763743621732044,2.744482913657415,0.7225449847141955,0.7184487060731405,4
1766226894375695887,6.8701780662920875,2.845310954384054,0.7213702019480704,0.7183086545852362,4
1766226894400750013,5.815544308129361,2.598652879347727,0.7223701489991707,0.7183910200179813,4
1766226894554765653,6.8851615936448285,2.7974823272675344,0.7215169845151144,0.7183987717127187,4
1766226894601595376,8.097418450202841,2.7320019301838263,0.7229995198401199,0.718521746208755,4
1766226894675724549,7.32896557856888,2.8453830970914966,0.72194301893136,0.7184554880305661,4
1766226894700721788,7.06252357351056,2.6063745561539604,0.7220184729176448,0.7184472655844095,4
1766226894754116655,6.726986706196314,2.642718177507364,0.7216985646289521,0.7185654588122704,4
1766226894775704318,6.513173760737789,2.8602585525151842,0.7211096092890992,0.7184144411851893,4
1766226894800715693,7.580529303020445,2.480653450558059,0.7226641262007656,0.7184275958060553,4
1766226894854163630,7.084925010776177,2.614346824224151,0.7219890499113161,0.7184176977687341,4
1766226894875704434,7.07658277189005,2.831031725678013,0.7215872840098123,0.718319694332058,4
1766226894954683454,6.9636916002649984,2.8040196360915015,0.7216208845580063,0.7184364803459165,4
1766226895055269243,6.731687278269338,2.7826245451585274,0.721328735118182,0.7183330376017381,4
1766226895133550079,6.797964849991178,2.732551279173738,0.7214573640348344,0.7183557049963843,4
1766226895175719391,6.872715397475582,2.5110028266208984,0.7218825713994831,0.7184405084774393,4
1766226895200994102,6.968967894042,2.5585973395982275,0.7218825713994831,0.7183441544860366,4
1766226895258692236,7.281218629429986,2.543032751015042,0.7222415470430694,0.7183860599169695,4
1766226895275710461,7.906393475762052,2.67741463237791,0.7226072748658382,0.7183305278146095,4
1766226895302552982,7.678957673931341,2.621693058568274,0.7226753147096995,0.7185253096839777,4
1766226895354114018,6.70642375759567,2.744516187367797,0.7213779436086589,0.7183886319642308,4
1766226895400787446,4.835555268524083,2.754611628981723,0.7216377123395562,0.7185071121213947,4
1766226895454799463,6.627804788061242,2.7742686626948143,0.7213428734481252,0.718429170839802,4
1766226895500798553,8.078703089985373,2.521274610822656,0.7232195717063276,0.7184766536743274,4
1766226895575715278,6.821297968106599,2.7187099047558827,0.7215796709171496,0.7184223933838423,4
1766226895600985471,7.788427591726266,2.5834354696814352,0.722755512968603,0.718411408231902,4
1766226895654717942,6.6538515353602445,3.0079118740628012,0.7209448253728047,0.718308322427314,4
1766226895675706798,6.822829438196232,2.7376854174182625,0.7215444457607814,0.7183876417442742,4
1766226895700712633,7.951665296561994,2.5235026041132005,0.722997938741471,0.7184132562670518,4
1766226895775723155,6.7433653744615185,2.8570173924172844,0.7212258561058666,0.7183207926809806,4
1766226895875705769,7.53526860055409,2.5493852127135006,0.7226897243882803,0.718572594062545,4
1766226895975716114,7.130959080964283,2.9298308074329564,0.7215471757338651,0.7183608821249782,4
1766226896000915704,7.613603025770188,2.9193531955022776,0.7221216906755301,0.7184021266418766,4
1766226896054979960,5.2414330032652945,2.584660669818163,0.7219530572630058,0.7184199601581818,4
1766226896075718224,6.805836512986274,2.943656581274238,0.7212559135823439,0.7183869301327555,4
1766226896154685202,6.471979576434417,2.8394511819388524,0.7210802735375569,0.7183980824009472,4
1766226896175705587,6.682254877177218,2.85219697789235,0.7212510672161214,0.7183909123148902,4
1766226896200701673,7.612467041207438,2.470235889687886,0.7226658395633975,0.7183745724303227,4
1766226896275711273,7.743686771805147,2.6649384272837486,0.7225638300520424,0.7184307610138083,4
1766226896300928446,6.806598302824596,2.951730515842894,0.7213315078803916,0.7184502371937161,4
1766226896375716259,5.081394337371314,2.978260753381321,0.7215722990398215,0.7183369241708712,4
1766226896401034512,4.735465695151264,2.77650585567765,0.7215357728909558,0.7184552674217909,4
1766226896454772574,7.0323572461133965,2.9089325532379138,0.7214160146990319,0.7182647538765187,4
1766226896555042367,6.643372856092844,2.8576334278400837,0.7211717522699328,0.7183294660961781,4
1766226896575759181,6.798846557272031,2.728702956916482,0.7216078952163981,0.7184683785574364,4
1766226896656740058,7.4726709595022145,2.4297228155177883,0.7225941713781247,0.7183945778999173,4
1766226896676238089,7.061169585345417,2.565113708788073,0.7220576429910996,0.7184634086093744,4
1766226896705553884,7.009510163592303,2.5988464538826865,0.7220576429910996,0.7185214974286345,4
1766226896734707324,6.998716937086091,2.8152909725351143,0.7216566548237265,0.718408725120982,4
1766226896800709774,6.354337489560824,2.897562030269471,0.7210285977113589,0.7184662552155853,4
1766226896855633508,7.285655784499578,2.773176564844068,0.7219257511738725,0.7183764275421338,4
1766226897000720917,7.96531388459909,2.6967310450604396,0.7228199122738888,0.7184634420172098,4
1766226897050727357,7.308102026268415,2.981523288131049,0.7216006908811595,0.7183028596482464,4
1766226897075725207,5.291306989027356,2.6305455493694434,0.7218457105917613,0.7183095785891528,4
1766226897100887016,7.421648853558782,2.4476354789514376,0.7226114100367339,0.718514659742906,4
1766226897150723456,7.3238910102856325,2.8026408594162238,0.7219337262145705,0.718406479403009,4
1766226897200735076,7.504428953386988,2.715582079008055,0.7223082488237933,0.7184272364318433,4
1766226897250726648,6.670148181088353,2.70207751884215,0.7214271260073851,0.7184091512353656,4
1766226897301020950,7.577908192143434,2.681273855377237,0.7224486012854353,0.7184712250765458,4
1766226897355298657,7.086788656536336,2.8262352188180353,0.7216513739584112,0.71838623689675,4
1766226897375718953,7.12860516396574,2.851892457411341,0.7216675471421743,0.7183888913470187,4
1766226897400807925,7.5299465944607125,2.6908007608944353,0.7223300508617052,0.718438438689675,4
1766226897450739674,6.858244784278322,2.894334990852979,0.7213280173307142,0.718369333344004,4
1766226897475882517,7.700373262655713,2.6227961013992314,0.7225460770656132,0.7184096380103777,4
1766226897501592216,7.1281572660788495,2.495459884895272,0.7221663605503247,0.718422973706592,4
1766226897575759341,7.879266671844687,2.630988764895864,0.7227193361663613,0.7183787330163253,4
1766226897600917122,7.103617879963275,2.863924263622254,0.7217478927239034,0.7184654472931525,4
1766226897700742749,7.591442034750706,2.60863369995266,0.7224278732883802,0.718355149777995,4
1766226897750716147,7.004093909161457,2.854903491707029,0.7214975752537559,0.7183404930652896,4
1766226897775710931,7.325803195566416,2.880126834055618,0.7217829358767665,0.7183307785616986,4
1766226897800915149,7.256221643394678,2.905891717709247,0.7217829358767665,0.7184029853740803,4
1766226897850716443,7.267422072759877,2.740354106975769,0.7218830811878497,0.7183217356117895,4
1766226897975723526,6.367493867211249,2.707974400490085,0.7210552077568954,0.718319631622178,4
1766226898075717521,7.778101503625678,2.3717067129018607,0.7228826448819063,0.7183506504510229,4
1766226898100722805,5.4703292928202085,2.7879527055091557,0.7220572874826325,0.7184614382793185,4
1766226898150711882,6.8755710506055445,2.6988924210514504,0.721604623568554,0.7183770485705091,4
1766226898175720302,6.8052033907087806,2.8537571848016414,0.7213459751733236,0.7183425473519597,4
1766226898201024358,6.679716203971009,2.8561826551587965,0.7213459751733236,0.718467618290968,4
1766226898250717208,6.561479857645214,2.98343330841768,0.721000289546479,0.7184243190900409,4
1766226898275717202,6.836991853501728,2.7075614504272663,0.7215099813945507,0.7183214367282745,4
1766226898300731222,6.699765625045262,2.7412600250703067,0.7215099813945507,0.718463051490756,4
1766226898375713611,6.6788350845539135,3.0077542872417085,0.7210466828119736,0.718364171742931,4
1766226898450719233,6.702372883297225,2.7722116898087448,0.7213298874149681,0.7183582332638218,4
1766226898575723731,7.90164904495072,2.5434076312899774,0.7228122449361569,0.7183692978366268,4
1766226898600875560,7.000035785991399,2.8478325562173636,0.7216070798190922,0.7183735072798743,4
1766226898650715217,6.887080956174629,3.0385691560657757,0.7212577403779347,0.7184142576574388,4
1766226898750717296,7.247037129266332,2.70504274770746,0.7218920593598712,0.7183100325834388,4
1766226898775723031,8.00754732994957,2.5427021412509534,0.7230124489882948,0.7183818666017494,4
1766226898850766334,6.391702517036801,2.8509525469537973,0.7208962597770631,0.7182776156897333,4
1766226898875735891,7.41442302812545,2.6475475648440185,0.7221567590754738,0.7183179487952455,4
1766226898901495113,6.531614067129987,2.9684935097038183,0.7211028228732347,0.718489769130609,4
1766226898950729651,7.283430143124492,2.7822210306220145,0.7218619954528136,0.7183265522591351,4
1766226899001160499,7.976441785966126,2.68860779703371,0.7228239952488731,0.7184360614519794,4
1766226899100839351,7.332555430565213,2.5388698731504857,0.7224213838593819,0.7184868231720395,4
1766226899150728379,6.731967288822416,2.859319491444678,0.7213444628006792,0.7184383824460661,4
1766226899175726991,7.086448365289821,2.9301066643882416,0.7215675637843769,0.7184358043377211,4
1766226899200735981,7.084245279009527,2.9771272176242602,0.7215675637843769,0.7184421558909551,4
1766226899250731190,6.908702429072711,2.874529662932338,0.7214647395171744,0.7183945698580574,4
1766226899275720754,7.130769333277054,2.60165814261032,0.7220154335054012,0.718415439707102,4
1766226899301346175,6.650171512080694,2.8825425545793317,0.7213475781197153,0.7185014976392122,4
1766226899350724062,6.101430740956482,2.8214638581429607,0.7208089098942626,0.718463941585826,4
1766226899375727122,7.836323086240382,2.628112027254229,0.7227575279550458,0.718444297054281,4
1766226899450733686,7.055698705532909,2.8095217213900354,0.7216339073337262,0.7183516942438622,4
1766226899575727594,7.804024220411709,2.3339707975680435,0.7228924330155744,0.7182805895782319,4
1766226899600806065,6.718222779409921,2.6865844245073385,0.7216261139924465,0.718476173727685,4
1766226899650724610,6.990334078077365,2.8294114650915505,0.7215439946650524,0.7183649914046236,4
1766226899675734302,7.396371383000533,2.8542980217540626,0.7219514938779662,0.7183992169080572,4
1766226899701209550,7.369583148283065,2.8916322512906247,0.7219514938779662,0.7184278241179483,4
1766226899750990666,6.671858858636526,2.7728468853156167,0.7213298827206988,0.7183989912921359,4
1766226899875734773,7.632947627233322,2.2981236408930754,0.7228198679138362,0.7183477063703225,4
1766226899900836609,6.577057513525553,2.7198884139071144,0.7214691005774808,0.7184950446388673,4
1766226899975728978,6.960651738959656,2.6854781539586274,0.7216464807986054,0.7183259374110188,4
1766226900001145466,6.834676155309971,2.749962645610975,0.7216464807986054,0.7184562649106728,4
1766226900050735452,6.525926143959637,2.8956027413184815,0.7210589221996512,0.7184046578647366,4
1766226900075727801,6.7511989712767395,3.0119054132120198,0.7211305406866825,0.7184116991050999,4
1766226900101926921,6.639465364450259,3.0637340470619057,0.7211305406866825,0.7185262464628961,4
1766226900150738423,6.910904398691353,2.797693133839525,0.7214655688543958,0.7183340611784017,4
1766226900250728089,7.127264751654927,2.77706235177852,0.7216754374328805,0.7182831872112597,4
1766226900275736588,7.10052833111896,2.8473328369602915,0.7215905151352355,0.7183285504794236,4
1766226900301577484,5.306213349951738,2.8858249208203044,0.7218465517455502,0.7184090083820707,4
1766226900350741078,7.373503722004515,2.919574616709356,0.7218133095472944,0.718371491517269,4
1766226900375729220,7.6688349874803885,2.742681929366706,0.7223041700898316,0.7183668033948838,4
1766226900400916666,6.953675836870454,2.9445641583326934,0.7214710841809646,0.7184312849974231,4
1766226900501492766,7.138148296625291,2.7840127225604787,0.72179167728878,0.7183662734094381,4
1766226900550734376,6.665238318462996,2.8709836107560642,0.7211579267891783,0.7183717761011363,4
1766226900575736975,7.494053650448973,2.4139353081189117,0.7224967258065083,0.718321585323997,4
1766226900600817110,6.762732328889687,2.8512524795579246,0.7214200584692579,0.7184535884917639,4
1766226900650727428,6.97867283495146,2.885442008099412,0.72139730716214,0.7182728937978241,4
1766226900702231426,6.977240031530774,2.894837779883575,0.7215576012037515,0.7184233809696766,4
1766226900750747692,7.2692187852284595,2.84601704418157,0.7218748614512323,0.7184368470476613,4
1766226900775739350,7.557236719728855,2.6671177356236724,0.7223943098196185,0.7184633046778646,4
1766226900802092600,6.766276716087649,2.931433466669658,0.7213479592447769,0.7184667827347908,4
1766226900900881286,7.014045059111851,2.902120419092892,0.7215540676096072,0.7184007442917568,4
1766226901001162430,7.755231609936741,2.6083592314245667,0.7226732488727061,0.7184250468936719,4
1766226901050731768,6.880521824956243,2.932457086364036,0.7214140765543079,0.7184580375219148,4
1766226901202253273,7.485201486823079,2.467686477891147,0.7225201914064951,0.7183626372228848,4
1766226901250744672,7.1285668814481395,2.957509577306795,0.7215429284651257,0.7183835417158227,4
1766226901275947808,7.704615233034118,2.6492153374428304,0.722545144382517,0.718425043039426,4
1766226901300980003,6.573866339770751,2.927431109906466,0.7211927155228854,0.7184929109039457,4
1766226901375748659,7.088678365238299,2.628066665789717,0.7218828770617456,0.7183666786577362,4
1766226901401310910,6.3021239555896,2.8837863103837513,0.721005907727722,0.7185030587045419,4
1766226901450737890,7.013111474738709,2.9873630586575377,0.7214373340171829,0.7184125019215842,4
1766226901475742552,7.592258421276421,2.557133599365708,0.7226488766726437,0.718482004032461,4
1766226901502314835,6.871927904995023,2.827812859140686,0.7215693494153482,0.7184171990178473,4
1766226901550740169,7.867696729557561,2.6899417201080347,0.7227164625424413,0.7184285079459977,4
1766226901575759740,7.888033094668567,2.8064728616394654,0.7226229611249373,0.718486429292402,4
1766226901601147583,7.068276293091369,2.967815015899443,0.7214381166798833,0.7183363693364636,4
1766226901675826581,7.446888999152579,2.729827129160477,0.7222231084238522,0.7184303123928854,4
1766226901701499090,5.2775182064711545,2.796694784236682,0.7219432624524926,0.718514079608372,4
1766226901750748445,6.731178544697514,2.6553334481549564,0.7214883331264842,0.7183387594696412,4
1766226901802368852,5.09279451262068,2.4796829451020104,0.7219516285543142,0.7184906804338177,4
1766226901850721920,6.922178277078195,2.6279413208274702,0.7217181566006734,0.718345731315742,4
1766226901950756280,7.394175171865358,2.8593925532654745,0.7217985487885472,0.7182593171336754,4
1766226901975752506,4.852881885391014,2.8286256012970314,0.7215792471210407,0.7184871301259121,4
1766226902001706084,7.020779885677952,2.7353763779278433,0.72180537560689,0.7184577869713887,4
1766226902050755734,6.652807336189559,2.8598421152366895,0.7211803832722143,0.7183303540379347,4
1766226902103233033,7.750682042715673,2.804655178638505,0.7225985730592885,0.7185706235198095,4
1766226902150760237,7.886305205756061,2.5005151698349155,0.7229038462284355,0.7184056955978032,4
1766226902175746465,7.888915986933087,2.5420983997127027,0.7228451485930972,0.7183727661238175,4
1766226902203531389,7.023001636481285,2.815602121502161,0.7216677831098752,0.7184254891583767,4
1766226902250754732,5.575882696178591,2.636914383597349,0.722113896913944,0.7183383486390053,4
1766226902275750077,5.0255795071728615,2.9370917475710603,0.7216363354884914,0.7184210579069019,4
1766226902302156768,4.987517705640654,2.9535269879634463,0.7216363354884914,0.7184599044641035,4
1766226902350759275,7.124494365186362,2.8685397174739076,0.7215736767699119,0.71832759703175,4
1766226902401579426,7.010474854419857,2.941160081265281,0.721509416827701,0.7183927307520613,4
1766226902450743611,6.911769550310032,2.8237501452447327,0.7215228202059347,0.7184118624370077,4
1766226902475850896,7.755431005887492,2.563433723473206,0.7227207057030746,0.7184002254095339,4
1766226902502093879,7.0594346597380175,2.8685772669012155,0.7216938943627318,0.7184686993091487,4
1766226902750757672,6.478863062891582,2.8380144512730334,0.7211168840690858,0.7184392496345781,4
1766226902775831625,7.5942609764783064,2.6726750019586225,0.722455730587014,0.7184434383460714,4
1766226902850830173,7.005462285423869,2.89877475909579,0.7215399466988021,0.7184230821827453,4
1766226902875758883,7.2439995035277205,2.7030247283327316,0.7220176613205597,0.7184043952676055,4
1766226902904867829,7.2439995035277205,2.7030247283327316,0.7220176613205597,0.7184043952676055,4
1766226902950769203,7.798295131309474,2.6646379719113753,0.7227336427544746,0.7184611394385608,4
1766226903150864823,6.729835363791792,2.6388506573997765,0.7215855109551308,0.7184183253394703,4
1766226903175798001,7.518192785076483,2.5626279207124587,0.7225955775197175,0.7185032578654886,4
1766226903205855893,6.969140731083012,2.791236004931546,0.7216512345576689,0.7184172125866154,4
1766226903250753969,7.740406516233089,2.852225770887403,0.7225098253139141,0.7185741446468465,4
1766226903275766176,5.320277429401443,2.5924864952586604,0.7220641611467881,0.7184680144530387,4
1766226903350889449,6.611921878249882,2.895037156464934,0.721058115717567,0.7183087081116926,4
1766226903402103401,7.392769013284783,2.579750442570874,0.7223563303477296,0.718445863302276,4
1766226903450844008,6.8730557647235235,2.8008045849275005,0.7213809890471676,0.7182884582438985,4
1766226903475948799,5.00142739095355,2.629991414728588,0.7217326588011862,0.7183937351489615,4
1766226903502941282,6.721403471671161,2.800238760635205,0.7213116753184,0.7183285969518283,4
1766226903551046073,7.6106095142060015,2.743625991070368,0.7224214266378061,0.7184621383649027,4
1766226903585461775,6.639040130482665,2.9048106156159244,0.7211816531412217,0.71841757556811,4
1766226903606159022,8.033736031833216,2.8316152267554884,0.7227180197131335,0.7184276784003121,4
1766226903650842605,7.254245282760863,2.8840525965275257,0.7217957508874414,0.7184182476221029,4
1766226903675910447,7.874542833840592,2.6928954898465984,0.7227132566996783,0.7184273148657987,4
1766226903702695058,6.845287445610748,2.988138921468602,0.7212495070116575,0.7183598634460602,4
1766226903775889291,7.934657364924269,2.5904743258247005,0.7228631878113995,0.7184133306840311,4
1766226903802527067,6.753691200215184,2.802289709135612,0.7215024381141855,0.7184654250386028,4
1766226903851096142,4.828091541588142,2.899793072269274,0.7213932311326361,0.7182965404330237,4
1766226903903004150,6.661910443548136,2.743809854045435,0.7214408582994676,0.7184331861475148,4
1766226903975767432,8.035683745362343,2.5422191107386993,0.7230296962134116,0.7183922447182232,4
1766226904007214176,7.774145858345238,2.6556746735258523,0.7226742124936427,0.7184579158744957,4
1766226904050759397,6.954941498311884,2.7891446160951605,0.7215732019912761,0.718396835211877,4
1766226904075935763,5.188836828973753,2.8316865018246946,0.7218222202809561,0.7184911974609285,4
1766226904102848666,6.590191057739503,2.923374152317454,0.7211233047376824,0.718435782414296,4
1766226904175775727,7.930396567824349,2.6789813045889344,0.7228709652807165,0.7185239737187127,4
1766226904203389429,7.267711316287451,2.931693740514587,0.7217557579216184,0.7183940423568922,4
1766226904250761340,7.144523088531751,2.7889658782337308,0.7217196566854265,0.7183279798105257,4
1766226904402736389,8.060324820592712,2.7583690230506064,0.7227696950970727,0.7184106078158313,4
1766226904450763203,6.542853087964318,2.7444207633914015,0.7212438303692104,0.7183735826409341,4
1766226904475869116,7.637697823227874,2.393881981440732,0.7228719101507103,0.7184424656442472,4
1766226904575782668,4.806116310549169,2.6193922560537954,0.7215673679240359,0.7184194945469938,4
1766226904602905797,4.86253731762798,2.627526225976231,0.7215673679240359,0.71836208140965,4
1766226904650841439,7.16660481885012,2.929800129469449,0.7216457805934673,0.7184288520238897,4
1766226904675782081,7.564714896087121,2.658384199196439,0.7225798192241067,0.7185648959410589,4
1766226904750875939,6.778799987166573,2.78830429787236,0.7213607509220605,0.7183225426641286,4
1766226904775790782,7.499388486523539,2.5487811434932715,0.7225513216294324,0.7184479897440358,4
1766226904875782231,7.6789919497213255,2.708266241716177,0.7225546253958532,0.7184667727835301,4
1766226904950756193,7.116770005365036,2.7009345043218835,0.7219557259603143,0.7184575632113468,4
1766226904975773559,7.585895243221841,2.6618247364262677,0.7224715435196428,0.7184607169245824,4
1766226905003045879,6.859682793910804,2.897008118758427,0.7214941908845922,0.7184935774367652,4
1766226905075767162,5.152891606201138,2.673562274015447,0.721875262259185,0.7184576039622572,4
1766226905103285183,7.233708943328976,2.8596112406521565,0.7218475643304445,0.71844274757979,4
1766226905150772412,6.691892950449363,2.762394282207331,0.7213715885251253,0.7183867566192014,4
1766226905175771174,7.64756050515325,2.6281391689545077,0.7224704567559458,0.718344788554942,4
1766226905203258307,6.942192201107922,1.886041736222374,0.7229051142846995,0.7185363394181913,4
1766226905250764772,5.3912356119083515,2.7832003492108126,0.7219235241928318,0.7184161506719513,4
1766226905304085829,7.8373027651384986,2.5527154259528735,0.7228236236159458,0.7184070831425713,4
1766226905350769836,6.979612591187401,3.024364095771698,0.721355819444627,0.7183939363457866,4
1766226905384238576,6.960725872614981,3.0281777829008485,0.721355819444627,0.7184114901502615,4
1766226905425828908,7.69639379552145,2.605344558210817,0.7225985934900964,0.7183830461551058,4
1766226905450769981,4.930272221625898,2.802901935567065,0.7217253498917199,0.7185563356116711,4
1766226905475775545,7.568218293973694,2.422727578932757,0.7227756560924504,0.7184814059542693,4
1766226905550767260,8.249559999721544,2.737803216986802,0.723135137176362,0.7185089666097012,4
1766226905575769258,7.450202088635227,2.3163741836386254,0.7227328552158035,0.7184382706489668,4
1766226905603629253,7.817842519617257,2.6597254581160925,0.7226684314150501,0.7184090651945703,4
1766226905650769399,7.0836051799815225,2.9968130769031136,0.7214790098968682,0.7184173888404269,4
1766226905750776887,7.186040827191653,2.8209469272850733,0.7216661104886625,0.7182811825581842,4
1766226905775772222,7.731131779830203,2.548987711373128,0.7226334421099934,0.7183234415622883,4
1766226905803967078,6.4040659935504785,2.8831973193376945,0.7211085717762916,0.7184846321313089,4
1766226905850774257,6.843677370011569,2.842615671033759,0.7214061484668898,0.7183731755884432,4
1766226905875784069,7.491261672317506,2.5587351351094396,0.7224966530590635,0.7184530664087307,4
1766226905950772207,7.049670422228038,2.81934618238788,0.7215953535212976,0.7183354695467252,4
1766226906002995428,6.9109825465183405,3.024162489298084,0.721447503378161,0.7185660492388929,4
1766226906050790576,7.0320770330668525,2.7647837139168683,0.7216611592129784,0.7183545498000315,4
1766226906075776162,7.816574974913948,2.657927221300393,0.7227111114901171,0.7184596358038383,4
1766226906103646257,7.836123782850923,2.4872562190762646,0.7229636762750763,0.7184735699684497,4
1766226906150774470,7.000879122964876,2.851091587038922,0.7214907368192164,0.7183514620629419,4
1766226906203009243,5.490406326035258,2.654095163041835,0.7220528630108913,0.7183864114877567,4
1766226906275778195,7.626891096982225,2.7749392972791203,0.7223292854185356,0.7184188609190288,4
1766226906302991123,7.590439543859517,2.9392079754327343,0.7222426477976238,0.7185457597017001,4
1766226906375775143,4.750308187623453,2.9431112979965914,0.7213408337740311,0.7183352627506256,4
1766226906450764193,6.887656234500383,2.7069644174226752,0.7216758948677728,0.7184299716233171,4
1766226906475772423,7.474968869340848,2.4804517681843663,0.7226254540903798,0.7184831277336446,4
1766226906503296375,6.830484680338089,2.719397668660858,0.7215982258525532,0.7183945744739053,4
1766226906550769578,6.853425231007626,2.9115589938756985,0.7212730679202887,0.7183521608090568,4
1766226906576177739,7.263394855336669,2.5680182229485706,0.7222310511584058,0.7184202433493069,4
1766226906603405094,6.633528933763011,2.841901428664422,0.721326515960222,0.7184522294184628,4
1766226906676149100,7.67606752315797,2.6130508183606196,0.7225355617529433,0.7183845257850617,4
1766226906775809655,7.556167326185248,2.581875950364036,0.7225289886479881,0.718427831408806,4
1766226906903594153,6.870473855474124,2.8948183391549684,0.7214440761741696,0.7184151835895269,4
1766226906950825229,6.8341524683366295,2.641601138564872,0.7215890148066828,0.7183276715791291,4
1766226906975794014,7.583250084305382,2.622702930374698,0.7224968111484268,0.7184219226471902,4
1766226907004476457,7.560307596912619,2.5105040748467493,0.7226312501032922,0.7184198466513518,4
1766226907075781214,7.464049268374517,2.5511271416007597,0.7223981686152912,0.7183716443017025,4
1766226907104999426,6.581923874398488,2.7669945320223466,0.7213131875291858,0.7184166677775519,4
1766226907150771377,6.9799137855239834,2.808683975856779,0.7215825739223212,0.718384255273755,4
1766226907175775177,4.956441437650061,2.7087000709765117,0.7216810272380865,0.7183748023780692,4
1766226907204415030,7.461915298377919,2.795322509500506,0.7221935311553441,0.7184534531371697,4
1766226907250773935,6.48812898629636,2.8320972440334597,0.7211497535902673,0.718445468271403,4
1766226907304122624,7.5758071140618055,2.5634760410207793,0.7225400220615777,0.7183968120297727,4
1766226907350777216,6.733452239162441,2.868261158458562,0.7212153179831546,0.7183467436877049,4
1766226907403632936,7.612219005394771,2.6182348046772392,0.7225432409056867,0.718445978314017,4
1766226907450784443,7.107317941802971,2.8309422414261767,0.7216964629537057,0.7183708825573886,4
1766226907504315475,6.800071948454667,2.80974724984798,0.7215107960586944,0.718422739677895,4
1766226907550781091,7.023621825171356,3.039941965308094,0.7212915813998229,0.7183482457221206,4
1766226907603949139,7.807229913636804,2.605571053322764,0.7228235928293966,0.7184786460826125,4
1766226907650781867,6.6323691287227815,2.6849513586817233,0.7214448352540618,0.7184264088816706,4
1766226907704441410,7.867606558848994,2.772241741805557,0.722655379422145,0.7184660415265676,4
1766226907750780498,6.992235782767198,2.728930448113665,0.7217414154315038,0.7184230390561711,4
1766226907835712318,7.171583178025243,2.910912679495499,0.7215653447202401,0.7183200728646337,4
1766226907875791065,8.079070271804989,2.7396710590330073,0.7228220499167781,0.7183763348138661,4
1766226907950798039,7.640799447624302,2.68149709713026,0.7225308533092281,0.7184682457138047,4
1766226907975788535,7.537650005823848,2.5412928352410273,0.7225596219866396,0.7184388069499568,4
1766226908004670022,6.362085247759164,2.7803013320681456,0.7211958214320101,0.7184976176987856,4
1766226908050780690,6.9384945477782844,2.8472869529746254,0.7214612029998579,0.7183761822175371,4
1766226908175787290,5.171550411850023,2.7135856716192537,0.7217713706748144,0.7184061798159928,4
1766226908303996717,5.258848095059054,2.9287351712293708,0.7217602784089602,0.7184204705707605,4
1766226908350788828,6.915459287153203,2.8203884249733697,0.7215714133940627,0.71847497828903,4
1766226908375960264,5.277715967049512,2.7165781678223193,0.7219325350356784,0.7184387343381087,4
1766226908406837026,7.553893215548113,2.437240564805423,0.7227030640117657,0.7184475143205737,4
1766226908450828025,5.494089735335828,2.6197515601023196,0.7220439250332026,0.718381713928548,4
1766226908475799595,7.47852172668273,2.5736608093828317,0.7224399603581304,0.7184345105391341,4
1766226908505853348,7.680064808511133,2.5927689862042844,0.7226330713617098,0.7184338205419888,4
1766226908606864265,8.090965730970346,2.5093234443518173,0.7231576181094734,0.7184402691675457,4
1766226908650815309,7.723298703369519,2.7336277651417453,0.7224423828117329,0.7184157454753015,4
1766226908675815793,7.562182682125274,2.448177271763381,0.7225361066455618,0.7182814947885667,4
1766226908704828898,7.214282775432013,2.417475435489847,0.7223922547026472,0.7184414265074275,4
1766226908850794568,6.894381035922992,3.0695068987844927,0.7210796560268012,0.7182873282287905,4
1766226908875807666,7.41416465374789,2.5659349372510363,0.7224052834466145,0.718429714633808,4
1766226908904252622,6.916368825782282,2.871961929493382,0.7216004558080538,0.7185053843223723,4
1766226908950792638,7.873411470372793,2.741156356248189,0.7226385250334123,0.7184159944908387,4
1766226908975795547,7.155451074538632,2.9501695536206824,0.7216063581664351,0.718370423547714,4
1766226909004905344,7.4865115086597545,2.4290944162868997,0.7227314393750817,0.7185021327945643,4
1766226909050797120,6.774102946466076,2.7817221632186295,0.7214038276394127,0.7183551252739573,4
1766226909076121684,7.58161276893532,2.637636533238556,0.7225411921028859,0.7184995837574918,4
1766226909150795291,7.032828182382267,2.787578134947237,0.7216519333459833,0.7183780369548249,4
1766226909175935388,5.032262474755855,3.0377028308782457,0.721502141898726,0.7183888067035278,4
1766226909205419609,6.400415921966163,2.761550064043091,0.7212774479351735,0.7185284114266478,4
1766226909304806970,8.050007897397515,2.735968176485222,0.7228617296972528,0.7184342636350131,4
1766226909350849149,5.117827685828247,2.5525505465870255,0.7218352807145251,0.7184221352549507,4
1766226909375803427,7.691451192184728,2.591190386177944,0.7226624696327645,0.7184248687409609,4
1766226909405140091,7.132684129483424,2.7684803939369225,0.721811604562644,0.7183869071562579,4
1766226909450798267,7.100217197506309,2.5877262346725507,0.7219406432158171,0.7183631317453457,4
1766226909476547370,7.423179680975611,2.8693978035954975,0.7220358488325606,0.7184465301098457,4
1766226909504751984,7.408751797398749,2.460814747332906,0.7226106477714693,0.7184569333465716,4
1766226909550799413,7.176634453726627,2.838590928699646,0.7216476936436726,0.7182938865206454,4
1766226909576543377,5.070347498091432,2.6796264388133957,0.7217703211820977,0.7184016165950772,4
1766226909604832570,7.384425046067178,2.7791615518060837,0.7220449134685563,0.7183844305519891,4
1766226909650792915,6.776401336031301,2.9327247882631617,0.7211178307552085,0.7182482638641453,4
1766226909675797747,7.458122514755305,2.6656304644298476,0.7222714685881216,0.7183958839466167,4
1766226909750797888,6.962419461752134,2.759142803749548,0.7215970249958298,0.7183643175502189,4
1766226909775932224,7.824634865917113,2.7222213787092806,0.7226332354814535,0.7184365878922396,4
1766226909806285150,6.994948667083722,3.028589045015038,0.7214253100067618,0.7184577596155867,4
1766226909850807359,7.087538568424034,2.959483203797541,0.7215034831799881,0.7183986879278992,4
1766226909875809717,7.79020267839392,2.7476754777214447,0.7224169672591191,0.7183338421989403,4
1766226909950809657,6.940425664387462,2.631116774444888,0.7216534917121482,0.7182672323510139,4
1766226909975805723,7.243763573224649,2.7551474379243386,0.7220426457345048,0.7184517328095745,4
1766226910005266591,7.90609213162663,2.7464586260885473,0.7225989280269562,0.7183421869591694,4
1766226910050797358,6.950554315290125,2.793471040082418,0.7214964425575958,0.7182824356477316,4
1766226910075799045,7.978660221576561,2.69841549390347,0.7227469378043624,0.7183801646115006,4
1766226910105061238,8.063405901924003,2.5987816477884693,0.7231103775526935,0.7184698916361012,4
1766226910150801800,6.418376250472813,2.779106754479923,0.7211706609797546,0.7184675607539406,4
1766226910175805821,7.531098171347228,2.6212948226630735,0.722486057856744,0.7184615992255287,4
1766226910205734218,7.821239230710542,2.8075870621158887,0.7225742345158402,0.7184898368059973,4
1766226910275887388,4.895672065629353,2.6590302667614503,0.72169057415707,0.7185039768103763,4
1766226910305270990,6.865688520568458,2.5468642050916883,0.7218513791772958,0.7184352295869584,4
1766226910375793194,5.147813807265478,2.417142752585203,0.7220168810800849,0.7185325788208625,4
1766226910450808062,7.229039878623,2.7918311744748676,0.7218400850396978,0.7183613721052832,4
1766226910475813195,7.032951908854779,2.473074971516277,0.7221711806037565,0.718442699862083,4
1766226910505264846,4.599206301183045,2.8517539432050807,0.7213245594300066,0.7184174318835631,4
1766226910550796745,7.134468434465635,2.743793326897493,0.7217884806637739,0.7183423420430722,4
1766226910575802819,7.831722879379055,2.6468770258373016,0.7227231570378452,0.7184249881807016,4
1766226910605822839,6.882424768519413,2.867824361155027,0.7215079508776011,0.7184179831972992,4
1766226910650798281,6.573241070413016,2.6752390551251737,0.7213641609926844,0.7183879649536793,4
1766226910675810668,7.6678334846073115,2.7099676399691397,0.722442082906116,0.718396272658942,4
1766226910705015754,5.42636560318599,2.8465759090931035,0.7219725119306826,0.7184282741190391,4
1766226910750794988,6.843927730447397,2.704930335181071,0.7216980270190237,0.7184799859880129,4
1766226910775825269,7.855555269830283,2.5261317277738007,0.7229625731901643,0.7184689427015147,4
1766226910806957762,5.476620923060671,2.8286306694613885,0.7220283632439014,0.7184081235702287,4
1766226910875814833,7.601482196639586,2.3266766048991396,0.7230248806993812,0.7185416997580022,4
1766226910905143021,7.488298765948365,2.5669052183995875,0.7225550180343605,0.7185152963113449,4
1766226910950798953,6.801705122235324,2.7294262315842577,0.7215036815094615,0.7183898984862268,4
1766226910975798786,5.272807959959658,2.3741366131136337,0.7221442432325956,0.7184960711395406,4
1766226911006041885,6.600626802779175,2.5646747657442757,0.7216761165946265,0.718490146005516,4
1766226911050796662,6.720417606740914,2.7831325320438833,0.7213419771304367,0.7183584509804362,4
1766226911105730954,6.785351661240946,2.822021912559795,0.7213914297003572,0.7183918915180886,4
1766226911150803268,6.916384274118004,2.9248415076748935,0.7213405114165822,0.7183435461615231,4
1766226911175819452,4.7227712072527295,2.7284601161773963,0.7215434717826801,0.7184990584050671,4
1766226911205046289,8.068334085270411,2.6876495431134706,0.7228205197744005,0.7183685042992621,4
1766226911250798132,6.64394967923343,2.6549949090382436,0.7214168947468123,0.7183556357446127,4
1766226911275807503,7.583905670832336,2.6463598074274213,0.7224427251440986,0.7183922104229393,4
1766226911375806895,8.024894349993872,2.5600886082740852,0.7230069071164286,0.7184057085038282,4
1766226911405653077,7.117508884163959,2.917204261986212,0.7216740958571835,0.7184340453678263,4
1766226911475877772,7.889723756016709,2.8489052259399026,0.7224736168887987,0.7183756134252509,4
1766226911505348468,7.254000112001835,3.076991640383218,0.7215499752229917,0.7183975511611584,4
1766226911550797771,6.9030714042687125,2.7064698153390845,0.7216003020595976,0.7183562565767626,4
1766226911575798275,7.551746427675643,2.5182248618121186,0.7226304018135049,0.7184834940729142,4
1766226911605731201,7.186763437027621,2.484692926125577,0.7222894480407157,0.7184414822445443,4
1766226911650815969,6.913408662244547,2.96831508561932,0.7212999381749268,0.718329127607472,4
1766226911705944887,6.266097659266445,2.9569890792158318,0.720752758096627,0.718379103478029,4
1766226911805781693,7.34712786720193,2.395494404293817,0.7225575695740598,0.7184508974511131,4
1766226911850808201,6.7728047402294544,2.8852086942600903,0.721283089631919,0.7183836179194323,4
1766226911875812592,7.513173273281715,2.4630070501916212,0.7226502694466975,0.7184517658799016,4
1766226911905983155,6.428385516775159,2.7175519880693138,0.7212320202739937,0.7184410230960507,4
1766226911975820190,7.448262738296463,2.5473016202981626,0.7225327776547888,0.7184905253000823,4
1766226912006122561,8.100785566814706,2.730251067971321,0.7229644791441638,0.7184603924398711,4
1766226912050803108,6.919998899311386,2.741935767997964,0.7215829086922715,0.7183616494101397,4
1766226912075819041,7.68415038651038,2.6894920168453917,0.7225422273679694,0.718464504727327,4
1766226912105882843,6.719482710174418,2.981750772815633,0.721115671934693,0.7183157830308596,4
1766226912150819482,6.620524539197037,2.7394177456911692,0.7212915485637998,0.7183528911440111,4
1766226912175805770,4.799136011022775,2.906312862233522,0.7214726744267452,0.7184403752125884,4
1766226912250823843,7.0142072711281145,2.8906747256805096,0.721570531662378,0.7184120353642298,4
1766226912275818397,7.378876416103575,2.490183010221818,0.7224355870977911,0.7183950305698913,4
1766226912306488479,6.591032837852118,2.7425053124771814,0.7212469943846262,0.7183295878541126,4
1766226912350810151,7.034293041902506,2.9425257853003357,0.7214324193434728,0.7183346656723031,4
1766226912375821626,7.86467976408578,2.4814597808209617,0.7228972594724183,0.7183535723239686,4
1766226912406250775,7.852021197191417,2.6440585067995808,0.722801281727234,0.7184852514343996,4
1766226912476073062,7.7510965634511875,2.6412646337470607,0.7226331629482586,0.7183986806603923,4
1766226912550807673,6.598076127936392,2.9111692276889785,0.721129134758544,0.7184255568298643,4
1766226912575815912,5.23785239677943,2.8477172967940865,0.7218218529239235,0.7184534343036507,4
1766226912606714003,6.965630857586169,2.780849936764287,0.721664519672854,0.7183969266640974,4
1766226912650809900,7.106918796751072,2.8726075980723382,0.7215614373784228,0.7183259125458775,4
1766226912750805585,6.942829674255302,2.7806008372828717,0.7214996131015868,0.7182980223457385,4
1766226912775810508,7.33302130064839,2.4623542305589345,0.7224786323051846,0.7184985484149552,4
1766226912806357459,7.697382430567723,2.592427268946799,0.7226914496817011,0.7184535712058495,4
1766226912850812221,7.2557450224006725,2.7221312005857166,0.7219155135372771,0.7183236904874062,4
1766226912876310111,7.270140324253993,2.4960492598669113,0.722283699084195,0.7183978459571838,4
1766226912905984751,6.4412900391399575,2.863819094795197,0.7211075876396058,0.7184231687185643,4
1766226912950816562,6.961814826551005,2.794910248372793,0.7216193603500747,0.7184057393859696,4
1766226913006090212,6.5930468352743965,2.9329252493840228,0.7212143931625336,0.718490788332979,4
1766226913050807689,6.463412553014303,2.5709018072810434,0.7214172393157743,0.718430075887509,4
1766226913150815466,6.777367127206002,2.673413981457575,0.7214584539774213,0.7182937126151072,4
1766226913175825318,7.6351246122692285,2.650655389363997,0.7224432002412361,0.7183361496225599,4
1766226913206969223,7.136123723581078,2.472819860662369,0.7221387280316979,0.7183583619343146,4
1766226913250819116,6.989042989895777,2.818585520732162,0.7215559451076363,0.7183718938251086,4
1766226913306162297,7.578969717312312,2.781456345889987,0.7223210784170202,0.7184415678461981,4
1766226913375820355,7.516317101115333,2.6342142188313478,0.7225616927026692,0.7185396497681007,4
1766226913406756478,6.791167836005418,2.837887681549393,0.721463131372654,0.718442131669684,4
1766226913450816588,7.382182316218899,2.908396515954332,0.7218542026720539,0.7183780380303235,4
1766226913475825377,7.6004640030888915,2.5463099269702387,0.7226453326680922,0.7184493419540933,4
1766226913607494814,7.064924074657752,2.868418534276114,0.7216974979333654,0.7184129604092659,4
1766226913650820762,6.787383437912742,2.7833881724390954,0.721390668315337,0.7183353922734336,4
1766226913750817749,6.619194528966088,2.659313157669727,0.7213989204339223,0.7183892212110916,4
1766226913775850734,7.9019537544992025,2.533832488667156,0.7228244473114402,0.7183335625306904,4
1766226913906772233,6.949118479580796,2.9459613520144594,0.7214690275561078,0.7184210759864385,4
1766226913950826802,7.087220285660556,2.724821126451587,0.7216519282646519,0.7182491866547519,4
1766226914009786989,5.365726914237312,2.8359896202507335,0.7218212922448344,0.7183024716215786,4
1766226914050822857,6.730417071182604,2.9096198000217015,0.7211625610911364,0.7183265435785057,4
1766226914075899725,7.608217013659324,2.7333155304442434,0.7224108738130173,0.7184552029465682,4
1766226914175820068,8.001985844008907,2.4718627884670608,0.7230984819717233,0.7184004775001094,4
1766226914250823865,6.795661228452876,2.942339019093741,0.7212774367754891,0.7184254517674661,4
1766226914275826644,7.774975598395351,2.4191271901065834,0.7229809389413823,0.7184431341081076,4
1766226914375899684,7.526392314858188,2.6882880541934617,0.7223900200704582,0.7184544934699739,4
1766226914407189112,6.87113254268279,2.879100540034577,0.7215116733710423,0.7184680153014069,4
1766226914450815185,7.1130351655058766,2.662218732196826,0.721834014923033,0.7183394904491454,4
1766226914507586753,7.207119641947646,2.64225117841033,0.7221256484849092,0.7184459256787216,4
1766226914607049144,6.947829664488481,2.85009365862725,0.7216584109504627,0.718516751457331,4
1766226914675841603,7.789933849076891,2.719236707005746,0.7226051722317332,0.718447079462921,4
1766226914706416366,7.134952096484848,2.9502274427571216,0.721687599097742,0.7184708593442284,4
1766226914750838116,6.722408419371995,2.8118276937730906,0.72140142788712,0.7184260478402785,4
1766226914778397035,6.73378646982592,2.8188381235326214,0.72140142788712,0.7184121010385771,4
1766226914850840093,7.846660154758989,2.7139279622226957,0.7226181233055511,0.7183930472861042,4
1766226914875835387,7.270062757200546,2.621459574752364,0.7221177952581493,0.7183556629271324,4
1766226914900827506,6.8356377819982495,2.8418918490193277,0.721318926889083,0.718295774844833,4
1766226914950906481,5.341247257912185,2.6362689576217453,0.7219655658800899,0.7183470787720438,4
1766226914975845269,7.543888125187026,2.4541688087450733,0.722654505388443,0.7184135427889655,4
1766226915008625191,7.757110495209885,2.589516604375392,0.7227046439734944,0.7184120653684914,4
1766226915075866381,8.018070632312302,2.688213811109086,0.7229107637858269,0.7184603509439675,4
1766226915107554560,7.5277203456843855,2.508285952392421,0.7226488313494797,0.7184783188547674,4
1766226915150845972,5.324254263571304,2.8015409476706044,0.7217888008547193,0.7183069179789116,4
1766226915211049228,6.8090224044286,2.876935271910702,0.7213641586046473,0.7183638460045522,4
1766226915250834243,7.676824990243469,2.378955176128566,0.7228589861426018,0.7184144442109515,4
1766226915307746807,7.480665432077149,2.51730268545925,0.7223806041440479,0.7182952145545357,4
1766226915376093396,7.632538687508461,2.636180540294299,0.7224489679956719,0.7183685993051195,4
1766226915406972092,7.707914641998492,2.589069493509696,0.7227486778916544,0.7184794349926993,4
1766226915430020903,5.119696254438977,2.8371067506535566,0.7217119819356168,0.718452042044224,4
1766226915475828180,7.408226868808265,2.599136166723434,0.722473461171693,0.718525030466389,4
1766226915500834014,7.509723020460601,2.533243139660787,0.722473461171693,0.7184193244569547,4
1766226915550842226,7.7460711072488975,2.514473513699911,0.7228584641023911,0.7184836600905415,4
1766226915651001228,4.9257774284484634,2.519224844688378,0.7217101394554288,0.7183891563380287,4
1766226915675982325,7.381327553477202,2.7117892992803725,0.7222400352116017,0.7184729406667609,4
1766226915707921116,7.4992055152547366,2.418878905456541,0.7225941203251982,0.7183577855653596,4
1766226915750833405,6.626650581273985,2.878012581387666,0.7212006912954004,0.7184196277147992,4
1766226915777671827,6.656863409732372,2.8881150423702553,0.7212006912954004,0.7183878852066972,4
1766226915850843156,7.496164889876145,2.5229897212509327,0.7223382342445422,0.7182845471520309,4
1766226915875828832,7.538303670094226,2.7043728981055097,0.7223794279100985,0.7184563357694029,4
1766226915911327100,7.057143410564737,2.4284639315852434,0.7222265659603103,0.7184430304103643,4
1766226915950832959,5.451947258241052,2.5494628036552296,0.7221934193186799,0.718493906469524,4
1766226916008800809,7.491880209399504,2.4689055915927436,0.7226081837702225,0.7184293746304443,4
1766226916076364365,6.795250561813515,2.700762923864825,0.7216414532459052,0.7184483916669192,4
1766226916176366241,7.726338775185915,2.563820058414638,0.7227070742561743,0.7184295182603797,4
1766226916250970736,7.6274007909422625,2.737016810327204,0.7224213188018228,0.718435549541866,4
1766226916276100714,5.025689511039766,2.7914073408142563,0.7216797910251926,0.7184206449395939,4
1766226916300849705,5.025689511039766,2.7914073408142563,0.7216797910251926,0.7184206449395939,4
1766226916350927407,4.828606306935379,2.6536906191238145,0.7215731294821587,0.7184118898311621,4
1766226916376546365,4.821877119606577,2.9337021714449394,0.7215427876372723,0.7184981667833924,4
1766226916400842754,6.773817329876142,2.7978489773459745,0.7214216525866148,0.718411402347339,4
1766226916475926020,7.807276723839851,2.702000477084164,0.7227100152422097,0.7184935096905558,4
1766226916500834521,6.951798682262922,2.919327968275767,0.7214661829921393,0.7184325145557195,4
1766226916550849045,7.27786423929544,2.3600925709114087,0.7223530000921827,0.7183065279371773,4
1766226916611397260,7.960884814775637,2.6992934137620477,0.7228137124957293,0.7184463136293798,4
1766226916651545859,8.152181547357639,2.702298288088159,0.7230479647123611,0.718478488950661,4
1766226916690620466,7.674679430767717,2.517300072155499,0.7227184024553935,0.7184309885101642,4
1766226916705125831,7.674679430767717,2.517300072155499,0.7227184024553935,0.7184309885101642,4
1766226916751784180,7.460456246080049,2.73293851637754,0.7222024101906482,0.718391640274023,4
1766226916778866762,7.480432074787657,2.7191156671291608,0.7222024101906482,0.7183705050717851,4
1766226916800850800,7.702756537816602,2.4277611968412702,0.7227939784050733,0.7183705050717851,4
1766226916851020124,7.340956631693207,2.7174633373688963,0.7221645397068855,0.718454133669298,4
1766226916877946322,7.5056584435488904,2.654054671545334,0.7224417271282985,0.7184966142495813,4
1766226916950857200,4.701770197420352,2.975502564325724,0.721291108796129,0.7184174943921497,4
1766226916975920282,6.914123021838581,2.584847552003768,0.7216804500100137,0.7182854479680264,4
1766226917151001777,7.452585197621486,2.6455963727698344,0.7224332163927265,0.7185247266296242,4
1766226917276745342,6.931853666982901,3.139295965327406,0.721190475148182,0.7184114237706212,4
1766226917300851633,6.580552627551528,2.7203873219307955,0.7212886490567031,0.7183805043678239,4
1766226917350868471,7.912863987012186,2.601292937476524,0.722885818984085,0.7184416019074448,4
1766226917377082018,7.104775635185523,2.3216549949204826,0.7223125383899328,0.7183591491612643,4
1766226917400846035,6.5260881834054985,2.688650573929898,0.7212070076095592,0.7182745930617391,4
1766226917451120498,7.212908362955184,2.4314660819604943,0.7223652229115409,0.7184259073027216,4
1766226917476298015,6.534262083982445,2.7252683268169133,0.7214313479902447,0.7185180878340748,4
1766226917500849805,6.772785703678008,2.740593129395073,0.7215548623878413,0.7184575545934642,4
1766226917550848148,7.842414463787639,2.579391508415404,0.7226824445799717,0.7183280798482129,4
1766226917575875011,7.482978198599444,2.2938798014413977,0.7227317963792942,0.718348838738463,4
1766226917600846581,7.471330534703946,2.289983280176587,0.7227317963792942,0.7183609152818585,4
1766226917681044511,6.885403597841844,2.9274816509802695,0.7213915193302588,0.7184231258834464,4
1766226917702042113,7.389724105700268,2.5932055652146904,0.7223075990188648,0.7184231258834464,4
1766226917750859013,4.980422069385426,2.5833311747269283,0.7217874974963397,0.7185178066356315,4
1766226917775857844,7.327643845071452,2.597136217576262,0.7223191630799214,0.7184854023765249,4
1766226917801497140,7.124823697197136,2.801281514757942,0.7216650459421161,0.7183222072271601,4
1766226917875860912,6.852325242421742,2.919582328257041,0.7213297687727778,0.7183606486418413,4
1766226917900846718,6.815233781021113,2.8267025521420575,0.7213752109470037,0.7183602773443547,4
1766226917950863947,7.809272353735963,2.6042216773447158,0.7228692009884032,0.7184997220865933,4
1766226917975932629,7.239228884978854,2.8711240947791397,0.7217908812181556,0.7183709608689595,4
1766226918000852020,6.698421953813316,2.8483334658677815,0.7211882761633888,0.7183013131959748,4
1766226918050912130,5.218471311061013,2.9348222653291574,0.7217665779754188,0.7184088135437513,4
1766226918100852614,6.7862566884635545,2.7572238327485468,0.7214774222722458,0.7183976241479954,4
1766226918175860127,6.902173062842354,2.8913836580758705,0.7214973950381276,0.718429003770372,4
1766226918200848999,6.693417938851809,2.79128027312622,0.721276473655828,0.7183333501139941,4
1766226918277802775,7.74619843344726,2.6832811556584666,0.7225423170881325,0.7183821341573617,4
1766226918300850715,6.801294074591735,2.8568248574088124,0.7212518498344884,0.7182891350553882,4
1766226918375969457,4.951694806142992,2.5592245469660027,0.7217000642665226,0.7183829632120975,4
1766226918400842371,7.5186861583679265,2.9251985732138657,0.7218199995508809,0.7182483192878285,4
1766226918450859159,5.7313424544014335,2.5892144371885286,0.7223192558529724,0.7183846927987984,4
1766226918482910961,5.816293748448387,2.601849489004102,0.7223192558529724,0.7182997090092502,4
1766226918500861970,7.600718029889375,2.635945157829743,0.7223634308517646,0.7182997090092502,4
1766226918550860023,4.606097268183507,2.777937920919278,0.7213188090482067,0.7183844393213384,4
1766226918576390364,7.637583471184595,2.4148189232409285,0.7227342486068332,0.7183414073203235,4
1766226918675967009,7.008756200047372,2.868224013097985,0.7216697001987452,0.7185034535798565,4
1766226918700853669,6.853799115629333,2.8349857561812692,0.7214328380912234,0.7184145560316472,4
1766226918750912115,5.486872932338183,2.754161554235561,0.7220807474438451,0.7184106398398266,4
1766226918776263950,8.190763499909215,2.674105991163723,0.7230387565857515,0.7184035351433896,4
1766226918800855274,7.3959484069535675,2.8620038973158066,0.7218493024101394,0.718317121442687,4
1766226918850931033,7.393748841272307,2.518383684746369,0.7223797806301826,0.7183753434360574,4
1766226918978435681,7.609276913321694,2.5473323769075584,0.7226880008937305,0.7184697045530721,4
1766226919000897117,7.0223984163413355,2.7700251565449445,0.7217311995919509,0.7184214968066341,4
1766226919100857304,6.8494652910653375,2.761077294937825,0.7213950762880738,0.7182718063442406,4
1766226919251025068,8.4446910631506,2.7832175866298696,0.7229689265186257,0.7182411673773494,4
1766226919275858648,7.159562854477497,3.015675603384965,0.7215211598470251,0.7183729544927518,4
1766226919300865654,7.291655871715874,2.7953697773888093,0.7217792604130808,0.71825480251367,4
1766226919350860180,8.206492706601232,2.8089131974371413,0.722812056139938,0.7183933307936397,4
1766226919377506300,7.895589351403998,2.8098178665429807,0.7225791398564723,0.7184269811754086,4
1766226919400865446,7.138042751616003,2.9530405991239306,0.721481274689904,0.7183102488007849,4
1766226919450863358,5.303831841634965,2.8486984776406534,0.721906668109777,0.7184629289326363,4
1766226919550859102,7.621329390950504,2.62663345447816,0.7224588696642267,0.718399668760326,4
1766226919577133633,6.89150444336839,2.7704660521698408,0.721746162620013,0.718558159780952,4
1766226919675987038,5.381539906608945,2.8071740880251213,0.72195217138812,0.7184125773133982,4
1766226919700948438,5.381539906608945,2.8071740880251213,0.72195217138812,0.7184125773133982,4
1766226919750862612,7.826028641834348,2.492735825707123,0.722789329664695,0.7183534620320917,4
1766226919850856834,7.857761337022984,2.598226847715764,0.7226478629626938,0.7183193758582573,4
1766226919900873060,7.110448842465145,2.8286060653759137,0.7216397191135606,0.7183593671438571,4
1766226919950865301,7.859575322254564,2.477551067614266,0.7228469168575234,0.7183586843312174,4
1766226920000855639,6.873417167697515,3.0636387076861933,0.7211274223430151,0.718347767072146,4
1766226920051085748,8.035770747650716,2.540654577984941,0.7230084160470898,0.718355702895195,4
1766226920076062678,7.743180540828565,2.7584820386918314,0.7225084064079514,0.7184460087807135,4
1766226920100862244,6.827675872379424,2.91725032346438,0.7212467561026608,0.7183480346852026,4
1766226920150859224,7.432816168402856,2.394176867615479,0.7224835566006041,0.7183230988121204,4
1766226920176673439,6.729584828763624,2.7593825691859752,0.7214323325342541,0.7183980640083201,4
1766226920200859601,6.603498600600388,2.9712824735002563,0.720994442877838,0.7183700828128944,4
1766226920276189440,7.92813132000858,2.5889839464418145,0.7230037770380138,0.7184842874646725,4
1766226920350859458,7.675521005046093,2.4810661311209445,0.7226282124764881,0.718336549408473,4
1766226920400856378,6.4173912865918,3.006723972680292,0.7208151771843564,0.7183699513192113,4
1766226920450896660,7.796827460971545,2.7100502795580947,0.722508934472789,0.7183253890620697,4
1766226920550978376,7.357503504518359,2.7927015666411465,0.7220972927619583,0.7184553538644327,4
1766226920576763195,6.749433819549178,2.9542024847750064,0.7212862422918278,0.7184457828803713,4
1766226920600857725,6.577297459655518,2.8633771049562955,0.7211283673774846,0.7183781254037637,4
1766226920651030706,7.395279625805329,2.610030531845724,0.722335802957812,0.7184483504141502,4
1766226920750859045,7.043463980603959,2.956296771459641,0.721521856817885,0.7184602674700311,4
1766226920776756216,7.393636570641737,2.6787026246604735,0.7223459092758386,0.7185132116591095,4
1766226920800860774,6.640700451241099,2.9302059030207586,0.7211479598693055,0.7184016507631572,4
1766226920850862303,8.186277937632159,2.7041930371730034,0.7229920254244175,0.7184171714655624,4
1766226920900864413,6.984114957400478,2.7003883559769664,0.721664629346574,0.7183318011796498,4
1766226920950868436,7.764673195187366,2.715114397800366,0.7223831761383723,0.7182735097198218,4
1766226921100868814,6.7355500976635785,2.718382204960562,0.721472236797797,0.7183955503409813,4
1766226921176726838,7.641307262062025,2.6916758772630756,0.7224825730519306,0.7184242441125347,4
1766226921200875990,6.76534374217419,2.9005901989159693,0.7212466369699856,0.7183465602900007,4
1766226921250880244,4.872698926673191,2.740895504539087,0.721638098292361,0.7184431447006016,4
1766226921276817911,6.779141635267938,2.8907454002946613,0.7212674338921851,0.7183360750086505,4
1766226921300867646,6.995667151335927,2.737863983968739,0.7215613763563015,0.7182605371020155,4
1766226921377093651,7.496269556644064,2.3613154577390993,0.7227505373886582,0.7184336073917487,4
1766226921450883553,7.562785257091642,2.815905672035239,0.7222293179836544,0.7184325386632953,4
1766226921500989278,6.839192823220097,2.8719803351439817,0.7213666424356678,0.7183836545504136,4
1766226921550956953,8.179750152465083,2.924473270174957,0.722668635405686,0.718371657597459,4
1766226921580383125,8.217965157570895,2.6715525599725964,0.7230624997392677,0.7184062511099244,4
1766226921600867500,7.300301187520675,2.830561081618406,0.7217886451014315,0.7183226487282717,4
1766226921650871534,7.575087831209082,2.627981410757505,0.7223871555097623,0.7183430127561213,4
1766226921677165792,5.57988067483961,2.7037138087495407,0.722095851137039,0.7183849757291914,4
1766226921700873483,6.952021462696023,2.666278726352665,0.7216904203290451,0.7183497211799148,4
1766226921779763933,7.35136250559798,2.728713390846171,0.7221509837359175,0.7184130421066671,4
1766226921800870569,7.35136250559798,2.728713390846171,0.7221509837359175,0.7184130421066671,4
1766226921877552012,4.946640862208196,2.7825756938094433,0.7217018305431392,0.7184967522123078,4
1766226921951792392,7.789387725502306,2.5742681869409343,0.7227227491712436,0.718367643911088,4
1766226921977121073,7.662935228775258,2.577099733307398,0.7227227491712436,0.7184963239331174,4
1766226922053321200,7.305537709325072,2.5108799096723504,0.7222885256240693,0.718375395439395,4
1766226922077283891,7.305537709325072,2.5108799096723504,0.7222885256240693,0.718375395439395,4
1766226922107717889,7.313793618197284,2.5244622500869047,0.7223853729621761,0.7184365063627487,4
1766226922178854027,7.411419416850529,2.5602436320082327,0.7224304967533753,0.7184612160989555,4
1766226922201102022,6.354505821431933,2.8868842288677117,0.720932444739377,0.7184182154456294,4
1766226922250903975,4.9998798914887566,2.777100375891571,0.7216811714107071,0.7184297949927804,4
1766226922277478310,7.722665423318897,2.7029689236604395,0.7224963839985158,0.7183987270157576,4
1766226922300890325,7.074649594436044,2.928073012989889,0.7214341718631637,0.7182990263285216,4
1766226922350895831,7.465266658932879,2.5489170003496198,0.7225550239182799,0.7185046331435361,4
1766226922401266273,7.2823498775475,3.074750002045134,0.7214872512522477,0.7183221718542077,4
1766226922450881575,7.518317809047326,2.6690198038155013,0.7224658353595454,0.7185207816657595,4
1766226922477105532,7.020277767978755,2.898287448879452,0.7215544405486392,0.7183908695014165,4
1766226922501035200,6.973894539375691,2.916051311888265,0.7214066457692995,0.7183539919643711,4
1766226922651058481,7.399892111381257,2.4083988849194995,0.7225972721336029,0.7184586179453298,4
1766226922677666560,7.724688705753935,2.604541617319431,0.7227401106240054,0.7184946843356741,4
1766226922701413515,6.840949098275595,2.8764411223424227,0.7214237767409184,0.7184228151789448,4
1766226922776830759,6.514934608704781,2.9047629617002526,0.7210683642034464,0.7183860238528104,4
1766226922851023518,5.073752285959077,2.6176231263872616,0.7217560733871264,0.7184054721214954,4
1766226922877101290,7.586266742708236,2.556666091895234,0.7224329104180062,0.718286136578645,4
1766226922977783344,5.395815749855926,2.8053050135956488,0.7218717243922431,0.7183534443085233,4
1766226923050887005,7.870358969812252,2.725529321183717,0.7226559454356963,0.7184181550663792,4
1766226923100873665,7.446422977864908,2.706353936278367,0.7221299448620653,0.7183451097369496,4
1766226923150883610,7.6052615506434496,2.6011017584644582,0.7224237069579931,0.7183150177951358,4
1766226923178019502,7.442558427034229,2.6363334481860106,0.7223293326084868,0.7184105917792969,4
1766226923201563895,6.723502119218683,2.844039038151229,0.7212592756726933,0.7183494799066605,4
1766226923300898895,6.711699573599739,2.9179685379740734,0.7211483910119912,0.7183298063042798,4
1766226923350883542,4.799704817323169,2.8936152847319683,0.7215260329186649,0.7184875158511004,4
1766226923381778788,7.981670845212063,2.7585574424244412,0.722616624233861,0.7183419533354519,4
1766226923400945004,7.089111040357587,2.8514846417777506,0.7214979857698146,0.7182777237861987,4
1766226923450921936,5.268239298526822,2.790097851718252,0.7218244782470153,0.7183752616417224,4
1766226923500876185,7.164070402836065,2.8168501740341463,0.7216769072856589,0.718310954705737,4
1766226923551977093,5.298341305807197,2.5581979699117197,0.7219314565188615,0.7182913788743134,4
1766226923600963812,6.917421747342445,3.034999862659445,0.7211836080816973,0.718337507630386,4
1766226923651137233,7.614770856065212,2.6064632667417835,0.7226561029603701,0.7184954236224657,4
1766226923678624777,7.495415563959162,2.566018665803934,0.7224407579609717,0.7184046439994621,4
1766226923750893847,7.492225565052579,2.472129755563597,0.7225232850782154,0.7183720545084914,4
1766226923779150097,8.050727677138546,2.6749799589650314,0.7229023070108499,0.718424645694592,4
1766226923850880373,8.162650510550318,2.5951463933332994,0.7231318370312066,0.7184053022702211,4
1766226923900886310,6.734465806631396,2.725368735811354,0.721457802249952,0.7183765613897715,4
1766226923950892016,7.295349291891906,2.7504886880957753,0.7220604150000481,0.7184695231080757,4
1766226924079046446,8.021214627748963,2.898257267352009,0.722618531729475,0.718439964209313,4
1766226924100942468,7.21089079952042,3.021840327794245,0.7215465444550093,0.7183849102967896,4
1766226924150906055,7.211257160069762,2.597014672419294,0.7219673940293482,0.7182873751644544,4
1766226924201476664,6.600277516629061,2.8269991274965003,0.7211785308609237,0.7183663448155151,4
1766226924300888018,6.942248484988811,2.6925181957164934,0.7216861617437018,0.7183848519325856,4
1766226924450927940,4.944835893397892,2.5857034221330006,0.721712289231653,0.7184483929219653,4
1766226924479280872,5.049846449799444,2.8074577711231665,0.721652941811331,0.7183587514876645,4
1766226924500920081,7.079595558237894,2.8622258541888392,0.7214985057005876,0.7182723544348185,4
1766226924550895490,7.589822674626157,2.5629906733465013,0.7226883504407378,0.7185237040582413,4
1766226924578730628,6.584044217676666,2.9516597892977967,0.7212152387110944,0.7184968218649133,4
1766226924650906522,6.655149727288423,2.3435939535786807,0.7217808412883515,0.718351883711866,4
1766226924700895066,6.853713742526302,2.8522725811153684,0.7214325707991718,0.7184080050747176,4
1766226924750897937,7.802899434748434,2.6138050772114423,0.7226853230603243,0.7184129565573827,4
1766226924777817692,4.883326265302523,2.8020095988062903,0.7216032882921548,0.7184139920864756,4
1766226924801331348,7.064707480709864,2.8464764114695926,0.721628507740582,0.7183829408968506,4
1766226924878380512,6.958156530873727,3.067141264744595,0.7213653905143785,0.7184688313088732,4
1766226924901310340,6.32596866850843,2.8630742950080257,0.7209097659443062,0.7183780461216969,4
1766226924951112413,7.09787673514839,2.550471010193573,0.7219497458000065,0.7183340296869866,4
1766226925001422382,6.652047586110044,2.7979037424070583,0.7212770434920243,0.7183606590007133,4
1766226925050887290,8.197099529382857,2.7367568638346125,0.7229485221092905,0.7183871772798127,4
1766226925079104797,6.912729309520582,2.918431384861818,0.7214842831448104,0.7184389962185121,4
1766226925101027430,6.895614114367898,2.8154375556491806,0.7214675457481781,0.7183507787359463,4
1766226925150930813,7.729623882744452,2.8580234008776473,0.722260677331694,0.7183741914250512,4
1766226925250894275,8.001919477417353,2.9324421761098987,0.7223945324535256,0.718322683659343,4
1766226925350904947,7.7558111244614425,2.684602201188086,0.7224192764370159,0.718305690152764,4
1766226925377688906,6.870929427015393,2.964015283122874,0.7213696330747894,0.7184286706997599,4
1766226925400929949,6.828222313860932,3.048706984523923,0.7211072145442321,0.718364056455989,4
1766226925451011869,7.765747581267912,2.55271140122598,0.7227289806271412,0.7183913872198933,4
1766226925551014034,7.495929794156808,2.6608343276973754,0.7223546791322126,0.7184256635966879,4
1766226925578527807,6.39615988737352,2.8729678006996604,0.7209080633570651,0.7183465727314332,4
1766226925600995384,6.5565479369115165,2.8090210609851294,0.7211426611083221,0.7183350590863032,4
1766226925678601577,7.027086010181649,2.857366323001151,0.7216123799346932,0.7183999751213422,4
1766226925701043977,6.794385206112641,2.851586515637384,0.7212856065798762,0.7183213741304684,4
1766226925751003917,7.696770757421922,2.6513866639624704,0.7224429708509903,0.7183288547314448,4
1766226925779103492,7.944787372961337,2.733386521921901,0.7227055860117709,0.718393402376409,4
1766226925800919674,7.2741640026040555,2.839302846927678,0.7217869405341153,0.7183371499364984,4
1766226925851144492,7.431540457446872,2.47804316295887,0.7225182375792932,0.7183953864098143,4
1766226925901051302,6.76611774125413,3.0253319051469325,0.7210721894488582,0.7183579025209765,4
1766226925950968422,4.858193949982215,2.534533136820033,0.721657090676887,0.7183804198535994,4
1766226925979156704,7.097239291467883,2.813989201970474,0.7218332509022246,0.7184880462701165,4
1766226926000929013,6.548124077659034,2.951485863052906,0.7209635586872881,0.718363708830156,4
1766226926051006465,5.118078283330441,2.7737250081659615,0.7218268169895029,0.7184742348033669,4
1766226926151035450,7.925537997111709,2.5764105032351794,0.7228737133249179,0.7183910883719647,4
1766226926200925919,7.175689455853451,2.749725396611551,0.7217970477315999,0.71835281571799,4
1766226926300985993,6.864622277369836,3.12876449357316,0.7210076723849563,0.7183408527560992,4
1766226926350912480,7.89790704840021,2.8020613629743445,0.7225668587655609,0.7184239325287697,4
1766226926378971439,6.707372676362566,2.9399390057571284,0.7211529089410196,0.7183431208263271,4
1766226926502442606,6.665960422801431,2.762558222215806,0.7213025323648516,0.7183268203419239,4
1766226926580409787,5.16612477197631,3.0129227755073544,0.721619037707192,0.7183781686997035,4
1766226926650912202,7.797375347584845,2.4899960833398493,0.7228566409964751,0.7184064040215165,4
1766226926678851426,6.806932182865655,2.7971411727740136,0.7215818040973038,0.7185170195778676,4
1766226926701874078,6.663180270519264,2.8488872043859175,0.7212997532559623,0.7184817313166272,4
1766226926751024364,7.480236182077382,2.7624221853518547,0.7222161529404618,0.7184118346244914,4
1766226926780940297,7.8222281190685194,2.6668631164697247,0.7225994461568681,0.7183429576771462,4
1766226926850908828,5.475336883087545,2.753760615262581,0.7220610186549905,0.7184512799078734,4
1766226926880724472,7.609587309501897,2.7357281580411126,0.7224590309628159,0.7184806910375786,4
1766226926901797796,6.61861773467376,2.9577021839924904,0.7211143979420818,0.7184250871044847,4
1766226926980414560,6.766754253166862,2.891742156954383,0.7213756887788134,0.7184341950124387,4
1766226927001900870,6.773711269909888,2.963120672769774,0.7211340864998836,0.71831544086807,4
1766226927050909370,5.1477665510303305,2.751472544933944,0.721820282489573,0.7184771103794352,4
1766226927080136207,6.881458744793401,2.9769074770351627,0.7213660833968896,0.7184289499238662,4
1766226927101431989,7.3198299745641515,2.873255229593708,0.721755425202567,0.7183295287585942,4
1766226927150928297,5.547169610363167,3.003927103995741,0.7219257271049353,0.718350893428131,4
1766226927179458672,6.779763994490429,2.864587406133026,0.7213246221161953,0.718343293533117,4
1766226927201767701,6.75080855916832,3.0230607703153476,0.7209648701051478,0.7182523561929026,4
1766226927279820554,7.077226952254212,2.938557171031895,0.7215392744030148,0.7183497830520754,4
1766226927350913400,7.669028771536968,2.6092110805658986,0.7226597911480449,0.7184874561924772,4
1766226927401650362,7.170092738059353,2.835601893707326,0.7216751748707032,0.7183423408850388,4
1766226927450911136,7.775553308668526,2.5856243609513507,0.7226846255503575,0.7183846937098106,4
1766226927550915335,7.6656259196524745,2.7998057540654337,0.7223981201239659,0.7184565894739987,4
1766226927702007857,7.013412947887265,2.8062053161004714,0.7215294063498552,0.7183067482437482,4
1766226927780732533,7.730335557089352,3.035229676467489,0.7221626144847498,0.7184680607881613,4
1766226927802074272,7.016700320957803,3.10219963349929,0.7212702723154255,0.7184138730339658,4
1766226927850912051,7.707417442861075,2.5757154699307607,0.7225450772450379,0.718295189359797,4
1766226927902396028,6.427867291220579,2.862926557359155,0.7209465518180254,0.718352909673116,4
1766226928001780551,6.914939238512385,2.860004969197483,0.7214842262342918,0.7184070224612064,4
1766226928050910208,5.097870340393884,2.9855591241798622,0.7216403154839781,0.7184122185723618,4
1766226928079271606,6.848303941883294,2.9261448349980204,0.7214154864693895,0.7184455375670403,4
1766226928101706071,6.700186898967231,2.878773869646335,0.7212624070606938,0.7184326578719977,4
1766226928150920198,7.963414474529973,2.6895613874858486,0.7227896150092151,0.718413287811939,4
1766226928179519594,6.965190672505339,2.8338480381605176,0.7216618156096158,0.7184602798904192,4
1766226928277035099,6.987116678890293,3.024195117095902,0.7212348476948217,0.7182896612896382,4
1766226928352707252,4.887930646973571,2.9373056028192575,0.7215317798656962,0.7184657207871524,4
1766226928380739380,4.742690610167299,2.9211146741832583,0.721343720897823,0.7183567119447202,4
1766226928402740059,7.257298375397903,2.8080759777764577,0.7217439590814954,0.7182767467066473,4
1766226928450966376,5.175461839329043,2.9973816851008794,0.721645058196373,0.718472514090378,4
1766226928502352560,7.060309015725408,2.8819050041286056,0.7216255231892638,0.7184317606386978,4
1766226928581341314,7.67993866032135,2.511410155409441,0.7227798455418226,0.7184545312158074,4
1766226928602283741,6.470163459174394,2.8435032584963285,0.7209937948448915,0.7183324997670789,4
1766226928651201930,7.205610102744231,2.310004996500727,0.7224664979530356,0.7183917917859488,4
1766226928681935282,8.110110294552886,2.6911502359423816,0.722921775566736,0.7184110871784518,4
1766226928702173574,7.178858881953354,2.9089696360586923,0.7216144404663684,0.7183670051914527,4
1766226928750988149,5.389316075715467,2.8234200628057398,0.7220021138203713,0.7184770906857978,4
1766226928802519425,6.7599054786725565,2.8032239950649385,0.7212786680655069,0.7182997881418504,4
1766226928850943355,6.817807022569289,2.8513201828444465,0.7215022429186472,0.7184879801516956,4
1766226928880494682,6.31309978968575,2.858298963356165,0.7209898431692576,0.7184403732618388,4
1766226928903710387,6.484579715666516,2.781475037847817,0.7211423727761291,0.7183888832300502,4
1766226928951016042,7.301028498558737,2.7513341596067837,0.7220638819514278,0.7184424627837385,4
1766226928981810047,7.28722515883562,2.424368541130258,0.7223608749459874,0.7183535969991613,4
1766226929002841993,6.7339271087477615,2.7139133325260882,0.7214046270368145,0.7183307771214185,4
1766226929080440691,7.927408816489012,2.6969875441761078,0.7226757306844208,0.7183432438311846,4
1766226929100934945,6.9719722262642225,2.8901051304339447,0.721317248705264,0.7182296110738305,4
1766226929151582739,4.884039559542752,2.718840670838963,0.7216315520767762,0.7184401066567496,4
1766226929203203374,6.842069491009961,2.926703310991983,0.721275613824364,0.7183377143555161,4
1766226929280214065,6.964449586693178,2.773643027697523,0.7217239397839329,0.718447977855647,4
1766226929302697072,6.699262873751333,2.969642901486171,0.7211246766708294,0.7183693132849267,4
1766226929350983673,7.6704571625829665,2.851221318854703,0.7222804544128074,0.718410554955848,4
1766226929390561697,7.709558385809778,2.8746874265711746,0.7222620115604054,0.7183955549561453,4
1766226929403715028,7.709558385809778,2.8746874265711746,0.7222620115604054,0.7183955549561453,4
1766226929450998301,7.9020332341616095,2.6930608688190545,0.7227168395733033,0.7184039557770976,4
1766226929581158323,6.465768037660302,2.7580234293124644,0.7212041572238316,0.7183765246940566,4
1766226929651080887,7.4573067919900815,2.567009658911648,0.722377557659221,0.7183585143924804,4
1766226929680929643,7.398724049059391,2.5738481536037994,0.7223496108777274,0.7184167593672236,4
1766226929704332210,6.670559739539339,2.731385203388526,0.721416444591007,0.7184208871270518,4
1766226929802580885,6.797998324141408,2.9041629287036175,0.7212235196101372,0.7183207776767039,4
1766226929880085766,6.859324311326964,3.004684092865356,0.7213030733410013,0.7184093901442362,4
1766226929902835484,7.055434189197518,2.9690291045333104,0.7214087500512898,0.7183210965303771,4
1766226929950925956,4.7435725799434,2.8181954720649087,0.7214774393791453,0.7184679708971162,4
1766226929982444365,7.3654074873189535,2.5323664531856656,0.7224683885071715,0.7184758869081889,4
1766226930003238583,7.3654074873189535,2.5323664531856656,0.7224683885071715,0.7184758869081889,4
1766226930050929944,4.910729407502923,2.546535409450004,0.7217249775673168,0.7184211691883617,4
1766226930080363730,4.874510361903117,2.5499191006384914,0.7217249775673168,0.7184575154662836,4
1766226930103164263,7.128124953023618,2.8540760837827155,0.721681603907876,0.7183980583877986,4
1766226930182267572,7.562371027804549,2.8709889684902206,0.7221829325886934,0.7184554390143608,4
1766226930203632825,6.383589598331296,3.0706624892873067,0.7206744236466524,0.7183653985500988,4
1766226930251027869,7.111151214751699,2.601384705949989,0.7221288944920788,0.7184866341094958,4
1766226930283530860,7.745150037727466,2.709581209790007,0.7226080413863578,0.7184786281010979,4
1766226930310742624,7.021271551868491,2.939434435716063,0.721448269925217,0.7183497214861854,4
1766226930357805172,6.564003481304814,2.709442939974568,0.7212732122185375,0.7183272382072237,4
1766226930376933095,7.423132860673087,2.6400431103661406,0.7222038135022016,0.7183272382072237,4
1766226930402771034,6.760479553583276,1.8427827082540735,0.7230287737950465,0.718363986195981,4
1766226930451199552,7.586133438127529,2.5171687107437912,0.7225941331539271,0.7184012599329571,4
1766226930503347800,7.089402890151697,3.0423433360349272,0.721359813318253,0.718340802199589,4
1766226930550962566,7.8646145114726895,2.641687380624311,0.7226540099418981,0.7183394399544988,4
1766226930580688462,7.692212280971278,2.742597136772718,0.7224332363120808,0.7184229262275829,4
1766226930650993164,4.753677789170685,2.827272898280411,0.7215185805259292,0.718494337714097,4
1766226930681007121,5.628993335573651,2.6373258006873264,0.7221313988139182,0.7183940269905443,4
1766226930704719391,6.789662780921746,2.804932008837027,0.7213284541529489,0.7183095120363778,4
1766226930751340057,7.597466152744703,2.81175185990452,0.7223591939206742,0.7184880680410081,4
1766226930882919159,7.024632282446541,2.8396712890167666,0.7215800440323137,0.7183618608986424,4
1766226930906222620,5.15882443975213,2.6086376081144094,0.7218257389390879,0.7183618608986424,4
1766226931006123113,7.230238592255134,2.6450452355939045,0.722053370470069,0.7183634060737536,4
1766226931051597211,7.984866627915199,2.5600204795959716,0.72292038739646,0.718369581340988,4
1766226931081786569,6.838854821696327,2.888169061506427,0.7214141357255346,0.718398028627694,4
1766226931103839185,6.970950661806086,2.9450334327260186,0.7213355144452688,0.7183167780216365,4
1766226931151468880,5.212166139655583,2.7764479027235898,0.7218360873805709,0.7184261451466906,4
1766226931181806175,7.828832957948895,2.432363658656613,0.7229601030640791,0.7183832451852256,4
1766226931204387817,7.828832957948895,2.432363658656613,0.7229601030640791,0.7183832451852256,4
1766226931282486275,8.08972793002094,2.690500265209622,0.7229422572919572,0.7184118125610726,4
1766226931381174617,7.82862754686231,2.6088390117129676,0.722667712116927,0.7183587833327162,4
1766226931403478035,7.0254306339236905,2.9400479881822927,0.7213620586364642,0.718300688757305,4
1766226931481491243,7.14894831992563,2.7211515487547597,0.7219582892017038,0.7184404362301409,4
1766226931603455062,6.948504186297999,2.8710329064793423,0.7213640086315831,0.7182830815294766,4
1766226931681861219,5.413563792253329,2.957931046350674,0.7218415396227006,0.7183754456853565,4
1766226931706629025,7.116336085322472,2.9169208915346494,0.7215347038854762,0.7183447246704533,4
1766226931850955764,4.594806158315978,2.7039966077612667,0.7213960974072566,0.7184296896059291,4
1766226931903523791,6.493740832575812,2.851427032940861,0.7211335375462367,0.718449332871967,4
1766226931950956886,7.428662629257898,2.5850753585031985,0.7223388739971116,0.7183768473146325,4
1766226932004243416,6.74324039577856,2.7265244629549934,0.7214055618872205,0.7183553010154887,4
1766226932104349265,6.975084876103099,2.8329143087054476,0.7215565317122102,0.7183759497967099,4
1766226932150946547,7.984322287824752,2.529241526224068,0.7231064567830991,0.7184820763149524,4
1766226932181197330,6.938153096060495,2.850356790921472,0.7215678103497183,0.7184143588372299,4
1766226932250950003,7.412278566375496,2.5616352825235973,0.7223334251249416,0.7183523595968734,4
1766226932281411362,4.977921810326857,2.7801044947298896,0.7215999915782905,0.7183515931660398,4
1766226932350989567,4.844915675448758,2.692542444975492,0.7215587508147365,0.7184388806679679,4
1766226932450955473,7.808885880097538,2.5762221486680055,0.7228037863623465,0.7184260924604393,4
1766226932482994481,7.300824714233323,2.910192955584254,0.7217552254958642,0.718318299469754,4
1766226932504005678,7.183286367275832,2.8072536115194353,0.7216631490123727,0.7182537612588925,4
1766226932581734570,6.639393256566706,2.8910704188958793,0.7213285559364697,0.7185004055110538,4
1766226932651122307,7.2293514560300975,2.667461300840764,0.7220759010154569,0.7184343115728895,4
1766226932682096110,7.146040691136668,2.709193855417236,0.7219618859682027,0.7184434005130937,4
1766226932704105625,6.625324580733727,2.964426387112689,0.7209955222896108,0.7183295825001961,4
1766226932781789423,7.306642201704516,2.5225955668082607,0.7225107107850405,0.7185719919185652,4
1766226932804378949,6.557418825805961,2.8024582009051873,0.7213326198977572,0.7185251468866231,4
1766226932850972204,7.798745153766551,2.637080326147252,0.7226959976446902,0.7184084148018249,4
1766226932904776327,6.849362795077751,2.9166738735186906,0.7212822474754516,0.7183491944456443,4
1766226932981790675,6.626328825077965,3.0522801431759317,0.7209620170412914,0.7183467225846466,4
1766226933004912844,7.208483262120868,2.925573559651019,0.721588795134018,0.7183197318449108,4
1766226933050954120,7.708919924913071,2.625878610912864,0.722577904675857,0.7183826645673322,4
1766226933104245338,7.106604041311471,2.9490770281164083,0.7215280028291339,0.7183889509388781,4
1766226933151000817,7.188278644810531,2.553221378617262,0.7221706958126488,0.7184276974757469,4
1766226933204928092,6.724841391847702,2.624629988800475,0.7214672981624772,0.7183056804130739,4
1766226933250992672,7.964255385035424,2.7798051366650314,0.7226561353842854,0.7183929539138207,4
1766226933282408236,5.411014040566209,2.912726127216319,0.7218993600152899,0.7183877478270028,4
1766226933304941867,7.334732751256068,2.886954450895111,0.7217348289363901,0.7182999692807346,4
1766226933350969117,4.96412361653209,2.6093871990331134,0.7216814948366939,0.7183886062676599,4
1766226933382162744,6.99234120899217,2.7209321423104607,0.7216950798725225,0.7183566099911942,4
1766226933406828878,7.0266761239208275,2.986527527604809,0.7212659389593657,0.7182428204783764,4
1766226933482462998,7.412005676375788,2.8516183302032827,0.7219784512240602,0.7183727655435537,4
1766226933503910276,6.612121748085675,2.9291809759565637,0.7210198227315994,0.7183303905343731,4
1766226933551011105,8.083128782694349,2.7795634644545872,0.7227575083378117,0.7183831552897395,4
1766226933575946416,7.219121086982416,2.9218597276283633,0.7215500460395434,0.7182753902014036,4
1766226933605143746,7.449813819580542,2.906800617487683,0.7217563956183739,0.7182247550519638,4
1766226933650951362,7.254080565721299,2.8087353379316835,0.7219916296320332,0.7184862015458245,4
1766226933675948920,6.731798953855339,2.9453547625784586,0.7211626249426044,0.7183810932930581,4
1766226933704300389,6.2757364724409515,2.786299976599855,0.7208233783066512,0.7182699587302446,4
1766226933782023390,7.793975154928634,2.6199504441326393,0.7227684879146525,0.7184436345872008,4
1766226933881766587,6.919708312716932,2.8196890384858024,0.7215512383470921,0.718397122814593,4
1766226933950960428,7.541810637786361,2.549160632956632,0.7225437432630519,0.7183941240218068,4
1766226933975958587,6.910429467869461,2.753583880057453,0.7215034826915564,0.7182759120631993,4
1766226934000946056,7.245724196167758,2.886086893723765,0.721633503001063,0.7182748959750852,4
1766226934051287644,7.696057683428625,2.6241790246900183,0.7225168869653115,0.7183299011294555,4
1766226934083038028,7.00225489322448,2.8562044599193075,0.7215975231931063,0.7183923809822818,4
1766226934183149688,7.470463219391821,2.605568628246941,0.7222797354774442,0.7183064518924337,4
1766226934205378286,6.775079854313026,2.8029099565044917,0.7212613282820597,0.7182492027664057,4
1766226934251847066,7.80437464882533,2.696669067514065,0.7226346920400429,0.718442251616941,4
1766226934353005275,7.693714874776325,2.669468649947845,0.7224952455235705,0.7183691941470189,4
1766226934376753371,7.073354049375924,2.8421272267662037,0.7215698415433921,0.7183284309181812,4
1766226934408754417,7.436344689428553,2.520769276207942,0.7225129650029111,0.7184524503210502,4
1766226934483466312,7.721623947044343,2.7131795937737366,0.7224691948905192,0.7183555819023585,4
1766226934550964033,7.14138705135392,2.7959234430731326,0.7218677694915497,0.7184431607610877,4
1766226934582998181,7.667534586120683,2.6254425340069463,0.7226163833620036,0.7184535848290723,4
1766226934605829112,6.687104755881079,2.8477863588149845,0.7212243704471737,0.7183683536889279,4
1766226934650968110,7.512191145572555,2.5730649675974235,0.722396737560474,0.7183422700164891,4
1766226934686136506,4.916262777469704,2.918618512652958,0.7215180846557457,0.7183810280617736,4
1766226934701006276,4.916262777469704,2.918618512652958,0.7215180846557457,0.7183810280617736,4
1766226934782537794,6.761246096342877,2.988221511098442,0.7211891586774204,0.7183952125703212,4
1766226934805511052,6.751820202406056,2.6595887172734827,0.721525766605901,0.7183589509526175,4
1766226934856715654,5.162288260140091,2.969415711198517,0.7216747919993245,0.7184115816241818,4
1766226934876034656,5.162288260140091,2.969415711198517,0.7216747919993245,0.7184115816241818,4
1766226934900978613,7.523607234830476,2.7550464465772664,0.722278340316331,0.7184434403063774,4
1766226934975962059,6.922063055947669,2.7576752762159265,0.7215522673989092,0.7183464763289003,4
1766226935051717227,7.786707624152345,2.642608405928485,0.7226945786853672,0.7184511995623969,4
1766226935076078568,7.786707624152345,2.642608405928485,0.7226945786853672,0.7184511995623969,4
1766226935100958835,4.571738781405932,2.775588056668953,0.7213053926712365,0.7183560087033167,4
1766226935151903698,6.846522700293289,2.987524033537427,0.7212968443141715,0.718417273817003,4
1766226935182703854,6.518583111713716,2.978488116237916,0.721038406646347,0.7184425762545492,4
1766226935252422563,7.049217216446246,2.8407256431587475,0.7216321687942052,0.7183767455775146,4
1766226935351166700,6.7552364087964945,2.8301251377616095,0.7213774381443474,0.718383825756752,4
1766226935375972226,7.244164126595454,2.885736085240018,0.7216105876497957,0.7182487510757236,4
1766226935405872770,7.214512280977359,2.798696720794849,0.7217220092641529,0.7182936498747607,4
1766226935451115713,6.598727398359983,2.9467662583795637,0.7210771012682347,0.7183624321388077,4
1766226935500964052,4.8285669981512624,2.5811384131355997,0.721623977126624,0.7184310815105256,4
1766226935552401572,5.000102261706885,2.81042233006175,0.721591223030114,0.7183755536174792,4
1766226935575964610,7.056908048366672,2.9199580967804493,0.7214442557866477,0.7183067950296365,4
1766226935606612240,7.322438476674242,2.9385287831061846,0.7217557713080306,0.7183683380161114,4
1766226935651410536,8.260734043065598,2.8629639591207523,0.7228760843125666,0.7184234485972255,4
1766226935675967295,7.091656896406451,2.9642441759205527,0.7214182567782368,0.7183133189505924,4
1766226935700974841,6.791704094480044,2.9123596254195845,0.7212155672514571,0.7183324520428997,4
1766226935751180753,7.542715583390924,2.7592210328991524,0.7222328670253354,0.7183851373898241,4
1766226935784198272,7.755228761976318,2.766720046620106,0.7224001108634076,0.718345149551909,4
1766226935800956797,6.859771709336715,2.987654410778835,0.7211144689188481,0.718257080173285,4
1766226935851171545,6.8676667451113005,2.9058892928162314,0.7215349936122888,0.7185090722776334,4
1766226935875972603,6.908625397748502,3.00458139461837,0.7213091455165545,0.7184240026276132,4
1766226935901316653,6.864497605606923,2.9013148930187658,0.7213065242188402,0.7183856524424613,4
1766226935951375358,6.703833849633467,2.716556092900564,0.7215088277298711,0.7184434036179504,4
1766226935984458080,6.769742429333592,2.799215921820548,0.7214492535693091,0.7184001484577371,4
1766226936000959671,7.138409868141182,2.848324880049308,0.7216364875682841,0.7183311148579132,4
1766226936075960109,6.770758595749382,2.808139512021975,0.7212768762651978,0.7182981895694681,4
1766226936150971116,7.529414471492468,2.499590165695853,0.7226135299482646,0.718426218385145,4
1766226936200976761,6.57162134088507,2.8386501503694603,0.7211801917035513,0.7184185094557605,4
1766226936375983841,7.166029402381091,2.9505093067763806,0.7215151832479839,0.7183097775613051,4
1766226936451542038,7.971716376710125,2.69388858545084,0.7227273528061625,0.7183632508276433,4
1766226936500969876,6.9128962540976335,2.6314959197508743,0.7216439785235175,0.718276773077678,4
1766226936551389009,7.4007137596535655,2.5935841133383444,0.7223450504444067,0.7184155183750792,4
1766226936575977968,6.626707212282756,2.8498712508782416,0.7212187891555918,0.7183985219813638,4
1766226936651195414,7.7259537530322,2.8169144262391654,0.7224318349883839,0.7184455724563845,4
1766226936675964953,7.15964845583561,3.074251988399759,0.7214342191883251,0.7183757040886947,4
1766226936700969243,6.617502781594231,2.791140114014519,0.7211716383084685,0.7182862570933316,4
1766226936775986983,6.8474978186532365,2.967764020364329,0.7212354532850055,0.7183903769680496,4
1766226936800990773,7.13583342592039,2.867197437463229,0.7215334621265251,0.7182729893319175,4
1766226936851572843,7.735314109517,2.733164447776272,0.722525605661549,0.7184273873259064,4
1766226936875985520,7.046602681337277,2.8515155184962504,0.7214957246598261,0.7182898656985324,4
1766226936900982937,6.619586523504362,2.7442377813471643,0.7213619285015929,0.7184187525580273,4
1766226936951906199,7.272893840217454,2.6228477032897843,0.7221935242986904,0.718432970390398,4
1766226936975958318,6.642166067072797,2.817738177959681,0.7212758394318314,0.7184104712974831,4
1766226937000976033,7.001769310176487,2.969729744836416,0.7214242456619073,0.7184243532687415,4
1766226937051310978,5.318598434704169,2.737169754959078,0.7219441725246816,0.7184451728468272,4
1766226937075966452,6.816985798886788,2.6228857099164093,0.7215700335422587,0.7183110187786307,4
1766226937100969550,7.108982333546843,2.883524909676221,0.7215849214822779,0.7183397884078729,4
1766226937151047341,7.321167042142029,2.600505551318575,0.7222847512998128,0.7184626107432723,4
1766226937300960712,6.402064371499039,2.9674639327756576,0.7207935249848206,0.7183256257770406,4
1766226937350965065,7.079259117157233,2.84097307712224,0.7217284932747936,0.7184145163767782,4
1766226937375967111,5.963055291976049,2.6978513676567335,0.7207478447673717,0.7183629012158211,4
1766226937475975095,7.301741517954707,2.9021909463718645,0.721695355223239,0.7182981339357924,4
1766226937500975327,7.2033972883458475,2.734024518328352,0.7217721846726579,0.7182770687625025,4
1766226937551409739,7.927813227608382,2.618028071947682,0.722861495607354,0.7184408226543181,4
1766226937600973553,6.593138211483107,2.680576835358286,0.7213101513277405,0.7183237555980386,4
1766226937651050723,6.744734641314976,2.890186045749642,0.721352753586642,0.7184388206958933,4
1766226937675981575,6.931523823877961,2.696608775526225,0.7216086121261144,0.7183312023358936,4
1766226937751150329,4.654189196857117,2.5972658149265104,0.7214435550203018,0.7183815053577988,4
1766226937775970744,6.958509621338593,2.9243436324455088,0.7213695673407936,0.7183395372576075,4
1766226937800998157,6.3556553776877855,2.920133866425067,0.7209141738320125,0.7184314682982929,4
1766226937900969933,6.974687373779154,2.9104424932372703,0.7214040809719464,0.7183510245705862,4
1766226937952480741,6.672498555541861,3.037249536450231,0.7211604567400663,0.7184985604956703,4
1766226937975967085,6.536131604693574,2.987048801761438,0.7209311120226166,0.7183887465594732,4
1766226938000973499,6.886316845091223,2.9437014673072035,0.7212238738702272,0.7182797438721381,4
1766226938075968236,6.767232005627455,2.814272507795667,0.7213283433468454,0.7183470040681477,4
1766226938100981834,6.822726854735173,2.7895289292437835,0.7213837538131785,0.7182927134439346,4
1766226938151727471,6.562747696565174,2.7802032072911196,0.7212311288465468,0.7183548020113613,4
1766226938175974326,6.811131962016548,2.704216834440862,0.7214797069755466,0.7183193540215796,4
1766226938200981692,7.145771883392049,2.816120713157057,0.7215299825873275,0.7181470601089522,4
1766226938252207012,7.042848214221631,3.025463459167775,0.7213645926720219,0.7183371869728605,4
1766226938275971239,6.660237702853178,2.8402711448753855,0.7211419166360784,0.7182953288336009,4
1766226938351151956,6.596128354560693,2.833867503732468,0.7212935354688194,0.7184319233410109,4
1766226938375972501,6.863992343376646,2.915466331615229,0.7213105060417863,0.7183423865136542,4
1766226938451058339,5.255726289440155,2.8656983978126345,0.7217543077708151,0.7184193592731195,4
1766226938475971237,6.715531423897914,2.6074483506906816,0.7214845196139266,0.7183125834156887,4
1766226938551006640,6.338128560117839,2.8252260063299617,0.7210853924184817,0.7184817804325194,4
1766226938575979051,6.5914327859131205,2.7890092989395243,0.7211877153536229,0.718349622256413,4
1766226938600976187,6.6396312158635284,2.7509954089728375,0.7212578482027022,0.7183203932548176,4
1766226938675976394,6.652667717854777,2.8484935013858994,0.7211488314415964,0.7183114714735792,4
1766226938700973131,6.554898833252998,2.8614040811325863,0.7210248435083768,0.718291650102798,4
1766226938751071540,4.692162177310721,2.5361529710183297,0.7215219408968597,0.7184090824795888,4
1766226938800956909,6.733446597824377,2.7820310188468556,0.7214369366156095,0.718439829950929,4
1766226938875977484,7.135673674872778,3.0293227447894147,0.7214127786047683,0.7183540628389055,4
1766226938951019319,6.749864662165761,2.75837586349225,0.7214772850175258,0.7183972985119371,4
1766226939000997533,6.880268088576669,2.896715602061164,0.7212486111964743,0.718281725695733,4
1766226939051034587,8.038673888864922,2.708839028662785,0.7228331328637425,0.718393902678901,4
1766226939075974647,7.054830990927519,2.7693190586160528,0.7215757416431171,0.7182724438590187,4
1766226939151173107,7.420804344512422,3.067068962059672,0.721882969281997,0.7185269217858892,4
1766226939175972281,6.535008844560042,2.823080058603228,0.7211655291800319,0.7184186965712338,4
1766226939200987942,6.442818720089005,2.799139318276607,0.721084870967435,0.7183868517368853,4
1766226939251585752,6.558061811497207,2.914547508644102,0.7211353587383204,0.7184353535597116,4
1766226939275972199,6.7375676524410455,2.8875689049052227,0.7212104102777053,0.7183494328177528,4
1766226939300973614,7.080167217080491,2.9288095539183323,0.7214182107873864,0.7182834425141126,4
1766226939351658948,7.642997480718505,2.852392642514954,0.7221875688883415,0.7183544849829462,4
1766226939375974603,6.746165581747898,3.037497307928511,0.7210087121967974,0.7183223165776761,4
1766226939400979795,6.657060471047749,2.9497172230169078,0.7210681991998327,0.7183417522195906,4
1766226939475974842,6.72340366095181,2.9440978552125388,0.7211472803854123,0.7183800652800117,4
1766226939600980373,6.928923455362446,2.8467696497356636,0.7215343598373071,0.7184343421102528,4
1766226939651892534,7.41764816305146,2.6172219551082203,0.7223291193425094,0.7183850032313361,4
1766226939675975951,6.690424449304566,2.796891425151347,0.7212145445120767,0.7182815737199779,4
1766226939700978308,7.342965149834013,2.8461288770092232,0.7217779715690399,0.7182726263131681,4
1766226939752264432,6.964336209528299,2.8371288426900536,0.7215394137701924,0.7183667702398074,4
1766226939775979286,7.45919656217664,2.86736507044623,0.721867878045121,0.7182882562018953,4
1766226939851450209,7.629039227172729,2.759389563679358,0.7223036029307612,0.7183579123148746,4
1766226939875976470,6.933355809423225,2.987525938994352,0.7211984311671537,0.7182694829561649,4
1766226939901001469,6.858507919204282,2.887137882831441,0.7212778867688767,0.7182887503667494,4
1766226939951628683,7.276933799742702,3.0975123018616415,0.7215716953233983,0.7183987835264067,4
1766226940051774246,6.689492373768036,2.987849196757169,0.7211617826084332,0.718429161261204,4
1766226940100992449,7.2018394018380505,2.786101002105607,0.7217054702179968,0.7182799548521981,4
1766226940151619694,7.218257156937136,3.0259205271364515,0.7215496031164175,0.7183641687043705,4
1766226940175992896,6.948455545956023,2.9356017290716125,0.7212754506585688,0.718264722883122,4
1766226940201002417,6.948455545956023,2.9356017290716125,0.7212754506585688,0.718264722883122,4
1766226940275982185,7.33306402128997,2.7310302653837897,0.7219604534621428,0.7183142114539524,4
1766226940300986996,6.982102085352437,2.5237388776313345,0.7218840653215474,0.7183437626037461,4
1766226940375980150,7.000397704275851,2.8517419399837003,0.7214710045106659,0.7183222551676031,4
1766226940452224557,5.296862778975897,2.6735338082238167,0.7218414969393954,0.7183445447083874,4
1766226940475992722,6.792078270032809,2.7021606356673256,0.7214819843318685,0.7183441961105476,4
1766226940551476809,6.593865212750738,2.9941027114643246,0.7210538930990045,0.718397156514087,4
1766226940575988101,7.352812304977752,2.88616090118493,0.7218164554684643,0.7183529752742107,4
1766226940600988585,6.801958910718553,2.955597347145098,0.721084301242898,0.7182359581658935,4
1766226940700994113,6.363347460423663,2.961242697961119,0.7207469026204082,0.718323420316208,4
1766226940852703322,7.36660755293661,2.6374677458793827,0.7221928426449026,0.7183785781511551,4
1766226940875985582,6.972449804663716,2.807165887709926,0.7214573093189428,0.7182611935921818,4
1766226940901010361,7.049338418484541,2.820464653808252,0.7215632040241899,0.7183209884652108,4
1766226940976000980,6.476755163386083,2.8577768641608445,0.7210130606204093,0.7183516358041897,4
1766226941052032437,6.51748251840556,2.882465923760437,0.7211241851956475,0.7184160255689592,4
1766226941100991382,6.892231170714802,2.7885578862899223,0.7214016095003428,0.7182836627311567,4
1766226941151519661,7.786309754737708,2.775840443333576,0.7224646784151019,0.7183779014384577,4
1766226941200989698,6.945563305529423,2.7706621445492257,0.7215499675069813,0.7183552849451293,4
1766226941275986979,6.770600821490724,2.776463859556706,0.7213882077826804,0.7183436545950977,4
1766226941300991910,7.009429891253416,2.9519039765124755,0.7213729372335447,0.7183139127956062,4
1766226941353549397,6.938325093277076,2.839561998381449,0.7216622002876021,0.7184839115310199,4
1766226941375997066,7.360202100730628,2.8446366634689055,0.7218777634583533,0.7183709323489184,4
1766226941400995616,6.6295783478208525,3.0533836565665506,0.7210043880191924,0.7184219178840886,4
1766226941500997037,6.6040342953496145,2.8942620322376316,0.7211653586513012,0.7184238612478117,4
1766226941554197413,5.036208301747447,2.633032367714412,0.7216853533152269,0.7183236906135616,4
1766226941576403307,5.069377781875217,2.604159256758165,0.7216853533152269,0.7182879571576926,4
1766226941601027212,5.227032314136348,2.888852935954621,0.7217359932137267,0.7183569928129895,4
1766226941653820041,6.74133108942665,2.8761968691211215,0.7213355841006935,0.7183847806710311,4
1766226941675990920,6.89411205103041,2.8548316852380893,0.7213652480911645,0.7182782100119841,4
1766226941700992515,7.211051077895547,3.024015025551874,0.7214346654832868,0.7182954921049908,4
1766226941752871635,5.129669020163763,2.6757023159681967,0.7217259518387212,0.7183381541824873,4
1766226941775993573,7.234237921840858,2.707586149256787,0.7218682487816754,0.7183005432243643,4
1766226941800994297,6.649045546182397,2.789274644028189,0.7211873646461475,0.718293487033446,4
1766226941875992810,7.17213489125601,2.8741745638502536,0.7215861572336821,0.7182902218843822,4
1766226941952603908,7.423851896581568,2.5854884013425026,0.7223167538650376,0.7183509270108391,4
1766226941976093197,6.939674144404773,2.873217323450887,0.7213953893300002,0.7183038703224898,4
1766226942053216589,5.559355758186002,2.4864988556764485,0.7221451737961618,0.718364474991462,4
1766226942076009167,6.931698684531806,2.7093326723588094,0.7215913301043967,0.7183268959124539,4
1766226942101010472,7.025802297799255,2.7948389678068137,0.7215300889064559,0.7182637215327052,4
1766226942151968419,6.5610408400401665,3.047479681083908,0.7210141546903175,0.7184632509149051,4
1766226942176017471,6.771572172913243,2.89850760660339,0.7212606752763963,0.7183715267483752,4
1766226942352071078,8.066639708600775,2.808446877080792,0.7227114467695211,0.7183623505968137,4
1766226942476020291,6.6344685090833355,2.8086463930228804,0.7212572917319967,0.7184126667919181,4
1766226942553837308,6.973356022177413,2.9471084861423336,0.721470071479355,0.7184143770066029,4
1766226942578492221,8.004787838659544,2.5995924369959713,0.7229644032078973,0.7184143770066029,4
1766226942601572541,7.568629917077296,2.7197973308892536,0.7223632035146169,0.7184191349983291,4
1766226942653490143,7.955387340325082,2.7207222410253906,0.722733253721783,0.7183948735300874,4
1766226942676000901,7.089300993947334,2.9705114691674455,0.7213714097571923,0.7182751860981038,4
1766226942701000242,6.827874225413311,2.765424997860833,0.7215127710857262,0.7184028186420462,4
1766226942752759266,6.626475324855718,2.8602143799194986,0.7212850509760111,0.7184434814262162,4
1766226942776029784,7.030537469024933,2.985296495475322,0.7214110077772482,0.7183552080341469,4
1766226942801003406,6.661482752090664,2.9687184743323174,0.7210226963057799,0.7183132744619956,4
1766226942853100867,7.90932200565575,2.7583854637939584,0.7225027167222461,0.7182799975899685,4
1766226942876002571,7.002246383334465,2.879792093833828,0.7213569865710822,0.7182229494986804,4
1766226942901004967,6.9674815698894665,2.7040198076043405,0.7216962625341118,0.7183571706025716,4
1766226942952823844,6.900848491344536,2.885676918983941,0.721473617170814,0.7183697139332699,4
1766226943001022438,6.7924340311933395,2.7279787915472458,0.7215235976977747,0.7184027856640861,4
1766226943053798987,7.52087717577965,2.5216205141289674,0.7226012468454908,0.7184470551603575,4
1766226943075999521,6.916855275914235,2.7182401144692543,0.7216213080254695,0.7183703447460765,4
1766226943101006396,7.095477312551779,2.837124768498059,0.7216304606859429,0.7183592650894487,4
1766226943176388762,7.138468735286341,2.732775481794149,0.72180748162629,0.7183595932907101,4
1766226943276003816,6.764160741500325,2.8345376001357185,0.7212255250630694,0.7182676315626713,4
1766226943301031380,7.266944489578098,2.7437753355979995,0.7218023648809189,0.718230308616916,4
1766226943326067830,6.279436452430454,3.05097748885073,0.7204535281932999,0.7182209174844106,4
1766226943379716329,8.120922372629513,2.7093003511543325,0.7227386885529062,0.7182799645543342,4
1766226943476295941,6.439038304783429,2.9671203216940185,0.7208910005341639,0.7183994872621389,4
1766226943501026647,7.816567112657213,2.7299521094109482,0.7224086221489106,0.7183099319470655,4
1766226943554267439,7.78746773376604,2.607131666395106,0.7227130827103345,0.7183875123304246,4
1766226943676197713,7.031160017696547,2.889092252124391,0.7213635445435597,0.7182119760307905,4
1766226943701050778,6.659135846824649,2.7979754156904333,0.7211227860103735,0.7182062896012699,4
1766226943753402187,6.720751143869608,3.0878093174988837,0.7210488120775295,0.718393411353797,4
1766226943777877411,6.974219058615616,2.961529042088478,0.7213583853196835,0.718329715513635,4
1766226943801019046,7.855411966752213,2.64316760164015,0.722760553552353,0.7184223607408148,4
1766226943854437493,7.786586369793236,2.697947286269226,0.7225688238060273,0.7183713439902734,4
1766226943876710914,7.142944748613433,2.989087046466715,0.7214713884728603,0.7183352635667165,4
1766226943901033331,7.308019776000707,2.521805532297587,0.7221711464263496,0.7182997023654544,4
1766226943976143014,6.666145966725545,2.7667097434007135,0.7212913056331689,0.718324963872873,4
1766226944076056699,7.349993727568616,2.767218113353607,0.7218984924688154,0.7183048852510088,4
1766226944101028879,7.467049687013061,2.7473321789972767,0.7220750153450253,0.7183117545847709,4
1766226944153307801,6.9999058156204885,2.611308638108744,0.7217455895585264,0.7182807657760173,4
1766226944201034548,7.80631694865308,2.629994977317212,0.7227332588287667,0.7184466718172192,4
1766226944255079994,7.8767760396734054,2.776867470794865,0.7225883655254698,0.718424480712431,4
1766226944277612002,7.611308846651954,2.7293957965466102,0.7222869192848524,0.7183862819683532,4
1766226944302875109,7.547717526484976,2.8378697786149587,0.7220652980051026,0.7183115763345026,4
1766226944356556229,4.882891368438669,2.6333282609850093,0.7216704993663698,0.7184232119151632,4
1766226944379326636,4.89772546115208,2.643798498755752,0.7216704993663698,0.7184076583172674,4
1766226944453956486,5.125822859731732,2.7360370781763144,0.7217772426713157,0.718416097734531,4
1766226944476882605,6.436705205759674,2.802484897795265,0.7210665181077638,0.7183701607535994,4
1766226944501035453,6.713971979230182,2.809801845238814,0.7213584104059435,0.7184134316921346,4
1766226944553996108,5.419618905411205,2.9080748915032637,0.7219533085879141,0.7184120556504927,4
1766226944576101403,6.889146198330809,2.7860423347489713,0.7214882717000763,0.7183346102738686,4
1766226944601177979,7.2322707473558845,2.7744383424048853,0.7217932046626317,0.7183141687553832,4
1766226944654678610,5.249418260238503,2.7146916908802052,0.7218132731919458,0.7183807645817339,4
1766226944701015581,4.943232951697407,2.691658298275565,0.7216336021236144,0.7183698880608609,4
1766226944753362041,7.14005441756993,2.932932400232544,0.7216375312912696,0.7183683131079595,4
1766226944776137316,6.620838725592826,2.6995212207272967,0.7212589713341002,0.7182502805039306,4
1766226944801017322,7.002603507824112,2.8673060342296477,0.7213397747559875,0.7181879799391414,4
1766226944854829189,7.596230475581778,2.4449052897086023,0.722726031136493,0.7184329562769176,4
1766226944876589655,6.928682776638051,2.842652465764232,0.7214791426991765,0.7183809667386423,4
1766226944901034713,7.302890813574936,2.7846121719072197,0.7218514957328029,0.718309659944259,4
1766226944959681027,4.691688394341198,2.7561404315183013,0.7213697900092576,0.7184281020872013,4
1766226944986951641,4.691688394341198,2.7561404315183013,0.7213697900092576,0.7184281020872013,4
1766226945004567168,7.687751645721108,2.690189073416292,0.7224816438805962,0.7183823960190877,4
1766226945034076455,7.587828104524852,2.6756002238722196,0.7224816438805962,0.7184833132742822,4
1766226945080566324,5.137386012502576,2.7731053450914107,0.7217173567301131,0.7183745546844998,4
1766226945102251959,7.466745254950613,2.517436319068581,0.7224423297224839,0.7183745546844998,4
1766226945153773827,7.695922205355643,2.6525132193488887,0.7224616487153757,0.7183259513175271,4
1766226945277478700,6.310425257129992,2.7845116635979528,0.7209242858641608,0.7183170970158346,4
1766226945301025016,7.309937227472196,2.911748645517899,0.7217057715814973,0.7183033056849537,4
1766226945354550354,4.721629721459952,3.0401241195021367,0.7212265317484424,0.7183673423319774,4
1766226945376748303,6.958596937923889,2.829971791212225,0.7214176159846187,0.7182579871266898,4
1766226945401034832,7.00006337865422,2.8982043418124728,0.7213419250257797,0.7182314518534298,4
1766226945455117719,6.879845542792862,2.8067869073832576,0.7215643630941382,0.7184442235957749,4
1766226945477087789,6.9166289645608,2.8976909623663403,0.7213905370100777,0.7183888345107022,4
1766226945501025352,7.244336225058823,2.869197341119879,0.7216151769106679,0.718227893082772,4
1766226945654135857,7.744964100446228,2.8216431621987086,0.722388577869396,0.7184126270987868,4
1766226945701025578,6.804432335436483,2.907766425574317,0.7212376190792628,0.7183158679741936,4
1766226945776373819,6.765000375079433,2.83957629196668,0.7212690215418259,0.7183036522545452,4
1766226945801028291,6.799428203619784,2.905598533624933,0.721246435218992,0.7183530527342895,4
1766226945876589393,6.8595385133427556,2.70598831722507,0.7215438666617778,0.7183128526884158,4
1766226945901029110,6.948958373850456,2.8758166937352416,0.7213659111863406,0.7182675047984103,4
1766226945954546974,7.843235054709852,2.648374141697502,0.7226774533083081,0.7183591598103336,4
1766226945977003540,7.242672540046735,2.796802027669885,0.7217092707870912,0.7182411424841287,4
1766226946001034899,7.062695843126798,2.8576816182860187,0.7214993993128616,0.7182569856790383,4
1766226946076510389,6.691477035747684,2.8979867973995077,0.7211487030536017,0.7183281999128239,4
1766226946101036429,6.984066123877697,2.6749628487756936,0.721698755450163,0.7183607741546097,4
1766226946154441711,6.5241535185237565,2.977311963904652,0.7210304094249214,0.7184326896636959,4
1766226946201042158,6.973560423912395,2.9405746307682605,0.7213628879347752,0.7183533254194946,4
1766226946255449665,6.547829981502051,2.9320647464050156,0.7210906425871867,0.7184178847249995,4
1766226946276564947,6.452503668099019,2.78803843040835,0.7210833426020237,0.71836968231883,4
1766226946301026726,6.702514745017929,2.7732178942118377,0.7212454252780731,0.7182875218426172,4
1766226946401033436,6.931328550717097,2.7963470496362595,0.7215417397382624,0.7183863682247972,4
1766226946453988100,7.772217800867343,2.6908766937329514,0.7226062188047983,0.718408182281049,4
1766226946476921012,6.905112132239988,2.9225676759017314,0.7213266921246564,0.7183316831000705,4
1766226946501040387,7.14031413347882,2.705011643993676,0.7217708660699559,0.7182949175828872,4
1766226946554605219,7.05954712964818,2.876670343097049,0.7216544101530847,0.7184161996314997,4
1766226946577304331,7.282242015418716,2.790490368692393,0.7218143502546702,0.7183180909619341,4
1766226946654354605,7.63597740228672,2.676590030502483,0.722485797288229,0.7184046991750304,4
1766226946777238162,7.264566625524549,2.7968238330246384,0.7217405374188454,0.7182494756010943,4
1766226946876644823,6.881214109384248,2.9556065518899706,0.7211805083419468,0.7182457242459028,4
1766226946901034446,6.976743338649283,2.912212683510119,0.7213612017907206,0.7182911839572379,4
1766226946977065712,6.75391080564125,2.725462266939639,0.7213968252078531,0.71831950170931,4
1766226947156129582,5.027662469701877,2.9308650372663254,0.7215755409243028,0.7183566614347953,4
1766226947177538667,6.650094683973595,2.762037677123302,0.7212612049251739,0.7183339450354127,4
1766226947276024806,6.9679600247068985,2.7176162127625094,0.7215908142473392,0.7182973079773122,4
1766226947301039115,7.388597969187227,2.466557656366356,0.7225114662644604,0.7184411379512275,4
1766226947455013685,7.639181681385332,2.782942061887034,0.7222413094948843,0.7183398204936527,4
1766226947477504776,6.9176321170142385,2.9711387957040976,0.7212348510688571,0.7182987160334019,4
1766226947501204441,7.638716543757029,2.9830752289519786,0.7220012357470111,0.7183422943391278,4
1766226947555478617,7.00397352595461,2.918727866411441,0.7214596275463847,0.7183318407212983,4
1766226947577965590,7.523338463671814,2.6240960534183073,0.722341554381314,0.7183318407212983,4
1766226947754961288,6.959122933619999,2.9654571499987212,0.721461545123631,0.7184480415294081,4
1766226947777004997,7.16929204561223,2.9095557186503567,0.7215811354990314,0.7183508083279591,4
1766226947801037789,6.882369355181606,2.8439325065866408,0.7214258877167936,0.7183507611487291,4
1766226947854859364,6.531894157105755,2.859492291786019,0.7211637357536714,0.7184147409280994,4
1766226947878243265,7.2085435753623806,2.90960569498948,0.7216690782934733,0.7183760637661337,4
1766226947901069917,7.687842299617165,2.61359878592458,0.7227029859336657,0.7184877039382124,4
1766226947954963076,7.544366526743063,2.693516603507779,0.7223047766414762,0.7183468708245547,4
1766226948001053574,6.833742028436562,2.8019388310626865,0.7214267094803326,0.7183636753421937,4
1766226948078075093,6.482486852404601,2.8714540439320553,0.7210407962312195,0.7183671584250456,4
1766226948101041368,6.8103763576349285,2.8566655630689723,0.7212400824755313,0.7182353444600674,4
1766226948201534794,7.003145679871814,2.7179393757451265,0.7218554548642104,0.718478362171776,4
1766226948234115450,7.366159584614618,2.698230545875968,0.7221669216584954,0.7183985493213587,4
1766226948301038137,7.714573969850536,2.788282270491723,0.7223062242773125,0.718315852118785,4
1766226948355628578,6.8667852355353,3.003114726803772,0.7211904981729871,0.7183309676668885,4
1766226948378514432,7.134591403708868,2.848269581607321,0.7217441086615162,0.7184345231317883,4
1766226948455231378,7.085993586177675,2.8272105603121833,0.7216949471986033,0.7183703805526667,4
1766226948477794284,6.928894874067337,2.9709947171877293,0.721292031110232,0.7183265839427547,4
1766226948501054011,7.107616272193473,2.8839195061684055,0.7214785168408282,0.7182548556881403,4
1766226948555230133,7.337990303375452,2.6878470506391077,0.7222113713991087,0.7184749078839385,4
1766226948678799460,7.118403476583879,2.818749434082164,0.7215997782444509,0.718266691843078,4
1766226948702313095,7.348109117057078,2.629344185062145,0.722284990729473,0.718456616709095,4
1766226948759918098,4.924121501921341,2.7996551176004743,0.7215658657608857,0.7183971090834899,4
1766226948878442042,6.536050246452763,2.7039423082877994,0.721271284693109,0.7183700996603856,4
1766226948901054831,6.973973679259116,2.7581757557104796,0.7215960312646429,0.7183154120765832,4
1766226948955704113,7.406516813014408,2.693976167538363,0.7221849615316538,0.718381387052394,4
1766226948979159328,6.920988448978593,2.8475178537559027,0.7213807629013352,0.7182853462006709,4
1766226949056773613,7.226623662593079,2.494752740261033,0.7222726072456123,0.7183730265272122,4
1766226949077915024,6.672149361434343,2.7720839813887235,0.7212648033250892,0.7183069541790954,4
1766226949179082188,6.835400797217561,2.821506343397535,0.721269708553532,0.7182330955619509,4
1766226949201045035,7.382346108230631,2.6884723373541743,0.7220266885134707,0.7182798575309367,4
1766226949256214095,6.928255529613736,2.895319210683299,0.7214881989406049,0.7183754718271245,4
1766226949278516060,7.085887225759424,2.925548541148165,0.721522627712386,0.7183544896431667,4
1766226949301038770,6.307143479770794,2.809676883912387,0.7208395223383397,0.7182960836693517,4
1766226949357175010,6.630672222881384,2.919639156486405,0.7210990092606223,0.7183287776600736,4
1766226949377839243,7.0171425417127065,2.744313885363943,0.7215486004830856,0.718232504579115,4
1766226949401054677,7.031308699814276,2.93407339190158,0.7214349332890009,0.7183262333221927,4
1766226949478544447,7.173995878885675,2.7055390802540566,0.7218569150530441,0.718332703544799,4
1766226949555957002,7.3303083117438605,3.007770860377553,0.7215542133465227,0.718264709788535,4
1766226949656502596,7.6556204885404044,2.6078912569646793,0.72258212014802,0.7184086826150899,4
1766226949678648778,7.0051344076235145,2.85053364322901,0.7214632486002647,0.7183029142342607,4
1766226949755869422,6.593064890495159,2.84914684670224,0.7212295444064443,0.7184134517508632,4
1766226949778356004,6.620653855527681,2.81522291416965,0.7212110077487637,0.7183607347174983,4
1766226949801138583,7.752348726800529,2.5451115995100464,0.7226023899844976,0.7182627646682718,4
1766226949856112386,8.250474154238074,2.8263402661834314,0.7229287898021665,0.7184437066081508,4
1766226949879015822,7.1642838784354845,2.8846251901655946,0.7216071791547832,0.7183501340005901,4
1766226949901058009,6.850576825271348,2.8392281320164305,0.7213184253386354,0.7182784461776567,4
1766226949955930941,6.642194013461777,2.9173162603182883,0.7213215659957061,0.7185169732974618,4
1766226949979281209,6.991349267572278,2.9776428914525783,0.7214476964271173,0.7184249399425798,4
1766226950001054349,6.765790676674155,2.8119344784163416,0.7213102988702029,0.7183134855044971,4
1766226950057613324,7.644455578687981,2.6846836435332633,0.722551873738909,0.7185161962307874,4
1766226950178553003,6.978074945361068,2.64927076517901,0.7217604579855573,0.7183497008620671,4
1766226950256989905,7.144129506777119,2.775598767050517,0.7218102648062732,0.7183649008626601,4
1766226950280238381,6.654735038194359,2.762569138146528,0.7212627236664738,0.7183046181285412,4
1766226950301052697,6.7776786206547035,2.95054456445736,0.7211206117509831,0.7182851612884343,4
1766226950401053235,6.793975647962691,2.777050887116995,0.7213448236473642,0.7182860716651688,4
1766226950455812543,6.497074830300376,2.948166629747029,0.7210567365613112,0.7184191810961269,4
1766226950501060916,6.738879372053641,2.920919022580851,0.7211488075819585,0.7183353890374207,4
1766226950579363576,6.755244634443325,2.7234381087708512,0.7214517057471198,0.718355507042064,4
1766226950659313255,7.794496289445951,2.6027715998780585,0.7227082542211077,0.7183917559131959,4
1766226950701059577,6.679966614552946,2.844752262980269,0.7211877533686313,0.718316722282995,4
1766226950756536206,7.031603529821795,2.85379940683327,0.7216775003971885,0.718454800898777,4
1766226950801054234,6.777164159282312,2.8518724389276877,0.721296832423225,0.7183661840356605,4
1766226950856518930,6.815285936513371,2.723481076151162,0.7215464303066559,0.718382728667174,4
1766226950901046697,6.67870062242526,2.850387433749313,0.7211973144634795,0.7183219393975616,4
1766226950956572628,6.8827940201714455,3.108064792302733,0.7211623682868201,0.7183692296815668,4
1766226951056126285,5.495814013535272,2.6101371116673913,0.7220372215994204,0.718359783308368,4
1766226951079971805,7.182570236294872,2.863951497689982,0.7216148998791668,0.7182833667833898,4
1766226951156634699,6.6874173204566345,2.969544226252125,0.7212481500883681,0.7184690761531535,4
1766226951201058369,6.838687948616751,2.8922076238243846,0.7212902735251081,0.7183067295076005,4
1766226951357933847,7.595669895208768,2.451275634948784,0.7226876350547645,0.7183945654155588,4
1766226951401049376,6.835255682874797,2.8342758508963484,0.7214040637516872,0.71835313789591,4
1766226951457106066,7.535008861366377,2.56144374637359,0.7224597137123158,0.718362660034961,4
1766226951556738652,6.438288593252017,2.9540182109806654,0.7208810360504362,0.718355933083739,4
1766226951581943178,6.5910664879477165,2.9128337763304635,0.72097600192053,0.7183005567178171,4
1766226951656691229,6.786743204416745,2.8651826399027884,0.7214478355431567,0.7184542716560879,4
1766226951701059826,6.756467786161013,2.992606671943654,0.721046628631297,0.7182967586639758,4
1766226951779422749,7.219725839338831,2.791751247432164,0.7217844430244372,0.7183401989564969,4
1766226951857564907,6.792560058044739,2.888679822709102,0.72128361561113,0.7183168093459459,4
1766226951879321375,6.929694263288821,2.7849925569771528,0.7214735469494192,0.71827524860306,4
1766226951901056563,7.072469892273836,2.9093392013701465,0.7215399024606973,0.7183572115480237,4
1766226951957327066,6.7925924772077595,2.7840427487447093,0.7216229778177643,0.7185176238256178,4
1766226951979370063,6.975892490500235,2.8651982458052374,0.7215328907396854,0.7183967369916529,4
1766226952056157161,7.020160402056885,2.8789355209136,0.7215907688837394,0.7183787873288975,4
1766226952080447057,6.739398648499373,2.728702192954042,0.7213344911345042,0.71825460810312,4
1766226952156960299,7.969676028029782,2.64995039299876,0.7229173646875099,0.7184638343339576,4
1766226952179567138,7.196959596540875,2.8480598633184484,0.7217650031024,0.7183994085945631,4
1766226952201064488,6.922236875033683,2.823146328391195,0.7215227266675607,0.7183848616549782,4
1766226952256925771,6.692635242934064,2.93622826220583,0.7212488010922723,0.718427372242291,4
1766226952279641163,6.887770734332999,2.745511458059782,0.7214920814420296,0.7183183975835131,4
1766226952301066940,5.979613488210855,2.8495489601667,0.7205585750371103,0.7183605400871774,4
1766226952357766089,6.829440862584857,2.824804749278259,0.721409359335602,0.718316420311417,4
1766226952380292045,6.934211001214163,2.8297556636540357,0.7213986601761412,0.7182574845542807,4
1766226952401055374,7.2434555783760235,3.058406915219282,0.7213840186201359,0.7182360382130337,4
1766226952479504039,6.876413702916917,2.7313885105212523,0.7215469518881721,0.718355421882838,4
1766226952501059839,7.144246743015947,2.877821052506722,0.7215937446413156,0.7183236298938086,4
1766226952579283090,6.6845470577322486,2.977517378344279,0.7210179962112413,0.7183215730922298,4
1766226952601067180,7.109626571299099,2.784136091242238,0.7215934702186487,0.7182398654751123,4
1766226952779481676,6.961944397008146,2.9381212482263495,0.7213652107361691,0.7183292204693981,4
1766226952801074707,6.717370005171586,2.749086182592089,0.7213348240003545,0.7183141151102634,4
1766226952880194614,6.430989464444203,2.9415469410040456,0.7209326477729088,0.7183890504001584,4
1766226952901066589,6.882878288180461,2.746961188156531,0.7215224749987998,0.7183348754148832,4
1766226952958152886,6.517336483961689,2.936468134898577,0.7209685533010632,0.7183112942336826,4
1766226952980246248,6.877370147275075,2.7598456114000203,0.7214107856926834,0.7182525716547774,4
1766226953057895558,6.51762554499935,2.929642360983818,0.7210033594623171,0.7183504916658124,4
1766226953081217502,6.702001133302993,2.8619676820952855,0.7211572813433572,0.7182856773484422,4
1766226953157232357,4.358234644520675,2.702020895933181,0.7212974897395992,0.7185169440221024,4
1766226953179229328,6.874649670986943,2.9576986455941583,0.7213726524380046,0.7184423877446171,4
1766226953201060086,6.795394589778625,2.907810456727459,0.721236704520798,0.7183346980945434,4
1766226953258052076,6.625469959408159,2.8856338581290792,0.7211750464049074,0.7183761922512046,4
1766226953279663662,7.3700163645818995,2.893767530701741,0.7217459796362796,0.7182737902690605,4
1766226953301063399,7.084901714849656,2.978186145573429,0.7215394982782738,0.7184666989632014,4
1766226953381298414,6.826225192327451,2.8940628108491895,0.7212060272081908,0.7182666820730506,4
1766226953401077612,6.8891286009319375,2.8689833920607533,0.7212647438871896,0.7182349154875195,4
1766226953457923066,6.7600120673504405,2.845369171522555,0.7213699437893447,0.7183745883192576,4
1766226953579653342,7.550353482271621,2.889159306673632,0.7219291822210694,0.7182592438412609,4
1766226953601062637,7.186500443559729,2.7788252462622993,0.7217443578078222,0.7183046912398403,4
1766226953657185100,6.890187430575234,2.9419927147039635,0.7213352761633121,0.7183532824690406,4
1766226953676070035,6.851162611118511,2.794482358807993,0.721411603043989,0.7183225911754867,4
1766226953781492816,6.945391402390699,2.9750485181279616,0.7213045786070839,0.7183623121342212,4
1766226953801176003,7.975295924474879,2.5868051458164256,0.7226757640465635,0.7182165350871037,4
1766226953859720374,5.362874559775022,2.7286864857648094,0.7219368816989227,0.7184018363524319,4
1766226953879607064,6.948289196805679,2.866537071934447,0.7214354073886217,0.7183407460169249,4
1766226953901077554,6.615410922643616,2.7749446004339626,0.7211971889364144,0.7182880314278894,4
1766226954001080696,7.538371731463545,2.572652865106451,0.722341771187759,0.7182917018737234,4
1766226954058832396,7.6282892411762,2.5145657322242783,0.7226248599109997,0.7183820371564182,4
1766226954079939843,7.156465750671637,2.8061456049132776,0.7216608464371772,0.7182850920149182,4
1766226954101069011,6.624908694661147,2.848826437291212,0.7211314512052326,0.7183208897754519,4
1766226954180493782,7.193857380138002,3.0161451908832047,0.721469329768847,0.718325077974613,4
1766226954201071692,6.601897291599101,3.0066320072294173,0.7210910529438811,0.7185100438284935,4
1766226954257821697,6.698380220568345,2.8904800598709497,0.7212958689863602,0.7184261241670609,4
1766226954276073070,6.970782666238073,2.6225077806818553,0.7217897662644349,0.7183713552877049,4
1766226954357925017,7.697980601037102,2.6798081975317407,0.7225893399852362,0.7184736823287096,4
1766226954376073076,6.651275151577041,2.889222148335713,0.7211452715511191,0.7183676382367845,4
1766226954401080792,7.504730968789897,2.5290413514205503,0.722378337753284,0.7183117488568321,4
1766226954457973665,6.601908789907074,3.0714079739044826,0.7209131155686331,0.718380609681832,4
1766226954476076428,6.719920740763219,2.8135402761090176,0.7212175380570864,0.7182736212184455,4
1766226954501074647,6.961494856298489,2.7609090532290654,0.721702203676149,0.7184106320823447,4
1766226954551071774,6.328364782111184,2.9995034578912394,0.7207686380798216,0.718415115011593,4
1766226954601072389,6.462085574113763,2.8520875297071466,0.7210041461184952,0.7183397878784887,4
1766226954657889269,7.45329618671442,2.6662325053574247,0.722304207326606,0.7184077236508818,4
1766226954701079168,7.719274986820124,2.4382933645995686,0.7226481004214039,0.7182519742307732,4
1766226954757774519,6.862206572432528,2.8648531608788774,0.7213200590909034,0.7182739705359542,4
1766226954776081316,6.826404132446395,2.981135854214604,0.7210631683775535,0.7182174123469238,4
1766226954801075707,6.964134498976482,2.8674639814393257,0.721452015246553,0.7183253897391811,4
1766226954851086160,6.467305294858061,2.7331269195843757,0.7211551185207712,0.7183430946303788,4
1766226954881098473,7.127544222182203,2.764007251443932,0.7217530643365155,0.7183380199570184,4
1766226954951087279,6.633750681006467,2.88310590005155,0.721073030652367,0.7182747216263324,4
1766226954976089795,7.317536602725494,3.015054109498102,0.7216335699552877,0.7183281866280117,4
1766226955051088327,6.875676554519705,2.7465200970837187,0.7215149477043634,0.7183600968608925,4
1766226955082308954,6.7790381324494,2.816075834408891,0.721426692633883,0.7184052960621775,4
1766226955101097107,6.7790381324494,2.816075834408891,0.721426692633883,0.7184052960621775,4
1766226955153002195,6.85124918202662,2.8444318802653767,0.7213306391326947,0.7183044302645224,4
1766226955176103413,7.913499135089874,2.6175670317567197,0.722856689667216,0.7184101917659862,4
1766226955251083911,7.319018587004789,2.943099516428226,0.721674261286964,0.7183109894925287,4
1766226955351091111,6.69818995413396,2.8528043008105053,0.7212096711813674,0.7183203807162258,4
1766226955376085903,6.9088626901113726,2.971549910422273,0.7213258900194437,0.7184088777413686,4
1766226955401172517,7.319513690628221,2.6486136380524195,0.7221152252199569,0.7183897138692773,4
1766226955451084645,6.81329041404799,2.573822100041753,0.721669997825323,0.7183463552939204,4
1766226955651097742,6.9418772994274125,2.8402102882979285,0.7214560191460311,0.718327542448423,4
1766226955676079789,4.999210458449421,2.8202611064748537,0.7215549652927514,0.7183222419223673,4
1766226955701091583,7.422464246807148,2.4915788525890816,0.7224905070261938,0.7183986701894616,4
1766226955776085276,7.3643325771380885,2.8033920551375493,0.7218250930412345,0.718262349849431,4
1766226955801364863,7.0922639686842315,2.734587958775361,0.7217806034925668,0.7183355985440572,4
1766226955851092975,6.805601148405449,2.795511411406967,0.7213413852596278,0.7182793902284844,4
1766226955901088970,7.487461629076098,2.7692508679296375,0.7222267437122223,0.7184162072711009,4
1766226955958096038,6.800516672643475,2.806959258266055,0.7214201353494695,0.7183577776525814,4
1766226955976087663,7.0683459736266,2.976004283985114,0.7212945179030431,0.7182366061497971,4
1766226956001159109,7.472849016842309,2.6747883272836086,0.7222901500021377,0.7183865883976844,4
1766226956076222593,6.95140502115521,2.6744701455157864,0.7217084606651151,0.7183876667294351,4
1766226956151088174,6.856238318925234,2.855914028927815,0.7212741318181661,0.718267745522961,4
1766226956176084890,7.10864858666771,2.7778303698133024,0.7217208987233398,0.7183626747978109,4
1766226956251098029,6.8091488903968544,2.8099282399783245,0.7213067969391348,0.7182650637961087,4
1766226956276091197,6.656823180655302,2.6826847327788084,0.7213013733652436,0.7182581460301136,4
1766226956301828356,7.818621475890297,2.6132340707095643,0.722727566815332,0.7183878616060418,4
1766226956359881101,7.269424553816517,2.8107730895839813,0.7219018698908697,0.7183561674534793,4
1766226956376102735,7.269424553816517,2.8107730895839813,0.7219018698908697,0.7183561674534793,4
1766226956401215639,5.457201596543504,2.6225561486428752,0.7220882238965314,0.7184154021175957,4
1766226956551097215,6.491057345612505,2.7266117819389897,0.7211346344712967,0.7183020012910002,4
1766226956576105212,6.5636691517443335,2.876630697235929,0.721082567019732,0.718386819334472,4
1766226956601095555,8.104134124786055,2.57174809418664,0.7229432771451283,0.7182920950488738,4
1766226956676084909,6.650770915470283,2.9146770277672087,0.7210362749517222,0.7182661948324843,4
1766226956751089012,6.803240730055338,2.9617050852150766,0.7211631241335804,0.7182872367080342,4
1766226956776088382,7.060197816966096,2.857834683989514,0.7214864845792015,0.7182491674494207,4
1766226956801109423,4.978311664847634,2.9448294818946987,0.7216322642893441,0.7184937174251445,4
1766226956855316132,6.905752845184243,2.8851649329769162,0.7214510610467972,0.7184104261099092,4
1766226956876100711,7.633731652909925,2.7710620188996624,0.7223180575077608,0.7183952695659467,4
1766226956901095863,7.363677861191631,2.6308059191152853,0.7222092738940462,0.7183755399487021,4
1766226956976106688,7.004326878064293,2.972933122459263,0.7213912848220748,0.7183535361186562,4
1766226957001227978,7.759585893119092,2.8130229167818137,0.7224647791032358,0.7184183124791201,4
1766226957051102134,6.599990618419871,3.0542175192179246,0.7208641202312067,0.718350323694875,4
1766226957101102548,7.957213832684107,2.497677126885517,0.7230088861971566,0.71837747355141,4
1766226957176134713,6.651231557545989,2.8980076729703033,0.7210100619674624,0.7182154118058323,4
1766226957203721933,7.2886151752427075,2.536115953156344,0.7222999393016548,0.7184341610695042,4
1766226957251271314,6.78769520686362,2.929845124311557,0.7214537893445802,0.718542156342495,4
1766226957354611786,6.502614671254459,2.8454816814983146,0.7209958938433871,0.7183296042684251,4
1766226957376109928,7.368928912886985,2.64050533396007,0.7222400795980765,0.7184062760503126,4
1766226957451094834,6.901898787941008,2.826133416265889,0.7214119248950595,0.7182915646130034,4
1766226957501332334,5.067935566334447,2.5099305069653095,0.7217845076042215,0.7184037109393665,4
1766226957576103227,6.54561092301198,2.9303563772608046,0.72095785363089,0.7183403489061019,4
1766226957651109714,7.390948259258567,2.6589500160764916,0.7221310989333646,0.7183329291116491,4
1766226957676844958,7.757267590295713,2.677214855986152,0.7223649893351276,0.7182353227286462,4
1766226957701176913,7.65584200094771,2.4978097022615766,0.7228539886284913,0.7185230695429644,4
1766226957776093791,6.502704742945453,2.7068145744729875,0.7211783245873804,0.7183039257641277,4
1766226957801152383,7.94745144165121,2.6299211934362776,0.7227785803126804,0.7183428570509041,4
1766226957876107282,6.912273526827217,2.72459344074972,0.7216086936437964,0.7183515002577603,4
1766226957951113518,6.624255712719074,2.8531776885546525,0.7211127696583,0.7182922220912933,4
1766226958076198625,6.620150108780254,2.8219355843992466,0.7210929557022291,0.7182372778155498,4
1766226958151550692,4.851575652502271,2.922250818013316,0.7214051468841222,0.7183943235453546,4
1766226958201515048,7.736905883592438,2.7385075535033008,0.7225529364331148,0.7184565182931576,4
1766226958251099349,7.223740024750014,2.9025838108597477,0.7216890647871657,0.7183760515586811,4
1766226958301115101,7.959097973822882,2.693558059422444,0.7227385320148229,0.718353387122533,4
1766226958351105406,6.235384603135552,2.8451045179068397,0.7207690077818565,0.7183359175664805,4
1766226958376104956,6.583720057775522,3.019065419091409,0.7207978604715922,0.7182464735207779,4
1766226958476106204,6.956629595021635,2.976984171747466,0.7212456131202271,0.7182779405262798,4
1766226958551102401,6.991956320385073,2.8822088832988806,0.7213638875444445,0.7182572087993484,4
1766226958576102222,7.089061783530193,2.8385852006166514,0.7215527094357338,0.718299208592087,4
1766226958601185170,7.682341855926422,2.5882988719407902,0.7224827897512868,0.718318675382414,4
1766226958676109482,7.256771344848922,2.632139434270918,0.7219391850557826,0.7182469373448723,4
1766226958751107212,6.985133493361495,2.7214516653997824,0.7216492188206954,0.7183247963703224,4
1766226958776104759,6.736552179665289,2.9014387726202084,0.7211939328188709,0.7183208612121169,4
1766226958801325866,8.00636677045885,2.662174345361661,0.7229553161586698,0.7184396380730225,4
1766226958851222504,6.82434498339235,3.0204879127707707,0.7211031637377833,0.7183419273565984,4
1766226958876112539,7.045126049189943,3.033638806270373,0.7213158740049869,0.7182956708444016,4
1766226958901116237,8.07977246990399,2.7639517831985536,0.7227260557673847,0.718321740515761,4
1766226958951101542,6.981713489197516,2.694146217030609,0.7216878833758456,0.7183359708488922,4
1766226958976169572,6.600794819439093,2.6486514981529754,0.721340520021297,0.7183110196918887,4
1766226959001264752,4.356699660026941,3.0136291888894156,0.7209980777607227,0.7183618221553575,4
1766226959051103221,7.037298324086061,2.7935098920059387,0.7215856434318456,0.7183027376075172,4
1766226959076107811,6.780666480856179,2.8754605014887855,0.7212739129957186,0.7183744150193424,4
1766226959176114019,7.1973043601084585,2.8755460725499997,0.7217151458462505,0.7183834959555949,4
1766226959201214890,7.687591976143882,2.833188946573753,0.7223089377599923,0.718392581779659,4
1766226959251118301,6.663995666789102,2.8466648767268024,0.7211031243033058,0.7182399536188939,4
1766226959276119074,6.5709067741485105,2.869692211219335,0.7211049949659939,0.7183762387887646,4
1766226959376108429,7.147935993407573,2.8911833219397907,0.7214935902894364,0.7182453035682931,4
1766226959401141112,4.233776930728239,2.7722033967737554,0.7210732188248465,0.7184255686145469,4
1766226959501109037,7.804260396493845,2.654356885905216,0.7225992962016252,0.7183930630234929,4
1766226959551105152,6.764449138682238,2.9699551502960855,0.7211169120478474,0.7183376691811622,4
1766226959576120873,6.771643469422606,2.9035264976869994,0.7211771537267934,0.7183022500205377,4
1766226959601129711,7.7003119964732525,2.6532533502205826,0.7223747521990946,0.7182621020018662,4
1766226959651104817,6.838505655446525,2.7023249906711633,0.7215542550495918,0.7183412090905192,4
1766226959776112889,6.920721401464269,2.9757567704364236,0.7212145132127299,0.7182850678325657,4
1766226959851105269,6.930080429112029,2.823071456759971,0.7214535011728294,0.7183218635499393,4
1766226959876101564,6.466084776869052,2.9057924551804604,0.7208233599912397,0.7182333354321504,4
1766226959901105132,7.425313206022244,2.5885473665433616,0.7222656733286708,0.7183731804125388,4
1766226959976750901,7.20436870355301,2.749895151052078,0.7218152863366896,0.7183266813940586,4
1766226960001248497,7.917557913900364,2.539438210203931,0.7227277759406997,0.7182604638490521,4
1766226960051110390,6.444219528471851,2.7743787832420668,0.7210304505315002,0.7183188899454682,4
1766226960076134677,6.474048504998775,2.784044309954974,0.7210794547534343,0.718323022738731,4
1766226960101108770,7.354855972325436,2.6729550094863628,0.722103384209374,0.7183652971513977,4
1766226960151116477,6.8258937608726145,2.795917298507592,0.7213390236150908,0.718286596341738,4
1766226960176134352,6.834817477000765,2.7837717875022596,0.7213292656134308,0.7182366821163172,4
1766226960201115808,5.252835055327698,2.792777242148746,0.7217353210255266,0.7183105981831589,4
1766226960251108778,7.491420276339644,2.8519043629195906,0.7219029189299682,0.7182574914660436,4
1766226960276110582,6.510410646644815,2.9144892705393217,0.720899957832525,0.7182848692597932,4
1766226960301134669,4.617735716517135,2.817467328095852,0.7213138169123254,0.718406994896649,4
1766226960351110406,6.923740301833514,2.8317121540412487,0.7213788554626251,0.7182813130612029,4
1766226960452291424,7.166136745399343,2.8135782248171806,0.7215925082679894,0.7181977304523113,4
1766226960501123899,4.845067050569973,2.6175734092902285,0.7215426313367163,0.7183670079095958,4
1766226960576126258,6.650776218003029,2.765199739370583,0.7212275436109161,0.7182774366921536,4
1766226960601137871,6.9264354499390945,2.7407084891046747,0.7218342713908684,0.7185383246218475,4
1766226960676124099,7.059325219547552,2.917996616566063,0.7214910628359695,0.7183474183179182,4
1766226960701124722,7.26483097967856,2.9635765083200765,0.7217838445337592,0.7184635687855099,4
1766226960777016313,7.236502357090724,2.7791727310798944,0.7219356911250064,0.7183849428846699,4
1766226960801118716,7.663945768027647,2.675345097774398,0.7225874853061538,0.7184599524642181,4
1766226960851129118,6.656074117004418,2.7124493969073074,0.7212674005393203,0.7182704348204828,4
1766226960876128128,6.98085479606303,3.017032468434289,0.7212732587367107,0.7183317862430133,4
1766226960901128399,7.556951471398232,2.793262328734716,0.7222407846968776,0.718428616422469,4
1766226960976649804,4.698052625371374,2.91119233558432,0.7213337463377528,0.7183934097745934,4
1766226961051143746,7.338209447808053,2.7715112531352313,0.7220706389801456,0.7184313013340964,4
1766226961076390662,7.6652571081855525,2.6288026892482237,0.7224511927055387,0.7183139682977604,4
1766226961102431091,4.662512769982086,2.702497695976981,0.7213815878928287,0.7183782076649226,4
1766226961151171694,7.565453123818511,2.484528961700725,0.7225622647648694,0.7183590869367177,4
1766226961176148101,7.082738993115512,2.910773497985182,0.7214915935830233,0.7183054835468902,4
1766226961201141871,7.4470222664595465,2.8690788903493223,0.7220053086710803,0.7183735341523781,4
1766226961251640281,6.756531543374966,2.634783868147857,0.7214745712667971,0.7182848429667585,4
1766226961301132448,7.289337875453494,2.660141076869966,0.7221206890876413,0.7183842179152947,4
1766226961353138425,6.841060202898097,2.792623336504982,0.7215322016544654,0.7184598471428594,4
1766226961401142051,7.979893494841628,2.7297782110216686,0.7226939257295096,0.7183385024261347,4
1766226961451144799,6.716825840458185,2.747651582403532,0.7213749652585087,0.7183706565282971,4
1766226961502253348,4.954550524790435,2.7645560314571656,0.7216574345046077,0.718438793037289,4
1766226961537132959,7.719163482494906,2.6713864435327723,0.722502081045488,0.7183754159143482,4
1766226961576136330,6.849745708685906,2.9509557971639677,0.7212031985733948,0.7183107409609816,4
1766226961601157751,7.409038137770274,2.6797381951735617,0.7222341643174126,0.7183959594231184,4
1766226961651175056,6.9226320607039815,2.6726578859149495,0.721610879516428,0.7183084512470398,4
1766226961776121632,7.153430789172299,2.720799817533133,0.72187844858472,0.7183772618326448,4
1766226961801126904,4.591628929784264,3.0580414532527604,0.7211720162179639,0.7183800583287654,4
1766226961951476790,7.243468944541198,2.911832195303068,0.7217305159254361,0.7184002637924646,4
1766226961976126301,6.7942758838328565,2.8923782426714078,0.7213818284599616,0.7184707714564544,4
1766226962076132989,6.538291061110479,2.967981334991972,0.7209533193203547,0.7183802612610911,4
1766226962101129173,7.852712784235494,2.6931912501155715,0.7225847021822986,0.7183130576293031,4
1766226962151146649,7.313210388043223,2.6921360254472853,0.7220942523211269,0.7183606273047719,4
1766226962176124068,6.90068925767362,2.9218414160867594,0.7212743363034063,0.7182964653835298,4
1766226962201380782,7.428048998719294,2.640811127489994,0.7222459133399785,0.7183569702554666,4
1766226962251359574,6.928373259008969,2.856448895114505,0.7214568875034346,0.7183409527575498,4
1766226962276123932,6.750896229144154,2.934093768776979,0.721108689020496,0.7182885061282953,4
1766226962351140808,6.727028991792117,2.69003982892895,0.7213820228000808,0.7182948123416925,4
1766226962376126993,6.603809724308407,2.8626334412435974,0.7211325279159061,0.7183638920291251,4
1766226962476142197,6.463331556102236,2.8663032090061855,0.7209664225079512,0.7183224564175429,4
1766226962501142168,7.079659688407736,2.6396556993359312,0.7219915737033521,0.718423244299055,4
1766226962576136872,6.804832489872625,2.9783507348360327,0.7211518359853005,0.7183370884117094,4
1766226962601285032,7.484920277503693,2.5890808679687143,0.7225011077603264,0.7184560167424225,4
1766226962651126135,6.558046799192918,2.8763535436291674,0.721052847159971,0.7183288858036528,4
1766226962676134342,6.963447559132363,3.101129070758217,0.7211052769725648,0.7183010308905274,4
1766226962701237608,7.623251390994512,2.8888609378355294,0.7222422809816526,0.7184593406195408,4
1766226962776135519,6.859984207263192,2.836448244529696,0.7213958704539126,0.7183460430014049,4
1766226962801145329,7.846050664464643,2.769296072237135,0.7225444850012896,0.7183859847970783,4
1766226962851256120,6.964185303030335,2.9019828362720075,0.7214311259939106,0.7183273252700023,4
1766226962901162216,7.459915518941207,2.682523362097946,0.7223282307000981,0.7184548002706418,4
1766226962951385909,6.940016527561932,2.7774462803584687,0.7214121364437951,0.7182239019730883,4
1766226963076176492,7.0403375093939236,2.8824495171491162,0.7215303270311841,0.7183686808528145,4
1766226963101151967,4.559373068731443,2.946395029817503,0.7211853725257267,0.7183346014583166,4
1766226963176234896,6.69372522906575,2.720185098013903,0.7213993453756093,0.7183665832038221,4
1766226963201356236,8.138694888228382,2.7255766243491713,0.7229025548084653,0.7183894639097491,4
1766226963251522862,7.054564478624736,2.978146276705941,0.721370438279378,0.7183373347870411,4
1766226963276211157,6.426776463289929,2.8453434071475803,0.7210146721704043,0.718373475203354,4
1766226963301490814,4.638341328286111,2.7903457204303477,0.7213391472255588,0.7183577425967166,4
1766226963352324766,6.19567288961842,2.854309765943066,0.7207704146972022,0.718374179528887,4
1766226963376285501,7.344029268876451,2.6049263984500572,0.7222671384348534,0.7183974407440706,4
1766226963452388831,6.8013598130201025,2.890540805500024,0.721267263082292,0.7183157626035572,4
1766226963476152065,7.242009779153569,2.7635460554636087,0.7217991980631617,0.7183150681771178,4
1766226963501168157,7.658653546608218,2.686069095739076,0.722485988877246,0.7183959436813306,4
1766226963576242049,6.738490591991053,3.058390448661339,0.7210078536323263,0.7183652561027924,4
1766226963601141231,7.313715651644626,2.4983794459758073,0.7222412406785832,0.7183074724687156,4
1766226963701213412,4.991488978757119,2.809791152840868,0.7215172299141851,0.718298443149504,4
1766226963776133184,6.627632849943832,2.868095829444202,0.7211618071439351,0.7183762602108807,4
1766226963801380711,7.319625325008294,2.6020025343977684,0.7222437892939947,0.7184102633253244,4
1766226963901157676,4.925438026844975,3.0194586976252435,0.7214833859277269,0.7184568480176579,4
1766226963951134415,7.191001654164086,3.07300331828231,0.7213378953467362,0.7183025218433827,4
1766226964001157080,7.153550701763267,2.529014898537372,0.7221584251224255,0.7183795075895788,4
1766226964051270396,7.016146991922212,2.8587289793468473,0.7215307961647741,0.7183811488642331,4
1766226964076270587,6.994021863393263,2.8375015712643266,0.7215368608097676,0.7183671452371946,4
1766226964101240402,7.5510957747026985,2.5742108272961604,0.7225994054782023,0.7184727026040728,4
1766226964151367844,6.516660133635721,2.9621945240131393,0.7208781256046116,0.7183157461948353,4
1766226964201139797,7.934769209973158,2.562441394627348,0.722807311495472,0.7182859710075753,4
1766226964252106559,6.913024298167536,2.7901589042559944,0.7214519764415254,0.7182999191128531,4
1766226964276150020,6.8733049397649015,2.7878048362648036,0.721448580454712,0.7183110424542152,4
1766226964351572679,7.050094814211594,2.7777233932690772,0.7215918929266195,0.7182969346062412,4
1766226964552002527,6.722584403184739,2.7776401786837637,0.7212853521310244,0.7182956497323512,4
1766226964601148813,7.363967791613302,2.4130019153464533,0.7225778619224775,0.7184418998907464,4
1766226964701161301,7.858475769033424,2.8539481971925933,0.7225728047417916,0.7184825812081801,4
1766226964801190942,4.737926366271017,2.9371879914873316,0.7213561411712933,0.7183684339963772,4
1766226964852660339,6.3246924507521785,2.779029136638562,0.7209546022753403,0.7183347584860508,4
1766226964876318075,6.6140000490299,2.718761038897408,0.7212929408743236,0.7183108938973725,4
1766226964952219785,6.46680836254987,2.933825355408658,0.7208922976168488,0.7183127372941562,4
1766226964976210727,6.629867561519176,2.710190337388723,0.7212841257075144,0.7183225889058252,4
1766226965001148081,7.479277966212838,2.709173266526442,0.72222688502974,0.718372802359056,4
1766226965051460982,7.4548002184468,2.892639692063811,0.721823801640132,0.7182645758302119,4
1766226965076146582,6.578258126655023,2.861410242699952,0.7210126843129352,0.7182676493516882,4
1766226965151605408,6.556741416030465,2.824268176230021,0.721026126535129,0.7182662342881269,4
1766226965176143460,6.743631385220605,2.687598215261798,0.7214231367423413,0.7183119738197348,4
1766226965201148010,7.669527947462451,2.6605676989834337,0.7224548920215341,0.7183446885624644,4
1766226965301151992,7.6346172192190975,2.546442305827627,0.7226808156087443,0.7184341984416199,4
1766226965351559972,6.801087334862732,2.738342647457149,0.7213564834884305,0.7182433670270701,4
1766226965376291137,6.969184376499404,2.7413135677658813,0.7215378993191973,0.7182664156613723,4
1766226965401332596,7.741891230962361,2.724781012356904,0.7225130592151833,0.7183796629130181,4
1766226965451791693,6.382068393982587,2.80047560561442,0.7208976357790982,0.7182666490917119,4
1766226965501148935,4.9224236847746905,2.904489533943975,0.7214080309806329,0.7183181535021008,4
1766226965551524975,6.51987961559497,2.8040691659247927,0.7210602674616339,0.7183071242096336,4
1766226965576180689,7.19446902891574,3.1353031020179003,0.7213585389915113,0.7183730722146299,4
1766226965652816710,6.5946065078047456,2.703122548344801,0.7213118020725352,0.7183757120463488,4
1766226965676244724,6.935107224802395,2.7365036501242628,0.7214877606769076,0.7182338979861594,4
1766226965701158072,7.4546166490355725,2.8211225984104966,0.7220789822073176,0.7183729385764293,4
1766226965776269004,7.049990638075432,2.631998875792187,0.7218549633426385,0.7183499950311518,4
1766226965801147406,7.38470950489678,2.6750379966928945,0.7222160138884907,0.7184120812976694,4
1766226965851744051,7.257114004779908,2.8683639986698206,0.721680901795889,0.7182943952256516,4
1766226965876141068,7.231896255159742,2.9528309274875792,0.7216253329423346,0.7183334471320427,4
1766226965901163802,7.200803062640371,2.413047917191686,0.7222902131364218,0.7183490815299812,4
1766226965976191968,7.0078425110080556,2.9003924417177487,0.7214684869104915,0.7183257841617658,4
1766226966001156533,7.805302310981754,2.702631896380638,0.7225437536689391,0.7183454862867557,4
1766226966052430051,6.773710163998969,2.901691430840955,0.7211495242313363,0.7182814303461261,4
1766226966101158250,7.5462617715992275,2.6413654653640743,0.7224255585530353,0.718397590113245,4
1766226966176311933,6.909485902218182,2.9111907267044246,0.7213217594026922,0.7183057785112785,4
1766226966251967450,6.804667316950841,2.8712186634878902,0.7213245796415462,0.7183520860682278,4
1766226966276307379,6.851804496921576,2.9148004927425792,0.7212548143581275,0.7182932508777132,4
1766226966353146382,7.200324224905463,2.834757373478126,0.7216900273162403,0.7182946101138257,4
1766226966376158413,6.661321734148573,2.8708230906588956,0.7211492499498726,0.7183311383328997,4
1766226966401167992,7.108447247150096,2.5724567863742354,0.722057392483602,0.7184076606785578,4
1766226966453043603,6.8682974486913295,3.0120425724328412,0.7211662438415294,0.718349423466327,4
1766226966476158818,6.7667954749155435,2.6195028654570214,0.7215363336500294,0.7183066341123222,4
1766226966552240346,6.582655402648463,2.7336608831858284,0.7211962057825301,0.7183027259512691,4
1766226966601162991,7.720889322293867,2.7527146957716635,0.7224882737692002,0.7184279523799918,4
1766226966652401845,7.260336401512801,2.6790264303138764,0.7218665571311285,0.7182395047821802,4
1766226966676249898,6.7963218474192955,2.788732808849196,0.7214030677318154,0.7183834732065423,4
1766226966701181020,4.665448632950042,2.7402353455919624,0.7213675650395015,0.7184461601142185,4
1766226966776254712,7.067068827879219,2.866868177738513,0.7213660415225254,0.718185858560089,4
1766226966801154925,8.135437387223,2.8339440834401195,0.7227273280740762,0.71835328078351,4
1766226966976363014,6.69210451634028,2.8460736134160576,0.7212438335191981,0.7183682577593858,4
1766226967001160905,7.554309668707071,2.733434361336298,0.7222411261683942,0.7183181258278487,4
1766226967101175497,7.965993053492659,2.6287446120864644,0.7228556631298854,0.7183896379644564,4
1766226967152589159,7.192513891549179,2.783952277947959,0.7217213506172007,0.7182792353681183,4
1766226967201169219,7.362960833229182,2.492768725629522,0.7224538934615407,0.7184067178881179,4
1766226967276149796,4.700745153375818,2.990519011984496,0.7212882839968267,0.718376933966794,4
1766226967352513575,6.931731935735375,2.719281865091501,0.7215819146359156,0.7183193445092708,4
1766226967376343795,6.598383384475381,2.8523635920219124,0.7210566448999622,0.7182503377008254,4
1766226967401219913,7.708257225643944,2.6208004064598835,0.7225035240030666,0.7183025223617377,4
1766226967476207654,6.839452652367184,2.890454092793997,0.721239341717078,0.7182596179532821,4
1766226967501185112,7.29784709753678,2.656801829523473,0.7221463891384751,0.7183793597130854,4
1766226967552670579,7.524758621677563,2.7468153383386955,0.7222383019290849,0.7183742705346385,4
1766226967576154889,4.718453953620805,2.9374564733659474,0.7212813025987312,0.7183388061312096,4
1766226967601155942,8.037155062027402,2.7646882930722896,0.722586794959921,0.7182107589584651,4
1766226967652324863,6.983456326446702,2.9558765669412175,0.7213300112038651,0.7183302739713882,4
1766226967676497898,6.585542657148502,2.8963261735818944,0.7210711176915705,0.7183667966264407,4
1766226967701164031,7.82635235911644,2.7215030278415893,0.7226492987421427,0.7184298822666644,4
1766226967753104454,6.738904136033286,2.665447225744237,0.7214338398983058,0.718282777068424,4
1766226967776174845,6.512157713038591,2.8319973318226768,0.7211240559116856,0.7183922071767173,4
1766226967801159427,7.572704792951468,2.682800106874496,0.7224289303704544,0.7184232667338762,4
1766226967854734205,7.263945786748494,2.8033502249724567,0.7219554971941496,0.7184234966617267,4
1766226967876361710,6.447495847025531,2.794893040169556,0.7210857292983108,0.7183567548040625,4
1766226967901725726,4.777362145076625,2.76703157710297,0.721443579325993,0.7183752077069452,4
1766226967934092760,4.777362145076625,2.76703157710297,0.721443579325993,0.7183752077069452,4
1766226967976394867,5.06968254944884,2.7989900043917513,0.7217422937562948,0.7184534030830753,4
1766226968001170696,7.540960845903388,2.6863973988154757,0.7222591683988587,0.7183287353545664,4
1766226968053869066,6.5968726444612935,2.795729735859255,0.7210314111457531,0.7181752665090851,4
1766226968076169287,6.9577674904421905,2.9349045421555506,0.721298002238711,0.7182938239912157,4
1766226968101175690,7.801895282553262,2.7457192880253567,0.7224332796038789,0.7182952927617167,4
1766226968153270153,6.841657542869362,2.7913564344364756,0.7213252836248107,0.7182396540354502,4
1766226968176170223,7.296416576074716,2.8891379773020063,0.7217388860661029,0.7183454666567415,4
1766226968252752092,6.2418702816207094,2.9722745094115677,0.7206148141273434,0.7182994923610287,4
1766226968353026292,6.877267967540179,2.7634101576484844,0.7214264672003499,0.718271446711112,4
1766226968376368214,6.726890640229688,2.8988700413476516,0.7211423942013793,0.7183037068596981,4
1766226968401380237,4.953147041752537,2.7080453586720794,0.7216265077752707,0.7184082015884944,4
1766226968453134089,6.3797120022436316,2.9558844719824244,0.7207210050746695,0.7182808087143199,4
1766226968476439422,6.992913926350819,2.9318154176015714,0.7213984708563097,0.7183475003546977,4
1766226968501173893,7.8276050262854335,2.8790724283722677,0.7224099642286942,0.7184168202289901,4
1766226968553565135,7.490957150054323,2.9025324666084966,0.7219870077141924,0.7183542570489619,4
1766226968601166303,7.775417486345693,2.950196241602555,0.7222384913776226,0.7183855652334122,4
1766226968653096868,7.282176764618398,2.8691272981804508,0.7217137314775619,0.7182764533882388,4
1766226968676352627,6.699699562357608,2.9620977634080385,0.7210723962693798,0.7183481458904338,4
1766226968776175968,6.7748968781706775,2.997776603588484,0.7210663086272999,0.7183045814032413,4
1766226968801185477,5.164908891981068,3.1077444376149135,0.7215943156427657,0.7184103073502663,4
1766226968853190392,7.554710381970864,2.8217331845506943,0.722161450988817,0.7183306943893522,4
1766226968901446783,7.746458526031619,2.5459146973282523,0.7227624907548691,0.7184293209423944,4
1766226968953588645,6.6069843991811705,2.9635642183907747,0.7208880957276546,0.7182439260779997,4
1766226968976205282,5.135962673151195,2.759987530151341,0.7217826712789905,0.7183618343174499,4
1766226969001178923,7.459421095098562,2.6320817702055668,0.7224103183151908,0.7184721121799131,4
1766226969053641869,7.303240119983956,2.76849703294781,0.7218853210385028,0.7183306838761586,4
1766226969076247155,6.806186893124844,2.910113717328542,0.7212562370206753,0.7183286791100262,4
1766226969153920728,6.844700603084397,3.0172879311093466,0.7210698806102054,0.7182534690485817,4
1766226969201168782,7.942401599254967,2.7518358558830127,0.7226709574612398,0.7183717072321095,4
1766226969253677344,7.117989367619759,2.7848856936833744,0.7216509826679259,0.7182828773658986,4
1766226969276190676,6.926984832494987,2.817716576111187,0.7214055770031103,0.718265011310687,4
1766226969301186970,7.416954072820059,2.697851090641838,0.7221236442015967,0.7183096994200289,4
1766226969353408292,7.14043018556676,3.096428213874427,0.7212878229198091,0.7182926914368966,4
1766226969376408941,6.73674013539971,2.9959297680091366,0.721085039794016,0.7183644263495949,4
1766226969401183247,7.166434456248982,2.44915454865606,0.7222736711578418,0.7183874939559874,4
1766226969553903622,6.930056620382152,2.8036384500159004,0.7214885325451653,0.7183367540256066,4
1766226969577501505,7.2662446428736205,2.6381897840747492,0.7220065470976508,0.718323714621059,4
1766226969653696226,7.064915421693185,3.0555244229938254,0.7212850734079428,0.7183064286935145,4
1766226969779190110,6.882044552903754,2.8179360498058035,0.7214689878373406,0.7183701823419409,4
1766226969854948871,6.745559660959355,2.9046171115257575,0.7212590019529016,0.7183830258830596,4
1766226969877181364,5.1407743123955685,2.909900638954186,0.721612462488829,0.7183343075806121,4
1766226969955253728,6.793129101559381,2.924267599738799,0.721205120326921,0.7183305241088795,4
1766226969976441396,5.328733909623962,2.5047807949048795,0.721965007096613,0.7183307384871724,4
1766226970056060500,6.544561636131041,2.8543078307744474,0.72099238576214,0.7182620305583647,4
1766226970101246133,7.554214842434015,2.4065630690130524,0.7226780907413649,0.7183678836806598,4
1766226970158750676,4.501790638271053,2.822361643194382,0.721207588225321,0.718365686355862,4
1766226970176189710,6.813861897900231,2.70111860363434,0.7215848544368079,0.7183855270685149,4
1766226970201577521,6.7435222030252095,2.7403714944576616,0.7215848544368079,0.7184614599883861,4
1766226970238155307,7.765944087951504,3.0134773197447666,0.7221273717789891,0.7183483993957076,4
1766226970276198099,7.204381765761436,3.1697805177663354,0.7213232114565837,0.718322766472227,4
1766226970301819630,7.5018069456372904,2.7762654910118343,0.7222622818642428,0.7184431045407749,4
1766226970376203493,7.527739566728142,2.7220448357712166,0.7222466875705191,0.7183473309009185,4
1766226970401728763,6.714588645194364,2.819014632284263,0.721363260936954,0.7183890415405483,4
1766226970454593495,6.800296227206015,2.85272860599263,0.7213941350239039,0.718428050521203,4
1766226970502412463,5.176432512123741,2.714952135708988,0.7218041331811604,0.7184229057600338,4
1766226970554133203,6.896736169577977,3.065316153068669,0.7211059819110922,0.7183183981967088,4
1766226970576189535,6.525363606062484,2.8821613343193344,0.7210044675527748,0.7183469678137596,4
1766226970676217651,6.539912385258306,2.9891226963643,0.7208712946674569,0.7183212203942875,4
1766226970701226639,7.4748953031889,2.754015827092604,0.7221437079206379,0.7183372388083518,4
1766226970754263576,6.795529373344156,2.889114853866382,0.7212650935242223,0.7183421469784099,4
1766226970777001410,6.525584399607376,2.8674828368685312,0.7210107167641244,0.7183388599435863,4
1766226970801269855,7.657746342868976,2.8193958116005633,0.7222473041428413,0.7183443227382349,4
1766226970876188555,5.638314939429789,2.5902946924978685,0.7221938044111039,0.7183357479927888,4
1766226970901194427,5.635518192637523,2.6057786025824674,0.7221938044111039,0.7183393583615324,4
1766226970954270637,5.093102533650362,2.692754883718742,0.7217090986804668,0.718358860322911,4
1766226970976236309,7.879828694312474,2.831783121959079,0.72248680361707,0.7183815280265002,4
1766226971001752240,7.29368704346367,2.6377088434776508,0.7221444770511664,0.7183994006437388,4
1766226971054779258,7.1355958291475785,2.7937450131189356,0.7215970033872409,0.718235379167512,4
1766226971076435527,7.983579483992864,2.5948026410549847,0.7228837518479507,0.7183390660646032,4
1766226971102133130,6.9601163215823325,2.9348206168765385,0.7214854122191529,0.7184119282483592,4
1766226971135488122,7.202383687913816,2.872356026593136,0.7217868004472053,0.7183879797307069,4
1766226971255115017,7.654848678046777,2.727949892349759,0.7223573501318141,0.7183301869921158,4
1766226971276493413,7.9757524239782995,2.6950066663036023,0.7226731009810714,0.7182999451411731,4
1766226971301426739,6.691599898349998,2.8979274269503104,0.7212175855517396,0.7183628103807805,4
1766226971376203221,7.513312267628414,2.6425709465475515,0.7222162488614965,0.718299202127616,4
1766226971401201348,4.752623006403778,2.7673917900598695,0.7213884031031843,0.7183535212171182,4
1766226971454574537,6.699233205373689,2.998469607174683,0.7209255506088413,0.7182312334945907,4
1766226971476251255,7.9381427464558785,2.65232339289998,0.7227428536348384,0.7183364931191808,4
1766226971501253931,7.358307340292525,2.655710601663949,0.7221516465518649,0.7183689016833218,4
1766226971601244376,7.712470933243565,2.5221138806837926,0.7227095411105221,0.7183468797942056,4
1766226971654143253,6.398837668910806,3.0067440886215944,0.7207670024290932,0.7183529861119781,4
1766226971734795031,7.422100301315293,2.6888184634902292,0.7222373927678252,0.718441959281547,4
1766226971776214216,6.558327678883313,2.8831788203224593,0.7210493139023016,0.7183353941218434,4
1766226971801204539,4.557772441305508,2.8489303272941684,0.7211999905478005,0.7183784658883433,4
1766226971854944448,6.6600751383890655,2.864715225276553,0.7211041472832563,0.7182613185759973,4
1766226971876201807,6.834517411831942,2.728162347311159,0.7215128594161508,0.7183601119765891,4
1766226971901404950,7.452450195130855,2.594471064255342,0.7223643991371274,0.7183798735379812,4
1766226971934791551,6.837950707849427,2.866832382685191,0.7214361895476564,0.7184132512504162,4
1766226972035256530,7.6770586233372295,2.572846886221164,0.722556747150929,0.7183293660578137,4
1766226972076325607,7.586782943031389,2.504301033173763,0.7224367701403841,0.718272796686689,4
1766226972101521416,4.7006338644491885,2.778714231613674,0.7213574589570916,0.7183481511882729,4
1766226972233897400,8.05729511355846,2.7816023645232075,0.7228426021772008,0.7184557162047177,4
1766226972276234172,6.545559206391327,2.9642552957487633,0.7208768819854036,0.7183201912873659,4
1766226972302311861,7.305513318090817,2.6338065679982847,0.7222215779511917,0.7184283410166961,4
1766226972334257992,6.370969848139563,2.9243245618139464,0.7208845115638916,0.718366594275308,4
1766226972401193871,7.523647354393925,2.7629552308675938,0.7221439424310279,0.7183298041495525,4
1766226972454874949,7.026390648794623,2.8393790016889096,0.7214918258061578,0.718312347308639,4
1766226972576204477,7.195748750026487,2.904730294122931,0.7216028799194859,0.7183040091277846,4
1766226972601352156,7.09331219860132,2.9486255444858527,0.7216028799194859,0.7184063551741812,4
1766226972655779408,7.168310867961103,2.982784513334682,0.7213640220242983,0.7182084743051451,4
1766226972676201304,6.9613079867966166,2.9165105919813206,0.7213959841114785,0.7183430447426734,4
1766226972701412362,7.52465901441679,2.649327262486231,0.7223654192485442,0.7183863144532115,4
1766226972755113879,6.926311857541556,2.6261639212507064,0.7216140756610391,0.718246998151795,4
1766226972856017723,7.095169640104815,2.8556209005971978,0.7215377654947459,0.7182815260326836,4
1766226972876288776,6.701889807799288,2.8368581655167042,0.7211773215057855,0.7182785826854008,4
1766226972901190642,7.218823179153566,2.6845706533270746,0.7220652703166169,0.718440954005455,4
1766226972976205182,6.730168915158763,2.818191847219294,0.7213624681281682,0.7184253048758731,4
1766226973001243916,4.4776821141643275,2.681105865564177,0.7212353881619042,0.7184185610653527,4
1766226973055732944,6.891959178181861,2.968638813769597,0.721193868160628,0.7182689369736432,4
1766226973076287821,6.648331189764933,2.8318784954564813,0.721229049429066,0.7183814467571081,4
1766226973101201760,7.831036033858041,2.451125201965035,0.7229447224671824,0.7183682785849891,4
1766226973154747864,6.403323473609723,2.834447838681378,0.7209573278024081,0.7183396216930857,4
1766226973176342878,6.98093105635933,2.760345350557052,0.7216588898577495,0.7183754507106149,4
1766226973201455040,7.10368654342175,2.6359948961825883,0.721966191767883,0.7183918028009147,4
1766226973276213548,6.562411086796227,2.6426743822753087,0.7213053683350996,0.7183055653528484,4
1766226973301295103,7.596708962199883,2.4150179597171846,0.7227715685546685,0.7184106237788946,4
1766226973355574396,6.983647652468394,2.9078626150471716,0.7213388855262659,0.7182523945971273,4
1766226973376235232,7.031118205384601,2.7986667019529725,0.7215103539972341,0.7182591221979752,4
1766226973451193376,6.682223457320613,2.950298995691199,0.7209969689169362,0.7182506889318009,4
1766226973551219348,6.9353236525513395,2.8024560181288627,0.7214869516787341,0.7183165762210831,4
1766226973576248815,6.91728019824045,2.8402732276262683,0.7214093358007649,0.7183050464033538,4
1766226973601293550,7.105721117030672,2.432187085810949,0.722317228117568,0.7184661176833694,4
1766226973655334014,6.820888132176739,2.8834979061514416,0.721253813953126,0.7182957298059084,4
1766226973776483172,7.285535192409154,2.939700536031871,0.7216668239096922,0.7183274146333607,4
1766226973801221300,7.502619792551846,2.8485420292658628,0.7221399212569132,0.7184300267729452,4
1766226973876281386,6.586283330267784,2.697513478729871,0.7213919208597225,0.7184451215319138,4
1766226973901214230,7.7292062490808,2.7464219954708544,0.7224462581232197,0.7183845210840276,4
1766226974002101593,4.789629354738145,2.711786428602176,0.7214628627169082,0.7183602009781518,4
1766226974055582725,6.42663464482951,2.8217681238715424,0.7210190981485152,0.7183672213107536,4
1766226974076493402,7.250055616298767,2.5836518490902245,0.7221462247194723,0.7183510960322648,4
1766226974101567852,4.510900942477414,2.7987891205227884,0.7212187415055649,0.7183309620597581,4
1766226974176217906,7.537985814114356,2.7290929311731467,0.7223923656751458,0.7184840924963563,4
1766226974403846440,7.30854996671626,2.503986205954169,0.7223560526427594,0.7184266551541458,4
1766226974451243714,7.3695608154222825,2.4987961580499936,0.7223454022870388,0.7183460362452494,4
1766226974476712677,7.317161122642024,2.6920296607851086,0.7221669268583313,0.7184204654206529,4
1766226974502283412,6.67595602090576,2.9455189174250447,0.7212071966589498,0.7184063103855748,4
1766226974551326042,6.716141018319632,2.842677856505764,0.7212626442535669,0.7183582763381136,4
1766226974576305023,7.997273421779805,2.712809342073773,0.722656889455617,0.7183090895029846,4
1766226974601403149,6.947068950556745,2.9913615489368377,0.72135906509934,0.7183683479685796,4
1766226974676371000,6.785928813774267,2.9242129631317364,0.7212304548910697,0.7183646503928598,4
1766226974701224846,6.778627962882644,2.962608552242548,0.7212304548910697,0.7183727778706249,4
1766226974751204039,7.169567721294623,3.15104070301533,0.7212669551932462,0.7182981485706944,4
1766226974776302645,7.662312777883096,2.6288989736364674,0.7225096879376123,0.7183860046615173,4
1766226974801308046,6.574506589454132,2.9565268254725616,0.7210483020710741,0.7183688874141642,4
1766226974851214411,7.187622156436979,2.8172591140411267,0.7217347295705039,0.7183482699095591,4
1766226974876212428,4.997155320839108,2.6501703585102323,0.7217311590441374,0.7184526412148662,4
1766226974951217981,6.484459179645352,3.03204126744796,0.720689057816915,0.7182214846284833,4
1766226975001207443,4.7485515443339565,2.5888693259372184,0.7214963769822048,0.7183670956617434,4
1766226975051220790,7.080381033239158,2.8674113883457535,0.7214607984873536,0.7182536139186281,4
1766226975076338773,7.706480264274673,2.8057866470546813,0.7222500589504964,0.718306063822594,4
1766226975201463611,7.364347570795515,2.726696764717743,0.7220614030618372,0.7183420778029502,4
1766226975251218522,7.063452311707907,2.9003588988146967,0.7215489046753704,0.7183857487752365,4
1766226975276248359,7.636958927085158,2.634996436582077,0.722348291028298,0.7182833710498289,4
1766226975301414592,7.491746139314359,2.5246200003692216,0.7225128405366876,0.7183815455419111,4
1766226975351224787,8.047326580240433,2.666813478848185,0.7228093481483319,0.7183174672989242,4
1766226975403916132,4.755013039709599,2.460229532756098,0.7215698732997571,0.7184083381148662,4
1766226975433873260,7.0140821033573,2.7792269257080693,0.7217413218248359,0.7184024436739801,4
1766226975501222607,7.313383252773198,2.911551044179181,0.7218312200115078,0.7183831526597849,4
1766226975551328117,6.932688962841604,2.816203209623097,0.7214808457363945,0.7183140622186049,4
1766226975576357293,7.287521590994106,2.4649625208351007,0.7223654879848366,0.7183931537901636,4
1766226975601222139,6.58015382362187,2.8335640460947245,0.7212352197245687,0.7184029770677214,4
1766226975651227681,6.984077678822254,2.9018478850984626,0.7213553789486347,0.7182883243746747,4
1766226975676350683,5.326072232016754,2.82743822893535,0.7217437248925618,0.7182709756674611,4
1766226975701456794,6.859203371579414,2.7604060290360635,0.721478313159416,0.7182967191649383,4
1766226975751219499,7.006340115671361,2.682175135800871,0.7216485088438698,0.7182809872501723,4
1766226975851218570,6.909378705778124,2.9885061241556454,0.7211855754824519,0.7182748698039907,4
1766226975876214052,8.116895646926746,2.425779301345374,0.7230404056845745,0.7182148215320275,4
1766226975901320463,6.945915106192357,2.7822026241525553,0.7216827004477587,0.718447478072583,4
1766226975951206611,7.012881453379638,2.9292373871079196,0.7212954939731053,0.7182363311204699,4
1766226975976226048,7.754093045985844,2.813031743998504,0.7222893009433682,0.7183168465440619,4
1766226976002467685,6.836544204991912,3.0534385800623913,0.7212086250791933,0.7183983839765532,4
1766226976051210381,7.25477845548228,2.7613538844529306,0.7217665233842016,0.7182527392257217,4
1766226976076218837,7.760995684926719,2.438988406106948,0.7226639716468614,0.7182488511697204,4
1766226976151217066,7.174669684749779,2.9134106211949273,0.7216195416582203,0.7183478964266555,4
1766226976177106831,8.27035654223729,2.7257100141486927,0.722827583498999,0.7182292719281519,4
1766226976203802162,6.993040591730226,2.9660001961322755,0.7213983731964276,0.7183243267036823,4
1766226976251229062,7.399277168808283,2.97520182522407,0.7216562278606666,0.7182667874623437,4
1766226976276473723,5.01904171618095,2.689161088883077,0.7216226737014626,0.7183323629651763,4
1766226976302690062,7.013046492398423,2.7851278952467027,0.721772110123423,0.7184309823958839,4
1766226976376725770,4.8497357430223875,2.8342336468946674,0.7214629551854208,0.718355279164253,4
1766226976403154429,6.682284389344262,2.920129160047683,0.7211268314764393,0.7183005337984886,4
1766226976476291295,4.415532863251359,2.8844030534535356,0.7212289728441377,0.7184991593611908,4
1766226976501237926,4.56712463392106,2.871828654192044,0.7212289728441377,0.7183428755822633,4
1766226976576354808,7.935487626675175,2.739460013772395,0.7226206325253305,0.7183357097752178,4
1766226976601391197,7.24302655229303,2.9120855048048564,0.7217922151309982,0.7184327261675685,4
1766226976651230416,7.015964000278152,2.8210977748076536,0.7214688416937345,0.7182251706488787,4
1766226976701239765,6.802872760887535,2.8066689370179905,0.7215039870104484,0.7184370274358279,4
1766226976851227326,7.102272652219077,2.8704624856989254,0.7215407198884338,0.718292115426259,4
1766226976876396765,7.637770822141565,2.592080911612226,0.7224801663996988,0.7183544287879897,4
1766226976902191722,6.89933110679708,2.9606735489446216,0.7213436081888203,0.718359008260604,4
1766226976951237207,6.969647027064374,2.877169501739031,0.7213874063310199,0.7182869076242758,4
1766226976976291049,7.56715185772272,2.4656506963830065,0.7224890210474084,0.7183057387402755,4
1766226977001603388,7.075309545808484,2.5102897939377287,0.722056726859122,0.718338222663763,4
1766226977076437638,7.7902585916990175,2.6324183797559306,0.7224620361747347,0.7182413708219906,4
1766226977151220101,6.79392514358812,2.948690628323424,0.7211807261216471,0.7183401022962735,4
1766226977176241311,7.273923059597731,2.9109921646327197,0.7216458614145087,0.7182886980791261,4
1766226977202202862,7.146089159016489,2.9661853448596345,0.7216458614145087,0.7184228222004628,4
1766226977276232638,7.912381389139966,2.4772775881181106,0.7227846953423765,0.7182355612670986,4
1766226977351218313,7.325747737840116,2.8270998968601604,0.7218258701009846,0.7183091703101642,4
1766226977401512067,7.496487308489508,2.741467658397737,0.7222770986907315,0.7184175172765174,4
1766226977451224888,7.003253334281978,2.829747817268879,0.7214986113458471,0.7182805435745275,4
1766226977476377175,6.965435078399862,2.9781214215193264,0.7212624566477561,0.7182806353622908,4
1766226977502584888,6.929191757926723,2.987855051723847,0.7212624566477561,0.7183145635159423,4
1766226977576237245,5.378623089673851,2.622450902708992,0.7218043803925018,0.718201061364826,4
1766226977651215747,6.593899075830079,2.876517120872764,0.7211411628963511,0.7183892559607191,4
1766226977776416057,6.784239843374729,2.89689708003091,0.7211241134352377,0.718213868162977,4
1766226977801505446,6.689192660523258,2.9071113705199307,0.7211241134352377,0.7183130009876944,4
1766226977851217195,6.827061759015263,2.8862962177881184,0.721240442599781,0.7182397862932208,4
1766226977876253714,7.619272917156472,2.6787000941219095,0.7224240797679203,0.7184344117356525,4
1766226977901560662,6.922995433665258,2.952617835005064,0.7213611761595228,0.7183729215102258,4
1766226977976542390,7.7981954134340725,2.5429161965693616,0.7226438045885349,0.7182342302811329,4
1766226978001995383,6.68977353143263,2.8731124979217117,0.7212747483216555,0.718390467894285,4
1766226978051223322,7.165983039114421,2.74725676313018,0.7218532331799169,0.71838243057171,4
1766226978076427046,7.74569851007012,2.438004105823066,0.7228790268421863,0.7183849790916988,4
1766226978102013530,7.197027935923028,2.902129310195508,0.7217098760966191,0.7183864178213263,4
1766226978151237942,6.540044295115344,2.931182494644624,0.720950257967584,0.7183158174537945,4
1766226978176474207,4.884992921799447,2.9010271524539406,0.7214551375341353,0.718388397804914,4
1766226978251230370,7.222300167725071,2.9851436394750697,0.721629770018058,0.7184348723792934,4
1766226978276472747,5.175171247699506,2.735812108749773,0.7217047030692467,0.7183452935656389,4
1766226978301832364,6.393288346706938,2.572305684331841,0.7213739064909325,0.7184105344236529,4
1766226978376653981,5.073112864914742,2.7386010937119045,0.7216705837891413,0.7183568840533967,4
1766226978402170824,7.009744803863294,2.9365617717773893,0.721505189495433,0.7183559102750038,4
1766226978476270922,7.47318217624271,2.749369713964138,0.7220143748033555,0.7182653775652101,4
1766226978503036696,6.582336307437209,2.940859651506041,0.7210877523228244,0.7183788016945304,4
1766226978576430816,7.388596152116289,2.5784922936661103,0.7220688982863817,0.718152163053328,4
1766226978651221975,6.781396808084206,2.803979106722736,0.7213293703225344,0.7182941860779383,4
1766226978676233046,6.811494091061854,2.823620467897502,0.7213864323840422,0.7183539067710926,4
1766226978703367704,6.7932958719565395,2.834708523485029,0.7213864323840422,0.7183722410841883,4
1766226978751230173,6.621666063441167,2.8929127385615927,0.7210698128683737,0.7183209656109018,4
1766226978776307649,7.427913337065384,2.6583845992408786,0.7223160001072476,0.7184362012096317,4
1766226978851223964,6.8213852110181605,2.8687185972035354,0.721226862175284,0.7182374046680124,4
1766226978876337869,7.085369832377952,2.5426355637586653,0.7220029535482058,0.7183688276525471,4
1766226978901883145,6.094047919623979,2.734860765016167,0.7209145970464353,0.7184431172538583,4
1766226978976340276,5.347828298787105,2.8346332223395745,0.7217280304206513,0.7182712762018044,4
1766226979003137939,6.914147971556983,2.876220394490954,0.7214196440505025,0.7183096917688979,4
1766226979051235461,6.248165753275692,3.0005634664024976,0.7205895562002378,0.7183076211976787,4
1766226979102180580,6.739616745387034,2.9042622653224344,0.7212407264518546,0.7183632974619121,4
1766226979202684932,6.370806801319628,2.768507208524974,0.7211128004415752,0.718386690952946,4
1766226979351243503,7.089016477894061,2.746507673591011,0.7215931818546044,0.7182191582041263,4
1766226979451237154,6.875267648731809,3.0156762528193046,0.7210643656989395,0.7182400895666996,4
1766226979476723900,8.00528119769539,2.6767615319751106,0.7226606397253392,0.7182956783604456,4
1766226979502309833,6.995915530598418,3.1070463140204327,0.7212594966508435,0.7183416539627155,4
1766226979551246003,6.812185087107014,2.8724960678419253,0.7212459733747502,0.7182844495285653,4
1766226979576326986,7.389462741890673,2.749010529609578,0.7221231540062782,0.7183865520826588,4
1766226979602262677,6.771265636552393,3.010199799031941,0.7211680176104784,0.718361944702199,4
1766226979651235105,6.949489893597449,2.7018773144744537,0.7216351086928942,0.7183392343084459,4
1766226979676287454,4.787164766418273,2.701025473781532,0.7213488103563611,0.7181814318144533,4
1766226979702839455,6.6906667452343305,2.728968782174912,0.7214511308421973,0.7183812346315563,4
1766226979751230418,7.145478762788704,3.0464458047456184,0.7213331364442572,0.7182919899723036,4
1766226979776380010,7.542441474318928,2.6900494995942252,0.722299176614164,0.7183433571108317,4
1766226979802609595,6.851369402904206,2.8949104661670755,0.7213972444528007,0.7183779793001285,4
1766226979876576402,4.9588814003479476,2.551419900067308,0.7215855509238289,0.7182748361242413,4
1766226979905061300,6.7312618339745445,2.8708710196784106,0.7212965919740751,0.7183689175802308,4
1766226979951267423,7.222958076268493,2.5721020542464794,0.7220357993182601,0.7182943027024864,4
1766226979976442623,4.90250294027339,2.837865734292701,0.7215901763606679,0.7184626863882011,4
1766226980051238020,6.989656787332321,2.835468233775876,0.7214636253779375,0.7182742294839132,4
1766226980076564505,7.96201514476913,2.7408030035892086,0.7225892774130804,0.7183239845562929,4
1766226980176877156,7.385825309701,2.963982923987389,0.7216223344638344,0.7182220806200991,4
1766226980202205674,7.198611527114207,2.9946126596842104,0.7216223344638344,0.7184133382716116,4
1766226980251230821,6.7305882964077135,2.917912493353783,0.7211096984548008,0.7182709449856334,4
1766226980276404769,8.027112676829319,2.810564831921122,0.722509511945173,0.7182759590481088,4
1766226980303043733,7.214629458441646,2.8832504870856583,0.7216636594745235,0.7183008936162532,4
1766226980351236093,6.907230840129341,2.8659909670468346,0.7213343633575617,0.7182725856034333,4
1766226980376585962,8.176420374490068,3.0016934736434364,0.7226807664936246,0.7184346939427193,4
1766226980403127073,7.356744936542925,3.12577936280423,0.7215539678607978,0.7183726993756405,4
1766226980451236917,7.000897064026623,2.7569833898807614,0.7214929900117111,0.718203150994069,4
1766226980476421565,7.5341846518711675,2.752420098923144,0.722157815017187,0.7183341274776879,4
1766226980502516857,6.427074797105803,2.9785805676778434,0.7208640949988784,0.7183459944092452,4
1766226980551247660,6.8801252176582395,2.853554972207934,0.7213099178859296,0.7182712612262661,4
1766226980577314347,7.752434525633789,2.689372277895251,0.7224863937708441,0.7183082484541148,4
1766226980651242733,6.684966011664795,2.7934115141514413,0.7211735815185205,0.7182380877017651,4
1766226980676679365,7.69894865341092,2.730463533274828,0.7222429602897737,0.7182313537928889,4
1766226980703243559,6.839979828274334,3.0073346686090012,0.7212860468612866,0.7184203513067611,4
1766226980751244258,6.679056580179199,2.9151351722250207,0.7210532860170747,0.7182911391008304,4
1766226980851259649,6.969559318011909,2.852181816666119,0.7213288810967493,0.7181936080388537,4
